ell,Cl,err_Cl,binned
2,4.538320170552086e+22,9.076640341104173e+20,False
3,3.2440135589958796e+22,6.48802711799176e+20,False
4,2.604750651092275e+22,5.20950130218455e+20,False
5,2.216910998930744e+22,4.433821997861488e+20,False
6,1.9530431160452687e+22,3.9060862320905375e+20,False
7,1.7599574794353557e+22,3.5199149588707115e+20,False
8,1.6113881655685344e+22,3.2227763311370686e+20,False
9,1.4928040952495958e+22,2.9856081904991915e+20,False
10,1.395478159035854e+22,2.7909563180717077e+20,False
11,1.3138325244262413e+22,2.6276650488524826e+20,False
12,1.2441239190306785e+22,2.488247838061357e+20,False
13,1.1837395658710446e+22,2.3674791317420894e+20,False
14,1.130795861771268e+22,2.2615917235425362e+20,False
15,1.083897650456399e+22,2.167795300912798e+20,False
16,1.0419875563407936e+22,2.083975112681587e+20,False
17,1.0042482309878635e+22,2.008496461975727e+20,False
18,9.700369421847994e+21,1.940073884369599e+20,False
19,9.388406176729392e+21,1.8776812353458785e+20,False
20,9.102442146107058e+21,1.8204884292214116e+20,False
21,8.839079996013949e+21,1.76781599920279e+20,False
22,8.595509260379577e+21,1.7191018520759157e+20,False
23,8.369382704442328e+21,1.6738765408884657e+20,False
24,8.158722991736217e+21,1.6317445983472435e+20,False
25,7.961851274894463e+21,1.5923702549788928e+20,False
26,7.777331889246195e+21,1.555466377849239e+20,False
27,7.603929037700518e+21,1.5207858075401037e+20,False
28,7.440572518395647e+21,1.4881145036791294e+20,False
29,7.286330350949837e+21,1.4572660701899673e+20,False
30,7.140386721973978e+21,3.5701933609869895e+20,False
31,7.002024072704424e+21,3.5010120363522123e+20,False
32,6.870608441731733e+21,3.4353042208658666e+20,False
33,6.745577387588943e+21,3.372788693794472e+20,False
34,6.626429972298295e+21,3.313214986149148e+20,False
35,6.512718403578885e+21,3.256359201789443e+20,False
36,6.404041021232957e+21,3.202020510616479e+20,False
37,6.300036379964867e+21,3.150018189982433e+20,False
38,6.200378232036863e+21,3.100189116018432e+20,False
39,6.104771252684326e+21,3.052385626342163e+20,False
40,6.012947381975765e+21,3.006473690987883e+20,False
41,5.924662680920337e+21,2.962331340460169e+20,False
42,5.8396946186604e+21,2.9198473093302003e+20,False
43,5.757839722706001e+21,2.8789198613530008e+20,False
44,5.678911536249618e+21,2.839455768124809e+20,False
45,5.602738836309014e+21,2.8013694181545073e+20,False
46,5.529164074291792e+21,2.7645820371458962e+20,False
47,5.458042006947559e+21,2.7290210034737794e+20,False
48,5.389238490875257e+21,2.6946192454376286e+20,False
49,5.322629418018635e+21,2.6613147090093176e+20,False
50,5.258099773096859e+21,2.6290498865484294e+20,False
51,5.195542796824219e+21,2.5977713984121094e+20,False
52,5.134859241187815e+21,2.5674296205939075e+20,False
53,5.075956705066198e+21,2.5379783525330993e+20,False
54,5.018749040157736e+21,2.509374520078868e+20,False
55,4.963155818604116e+21,2.481577909302058e+20,False
56,4.909101854888603e+21,2.4545509274443016e+20,False
57,4.856516775598705e+21,2.4282583877993523e+20,False
58,4.805334631500408e+21,2.4026673157502042e+20,False
59,4.755493547100686e+21,2.377746773550343e+20,False
60,4.706935403498133e+21,2.3534677017490666e+20,False
61,4.6596055508550654e+21,2.3298027754275327e+20,False
62,4.613452547282423e+21,2.3067262736412115e+20,False
63,4.5684279213231886e+21,2.2842139606615943e+20,False
64,4.5244859555604144e+21,2.2622429777802075e+20,False
65,4.4815834891704855e+21,2.240791744585243e+20,False
66,4.439679737497639e+21,2.2198398687488197e+20,False
67,4.3987361269479894e+21,2.199368063473995e+20,False
68,4.358716143694739e+21,2.1793580718473698e+20,False
69,4.3195851948553614e+21,2.1597925974276807e+20,False
70,4.2813104809494e+21,2.1406552404747e+20,False
71,4.243860878575313e+21,2.1219304392876566e+20,False
72,4.207206832358742e+21,2.103603416179371e+20,False
73,4.171320255324977e+21,2.0856601276624886e+20,False
74,4.136174436936907e+21,2.0680872184684537e+20,False
75,4.1017439581180107e+21,2.0508719790590054e+20,False
76,4.0680046126491736e+21,2.0340023063245868e+20,False
77,4.0349333343896003e+21,2.0174666671948002e+20,False
78,4.002508129826635e+21,2.001254064913318e+20,False
79,3.9707080155078334e+21,1.9853540077539167e+20,False
80,3.939512959952012e+21,1.969756479976006e+20,False
81,3.9089038296744843e+21,1.9544519148372423e+20,False
82,3.8788623389963736e+21,1.939431169498187e+20,False
83,3.849371003338704e+21,1.924685501669352e+20,False
84,3.820413095729755e+21,1.9102065478648778e+20,False
85,3.791972606278993e+21,1.8959863031394966e+20,False
86,3.7640342043933016e+21,1.8820171021966508e+20,False
87,3.736583203531323e+21,1.8682916017656614e+20,False
88,3.7096055283099034e+21,1.8548027641549518e+20,False
89,3.6830876837928936e+21,1.841543841896447e+20,False
90,3.657016726807442e+21,1.828508363403721e+20,False
91,3.6313802391461545e+21,1.8156901195730774e+20,False
92,3.6061663025256e+21,1.8030831512628e+20,False
93,3.5813634751825497e+21,1.790681737591275e+20,False
94,3.556960769999214e+21,1.7784803849996072e+20,False
95,3.5329476340576624e+21,1.766473817028831e+20,False
96,3.509313929531743e+21,1.7546569647658716e+20,False
97,3.48604991583212e+21,1.74302495791606e+20,False
98,3.4631462329267105e+21,1.7315731164633553e+20,False
99,3.440593885764763e+21,1.7202969428823818e+20,False
100,3.4183842297382935e+21,1.7091921148691467e+20,False
101,3.396508957119435e+21,1.6982544785597176e+20,False
102,3.37496008441671e+21,1.687480042208355e+20,False
103,3.353729940597127e+21,1.6768649702985636e+20,False
104,3.3328111561246355e+21,1.6664055780623178e+20,False
105,3.3121966527685575e+21,1.656098326384279e+20,False
106,3.291879634138435e+21,1.6459398170692177e+20,False
107,3.2718535769042657e+21,1.6359267884521328e+20,False
108,3.252112222663194e+21,1.626056111331597e+20,False
109,3.232649570415668e+21,1.616324785207834e+20,False
110,3.2134598696156644e+21,1.6067299348078323e+20,False
111,3.194537613760972e+21,1.597268806880486e+20,False
112,3.175877534490633e+21,1.5879387672453166e+20,False
113,3.1574745961576173e+21,1.5787372980788088e+20,False
114,3.1393239908454514e+21,1.569661995422726e+20,False
115,3.1214211337981274e+21,1.560710566899064e+20,False
116,3.1037616592329135e+21,1.5518808296164567e+20,False
117,3.086341416505911e+21,1.5431707082529554e+20,False
118,3.0691564666002746e+21,1.5345782333001374e+20,False
119,3.0522030789068377e+21,1.526101539453419e+20,False
120,3.035477728266793e+21,1.5177388641333966e+20,False
121,3.018977092245672e+21,1.509488546122836e+20,False
122,3.0026980486074823e+21,1.5013490243037413e+20,False
123,2.986637672957412e+21,1.493318836478706e+20,False
124,2.9707932365209076e+21,1.4853966182604538e+20,False
125,2.9551622040263684e+21,1.4775811020131844e+20,False
126,2.9397422316580404e+21,1.4698711158290203e+20,False
127,2.924531165045116e+21,1.462265582522558e+20,False
128,2.909527037252301e+21,1.4547635186261505e+20,False
129,2.894728066736592e+21,1.447364033368296e+20,False
130,2.880132655234349e+21,1.4400663276171746e+20,False
131,2.865739385542285e+21,1.4328696927711425e+20,False
132,2.851547019155483e+21,1.4257735095777414e+20,False
133,2.8375544937252625e+21,1.4187772468626312e+20,False
134,2.823760920299417e+21,1.4118804601497086e+20,False
135,2.8101655803073093e+21,1.4050827901536548e+20,False
136,2.79676792225229e+21,1.3983839611261452e+20,False
137,2.783567558074199e+21,1.3917837790370996e+20,False
138,2.77056425914508e+21,1.38528212957254e+20,False
139,2.757757951861882e+21,1.3788789759309411e+20,False
140,2.7451487128008115e+21,1.3725743564004059e+20,False
141,2.732736763399023e+21,1.3663683816995116e+20,False
142,2.7205224641307953e+21,1.3602612320653977e+20,False
143,2.7085063081469144e+21,1.3542531540734573e+20,False
144,2.6966889143479283e+21,1.3483444571739642e+20,False
145,2.6850710198641607e+21,1.3425355099320805e+20,False
146,2.673653471917914e+21,1.3368267359589571e+20,False
147,2.6624372190461166e+21,1.3312186095230583e+20,False
148,2.6514233016648346e+21,1.3257116508324174e+20,False
149,2.6406128419605494e+21,1.3203064209802748e+20,False
150,2.630007033096901e+21,1.3150035165484507e+20,False
151,2.619607127729682e+21,1.3098035638648411e+20,False
152,2.6094144258272935e+21,1.3047072129136468e+20,False
153,2.599430261798586e+21,1.2997151308992931e+20,False
154,2.589655990934943e+21,1.2948279954674714e+20,False
155,2.5800929751787546e+21,1.2900464875893773e+20,False
156,2.5707425682358723e+21,1.2853712841179362e+20,False
157,2.5616061000553233e+21,1.2808030500276617e+20,False
158,2.552684860705456e+21,1.2763424303527282e+20,False
159,2.54398008368167e+21,1.2719900418408351e+20,False
160,2.5354929286870535e+21,1.2677464643435268e+20,False
161,2.5272244639334405e+21,1.2636122319667203e+20,False
162,2.5191756480166437e+21,1.259587824008322e+20,False
163,2.511347311425826e+21,1.2556736557129132e+20,False
164,2.503740137753181e+21,1.2518700688765904e+20,False
165,2.4963546446760924e+21,1.2481773223380463e+20,False
166,2.4891911647898606e+21,1.2445955823949303e+20,False
167,2.482249826374733e+21,1.2411249131873665e+20,False
168,2.4755305341863623e+21,1.2377652670931812e+20,False
169,2.469032950363896e+21,1.234516475181948e+20,False
170,2.4627564755545285e+21,1.2313782377772643e+20,False
171,2.456700230357605e+21,1.2283501151788027e+20,False
172,2.450863037195077e+21,1.2254315185975384e+20,False
173,2.4452434027182566e+21,1.2226217013591284e+20,False
174,2.439839500863427e+21,1.2199197504317135e+20,False
175,2.434649156670696e+21,1.217324578335348e+20,False
176,2.429669830981748e+21,1.214834915490874e+20,False
177,2.4248986061325777e+21,1.212449303066289e+20,False
178,2.4203321727569143e+21,1.2101660863784572e+20,False
179,2.415966817814988e+21,1.2079834089074942e+20,False
180,2.4117984139602e+21,1.2058992069801e+20,False
181,2.4078224103534457e+21,1.2039112051767229e+20,False
182,2.404033825031082e+21,1.202016912515541e+20,False
183,2.4004272389278605e+21,1.2002136194639303e+20,False
184,2.396996791650663e+21,1.1984983958253316e+20,False
185,2.393736179092372e+21,1.196868089546186e+20,False
186,2.390638652967983e+21,1.1953193264839916e+20,False
187,2.3876970223468534e+21,1.1938485111734267e+20,False
188,2.384903657246012e+21,1.1924518286230061e+20,False
189,2.3822504943397115e+21,1.1911252471698558e+20,False
190,2.379729044829851e+21,1.1898645224149256e+20,False
191,2.377330404510741e+21,1.1886652022553705e+20,False
192,2.3750452660498386e+21,1.1875226330249193e+20,False
193,2.372863933493711e+21,1.1864319667468557e+20,False
194,2.3707763389956306e+21,1.1853881694978153e+20,False
195,2.368772061747954e+21,1.1843860308739772e+20,False
196,2.366840349088856e+21,1.183420174544428e+20,False
197,2.3649701397392607e+21,1.1824850698696304e+20,False
198,2.36315008911186e+21,1.1815750445559302e+20,False
199,2.3613685966202586e+21,1.1806842983101294e+20,False
200,2.3596138349024473e+21,1.1798069174512237e+20,False
201,2.3578737808592006e+21,1.1789368904296004e+20,False
202,2.3561362483947047e+21,1.1780681241973524e+20,False
203,2.3543889227338393e+21,1.1771944613669197e+20,False
204,2.352619396178162e+21,1.176309698089081e+20,False
205,2.35081520515097e+21,1.1754076025754852e+20,False
206,2.3489638683707973e+21,1.1744819341853988e+20,False
207,2.347052925982572e+21,1.1735264629912861e+20,False
208,2.3450699794664593e+21,1.1725349897332297e+20,False
209,2.3430027321362298e+21,1.1715013660681149e+20,False
210,2.3408390300319015e+21,1.1704195150159508e+20,False
211,2.3385669030055033e+21,1.1692834515027517e+20,False
212,2.3361746057941667e+21,1.1680873028970834e+20,False
213,2.3336506588713952e+21,1.1668253294356976e+20,False
214,2.3309838888653347e+21,1.1654919444326674e+20,False
215,2.3281634683322884e+21,1.1640817341661443e+20,False
216,2.3251789546744963e+21,1.1625894773372482e+20,False
217,2.3220203279934064e+21,1.1610101639967033e+20,False
218,2.3186780276733434e+21,1.1593390138366717e+20,False
219,2.315142987495514e+21,1.157571493747757e+20,False
220,2.3114066690887645e+21,1.1557033345443824e+20,False
221,2.3074610935313416e+21,1.1537305467656708e+20,False
222,2.3032988709269993e+21,1.1516494354634998e+20,False
223,2.2989132277892613e+21,1.1494566138946308e+20,False
224,2.2942980320791765e+21,1.1471490160395883e+20,False
225,2.2894478157546434e+21,1.1447239078773218e+20,False
226,2.284357794703103e+21,1.1421788973515515e+20,False
227,2.2790238859440525e+21,1.1395119429720264e+20,False
228,2.273442722003319e+21,1.1367213610016596e+20,False
229,2.2676116623772103e+21,1.1338058311886052e+20,False
230,2.2615288020214672e+21,1.1307644010107337e+20,False
231,2.2551929768171626e+21,1.1275964884085814e+20,False
232,2.2486037659833113e+21,1.1243018829916556e+20,False
233,2.2417614914237167e+21,1.1208807457118585e+20,False
234,2.2346672140134766e+21,1.1173336070067384e+20,False
235,2.2273227268483881e+21,1.113661363424194e+20,False
236,2.2197305454980728e+21,1.1098652727490365e+20,False
237,2.2118938953209975e+21,1.1059469476604989e+20,False
238,2.2038166959163504e+21,1.1019083479581753e+20,False
239,2.1955035428040732e+21,1.0977517714020367e+20,False
240,2.1869596864398597e+21,1.0934798432199298e+20,False
241,2.1781910086867854e+21,1.0890955043433927e+20,False
242,2.1692039968790172e+21,1.0846019984395087e+20,False
243,2.160005715625998e+21,1.080002857812999e+20,False
244,2.1506037765172025e+21,1.0753018882586013e+20,False
245,2.141006305898216e+21,1.070503152949108e+20,False
246,2.1312219108982152e+21,1.0656109554491077e+20,False
247,2.1212596438970251e+21,1.0606298219485127e+20,False
248,2.1111289656266525e+21,1.0555644828133263e+20,False
249,2.1008397071075624e+21,1.0504198535537813e+20,False
250,2.0904020306239404e+21,1.0452010153119703e+20,False
251,2.0798263899447417e+21,1.0399131949723709e+20,False
252,2.0691234899985134e+21,1.0345617449992567e+20,False
253,2.0583042462097463e+21,1.0291521231048732e+20,False
254,2.0473797437029422e+21,1.0236898718514712e+20,False
255,2.036361196577664e+21,1.0181805982888321e+20,False
256,2.0252599074536547e+21,1.0126299537268274e+20,False
257,2.014087227479704e+21,1.0070436137398521e+20,False
258,2.0028545169933334e+21,1.0014272584966668e+20,False
259,1.9915731070107412e+21,9.957865535053706e+19,False
260,1.9802542617177274e+21,9.901271308588638e+19,False
261,1.9689091421227616e+21,9.844545710613809e+19,False
262,1.9575487710228702e+21,9.787743855114351e+19,False
263,1.946183999421893e+21,9.730919997109466e+19,False
264,1.9348254745288216e+21,9.67412737264411e+19,False
265,1.9234836094516005e+21,9.617418047258003e+19,False
266,1.9121685546890116e+21,9.560842773445059e+19,False
267,1.9008901715101617e+21,9.504450857550809e+19,False
268,1.8896580072977817e+21,9.44829003648891e+19,False
269,1.8784812729181353e+21,9.392406364590676e+19,False
270,1.8673688221668763e+21,9.336844110834382e+19,False
271,1.8563291333268828e+21,9.281645666634414e+19,False
272,1.8453702928608786e+21,9.226851464304394e+19,False
273,1.8344999812488013e+21,9.172499906244007e+19,False
274,1.8237254609673129e+21,9.118627304836565e+19,False
275,1.8130535665967618e+21,9.06526783298381e+19,False
276,1.8024906970292997e+21,9.012453485146499e+19,False
277,1.7920428097408674e+21,8.960214048704338e+19,False
278,1.7817154170793744e+21,8.908577085396872e+19,False
279,1.7715135845117143e+21,8.857567922558573e+19,False
280,1.7614419307633186e+21,8.807209653816594e+19,False
281,1.7515046297757672e+21,8.757523148878837e+19,False
282,1.7417054144006028e+21,8.708527072003015e+19,False
283,1.732047581740945e+21,8.660237908704726e+19,False
284,1.7225340000468004e+21,8.612670000234003e+19,False
285,1.713167117065065e+21,8.565835585325326e+19,False
286,1.7039489697412505e+21,8.519744848706252e+19,False
287,1.6948811951667177e+21,8.474405975833589e+19,False
288,1.6859650426629084e+21,8.429825213314543e+19,False
289,1.677201386892459e+21,8.386006934462295e+19,False
290,1.6685907418863528e+21,8.342953709431764e+19,False
291,1.6601332758762236e+21,8.300666379381118e+19,False
292,1.6518288268216285e+21,8.259144134108144e+19,False
293,1.643676918523469e+21,8.218384592617346e+19,False
294,1.6356767772167737e+21,8.178383886083868e+19,False
295,1.6278273485386199e+21,8.1391367426931e+19,False
296,1.6201273147701293e+21,8.100636573850647e+19,False
297,1.6125751122550868e+21,8.062875561275435e+19,False
298,1.6051689489018205e+21,8.025844744509102e+19,False
299,1.597906821679397e+21,7.989534108396985e+19,False
300,1.5907865340240158e+21,7.953932670120079e+19,False
301,1.5838057130765383e+21,7.919028565382691e+19,False
302,1.576961826677371e+21,7.884809133386855e+19,False
303,1.5702522000504382e+21,7.851261000252192e+19,False
304,1.5636740321135703e+21,7.818370160567851e+19,False
305,1.5572244113583172e+21,7.786122056791587e+19,False
306,1.5509003312479477e+21,7.75450165623974e+19,False
307,1.5446987050881004e+21,7.723493525440502e+19,False
308,1.5386163803302357e+21,7.693081901651178e+19,False
309,1.532650152273623e+21,7.663250761368116e+19,False
310,1.5267967771370733e+21,7.633983885685367e+19,False
311,1.5210529844769349e+21,7.605264922384674e+19,False
312,1.5154154889330127e+21,7.577077444665064e+19,False
313,1.5098810012890064e+21,7.549405006445032e+19,False
314,1.504446238838753e+21,7.522231194193766e+19,False
315,1.4991079350540223e+21,7.495539675270111e+19,False
316,1.4938628485538086e+21,7.469314242769043e+19,False
317,1.488707771378966e+21,7.44353885689483e+19,False
318,1.4836395365796854e+21,7.418197682898428e+19,False
319,1.4786550251266318e+21,7.39327512563316e+19,False
320,1.473751172159614e+21,7.36875586079807e+19,False
321,1.4689249725904113e+21,7.3446248629520564e+19,False
322,1.464173486078827e+21,7.3208674303941345e+19,False
323,1.4594938414031946e+21,7.297469207015974e+19,False
324,1.4548832402484534e+21,7.274416201242267e+19,False
325,1.4503389604364833e+21,7.251694802182417e+19,False
326,1.4458583586247284e+21,7.2292917931236426e+19,False
327,1.441438872500211e+21,7.207194362501055e+19,False
328,1.4370780224968186e+21,7.185390112484093e+19,False
329,1.4327734130643968e+21,7.163867065321984e+19,False
330,1.428522733518469e+21,7.142613667592345e+19,False
331,1.4243237584996218e+21,7.121618792498109e+19,False
332,1.4201743480715286e+21,7.1008717403576435e+19,False
333,1.4160724474863944e+21,7.080362237431972e+19,False
334,1.412016086646217e+21,7.0600804332310856e+19,False
335,1.4080033792877737e+21,7.040016896438868e+19,False
336,1.4040325219185708e+21,7.020162609592854e+19,False
337,1.4001017925302802e+21,7.0005089626514014e+19,False
338,1.3962095491152866e+21,6.981047745576433e+19,False
339,1.3923542280110835e+21,6.961771140055418e+19,False
340,1.3885343420962156e+21,6.942671710481079e+19,False
341,1.3847484788604233e+21,6.923742394302117e+19,False
342,1.3809952983705332e+21,6.9049764918526665e+19,False
343,1.377273531152505e+21,6.886367655762525e+19,False
344,1.3735819760089028e+21,6.8679098800445145e+19,False
345,1.369919497789862e+21,6.84959748894931e+19,False
346,1.3662850251345038e+21,6.831425125672519e+19,False
347,1.3626775481985472e+21,6.8133877409927365e+19,False
348,1.3590961163827644e+21,6.795480581913822e+19,False
349,1.3555398360757924e+21,6.777699180378962e+19,False
350,1.3520078684237267e+21,6.7600393421186335e+19,False
351,1.348499427137891e+21,6.742497135689456e+19,False
352,1.3450137763511387e+21,6.725068881755694e+19,False
353,1.3415502285321006e+21,6.707751142660503e+19,False
354,1.3381081424658673e+21,6.690540712329337e+19,False
355,1.334686921308711e+21,6.673434606543555e+19,False
356,1.3312860107236618e+21,6.6564300536183095e+19,False
357,1.3279048971029593e+21,6.639524485514797e+19,False
358,1.3245431058827109e+21,6.622715529413555e+19,False
359,1.3212001999544123e+21,6.606000999772062e+19,False
360,1.3178757781774008e+21,6.589378890887004e+19,False
361,1.314569473995733e+21,6.572847369978665e+19,False
362,1.3112809541625e+21,6.5564047708125e+19,False
363,1.3080099175741323e+21,6.540049587870662e+19,False
364,1.3047560942168234e+21,6.523780471084117e+19,False
365,1.3015192442268893e+21,6.507596221134447e+19,False
366,1.298299157066496e+21,6.49149578533248e+19,False
367,1.2950956508159824e+21,6.475478254079912e+19,False
368,1.291908571583704e+21,6.45954285791852e+19,False
369,1.2887377930341675e+21,6.443688965170838e+19,False
370,1.2855832160350215e+21,6.427916080175107e+19,False
371,1.28244476842334e+21,6.4122238421167e+19,False
372,1.2793224048915062e+21,6.396612024457531e+19,False
373,1.2762161069929194e+21,6.3810805349645976e+19,False
374,1.2731258832676525e+21,6.365629416338263e+19,False
375,1.2700517694881338e+21,6.35025884744067e+19,False
376,1.266993829024874e+21,6.334969145124371e+19,False
377,1.263952153332215e+21,6.319760766661075e+19,False
378,1.26092686255403e+21,6.3046343127701496e+19,False
379,1.2579181062492898e+21,6.2895905312464495e+19,False
380,1.2549260642373473e+21,6.274630321186737e+19,False
381,1.2519509475627696e+21,6.259754737813848e+19,False
382,1.248992999579497e+21,6.2449649978974855e+19,False
383,1.2460524971540393e+21,6.230262485770197e+19,False
384,1.243129751987368e+21,6.2156487599368405e+19,False
385,1.240225112055052e+21,6.20112556027526e+19,False
386,1.2373389631651143e+21,6.186694815825572e+19,False
387,1.2344717306329283e+21,6.1723586531646415e+19,False
388,1.2316238810723556e+21,6.158119405361778e+19,False
389,1.2287959243021253e+21,6.143979621510627e+19,False
390,1.2259884153662957e+21,6.1299420768314786e+19,False
391,1.2232019566673663e+21,6.116009783336832e+19,False
392,1.2204372002103854e+21,6.102186001051927e+19,False
393,1.217694849956094e+21,6.08847424978047e+19,False
394,1.2149756642808132e+21,6.074878321404066e+19,False
395,1.2122804585404417e+21,6.061402292702209e+19,False
396,1.209610107735519e+21,6.048050538677595e+19,False
397,1.2069655492738823e+21,6.0348277463694115e+19,False
398,1.2043477858269704e+21,6.0217389291348525e+19,False
399,1.2017578882753243e+21,6.008789441376622e+19,False
400,1.1991969987382828e+21,5.9959849936914145e+19,False
401,1.1966663336822815e+21,5.9833316684114076e+19,False
402,1.1941671871015451e+21,5.970835935507726e+19,False
403,1.1917009337642957e+21,5.958504668821479e+19,False
404,1.1892690325169027e+21,5.946345162584514e+19,False
405,1.1868730296376641e+21,5.934365148188321e+19,False
406,1.1845145622311375e+21,5.922572811155688e+19,False
407,1.18219536165314e+21,5.9109768082657e+19,False
408,1.1799172569556991e+21,5.899586284778496e+19,False
409,1.1776821783403856e+21,5.888410891701928e+19,False
410,1.175492160607555e+21,5.8774608030377755e+19,False
411,1.1733493465881357e+21,5.866746732940679e+19,False
412,1.1712559905436635e+21,5.856279952718318e+19,False
413,1.1692144615193206e+21,5.846072307596603e+19,False
414,1.1672272466337884e+21,5.836136233168942e+19,False
415,1.1652969542887662e+21,5.826484771443832e+19,False
416,1.1634263172800405e+21,5.817131586400203e+19,False
417,1.1616181957910457e+21,5.808090978955229e+19,False
418,1.1598755802489038e+21,5.799377901244519e+19,False
419,1.1582015940220146e+21,5.791007970110073e+19,False
420,1.1565994959373403e+21,5.782997479686702e+19,False
421,1.1550726825946863e+21,5.775363412973432e+19,False
422,1.1536246904544113e+21,5.768123452272057e+19,False
423,1.152259197674222e+21,5.76129598837111e+19,False
424,1.1509800256699702e+21,5.754900128349851e+19,False
425,1.1497911403746685e+21,5.748955701873343e+19,False
426,1.1486966531693536e+21,5.7434832658467684e+19,False
427,1.1477008214588722e+21,5.738504107294361e+19,False
428,1.1468080488652172e+21,5.734040244326086e+19,False
429,1.1460228850106899e+21,5.7301144250534494e+19,False
430,1.1453500248629067e+21,5.726750124314534e+19,False
431,1.1447943076135169e+21,5.723971538067585e+19,False
432,1.1443607150624961e+21,5.721803575312481e+19,False
433,1.1440543694799531e+21,5.720271847399766e+19,False
434,1.1438805309176641e+21,5.719402654588321e+19,False
435,1.1438445939429068e+21,5.719222969714534e+19,False
436,1.1439520837677125e+21,5.719760418838563e+19,False
437,1.1442086517473688e+21,5.721043258736844e+19,False
438,1.1446200702228407e+21,5.723100351114204e+19,False
439,1.1451922266828471e+21,5.725961133414236e+19,False
440,1.1459311172225158e+21,5.729655586112579e+19,False
441,1.1468428392769746e+21,5.734214196384874e+19,False
442,1.1479335836097947e+21,5.739667918048974e+19,False
443,1.1492096255380028e+21,5.746048127690015e+19,False
444,1.1506773153773525e+21,5.753386576886763e+19,False
445,1.1523430680937103e+21,5.761715340468552e+19,False
446,1.1542133521487916e+21,5.771066760743958e+19,False
447,1.156294677531039e+21,5.781473387655195e+19,False
448,1.1585935829652126e+21,5.792967914826063e+19,False
449,1.1611166222971887e+21,5.805583111485944e+19,False
450,1.1638703500536379e+21,5.81935175026819e+19,False
451,1.166861306179557e+21,5.834306530897786e+19,False
452,1.170095999960128e+21,5.85047999980064e+19,False
453,1.173580893137069e+21,5.867904465685345e+19,False
454,1.1773223822334359e+21,5.88661191116718e+19,False
455,1.1813267801048343e+21,5.906633900524172e+19,False
456,1.1856002967390905e+21,5.928001483695453e+19,False
457,1.1901490193306702e+21,5.950745096653351e+19,False
458,1.1949788916604535e+21,5.974894458302267e+19,False
459,1.2000956928159095e+21,6.000478464079548e+19,False
460,1.2055050152911891e+21,6.027525076455946e+19,False
461,1.2112122425112003e+21,6.056061212556001e+19,False
462,1.217222525828303e+21,6.086112629141515e+19,False
463,1.2235407610448265e+21,6.117703805224133e+19,False
464,1.2301715645191695e+21,6.150857822595848e+19,False
465,1.2371192489177708e+21,6.1855962445888545e+19,False
466,1.2443877986796773e+21,6.221938993398387e+19,False
467,1.2519808452647896e+21,6.259904226323948e+19,False
468,1.259901642261114e+21,6.299508211305571e+19,False
469,1.2681530404304296e+21,6.340765202152148e+19,False
470,1.2767374627756908e+21,6.383687313878454e+19,False
471,1.285656879717199e+21,6.428284398585996e+19,False
472,1.2949127844680468e+21,6.474563922340234e+19,False
473,1.3045061687025585e+21,6.522530843512793e+19,False
474,1.3144374986143776e+21,6.572187493071888e+19,False
475,1.3247066914634442e+21,6.623533457317221e+19,False
476,1.3353130927133958e+21,6.676565463566979e+19,False
477,1.3462554538627936e+21,6.7312772693139685e+19,False
478,1.3575319110750886e+21,6.787659555375443e+19,False
479,1.3691399647133143e+21,6.845699823566572e+19,False
480,1.381076459886128e+21,6.90538229943064e+19,False
481,1.3933375681119962e+21,6.966687840559981e+19,False
482,1.405918770208004e+21,7.029593851040021e+19,False
483,1.418814840508957e+21,7.094074202544786e+19,False
484,1.4320198325211234e+21,7.160099162605617e+19,False
485,1.4455270661130897e+21,7.227635330565449e+19,False
486,1.459329116343843e+21,7.2966455817192145e+19,False
487,1.4734178040252122e+21,7.367089020126061e+19,False
488,1.4877841881123463e+21,7.438920940561732e+19,False
489,1.502418560011846e+21,7.51209280005923e+19,False
490,1.5173104398925855e+21,7.586552199462928e+19,False
491,1.5324485750791125e+21,7.662242875395564e+19,False
492,1.5478209406018553e+21,7.739104703009278e+19,False
493,1.5634147419721499e+21,7.81707370986075e+19,False
494,1.5792164202434037e+21,7.89608210121702e+19,False
495,1.5952116594124936e+21,7.976058297062469e+19,False
496,1.6113853962078197e+21,8.056926981039099e+19,False
497,1.6277218323023394e+21,8.138609161511697e+19,False
498,1.6442044489813087e+21,8.221022244906544e+19,False
499,1.6608160242855898e+21,8.30408012142795e+19,False
500,1.6775386526420548e+21,8.387693263210275e+19,False
501,1.6943537669830347e+21,8.471768834915174e+19,False
502,1.7112421633468937e+21,8.556210816734469e+19,False
503,1.728184027941694e+21,8.64092013970847e+19,False
504,1.745158966643625e+21,8.725794833218126e+19,False
505,1.762146036891446e+21,8.810730184457229e+19,False
506,1.7791237819276704e+21,8.895618909638353e+19,False
507,1.796070267326667e+21,8.980351336633336e+19,False
508,1.8129631197392926e+21,9.064815598696464e+19,False
509,1.829779567773245e+21,9.148897838866226e+19,False
510,1.846496484917929e+21,9.232482424589646e+19,False
511,1.8630904344125094e+21,9.315452172062548e+19,False
512,1.879537715945867e+21,9.397688579729336e+19,False
513,1.8958144140675766e+21,9.479072070337883e+19,False
514,1.9118964481796958e+21,9.559482240898479e+19,False
515,1.9277596239703292e+21,9.638798119851647e+19,False
516,1.9433796861414594e+21,9.716898430707297e+19,False
517,1.958732372275652e+21,9.793661861378261e+19,False
518,1.973793467678873e+21,9.868967338394367e+19,False
519,1.9885388610299182e+21,9.942694305149592e+19,False
520,2.0029446006608303e+21,1.0014723003304152e+20,False
521,2.0169869512872975e+21,1.0084934756436489e+20,False
522,2.0306424510033601e+21,1.0153212255016801e+20,False
523,2.043887968350803e+21,1.0219439841754015e+20,False
524,2.0567007592705622e+21,1.0283503796352811e+20,False
525,2.0690585237411523e+21,1.0345292618705763e+20,False
526,2.0809394619077183e+21,1.0404697309538592e+20,False
527,2.0923223295047434e+21,1.0461611647523717e+20,False
528,2.1031864923757737e+21,1.051593246187887e+20,False
529,2.1135119798947466e+21,1.0567559899473733e+20,False
530,2.123279537095611e+21,1.0616397685478056e+20,False
531,2.1324706753199546e+21,1.0662353376599774e+20,False
532,2.1410677211962524e+21,1.0705338605981263e+20,False
533,2.1490538637691304e+21,1.0745269318845653e+20,False
534,2.1564131996027037e+21,1.0782065998013519e+20,False
535,2.1631307756885293e+21,1.0815653878442648e+20,False
536,2.1691926299960347e+21,1.0845963149980174e+20,False
537,2.1745858295113803e+21,1.0872929147556902e+20,False
538,2.1792985056195751e+21,1.0896492528097876e+20,False
539,2.1833198866942234e+21,1.0916599433471119e+20,False
540,2.1866403277695264e+21,1.0933201638847632e+20,False
541,2.1892513371800074e+21,1.0946256685900038e+20,False
542,2.1911456000648696e+21,1.0955728000324349e+20,False
543,2.192316998645835e+21,1.0961584993229177e+20,False
544,2.1927606291996824e+21,1.0963803145998413e+20,False
545,2.192472815659549e+21,1.0962364078297745e+20,False
546,2.191451119792122e+21,1.095725559896061e+20,False
547,2.1896943479112713e+21,1.0948471739556358e+20,False
548,2.1872025541022513e+21,1.0936012770511258e+20,False
549,2.1839770399443187e+21,1.0919885199721595e+20,False
550,2.1800203507333703e+21,1.0900101753666852e+20,False
551,2.1753362682200109e+21,1.0876681341100055e+20,False
552,2.169929799892109e+21,1.0849648999460546e+20,False
553,2.1638071648444767e+21,1.0819035824222385e+20,False
554,2.1569757762916007e+21,1.0784878881458004e+20,False
555,2.1494442207924503e+21,1.0747221103962253e+20,False
556,2.1412222342690083e+21,1.0706111171345043e+20,False
557,2.1323206749125503e+21,1.0661603374562751e+20,False
558,2.122751493083437e+21,1.0613757465417186e+20,False
559,2.1125276983215312e+21,1.0562638491607656e+20,False
560,2.10166332359502e+21,1.05083166179751e+20,False
561,2.0901733869255417e+21,1.045086693462771e+20,False
562,2.0780738505368663e+21,1.0390369252684333e+20,False
563,2.0653815776831086e+21,1.0326907888415544e+20,False
564,2.0521142873203152e+21,1.0260571436601577e+20,False
565,2.038290506792442e+21,1.0191452533962211e+20,False
566,2.0239295227089865e+21,1.0119647613544933e+20,False
567,2.0090513301970401e+21,1.0045256650985202e+20,False
568,1.993676580715077e+21,9.968382903575387e+19,False
569,1.977826528619503e+21,9.889132643097516e+19,False
570,1.961522976677833e+21,9.807614883389165e+19,False
571,1.9447882207242384e+21,9.723941103621192e+19,False
572,1.927644993654282e+21,9.63822496827141e+19,False
573,1.910116408955749e+21,9.550582044778745e+19,False
574,1.8922259039717855e+21,9.461129519858929e+19,False
575,1.8739971830909357e+21,9.369985915454679e+19,False
576,1.8554541610562258e+21,9.27727080528113e+19,False
577,1.836620906582202e+21,9.18310453291101e+19,False
578,1.8175215864647736e+21,9.08760793232387e+19,False
579,1.798180410363906e+21,8.990902051819531e+19,False
580,1.7786215764337078e+21,8.89310788216854e+19,False
581,1.758869217968236e+21,8.79434608984118e+19,False
582,1.738947351224516e+21,8.694736756122581e+19,False
583,1.7188798245768607e+21,8.594399122884303e+19,False
584,1.698690269148561e+21,8.493451345742805e+19,False
585,1.678402051058611e+21,8.392010255293055e+19,False
586,1.658038225412184e+21,8.29019112706092e+19,False
587,1.6376214921543035e+21,8.188107460771517e+19,False
588,1.617174153896522e+21,8.08587076948261e+19,False
589,1.5967180758165244e+21,7.983590379082623e+19,False
590,1.5762746477204325e+21,7.881373238602162e+19,False
591,1.5558647483473162e+21,7.779323741736582e+19,False
592,1.5355087119849803e+21,7.677543559924901e+19,False
593,1.515226297455672e+21,7.57613148727836e+19,False
594,1.4950366595198508e+21,7.475183297599254e+19,False
595,1.4749583227357723e+21,7.374791613678862e+19,False
596,1.4550091578022908e+21,7.275045789011454e+19,False
597,1.4352063604021513e+21,7.176031802010757e+19,False
598,1.4155664325530126e+21,7.077832162765063e+19,False
599,1.3961051664637588e+21,6.980525832318794e+19,False
600,1.3768376308841487e+21,6.884188154420743e+19,False
601,1.3577781599267541e+21,6.788890799633771e+19,False
602,1.338940344331323e+21,6.694701721656616e+19,False
603,1.320337025133327e+21,6.601685125666635e+19,False
604,1.301980289690476e+21,6.50990144845238e+19,False
605,1.283881470013441e+21,6.419407350067206e+19,False
606,1.2660511433399814e+21,6.330255716699908e+19,False
607,1.2484991348850853e+21,6.242495674425427e+19,False
608,1.231234522693683e+21,6.156172613468416e+19,False
609,1.2142656445169284e+21,6.071328222584642e+19,False
610,1.1976001066280472e+21,5.988000533140236e+19,False
611,1.181244794489247e+21,5.906223972446236e+19,False
612,1.1652058851772659e+21,5.82602942588633e+19,False
613,1.1494888614717151e+21,5.747444307358576e+19,False
614,1.1340985275075195e+21,5.670492637537598e+19,False
615,1.1190390258904214e+21,5.595195129452107e+19,False
616,1.1043138561727035e+21,5.521569280863518e+19,False
617,1.0899258945849886e+21,5.449629472924943e+19,False
618,1.0758774149191767e+21,5.379387074595884e+19,False
619,1.0621701104572577e+21,5.310850552286288e+19,False
620,1.0488051168408902e+21,5.244025584204451e+19,False
621,1.035783035777226e+21,5.17891517888613e+19,False
622,1.0231039594774755e+21,5.115519797387378e+19,False
623,1.0107674957261207e+21,5.053837478630604e+19,False
624,9.987727934804844e+20,4.993863967402422e+19,False
625,9.871185689024806e+20,4.9355928445124035e+19,False
626,9.758031317268631e+20,4.879015658634316e+19,False
627,9.648244118730194e+20,4.8241220593650975e+19,False
628,9.541799862104005e+20,4.7708999310520025e+19,False
629,9.438671053909409e+20,4.719335526954705e+19,False
630,9.338827206652932e+20,4.6694136033264665e+19,False
631,9.24223510603366e+20,4.62111755301683e+19,False
632,9.148859076434666e+20,4.5744295382173336e+19,False
633,9.058661243983038e+20,4.529330621991519e+19,False
634,8.971601796501218e+20,4.4858008982506095e+19,False
635,8.88763923971385e+20,4.4438196198569255e+19,False
636,8.806730649115692e+20,4.403365324557846e+19,False
637,8.728831916948167e+20,4.3644159584740835e+19,False
638,8.653897993773959e+20,4.326948996886979e+19,False
639,8.581883124180614e+20,4.290941562090307e+19,False
640,8.512741076185422e+20,4.256370538092711e+19,False
641,8.446425363954203e+20,4.2232126819771015e+19,False
642,8.382889463486518e+20,4.191444731743259e+19,False
643,8.322087020958359e+20,4.16104351047918e+19,False
644,8.26397205345104e+20,4.13198602672552e+19,False
645,8.208499141831096e+20,4.104249570915548e+19,False
646,8.155623615580927e+20,4.077811807790464e+19,False
647,8.105301729413167e+20,4.052650864706584e+19,False
648,8.057490831533259e+20,4.0287454157666296e+19,False
649,8.012149523444812e+20,4.006074761722406e+19,False
650,7.96923781122023e+20,3.984618905610115e+19,False
651,7.928717248185646e+20,3.9643586240928236e+19,False
652,7.890551068993345e+20,3.945275534496673e+19,False
653,7.854704315077582e+20,3.9273521575387914e+19,False
654,7.821143951510287e+20,3.9105719757551436e+19,False
655,7.789838975291855e+20,3.894919487645928e+19,False
656,7.760760515129104e+20,3.880380257564552e+19,False
657,7.733881922767528e+20,3.866940961383764e+19,False
658,7.709178855958146e+20,3.854589427979073e+19,False
659,7.686629353150716e+20,3.843314676575358e+19,False
660,7.666213900014847e+20,3.833106950007424e+19,False
661,7.647915487898682e+20,3.8239577439493415e+19,False
662,7.63171966434136e+20,3.81585983217068e+19,False
663,7.61761457576068e+20,3.80880728788034e+19,False
664,7.605591002440974e+20,3.802795501220487e+19,False
665,7.595642385948841e+20,3.79782119297442e+19,False
666,7.587764849105531e+20,3.793882424552766e+19,False
667,7.581957208645037e+20,3.790978604322519e+19,False
668,7.578220980686172e+20,3.789110490343086e+19,False
669,7.576560379145363e+20,3.788280189572682e+19,False
670,7.576982307214416e+20,3.788491153607208e+19,False
671,7.579496342024626e+20,3.789748171012313e+19,False
672,7.584114712615038e+20,3.792057356307519e+19,False
673,7.590852271318782e+20,3.795426135659391e+19,False
674,7.599726458677204e+20,3.799863229338602e+19,False
675,7.610757261987069e+20,3.805378630993535e+19,False
676,7.623967167581753e+20,3.811983583790877e+19,False
677,7.639381106942776e+20,3.819690553471388e+19,False
678,7.657026396733814e+20,3.828513198366907e+19,False
679,7.676932672845213e+20,3.8384663364226064e+19,False
680,7.699131818533218e+20,3.849565909266609e+19,False
681,7.723657886734839e+20,3.8618289433674195e+19,False
682,7.750547016636355e+20,3.875273508318178e+19,False
683,7.779837344571164e+20,3.889918672285582e+19,False
684,7.811568909321016e+20,3.905784454660508e+19,False
685,7.845783551893685e+20,3.922891775946843e+19,False
686,7.882524809849952e+20,3.941262404924976e+19,False
687,7.921837806253382e+20,3.960918903126691e+19,False
688,7.963769133317776e+20,3.981884566658888e+19,False
689,8.008366730829605e+20,4.004183365414803e+19,False
690,8.055679759426054e+20,4.027839879713027e+19,False
691,8.105758468813434e+20,4.052879234406717e+19,False
692,8.158654061016015e+20,4.0793270305080074e+19,False
693,8.214418548751515e+20,4.107209274375758e+19,False
694,8.27310460903665e+20,4.136552304518325e+19,False
695,8.334765432134313e+20,4.167382716067157e+19,False
696,8.399454565962985e+20,4.199727282981492e+19,False
697,8.467225756099242e+20,4.233612878049621e+19,False
698,8.538132781514976e+20,4.269066390757488e+19,False
699,8.612229286203015e+20,4.3061146431015076e+19,False
700,8.689568606857445e+20,4.344784303428723e+19,False
701,8.770203596788542e+20,4.385101798394271e+19,False
702,8.854186446266423e+20,4.427093223133212e+19,False
703,8.941568499502637e+20,4.470784249751319e+19,False
704,9.032400068494342e+20,4.516200034247171e+19,False
705,9.126730243972106e+20,4.563365121986053e+19,False
706,9.224606703708796e+20,4.612303351854399e+19,False
707,9.326075518464258e+20,4.6630377592321294e+19,False
708,9.431180955857836e+20,4.715590477928918e+19,False
709,9.539965282478216e+20,4.769982641239108e+19,False
710,9.652468564558184e+20,4.826234282279092e+19,False
711,9.768728467559282e+20,4.8843642337796415e+19,False
712,9.88878005502937e+20,4.944390027514685e+19,False
713,1.0012655587113608e+21,5.006327793556804e+19,False
714,1.014038431911656e+21,5.070192159558281e+19,False
715,1.0271992300530232e+21,5.135996150265116e+19,False
716,1.0407502174959237e+21,5.203751087479619e+19,False
717,1.0546932981390153e+21,5.273466490695077e+19,False
718,1.0690299957267332e+21,5.3451499786336666e+19,False
719,1.0837614343851763e+21,5.418807171925882e+19,False
720,1.0988883194353194e+21,5.494441597176598e+19,False
721,1.1144109185337814e+21,5.572054592668907e+19,False
722,1.1303290431925631e+21,5.651645215962816e+19,False
723,1.1466420307301174e+21,5.733210153650587e+19,False
724,1.1633487267070429e+21,5.816743633535215e+19,False
725,1.1804474679003855e+21,5.902237339501928e+19,False
726,1.197936065871136e+21,5.98968032935568e+19,False
727,1.2158117911799207e+21,6.079058955899604e+19,False
728,1.234071358306137e+21,6.1703567915306844e+19,False
729,1.2527109113258498e+21,6.263554556629249e+19,False
730,1.2717260104036723e+21,6.358630052018362e+19,False
731,1.2911116191535236e+21,6.455558095767618e+19,False
732,1.3108620929226792e+21,6.5543104646133965e+19,False
733,1.3309711680528153e+21,6.654855840264077e+19,False
734,1.3514319521708478e+21,6.75715976085424e+19,False
735,1.3722369155612208e+21,6.861184577806104e+19,False
736,1.3933778836700133e+21,6.966889418350067e+19,False
737,1.414846030789621e+21,7.074230153948106e+19,False
738,1.4366318749710675e+21,7.1831593748553376e+19,False
739,1.4587252742089623e+21,7.293626371044812e+19,False
740,1.4811154239419614e+21,7.405577119709808e+19,False
741,1.503790855909156e+21,7.51895427954578e+19,False
742,1.5267394384001968e+21,7.633697192000984e+19,False
743,1.5499483779341293e+21,7.749741889670647e+19,False
744,1.5734042223988774e+21,7.867021111994388e+19,False
745,1.5970928656800992e+21,7.985464328400496e+19,False
746,1.6209995538046924e+21,8.104997769023462e+19,False
747,1.645108892620651e+21,8.225544463103255e+19,False
748,1.6694048570311854e+21,8.347024285155928e+19,False
749,1.693870801797083e+21,8.469354008985415e+19,False
750,1.7184894739171993e+21,8.592447369585997e+19,False
751,1.7432430265927394e+21,8.716215132963697e+19,False
752,1.7681130347766153e+21,8.840565173883077e+19,False
753,1.793080512304728e+21,8.96540256152364e+19,False
754,1.818125930601396e+21,9.090629653006982e+19,False
755,1.8432292389465466e+21,9.216146194732733e+19,False
756,1.8683698862875138e+21,9.34184943143757e+19,False
757,1.8935268445735383e+21,9.467634222867692e+19,False
758,1.918678633586217e+21,9.593393167931086e+19,False
759,1.9438033472343334e+21,9.719016736171668e+19,False
760,1.9688786812766553e+21,9.844393406383278e+19,False
761,1.9938819624314557e+21,9.96940981215728e+19,False
762,2.0187901788267408e+21,1.0093950894133705e+20,False
763,2.0435800117404343e+21,1.0217900058702171e+20,False
764,2.068227868575103e+21,1.0341139342875515e+20,False
765,2.0927099170072491e+21,1.0463549585036247e+20,False
766,2.1170021202467506e+21,1.0585010601233754e+20,False
767,2.1410802733376893e+21,1.0705401366688447e+20,False
768,2.1649200404276513e+21,1.0824600202138257e+20,False
769,2.1884969929285653e+21,1.0942484964642827e+20,False
770,2.2117866484883406e+21,1.1058933242441703e+20,False
771,2.2347645106889158e+21,1.117382255344458e+20,False
772,2.2574061093829804e+21,1.1287030546914902e+20,False
773,2.2796870415784196e+21,1.1398435207892099e+20,False
774,2.3015830127766583e+21,1.1507915063883293e+20,False
775,2.3230698786684173e+21,1.1615349393342087e+20,False
776,2.344123687088032e+21,1.1720618435440162e+20,False
777,2.3647207201254293e+21,1.1823603600627147e+20,False
778,2.3848375362930653e+21,1.1924187681465328e+20,False
779,2.404451012643697e+21,1.2022255063218487e+20,False
780,2.423538386733725e+21,1.2117691933668626e+20,False
781,2.442077298326055e+21,1.2210386491630276e+20,False
782,2.460045830725968e+21,1.2300229153629841e+20,False
783,2.477422551643396e+21,1.2387112758216983e+20,False
784,2.494186553475218e+21,1.2470932767376089e+20,False
785,2.5103174929018184e+21,1.2551587464509093e+20,False
786,2.5257956296930833e+21,1.2628978148465417e+20,False
787,2.540601864620305e+21,1.2703009323101526e+20,False
788,2.5547177763721634e+21,1.2773588881860818e+20,False
789,2.5681256573749045e+21,1.2840628286874524e+20,False
790,2.5808085484192646e+21,1.2904042742096324e+20,False
791,2.592750271999297e+21,1.2963751359996487e+20,False
792,2.60393546427137e+21,1.301967732135685e+20,False
793,2.614349605544891e+21,1.3071748027724458e+20,False
794,2.623979049220027e+21,1.3119895246100136e+20,False
795,2.63281104909161e+21,1.316405524545805e+20,False
796,2.6408337849427244e+21,1.3204168924713622e+20,False
797,2.6480363863559603e+21,1.3240181931779803e+20,False
798,2.6544089546751376e+21,1.3272044773375689e+20,False
799,2.659942583055334e+21,1.329971291527667e+20,False
800,2.664629374544297e+21,1.3323146872721487e+20,False
801,2.668462458143812e+21,1.334231229071906e+20,False
802,2.671436002805244e+21,1.3357180014026221e+20,False
803,2.6735452293192876e+21,1.3367726146596438e+20,False
804,2.6747864200659316e+21,1.3373932100329659e+20,False
805,2.6751569265967723e+21,1.3375784632983862e+20,False
806,2.6746551750279425e+21,1.3373275875139713e+20,False
807,2.673280669228268e+21,1.3366403346141341e+20,False
808,2.671033991793551e+21,1.3355169958967756e+20,False
809,2.6679168028042687e+21,1.3339584014021344e+20,False
810,2.663931836370339e+21,1.3319659181851697e+20,False
811,2.659082894972997e+21,1.3295414474864984e+20,False
812,2.6533748416200814e+21,1.3266874208100408e+20,False
813,2.646813589837402e+21,1.3234067949187011e+20,False
814,2.639406091524926e+21,1.3197030457624632e+20,False
815,2.6311603227126824e+21,1.3155801613563412e+20,False
816,2.622085267257173e+21,1.3110426336285866e+20,False
817,2.612190898524912e+21,1.3060954492624562e+20,False
818,2.601488159115306e+21,1.300744079557653e+20,False
819,2.5899889386805464e+21,1.2949944693402732e+20,False
820,2.57770604990539e+21,1.2888530249526952e+20,False
821,2.5646532027147055e+21,1.2823266013573528e+20,False
822,2.550844976781394e+21,1.275422488390697e+20,False
823,2.5362967924118053e+21,1.2681483962059027e+20,False
824,2.5210248798899373e+21,1.2605124399449688e+20,False
825,2.5050462473656473e+21,1.2525231236828237e+20,False
826,2.488378647375706e+21,1.2441893236878531e+20,False
827,2.471040542089811e+21,1.2355202710449055e+20,False
828,2.45305106737665e+21,1.226525533688325e+20,False
829,2.434429995787749e+21,1.2172149978938745e+20,False
830,2.415197698559094e+21,1.207598849279547e+20,False
831,2.3953751067325235e+21,1.1976875533662618e+20,False
832,2.374983671500417e+21,1.1874918357502086e+20,False
833,2.3540453238784946e+21,1.1770226619392473e+20,False
834,2.3325824338124087e+21,1.1662912169062044e+20,False
835,2.3106177688243455e+21,1.1553088844121729e+20,False
836,2.288174452306023e+21,1.1440872261530116e+20,False
837,2.2652759215643262e+21,1.1326379607821631e+20,False
838,2.2419458857252802e+21,1.1209729428626401e+20,False
839,2.2182082836012083e+21,1.1091041418006043e+20,False
840,2.194087241624769e+21,1.0970436208123845e+20,False
841,2.1696070319519967e+21,1.0848035159759985e+20,False
842,2.1447920308347048e+21,1.0723960154173525e+20,False
843,2.1196666773604417e+21,1.0598333386802209e+20,False
844,2.0942554326557894e+21,1.0471277163278947e+20,False
845,2.068582739646102e+21,1.0342913698230511e+20,False
846,2.0426729834617928e+21,1.0213364917308965e+20,False
847,2.0165504525781033e+21,1.0082752262890517e+20,False
848,1.9902393007718177e+21,9.951196503859089e+19,False
849,1.9637635099747277e+21,9.818817549873639e+19,False
850,1.9371468540997932e+21,9.685734270498967e+19,False
851,1.9104128639119044e+21,9.552064319559523e+19,False
852,1.8835847930109066e+21,9.417923965054534e+19,False
853,1.856685584990237e+21,9.283427924951186e+19,False
854,1.8297378418299875e+21,9.148689209149938e+19,False
855,1.8027637935786405e+21,9.013818967893203e+19,False
856,1.7757852693730233e+21,8.878926346865117e+19,False
857,1.7488236698412615e+21,8.744118349206308e+19,False
858,1.7218999409287058e+21,8.60949970464353e+19,False
859,1.6950345491819507e+21,8.475172745909754e+19,False
860,1.6682474585211973e+21,8.341237292605987e+19,False
861,1.6415581085263557e+21,8.207790542631779e+19,False
862,1.6149853942574282e+21,8.07492697128714e+19,False
863,1.5885476476249126e+21,7.942738238124563e+19,False
864,1.562262620321213e+21,7.811313101606065e+19,False
865,1.5361474683193587e+21,7.680737341596793e+19,False
866,1.510218737940734e+21,7.55109368970367e+19,False
867,1.4844923534890196e+21,7.422461767445098e+19,False
868,1.458983606443177e+21,7.294918032215885e+19,False
869,1.4337071461980328e+21,7.168535730990164e+19,False
870,1.4086769723369207e+21,7.043384861684603e+19,False
871,1.3839064284168577e+21,6.919532142084289e+19,False
872,1.359408197242953e+21,6.7970409862147645e+19,False
873,1.3351942976050952e+21,6.675971488025476e+19,False
874,1.3112760824465323e+21,6.556380412232662e+19,False
875,1.2876642384306886e+21,6.4383211921534435e+19,False
876,1.2643687868695123e+21,6.321843934347562e+19,False
877,1.241399085973771e+21,6.206995429868856e+19,False
878,1.2187638343830717e+21,6.093819171915359e+19,False
879,1.1964710759309233e+21,5.982355379654617e+19,False
880,1.1745282055979482e+21,5.8726410279897416e+19,False
881,1.1529419766043159e+21,5.76470988302158e+19,False
882,1.1317185085906801e+21,5.658592542953401e+19,False
883,1.1108632968353331e+21,5.554316484176666e+19,False
884,1.0903812224538989e+21,5.451906112269495e+19,False
885,1.0702765635267681e+21,5.351382817633841e+19,False
886,1.0505530070985145e+21,5.252765035492573e+19,False
887,1.0312136619928253e+21,5.156068309964127e+19,False
888,1.0122610723859362e+21,5.061305361929681e+19,False
889,9.936972320812593e+20,4.968486160406297e+19,False
890,9.755235994277494e+20,4.877617997138747e+19,False
891,9.577411128246326e+20,4.788705564123163e+19,False
892,9.403502067553559e+20,4.70175103377678e+19,False
893,9.233508282940456e+20,4.6167541414702285e+19,False
894,9.06742454028359e+20,4.5337122701417955e+19,False
895,8.905241073433528e+20,4.452620536716765e+19,False
896,8.746943760119174e+20,4.373471880059587e+19,False
897,8.592514300383536e+20,4.296257150191768e+19,False
898,8.441930397028752e+20,4.220965198514376e+19,False
899,8.295165937561145e+20,4.147582968780573e+19,False
900,8.152191177141451e+20,4.0760955885707256e+19,False
901,8.012972922060694e+20,4.006486461030347e+19,False
902,7.877474713278507e+20,3.938737356639253e+19,False
903,7.745657009577897e+20,3.8728285047889486e+19,False
904,7.617477369908532e+20,3.808738684954266e+19,False
905,7.492890634509142e+20,3.746445317254571e+19,False
906,7.371849104419165e+20,3.685924552209583e+19,False
907,7.254302719009343e+20,3.627151359504672e+19,False
908,7.14019923118131e+20,3.570099615590655e+19,False
909,7.029484379906711e+20,3.5147421899533558e+19,False
910,6.92210205979712e+20,3.4610510298985603e+19,False
911,6.817994487417054e+20,3.4089972437085274e+19,False
912,6.717102364073255e+20,3.358551182036628e+19,False
913,6.619365034834425e+20,3.3096825174172127e+19,False
914,6.524720643556594e+20,3.2623603217782972e+19,False
915,6.433106283709871e+20,3.2165531418549354e+19,False
916,6.344458144823019e+20,3.1722290724115096e+19,False
917,6.258711654382388e+20,3.129355827191194e+19,False
918,6.17580161504171e+20,3.0879008075208552e+19,False
919,6.095662337018648e+20,3.0478311685093245e+19,False
920,6.018227765573129e+20,3.009113882786565e+19,False
921,5.943431603480818e+20,2.9717158017404092e+19,False
922,5.871207428433234e+20,2.935603714216617e+19,False
923,5.801488805313195e+20,2.9007444026565976e+19,False
924,5.734209393311165e+20,2.867104696655583e+19,False
925,5.669303047864043e+20,2.8346515239320216e+19,False
926,5.606703917413358e+20,2.803351958706679e+19,False
927,5.54634653499454e+20,2.77317326749727e+19,False
928,5.488165904682836e+20,2.7440829523414184e+19,False
929,5.432097582934684e+20,2.7160487914673422e+19,False
930,5.37807775487576e+20,2.68903887743788e+19,False
931,5.32604330559865e+20,2.6630216527993254e+19,False
932,5.275931886543961e+20,2.6379659432719806e+19,False
933,5.2276819770488134e+20,2.6138409885244068e+19,False
934,5.18123294115609e+20,2.590616470578045e+19,False
935,5.1365250797863436e+20,2.568262539893172e+19,False
936,5.0934996783821226e+20,2.5467498391910613e+19,False
937,5.052099050141609e+20,2.5260495250708046e+19,False
938,5.0122665749647635e+20,2.506133287482382e+19,False
939,4.973946734240835e+20,2.4869733671204176e+19,False
940,4.937085141611027e+20,2.4685425708055134e+19,False
941,4.901628569844332e+20,2.450814284922166e+19,False
942,4.8675249739681635e+20,2.433762486984082e+19,False
943,4.834723510798318e+20,2.4173617553991594e+19,False
944,4.8031745550151326e+20,2.4015872775075664e+19,False
945,4.772829711934446e+20,2.386414855967223e+19,False
946,4.7436418271230906e+20,2.3718209135615455e+19,False
947,4.715564993009296e+20,2.357782496504648e+19,False
948,4.6885545526384624e+20,2.344277276319231e+19,False
949,4.662567100724402e+20,2.3312835503622013e+19,False
950,4.6375604821452594e+20,2.3187802410726298e+19,False
951,4.6134937880321196e+20,2.30674689401606e+19,False
952,4.5903273495965794e+20,2.2951636747982897e+19,False
953,4.568022729841556e+20,2.2840113649207783e+19,False
954,4.546542713297181e+20,2.2732713566485905e+19,False
955,4.525851293921002e+20,2.262925646960501e+19,False
956,4.50591366129862e+20,2.25295683064931e+19,False
957,4.486696185277756e+20,2.243348092638878e+19,False
958,4.468166399165174e+20,2.2340831995825873e+19,False
959,4.450292981612262e+20,2.225146490806131e+19,False
960,4.4330457373111543e+20,2.2165228686555775e+19,False
961,4.4163955766193226e+20,2.2081977883096613e+19,False
962,4.400314494226344e+20,2.200157247113172e+19,False
963,4.384775546972312e+20,2.192387773486156e+19,False
964,4.3697528309230364e+20,2.184876415461518e+19,False
965,4.3552214578027076e+20,2.177610728901354e+19,False
966,4.3411575308802707e+20,2.1705787654401356e+19,False
967,4.3275381204012564e+20,2.1637690602006282e+19,False
968,4.31434123865229e+20,2.157170619326145e+19,False
969,4.301545814741046e+20,2.150772907370523e+19,False
970,4.2891316691698975e+20,2.1445658345849487e+19,False
971,4.277079488277098e+20,2.1385397441385492e+19,False
972,4.265370798614946e+20,2.1326853993074733e+19,False
973,4.253987941330033e+20,2.1269939706650165e+19,False
974,4.2429140466064864e+20,2.1214570233032434e+19,False
975,4.232133008228859e+20,2.1160665041144295e+19,False
976,4.2216294583173494e+20,2.110814729158675e+19,False
977,4.211388742283984e+20,2.105694371141992e+19,False
978,4.201396894054592e+20,2.1006984470272963e+19,False
979,4.1916406115976027e+20,2.0958203057988014e+19,False
980,4.182107232797157e+20,2.0910536163985785e+19,False
981,4.172784711704418e+20,2.086392355852209e+19,False
982,4.163661595197716e+20,2.081830797598858e+19,False
983,4.154727000078824e+20,2.077363500039412e+19,False
984,4.1459705906296796e+20,2.07298529531484e+19,False
985,4.137382556650764e+20,2.068691278325382e+19,False
986,4.128953591999706e+20,2.064476795999853e+19,False
987,4.120674873645811e+20,2.0603374368229057e+19,False
988,4.1125380412538336e+20,2.056269020626917e+19,False
989,4.104535177307799e+20,2.0522675886538994e+19,False
990,4.0966587877834575e+20,2.048329393891729e+19,False
991,4.088901783375818e+20,2.0444508916879094e+19,False
992,4.081257461286211e+20,2.0406287306431054e+19,False
993,4.0737194875714136e+20,2.0368597437857067e+19,False
994,4.06628188005572e+20,2.03314094002786e+19,False
995,4.0589389918051205e+20,2.0294694959025603e+19,False
996,4.0516854951613406e+20,2.0258427475806704e+19,False
997,4.0445163663320475e+20,2.0222581831660237e+19,False
998,4.0374268705323155e+20,2.0187134352661578e+19,False
999,4.0304125476712474e+20,2.0152062738356236e+19,False
1000,4.023469198576636e+20,2.011734599288318e+19,False
1001,4.016592871749567e+20,2.0082964358747836e+19,False
1002,4.0097798506400376e+20,2.0048899253200187e+19,False
1003,4.0030266414339175e+20,2.001513320716959e+19,False
1004,3.99632996134083e+20,1.998164980670415e+19,False
1005,3.98968672737211e+20,1.994843363686055e+19,False
1006,3.983094045597269e+20,1.9915470227986346e+19,False
1007,3.9765492008671976e+20,1.988274600433599e+19,False
1008,3.970049646991769e+20,1.9850248234958844e+19,False
1009,3.9635929973593833e+20,1.9817964986796917e+19,False
1010,3.9571770159856314e+20,1.9785885079928156e+19,False
1011,3.950799608978204e+20,1.975399804489102e+19,False
1012,3.9444588164049135e+20,1.9722294082024567e+19,False
1013,3.9381528045517996e+20,1.9690764022759e+19,False
1014,3.93187985855809e+20,1.9659399292790452e+19,False
1015,3.9256383754149954e+20,1.9628191877074977e+19,False
1016,3.919426857315169e+20,1.9597134286575845e+19,False
1017,3.913243905339997e+20,1.9566219526699987e+19,False
1018,3.9070882134717825e+20,1.9535441067358913e+19,False
1019,3.900958562918263e+20,1.9504792814591316e+19,False
1020,3.894853816736873e+20,1.947426908368437e+19,False
1021,3.8887729147466056e+20,1.9443864573733028e+19,False
1022,3.882714868715315e+20,1.9413574343576576e+19,False
1023,3.876678757810797e+20,1.938339378905399e+19,False
1024,3.8706637243040144e+20,1.9353318621520073e+19,False
1025,3.86466896951334e+20,1.93233448475667e+19,False
1026,3.8586937499787585e+20,1.929346874989379e+19,False
1027,3.852737373855502e+20,1.926368686927751e+19,False
1028,3.846799197516664e+20,1.923399598758332e+19,False
1029,3.8408786223548806e+20,1.9204393111774405e+19,False
1030,3.834975091773281e+20,1.9174875458866405e+19,False
1031,3.8290880883564105e+20,1.9145440441782055e+19,False
1032,3.823217131211995e+20,1.9116085656059978e+19,False
1033,3.817361773474893e+20,1.9086808867374465e+19,False
1034,3.811521599964727e+20,1.905760799982364e+19,False
1035,3.805696224989225e+20,1.902848112494613e+19,False
1036,3.799885290285372e+20,1.899942645142686e+19,False
1037,3.794088463091028e+20,1.897044231545514e+19,False
1038,3.7883054343397664e+20,1.894152717169883e+19,False
1039,3.7825359169721775e+20,1.891267958486089e+19,False
1040,3.776779644356997e+20,1.8883898221784986e+19,False
1041,3.771036368815888e+20,1.885518184407944e+19,False
1042,3.765305860245842e+20,1.882652930122921e+19,False
1043,3.759587904833557e+20,1.8797939524167786e+19,False
1044,3.7538823038562946e+20,1.8769411519281476e+19,False
1045,3.748188872564168e+20,1.874094436282084e+19,False
1046,3.7425074391388114e+20,1.871253719569406e+19,False
1047,3.7368378437239164e+20,1.8684189218619585e+19,False
1048,3.7311799375230704e+20,1.8655899687615353e+19,False
1049,3.7255335819608254e+20,1.8627667909804126e+19,False
1050,3.719898647902917e+20,1.8599493239514587e+19,False
1051,3.7142750149319734e+20,1.857137507465987e+19,False
1052,3.7086625706750516e+20,1.854331285337526e+19,False
1053,3.7030612101797387e+20,1.8515306050898694e+19,False
1054,3.697470835335567e+20,1.8487354176677835e+19,False
1055,3.691891354337804e+20,1.845945677168902e+19,False
1056,3.68632268119075e+20,1.8431613405953751e+19,False
1057,3.6807647352479344e+20,1.8403823676239673e+19,False
1058,3.6752174407866555e+20,1.8376087203933278e+19,False
1059,3.669680726614576e+20,1.834840363307288e+19,False
1060,3.664154525706076e+20,1.832077262853038e+19,False
1061,3.6586387748664115e+20,1.8293193874332058e+19,False
1062,3.653133414421588e+20,1.8265667072107942e+19,False
1063,3.647638387932267e+20,1.8238191939661337e+19,False
1064,3.6421536419298646e+20,1.8210768209649324e+19,False
1065,3.6366791256733667e+20,1.8183395628366834e+19,False
1066,3.63121479092524e+20,1.8156073954626202e+19,False
1067,3.6257605917451636e+20,1.8128802958725818e+19,False
1068,3.620316484300158e+20,1.8101582421500789e+19,False
1069,3.6148824266899915e+20,1.8074412133449957e+19,False
1070,3.6094583787866436e+20,1.804729189393322e+19,False
1071,3.604044302086834e+20,1.802022151043417e+19,False
1072,3.5986401595765726e+20,1.7993200797882864e+19,False
1073,3.5932459156068545e+20,1.7966229578034274e+19,False
1074,3.587861535779609e+20,1.7939307678898045e+19,False
1075,3.58248698684315e+20,1.7912434934215752e+19,False
1076,3.5771222365963203e+20,1.7885611182981603e+19,False
1077,3.571767253800745e+20,1.7858836269003727e+19,False
1078,3.5664220081004374e+20,1.7832110040502188e+19,False
1079,3.5610864699482905e+20,1.7805432349741453e+19,False
1080,3.5557606105387926e+20,1.7778803052693963e+19,False
1081,3.550444401746565e+20,1.7752222008732826e+19,False
1082,3.5451378160701545e+20,1.7725689080350773e+19,False
1083,3.539840826580748e+20,1.7699204132903741e+19,False
1084,3.534553406875314e+20,1.7672767034376569e+19,False
1085,3.5292755310338795e+20,1.7646377655169399e+19,False
1086,3.5240071735805385e+20,1.7620035867902693e+19,False
1087,3.518748309447936e+20,1.759374154723968e+19,False
1088,3.513498913944879e+20,1.7567494569724396e+19,False
1089,3.50825896272686e+20,1.7541294813634302e+19,False
1090,3.503028431769204e+20,1.7515142158846022e+19,False
1091,3.497807297342645e+20,1.7489036486713227e+19,False
1092,3.492595535991102e+20,1.746297767995551e+19,False
1093,3.4873931245114786e+20,1.7436965622557393e+19,False
1094,3.4822000399352916e+20,1.741100019967646e+19,False
1095,3.4770162595119956e+20,1.7385081297559978e+19,False
1096,3.471841760693816e+20,1.735920880346908e+19,False
1097,3.4666765211220115e+20,1.7333382605610058e+19,False
1098,3.461520518614361e+20,1.7307602593071806e+19,False
1099,3.4563737311538623e+20,1.7281868655769313e+19,False
1100,3.451236136878427e+20,1.7256180684392135e+19,False
1101,3.4461077140715844e+20,1.7230538570357924e+19,False
1102,3.4409884411540144e+20,1.7204942205770072e+19,False
1103,3.4358782966759116e+20,1.7179391483379558e+19,False
1104,3.4307772593100174e+20,1.7153886296550089e+19,False
1105,3.4256853078453617e+20,1.7128426539226808e+19,False
1106,3.4206024211815367e+20,1.7103012105907683e+19,False
1107,3.415528578323564e+20,1.707764289161782e+19,False
1108,3.4104637583771946e+20,1.7052318791885974e+19,False
1109,3.405407940544694e+20,1.7027039702723471e+19,False
1110,3.400361104120986e+20,1.700180552060493e+19,False
1111,3.3953232284901966e+20,1.6976616142450983e+19,False
1112,3.390294293122482e+20,1.695147146561241e+19,False
1113,3.385274277571193e+20,1.6926371387855966e+19,False
1114,3.3802631614702636e+20,1.6901315807351319e+19,False
1115,3.3752609245318814e+20,1.6876304622659408e+19,False
1116,3.370267546544342e+20,1.6851337732721713e+19,False
1117,3.365283007370116e+20,1.682641503685058e+19,False
1118,3.360307286944085e+20,1.6801536434720424e+19,False
1119,3.3553403652719536e+20,1.677670182635977e+19,False
1120,3.3503822224287715e+20,1.6751911112143858e+19,False
1121,3.345432838557622e+20,1.6727164192788111e+19,False
1122,3.3404921938683986e+20,1.6702460969341993e+19,False
1123,3.3355602686367066e+20,1.6677801343183534e+19,False
1124,3.33063704320284e+20,1.6653185216014199e+19,False
1125,3.325722497970863e+20,1.6628612489854314e+19,False
1126,3.320816613407747e+20,1.6604083067038736e+19,False
1127,3.31591937004259e+20,1.657959685021295e+19,False
1128,3.3110307484659024e+20,1.6555153742329512e+19,False
1129,3.30615072932892e+20,1.65307536466446e+19,False
1130,3.30127929334301e+20,1.650639646671505e+19,False
1131,3.2964164212790736e+20,1.648208210639537e+19,False
1132,3.291562093967031e+20,1.6457810469835155e+19,False
1133,3.286716292295306e+20,1.6433581461476532e+19,False
1134,3.2818789972103804e+20,1.6409394986051903e+19,False
1135,3.2770501897163335e+20,1.6385250948581669e+19,False
1136,3.272229850874453e+20,1.6361149254372266e+19,False
1137,3.2674179618028264e+20,1.6337089809014133e+19,False
1138,3.262614503675992e+20,1.631307251837996e+19,False
1139,3.2578194577245726e+20,1.6289097288622864e+19,False
1140,3.2530328052349606e+20,1.6265164026174804e+19,False
1141,3.248254527548981e+20,1.6241272637744906e+19,False
1142,3.243484606063608e+20,1.621742303031804e+19,False
1143,3.238723022230657e+20,1.6193615111153285e+19,False
1144,3.233969757556513e+20,1.6169848787782566e+19,False
1145,3.229224793601853e+20,1.6146123968009265e+19,False
1146,3.224488111981393e+20,1.6122440559906963e+19,False
1147,3.219759694363616e+20,1.6098798471818082e+19,False
1148,3.2150395224705506e+20,1.6075197612352754e+19,False
1149,3.2103275780775e+20,1.6051637890387501e+19,False
1150,3.205623843012833e+20,1.6028119215064164e+19,False
1151,3.2009282991577334e+20,1.6004641495788667e+19,False
1152,3.19624092844599e+20,1.5981204642229953e+19,False
1153,3.1915617128637655e+20,1.5957808564318829e+19,False
1154,3.1868906344493856e+20,1.593445317224693e+19,False
1155,3.182227675293116e+20,1.591113837646558e+19,False
1156,3.1775728175369696e+20,1.588786408768485e+19,False
1157,3.1729260433744744e+20,1.5864630216872372e+19,False
1158,3.168287335050494e+20,1.584143667525247e+19,False
1159,3.1636566748610036e+20,1.5818283374305018e+19,False
1160,3.15903404515291e+20,1.5795170225764549e+19,False
1161,3.154419428323833e+20,1.5772097141619167e+19,False
1162,3.1498128068219306e+20,1.5749064034109653e+19,False
1163,3.145214163145683e+20,1.5726070815728417e+19,False
1164,3.140623479843724e+20,1.5703117399218618e+19,False
1165,3.1360407395146295e+20,1.5680203697573149e+19,False
1166,3.131465924806741e+20,1.5657329624033706e+19,False
1167,3.1268990184179715e+20,1.5634495092089858e+19,False
1168,3.122340003095627e+20,1.5611700015478137e+19,False
1169,3.1177888616362056e+20,1.5588944308181029e+19,False
1170,3.113245576885235e+20,1.5566227884426177e+19,False
1171,3.108710131737072e+20,1.5543550658685362e+19,False
1172,3.104182509134731e+20,1.5520912545673656e+19,False
1173,3.0996626920696984e+20,1.5498313460348494e+19,False
1174,3.095150663581757e+20,1.5475753317908785e+19,False
1175,3.090646406758802e+20,1.545323203379401e+19,False
1176,3.086149904736673e+20,1.5430749523683365e+19,False
1177,3.081661140698966e+20,1.5408305703494832e+19,False
1178,3.07718009787687e+20,1.538590048938435e+19,False
1179,3.0727067595489804e+20,1.5363533797744902e+19,False
1180,3.068241109041135e+20,1.5341205545205676e+19,False
1181,3.063783129726235e+20,1.5318915648631175e+19,False
1182,3.059332805024079e+20,1.5296664025120395e+19,False
1183,3.054890118401181e+20,1.5274450592005906e+19,False
1184,3.050455053370617e+20,1.5252275266853085e+19,False
1185,3.046027593491837e+20,1.5230137967459187e+19,False
1186,3.041607722370512e+20,1.5208038611852562e+19,False
1187,3.037195423658355e+20,1.5185977118291775e+19,False
1188,3.032790681052963e+20,1.5163953405264816e+19,False
1189,3.028393478297639e+20,1.5141967391488197e+19,False
1190,3.024003799181244e+20,1.512001899590622e+19,False
1191,3.01962162753801e+20,1.5098108137690053e+19,False
1192,3.015246947247396e+20,1.507623473623698e+19,False
1193,3.0108797422339156e+20,1.505439871116958e+19,False
1194,3.006519996466976e+20,1.503259998233488e+19,False
1195,3.0021676939607094e+20,1.5010838469803549e+19,False
1196,2.997822818773831e+20,1.4989114093869154e+19,False
1197,2.993485355009453e+20,1.4967426775047266e+19,False
1198,2.989155286814948e+20,1.494577643407474e+19,False
1199,2.984832598381775e+20,1.4924162991908874e+19,False
1200,2.9805172739453315e+20,1.4902586369726659e+19,False
1201,2.976209297784785e+20,1.4881046488923924e+19,False
1202,2.971908654222931e+20,1.4859543271114654e+19,False
1203,2.967615327626019e+20,1.4838076638130094e+19,False
1204,2.963329302403615e+20,1.4816646512018078e+19,False
1205,2.959050563008436e+20,1.4795252815042181e+19,False
1206,2.9547790939362e+20,1.4773895469681e+19,False
1207,2.9505148797254677e+20,1.475257439862734e+19,False
1208,2.946257904957499e+20,1.4731289524787495e+19,False
1209,2.9420081542560914e+20,1.4710040771280458e+19,False
1210,2.937765612287441e+20,1.4688828061437207e+19,False
1211,2.9335302637599726e+20,1.4667651318799864e+19,False
1212,2.9293020934242137e+20,1.464651046712107e+19,False
1213,2.9250810860726243e+20,1.4625405430363122e+19,False
1214,2.9208672265394648e+20,1.4604336132697326e+19,False
1215,2.916660499700631e+20,1.4583302498503156e+19,False
1216,2.9124608904735297e+20,1.4562304452367649e+19,False
1217,2.9082683838169055e+20,1.4541341919084528e+19,False
1218,2.9040829647307168e+20,1.4520414823653585e+19,False
1219,2.8999046182559773e+20,1.4499523091279888e+19,False
1220,2.89573332947462e+20,1.4478666647373101e+19,False
1221,2.8915690835093442e+20,1.4457845417546721e+19,False
1222,2.8874118655234834e+20,1.4437059327617417e+19,False
1223,2.883261660720847e+20,1.4416308303604236e+19,False
1224,2.8791184543455982e+20,1.4395592271727993e+19,False
1225,2.8749822316820916e+20,1.437491115841046e+19,False
1226,2.8708529780547492e+20,1.4354264890273747e+19,False
1227,2.8667306788279075e+20,1.4333653394139537e+19,False
1228,2.8626153194056883e+20,1.4313076597028442e+19,False
1229,2.8585068852318496e+20,1.429253442615925e+19,False
1230,2.8544053617896597e+20,1.42720268089483e+19,False
1231,2.8503107346017413e+20,1.4251553673008708e+19,False
1232,2.8462229892299532e+20,1.4231114946149767e+19,False
1233,2.8421421112752423e+20,1.4210710556376211e+19,False
1234,2.8380680863775094e+20,1.4190340431887548e+19,False
1235,2.8340009002154747e+20,1.4170004501077375e+19,False
1236,2.8299405385065464e+20,1.4149702692532732e+19,False
1237,2.8258869870066745e+20,1.4129434935033373e+19,False
1238,2.8218402315102352e+20,1.4109201157551178e+19,False
1239,2.8178002578498788e+20,1.4089001289249395e+19,False
1240,2.813767051896414e+20,1.4068835259482071e+19,False
1241,2.8097405995586594e+20,1.4048702997793298e+19,False
1242,2.80572088678333e+20,1.402860443391665e+19,False
1243,2.801707899554886e+20,1.4008539497774432e+19,False
1244,2.797701623895423e+20,1.3988508119477117e+19,False
1245,2.7937020458645245e+20,1.3968510229322623e+19,False
1246,2.7897091515591485e+20,1.3948545757795744e+19,False
1247,2.7857229271134837e+20,1.392861463556742e+19,False
1248,2.7817433586988342e+20,1.3908716793494172e+19,False
1249,2.7777704325234793e+20,1.3888852162617397e+19,False
1250,2.7738041348325615e+20,1.3869020674162809e+19,False
1251,2.7698444519079484e+20,1.3849222259539743e+19,False
1252,2.765891370068105e+20,1.3829456850340526e+19,False
1253,2.7619448756679836e+20,1.3809724378339918e+19,False
1254,2.7580049550988794e+20,1.3790024775494398e+19,False
1255,2.7540715947883246e+20,1.3770357973941625e+19,False
1256,2.750144781199946e+20,1.375072390599973e+19,False
1257,2.7462245008333593e+20,1.3731122504166797e+19,False
1258,2.742310740224032e+20,1.3711553701120162e+19,False
1259,2.7384034859431756e+20,1.3692017429715878e+19,False
1260,2.7345027245976037e+20,1.367251362298802e+19,False
1261,2.7306084428296343e+20,1.3653042214148172e+19,False
1262,2.7267206273169483e+20,1.3633603136584743e+19,False
1263,2.722839264772487e+20,1.3614196323862436e+19,False
1264,2.718964341944317e+20,1.3594821709721586e+19,False
1265,2.7150958456155226e+20,1.3575479228077613e+19,False
1266,2.7112337626040772e+20,1.3556168813020387e+19,False
1267,2.7073780797627358e+20,1.353689039881368e+19,False
1268,2.703528783978908e+20,1.351764391989454e+19,False
1269,2.6996858621745476e+20,1.349842931087274e+19,False
1270,2.6958493013060295e+20,1.3479246506530148e+19,False
1271,2.69201908836404e+20,1.34600954418202e+19,False
1272,2.6881952103734546e+20,1.3440976051867273e+19,False
1273,2.6843776543932298e+20,1.342188827196615e+19,False
1274,2.6805664075162832e+20,1.3402832037581416e+19,False
1275,2.676761456869378e+20,1.338380728434689e+19,False
1276,2.672962789613016e+20,1.336481394806508e+19,False
1277,2.6691703929413173e+20,1.3345851964706587e+19,False
1278,2.6653842540819117e+20,1.332692127040956e+19,False
1279,2.661604360295825e+20,1.3308021801479127e+19,False
1280,2.6578306988773628e+20,1.3289153494386815e+19,False
1281,2.6540632571540124e+20,1.3270316285770064e+19,False
1282,2.65030202248631e+20,1.325151011243155e+19,False
1283,2.646546982267754e+20,1.323273491133877e+19,False
1284,2.6427981239246763e+20,1.3213990619623383e+19,False
1285,2.639055434916146e+20,1.3195277174580732e+19,False
1286,2.6353189027338473e+20,1.3176594513669237e+19,False
1287,2.631588514901985e+20,1.3157942574509924e+19,False
1288,2.627864258977161e+20,1.3139321294885806e+19,False
1289,2.6241461225482843e+20,1.3120730612741423e+19,False
1290,2.6204340932364455e+20,1.3102170466182228e+19,False
1291,2.6167281586948224e+20,1.3083640793474114e+19,False
1292,2.6130283066085658e+20,1.306514153304283e+19,False
1293,2.6093345246947027e+20,1.3046672623473514e+19,False
1294,2.6056468007020184e+20,1.3028234003510092e+19,False
1295,2.6019651224109646e+20,1.3009825612054823e+19,False
1296,2.5982894776335414e+20,1.2991447388167709e+19,False
1297,2.5946198542132042e+20,1.2973099271066022e+19,False
1298,2.5909562400247513e+20,1.2954781200123757e+19,False
1299,2.5872986229742295e+20,1.2936493114871149e+19,False
1300,2.58364699099882e+20,1.29182349549941e+19,False
1301,2.5800013320667464e+20,1.2900006660333732e+19,False
1302,2.576361634177165e+20,1.2881808170885825e+19,False
1303,2.5727278853600674e+20,1.2863639426800337e+19,False
1304,2.569100073676174e+20,1.284550036838087e+19,False
1305,2.565478187216845e+20,1.2827390936084226e+19,False
1306,2.5618622141039575e+20,1.2809311070519788e+19,False
1307,2.5582521424898343e+20,1.2791260712449171e+19,False
1308,2.5546479605571197e+20,1.27732398027856e+19,False
1309,2.551049656518693e+20,1.2755248282593466e+19,False
1310,2.5474572186175635e+20,1.2737286093087818e+19,False
1311,2.5438706351267824e+20,1.2719353175633912e+19,False
1312,2.540289894349326e+20,1.270144947174663e+19,False
1313,2.5367149846180164e+20,1.2683574923090084e+19,False
1314,2.5331458942954157e+20,1.266572947147708e+19,False
1315,2.52958261177373e+20,1.264791305886865e+19,False
1316,2.5260251254747097e+20,1.263012562737355e+19,False
1317,2.5224734238495647e+20,1.2612367119247825e+19,False
1318,2.5189274953788513e+20,1.2594637476894257e+19,False
1319,2.5153873285723944e+20,1.2576936642861974e+19,False
1320,2.511852911969176e+20,1.2559264559845882e+19,False
1321,2.5083242341372602e+20,1.2541621170686302e+19,False
1322,2.5048012836736742e+20,1.2524006418368373e+19,False
1323,2.5012840492043416e+20,1.250642024602171e+19,False
1324,2.497772519383963e+20,1.2488862596919816e+19,False
1325,2.4942666828959452e+20,1.2471333414479727e+19,False
1326,2.4907665284522924e+20,1.2453832642261463e+19,False
1327,2.4872720447935237e+20,1.243636022396762e+19,False
1328,2.4837832206885736e+20,1.2418916103442868e+19,False
1329,2.4803000449347112e+20,1.2401500224673556e+19,False
1330,2.4768225063574307e+20,1.2384112531787153e+19,False
1331,2.4733505938103838e+20,1.236675296905192e+19,False
1332,2.4698842961752696e+20,1.234942148087635e+19,False
1333,2.466423602361757e+20,1.2332118011808784e+19,False
1334,2.4629685013073835e+20,1.231484250653692e+19,False
1335,2.4595189819774806e+20,1.2297594909887404e+19,False
1336,2.4560750333650695e+20,1.228037516682535e+19,False
1337,2.452636644490784e+20,1.226318322245392e+19,False
1338,2.4492038044027725e+20,1.2246019022013864e+19,False
1339,2.445776502176623e+20,1.2228882510883115e+19,False
1340,2.4423547269152565e+20,1.2211773634576284e+19,False
1341,2.4389384677488607e+20,1.2194692338744304e+19,False
1342,2.4355277138347852e+20,1.2177638569173926e+19,False
1343,2.4321224543574698e+20,1.216061227178735e+19,False
1344,2.4287226785283437e+20,1.214361339264172e+19,False
1345,2.425328375585753e+20,1.2126641877928765e+19,False
1346,2.4219395347948634e+20,1.2109697673974317e+19,False
1347,2.4185561454475857e+20,1.2092780727237929e+19,False
1348,2.4151781968624796e+20,1.2075890984312398e+19,False
1349,2.4118056783846837e+20,1.205902839192342e+19,False
1350,2.408438579385814e+20,1.2042192896929071e+19,False
1351,2.4050768892638934e+20,1.2025384446319469e+19,False
1352,2.401720597443261e+20,1.2008602987216306e+19,False
1353,2.398369693374496e+20,1.1991848466872482e+19,False
1354,2.395024166534322e+20,1.197512083267161e+19,False
1355,2.3916840064255404e+20,1.1958420032127703e+19,False
1356,2.3883492025769332e+20,1.1941746012884666e+19,False
1357,2.3850197445431938e+20,1.192509872271597e+19,False
1358,2.3816956219048326e+20,1.1908478109524165e+19,False
1359,2.3783768242681115e+20,1.189188412134056e+19,False
1360,2.375063341264944e+20,1.187531670632472e+19,False
1361,2.3717551625528328e+20,1.1858775812764164e+19,False
1362,2.368452277814774e+20,1.184226138907387e+19,False
1363,2.3651546767591902e+20,1.1825773383795952e+19,False
1364,2.3618623491198383e+20,1.1809311745599193e+19,False
1365,2.358575284655743e+20,1.1792876423278715e+19,False
1366,2.3552934731511045e+20,1.1776467365755523e+19,False
1367,2.352016904415232e+20,1.176008452207616e+19,False
1368,2.3487455682824526e+20,1.1743727841412264e+19,False
1369,2.345479454612047e+20,1.1727397273060237e+19,False
1370,2.3422185532881574e+20,1.1711092766440788e+19,False
1371,2.338962854219724e+20,1.169481427109862e+19,False
1372,2.3357123473403937e+20,1.1678561736701968e+19,False
1373,2.3324670226084545e+20,1.1662335113042272e+19,False
1374,2.3292268700067506e+20,1.1646134350033754e+19,False
1375,2.325991879542615e+20,1.1629959397713076e+19,False
1376,2.3227620412477827e+20,1.1613810206238915e+19,False
1377,2.319537345178319e+20,1.1597686725891596e+19,False
1378,2.3163177814145532e+20,1.1581588907072766e+19,False
1379,2.313103340060984e+20,1.156551670030492e+19,False
1380,2.3098940112462266e+20,1.1549470056231133e+19,False
1381,2.3066897851229186e+20,1.1533448925614594e+19,False
1382,2.3034906518676603e+20,1.1517453259338301e+19,False
1383,2.3002966016809294e+20,1.1501483008404648e+19,False
1384,2.2971076247870164e+20,1.1485538123935082e+19,False
1385,2.2939237114339433e+20,1.1469618557169717e+19,False
1386,2.2907448518933984e+20,1.1453724259466994e+19,False
1387,2.287571036460653e+20,1.1437855182303265e+19,False
1388,2.2844022554545013e+20,1.1422011277272506e+19,False
1389,2.2812384992171744e+20,1.1406192496085873e+19,False
1390,2.278079758114282e+20,1.139039879057141e+19,False
1391,2.274926022534727e+20,1.1374630112673636e+19,False
1392,2.2717772828906458e+20,1.135888641445323e+19,False
1393,2.2686335296173267e+20,1.1343167648086634e+19,False
1394,2.265494753173149e+20,1.1327473765865746e+19,False
1395,2.2623609440395028e+20,1.1311804720197515e+19,False
1396,2.2592320927207257e+20,1.129616046360363e+19,False
1397,2.2561081897440264e+20,1.1280540948720132e+19,False
1398,2.2529892256594218e+20,1.126494612829711e+19,False
1399,2.2498751910396602e+20,1.1249375955198302e+19,False
1400,2.2467660764801568e+20,1.1233830382400784e+19,False
1401,2.2436618725989214e+20,1.1218309362994608e+19,False
1402,2.2405625700364927e+20,1.1202812850182463e+19,False
1403,2.2374681594558657e+20,1.118734079727933e+19,False
1404,2.234378631542429e+20,1.1171893157712146e+19,False
1405,2.2312939770038872e+20,1.1156469885019437e+19,False
1406,2.2282141865702054e+20,1.1141070932851028e+19,False
1407,2.2251392509935282e+20,1.1125696254967642e+19,False
1408,2.2220691610481272e+20,1.1110345805240637e+19,False
1409,2.2190039075303185e+20,1.1095019537651593e+19,False
1410,2.2159434812584074e+20,1.1079717406292038e+19,False
1411,2.2128878730726153e+20,1.1064439365363077e+19,False
1412,2.2098370738350188e+20,1.1049185369175095e+19,False
1413,2.2067910744294762e+20,1.1033955372147382e+19,False
1414,2.2037498657615692e+20,1.1018749328807846e+19,False
1415,2.2007134387585325e+20,1.1003567193792664e+19,False
1416,2.1976817843691903e+20,1.0988408921845953e+19,False
1417,2.1946548935638893e+20,1.0973274467819446e+19,False
1418,2.191632757334438e+20,1.0958163786672191e+19,False
1419,2.1886153666940355e+20,1.0943076833470177e+19,False
1420,2.185602712677215e+20,1.0928013563386075e+19,False
1421,2.1825947863397715e+20,1.0912973931698858e+19,False
1422,2.1795915787587053e+20,1.0897957893793528e+19,False
1423,2.176593081032153e+20,1.0882965405160765e+19,False
1424,2.1735992842793265e+20,1.0867996421396634e+19,False
1425,2.1706101796404475e+20,1.0853050898202237e+19,False
1426,2.16762575827669e+20,1.083812879138345e+19,False
1427,2.1646460113701097e+20,1.0823230056850549e+19,False
1428,2.16167093012359e+20,1.080835465061795e+19,False
1429,2.1587005057607696e+20,1.0793502528803848e+19,False
1430,2.155734729525992e+20,1.0778673647629961e+19,False
1431,2.1527735926842324e+20,1.0763867963421161e+19,False
1432,2.149817086521048e+20,1.0749085432605241e+19,False
1433,2.1468652023425034e+20,1.0734326011712518e+19,False
1434,2.1439179314751216e+20,1.0719589657375609e+19,False
1435,2.140975265265812e+20,1.0704876326329061e+19,False
1436,2.1380371950818237e+20,1.069018597540912e+19,False
1437,2.1351037123106675e+20,1.0675518561553338e+19,False
1438,2.1321748083600726e+20,1.0660874041800364e+19,False
1439,2.1292504746579142e+20,1.0646252373289572e+19,False
1440,2.1263307026521614e+20,1.0631653513260808e+19,False
1441,2.12341548381081e+20,1.0617077419054051e+19,False
1442,2.1205048096218353e+20,1.0602524048109177e+19,False
1443,2.1175986715931188e+20,1.0587993357965595e+19,False
1444,2.1146970612523984e+20,1.0573485306261993e+19,False
1445,2.1117999701472074e+20,1.0558999850736038e+19,False
1446,2.1089073898448165e+20,1.0544536949224083e+19,False
1447,2.1060193119321716e+20,1.0530096559660857e+19,False
1448,2.1031357280158443e+20,1.0515678640079223e+19,False
1449,2.1002566297219626e+20,1.0501283148609812e+19,False
1450,2.0973820086961652e+20,1.0486910043480826e+19,False
1451,2.0945118566035335e+20,1.0472559283017669e+19,False
1452,2.0916461651285433e+20,1.0458230825642717e+19,False
1453,2.088784925974999e+20,1.0443924629874995e+19,False
1454,2.0859281308659863e+20,1.0429640654329932e+19,False
1455,2.0830757715438056e+20,1.0415378857719028e+19,False
1456,2.0802278397699264e+20,1.0401139198849632e+19,False
1457,2.0773843273249197e+20,1.03869216366246e+19,False
1458,2.0745452260084135e+20,1.0372726130042067e+19,False
1459,2.071710527639025e+20,1.0358552638195126e+19,False
1460,2.068880224054318e+20,1.034440112027159e+19,False
1461,2.0660543071107334e+20,1.0330271535553667e+19,False
1462,2.0632327686835487e+20,1.0316163843417743e+19,False
1463,2.0604156006668098e+20,1.030207800333405e+19,False
1464,2.057602794973288e+20,1.028801397486644e+19,False
1465,2.0547943435344118e+20,1.0273971717672059e+19,False
1466,2.0519902383002285e+20,1.0259951191501142e+19,False
1467,2.0491904712393366e+20,1.0245952356196684e+19,False
1468,2.046395034338839e+20,1.0231975171694197e+19,False
1469,2.043603919604286e+20,1.0218019598021431e+19,False
1470,2.0408171190596243e+20,1.0204085595298122e+19,False
1471,2.0380346247471412e+20,1.0190173123735706e+19,False
1472,2.035256428727414e+20,1.017628214363707e+19,False
1473,2.0324825230792507e+20,1.0162412615396254e+19,False
1474,2.0297128998996496e+20,1.0148564499498248e+19,False
1475,2.02694755130373e+20,1.0134737756518652e+19,False
1476,2.024186469424697e+20,1.0120932347123485e+19,False
1477,2.021429646413773e+20,1.0107148232068864e+19,False
1478,2.0186770744401602e+20,1.0093385372200802e+19,False
1479,2.015928745690977e+20,1.0079643728454885e+19,False
1480,2.0131846523712153e+20,1.0065923261856078e+19,False
1481,2.0104447867036795e+20,1.0052223933518397e+19,False
1482,2.0077091409289475e+20,1.0038545704644737e+19,False
1483,2.004977707305306e+20,1.002488853652653e+19,False
1484,2.0022504781087107e+20,1.0011252390543555e+19,False
1485,1.9995274456327284e+20,9.997637228163643e+18,False
1486,1.99680860218849e+20,9.98404301094245e+18,False
1487,1.994093940104638e+20,9.97046970052319e+18,False
1488,1.9913834517272782e+20,9.956917258636392e+18,False
1489,1.9886771294199284e+20,9.943385647099642e+18,False
1490,1.985974965563468e+20,9.92987482781734e+18,False
1491,1.9832769525560885e+20,9.916384762780443e+18,False
1492,1.9805830828132477e+20,9.90291541406624e+18,False
1493,1.9778933487676126e+20,9.889466743838063e+18,False
1494,1.975207742869019e+20,9.876038714345095e+18,False
1495,1.9725262575844124e+20,9.862631287922063e+18,False
1496,1.9698488853978123e+20,9.849244426989062e+18,False
1497,1.9671756188102482e+20,9.835878094051242e+18,False
1498,1.9645064503397263e+20,9.822532251698633e+18,False
1499,1.9618413725211686e+20,9.809206862605842e+18,False
1500,1.959180377906372e+20,9.79590188953186e+18,False
1501,1.9565234590639594e+20,9.782617295319798e+18,False
1502,1.9538706085793268e+20,9.769353042896634e+18,False
1503,1.9512218190546046e+20,9.756109095273023e+18,False
1504,1.948577083108601e+20,9.742885415543005e+18,False
1505,1.9459363933767624e+20,9.729681966883813e+18,False
1506,1.9432997425111184e+20,9.716498712555592e+18,False
1507,1.9406671231802432e+20,9.703335615901217e+18,False
1508,1.9380385280692014e+20,9.690192640346008e+18,False
1509,1.9354139498795077e+20,9.677069749397539e+18,False
1510,1.932793381329073e+20,9.663966906645365e+18,False
1511,1.930176815152166e+20,9.65088407576083e+18,False
1512,1.9275642440993607e+20,9.637821220496804e+18,False
1513,1.9249556609374962e+20,9.62477830468748e+18,False
1514,1.9223510584496226e+20,9.611755292248113e+18,False
1515,1.9197504294349665e+20,9.598752147174832e+18,False
1516,1.9171537667088735e+20,9.585768833544368e+18,False
1517,1.9145610631027727e+20,9.572805315513864e+18,False
1518,1.9119723114641244e+20,9.559861557320622e+18,False
1519,1.9093875046563824e+20,9.546937523281912e+18,False
1520,1.9068066355589376e+20,9.53403317779469e+18,False
1521,1.904229697067089e+20,9.521148485335446e+18,False
1522,1.901656682091982e+20,9.50828341045991e+18,False
1523,1.8990875835605782e+20,9.495437917802891e+18,False
1524,1.8965223944156037e+20,9.482611972078019e+18,False
1525,1.893961107615507e+20,9.469805538077536e+18,False
1526,1.8914037161344136e+20,9.457018580672068e+18,False
1527,1.8888502129620828e+20,9.444251064810414e+18,False
1528,1.8863005911038657e+20,9.431502955519328e+18,False
1529,1.8837548435806604e+20,9.418774217903303e+18,False
1530,1.881212963428868e+20,9.40606481714434e+18,False
1531,1.8786749437003494e+20,9.393374718501747e+18,False
1532,1.876140777462385e+20,9.380703887311925e+18,False
1533,1.8736104577976264e+20,9.368052288988133e+18,False
1534,1.8710839778040598e+20,9.3554198890203e+18,False
1535,1.8685613305949592e+20,9.342806652974797e+18,False
1536,1.8660425092988423e+20,9.330212546494212e+18,False
1537,1.8635275070594374e+20,9.317637535297188e+18,False
1538,1.8610163170356275e+20,9.305081585178139e+18,False
1539,1.8585089324014204e+20,9.292544662007101e+18,False
1540,1.8560053463458998e+20,9.2800267317295e+18,False
1541,1.8535055520731867e+20,9.267527760365935e+18,False
1542,1.8510095428023943e+20,9.255047714011972e+18,False
1543,1.8485173117675933e+20,9.242586558837967e+18,False
1544,1.84602885221776e+20,9.2301442610888e+18,False
1545,1.8435441574167475e+20,9.217720787083738e+18,False
1546,1.8410632206432338e+20,9.205316103216169e+18,False
1547,1.8385860351906886e+20,9.192930175953444e+18,False
1548,1.836112594367326e+20,9.180562971836631e+18,False
1549,1.833642891496072e+20,9.168214457480361e+18,False
1550,1.831176919914514e+20,9.15588459957257e+18,False
1551,1.8287146729748706e+20,9.143573364874354e+18,False
1552,1.8262561440439416e+20,9.131280720219708e+18,False
1553,1.8238013265030778e+20,9.119006632515389e+18,False
1554,1.8213502137481304e+20,9.106751068740653e+18,False
1555,1.818902799189424e+20,9.09451399594712e+18,False
1556,1.8164590762517017e+20,9.082295381258509e+18,False
1557,1.8140190383741003e+20,9.070095191870502e+18,False
1558,1.8115826790100995e+20,9.057913395050498e+18,False
1559,1.8091499916274906e+20,9.045749958137454e+18,False
1560,1.806720969708332e+20,9.03360484854166e+18,False
1561,1.8042956067489133e+20,9.021478033744567e+18,False
1562,1.8018738962597138e+20,9.009369481298569e+18,False
1563,1.7994558317653682e+20,8.997279158826841e+18,False
1564,1.797041406804621e+20,8.985207034023106e+18,False
1565,1.7946306149302967e+20,8.973153074651484e+18,False
1566,1.7922234497092518e+20,8.961117248546259e+18,False
1567,1.7898199047223463e+20,8.949099523611732e+18,False
1568,1.7874199735643986e+20,8.937099867821994e+18,False
1569,1.7850236498441496e+20,8.925118249220748e+18,False
1570,1.782630927184224e+20,8.91315463592112e+18,False
1571,1.7802417992210976e+20,8.901208996105488e+18,False
1572,1.7778562596050518e+20,8.889281298025259e+18,False
1573,1.775474302000142e+20,8.877371510000711e+18,False
1574,1.7730959200841558e+20,8.865479600420779e+18,False
1575,1.7707211075485837e+20,8.853605537742919e+18,False
1576,1.76834985809857e+20,8.84174929049285e+18,False
1577,1.765982165452887e+20,8.829910827264436e+18,False
1578,1.763618023343892e+20,8.81809011671946e+18,False
1579,1.7612574255174933e+20,8.806287127587467e+18,False
1580,1.7589003657331088e+20,8.794501828665545e+18,False
1581,1.7565468377636386e+20,8.782734188818193e+18,False
1582,1.7541968353954192e+20,8.770984176977097e+18,False
1583,1.751850352428193e+20,8.759251762140965e+18,False
1584,1.7495073826750687e+20,8.747536913375344e+18,False
1585,1.747167919962491e+20,8.735839599812456e+18,False
1586,1.7448319581301955e+20,8.724159790650978e+18,False
1587,1.7424994910311825e+20,8.712497455155913e+18,False
1588,1.7401705125316752e+20,8.700852562658377e+18,False
1589,1.737845016511086e+20,8.68922508255543e+18,False
1590,1.735522996861981e+20,8.677614984309906e+18,False
1591,1.733204447490049e+20,8.666022237450245e+18,False
1592,1.7308893623140526e+20,8.654446811570263e+18,False
1593,1.728577735265814e+20,8.642888676329071e+18,False
1594,1.7262695602901605e+20,8.631347801450803e+18,False
1595,1.7239648313449028e+20,8.619824156724515e+18,False
1596,1.7216635424007927e+20,8.608317712003964e+18,False
1597,1.7193656874414932e+20,8.596828437207466e+18,False
1598,1.717071260463541e+20,8.585356302317706e+18,False
1599,1.714780255476314e+20,8.573901277381571e+18,False
1600,1.7124926665019952e+20,8.562463332509977e+18,False
1601,1.710208487575541e+20,8.551042437877705e+18,False
1602,1.707927712744644e+20,8.53963856372322e+18,False
1603,1.7056503360697044e+20,8.528251680348522e+18,False
1604,1.7033763516237873e+20,8.516881758118937e+18,False
1605,1.7011057534926003e+20,8.505528767463002e+18,False
1606,1.698838535774449e+20,8.494192678872244e+18,False
1607,1.6965746925802134e+20,8.482873462901068e+18,False
1608,1.694314218033304e+20,8.471571090166521e+18,False
1609,1.6920571062696414e+20,8.460285531348208e+18,False
1610,1.689803351437608e+20,8.44901675718804e+18,False
1611,1.6875529476980297e+20,8.437764738490149e+18,False
1612,1.685305889224132e+20,8.42652944612066e+18,False
1613,1.683062170201514e+20,8.41531085100757e+18,False
1614,1.6808217848281114e+20,8.404108924140557e+18,False
1615,1.6785847273141666e+20,8.392923636570833e+18,False
1616,1.6763509918821938e+20,8.38175495941097e+18,False
1617,1.6741205727669512e+20,8.370602863834756e+18,False
1618,1.671893464215401e+20,8.359467321077005e+18,False
1619,1.6696696604866848e+20,8.348348302433424e+18,False
1620,1.6674491558520884e+20,8.337245779260443e+18,False
1621,1.66523194459501e+20,8.326159722975051e+18,False
1622,1.6630180210109245e+20,8.315090105054623e+18,False
1623,1.6608073794073605e+20,8.304036897036803e+18,False
1624,1.6586000141038603e+20,8.293000070519302e+18,False
1625,1.6563959194319536e+20,8.281979597159768e+18,False
1626,1.6541950897351233e+20,8.270975448675617e+18,False
1627,1.6519975193687723e+20,8.259987596843862e+18,False
1628,1.6498032027002002e+20,8.249016013501002e+18,False
1629,1.6476121341085614e+20,8.238060670542807e+18,False
1630,1.6454243079848428e+20,8.227121539924214e+18,False
1631,1.643239718731827e+20,8.216198593659136e+18,False
1632,1.6410583607640677e+20,8.205291803820339e+18,False
1633,1.6388802285078505e+20,8.194401142539253e+18,False
1634,1.63670531640117e+20,8.18352658200585e+18,False
1635,1.634533618893694e+20,8.17266809446847e+18,False
1636,1.632365130446738e+20,8.16182565223369e+18,False
1637,1.6301998455332277e+20,8.150999227666139e+18,False
1638,1.628037758637679e+20,8.140188793188395e+18,False
1639,1.625878864256155e+20,8.129394321280775e+18,False
1640,1.6237231568962483e+20,8.118615784481242e+18,False
1641,1.6215706310770416e+20,8.107853155385209e+18,False
1642,1.6194212813290855e+20,8.097106406645428e+18,False
1643,1.6172751021943606e+20,8.086375510971804e+18,False
1644,1.6151320882262567e+20,8.075660441131283e+18,False
1645,1.6129922339895342e+20,8.064961169947672e+18,False
1646,1.6108555340603025e+20,8.054277670301513e+18,False
1647,1.6087219830259846e+20,8.043609915129924e+18,False
1648,1.6065915754852932e+20,8.032957877426467e+18,False
1649,1.6044643060481956e+20,8.022321530240979e+18,False
1650,1.60234016933589e+20,8.01170084667945e+18,False
1651,1.6002191599807712e+20,8.001095799903857e+18,False
1652,1.5981012726264083e+20,7.990506363132042e+18,False
1653,1.595986501927508e+20,7.979932509637541e+18,False
1654,1.5938748425498935e+20,7.969374212749468e+18,False
1655,1.59176628917047e+20,7.95883144585235e+18,False
1656,1.5896608364771996e+20,7.948304182385999e+18,False
1657,1.58755847916907e+20,7.93779239584535e+18,False
1658,1.585459211956069e+20,7.927296059780346e+18,False
1659,1.583363029559155e+20,7.916815147795775e+18,False
1660,1.5812699267102287e+20,7.906349633551144e+18,False
1661,1.5791798981521025e+20,7.895899490760513e+18,False
1662,1.5770929386384785e+20,7.885464693192393e+18,False
1663,1.575009042933914e+20,7.87504521466957e+18,False
1664,1.5729282058138e+20,7.864641029069001e+18,False
1665,1.5708504220643253e+20,7.854252110321627e+18,False
1666,1.568775686482459e+20,7.843878432412295e+18,False
1667,1.5667039938759128e+20,7.833519969379565e+18,False
1668,1.564635339063121e+20,7.823176695315606e+18,False
1669,1.562569716873207e+20,7.812848584366036e+18,False
1670,1.5605071221459642e+20,7.802535610729821e+18,False
1671,1.5584475497318197e+20,7.792237748659099e+18,False
1672,1.5563909944918127e+20,7.781954972459064e+18,False
1673,1.554337451297565e+20,7.771687256487825e+18,False
1674,1.5522869150312563e+20,7.761434575156281e+18,False
1675,1.5502393805855936e+20,7.751196902927968e+18,False
1676,1.54819484286379e+20,7.74097421431895e+18,False
1677,1.546153296779531e+20,7.730766483897655e+18,False
1678,1.544114737256955e+20,7.720573686284775e+18,False
1679,1.5420791592306193e+20,7.710395796153097e+18,False
1680,1.540046557645482e+20,7.70023278822741e+18,False
1681,1.5380169274568665e+20,7.690084637284333e+18,False
1682,1.5359902636304436e+20,7.679951318152219e+18,False
1683,1.5339665611421988e+20,7.669832805710994e+18,False
1684,1.53194581497841e+20,7.65972907489205e+18,False
1685,1.5299280201356195e+20,7.649640100678098e+18,False
1686,1.52791317162061e+20,7.63956585810305e+18,False
1687,1.5259012644503752e+20,7.629506322251876e+18,False
1688,1.523892293652099e+20,7.619461468260495e+18,False
1689,1.521886254263123e+20,7.609431271315616e+18,False
1690,1.5198831413309296e+20,7.599415706654648e+18,False
1691,1.5178829499131062e+20,7.589414749565531e+18,False
1692,1.5158856750773302e+20,7.579428375386652e+18,False
1693,1.513891311901333e+20,7.569456559506665e+18,False
1694,1.5118998554728854e+20,7.559499277364428e+18,False
1695,1.5099113008897622e+20,7.549556504448811e+18,False
1696,1.5079256432597248e+20,7.539628216298624e+18,False
1697,1.505942877700491e+20,7.529714388502454e+18,False
1698,1.5039629993397138e+20,7.51981499669857e+18,False
1699,1.5019860033149524e+20,7.509930016574763e+18,False
1700,1.500011884773653e+20,7.500059423868264e+18,False
1701,1.498040638873114e+20,7.490203194365571e+18,False
1702,1.4960722607804754e+20,7.480361303902377e+18,False
1703,1.4941067456726807e+20,7.470533728363404e+18,False
1704,1.492144088736462e+20,7.46072044368231e+18,False
1705,1.490184285168308e+20,7.450921425841541e+18,False
1706,1.4882273301744455e+20,7.441136650872228e+18,False
1707,1.486273218970811e+20,7.431366094854056e+18,False
1708,1.4843219467830316e+20,7.421609733915159e+18,False
1709,1.4823735088463915e+20,7.411867544231958e+18,False
1710,1.480427900405819e+20,7.402139502029095e+18,False
1711,1.4784851167158537e+20,7.392425583579269e+18,False
1712,1.4765451530406278e+20,7.38272576520314e+18,False
1713,1.4746080046538374e+20,7.373040023269188e+18,False
1714,1.4726736668387264e+20,7.363368334193632e+18,False
1715,1.470742134888053e+20,7.353710674440266e+18,False
1716,1.4688134041040737e+20,7.344067020520369e+18,False
1717,1.4668874697985149e+20,7.334437348992574e+18,False
1718,1.464964327292554e+20,7.32482163646277e+18,False
1719,1.4630439719167894e+20,7.315219859583947e+18,False
1720,1.4611263990112245e+20,7.305631995056123e+18,False
1721,1.4592116039252376e+20,7.296058019626189e+18,False
1722,1.457299582017565e+20,7.286497910087825e+18,False
1723,1.4553903286562714e+20,7.276951643281358e+18,False
1724,1.4534838392187322e+20,7.267419196093661e+18,False
1725,1.451580109091607e+20,7.257900545458036e+18,False
1726,1.4496791336708191e+20,7.248395668354096e+18,False
1727,1.4477809083615291e+20,7.238904541807646e+18,False
1728,1.4458854285781167e+20,7.229427142890584e+18,False
1729,1.443992689744153e+20,7.219963448720765e+18,False
1730,1.442102687292383e+20,7.210513436461916e+18,False
1731,1.4402154166646974e+20,7.201077083323487e+18,False
1732,1.4383308733121159e+20,7.19165436656058e+18,False
1733,1.4364490526947584e+20,7.182245263473792e+18,False
1734,1.4345699502818284e+20,7.172849751409143e+18,False
1735,1.4326935615515868e+20,7.163467807757935e+18,False
1736,1.4308198819913313e+20,7.154099409956657e+18,False
1737,1.4289489070973729e+20,7.144744535486865e+18,False
1738,1.4270806323750163e+20,7.135403161875082e+18,False
1739,1.4252150533385337e+20,7.126075266692669e+18,False
1740,1.4233521655111482e+20,7.116760827555742e+18,False
1741,1.4214919644250056e+20,7.107459822125028e+18,False
1742,1.4196344456211579e+20,7.098172228105789e+18,False
1743,1.4177796046495372e+20,7.088898023247687e+18,False
1744,1.4159274370689391e+20,7.079637185344696e+18,False
1745,1.4140779384469943e+20,7.070389692234972e+18,False
1746,1.4122311043601537e+20,7.06115552180077e+18,False
1747,1.410386930393661e+20,7.051934651968305e+18,False
1748,1.4085454121415365e+20,7.042727060707683e+18,False
1749,1.4067065452065497e+20,7.033532726032749e+18,False
1750,1.4048703252002051e+20,7.024351626001026e+18,False
1751,1.4030367477427146e+20,7.015183738713573e+18,False
1752,1.4012058084629778e+20,7.006029042314889e+18,False
1753,1.3993775029985649e+20,6.996887514992824e+18,False
1754,1.3975518269956899e+20,6.987759134978449e+18,False
1755,1.395728776109193e+20,6.978643880545965e+18,False
1756,1.3939083460025174e+20,6.969541730012587e+18,False
1757,1.392090532347692e+20,6.96045266173846e+18,False
1758,1.3902753308253055e+20,6.951376654126527e+18,False
1759,1.3884627371244908e+20,6.942313685622454e+18,False
1760,1.386652746942898e+20,6.933263734714491e+18,False
1761,1.3848453559866822e+20,6.924226779933411e+18,False
1762,1.3830405599704731e+20,6.915202799852366e+18,False
1763,1.3812383546173635e+20,6.906191773086818e+18,False
1764,1.379438735658882e+20,6.89719367829441e+18,False
1765,1.3776416988349774e+20,6.888208494174888e+18,False
1766,1.3758472398939934e+20,6.879236199469967e+18,False
1767,1.374055354592654e+20,6.870276772963271e+18,False
1768,1.3722660386960382e+20,6.861330193480192e+18,False
1769,1.3704792879775634e+20,6.852396439887818e+18,False
1770,1.3686950982189616e+20,6.843475491094809e+18,False
1771,1.366913465210265e+20,6.834567326051325e+18,False
1772,1.3651343847497779e+20,6.82567192374889e+18,False
1773,1.3633578526440658e+20,6.816789263220329e+18,False
1774,1.3615838647079279e+20,6.80791932353964e+18,False
1775,1.3598124167643818e+20,6.799062083821909e+18,False
1776,1.3580435046446408e+20,6.790217523223204e+18,False
1777,1.356277124188099e+20,6.781385620940496e+18,False
1778,1.3545132712423028e+20,6.772566356211514e+18,False
1779,1.3527519416629428e+20,6.763759708314714e+18,False
1780,1.3509931313138233e+20,6.754965656569117e+18,False
1781,1.3492368360668509e+20,6.746184180334255e+18,False
1782,1.34748305180201e+20,6.73741525901005e+18,False
1783,1.3457317744073466e+20,6.728658872036733e+18,False
1784,1.3439829997789463e+20,6.719914998894731e+18,False
1785,1.342236723820918e+20,6.711183619104591e+18,False
1786,1.3404929424453714e+20,6.702464712226857e+18,False
1787,1.3387516515724014e+20,6.693758257862008e+18,False
1788,1.3370128471300645e+20,6.685064235650322e+18,False
1789,1.3352765250543665e+20,6.676382625271833e+18,False
1790,1.333542681289234e+20,6.66771340644617e+18,False
1791,1.331811311786506e+20,6.65905655893253e+18,False
1792,1.3300824125059065e+20,6.650412062529533e+18,False
1793,1.3283559794150316e+20,6.641779897075159e+18,False
1794,1.326632008489325e+20,6.633160042446626e+18,False
1795,1.3249104957120663e+20,6.624552478560332e+18,False
1796,1.3231914370743443e+20,6.615957185371722e+18,False
1797,1.3214748285750477e+20,6.607374142875238e+18,False
1798,1.319760666220837e+20,6.598803331104185e+18,False
1799,1.3180489460261326e+20,6.590244730130663e+18,False
1800,1.3163396640130936e+20,6.581698320065468e+18,False
1801,1.3146328162116023e+20,6.573164081058012e+18,False
1802,1.3129283986592386e+20,6.564641993296194e+18,False
1803,1.3112264074012731e+20,6.556132037006366e+18,False
1804,1.3095268384906368e+20,6.547634192453185e+18,False
1805,1.307829687987913e+20,6.539148439939566e+18,False
1806,1.3061349519613118e+20,6.530674759806559e+18,False
1807,1.3044426264866577e+20,6.522213132433289e+18,False
1808,1.3027527076473656e+20,6.513763538236829e+18,False
1809,1.30106519153443e+20,6.50532595767215e+18,False
1810,1.2993800742464004e+20,6.496900371232002e+18,False
1811,1.2976973518893684e+20,6.488486759446842e+18,False
1812,1.2960170205769453e+20,6.480085102884727e+18,False
1813,1.2943390764302495e+20,6.471695382151248e+18,False
1814,1.2926635155778842e+20,6.463317577889421e+18,False
1815,1.2909903341559233e+20,6.454951670779617e+18,False
1816,1.2893195283078904e+20,6.446597641539453e+18,False
1817,1.2876510941847454e+20,6.438255470923727e+18,False
1818,1.2859850279448605e+20,6.429925139724303e+18,False
1819,1.2843213257540131e+20,6.421606628770066e+18,False
1820,1.2826599837853557e+20,6.413299918926778e+18,False
1821,1.2810009982194098e+20,6.405004991097049e+18,False
1822,1.2793443652440408e+20,6.396721826220204e+18,False
1823,1.2776900810544456e+20,6.388450405272228e+18,False
1824,1.2760381418531326e+20,6.380190709265663e+18,False
1825,1.2743885438499063e+20,6.371942719249532e+18,False
1826,1.272741283261848e+20,6.36370641630924e+18,False
1827,1.2710963563133028e+20,6.355481781566514e+18,False
1828,1.2694537592358558e+20,6.34726879617928e+18,False
1829,1.2678134882683237e+20,6.339067441341619e+18,False
1830,1.2661755396567304e+20,6.330877698283652e+18,False
1831,1.2645399096542947e+20,6.322699548271474e+18,False
1832,1.2629065945214111e+20,6.314532972607056e+18,False
1833,1.2612755905256353e+20,6.306377952628177e+18,False
1834,1.2596468939416637e+20,6.298234469708319e+18,False
1835,1.2580205010513224e+20,6.290102505256612e+18,False
1836,1.2563964081435438e+20,6.28198204071772e+18,False
1837,1.2547746115143569e+20,6.273873057571785e+18,False
1838,1.2531551074668646e+20,6.265775537334323e+18,False
1839,1.2515378923112322e+20,6.257689461556162e+18,False
1840,1.2499229623646665e+20,6.249614811823333e+18,False
1841,1.2483103139514049e+20,6.241551569757024e+18,False
1842,1.246699943402692e+20,6.23349971701346e+18,False
1843,1.2450918470567712e+20,6.225459235283856e+18,False
1844,1.2434860212588608e+20,6.217430106294305e+18,False
1845,1.2418824623611447e+20,6.209412311805724e+18,False
1846,1.2402811667227494e+20,6.201405833613747e+18,False
1847,1.238682130709735e+20,6.193410653548675e+18,False
1848,1.237085350695073e+20,6.185426753475366e+18,False
1849,1.2354908230586345e+20,6.177454115293173e+18,False
1850,1.2338985441871715e+20,6.169492720935858e+18,False
1851,1.232308510474303e+20,6.161542552371515e+18,False
1852,1.2307207183204971e+20,6.153603591602486e+18,False
1853,1.2291351641330578e+20,6.14567582066529e+18,False
1854,1.2275518443261053e+20,6.137759221630526e+18,False
1855,1.225970755320566e+20,6.12985377660283e+18,False
1856,1.224391893544149e+20,6.121959467720745e+18,False
1857,1.2228152554313397e+20,6.114076277156699e+18,False
1858,1.2212408374233747e+20,6.106204187116874e+18,False
1859,1.2196686359682351e+20,6.098343179841176e+18,False
1860,1.2180986475206225e+20,6.090493237603113e+18,False
1861,1.2165308685419523e+20,6.082654342709762e+18,False
1862,1.2149652955003291e+20,6.074826477501646e+18,False
1863,1.2134019248705393e+20,6.067009624352697e+18,False
1864,1.2118407531340302e+20,6.059203765670151e+18,False
1865,1.2102817767788991e+20,6.051408883894496e+18,False
1866,1.2087249922998724e+20,6.043624961499362e+18,False
1867,1.2071703961982974e+20,6.035851980991488e+18,False
1868,1.2056179849821205e+20,6.028089924910603e+18,False
1869,1.2040677551658774e+20,6.020338775829387e+18,False
1870,1.2025197032706733e+20,6.012598516353367e+18,False
1871,1.2009738258241718e+20,6.004869129120859e+18,False
1872,1.1994301193605775e+20,5.997150596802888e+18,False
1873,1.1978885804206221e+20,5.989442902103111e+18,False
1874,1.1963492055515483e+20,5.981746027757742e+18,False
1875,1.1948119913070979e+20,5.97405995653549e+18,False
1876,1.1932769342474918e+20,5.96638467123746e+18,False
1877,1.1917440309394191e+20,5.958720154697096e+18,False
1878,1.1902132779560234e+20,5.951066389780118e+18,False
1879,1.1886846718768844e+20,5.943423359384422e+18,False
1880,1.1871582092880042e+20,5.935791046440022e+18,False
1881,1.1856338867817944e+20,5.928169433908973e+18,False
1882,1.184111700957061e+20,5.920558504785306e+18,False
1883,1.1825916484189875e+20,5.912958242094938e+18,False
1884,1.181073725779125e+20,5.905368628895625e+18,False
1885,1.1795579296553707e+20,5.897789648276854e+18,False
1886,1.1780442566719627e+20,5.890221283359814e+18,False
1887,1.1765327034594555e+20,5.882663517297278e+18,False
1888,1.175023266654715e+20,5.875116333273575e+18,False
1889,1.1735159429008962e+20,5.867579714504482e+18,False
1890,1.1720107288474363e+20,5.860053644237182e+18,False
1891,1.1705076211500325e+20,5.852538105750163e+18,False
1892,1.1690066164706366e+20,5.845033082353184e+18,False
1893,1.1675077114774318e+20,5.83753855738716e+18,False
1894,1.1660109028448267e+20,5.830054514224134e+18,False
1895,1.1645161872534354e+20,5.822580936267178e+18,False
1896,1.1630235613900662e+20,5.815117806950331e+18,False
1897,1.1615330219477074e+20,5.807665109738537e+18,False
1898,1.1600445656255123e+20,5.800222828127562e+18,False
1899,1.1585581891287862e+20,5.792790945643932e+18,False
1900,1.1570738891689725e+20,5.785369445844863e+18,False
1901,1.1555916624636376e+20,5.777958312318189e+18,False
1902,1.1541115057364594e+20,5.770557528682297e+18,False
1903,1.1526334157172105e+20,5.763167078586053e+18,False
1904,1.1511573891417484e+20,5.755786945708743e+18,False
1905,1.1496834227519965e+20,5.748417113759983e+18,False
1906,1.1482115132959367e+20,5.741057566479684e+18,False
1907,1.1467416575275891e+20,5.733708287637946e+18,False
1908,1.1452738522070055e+20,5.726369261035028e+18,False
1909,1.1438080941002487e+20,5.719040470501244e+18,False
1910,1.142344379979385e+20,5.711721899896926e+18,False
1911,1.1408827066224668e+20,5.704413533112334e+18,False
1912,1.1394230708135213e+20,5.697115354067608e+18,False
1913,1.1379654693425355e+20,5.689827346712678e+18,False
1914,1.1365098990054446e+20,5.682549495027224e+18,False
1915,1.1350563566041163e+20,5.675281783020582e+18,False
1916,1.1336048389463412e+20,5.668024194731706e+18,False
1917,1.1321553428458147e+20,5.660776714229074e+18,False
1918,1.1307078651221285e+20,5.653539325610643e+18,False
1919,1.1292624026007536e+20,5.646312013003768e+18,False
1920,1.12781895211303e+20,5.63909476056515e+18,False
1921,1.1263775104961513e+20,5.631887552480757e+18,False
1922,1.124938074593154e+20,5.62469037296577e+18,False
1923,1.123500641252902e+20,5.61750320626451e+18,False
1924,1.122065207330075e+20,5.610326036650375e+18,False
1925,1.1206317696851557e+20,5.603158848425779e+18,False
1926,1.1192003251844165e+20,5.596001625922083e+18,False
1927,1.1177708706999054e+20,5.588854353499527e+18,False
1928,1.1163434031094356e+20,5.581717015547179e+18,False
1929,1.1149179192965702e+20,5.574589596482851e+18,False
1930,1.113494416150612e+20,5.567472080753061e+18,False
1931,1.1120728905665872e+20,5.560364452832936e+18,False
1932,1.1106533394452372e+20,5.553266697226187e+18,False
1933,1.1092357596930004e+20,5.546178798465002e+18,False
1934,1.1078201482220056e+20,5.539100741110028e+18,False
1935,1.106406501950054e+20,5.532032509750271e+18,False
1936,1.104994817800611e+20,5.524974089003055e+18,False
1937,1.1035850927027886e+20,5.517925463513943e+18,False
1938,1.1021773235913402e+20,5.510886617956701e+18,False
1939,1.100771507406639e+20,5.503857537033194e+18,False
1940,1.0993676410946739e+20,5.496838205473369e+18,False
1941,1.0979657216070314e+20,5.489828608035157e+18,False
1942,1.096565745900887e+20,5.482828729504435e+18,False
1943,1.0951677109389892e+20,5.475838554694946e+18,False
1944,1.0937716136896507e+20,5.468858068448254e+18,False
1945,1.0923774511267335e+20,5.461887255633668e+18,False
1946,1.090985220229638e+20,5.454926101148191e+18,False
1947,1.0895949179832905e+20,5.447974589916453e+18,False
1948,1.0882065413781309e+20,5.441032706890655e+18,False
1949,1.0868200874101001e+20,5.434100437050501e+18,False
1950,1.08543555308063e+20,5.42717776540315e+18,False
1951,1.0840529353966263e+20,5.420264676983131e+18,False
1952,1.0826722313704646e+20,5.413361156852323e+18,False
1953,1.0812934380199689e+20,5.406467190099844e+18,False
1954,1.0799165523684082e+20,5.399582761842041e+18,False
1955,1.0785415714444775e+20,5.392707857222388e+18,False
1956,1.0771684922822921e+20,5.385842461411461e+18,False
1957,1.0757973119213696e+20,5.378986559606849e+18,False
1958,1.0744280274066239e+20,5.37214013703312e+18,False
1959,1.0730606357883481e+20,5.365303178941741e+18,False
1960,1.071695134122207e+20,5.358475670611035e+18,False
1961,1.0703315194692221e+20,5.35165759734611e+18,False
1962,1.0689697888957627e+20,5.344848944478813e+18,False
1963,1.0676099394735299e+20,5.338049697367649e+18,False
1964,1.0662519682795513e+20,5.331259841397757e+18,False
1965,1.0648958723961627e+20,5.324479361980813e+18,False
1966,1.063541648911002e+20,5.31770824455501e+18,False
1967,1.0621892949169929e+20,5.310946474584964e+18,False
1968,1.0608388075123368e+20,5.304194037561684e+18,False
1969,1.0594901838004997e+20,5.297450919002499e+18,False
1970,1.058143420890202e+20,5.29071710445101e+18,False
1971,1.0567985158954038e+20,5.28399257947702e+18,False
1972,1.0554554659352987e+20,5.277277329676494e+18,False
1973,1.0541142681342963e+20,5.270571340671482e+18,False
1974,1.0527749196220172e+20,5.263874598110086e+18,False
1975,1.051437417533275e+20,5.257187087666376e+18,False
1976,1.0501017590080722e+20,5.250508795040361e+18,False
1977,1.048767941191581e+20,5.243839705957905e+18,False
1978,1.0474359612341394e+20,5.237179806170697e+18,False
1979,1.046105816291235e+20,5.230529081456175e+18,False
1980,1.0447775035234961e+20,5.223887517617481e+18,False
1981,1.0434510200966796e+20,5.217255100483399e+18,False
1982,1.042126363181661e+20,5.210631815908306e+18,False
1983,1.0408035299544213e+20,5.204017649772107e+18,False
1984,1.0394825175960384e+20,5.197412587980193e+18,False
1985,1.0381633232926736e+20,5.190816616463368e+18,False
1986,1.036845944235563e+20,5.184229721177815e+18,False
1987,1.035530377621003e+20,5.177651888105015e+18,False
1988,1.0342166206503446e+20,5.171083103251723e+18,False
1989,1.0329046705299767e+20,5.164523352649884e+18,False
1990,1.0315945244713204e+20,5.157972622356602e+18,False
1991,1.0302861796908132e+20,5.151430898454066e+18,False
1992,1.0289796334099027e+20,5.144898167049514e+18,False
1993,1.027674882855032e+20,5.13837441427516e+18,False
1994,1.0263719252576322e+20,5.131859626288161e+18,False
1995,1.0250707578541084e+20,5.125353789270542e+18,False
1996,1.0237713778858323e+20,5.118856889429162e+18,False
1997,1.0224737825991279e+20,5.112368912995639e+18,False
1998,1.0211779692452644e+20,5.105889846226322e+18,False
1999,1.0198839350804424e+20,5.099419675402212e+18,False
2000,1.0185916773657865e+20,5.092958386828933e+18,False
2001,1.017301193367331e+20,5.086505966836655e+18,False
2002,1.0160124803560119e+20,5.080062401780059e+18,False
2003,1.0147255356076556e+20,5.073627678038278e+18,False
2004,1.0134403564029705e+20,5.067201782014852e+18,False
2005,1.0121569400275311e+20,5.060784700137655e+18,False
2006,1.0108752837717739e+20,5.05437641885887e+18,False
2007,1.0095953849309805e+20,5.047976924654902e+18,False
2008,1.0083172408052757e+20,5.041586204026379e+18,False
2009,1.007040848699608e+20,5.03520424349804e+18,False
2010,1.0057662059237443e+20,5.028831029618722e+18,False
2011,1.0044933097922593e+20,5.022466548961296e+18,False
2012,1.0032221576245251e+20,5.016110788122626e+18,False
2013,1.0019527467446988e+20,5.009763733723494e+18,False
2014,1.0006850744817153e+20,5.003425372408577e+18,False
2015,9.994191381692732e+19,4.997095690846367e+18,False
2016,9.981549351458311e+19,4.990774675729156e+18,False
2017,9.968924627545894e+19,4.984462313772947e+18,False
2018,9.95631718343486e+19,4.97815859171743e+18,False
2019,9.943726992651833e+19,4.971863496325917e+18,False
2020,9.931154028770612e+19,4.965577014385307e+18,False
2021,9.918598265412026e+19,4.959299132706013e+18,False
2022,9.90605967624387e+19,4.953029838121935e+18,False
2023,9.893538234980778e+19,4.946769117490389e+18,False
2024,9.88103391538416e+19,4.94051695769208e+18,False
2025,9.868546691262066e+19,4.934273345631033e+18,False
2026,9.856076536469098e+19,4.928038268234549e+18,False
2027,9.843623424906302e+19,4.921811712453152e+18,False
2028,9.831187330521122e+19,4.915593665260561e+18,False
2029,9.818768227307215e+19,4.909384113653607e+18,False
2030,9.806366089304424e+19,4.903183044652212e+18,False
2031,9.793980890598626e+19,4.896990445299314e+18,False
2032,9.781612605321703e+19,4.890806302660852e+18,False
2033,9.769261207651372e+19,4.884630603825687e+18,False
2034,9.75692667181112e+19,4.878463335905561e+18,False
2035,9.744608972070117e+19,4.872304486035059e+18,False
2036,9.732308082743108e+19,4.866154041371554e+18,False
2037,9.720023978190309e+19,4.860011989095155e+18,False
2038,9.707756632817318e+19,4.853878316408659e+18,False
2039,9.695506021075016e+19,4.847753010537508e+18,False
2040,9.683272117459496e+19,4.841636058729748e+18,False
2041,9.671054896511925e+19,4.835527448255962e+18,False
2042,9.658854332818465e+19,4.829427166409232e+18,False
2043,9.646670401010192e+19,4.823335200505096e+18,False
2044,9.634503075763e+19,4.817251537881501e+18,False
2045,9.622352331797484e+19,4.811176165898743e+18,False
2046,9.610218143878865e+19,4.805109071939432e+18,False
2047,9.598100486816873e+19,4.799050243408436e+18,False
2048,9.585999335465709e+19,4.792999667732855e+18,False
2049,9.57391466472388e+19,4.78695733236194e+18,False
2050,9.561846449534147e+19,4.780923224767073e+18,False
2051,9.549794664883413e+19,4.774897332441706e+18,False
2052,9.537759285802679e+19,4.768879642901339e+18,False
2053,9.525740287366863e+19,4.762870143683431e+18,False
2054,9.513737644694795e+19,4.756868822347398e+18,False
2055,9.501751332949041e+19,4.750875666474521e+18,False
2056,9.489781327335927e+19,4.744890663667964e+18,False
2057,9.477827603105315e+19,4.738913801552657e+18,False
2058,9.465890135550598e+19,4.732945067775299e+18,False
2059,9.453968900008568e+19,4.726984450004284e+18,False
2060,9.442063871859384e+19,4.721031935929692e+18,False
2061,9.430175026526395e+19,4.715087513263197e+18,False
2062,9.418302339476102e+19,4.709151169738051e+18,False
2063,9.406445786218063e+19,4.703222893109032e+18,False
2064,9.394605342304813e+19,4.697302671152407e+18,False
2065,9.382780983331742e+19,4.691390491665871e+18,False
2066,9.370972684937016e+19,4.685486342468509e+18,False
2067,9.359180422801503e+19,4.679590211400752e+18,False
2068,9.34740417264869e+19,4.673702086324346e+18,False
2069,9.335643910244563e+19,4.667821955122281e+18,False
2070,9.323899611397535e+19,4.661949805698768e+18,False
2071,9.312171251958337e+19,4.656085625979169e+18,False
2072,9.300458807820008e+19,4.650229403910004e+18,False
2073,9.288762254917686e+19,4.644381127458844e+18,False
2074,9.277081569228613e+19,4.638540784614307e+18,False
2075,9.265416726772005e+19,4.632708363386002e+18,False
2076,9.253767703608995e+19,4.626883851804498e+18,False
2077,9.242134475842504e+19,4.621067237921252e+18,False
2078,9.23051701961719e+19,4.615258509808595e+18,False
2079,9.218915311119337e+19,4.6094576555596687e+18,False
2080,9.207329326576797e+19,4.603664663288399e+18,False
2081,9.195759042258877e+19,4.5978795211294387e+18,False
2082,9.184204434476258e+19,4.592102217238129e+18,False
2083,9.172665479580906e+19,4.586332739790453e+18,False
2084,9.161142153966023e+19,4.580571076983012e+18,False
2085,9.1496344340659e+19,4.57481721703295e+18,False
2086,9.138142296355884e+19,4.5690711481779425e+18,False
2087,9.126665717352248e+19,4.563332858676124e+18,False
2088,9.115204673612171e+19,4.5576023368060856e+18,False
2089,9.103759141733578e+19,4.551879570866789e+18,False
2090,9.092329098355103e+19,4.5461645491775514e+18,False
2091,9.080914520155975e+19,4.540457260077988e+18,False
2092,9.069515383855999e+19,4.5347576919279995e+18,False
2093,9.058131666215374e+19,4.5290658331076874e+18,False
2094,9.046763344034682e+19,4.523381672017341e+18,False
2095,9.035410394154769e+19,4.5177051970773847e+18,False
2096,9.024072793456699e+19,4.5120363967283497e+18,False
2097,9.01275051886164e+19,4.5063752594308204e+18,False
2098,9.001443547330768e+19,4.5007217736653844e+18,False
2099,8.990151855865217e+19,4.4950759279326085e+18,False
2100,8.978875421506003e+19,4.4894377107530015e+18,False
2101,8.967614221333902e+19,4.483807110666951e+18,False
2102,8.956368232469388e+19,4.478184116234694e+18,False
2103,8.945137432072552e+19,4.472568716036276e+18,False
2104,8.933921797343053e+19,4.466960898671527e+18,False
2105,8.92272130551997e+19,4.4613606527599857e+18,False
2106,8.91153593388176e+19,4.4557679669408804e+18,False
2107,8.900365659746181e+19,4.4501828298730906e+18,False
2108,8.88921046047021e+19,4.4446052302351053e+18,False
2109,8.878070313449942e+19,4.4390351567249715e+18,False
2110,8.86694519612053e+19,4.433472598060265e+18,False
2111,8.85583508595608e+19,4.42791754297804e+18,False
2112,8.844739960469625e+19,4.422369980234813e+18,False
2113,8.833659797212987e+19,4.4168298986064937e+18,False
2114,8.822594573776717e+19,4.411297286888359e+18,False
2115,8.81154426779001e+19,4.405772133895005e+18,False
2116,8.800508856920673e+19,4.400254428460337e+18,False
2117,8.789488318874966e+19,4.3947441594374835e+18,False
2118,8.778482631397589e+19,4.3892413156987945e+18,False
2119,8.767491772271549e+19,4.3837458861357747e+18,False
2120,8.756515719318164e+19,4.378257859659082e+18,False
2121,8.74555445039688e+19,4.37277722519844e+18,False
2122,8.734607943405267e+19,4.3673039717026335e+18,False
2123,8.723676176278918e+19,4.361838088139459e+18,False
2124,8.712759126991387e+19,4.356379563495694e+18,False
2125,8.701856773554076e+19,4.3509283867770383e+18,False
2126,8.69096909401618e+19,4.34548454700809e+18,False
2127,8.680096066464625e+19,4.340048033232313e+18,False
2128,8.669237669023952e+19,4.3346188345119764e+18,False
2129,8.6583938798563e+19,4.32919693992815e+18,False
2130,8.647564677161258e+19,4.3237823385806295e+18,False
2131,8.63675003917584e+19,4.31837501958792e+18,False
2132,8.62594994417438e+19,4.3129749720871905e+18,False
2133,8.615164370468494e+19,4.307582185234247e+18,False
2134,8.604393296406959e+19,4.3021966482034796e+18,False
2135,8.59363670037565e+19,4.296818350187825e+18,False
2136,8.582894560797496e+19,4.291447280398748e+18,False
2137,8.572166856132369e+19,4.2860834280661847e+18,False
2138,8.561453564877021e+19,4.2807267824385106e+18,False
2139,8.550754665565002e+19,4.2753773327825014e+18,False
2140,8.540070136766598e+19,4.2700350683832996e+18,False
2141,8.529399957088767e+19,4.264699978544384e+18,False
2142,8.518744105175022e+19,4.2593720525875113e+18,False
2143,8.508102559705403e+19,4.2540512798527017e+18,False
2144,8.497475299396357e+19,4.248737649698179e+18,False
2145,8.486862303000738e+19,4.2434311515003694e+18,False
2146,8.476263549307645e+19,4.238131774653823e+18,False
2147,8.465679017142408e+19,4.232839508571204e+18,False
2148,8.455108685366478e+19,4.2275543426832394e+18,False
2149,8.444552532877407e+19,4.2222762664387036e+18,False
2150,8.434010538608717e+19,4.217005269304359e+18,False
2151,8.423482681529849e+19,4.2117413407649244e+18,False
2152,8.412968940646097e+19,4.2064844703230484e+18,False
2153,8.402469294998548e+19,4.201234647499274e+18,False
2154,8.391983723663974e+19,4.195991861831987e+18,False
2155,8.381512205754778e+19,4.190756102877389e+18,False
2156,8.371054720418927e+19,4.185527360209464e+18,False
2157,8.3606112468399e+19,4.18030562341995e+18,False
2158,8.350181764236562e+19,4.175090882118281e+18,False
2159,8.339766251863135e+19,4.1698831259315676e+18,False
2160,8.329364689009112e+19,4.164682344504556e+18,False
2161,8.318977054999208e+19,4.159488527499604e+18,False
2162,8.308603329193255e+19,4.1543016645966275e+18,False
2163,8.298243490986148e+19,4.149121745493074e+18,False
2164,8.287897519807773e+19,4.143948759903887e+18,False
2165,8.277565395122959e+19,4.1387826975614797e+18,False
2166,8.267247096431365e+19,4.133623548215683e+18,False
2167,8.256942603267436e+19,4.1284713016337183e+18,False
2168,8.246651895200322e+19,4.1233259476001613e+18,False
2169,8.23637495183385e+19,4.1181874759169254e+18,False
2170,8.226111752806382e+19,4.1130558764031913e+18,False
2171,8.215862277790805e+19,4.107931138895403e+18,False
2172,8.205626506494417e+19,4.102813253247209e+18,False
2173,8.195404418658927e+19,4.0977022093294633e+18,False
2174,8.185195994060299e+19,4.0925979970301496e+18,False
2175,8.175001212508745e+19,4.087500606254373e+18,False
2176,8.164820053848621e+19,4.0824100269243105e+18,False
2177,8.154652497958412e+19,4.077326248979206e+18,False
2178,8.144498524750594e+19,4.072249262375297e+18,False
2179,8.134358114171607e+19,4.067179057085804e+18,False
2180,8.124231246201774e+19,4.062115623100887e+18,False
2181,8.114117900855262e+19,4.057058950427631e+18,False
2182,8.104018058179964e+19,4.0520090290899825e+18,False
2183,8.093931698257476e+19,4.0469658491287383e+18,False
2184,8.083858801202995e+19,4.0419294006014976e+18,False
2185,8.073799347165304e+19,4.036899673582652e+18,False
2186,8.063753316326636e+19,4.0318766581633183e+18,False
2187,8.053720688902662e+19,4.026860344451331e+18,False
2188,8.04370144514239e+19,4.0218507225711954e+18,False
2189,8.033695565328137e+19,4.0168477826640686e+18,False
2190,8.023703029775422e+19,4.011851514887711e+18,False
2191,8.013723818832917e+19,4.006861909416459e+18,False
2192,8.003757912882387e+19,4.001878956441194e+18,False
2193,7.99380529233863e+19,3.9969026461693153e+18,False
2194,7.983865937649377e+19,3.9919329688246886e+18,False
2195,7.973939829295271e+19,3.986969914647636e+18,False
2196,7.964026947789755e+19,3.9820134738948777e+18,False
2197,7.954127273679079e+19,3.9770636368395397e+18,False
2198,7.944240787542142e+19,3.9721203937710715e+18,False
2199,7.934367469990497e+19,3.967183734995249e+18,False
2200,7.92450730166825e+19,3.962253650834125e+18,False
2201,7.914660263252034e+19,3.957330131626017e+18,False
2202,7.904826335450897e+19,3.9524131677254487e+18,False
2203,7.895005499006267e+19,3.9475027495031337e+18,False
2204,7.88519773469188e+19,3.94259886734594e+18,False
2205,7.875403023313728e+19,3.9377015116568643e+18,False
2206,7.865621345709975e+19,3.932810672854988e+18,False
2207,7.855852682750906e+19,3.927926341375453e+18,False
2208,7.846097015338849e+19,3.9230485076694246e+18,False
2209,7.836354324408158e+19,3.918177162204079e+18,False
2210,7.826624590925082e+19,3.9133122954625413e+18,False
2211,7.81690779588775e+19,3.908453897943875e+18,False
2212,7.807203920326084e+19,3.9036019601630423e+18,False
2213,7.797512945301766e+19,3.898756472650883e+18,False
2214,7.787834851908146e+19,3.893917425954073e+18,False
2215,7.778169621270179e+19,3.88908481063509e+18,False
2216,7.76851723454438e+19,3.88425861727219e+18,False
2217,7.758877672918773e+19,3.879438836459387e+18,False
2218,7.749250917612783e+19,3.874625458806392e+18,False
2219,7.739636949877223e+19,3.8698184749386117e+18,False
2220,7.730035750994192e+19,3.865017875497096e+18,False
2221,7.720447302277061e+19,3.860223651138531e+18,False
2222,7.710871585070367e+19,3.8554357925351834e+18,False
2223,7.701308580749764e+19,3.8506542903748823e+18,False
2224,7.691758270721974e+19,3.845879135360987e+18,False
2225,7.682220636424728e+19,3.8411103182123643e+18,False
2226,7.672695659326682e+19,3.836347829663341e+18,False
2227,7.663183320927378e+19,3.831591660463689e+18,False
2228,7.653683602757162e+19,3.826841801378581e+18,False
2229,7.644196486377166e+19,3.822098243188583e+18,False
2230,7.6347219533792e+19,3.8173609766896005e+18,False
2231,7.625259985385711e+19,3.812629992692856e+18,False
2232,7.615810564049717e+19,3.8079052820248586e+18,False
2233,7.606373671054788e+19,3.8031868355273943e+18,False
2234,7.596949288114913e+19,3.7984746440574566e+18,False
2235,7.587537396974495e+19,3.793768698487248e+18,False
2236,7.578137979408276e+19,3.789068989704138e+18,False
2237,7.568751017221285e+19,3.784375508610643e+18,False
2238,7.55937649224876e+19,3.77968824612438e+18,False
2239,7.55001438635611e+19,3.7750071931780547e+18,False
2240,7.540664681438834e+19,3.7703323407194173e+18,False
2241,7.531327359422497e+19,3.7656636797112484e+18,False
2242,7.522002402262637e+19,3.761001201131319e+18,False
2243,7.512689791944715e+19,3.756344895972358e+18,False
2244,7.503389510484061e+19,3.751694755242031e+18,False
2245,7.494101539925837e+19,3.747050769962919e+18,False
2246,7.484825862344938e+19,3.742412931172469e+18,False
2247,7.475562459845956e+19,3.7377812299229783e+18,False
2248,7.466311314563123e+19,3.7331556572815616e+18,False
2249,7.457072408660261e+19,3.728536204330131e+18,False
2250,7.447845724330703e+19,3.723922862165352e+18,False
2251,7.438631243797248e+19,3.7193156218986245e+18,False
2252,7.429428949312107e+19,3.714714474656054e+18,False
2253,7.420238823156831e+19,3.7101194115784156e+18,False
2254,7.411060847642291e+19,3.705530423821146e+18,False
2255,7.401895005108566e+19,3.7009475025542835e+18,False
2256,7.392741277924937e+19,3.696370638962469e+18,False
2257,7.383599648489783e+19,3.6917998242448916e+18,False
2258,7.374470099230593e+19,3.6872350496152965e+18,False
2259,7.365352612603826e+19,3.682676306301913e+18,False
2260,7.356247171094919e+19,3.6781235855474596e+18,False
2261,7.34715375721819e+19,3.673576878609095e+18,False
2262,7.338072353516828e+19,3.6690361767584143e+18,False
2263,7.3290029425627865e+19,3.6645014712813937e+18,False
2264,7.319945506956757e+19,3.659972753478379e+18,False
2265,7.310900029328102e+19,3.655450014664051e+18,False
2266,7.3018664923348296e+19,3.650933246167415e+18,False
2267,7.2928448786634785e+19,3.6464224393317396e+18,False
2268,7.283835171029124e+19,3.641917585514562e+18,False
2269,7.27483735217528e+19,3.63741867608764e+18,False
2270,7.265851404873883e+19,3.632925702436942e+18,False
2271,7.256877311925193e+19,3.628438655962597e+18,False
2272,7.247915056157771e+19,3.623957528078886e+18,False
2273,7.2389646204284084e+19,3.6194823102142044e+18,False
2274,7.230025987622103e+19,3.6150129938110515e+18,False
2275,7.22109914065195e+19,3.610549570325975e+18,False
2276,7.212184062459138e+19,3.606092031229569e+18,False
2277,7.203280736012857e+19,3.6016403680064287e+18,False
2278,7.1943891443102966e+19,3.5971945721551483e+18,False
2279,7.18550927037653e+19,3.592754635188265e+18,False
2280,7.176641097264496e+19,3.5883205486322483e+18,False
2281,7.16778460805494e+19,3.58389230402747e+18,False
2282,7.158939785856368e+19,3.5794698929281843e+18,False
2283,7.150106613804974e+19,3.575053306902487e+18,False
2284,7.141285075064605e+19,3.570642537532303e+18,False
2285,7.132475152826686e+19,3.566237576413343e+18,False
2286,7.12367683031021e+19,3.5618384151551053e+18,False
2287,7.114890090761633e+19,3.557445045380817e+18,False
2288,7.10611491745485e+19,3.553057458727425e+18,False
2289,7.097351293691138e+19,3.548675646845569e+18,False
2290,7.088599202799117e+19,3.5442996013995587e+18,False
2291,7.07985862813467e+19,3.539929314067335e+18,False
2292,7.071129553080904e+19,3.5355647765404524e+18,False
2293,7.0624119610481025e+19,3.5312059805240515e+18,False
2294,7.053705835473681e+19,3.5268529177368407e+18,False
2295,7.045011159822108e+19,3.5225055799110543e+18,False
2296,7.036327917584875e+19,3.518163958792438e+18,False
2297,7.027656092280437e+19,3.513828046140219e+18,False
2298,7.01899566745418e+19,3.50949783372709e+18,False
2299,7.010346626678329e+19,3.5051733133391647e+18,False
2300,7.001708953551937e+19,3.500854476775969e+18,False
2301,6.993082631700804e+19,3.4965413158504023e+18,False
2302,6.984467644777464e+19,3.492233822388732e+18,False
2303,6.9758639764610834e+19,3.487931988230542e+18,False
2304,6.9672716104574525e+19,3.4836358052287263e+18,False
2305,6.9586905304989065e+19,3.4793452652494536e+18,False
2306,6.950120720344308e+19,3.4750603601721544e+18,False
2307,6.9415621637789565e+19,3.4707810818894787e+18,False
2308,6.9330148446145675e+19,3.466507422307284e+18,False
2309,6.924478746689203e+19,3.462239373344602e+18,False
2310,6.91595385386725e+19,3.457976926933625e+18,False
2311,6.907440150039332e+19,3.453720075019666e+18,False
2312,6.8989376191222874e+19,3.449468809561144e+18,False
2313,6.890446245059102e+19,3.4452231225295514e+18,False
2314,6.881966011818891e+19,3.4409830059094456e+18,False
2315,6.873496903396802e+19,3.4367484516984013e+18,False
2316,6.865038903814003e+19,3.432519451907002e+18,False
2317,6.856591997117611e+19,3.428295998558806e+18,False
2318,6.848156167380672e+19,3.424078083690336e+18,False
2319,6.839731398702071e+19,3.419865699351036e+18,False
2320,6.8313176752065135e+19,3.415658837603257e+18,False
2321,6.822914981044459e+19,3.41145749052223e+18,False
2322,6.814523300392104e+19,3.407261650196052e+18,False
2323,6.806142617451283e+19,3.4030713087256417e+18,False
2324,6.797772916449462e+19,3.398886458224731e+18,False
2325,6.789414181639665e+19,3.394707090819833e+18,False
2326,6.7810663973004485e+19,3.3905331986502246e+18,False
2327,6.772729547735838e+19,3.3863647738679194e+18,False
2328,6.7644036172752716e+19,3.382201808637636e+18,False
2329,6.7560885902735606e+19,3.3780442951367803e+18,False
2330,6.747784451110873e+19,3.3738922255554365e+18,False
2331,6.739491184192627e+19,3.3697455920963133e+18,False
2332,6.731208773949487e+19,3.3656043869747436e+18,False
2333,6.72293720483728e+19,3.3614686024186404e+18,False
2334,6.714676461337013e+19,3.3573382306685066e+18,False
2335,6.706426527954744e+19,3.353213263977372e+18,False
2336,6.698187389221593e+19,3.3490936946107965e+18,False
2337,6.689959029693656e+19,3.3449795148468285e+18,False
2338,6.68174143395201e+19,3.340870716976005e+18,False
2339,6.673534586602607e+19,3.3367672933013033e+18,False
2340,6.665338472276262e+19,3.3326692361381315e+18,False
2341,6.657153075628586e+19,3.328576537814293e+18,False
2342,6.6489783813399814e+19,3.324489190669991e+18,False
2343,6.640814374115537e+19,3.3204071870577684e+18,False
2344,6.632661038685019e+19,3.31633051934251e+18,False
2345,6.624518359802812e+19,3.312259179901406e+18,False
2346,6.616386322247894e+19,3.308193161123947e+18,False
2347,6.6082649108237525e+19,3.3041324554118764e+18,False
2348,6.600154110358365e+19,3.3000770551791826e+18,False
2349,6.592053905704144e+19,3.2960269528520724e+18,False
2350,6.583964281737908e+19,3.291982140868954e+18,False
2351,6.5758852233608086e+19,3.2879426116804045e+18,False
2352,6.5678167154983e+19,3.28390835774915e+18,False
2353,6.559758743100089e+19,3.2798793715500447e+18,False
2354,6.551711291140108e+19,3.275855645570054e+18,False
2355,6.54367434461644e+19,3.27183717230822e+18,False
2356,6.5356478885512856e+19,3.267823944275643e+18,False
2357,6.527631907990924e+19,3.263815953995462e+18,False
2358,6.519626388005674e+19,3.2598131940028375e+18,False
2359,6.511631313689827e+19,3.2558156568449137e+18,False
2360,6.50364667016161e+19,3.2518233350808054e+18,False
2361,6.49567244256316e+19,3.24783622128158e+18,False
2362,6.4877086160604545e+19,3.2438543080302275e+18,False
2363,6.479755175843282e+19,3.2398775879216415e+18,False
2364,6.4718121071251866e+19,3.2359060535625933e+18,False
2365,6.463879395143428e+19,3.231939697571714e+18,False
2366,6.455957025158958e+19,3.2279785125794796e+18,False
2367,6.448044982456336e+19,3.224022491228168e+18,False
2368,6.440143252343716e+19,3.2200716261718584e+18,False
2369,6.432251820152783e+19,3.2161259100763914e+18,False
2370,6.424370671238746e+19,3.212185335619373e+18,False
2371,6.416499790980235e+19,3.2082498954901176e+18,False
2372,6.408639164779313e+19,3.2043195823896566e+18,False
2373,6.40078877806139e+19,3.200394389030695e+18,False
2374,6.392948616275223e+19,3.196474308137612e+18,False
2375,6.385118664892833e+19,3.192559332446417e+18,False
2376,6.377298909409478e+19,3.1886494547047393e+18,False
2377,6.3694893353436135e+19,3.184744667671807e+18,False
2378,6.36168992823684e+19,3.18084496411842e+18,False
2379,6.353900673653879e+19,3.1769503368269394e+18,False
2380,6.346121557182502e+19,3.173060778591251e+18,False
2381,6.338352564433507e+19,3.1691762822167537e+18,False
2382,6.330593681040667e+19,3.1652968405203333e+18,False
2383,6.322844892660708e+19,3.161422446330354e+18,False
2384,6.315106184973232e+19,3.157553092486616e+18,False
2385,6.307377543680697e+19,3.1536887718403487e+18,False
2386,6.299658954508373e+19,3.149829477254187e+18,False
2387,6.2919504032043065e+19,3.1459752016021535e+18,False
2388,6.284251875539249e+19,3.1421259377696246e+18,False
2389,6.276563357306649e+19,3.138281678653325e+18,False
2390,6.268884834322588e+19,3.134442417161294e+18,False
2391,6.261216292425763e+19,3.130608146212882e+18,False
2392,6.253557717477413e+19,3.1267788587387064e+18,False
2393,6.2459090953612935e+19,3.122954547680647e+18,False
2394,6.238270411983637e+19,3.119135205991819e+18,False
2395,6.23064165327312e+19,3.1153208266365604e+18,False
2396,6.223022805180793e+19,3.1115114025903964e+18,False
2397,6.215413853680071e+19,3.1077069268400353e+18,False
2398,6.20781478476666e+19,3.1039073923833303e+18,False
2399,6.200225584458559e+19,3.10011279222928e+18,False
2400,6.192646238795978e+19,3.0963231193979894e+18,False
2401,6.185076733841313e+19,3.092538366920657e+18,False
2402,6.177517055679103e+19,3.0887585278395515e+18,False
2403,6.169967190416007e+19,3.0849835952080036e+18,False
2404,6.162427124180735e+19,3.0812135620903675e+18,False
2405,6.154896843124022e+19,3.077448421562011e+18,False
2406,6.147376333418579e+19,3.0736881667092895e+18,False
2407,6.139865581259076e+19,3.0699327906295383e+18,False
2408,6.132364572862074e+19,3.0661822864310374e+18,False
2409,6.124873294465996e+19,3.0624366472329984e+18,False
2410,6.117391732331085e+19,3.058695866165543e+18,False
2411,6.109919872739378e+19,3.054959936369689e+18,False
2412,6.102457701994636e+19,3.051228850997318e+18,False
2413,6.095005206422336e+19,3.0475026032111683e+18,False
2414,6.087562372369601e+19,3.043781186184801e+18,False
2415,6.080129186205205e+19,3.040064593102603e+18,False
2416,6.0727056343194714e+19,3.036352817159736e+18,False
2417,6.0652917031242875e+19,3.032645851562144e+18,False
2418,6.0578873790530314e+19,3.0289436895265157e+18,False
2419,6.050492648560567e+19,3.0252463242802836e+18,False
2420,6.0431074981231575e+19,3.021553749061579e+18,False
2421,6.035731914238467e+19,3.017865957119234e+18,False
2422,6.028365883425497e+19,3.0141829417127485e+18,False
2423,6.021009392224572e+19,3.010504696112286e+18,False
2424,6.013662427197273e+19,3.0068312135986365e+18,False
2425,6.006324974926412e+19,3.0031624874632064e+18,False
2426,5.9989970220159885e+19,2.9994985110079944e+18,False
2427,5.991678555091173e+19,2.9958392775455867e+18,False
2428,5.9843695607982285e+19,2.992184780399114e+18,False
2429,5.977070025804503e+19,2.9885350129022515e+18,False
2430,5.969779936798375e+19,2.984889968399188e+18,False
2431,5.962499280489238e+19,2.9812496402446193e+18,False
2432,5.9552280436074275e+19,2.977614021803714e+18,False
2433,5.94796621290421e+19,2.973983106452105e+18,False
2434,5.940713775151729e+19,2.970356887575865e+18,False
2435,5.933470717142987e+19,2.9667353585714934e+18,False
2436,5.926237025691786e+19,2.963118512845893e+18,False
2437,5.919012687632695e+19,2.9595063438163476e+18,False
2438,5.9117976898210185e+19,2.9558988449105096e+18,False
2439,5.904592019132762e+19,2.952296009566381e+18,False
2440,5.8973956624645775e+19,2.948697831232289e+18,False
2441,5.890208606733748e+19,2.945104303366874e+18,False
2442,5.883030838878121e+19,2.941515419439061e+18,False
2443,5.875862345856113e+19,2.937931172928057e+18,False
2444,5.868703114646626e+19,2.934351557323313e+18,False
2445,5.861553132249045e+19,2.930776566124523e+18,False
2446,5.854412385683179e+19,2.92720619284159e+18,False
2447,5.847280861989248e+19,2.9236404309946245e+18,False
2448,5.840158548227812e+19,2.920079274113906e+18,False
2449,5.833045431479767e+19,2.9165227157398835e+18,False
2450,5.82594149884628e+19,2.9129707494231404e+18,False
2451,5.818846737448789e+19,2.9094233687243945e+18,False
2452,5.8117611344289235e+19,2.905880567214462e+18,False
2453,5.804684676948498e+19,2.902342338474249e+18,False
2454,5.797617352189456e+19,2.898808676094728e+18,False
2455,5.790559147353866e+19,2.895279573676933e+18,False
2456,5.783510049663835e+19,2.891755024831918e+18,False
2457,5.776470046361513e+19,2.888235023180757e+18,False
2458,5.7694391247090385e+19,2.8847195623545196e+18,False
2459,5.762417271988521e+19,2.881208635994261e+18,False
2460,5.755404475501979e+19,2.87770223775099e+18,False
2461,5.748400722571315e+19,2.8742003612856576e+18,False
2462,5.74140600053828e+19,2.87070300026914e+18,False
2463,5.734420296764452e+19,2.8672101483822264e+18,False
2464,5.72744359863118e+19,2.86372179931559e+18,False
2465,5.720475893539547e+19,2.8602379467697736e+18,False
2466,5.713517168910343e+19,2.856758584455172e+18,False
2467,5.706567412184052e+19,2.853283706092026e+18,False
2468,5.699626610820767e+19,2.849813305410384e+18,False
2469,5.692694752300191e+19,2.846347376150096e+18,False
2470,5.6857718241215865e+19,2.8428859120607933e+18,False
2471,5.678857813803768e+19,2.8394289069018844e+18,False
2472,5.671952708885013e+19,2.835976354442507e+18,False
2473,5.665056496923083e+19,2.8325282484615414e+18,False
2474,5.658169165495144e+19,2.829084582747572e+18,False
2475,5.651290702197773e+19,2.8256453510988867e+18,False
2476,5.644421094646892e+19,2.8222105473234463e+18,False
2477,5.637560330477735e+19,2.818780165238868e+18,False
2478,5.630708397344826e+19,2.815354198672413e+18,False
2479,5.623865282921958e+19,2.811932641460979e+18,False
2480,5.617030974902113e+19,2.8085154874510566e+18,False
2481,5.61020546099747e+19,2.805102730498735e+18,False
2482,5.603388728939344e+19,2.801694364469672e+18,False
2483,5.5965807664781844e+19,2.798290383239092e+18,False
2484,5.589781561383499e+19,2.79489078069175e+18,False
2485,5.582991101443847e+19,2.7914955507219236e+18,False
2486,5.576209374466793e+19,2.7881046872333967e+18,False
2487,5.569436368278893e+19,2.784718184139447e+18,False
2488,5.5626720707256295e+19,2.781336035362815e+18,False
2489,5.555916469671399e+19,2.7779582348356997e+18,False
2490,5.54916955299947e+19,2.774584776499735e+18,False
2491,5.542431308611965e+19,2.7712156543059825e+18,False
2492,5.535701724429795e+19,2.7678508622148977e+18,False
2493,5.528980788392659e+19,2.76449039419633e+18,False
2494,5.5222684884589806e+19,2.76113424422949e+18,False
2495,5.515564812605909e+19,2.757782406302955e+18,False
2496,5.508869748829258e+19,2.754434874414629e+18,False
2497,5.502183285143472e+19,2.751091642571736e+18,False
2498,5.495505409581613e+19,2.7477527047908065e+18,False
2499,5.488836110195319e+19,2.7444180550976594e+18,False
2500,5.482175375054761e+19,2.7410876875273805e+18,False
2501,5.475523192248618e+19,2.737761596124309e+18,False
2502,5.468879549884044e+19,2.734439774942022e+18,False
2503,5.462244436086632e+19,2.7311222180433157e+18,False
2504,5.455617839000392e+19,2.727808919500196e+18,False
2505,5.448999746787702e+19,2.7244998733938514e+18,False
2506,5.442390147629283e+19,2.7211950738146417e+18,False
2507,5.4357890297241666e+19,2.7178945148620836e+18,False
2508,5.429196381289668e+19,2.714598190644834e+18,False
