event_name,radius_name,radius_km,f_klein_hz,f_gw_hz,snr_original,snr_klein,resonance_factor,improvement_ratio,ligo_optimal_range,ligo_marginal_range,mass_1,mass_2,distance_mpc,gps_time
GW240109_050431,Klein_Fundamental_419km,419.3,113.79311135790466,93.3305761009817,10.4,16.90176372336127,1.6251695887847375,1.6251695887847375,True,True,29.1,18.0,1450.0,1388811889.8
GW240107_013215,Klein_Fundamental_419km,419.3,113.79311135790466,47.78119711256781,9.6,12.018670475721267,1.2519448412209653,1.2519448412209653,True,True,60.0,32.0,5700.0,1388626353.7
GW240105_151143,Klein_Fundamental_419km,419.3,113.79311135790466,,25.9,25.9,1.0,1.0,True,True,,,,1388502721.2
GW240104_164932,Klein_Fundamental_419km,419.3,113.79311135790466,58.92587311469488,14.8,18.85862630841611,1.2742315073254127,1.2742315073254127,True,True,42.3,32.3,1890.0,1388422190.6
GW231231_154016,Klein_Fundamental_419km,419.3,113.79311135790466,110.72720741451481,13.4,38.56759416441306,2.8781786689860493,2.878178668986049,True,True,22.5,17.2,1060.0,1388072434.7
GW231231_120147,Klein_Fundamental_419km,419.3,113.79311135790466,,11.3,11.3,1.0,1.0,True,True,,,,1388059325.6
GW231230_170116,Klein_Fundamental_419km,419.3,113.79311135790466,49.95306970859362,8.2,10.29451498662834,1.2554286569058952,1.2554286569058952,True,True,53.0,35.0,5600.0,1387990895.0
GW231226_101520,Klein_Fundamental_419km,419.3,113.79311135790466,58.37808943368179,34.7,44.167210500729986,1.2728302737962531,1.2728302737962531,True,True,40.0,35.3,1160.0,1387620938.3
GW231224_024321,Klein_Fundamental_419km,419.3,113.79311135790466,264.492787867403,14.0,16.942869210255395,1.2102049435896711,1.2102049435896711,True,True,9.3,7.32,950.0,1387421020.0
GW231223_202619,Klein_Fundamental_419km,419.3,113.79311135790466,226.5912440389814,10.0,12.181343949003056,1.2181343949003056,1.2181343949003056,True,True,11.1,8.3,890.0,1387398397.0
GW231223_075055,Klein_Fundamental_419km,419.3,113.79311135790466,233.82287948703393,9.4,11.430719154182729,1.2160339525726307,1.2160339525726307,True,True,12.0,6.8,960.0,1387353073.3
GW231223_032836,Klein_Fundamental_419km,419.3,113.79311135790466,57.089222524106994,10.2,12.950774608464801,1.269683785143608,1.269683785143608,True,True,46.0,31.0,4000.0,1387337334.1
GW231221_135041,Klein_Fundamental_419km,419.3,113.79311135790466,57.089222524106994,10.0,12.69683785143608,1.269683785143608,1.269683785143608,True,True,48.0,29.0,4300.0,1387201859.3
GW231220_173406,Klein_Fundamental_419km,419.3,113.79311135790466,,7.9,7.9,1.0,1.0,True,True,,,,1387128864.2
GW231213_111417,Klein_Fundamental_419km,419.3,113.79311135790466,70.10957152083316,10.4,13.669567083533805,1.3143814503397888,1.3143814503397888,True,True,35.3,27.4,4000.0,1386501275.9
GW231206_233901,Klein_Fundamental_419km,419.3,113.79311135790466,66.50333032308984,21.9,28.437586983288707,1.2985199535748269,1.2985199535748269,True,True,37.6,28.5,1490.0,1385941159.5
GW231206_233134,Klein_Fundamental_419km,419.3,113.79311135790466,68.15302533885641,12.8,16.708434724634717,1.3053464628620872,1.3053464628620872,True,True,35.9,28.6,3000.0,1385940712.5
GW231206_010629,Klein_Fundamental_419km,419.3,113.79311135790466,,9.7,9.7,1.0,1.0,True,True,,,,1385860007.2
GW231204_090648,Klein_Fundamental_419km,419.3,113.79311135790466,,8.4,8.4,1.0,1.0,True,True,,,,1385716026.9
GW231129_081745,Klein_Fundamental_419km,419.3,113.79311135790466,63.159053654543655,9.4,12.093482346833415,1.2865406751950441,1.2865406751950441,True,True,46.0,23.6,3600.0,1385281083.6
GW231127_165300,Klein_Fundamental_419km,419.3,113.79311135790466,58.61160179141651,9.9,12.606885478307559,1.273422775586622,1.273422775586622,True,True,46.0,29.0,4400.0,1385139198.9
GW231126_010928,Klein_Fundamental_419km,419.3,113.79311135790466,,9.1,9.1,1.0,1.0,True,True,,,,1384996186.3
GW231123_135430,Klein_Fundamental_419km,419.3,113.79311135790466,18.31612555981766,21.8,26.70958882024239,1.2252104963413941,1.2252104963413941,True,True,137.0,103.0,2200.0,1384782888.7
GW231120_022103,Klein_Fundamental_419km,419.3,113.79311135790466,,10.0,10.0,1.0,1.0,True,True,,,,1384482081.0
GW231119_075248,Klein_Fundamental_419km,419.3,113.79311135790466,53.608172370198034,8.3,10.475647162614557,1.2621261641704284,1.2621261641704284,True,True,48.0,34.0,6600.0,1384415586.1
GW231118_090602,Klein_Fundamental_419km,419.3,113.79311135790466,215.48383011550186,11.0,13.444866901971862,1.2222606274519874,1.2222606274519874,True,True,13.2,7.2,1350.0,1384333580.0
GW231118_071402,Klein_Fundamental_419km,419.3,113.79311135790466,60.21739910077039,9.2,11.754814518472697,1.2776972302687715,1.2776972302687715,True,True,43.0,30.0,4100.0,1384326860.2
GW231118_005626,Klein_Fundamental_419km,419.3,113.79311135790466,141.80226239858834,10.7,15.568609776220285,1.4550102594598397,1.4550102594598397,True,True,20.2,10.8,2170.0,1384304204.8
GW231114_043211,Klein_Fundamental_419km,419.3,113.79311135790466,140.44313528294688,10.0,14.77570835567803,1.477570835567803,1.477570835567803,True,True,23.1,8.2,1340.0,1383971549.2
GW231113_200417,Klein_Fundamental_419km,419.3,113.79311135790466,231.36158601874936,10.5,12.775413259410145,1.2167060247057282,1.2167060247057282,True,True,11.6,7.4,1150.0,1383941075.9
GW231113_150041,Klein_Fundamental_419km,419.3,113.79311135790466,,8.7,8.7,1.0,1.0,True,True,,,,1383922859.4
GW231113_122623,Klein_Fundamental_419km,419.3,113.79311135790466,65.02766470941182,8.6,11.119377644741817,1.292950888923467,1.292950888923467,True,True,40.2,27.4,3200.0,1383913601.9
GW231110_040320,Klein_Fundamental_419km,419.3,113.79311135790466,136.51770603590802,11.5,17.94992019496136,1.560862625648814,1.560862625648814,True,True,19.6,12.6,1860.0,1383624218.2
GW231108_125142,Klein_Fundamental_419km,419.3,113.79311135790466,108.27266340778914,12.6,33.47914939680147,2.6570753489524974,2.6570753489524974,True,True,23.2,17.4,2030.0,1383483120.5
GW231104_133418,Klein_Fundamental_419km,419.3,113.79311135790466,210.32871456249947,11.8,14.451084090024164,1.2246681432223867,1.2246681432223867,True,True,12.3,8.6,1460.0,1383140076.9
GW231102_232433,Klein_Fundamental_419km,419.3,113.79311135790466,,7.6,7.6,1.0,1.0,True,True,,,,1383002691.5
GW231102_071736,Klein_Fundamental_419km,419.3,113.79311135790466,41.8654298510118,15.6,19.40564744463891,1.2439517592717249,1.2439517592717249,True,True,62.0,43.0,3700.0,1382944674.4
GW231102_052214,Klein_Fundamental_419km,419.3,113.79311135790466,,7.9,7.9,1.0,1.0,True,True,,,,1382937752.4
GW231029_111508,Klein_Fundamental_419km,419.3,113.79311135790466,41.08289845192746,10.8,13.42475963047405,1.2430332991179676,1.2430332991179676,True,True,65.0,42.0,3100.0,1382613326.8
GW231028_153006,Klein_Fundamental_419km,419.3,113.79311135790466,28.544611262053497,22.4,27.5858442097952,1.2315109022230002,1.2315109022230002,True,True,99.0,55.0,4200.0,1382542224.3
GW231026_130704,Klein_Fundamental_419km,419.3,113.79311135790466,,8.3,8.3,1.0,1.0,True,True,,,,1382360842.2
GW231020_142947,Klein_Fundamental_419km,419.3,113.79311135790466,225.42923765929427,12.0,14.622119695149387,1.2185099745957821,1.2185099745957821,True,True,12.2,7.3,1230.0,1381847405.6
GW231018_233037,Klein_Fundamental_419km,419.3,113.79311135790466,232.58572139451,9.1,11.068936135869189,1.2163666083372735,1.2163666083372735,True,True,11.6,7.3,1520.0,1381707055.0
GW231014_040532,Klein_Fundamental_419km,419.3,113.79311135790466,124.17712243944173,9.0,19.639326839121214,2.1821474265690237,2.1821474265690237,True,True,20.6,14.8,2300.0,1381291551.0
GW231013_135504,Klein_Fundamental_419km,419.3,113.79311135790466,,8.4,8.4,1.0,1.0,True,True,,,,1381240522.4
GW231008_142521,Klein_Fundamental_419km,419.3,113.79311135790466,61.82658416816088,9.3,11.925948609252695,1.2823600655110423,1.2823600655110423,True,True,46.0,25.1,2800.0,1380810339.8
GW231005_144455,Klein_Fundamental_419km,419.3,113.79311135790466,,7.3,7.3,1.0,1.0,True,True,,,,1380552313.4
GW231005_091549,Klein_Fundamental_419km,419.3,113.79311135790466,87.74191884942591,11.0,16.37251259860073,1.48841023623643,1.4884102362364298,True,True,28.5,21.6,3700.0,1380532567.5
GW231005_021030,Klein_Fundamental_419km,419.3,113.79311135790466,32.80500100265849,10.4,12.842414014544238,1.2348475013984843,1.2348475013984843,True,True,85.0,49.0,6100.0,1380507049.0
GW231004_232346,Klein_Fundamental_419km,419.3,113.79311135790466,43.95870134356238,8.9,11.094356995397645,1.2465569657750162,1.2465569657750162,True,True,66.0,34.0,4200.0,1380497044.3
GW231002_143916,Klein_Fundamental_419km,419.3,113.79311135790466,,9.4,9.4,1.0,1.0,True,True,,,,1380292774.7
GW231001_140220,Klein_Fundamental_419km,419.3,113.79311135790466,37.57153960988238,11.5,14.251308088164711,1.23924418157954,1.23924418157954,True,True,77.0,40.0,4200.0,1380204158.7
GW230930_110730,Klein_Fundamental_419km,419.3,113.79311135790466,74.88705509976556,9.0,12.076628332763283,1.3418475925292537,1.3418475925292537,True,True,34.1,24.6,4900.0,1380107268.4
GW230928_215827,Klein_Fundamental_419km,419.3,113.79311135790466,51.71611922772045,10.5,13.214439176082116,1.2585180167697254,1.2585180167697254,True,True,55.0,30.0,4700.0,1379973525.1
GW230927_153832,Klein_Fundamental_419km,419.3,113.79311135790466,114.17844504821399,20.3,60.858148324354296,2.9979383411011966,2.9979383411011966,True,True,21.9,16.6,1150.0,1379864330.9
GW230927_043729,Klein_Fundamental_419km,419.3,113.79311135790466,70.55971323204234,12.1,15.931109067571159,1.31662058409679,1.31662058409679,True,True,34.9,27.4,3200.0,1379824667.1
GW230925_143957,Klein_Fundamental_419km,419.3,113.79311135790466,,8.0,8.0,1.0,1.0,True,True,,,,1379688015.5
GW230924_124453,Klein_Fundamental_419km,419.3,113.79311135790466,84.69884651938801,13.5,19.424066482507254,1.4388197394449818,1.4388197394449818,True,True,28.7,23.2,2360.0,1379594711.8
GW230922_040658,Klein_Fundamental_419km,419.3,113.79311135790466,34.61315066422235,12.5,15.455308138600731,1.2364246510880585,1.2364246510880585,True,True,76.0,51.0,6400.0,1379390836.1
GW230922_020344,Klein_Fundamental_419km,419.3,113.79311135790466,63.61606562020605,13.4,17.259827327304595,1.288046815470492,1.2880468154704923,True,True,39.8,29.3,1550.0,1379383442.9
GW230920_071124,Klein_Fundamental_419km,419.3,113.79311135790466,77.52857379816997,11.1,15.110928271968117,1.361344889366497,1.361344889366497,True,True,32.5,24.2,2800.0,1379229102.7
GW230920_064709,Klein_Fundamental_419km,419.3,113.79311135790466,,9.5,9.5,1.0,1.0,True,True,,,,1379227647.3
GW230919_215712,Klein_Fundamental_419km,419.3,113.79311135790466,89.34695395033005,16.8,25.54539540164041,1.5205592500976433,1.5205592500976433,True,True,27.5,21.7,1280.0,1379195850.0
GW230914_111401,Klein_Fundamental_419km,419.3,113.79311135790466,45.790313899544145,17.2,21.483306930746142,1.249029472717799,1.249029472717799,True,True,60.0,36.0,2600.0,1378725259.7
GW230911_195324,Klein_Fundamental_419km,419.3,113.79311135790466,77.80301122754405,11.1,15.13585358738909,1.3635904132782963,1.3635904132782963,True,True,36.2,20.3,1080.0,1378497222.2
GW230904_152545,Klein_Fundamental_419km,419.3,113.79311135790466,,9.2,9.2,1.0,1.0,True,True,,,,1377876363.2
GW230904_051013,Klein_Fundamental_419km,419.3,113.79311135790466,248.35424487888352,10.5,12.73420222077534,1.2127811638833657,1.2127811638833657,True,True,10.6,7.1,1000.0,1377839431.1
GW230902_224555,Klein_Fundamental_419km,419.3,113.79311135790466,,7.5,7.5,1.0,1.0,True,True,,,,1377729973.7
GW230902_172430,Klein_Fundamental_419km,419.3,113.79311135790466,,8.5,8.5,1.0,1.0,True,True,,,,1377710688.8
GW230902_122814,Klein_Fundamental_419km,419.3,113.79311135790466,,8.1,8.1,1.0,1.0,True,True,,,,1377692912.9
GW230831_134621,Klein_Fundamental_419km,419.3,113.79311135790466,,8.8,8.8,1.0,1.0,True,True,,,,1377524799.7
GW230831_015414,Klein_Fundamental_419km,419.3,113.79311135790466,59.40365046427349,8.6,10.969183535101582,1.2754864575699514,1.2754864575699514,True,True,43.0,31.0,4700.0,1377482072.1
GW230830_064744,Klein_Fundamental_419km,419.3,113.79311135790466,,8.5,8.5,1.0,1.0,True,True,,,,1377413282.2
GW230825_041334,Klein_Fundamental_419km,419.3,113.79311135790466,60.382831515882394,8.8,11.247793576742547,1.278158360993471,1.278158360993471,True,True,45.0,27.8,4600.0,1376972032.5
GW230824_135331,Klein_Fundamental_419km,419.3,113.79311135790466,,9.7,9.7,1.0,1.0,True,True,,,,1376920429.9
GW230824_033047,Klein_Fundamental_419km,419.3,113.79311135790466,49.39179926242964,11.1,13.924903891567249,1.2544958460871396,1.2544958460871396,True,True,53.0,36.0,4600.0,1376883065.7
GW230823_142524,Klein_Fundamental_419km,419.3,113.79311135790466,,8.8,8.8,1.0,1.0,True,True,,,,1376835942.6
GW230822_230337,Klein_Fundamental_419km,419.3,113.79311135790466,,8.3,8.3,1.0,1.0,True,True,,,,1376780635.5
GW230820_212515,Klein_Fundamental_419km,419.3,113.79311135790466,45.790313899544145,9.3,11.615974096275533,1.249029472717799,1.249029472717799,True,True,64.0,32.0,3900.0,1376601934.0
GW230819_171910,Klein_Fundamental_419km,419.3,113.79311135790466,41.470472965624886,9.9,12.310497447334104,1.2434845906398084,1.2434845906398084,True,True,73.0,33.0,3800.0,1376500768.4
GW230817_212349,Klein_Fundamental_419km,419.3,113.79311135790466,,7.8,7.8,1.0,1.0,True,True,,,,1376342647.1
GW230814_230901,Klein_Fundamental_419km,419.3,113.79311135790466,70.90113119929417,43.0,56.689565661608576,1.318361992130432,1.318361992130432,True,True,33.6,28.4,280.0,1376089759.8
GW230814_061920,Klein_Fundamental_419km,419.3,113.79311135790466,38.22495769005425,11.2,13.886999517282094,1.2399106711859014,1.2399106711859014,True,True,72.0,43.0,3600.0,1376029178.5
GW230811_032116,Klein_Fundamental_419km,419.3,113.79311135790466,75.6604153933948,13.6,18.321705911092025,1.3471842581685314,1.3471842581685312,True,True,36.4,21.7,2000.0,1375759294.3
GW230807_205045,Klein_Fundamental_419km,419.3,113.79311135790466,,8.7,8.7,1.0,1.0,True,True,,,,1375476663.4
GW230806_204041,Klein_Fundamental_419km,419.3,113.79311135790466,51.1147690041423,9.4,11.81990019402098,1.2574361908532956,1.2574361908532956,True,True,51.0,35.0,5500.0,1375389659.9
GW230805_034249,Klein_Fundamental_419km,419.3,113.79311135790466,79.92491153374978,9.5,13.134572171274598,1.3825865443446945,1.3825865443446945,True,True,32.3,22.7,3300.0,1375242188.0
GW230803_033412,Klein_Fundamental_419km,419.3,113.79311135790466,58.61160179141651,9.4,11.970174090514249,1.273422775586622,1.273422775586622,True,True,46.0,29.0,4800.0,1375068870.4
GW230731_215307,Klein_Fundamental_419km,419.3,113.79311135790466,242.86575327935017,12.2,14.809368778827471,1.213882686789137,1.213882686789137,True,True,10.3,7.8,1110.0,1374875605.9
GW230729_082317,Klein_Fundamental_419km,419.3,113.79311135790466,219.7935067178119,9.5,11.594821434418904,1.2205075194125161,1.2205075194125161,True,True,12.4,7.6,1620.0,1374654215.2
GW230728_083628,Klein_Fundamental_419km,419.3,113.79311135790466,,13.1,13.1,1.0,1.0,True,True,,,,1374568606.9
GW230726_002940,Klein_Fundamental_419km,419.3,113.79311135790466,69.44502581921388,10.5,13.767488071439086,1.3111893401370558,1.3111893401370558,True,True,35.3,28.0,2000.0,1374366598.1
GW230723_101834,Klein_Fundamental_419km,419.3,113.79311135790466,159.84982306749956,10.1,13.165939093009634,1.3035583260405579,1.3035583260405579,True,True,16.7,10.8,1580.0,1374142732.4
GW230723_084820,Klein_Fundamental_419km,419.3,113.79311135790466,,8.4,8.4,1.0,1.0,True,True,,,,1374137318.4
GW230721_222634,Klein_Fundamental_419km,419.3,113.79311135790466,,7.9,7.9,1.0,1.0,True,True,,,,1374013612.8
GW230717_102139,Klein_Fundamental_419km,419.3,113.79311135790466,,8.3,8.3,1.0,1.0,True,True,,,,1373624517.1
GW230712_090405,Klein_Fundamental_419km,419.3,113.79311135790466,101.28733028470594,9.5,19.145318747100546,2.01529671022111,2.01529671022111,True,True,32.0,11.4,1900.0,1373187863.9
GW230709_122727,Klein_Fundamental_419km,419.3,113.79311135790466,58.61160179141651,10.2,12.988912310983544,1.273422775586622,1.273422775586622,True,True,45.0,30.0,4500.0,1372940865.2
GW230709_063445,Klein_Fundamental_419km,419.3,113.79311135790466,,7.9,7.9,1.0,1.0,True,True,,,,1372919703.1
GW230708_230935,Klein_Fundamental_419km,419.3,113.79311135790466,42.26798206111768,10.0,12.44435635725779,1.244435635725779,1.244435635725779,True,True,65.0,39.0,3400.0,1372892993.5
GW230708_071859,Klein_Fundamental_419km,419.3,113.79311135790466,,9.1,9.1,1.0,1.0,True,True,,,,1372835957.4
GW230708_053705,Klein_Fundamental_419km,419.3,113.79311135790466,84.21207153939154,8.9,12.745061537828297,1.4320293862728424,1.4320293862728424,True,True,29.1,23.1,3200.0,1372829843.1
GW230707_124047,Klein_Fundamental_419km,419.3,113.79311135790466,53.15441516754823,11.9,15.008653391179518,1.2612313774100434,1.2612313774100434,True,True,45.9,36.8,4400.0,1372768865.3
GW230706_104333,Klein_Fundamental_419km,419.3,113.79311135790466,158.12482497684312,9.2,12.063650910737678,1.3112664033410522,1.3112664033410522,True,True,16.3,11.5,1900.0,1372675431.2
GW230704_212616,Klein_Fundamental_419km,419.3,113.79311135790466,31.399072388258844,8.7,10.73310715634053,1.2336904777402908,1.2336904777402908,True,True,92.0,48.0,7100.0,1372541194.7
GW230704_021211,Klein_Fundamental_419km,419.3,113.79311135790466,82.62913786383906,9.4,13.270537905518777,1.4117593516509337,1.4117593516509337,True,True,33.3,19.9,2600.0,1372471949.2
GW230702_185453,Klein_Fundamental_419km,419.3,113.79311135790466,74.38020531905649,10.1,13.518866651518671,1.338501648665215,1.338501648665215,True,True,41.0,18.1,2300.0,1372359311.7
GW230702_162025,Klein_Fundamental_419km,419.3,113.79311135790466,,9.2,9.2,1.0,1.0,True,True,,,,1372350043.9
GW230630_234532,Klein_Fundamental_419km,419.3,113.79311135790466,263.22575654827773,9.9,11.982739523243014,1.2103777296205065,1.2103777296205065,True,True,10.0,6.7,1070.0,1372203950.4
GW230630_125806,Klein_Fundamental_419km,419.3,113.79311135790466,51.1147690041423,9.0,11.316925717679661,1.2574361908532956,1.2574361908532956,True,True,53.0,33.0,5000.0,1372165104.9
GW230630_070659,Klein_Fundamental_419km,419.3,113.79311135790466,,9.8,9.8,1.0,1.0,True,True,,,,1372144037.0
GW230628_231200,Klein_Fundamental_419km,419.3,113.79311135790466,73.75621030799059,16.4,21.88642694036503,1.3345382280710385,1.3345382280710385,True,True,32.4,27.2,2250.0,1372029138.4
GW230627_015337,Klein_Fundamental_419km,419.3,113.79311135790466,310.0049460053765,28.7,34.61317200439054,1.2060338677487994,1.2060338677487994,True,True,8.4,5.78,305.0,1371866035.8
GW230625_211655,Klein_Fundamental_419km,419.3,113.79311135790466,,8.1,8.1,1.0,1.0,True,True,,,,1371763033.0
GW230624_214944,Klein_Fundamental_419km,419.3,113.79311135790466,,10.6,10.6,1.0,1.0,True,True,,,,1371678602.5
GW230624_113103,Klein_Fundamental_419km,419.3,113.79311135790466,99.45407543792395,11.4,21.609379154383262,1.8955595749459002,1.8955595749459002,True,True,28.0,16.2,1810.0,1371641481.7
GW230618_102550,Klein_Fundamental_419km,419.3,113.79311135790466,,7.8,7.8,1.0,1.0,True,True,,,,1371119168.0
GW230615_160825,Klein_Fundamental_419km,419.3,113.79311135790466,,8.9,8.9,1.0,1.0,True,True,,,,1370880524.0
GW230609_064958,Klein_Fundamental_419km,419.3,113.79311135790466,73.02109857734615,10.6,14.098826730451998,1.3300779934388678,1.3300779934388678,True,True,35.2,25.0,3300.0,1370328616.3
GW230609_010824,Klein_Fundamental_419km,419.3,113.79311135790466,,8.0,8.0,1.0,1.0,True,True,,,,1370308122.4
GW230608_205047,Klein_Fundamental_419km,419.3,113.79311135790466,55.50341078732624,10.2,12.914026939426497,1.266081072492794,1.266081072492794,True,True,49.0,30.2,3400.0,1370292665.2
GW230606_024545,Klein_Fundamental_419km,419.3,113.79311135790466,,7.5,7.5,1.0,1.0,True,True,,,,1370054763.5
GW230606_004305,Klein_Fundamental_419km,419.3,113.79311135790466,69.77571641835299,11.1,14.571649689137633,1.3127612332556426,1.3127612332556426,True,True,37.3,25.7,2700.0,1370047403.8
GW230605_065343,Klein_Fundamental_419km,419.3,113.79311135790466,154.24105734583293,11.4,15.184996241214206,1.332017214141597,1.332017214141597,True,True,17.5,11.0,1040.0,1369983241.5
GW230603_174756,Klein_Fundamental_419km,419.3,113.79311135790466,,8.0,8.0,1.0,1.0,True,True,,,,1369849694.9
GW230601_224134,Klein_Fundamental_419km,419.3,113.79311135790466,39.96245576687489,13.4,16.639679863661975,1.241767154004625,1.241767154004625,True,True,66.0,44.0,3400.0,1369694512.1
GW230531_141100,Klein_Fundamental_419km,419.3,113.79311135790466,,8.0,8.0,1.0,1.0,True,True,,,,1369577478.3
GW230529_181500,Klein_Fundamental_419km,419.3,113.79311135790466,,11.8,11.8,1.0,1.0,True,True,,,,1369419318.7
GW230518_125908,Klein_Fundamental_419km,419.3,113.79311135790466,,14.1,14.1,1.0,1.0,True,True,,,,1368449966.2
GW200322_091133,Klein_Fundamental_419km,419.3,113.79311135790466,89.16572280641458,4.5,6.825085514705936,1.5166856699346525,1.5166856699346525,True,True,38.0,11.3,3500.0,1268903511.3
GW200316_215756,Klein_Fundamental_419km,419.3,113.79311135790466,210.32871456249947,10.3,12.614081875190584,1.2246681432223867,1.2246681432223867,True,True,13.1,7.8,1120.0,1268431094.1
GW200311_115853,Klein_Fundamental_419km,419.3,113.79311135790466,71.01567260672435,17.8,23.477394564970098,1.3189547508410167,1.3189547508410167,True,True,34.2,27.7,1170.0,1267963151.3
GW200308_173609,Klein_Fundamental_419km,419.3,113.79311135790466,52.33178731376474,4.7,5.920388874588353,1.259657207359224,1.259657207359224,True,True,60.0,24.0,7100.0,1267724187.7
GW200306_093714,Klein_Fundamental_419km,419.3,113.79311135790466,101.99234650478512,7.8,16.12481296961589,2.067283714053319,2.067283714053319,True,True,28.3,14.8,2100.0,1267522652.1
GW200302_015811,Klein_Fundamental_419km,419.3,113.79311135790466,76.05311651135361,10.8,14.580071658610176,1.3500066350564977,1.3500066350564977,True,True,37.8,20.0,1480.0,1267149509.5
GW200225_060421,Klein_Fundamental_419km,419.3,113.79311135790466,132.00811214283002,12.5,21.31618101552371,1.7052944812418969,1.7052944812418969,True,True,19.3,14.0,1150.0,1266645879.3
GW200224_222234,Klein_Fundamental_419km,419.3,113.79311135790466,60.4658890557942,20.0,25.567828074199713,1.2783914037099857,1.2783914037099857,True,True,40.0,32.7,1710.0,1266618172.4
GW200220_124850,Klein_Fundamental_419km,419.3,113.79311135790466,65.80643913706943,8.5,11.014558737735959,1.2958304397336422,1.2958304397336422,True,True,38.9,27.9,4000.0,1266238148.1
GW200220_061928,Klein_Fundamental_419km,419.3,113.79311135790466,29.701825232136745,7.2,8.873052732538296,1.2323684350747632,1.2323684350747632,True,True,87.0,61.0,6000.0,1266214786.7
GW200219_094415,Klein_Fundamental_419km,419.3,113.79311135790466,67.21513966905563,10.7,13.92480075711767,1.3013832483287542,1.3013832483287542,True,True,37.5,27.9,3400.0,1266140673.1
GW200216_220804,Klein_Fundamental_419km,419.3,113.79311135790466,54.27000165871899,8.1,10.234077892733875,1.2634664065103551,1.2634664065103551,True,True,51.0,30.0,3800.0,1265926102.8
GW200210_092254,Klein_Fundamental_419km,419.3,113.79311135790466,163.23320216696018,8.4,10.840688817648052,1.290558192577149,1.290558192577149,True,True,24.1,2.83,940.0,1265361792.9
GW200209_085452,Klein_Fundamental_419km,419.3,113.79311135790466,70.10957152083314,9.6,12.618061923261973,1.3143814503397888,1.3143814503397888,True,True,35.6,27.1,3400.0,1265273710.1
GW200208_222617,Klein_Fundamental_419km,419.3,113.79311135790466,69.44502581921388,7.4,9.702801117014213,1.3111893401370558,1.3111893401370558,True,True,51.0,12.3,4100.0,1265235995.9
GW200208_130117,Klein_Fundamental_419km,419.3,113.79311135790466,67.52488685647064,10.8,14.068809520291166,1.302667548175108,1.302667548175108,True,True,37.7,27.4,2230.0,1265202095.9
GW200202_154313,Klein_Fundamental_419km,419.3,113.79311135790466,252.63621461817462,10.8,13.089709601597532,1.2120101482960677,1.2120101482960677,True,True,10.1,7.3,410.0,1264693411.5
GW200129_065458,Klein_Fundamental_419km,419.3,113.79311135790466,69.2263013284447,26.8,35.112482677984616,1.3101672641039035,1.3101672641039035,True,True,34.5,29.0,890.0,1264316116.4
GW200128_022011,Klein_Fundamental_419km,419.3,113.79311135790466,58.76831730422777,10.6,13.50253888241734,1.2738244228695605,1.2738244228695605,True,True,42.2,32.6,3400.0,1264213229.9
GW200115_042309,Klein_Fundamental_419km,419.3,113.79311135790466,598.8923888768717,11.3,13.571186203779675,1.2009899295380242,1.2009899295380242,True,True,5.9,1.44,290.0,1263097407.7
GW200112_155838,Klein_Fundamental_419km,419.3,113.79311135790466,68.79295984908042,19.8,25.902015780501426,1.3081826151768396,1.3081826151768396,True,True,35.6,28.3,1250.0,1262879936.0
GW191230_180458,Klein_Fundamental_419km,419.3,113.79311135790466,50.87812655504904,10.4,13.072993380736369,1.257018594301574,1.257018594301574,True,True,49.4,37.0,4300.0,1261764316.4
GW191222_033537,Klein_Fundamental_419km,419.3,113.79311135790466,55.08609190922604,12.5,15.814735435591523,1.2651788348473219,1.2651788348473219,True,True,45.1,34.7,3000.0,1261020955.1
GW191219_163120,Klein_Fundamental_419km,419.3,113.79311135790466,136.22157218333555,9.1,14.27326933136972,1.568491135315354,1.568491135315354,True,True,31.1,1.17,550.0,1260808298.4
GW191216_213338,Klein_Fundamental_419km,419.3,113.79311135790466,222.01364314930495,18.6,22.68611936118805,1.2196838366230134,1.2196838366230134,True,True,12.1,7.7,340.0,1260567236.4
GW191215_223052,Klein_Fundamental_419km,419.3,113.79311135790466,102.2295380082846,11.2,23.358098533795932,2.0855445119460656,2.0855445119460656,True,True,24.9,18.1,1930.0,1260484270.3
GW191204_171526,Klein_Fundamental_419km,419.3,113.79311135790466,218.70000668438996,17.4,21.24422152257961,1.2209322714126214,1.2209322714126214,True,True,11.7,8.4,640.0,1259514944.0
GW191204_110529,Klein_Fundamental_419km,419.3,113.79311135790466,94.5348415990589,8.9,14.8257534791093,1.6658149976527303,1.6658149976527303,True,True,27.3,19.2,1900.0,1259492747.5
GW191129_134029,Klein_Fundamental_419km,419.3,113.79311135790466,252.63621461817462,13.1,15.877332942678485,1.2120101482960677,1.2120101482960677,True,True,10.7,6.7,790.0,1259070047.1
GW191127_050227,Klein_Fundamental_419km,419.3,113.79311135790466,57.089222524106994,9.2,11.681090823321194,1.269683785143608,1.269683785143608,True,True,53.0,24.0,3400.0,1258866165.5
GW191126_115259,Klein_Fundamental_419km,419.3,113.79311135790466,215.48383011550186,8.3,10.144763207851495,1.2222606274519874,1.2222606274519874,True,True,12.1,8.3,1620.0,1258804397.6
GW191113_071753,Klein_Fundamental_419km,419.3,113.79311135790466,125.95616430820168,7.9,16.1171302928966,2.0401430750502025,2.0401430750502025,True,True,29.0,5.9,1370.0,1257664691.8
GW191109_010717,Klein_Fundamental_419km,419.3,113.79311135790466,39.248840485323555,17.3,21.4691170943741,1.240989427420468,1.240989427420468,True,True,65.0,47.0,1290.0,1257296855.2
GW191105_143521,Klein_Fundamental_419km,419.3,113.79311135790466,238.90598556283905,9.7,11.783249901337902,1.2147680310657631,1.2147680310657631,True,True,10.7,7.7,1150.0,1256999739.9
GW191103_012549,Klein_Fundamental_419km,419.3,113.79311135790466,223.14061595716942,8.9,10.851632185704185,1.2192845152476612,1.2192845152476612,True,True,11.8,7.9,990.0,1256779567.5
GW190930_133541,Klein_Fundamental_419km,419.3,113.79311135790466,208.3350774576416,9.7,11.889333353244478,1.2257044694066472,1.2257044694066472,True,True,14.2,6.9,770.0,1253885759.2
GW190929_012149,Klein_Fundamental_419km,419.3,113.79311135790466,47.21665020790804,9.7,12.135597491269356,1.2510925248731297,1.2510925248731297,True,True,66.3,26.8,3130.0,1253755327.4
GW190926_050336,Klein_Fundamental_419km,419.3,113.79311135790466,71.47756316026404,8.1,10.70325666878238,1.3213897121953557,1.3213897121953557,True,True,41.1,20.4,3280.0,1253509434.0
GW190925_232845,Klein_Fundamental_419km,419.3,113.79311135790466,121.0983508087118,9.7,24.004277985993504,2.474667833607578,2.474667833607578,True,True,20.8,15.5,930.0,1253489343.1
GW190924_021846,Klein_Fundamental_419km,419.3,113.79311135790466,316.24964995368623,12.0,14.46802244651989,1.205668537209991,1.205668537209991,True,True,8.8,5.1,550.0,1253326744.8
GW190917_114630,Klein_Fundamental_419km,419.3,113.79311135790466,372.53136731832535,8.3,9.988841778019491,1.2034749130143965,1.2034749130143965,True,True,9.7,2.1,720.0,1252756008.0
GW190916_200658,Klein_Fundamental_419km,419.3,113.79311135790466,65.51222256864737,8.1,10.487291317970032,1.294727323206177,1.294727323206177,True,True,43.8,23.3,4940.0,1252699636.9
GW190915_235702,Klein_Fundamental_419km,419.3,113.79311135790466,76.98546645107247,13.1,17.777105477651006,1.357030952492443,1.3570309524924433,True,True,32.6,24.5,1750.0,1252627040.6
GW190910_112807,Klein_Fundamental_419km,419.3,113.79311135790466,56.35730941482357,14.5,18.385793667066572,1.2679857701425221,1.2679857701425221,True,True,43.8,34.2,1520.0,1252150105.3
GW190828_065509,Klein_Fundamental_419km,419.3,113.79311135790466,128.91114763508028,10.2,18.880006933042697,1.850981071866931,1.8509810718669313,True,True,23.7,10.4,1540.0,1251010527.8
GW190828_063405,Klein_Fundamental_419km,419.3,113.79311135790466,76.1849243389296,16.5,22.291031537291254,1.350971608320682,1.350971608320682,True,True,31.9,25.8,2070.0,1251009263.7
GW190814,Klein_Fundamental_419km,419.3,113.79311135790466,169.72471561221,25.3,32.17007321683067,1.2715443959221608,1.2715443959221608,True,True,23.3,2.6,230.0,1249852257.0
GW190805_211137,Klein_Fundamental_419km,419.3,113.79311135790466,57.23789237443018,8.1,10.28729448660746,1.2700363563712913,1.2700363563712913,True,True,46.2,30.6,6130.0,1249074715.3
GW190803_022701,Klein_Fundamental_419km,419.3,113.79311135790466,67.31807250162692,9.3,12.106808858936098,1.3018074041866772,1.3018074041866772,True,True,37.7,27.6,3190.0,1248834439.8
GW190731_140936,Klein_Fundamental_419km,419.3,113.79311135790466,62.08856121972088,8.8,11.291791541120473,1.283158129672781,1.283158129672781,True,True,41.8,29.0,3330.0,1248617394.6
GW190728_064510,Klein_Fundamental_419km,419.3,113.79311135790466,214.43268948079213,13.1,16.017660324081024,1.2227221621435898,1.2227221621435898,True,True,12.5,8.0,880.0,1248331528.5
GW190727_060333,Klein_Fundamental_419km,419.3,113.79311135790466,63.61606562020605,11.7,15.070147741004757,1.288046815470492,1.288046815470492,True,True,38.9,30.2,3070.0,1248242631.9
GW190725_174728,Klein_Fundamental_419km,419.3,113.79311135790466,242.86575327935017,9.1,11.046332449781147,1.213882686789137,1.213882686789137,True,True,11.8,6.3,1030.0,1248112066.4
GW190720_000836,Klein_Fundamental_419km,419.3,113.79311135790466,202.5746605694119,10.9,13.397109212933024,1.2290925883424793,1.2290925883424793,True,True,14.2,7.5,770.0,1247616534.7
GW190719_215514,Klein_Fundamental_419km,419.3,113.79311135790466,77.80301122754405,7.9,10.772364264898542,1.3635904132782963,1.3635904132782963,True,True,36.6,19.9,3730.0,1247608532.9
GW190708_232457,Klein_Fundamental_419km,419.3,113.79311135790466,139.99586415147257,13.4,19.90719200993427,1.4856113440249454,1.4856113440249454,True,True,19.8,11.6,930.0,1246663515.3
GW190707_093326,Klein_Fundamental_419km,419.3,113.79311135790466,219.7935067178119,13.1,15.98864850430396,1.2205075194125161,1.2205075194125161,True,True,12.1,7.9,850.0,1246527224.1
GW190706_222641,Klein_Fundamental_419km,419.3,113.79311135790466,38.764286899084986,13.4,16.622345766853613,1.240473564690568,1.240473564690568,True,True,74.0,39.4,3630.0,1246487219.3
GW190701_203306,Klein_Fundamental_419km,419.3,113.79311135790466,46.46797182194756,11.2,13.999931636487503,1.2499938961149557,1.2499938961149557,True,True,54.1,40.5,2090.0,1246048404.5
GW190630_185205,Klein_Fundamental_419km,419.3,113.79311135790466,74.38020531905649,16.4,21.951427038109525,1.338501648665215,1.338501648665215,True,True,35.1,24.0,870.0,1245955943.1
GW190620_030421,Klein_Fundamental_419km,419.3,113.79311135790466,47.26742079952945,12.1,15.139136693339225,1.2511683217635723,1.2511683217635723,True,True,58.0,35.0,2910.0,1245035079.3
GW190602_175927,Klein_Fundamental_419km,419.3,113.79311135790466,37.70042996874991,13.2,16.3597411801324,1.2393743318282122,1.2393743318282122,True,True,71.8,44.8,2840.0,1243533585.0
GW190527_092055,Klein_Fundamental_419km,419.3,113.79311135790466,76.05311651135361,8.0,10.800053080451981,1.3500066350564977,1.3500066350564977,True,True,35.6,22.2,2520.0,1242984073.7
GW190521_074359,Klein_Fundamental_419km,419.3,113.79311135790466,57.23789237443019,25.9,32.89394163001644,1.2700363563712913,1.2700363563712913,True,True,43.4,33.4,1080.0,1242459857.4
GW190521,Klein_Fundamental_419km,419.3,113.79311135790466,28.25109340845911,14.3,17.607572582394678,1.2312987819856418,1.2312987819856418,True,True,98.4,57.2,3310.0,1242442967.4
GW190519_153544,Klein_Fundamental_419km,419.3,113.79311135790466,41.50963299675391,15.9,19.772136218148205,1.2435305797577487,1.2435305797577487,True,True,65.1,40.8,2600.0,1242315362.3
GW190517_055101,Klein_Fundamental_419km,419.3,113.79311135790466,69.55490718918098,10.8,14.166447059824689,1.3117080610948786,1.3117080610948786,True,True,39.2,24.0,1790.0,1242107479.8
GW190514_065416,Klein_Fundamental_419km,419.3,113.79311135790466,63.43246947123,8.0,10.29949713244005,1.2874371415550063,1.2874371415550063,True,True,40.9,28.4,3890.0,1241852074.8
GW190513_205428,Klein_Fundamental_419km,419.3,113.79311135790466,80.95525109311673,12.5,17.412206476350605,1.3929765181080485,1.3929765181080485,True,True,36.0,18.3,2210.0,1241816086.7
GW190512_180714,Klein_Fundamental_419km,419.3,113.79311135790466,123.13361720885821,12.7,28.897826203263907,2.2754193860837724,2.2754193860837724,True,True,23.2,12.5,1460.0,1241719652.4
GW190503_185404,Klein_Fundamental_419km,419.3,113.79311135790466,63.159053654543655,12.2,15.695796237379538,1.2865406751950441,1.2865406751950441,True,True,41.3,28.3,1520.0,1240944862.2
GW190426_190642,Klein_Fundamental_419km,419.3,113.79311135790466,24.21967016174236,8.7,10.688720804898663,1.2285885982642142,1.2285885982642142,True,True,105.5,76.0,4580.0,1240340820.6
GW190425,Klein_Fundamental_419km,419.3,113.79311135790466,1292.9029806930112,12.4,14.88207862974878,1.2001676314313532,1.2001676314313532,True,True,2.1,1.3,150.0,1240215503.0
GW190421_213856,Klein_Fundamental_419km,419.3,113.79311135790466,59.40365046427349,10.7,13.647705095998479,1.2754864575699514,1.2754864575699514,True,True,42.0,32.0,2590.0,1239917954.2
GW190413_134308,Klein_Fundamental_419km,419.3,113.79311135790466,53.80502000436033,10.6,13.382715978158547,1.2625203752979761,1.2625203752979761,True,True,51.3,30.4,3800.0,1239198206.7
GW190413_052954,Klein_Fundamental_419km,419.3,113.79311135790466,75.92176397851878,9.0,12.141485048658556,1.3490538942953951,1.3490538942953951,True,True,33.7,24.2,3320.0,1239168612.5
GW190412,Klein_Fundamental_419km,419.3,113.79311135790466,119.77847777537433,19.8,51.67655073142755,2.6099268046175528,2.6099268046175528,True,True,27.7,9.0,720.0,1239082262.1
GW190408_181802,Klein_Fundamental_419km,419.3,113.79311135790466,101.52125021607941,14.6,29.669653478782266,2.032168046491936,2.032168046491936,True,True,24.8,18.5,1540.0,1238782700.2
GW190403_051519,Klein_Fundamental_419km,419.3,113.79311135790466,41.8654298510118,7.6,9.454033370465108,1.2439517592717249,1.2439517592717249,True,True,85.0,20.0,8280.0,1238303737.2
GW170823,Klein_Fundamental_419km,419.3,113.79311135790466,64.17328663293779,12.2,15.7372198938002,1.289936056868869,1.289936056868869,True,True,39.5,29.0,1940.0,1187529256.5
GW170818,Klein_Fundamental_419km,419.3,113.79311135790466,70.78695868528565,12.0,15.813305260273136,1.3177754383560947,1.3177754383560947,True,True,35.4,26.7,1060.0,1187058327.1
GW170817,Klein_Fundamental_419km,419.3,113.79311135790466,1610.2088404235303,33.0,39.60343469950343,1.2001040818031343,1.2001040818031343,True,True,1.46,1.27,40.0,1187008882.4
GW170814,Klein_Fundamental_419km,419.3,113.79311135790466,78.7790346658824,17.7,24.283591985089714,1.371954349440097,1.371954349440097,True,True,30.6,25.2,600.0,1186741861.5
GW170809,Klein_Fundamental_419km,419.3,113.79311135790466,74.75969616252107,12.8,17.164746820124318,1.3409958453222124,1.3409958453222122,True,True,35.0,23.8,1030.0,1186302519.8
GW170729,Klein_Fundamental_419km,419.3,113.79311135790466,52.20748378095295,10.8,13.601785359518914,1.2594245703258253,1.2594245703258253,True,True,50.2,34.0,2840.0,1185389807.3
GW170608,Klein_Fundamental_419km,419.3,113.79311135790466,236.3371039976472,15.4,18.71698035214297,1.2153883345547383,1.2153883345547383,True,True,11.0,7.6,320.0,1180922494.5
GW170104,Klein_Fundamental_419km,419.3,113.79311135790466,86.53287666055589,13.8,20.246071790279974,1.4671066514695632,1.4671066514695632,True,True,30.8,20.0,990.0,1167559936.6
GW151226,Klein_Fundamental_419km,419.3,113.79311135790466,205.4144922596373,13.1,16.078206966755406,1.2273440432637714,1.2273440432637714,True,True,13.7,7.7,450.0,1135136350.6
GW151012,Klein_Fundamental_419km,419.3,113.79311135790466,119.45299278141952,10.0,26.430126287009514,2.6430126287009514,2.6430126287009514,True,True,23.2,13.6,1080.0,1128678900.4
GW150914,Klein_Fundamental_419km,419.3,113.79311135790466,66.40287212018487,26.0,33.75126183609072,1.2981254552342585,1.2981254552342585,True,True,35.6,30.6,440.0,1126259462.4
GW240109_050431,Klein_Base_8187km,8187.1,5.827881861998684,93.3305761009817,10.4,12.480830357683283,1.200079842084931,1.200079842084931,False,False,29.1,18.0,1450.0,1388811889.8
GW240107_013215,Klein_Base_8187km,8187.1,5.827881861998684,47.78119711256781,9.6,11.523333871439984,1.2003472782749984,1.2003472782749984,False,False,60.0,32.0,5700.0,1388626353.7
GW240105_151143,Klein_Base_8187km,8187.1,5.827881861998684,,25.9,25.9,1.0,1.0,False,False,,,,1388502721.2
GW240104_164932,Klein_Base_8187km,8187.1,5.827881861998684,58.92587311469488,14.8,17.76320883363778,1.2002168130836337,1.2002168130836337,False,False,42.3,32.3,1890.0,1388422190.6
GW231231_154016,Klein_Base_8187km,8187.1,5.827881861998684,110.72720741451481,13.4,16.080744457631205,1.2000555565396422,1.2000555565396422,False,False,22.5,17.2,1060.0,1388072434.7
GW231231_120147,Klein_Base_8187km,8187.1,5.827881861998684,,11.3,11.3,1.0,1.0,False,False,,,,1388059325.6
GW231230_170116,Klein_Base_8187km,8187.1,5.827881861998684,49.95306970859362,8.2,9.842574298774423,1.2003139388749298,1.2003139388749298,False,False,53.0,35.0,5600.0,1387990895.0
GW231226_101520,Klein_Base_8187km,8187.1,5.827881861998684,58.37808943368179,34.7,41.64768106033244,1.2002213562055457,1.2002213562055457,False,False,40.0,35.3,1160.0,1387620938.3
GW231224_024321,Klein_Base_8187km,8187.1,5.827881861998684,264.492787867403,14.0,16.800127921868516,1.2000091372763224,1.2000091372763226,False,False,9.3,7.32,950.0,1387421020.0
GW231223_202619,Klein_Base_8187km,8187.1,5.827881861998684,226.5912440389814,10.0,12.000125440263695,1.2000125440263694,1.2000125440263694,False,False,11.1,8.3,890.0,1387398397.0
GW231223_075055,Klein_Base_8187km,8187.1,5.827881861998684,233.82287948703393,9.4,11.280110552447912,1.200011760898714,1.200011760898714,False,False,12.0,6.8,960.0,1387353073.3
GW231223_032836,Klein_Base_8187km,8187.1,5.827881861998684,57.089222524106994,10.2,12.242372783452362,1.200232625828663,1.200232625828663,False,False,46.0,31.0,4000.0,1387337334.1
GW231221_135041,Klein_Base_8187km,8187.1,5.827881861998684,57.089222524106994,10.0,12.002326258286631,1.200232625828663,1.200232625828663,False,False,48.0,29.0,4300.0,1387201859.3
GW231220_173406,Klein_Base_8187km,8187.1,5.827881861998684,,7.9,7.9,1.0,1.0,False,False,,,,1387128864.2
GW231213_111417,Klein_Base_8187km,8187.1,5.827881861998684,70.10957152083316,10.4,12.481538569292832,1.20014793935508,1.20014793935508,False,False,35.3,27.4,4000.0,1386501275.9
GW231206_233901,Klein_Base_8187km,8187.1,5.827881861998684,66.50333032308984,21.9,26.283636403311608,1.2001660458133154,1.2001660458133154,False,False,37.6,28.5,1490.0,1385941159.5
GW231206_233134,Klein_Base_8187km,8187.1,5.827881861998684,68.15302533885641,12.8,15.362014370757514,1.2001573727154307,1.2001573727154307,False,False,35.9,28.6,3000.0,1385940712.5
GW231206_010629,Klein_Base_8187km,8187.1,5.827881861998684,,9.7,9.7,1.0,1.0,False,False,,,,1385860007.2
GW231204_090648,Klein_Base_8187km,8187.1,5.827881861998684,,8.4,8.4,1.0,1.0,False,False,,,,1385716026.9
GW231129_081745,Klein_Base_8187km,8187.1,5.827881861998684,63.159053654543655,9.4,11.281748216948186,1.2001859805264028,1.2001859805264028,False,False,46.0,23.6,3600.0,1385281083.6
GW231127_165300,Klein_Base_8187km,8187.1,5.827881861998684,58.61160179141651,9.9,11.882172082175133,1.2002194022399124,1.2002194022399124,False,False,46.0,29.0,4400.0,1385139198.9
GW231126_010928,Klein_Base_8187km,8187.1,5.827881861998684,,9.1,9.1,1.0,1.0,False,False,,,,1384996186.3
GW231123_135430,Klein_Base_8187km,8187.1,5.827881861998684,18.31612555981766,21.8,26.245271316467463,1.203911528278324,1.203911528278324,False,False,137.0,103.0,2200.0,1384782888.7
GW231120_022103,Klein_Base_8187km,8187.1,5.827881861998684,,10.0,10.0,1.0,1.0,False,False,,,,1384482081.0
GW231119_075248,Klein_Base_8187km,8187.1,5.827881861998684,53.608172370198034,8.3,9.962222336903737,1.200267751434185,1.200267751434185,False,False,48.0,34.0,6600.0,1384415586.1
GW231118_090602,Klein_Base_8187km,8187.1,5.827881861998684,215.48383011550186,11.0,13.200152992075582,1.2000139083705075,1.2000139083705075,False,False,13.2,7.2,1350.0,1384333580.0
GW231118_071402,Klein_Base_8187km,8187.1,5.827881861998684,60.21739910077039,9.2,11.041901085037074,1.200206639677943,1.200206639677943,False,False,43.0,30.0,4100.0,1384326860.2
GW231118_005626,Klein_Base_8187km,8187.1,5.827881861998684,141.80226239858834,10.7,12.840353798189408,1.2000330652513467,1.2000330652513467,False,False,20.2,10.8,2170.0,1384304204.8
GW231114_043211,Klein_Base_8187km,8187.1,5.827881861998684,140.44313528294688,10.0,12.000337362882034,1.2000337362882034,1.2000337362882034,False,False,23.1,8.2,1340.0,1383971549.2
GW231113_200417,Klein_Base_8187km,8187.1,5.827881861998684,231.36158601874936,10.5,12.600126199454522,1.2000120189956687,1.2000120189956687,False,False,11.6,7.4,1150.0,1383941075.9
GW231113_150041,Klein_Base_8187km,8187.1,5.827881861998684,,8.7,8.7,1.0,1.0,False,False,,,,1383922859.4
GW231113_122623,Klein_Base_8187km,8187.1,5.827881861998684,65.02766470941182,8.6,10.321500065149593,1.2001744261801852,1.2001744261801852,False,False,40.2,27.4,3200.0,1383913601.9
GW231110_040320,Klein_Base_8187km,8187.1,5.827881861998684,136.51770603590802,11.5,13.800411623007095,1.2000357933049648,1.2000357933049648,False,False,19.6,12.6,1860.0,1383624218.2
GW231108_125142,Klein_Base_8187km,8187.1,5.827881861998684,108.27266340778914,12.6,15.120733957298157,1.2000582505792188,1.2000582505792188,False,False,23.2,17.4,2030.0,1383483120.5
GW231104_133418,Klein_Base_8187km,8187.1,5.827881861998684,210.32871456249947,11.8,14.160172497300486,1.2000146184152953,1.2000146184152953,False,False,12.3,8.6,1460.0,1383140076.9
GW231102_232433,Klein_Base_8187km,8187.1,5.827881861998684,,7.6,7.6,1.0,1.0,False,False,,,,1383002691.5
GW231102_071736,Klein_Base_8187km,8187.1,5.827881861998684,41.8654298510118,15.6,18.727341664794796,1.200470619538128,1.200470619538128,False,False,62.0,43.0,3700.0,1382944674.4
GW231102_052214,Klein_Base_8187km,8187.1,5.827881861998684,,7.9,7.9,1.0,1.0,False,False,,,,1382937752.4
GW231029_111508,Klein_Base_8187km,8187.1,5.827881861998684,41.08289845192746,10.8,12.96531076681462,1.2004917376680202,1.2004917376680202,False,False,65.0,42.0,3100.0,1382613326.8
GW231028_153006,Klein_Base_8187km,8187.1,5.827881861998684,28.544611262053497,22.4,26.90651945854805,1.2011839043994665,1.2011839043994665,False,False,99.0,55.0,4200.0,1382542224.3
GW231026_130704,Klein_Base_8187km,8187.1,5.827881861998684,,8.3,8.3,1.0,1.0,False,False,,,,1382360842.2
GW231020_142947,Klein_Base_8187km,8187.1,5.827881861998684,225.42923765929427,12.0,14.400152125541581,1.2000126771284652,1.2000126771284652,False,False,12.2,7.3,1230.0,1381847405.6
GW231018_233037,Klein_Base_8187km,8187.1,5.827881861998684,232.58572139451,9.1,10.920108195173269,1.20001188957948,1.20001188957948,False,False,11.6,7.3,1520.0,1381707055.0
GW231014_040532,Klein_Base_8187km,8187.1,5.827881861998684,124.17712243944173,9.0,10.800392821284667,1.2000436468094076,1.2000436468094076,False,False,20.6,14.8,2300.0,1381291551.0
GW231013_135504,Klein_Base_8187km,8187.1,5.827881861998684,,8.4,8.4,1.0,1.0,False,False,,,,1381240522.4
GW231008_142521,Klein_Base_8187km,8187.1,5.827881861998684,61.82658416816088,9.3,11.161812900510553,1.200194935538769,1.200194935538769,False,False,46.0,25.1,2800.0,1380810339.8
GW231005_144455,Klein_Base_8187km,8187.1,5.827881861998684,,7.3,7.3,1.0,1.0,False,False,,,,1380552313.4
GW231005_091549,Klein_Base_8187km,8187.1,5.827881861998684,87.74191884942591,11.0,13.201002185297092,1.200091107754281,1.200091107754281,False,False,28.5,21.6,3700.0,1380532567.5
GW231005_021030,Klein_Base_8187km,8187.1,5.827881861998684,32.80500100265849,10.4,12.48873239855497,1.2008396537072086,1.2008396537072086,False,False,85.0,49.0,6100.0,1380507049.0
GW231004_232346,Klein_Base_8187km,8187.1,5.827881861998684,43.95870134356238,8.9,10.683741366682353,1.200420378278916,1.200420378278916,False,False,66.0,34.0,4200.0,1380497044.3
GW231002_143916,Klein_Base_8187km,8187.1,5.827881861998684,,9.4,9.4,1.0,1.0,False,False,,,,1380292774.7
GW231001_140220,Klein_Base_8187km,8187.1,5.827881861998684,37.57153960988238,11.5,13.80697479631904,1.2006065040277425,1.2006065040277425,False,False,77.0,40.0,4200.0,1380204158.7
GW230930_110730,Klein_Base_8187km,8187.1,5.827881861998684,74.88705509976556,9.0,10.801153620105442,1.2001281800117158,1.2001281800117158,False,False,34.1,24.6,4900.0,1380107268.4
GW230928_215827,Klein_Base_8187km,8187.1,5.827881861998684,51.71611922772045,10.5,12.603047968591792,1.2002902827230277,1.2002902827230277,False,False,55.0,30.0,4700.0,1379973525.1
GW230927_153832,Klein_Base_8187km,8187.1,5.827881861998684,114.17844504821399,20.3,24.361057097660606,1.2000520737763845,1.2000520737763845,False,False,21.9,16.6,1150.0,1379864330.9
GW230927_043729,Klein_Base_8187km,8187.1,5.827881861998684,70.55971323204234,12.1,14.521765258719995,1.2001458891504129,1.2001458891504129,False,False,34.9,27.4,3200.0,1379824667.1
GW230925_143957,Klein_Base_8187km,8187.1,5.827881861998684,,8.0,8.0,1.0,1.0,False,False,,,,1379688015.5
GW230924_124453,Klein_Base_8187km,8187.1,5.827881861998684,84.69884651938801,13.5,16.201326690855986,1.2000982733967398,1.2000982733967396,False,False,28.7,23.2,2360.0,1379594711.8
GW230922_040658,Klein_Base_8187km,8187.1,5.827881861998684,34.61315066422235,12.5,15.009219034419887,1.200737522753591,1.200737522753591,False,False,76.0,51.0,6400.0,1379390836.1
GW230922_020344,Klein_Base_8187km,8187.1,5.827881861998684,63.61606562020605,13.4,16.082452881256003,1.2001830508400002,1.2001830508400002,False,False,39.8,29.3,1550.0,1379383442.9
GW230920_071124,Klein_Base_8187km,8187.1,5.827881861998684,77.52857379816997,11.1,13.321319901670305,1.200118910060388,1.200118910060388,False,False,32.5,24.2,2800.0,1379229102.7
GW230920_064709,Klein_Base_8187km,8187.1,5.827881861998684,,9.5,9.5,1.0,1.0,False,False,,,,1379227647.3
GW230919_215712,Klein_Base_8187km,8187.1,5.827881861998684,89.34695395033005,16.8,20.161472349112522,1.2000876398281262,1.2000876398281262,False,False,27.5,21.7,1280.0,1379195850.0
GW230914_111401,Klein_Base_8187km,8187.1,5.827881861998684,45.790313899544145,17.2,20.64658303638776,1.200382734673707,1.200382734673707,False,False,60.0,36.0,2600.0,1378725259.7
GW230911_195324,Klein_Base_8187km,8187.1,5.827881861998684,77.80301122754405,11.1,13.3213098560854,1.2001180050527387,1.2001180050527387,False,False,36.2,20.3,1080.0,1378497222.2
GW230904_152545,Klein_Base_8187km,8187.1,5.827881861998684,,9.2,9.2,1.0,1.0,False,False,,,,1377876363.2
GW230904_051013,Klein_Base_8187km,8187.1,5.827881861998684,248.35424487888352,10.5,12.600109134702123,1.2000103937811546,1.2000103937811546,False,False,10.6,7.1,1000.0,1377839431.1
GW230902_224555,Klein_Base_8187km,8187.1,5.827881861998684,,7.5,7.5,1.0,1.0,False,False,,,,1377729973.7
GW230902_172430,Klein_Base_8187km,8187.1,5.827881861998684,,8.5,8.5,1.0,1.0,False,False,,,,1377710688.8
GW230902_122814,Klein_Base_8187km,8187.1,5.827881861998684,,8.1,8.1,1.0,1.0,False,False,,,,1377692912.9
GW230831_134621,Klein_Base_8187km,8187.1,5.827881861998684,,8.8,8.8,1.0,1.0,False,False,,,,1377524799.7
GW230831_015414,Klein_Base_8187km,8187.1,5.827881861998684,59.40365046427349,8.6,10.321831488639873,1.200212963795334,1.200212963795334,False,False,43.0,31.0,4700.0,1377482072.1
GW230830_064744,Klein_Base_8187km,8187.1,5.827881861998684,,8.5,8.5,1.0,1.0,False,False,,,,1377413282.2
GW230825_041334,Klein_Base_8187km,8187.1,5.827881861998684,60.382831515882394,8.8,10.561807418735397,1.2002053884926587,1.2002053884926587,False,False,45.0,27.8,4600.0,1376972032.5
GW230824_135331,Klein_Base_8187km,8187.1,5.827881861998684,,9.7,9.7,1.0,1.0,False,False,,,,1376920429.9
GW230824_033047,Klein_Base_8187km,8187.1,5.827881861998684,49.39179926242964,11.1,13.323575076955159,1.2003220790049693,1.2003220790049693,False,False,53.0,36.0,4600.0,1376883065.7
GW230823_142524,Klein_Base_8187km,8187.1,5.827881861998684,,8.8,8.8,1.0,1.0,False,False,,,,1376835942.6
GW230822_230337,Klein_Base_8187km,8187.1,5.827881861998684,,8.3,8.3,1.0,1.0,False,False,,,,1376780635.5
GW230820_212515,Klein_Base_8187km,8187.1,5.827881861998684,45.790313899544145,9.3,11.163559432465476,1.200382734673707,1.200382734673707,False,False,64.0,32.0,3900.0,1376601934.0
GW230819_171910,Klein_Base_8187km,8187.1,5.827881861998684,41.470472965624886,9.9,11.884762933832015,1.2004811044274761,1.2004811044274761,False,False,73.0,33.0,3800.0,1376500768.4
GW230817_212349,Klein_Base_8187km,8187.1,5.827881861998684,,7.8,7.8,1.0,1.0,False,False,,,,1376342647.1
GW230814_230901,Klein_Base_8187km,8187.1,5.827881861998684,70.90113119929417,43.0,51.606207584228784,1.2001443624239252,1.2001443624239252,False,False,33.6,28.4,280.0,1376089759.8
GW230814_061920,Klein_Base_8187km,8187.1,5.827881861998684,38.22495769005425,11.2,13.446521685724779,1.200582293368284,1.200582293368284,False,False,72.0,43.0,3600.0,1376029178.5
GW230811_032116,Klein_Base_8187km,8187.1,5.827881861998684,75.6604153933948,13.6,16.321704853434724,1.2001253568702004,1.2001253568702004,False,False,36.4,21.7,2000.0,1375759294.3
GW230807_205045,Klein_Base_8187km,8187.1,5.827881861998684,,8.7,8.7,1.0,1.0,False,False,,,,1375476663.4
GW230806_204041,Klein_Base_8187km,8187.1,5.827881861998684,51.1147690041423,9.4,11.282801592603326,1.2002980417663112,1.2002980417663112,False,False,51.0,35.0,5500.0,1375389659.9
GW230805_034249,Klein_Base_8187km,8187.1,5.827881861998684,79.92491153374978,9.5,11.401057764839189,1.200111343667283,1.200111343667283,False,False,32.3,22.7,3300.0,1375242188.0
GW230803_033412,Klein_Base_8187km,8187.1,5.827881861998684,58.61160179141651,9.4,11.282062381055177,1.2002194022399124,1.2002194022399124,False,False,46.0,29.0,4800.0,1375068870.4
GW230731_215307,Klein_Base_8187km,8187.1,5.827881861998684,242.86575327935017,12.2,14.640132744248282,1.2000108806760887,1.2000108806760887,False,False,10.3,7.8,1110.0,1374875605.9
GW230729_082317,Klein_Base_8187km,8187.1,5.827881861998684,219.7935067178119,9.5,11.400126860481311,1.200013353734875,1.200013353734875,False,False,12.4,7.6,1620.0,1374654215.2
GW230728_083628,Klein_Base_8187km,8187.1,5.827881861998684,,13.1,13.1,1.0,1.0,False,False,,,,1374568606.9
GW230726_002940,Klein_Base_8187km,8187.1,5.827881861998684,69.44502581921388,10.5,12.601585982906853,1.2001510459911289,1.2001510459911289,False,False,35.3,28.0,2000.0,1374366598.1
GW230723_101834,Klein_Base_8187km,8187.1,5.827881861998684,159.84982306749956,10.1,12.120260281891863,1.200025770484343,1.200025770484343,False,False,16.7,10.8,1580.0,1374142732.4
GW230723_084820,Klein_Base_8187km,8187.1,5.827881861998684,,8.4,8.4,1.0,1.0,False,False,,,,1374137318.4
GW230721_222634,Klein_Base_8187km,8187.1,5.827881861998684,,7.9,7.9,1.0,1.0,False,False,,,,1374013612.8
GW230717_102139,Klein_Base_8187km,8187.1,5.827881861998684,,8.3,8.3,1.0,1.0,False,False,,,,1373624517.1
GW230712_090405,Klein_Base_8187km,8187.1,5.827881861998684,101.28733028470594,9.5,11.400637328825466,1.2000670872447858,1.2000670872447858,False,False,32.0,11.4,1900.0,1373187863.9
GW230709_122727,Klein_Base_8187km,8187.1,5.827881861998684,58.61160179141651,10.2,12.242237902847105,1.2002194022399124,1.2002194022399124,False,False,45.0,30.0,4500.0,1372940865.2
GW230709_063445,Klein_Base_8187km,8187.1,5.827881861998684,,7.9,7.9,1.0,1.0,False,False,,,,1372919703.1
GW230708_230935,Klein_Base_8187km,8187.1,5.827881861998684,42.26798206111768,10.0,12.004602817871193,1.2004602817871193,1.2004602817871193,False,False,65.0,39.0,3400.0,1372892993.5
GW230708_071859,Klein_Base_8187km,8187.1,5.827881861998684,,9.1,9.1,1.0,1.0,False,False,,,,1372835957.4
GW230708_053705,Klein_Base_8187km,8187.1,5.827881861998684,84.21207153939154,8.9,10.680885529508553,1.20009949769759,1.20009949769759,False,False,29.1,23.1,3200.0,1372829843.1
GW230707_124047,Klein_Base_8187km,8187.1,5.827881861998684,53.15441516754823,11.9,14.283247623742362,1.2002729095581817,1.2002729095581817,False,False,45.9,36.8,4400.0,1372768865.3
GW230706_104333,Klein_Base_8187km,8187.1,5.827881861998684,158.12482497684312,9.2,11.040242489578938,1.2000263575629282,1.2000263575629282,False,False,16.3,11.5,1900.0,1372675431.2
GW230704_212616,Klein_Base_8187km,8187.1,5.827881861998684,31.399072388258844,8.7,10.448129911489655,1.200934472585018,1.200934472585018,False,False,92.0,48.0,7100.0,1372541194.7
GW230704_021211,Klein_Base_8187km,8187.1,5.827881861998684,82.62913786383906,9.4,11.280974227054887,1.2001036411760517,1.2001036411760517,False,False,33.3,19.9,2600.0,1372471949.2
GW230702_185453,Klein_Base_8187km,8187.1,5.827881861998684,74.38020531905649,10.1,12.121313831327786,1.2001300823096819,1.2001300823096819,False,False,41.0,18.1,2300.0,1372359311.7
GW230702_162025,Klein_Base_8187km,8187.1,5.827881861998684,,9.2,9.2,1.0,1.0,False,False,,,,1372350043.9
GW230630_234532,Klein_Base_8187km,8187.1,5.827881861998684,263.22575654827773,9.9,11.880091351785271,1.2000092274530576,1.2000092274530576,False,False,10.0,6.7,1070.0,1372203950.4
GW230630_125806,Klein_Base_8187km,8187.1,5.827881861998684,51.1147690041423,9.0,10.8026823758968,1.2002980417663112,1.2002980417663112,False,False,53.0,33.0,5000.0,1372165104.9
GW230630_070659,Klein_Base_8187km,8187.1,5.827881861998684,,9.8,9.8,1.0,1.0,False,False,,,,1372144037.0
GW230628_231200,Klein_Base_8187km,8187.1,5.827881861998684,73.75621030799059,16.4,19.682172721243752,1.2001324830026678,1.2001324830026678,False,False,32.4,27.2,2250.0,1372029138.4
GW230627_015337,Klein_Base_8187km,8187.1,5.827881861998684,310.0049460053765,28.7,34.44018963625012,1.2000066075348472,1.2000066075348472,False,False,8.4,5.78,305.0,1371866035.8
GW230625_211655,Klein_Base_8187km,8187.1,5.827881861998684,,8.1,8.1,1.0,1.0,False,False,,,,1371763033.0
GW230624_214944,Klein_Base_8187km,8187.1,5.827881861998684,,10.6,10.6,1.0,1.0,False,False,,,,1371678602.5
GW230624_113103,Klein_Base_8187km,8187.1,5.827881861998684,99.45407543792395,11.4,13.680795036878248,1.2000697400770393,1.2000697400770393,False,False,28.0,16.2,1810.0,1371641481.7
GW230618_102550,Klein_Base_8187km,8187.1,5.827881861998684,,7.8,7.8,1.0,1.0,False,False,,,,1371119168.0
GW230615_160825,Klein_Base_8187km,8187.1,5.827881861998684,,8.9,8.9,1.0,1.0,False,False,,,,1370880524.0
GW230609_064958,Klein_Base_8187km,8187.1,5.827881861998684,73.02109857734615,10.6,12.721435212854278,1.200135397439083,1.200135397439083,False,False,35.2,25.0,3300.0,1370328616.3
GW230609_010824,Klein_Base_8187km,8187.1,5.827881861998684,,8.0,8.0,1.0,1.0,False,False,,,,1370308122.4
GW230608_205047,Klein_Base_8187km,8187.1,5.827881861998684,55.50341078732624,10.2,12.242526675009227,1.2002477132361988,1.2002477132361988,False,False,49.0,30.2,3400.0,1370292665.2
GW230606_024545,Klein_Base_8187km,8187.1,5.827881861998684,,7.5,7.5,1.0,1.0,False,False,,,,1370054763.5
GW230606_004305,Klein_Base_8187km,8187.1,5.827881861998684,69.77571641835299,11.1,13.321659316410658,1.2001494879649242,1.2001494879649242,False,False,37.3,25.7,2700.0,1370047403.8
GW230605_065343,Klein_Base_8187km,8187.1,5.827881861998684,154.24105734583293,11.4,13.680316407831237,1.2000277550729155,1.2000277550729155,False,False,17.5,11.0,1040.0,1369983241.5
GW230603_174756,Klein_Base_8187km,8187.1,5.827881861998684,,8.0,8.0,1.0,1.0,False,False,,,,1369849694.9
GW230601_224134,Klein_Base_8187km,8187.1,5.827881861998684,39.96245576687489,13.4,16.087028833145023,1.200524539786942,1.200524539786942,False,False,66.0,44.0,3400.0,1369694512.1
GW230531_141100,Klein_Base_8187km,8187.1,5.827881861998684,,8.0,8.0,1.0,1.0,False,False,,,,1369577478.3
GW230529_181500,Klein_Base_8187km,8187.1,5.827881861998684,,11.8,11.8,1.0,1.0,False,False,,,,1369419318.7
GW230518_125908,Klein_Base_8187km,8187.1,5.827881861998684,,14.1,14.1,1.0,1.0,False,False,,,,1368449966.2
GW200322_091133,Klein_Base_8187km,8187.1,5.827881861998684,89.16572280641458,4.5,5.400396096286048,1.2000880213968996,1.2000880213968996,False,False,38.0,11.3,3500.0,1268903511.3
GW200316_215756,Klein_Base_8187km,8187.1,5.827881861998684,210.32871456249947,10.3,12.360150569677543,1.2000146184152953,1.2000146184152953,False,False,13.1,7.8,1120.0,1268431094.1
GW200311_115853,Klein_Base_8187km,8187.1,5.827881861998684,71.01567260672435,17.8,21.362560629537118,1.2001438555919728,1.2001438555919728,False,False,34.2,27.7,1170.0,1267963151.3
GW200308_173609,Klein_Base_8187km,8187.1,5.827881861998684,52.33178731376474,4.7,5.641328448695927,1.200282648658708,1.200282648658708,False,False,60.0,24.0,7100.0,1267724187.7
GW200306_093714,Klein_Base_8187km,8187.1,5.827881861998684,101.99234650478512,7.8,9.360515636201182,1.2000661072052798,1.2000661072052798,False,False,28.3,14.8,2100.0,1267522652.1
GW200302_015811,Klein_Base_8187km,8187.1,5.827881861998684,76.05311651135361,10.8,12.961338756006716,1.2001239588895107,1.2001239588895107,False,False,37.8,20.0,1480.0,1267149509.5
GW200225_060421,Klein_Base_8187km,8187.1,5.827881861998684,132.00811214283002,12.5,15.000479967798825,1.200038397423906,1.200038397423906,False,False,19.3,14.0,1150.0,1266645879.3
GW200224_222234,Klein_Base_8187km,8187.1,5.827881861998684,60.4658890557942,20.0,24.00409529197664,1.200204764598832,1.200204764598832,False,False,40.0,32.7,1710.0,1266618172.4
GW200220_124850,Klein_Base_8187km,8187.1,5.827881861998684,65.80643913706943,8.5,10.201444374721016,1.2001699264377665,1.2001699264377665,False,False,38.9,27.9,4000.0,1266238148.1
GW200220_061928,Klein_Base_8187km,8187.1,5.827881861998684,29.701825232136745,7.2,8.647718260687892,1.201071980651096,1.201071980651096,False,False,87.0,61.0,6000.0,1266214786.7
GW200219_094415,Klein_Base_8187km,8187.1,5.827881861998684,67.21513966905563,10.7,12.841735729935403,1.2001622177509723,1.2001622177509723,False,False,37.5,27.9,3400.0,1266140673.1
GW200216_220804,Klein_Base_8187km,8187.1,5.827881861998684,54.27000165871899,8.1,9.72210993886093,1.2002604862791273,1.2002604862791273,False,False,51.0,30.0,3800.0,1265926102.8
GW200210_092254,Klein_Base_8187km,8187.1,5.827881861998684,163.23320216696018,8.4,10.080207266208017,1.2000246745485734,1.2000246745485734,False,False,24.1,2.83,940.0,1265361792.9
GW200209_085452,Klein_Base_8187km,8187.1,5.827881861998684,70.10957152083314,9.6,11.521420217808767,1.20014793935508,1.20014793935508,False,False,35.6,27.1,3400.0,1265273710.1
GW200208_222617,Klein_Base_8187km,8187.1,5.827881861998684,69.44502581921388,7.4,8.881117740334354,1.2001510459911289,1.2001510459911289,False,False,51.0,12.3,4100.0,1265235995.9
GW200208_130117,Klein_Base_8187km,8187.1,5.827881861998684,67.52488685647064,10.8,12.961734406235971,1.2001605931699972,1.2001605931699972,False,False,37.7,27.4,2230.0,1265202095.9
GW200202_154313,Klein_Base_8187km,8187.1,5.827881861998684,252.63621461817462,10.8,12.960108391613602,1.2000100362605186,1.2000100362605186,False,False,10.1,7.3,410.0,1264693411.5
GW200129_065458,Klein_Base_8187km,8187.1,5.827881861998684,69.2263013284447,26.8,32.1640760097973,1.2001520899178095,1.2001520899178095,False,False,34.5,29.0,890.0,1264316116.4
GW200128_022011,Klein_Base_8187km,8187.1,5.827881861998684,58.76831730422777,10.6,12.72231191682039,1.2002181053604142,1.2002181053604142,False,False,42.2,32.6,3400.0,1264213229.9
GW200115_042309,Klein_Base_8187km,8187.1,5.827881861998684,598.8923888768717,11.3,13.56001964120556,1.200001738159784,1.200001738159784,False,False,5.9,1.44,290.0,1263097407.7
GW200112_155838,Klein_Base_8187km,8187.1,5.827881861998684,68.79295984908042,19.8,23.763052969596885,1.200154190383681,1.200154190383681,False,False,35.6,28.3,1250.0,1262879936.0
GW191230_180458,Klein_Base_8187km,8187.1,5.827881861998684,50.87812655504904,10.4,12.483132278299431,1.2003011806057144,1.2003011806057144,False,False,49.4,37.0,4300.0,1261764316.4
GW191222_033537,Klein_Base_8187km,8187.1,5.827881861998684,55.08609190922604,12.5,15.003149096407473,1.2002519277125978,1.2002519277125978,False,False,45.1,34.7,3000.0,1261020955.1
GW191219_163120,Klein_Base_8187km,8187.1,5.827881861998684,136.22157218333555,9.1,10.92032720019049,1.200035956064889,1.200035956064889,False,False,31.1,1.17,550.0,1260808298.4
GW191216_213338,Klein_Base_8187km,8187.1,5.827881861998684,222.01364314930495,18.6,22.320243304196296,1.2000130808707685,1.2000130808707685,False,False,12.1,7.7,340.0,1260567236.4
GW191215_223052,Klein_Base_8187km,8187.1,5.827881861998684,102.2295380082846,11.2,13.440736761875824,1.2000657823103416,1.2000657823103416,False,False,24.9,18.1,1930.0,1260484270.3
GW191204_171526,Klein_Base_8187km,8187.1,5.827881861998684,218.70000668438996,17.4,20.88023474826276,1.200013491279469,1.200013491279469,False,False,11.7,8.4,640.0,1259514944.0
GW191204_110529,Klein_Base_8187km,8187.1,5.827881861998684,94.5348415990589,8.9,10.680691432606718,1.2000776890569345,1.2000776890569345,False,False,27.3,19.2,1900.0,1259492747.5
GW191129_134029,Klein_Base_8187km,8187.1,5.827881861998684,252.63621461817462,13.1,15.720131475012794,1.2000100362605186,1.2000100362605186,False,False,10.7,6.7,790.0,1259070047.1
GW191127_050227,Klein_Base_8187km,8187.1,5.827881861998684,57.089222524106994,9.2,11.042140157623699,1.200232625828663,1.200232625828663,False,False,53.0,24.0,3400.0,1258866165.5
GW191126_115259,Klein_Base_8187km,8187.1,5.827881861998684,215.48383011550186,8.3,9.960115439475214,1.2000139083705075,1.2000139083705075,False,False,12.1,8.3,1620.0,1258804397.6
GW191113_071753,Klein_Base_8187km,8187.1,5.827881861998684,125.95616430820168,7.9,9.480334672724029,1.200042363635953,1.200042363635953,False,False,29.0,5.9,1370.0,1257664691.8
GW191109_010717,Klein_Base_8187km,8187.1,5.827881861998684,39.248840485323555,17.3,20.769466081578756,1.2005471723455927,1.2005471723455927,False,False,65.0,47.0,1290.0,1257296855.2
GW191105_143521,Klein_Base_8187km,8187.1,5.827881861998684,238.90598556283905,9.7,11.640109159126338,1.2000112535181793,1.2000112535181793,False,False,10.7,7.7,1150.0,1256999739.9
GW191103_012549,Klein_Base_8187km,8187.1,5.827881861998684,223.14061595716942,8.9,10.680115215395675,1.2000129455500759,1.2000129455500759,False,False,11.8,7.9,990.0,1256779567.5
GW190930_133541,Klein_Base_8187km,8187.1,5.827881861998684,208.3350774576416,9.7,11.640144604298426,1.2000149076596316,1.2000149076596316,False,False,14.2,6.9,770.0,1253885759.2
GW190929_012149,Klein_Base_8187km,8187.1,5.827881861998684,47.21665020790804,9.7,11.643461103718437,1.2003568148163337,1.2003568148163337,False,False,66.3,26.8,3130.0,1253755327.4
GW190926_050336,Klein_Base_8187km,8187.1,5.827881861998684,71.47756316026404,8.1,9.721148892873082,1.2001418386263065,1.2001418386263065,False,False,41.1,20.4,3280.0,1253509434.0
GW190925_232845,Klein_Base_8187km,8187.1,5.827881861998684,121.0983508087118,9.7,11.640446291378755,1.2000460094204903,1.2000460094204903,False,False,20.8,15.5,930.0,1253489343.1
GW190924_021846,Klein_Base_8187km,8187.1,5.827881861998684,316.24964995368623,12.0,14.400076132372355,1.200006344364363,1.200006344364363,False,False,8.8,5.1,550.0,1253326744.8
GW190917_114630,Klein_Base_8187km,8187.1,5.827881861998684,372.53136731832535,8.3,9.960037734700197,1.2000045463494213,1.2000045463494213,False,False,9.7,2.1,720.0,1252756008.0
GW190916_200658,Klein_Base_8187km,8187.1,5.827881861998684,65.51222256864737,8.1,9.721390006385064,1.2001716057265512,1.2001716057265512,False,False,43.8,23.3,4940.0,1252699636.9
GW190915_235702,Klein_Base_8187km,8187.1,5.827881861998684,76.98546645107247,13.1,15.721581589429704,1.2001207320175347,1.2001207320175347,False,False,32.6,24.5,1750.0,1252627040.6
GW190910_112807,Klein_Base_8187km,8187.1,5.827881861998684,56.35730941482357,14.5,17.40347148635041,1.2002394128517524,1.2002394128517524,False,False,43.8,34.2,1520.0,1252150105.3
GW190828_065509,Klein_Base_8187km,8187.1,5.827881861998684,128.91114763508028,10.2,12.240411610455237,1.2000403539661997,1.2000403539661997,False,False,23.7,10.4,1540.0,1251010527.8
GW190828_063405,Klein_Base_8187km,8187.1,5.827881861998684,76.1849243389296,16.5,19.802037665914476,1.2001234949039077,1.2001234949039077,False,False,31.9,25.8,2070.0,1251009263.7
GW190814,Klein_Base_8187km,8187.1,5.827881861998684,169.72471561221,25.3,30.360575794996667,1.2000227586955203,1.2000227586955203,False,False,23.3,2.6,230.0,1249852257.0
GW190805_211137,Klein_Base_8187km,8187.1,5.827881861998684,57.23789237443018,8.1,9.721873388334137,1.2002312825103874,1.2002312825103874,False,False,46.2,30.6,6130.0,1249074715.3
GW190803_022701,Klein_Base_8187km,8187.1,5.827881861998684,67.31807250162692,9.3,11.161503578973683,1.2001616751584605,1.2001616751584605,False,False,37.7,27.6,3190.0,1248834439.8
GW190731_140936,Klein_Base_8187km,8187.1,5.827881861998684,62.08856121972088,8.8,10.561699495870508,1.2001931245307396,1.2001931245307396,False,False,41.8,29.0,3330.0,1248617394.6
GW190728_064510,Klein_Base_8187km,8187.1,5.827881861998684,214.43268948079213,13.1,15.720184040440374,1.2000140488885782,1.2000140488885782,False,False,12.5,8.0,880.0,1248331528.5
GW190727_060333,Klein_Base_8187km,8187.1,5.827881861998684,63.61606562020605,11.7,14.042141694828002,1.2001830508400002,1.2001830508400002,False,False,38.9,30.2,3070.0,1248242631.9
GW190725_174728,Klein_Base_8187km,8187.1,5.827881861998684,242.86575327935017,9.1,10.920099014152408,1.2000108806760887,1.2000108806760887,False,False,11.8,6.3,1030.0,1248112066.4
GW190720_000836,Klein_Base_8187km,8187.1,5.827881861998684,202.5746605694119,10.9,13.080172147773707,1.2000157933737345,1.2000157933737345,False,False,14.2,7.5,770.0,1247616534.7
GW190719_215514,Klein_Base_8187km,8187.1,5.827881861998684,77.80301122754405,7.9,9.480932239916637,1.2001180050527387,1.2001180050527387,False,False,36.6,19.9,3730.0,1247608532.9
GW190708_232457,Klein_Base_8187km,8187.1,5.827881861998684,139.99586415147257,13.4,16.080455085304038,1.2000339615898536,1.2000339615898536,False,False,19.8,11.6,930.0,1246663515.3
GW190707_093326,Klein_Base_8187km,8187.1,5.827881861998684,219.7935067178119,13.1,15.720174933926861,1.200013353734875,1.200013353734875,False,False,12.1,7.9,850.0,1246527224.1
GW190706_222641,Klein_Base_8187km,8187.1,5.827881861998684,38.764286899084986,13.4,16.08754936530736,1.2005633854706985,1.2005633854706985,False,False,74.0,39.4,3630.0,1246487219.3
GW190701_203306,Klein_Base_8187km,8187.1,5.827881861998684,46.46797182194756,11.2,13.444144893589364,1.2003700797847647,1.2003700797847647,False,False,54.1,40.5,2090.0,1246048404.5
GW190630_185205,Klein_Base_8187km,8187.1,5.827881861998684,74.38020531905649,16.4,19.682133349878782,1.2001300823096819,1.2001300823096819,False,False,35.1,24.0,870.0,1245955943.1
GW190620_030421,Klein_Base_8187km,8187.1,5.827881861998684,47.26742079952945,12.1,14.524306888582627,1.2003559412051759,1.2003559412051759,False,False,58.0,35.0,2910.0,1245035079.3
GW190602_175927,Klein_Base_8187km,8187.1,5.827881861998684,37.70042996874991,13.2,15.847941255464159,1.2006016102624364,1.2006016102624364,False,False,71.8,44.8,2840.0,1243533585.0
GW190527_092055,Klein_Base_8187km,8187.1,5.827881861998684,76.05311651135361,8.0,9.600991671116086,1.2001239588895107,1.2001239588895107,False,False,35.6,22.2,2520.0,1242984073.7
GW190521_074359,Klein_Base_8187km,8187.1,5.827881861998684,57.23789237443019,25.9,31.08599021701903,1.2002312825103874,1.2002312825103874,False,False,43.4,33.4,1080.0,1242459857.4
GW190521,Klein_Base_8187km,8187.1,5.827881861998684,28.25109340845911,14.3,17.177375652643665,1.2012150806044521,1.2012150806044521,False,False,98.4,57.2,3310.0,1242442967.4
GW190519_153544,Klein_Base_8187km,8187.1,5.827881861998684,41.50963299675391,15.9,19.08763278359705,1.2004800492828334,1.2004800492828334,False,False,65.1,40.8,2600.0,1242315362.3
GW190517_055101,Klein_Base_8187km,8187.1,5.827881861998684,69.55490718918098,10.8,12.961625676495068,1.2001505256013951,1.2001505256013951,False,False,39.2,24.0,1790.0,1242107479.8
GW190514_065416,Klein_Base_8187km,8187.1,5.827881861998684,63.43246947123,8.0,9.601473755292297,1.200184219411537,1.200184219411537,False,False,40.9,28.4,3890.0,1241852074.8
GW190513_205428,Klein_Base_8187km,8187.1,5.827881861998684,80.95525109311673,12.5,15.001353884141711,1.2001083107313368,1.2001083107313368,False,False,36.0,18.3,2210.0,1241816086.7
GW190512_180714,Klein_Base_8187km,8187.1,5.827881861998684,123.13361720885821,12.7,15.240564220021756,1.2000444267733668,1.2000444267733668,False,False,23.2,12.5,1460.0,1241719652.4
GW190503_185404,Klein_Base_8187km,8187.1,5.827881861998684,63.159053654543655,12.2,14.642268962422113,1.2001859805264028,1.2001859805264028,False,False,41.3,28.3,1520.0,1240944862.2
GW190426_190642,Klein_Base_8187km,8187.1,5.827881861998684,24.21967016174236,8.7,10.455708310068433,1.201805552881429,1.201805552881429,False,False,105.5,76.0,4580.0,1240340820.6
GW190425,Klein_Base_8187km,8187.1,5.827881861998684,1292.9029806930112,12.4,14.880004576229583,1.2000003690507728,1.2000003690507728,False,False,2.1,1.3,150.0,1240215503.0
GW190421_213856,Klein_Base_8187km,8187.1,5.827881861998684,59.40365046427349,10.7,12.842278712610073,1.200212963795334,1.200212963795334,False,False,42.0,32.0,2590.0,1239917954.2
GW190413_134308,Klein_Base_8187km,8187.1,5.827881861998684,53.80502000436033,10.6,12.722814926729123,1.200265559125389,1.200265559125389,False,False,51.3,30.4,3800.0,1239198206.7
GW190413_052954,Klein_Base_8187km,8187.1,5.827881861998684,75.92176397851878,9.0,10.801119814907008,1.2001244238785564,1.2001244238785564,False,False,33.7,24.2,3320.0,1239168612.5
GW190412,Klein_Base_8187km,8187.1,5.827881861998684,119.77847777537433,19.8,23.76093221183727,1.2000470814059228,1.2000470814059228,False,False,27.7,9.0,720.0,1239082262.1
GW190408_181802,Klein_Base_8187km,8187.1,5.827881861998684,101.52125021607941,14.6,17.52097469120811,1.2000667596717884,1.2000667596717884,False,False,24.8,18.5,1540.0,1238782700.2
GW190403_051519,Klein_Base_8187km,8187.1,5.827881861998684,41.8654298510118,7.6,9.123576708489773,1.200470619538128,1.200470619538128,False,False,85.0,20.0,8280.0,1238303737.2
GW170823,Klein_Base_8187km,8187.1,5.827881861998684,64.17328663293779,12.2,14.642190771953512,1.2001795714715995,1.2001795714715995,False,False,39.5,29.0,1940.0,1187529256.5
GW170818,Klein_Base_8187km,8187.1,5.827881861998684,70.78695868528565,12.0,14.401738443525112,1.2001448702937594,1.2001448702937594,False,False,35.4,26.7,1060.0,1187058327.1
GW170817,Klein_Base_8187km,8187.1,5.827881861998684,1610.2088404235303,33.0,39.60000783777639,1.2000002375083754,1.2000002375083754,False,False,1.46,1.27,40.0,1187008882.4
GW170814,Klein_Base_8187km,8187.1,5.827881861998684,78.7790346658824,17.7,21.242033177131905,1.2001148687645145,1.2001148687645145,False,False,30.6,25.2,600.0,1186741861.5
GW170809,Klein_Base_8187km,8187.1,5.827881861998684,74.75969616252107,12.8,15.361646772071618,1.200128654068095,1.200128654068095,False,False,35.0,23.8,1030.0,1186302519.8
GW170729,Klein_Base_8187km,8187.1,5.827881861998684,52.20748378095295,10.8,12.963068987636273,1.200284165521877,1.200284165521877,False,False,50.2,34.0,2840.0,1185389807.3
GW170608,Klein_Base_8187km,8187.1,5.827881861998684,236.3371039976472,15.4,18.480177188413084,1.2000115057411094,1.2000115057411094,False,False,11.0,7.6,320.0,1180922494.5
GW170104,Klein_Base_8187km,8187.1,5.827881861998684,86.53287666055589,13.8,16.561295238057756,1.2000938578302722,1.2000938578302722,False,False,30.8,20.0,990.0,1167559936.6
GW151226,Klein_Base_8187km,8187.1,5.827881861998684,205.4144922596373,13.1,15.720201047543856,1.2000153471407524,1.2000153471407524,False,False,13.7,7.7,450.0,1135136350.6
GW151012,Klein_Base_8187km,8187.1,5.827881861998684,119.45299278141952,10.0,12.000473515193846,1.2000473515193846,1.2000473515193846,False,False,23.2,13.6,1080.0,1128678900.4
GW150914,Klein_Base_8187km,8187.1,5.827881861998684,66.40287212018487,26.0,31.20433152104416,1.200166596963237,1.200166596963237,False,False,35.6,30.6,440.0,1126259462.4
GW240109_050431,Klein_Theoretical_38323km,38323.4,1.245021360118607,93.3305761009817,10.4,12.480034219655888,1.2000032903515276,1.2000032903515276,False,False,29.1,18.0,1450.0,1388811889.8
GW240107_013215,Klein_Theoretical_38323km,38323.4,1.245021360118607,47.78119711256781,9.6,11.520123683809308,1.2000128837301363,1.2000128837301363,False,False,60.0,32.0,5700.0,1388626353.7
GW240105_151143,Klein_Theoretical_38323km,38323.4,1.245021360118607,,25.9,25.9,1.0,1.0,False,False,,,,1388502721.2
GW240104_164932,Klein_Theoretical_38323km,38323.4,1.245021360118607,58.92587311469488,14.8,17.760124114485787,1.2000083861139046,1.2000083861139046,False,False,42.3,32.3,1890.0,1388422190.6
GW231231_154016,Klein_Theoretical_38323km,38323.4,1.245021360118607,110.72720741451481,13.4,16.08003119201462,1.200002327762285,1.2000023277622849,False,False,22.5,17.2,1060.0,1388072434.7
GW231231_120147,Klein_Theoretical_38323km,38323.4,1.245021360118607,,11.3,11.3,1.0,1.0,False,False,,,,1388059325.6
GW231230_170116,Klein_Theoretical_38323km,38323.4,1.245021360118607,49.95306970859362,8.2,9.840096435218307,1.2000117603924765,1.2000117603924765,False,False,53.0,35.0,5600.0,1387990895.0
GW231226_101520,Klein_Theoretical_38323km,38323.4,1.245021360118607,58.37808943368179,34.7,41.64029660497374,1.2000085476937676,1.2000085476937676,False,False,40.0,35.3,1160.0,1387620938.3
GW231224_024321,Klein_Theoretical_38323km,38323.4,1.245021360118607,264.492787867403,14.0,16.800005636696586,1.2000004026211848,1.2000004026211848,False,False,9.3,7.32,950.0,1387421020.0
GW231223_202619,Klein_Theoretical_38323km,38323.4,1.245021360118607,226.5912440389814,10.0,12.00000549446501,1.200000549446501,1.200000549446501,False,False,11.1,8.3,890.0,1387398397.0
GW231223_075055,Klein_Theoretical_38323km,38323.4,1.245021360118607,233.82287948703393,9.4,11.280004848608359,1.2000005158093998,1.2000005158093998,False,False,12.0,6.8,960.0,1387353073.3
GW231223_032836,Klein_Theoretical_38323km,38323.4,1.245021360118607,57.089222524106994,10.2,12.240091257371882,1.200008946801165,1.200008946801165,False,False,46.0,31.0,4000.0,1387337334.1
GW231221_135041,Klein_Theoretical_38323km,38323.4,1.245021360118607,57.089222524106994,10.0,12.00008946801165,1.200008946801165,1.200008946801165,False,False,48.0,29.0,4300.0,1387201859.3
GW231220_173406,Klein_Theoretical_38323km,38323.4,1.245021360118607,,7.9,7.9,1.0,1.0,False,False,,,,1387128864.2
GW231213_111417,Klein_Theoretical_38323km,38323.4,1.245021360118607,70.10957152083316,10.4,12.480061188048168,1.20000588346617,1.20000588346617,False,False,35.3,27.4,4000.0,1386501275.9
GW231206_233901,Klein_Theoretical_38323km,38323.4,1.245021360118607,66.50333032308984,21.9,26.28014348186484,1.200006551683326,1.200006551683326,False,False,37.6,28.5,1490.0,1385941159.5
GW231206_233134,Klein_Theoretical_38323km,38323.4,1.245021360118607,68.15302533885641,12.8,15.36007977713355,1.2000062325885585,1.2000062325885585,False,False,35.9,28.6,3000.0,1385940712.5
GW231206_010629,Klein_Theoretical_38323km,38323.4,1.245021360118607,,9.7,9.7,1.0,1.0,False,False,,,,1385860007.2
GW231204_090648,Klein_Theoretical_38323km,38323.4,1.245021360118607,,8.4,8.4,1.0,1.0,False,False,,,,1385716026.9
GW231129_081745,Klein_Theoretical_38323km,38323.4,1.245021360118607,63.159053654543655,9.4,11.280068418575647,1.2000072785718774,1.2000072785718774,False,False,46.0,23.6,3600.0,1385281083.6
GW231127_165300,Klein_Theoretical_38323km,38323.4,1.245021360118607,58.61160179141651,9.9,11.880083934659597,1.2000084782484441,1.2000084782484441,False,False,46.0,29.0,4400.0,1385139198.9
GW231126_010928,Klein_Theoretical_38323km,38323.4,1.245021360118607,,9.1,9.1,1.0,1.0,False,False,,,,1384996186.3
GW231123_135430,Klein_Theoretical_38323km,38323.4,1.245021360118607,18.31612555981766,21.8,26.162087066454024,1.2000957369933039,1.2000957369933039,False,False,137.0,103.0,2200.0,1384782888.7
GW231120_022103,Klein_Theoretical_38323km,38323.4,1.245021360118607,,10.0,10.0,1.0,1.0,False,False,,,,1384482081.0
GW231119_075248,Klein_Theoretical_38323km,38323.4,1.245021360118607,53.608172370198034,8.3,9.960084459829726,1.2000101758830994,1.2000101758830994,False,False,48.0,34.0,6600.0,1384415586.1
GW231118_090602,Klein_Theoretical_38323km,38323.4,1.245021360118607,215.48383011550186,11.0,13.200006686861972,1.2000006078965428,1.2000006078965428,False,False,13.2,7.2,1350.0,1384333580.0
GW231118_071402,Klein_Theoretical_38323km,38323.4,1.245021360118607,60.21739910077039,9.2,11.040073809918233,1.2000080228171994,1.2000080228171994,False,False,43.0,30.0,4100.0,1384326860.2
GW231118_005626,Klein_Theoretical_38323km,38323.4,1.245021360118607,141.80226239858834,10.7,12.840015111344242,1.2000014122751628,1.2000014122751628,False,False,20.2,10.8,2170.0,1384304204.8
GW231114_043211,Klein_Theoretical_38323km,38323.4,1.245021360118607,140.44313528294688,10.0,12.000014399886233,1.2000014399886232,1.2000014399886232,False,False,23.1,8.2,1340.0,1383971549.2
GW231113_200417,Klein_Theoretical_38323km,38323.4,1.245021360118607,231.36158601874936,10.5,12.600005532475738,1.2000005269024512,1.2000005269024512,False,False,11.6,7.4,1150.0,1383941075.9
GW231113_150041,Klein_Theoretical_38323km,38323.4,1.245021360118607,,8.7,8.7,1.0,1.0,False,False,,,,1383922859.4
GW231113_122623,Klein_Theoretical_38323km,38323.4,1.245021360118607,65.02766470941182,8.6,10.320058981780543,1.2000068583465748,1.2000068583465748,False,False,40.2,27.4,3200.0,1383913601.9
GW231110_040320,Klein_Theoretical_38323km,38323.4,1.245021360118607,136.51770603590802,11.5,13.80001753490284,1.20000152477416,1.20000152477416,False,False,19.6,12.6,1860.0,1383624218.2
GW231108_125142,Klein_Theoretical_38323km,38323.4,1.245021360118607,108.27266340778914,12.6,15.120030690513325,1.2000024357550259,1.2000024357550259,False,False,23.2,17.4,2030.0,1383483120.5
GW231104_133418,Klein_Theoretical_38323km,38323.4,1.245021360118607,210.32871456249947,11.8,14.160007531259946,1.2000006382423682,1.2000006382423682,False,False,12.3,8.6,1460.0,1383140076.9
GW231102_232433,Klein_Theoretical_38323km,38323.4,1.245021360118607,,7.6,7.6,1.0,1.0,False,False,,,,1383002691.5
GW231102_071736,Klein_Theoretical_38323km,38323.4,1.245021360118607,41.8654298510118,15.6,18.720263789834547,1.2000169096047786,1.2000169096047788,False,False,62.0,43.0,3700.0,1382944674.4
GW231102_052214,Klein_Theoretical_38323km,38323.4,1.245021360118607,,7.9,7.9,1.0,1.0,False,False,,,,1382937752.4
GW231029_111508,Klein_Theoretical_38323km,38323.4,1.245021360118607,41.08289845192746,10.8,12.960189868644084,1.2000175804300077,1.2000175804300077,False,False,65.0,42.0,3100.0,1382613326.8
GW231028_153006,Klein_Theoretical_38323km,38323.4,1.245021360118607,28.544611262053497,22.4,26.880838596121407,1.2000374373268485,1.2000374373268485,False,False,99.0,55.0,4200.0,1382542224.3
GW231026_130704,Klein_Theoretical_38323km,38323.4,1.245021360118607,,8.3,8.3,1.0,1.0,False,False,,,,1382360842.2
GW231020_142947,Klein_Theoretical_38323km,38323.4,1.245021360118607,225.42923765929427,12.0,14.400006661885385,1.2000005551571153,1.2000005551571153,False,False,12.2,7.3,1230.0,1381847405.6
GW231018_233037,Klein_Theoretical_38323km,38323.4,1.245021360118607,232.58572139451,9.1,10.920004744203238,1.2000005213410152,1.2000005213410152,False,False,11.6,7.3,1520.0,1381707055.0
GW231014_040532,Klein_Theoretical_38323km,38323.4,1.245021360118607,124.17712243944173,9.0,10.800016616423987,1.2000018462693318,1.2000018462693318,False,False,20.6,14.8,2300.0,1381291551.0
GW231013_135504,Klein_Theoretical_38323km,38323.4,1.245021360118607,,8.4,8.4,1.0,1.0,False,False,,,,1381240522.4
GW231008_142521,Klein_Theoretical_38323km,38323.4,1.245021360118607,61.82658416816088,9.3,11.160070701117652,1.2000076022707151,1.2000076022707151,False,False,46.0,25.1,2800.0,1380810339.8
GW231005_144455,Klein_Theoretical_38323km,38323.4,1.245021360118607,,7.3,7.3,1.0,1.0,False,False,,,,1380552313.4
GW231005_091549,Klein_Theoretical_38323km,38323.4,1.245021360118607,87.74191884942591,11.0,13.200041022000427,1.200003729272766,1.200003729272766,False,False,28.5,21.6,3700.0,1380532567.5
GW231005_021030,Klein_Theoretical_38323km,38323.4,1.245021360118607,32.80500100265849,10.4,12.480291326010684,1.200028012116412,1.200028012116412,False,False,85.0,49.0,6100.0,1380507049.0
GW231004_232346,Klein_Theoretical_38323km,38323.4,1.245021360118607,43.95870134356238,8.9,10.680136106368865,1.2000152928504342,1.2000152928504342,False,False,66.0,34.0,4200.0,1380497044.3
GW231002_143916,Klein_Theoretical_38323km,38323.4,1.245021360118607,,9.4,9.4,1.0,1.0,False,False,,,,1380292774.7
GW231001_140220,Klein_Theoretical_38323km,38323.4,1.245021360118607,37.57153960988238,11.5,13.800243148334987,1.200021143333477,1.200021143333477,False,False,77.0,40.0,4200.0,1380204158.7
GW230930_110730,Klein_Theoretical_38323km,38323.4,1.245021360118607,74.88705509976556,9.0,10.800046303714392,1.2000051448571547,1.2000051448571547,False,False,34.1,24.6,4900.0,1380107268.4
GW230928_215827,Klein_Theoretical_38323km,38323.4,1.245021360118607,51.71611922772045,10.5,12.600115007791238,1.200010953122975,1.200010953122975,False,False,55.0,30.0,4700.0,1379973525.1
GW230927_153832,Klein_Theoretical_38323km,38323.4,1.245021360118607,114.17844504821399,20.3,24.36004440957646,1.200002187663865,1.200002187663865,False,False,21.9,16.6,1150.0,1379864330.9
GW230927_043729,Klein_Theoretical_38323km,38323.4,1.245021360118607,70.55971323204234,12.1,14.520070268306208,1.2000058072980337,1.2000058072980337,False,False,34.9,27.4,3200.0,1379824667.1
GW230925_143957,Klein_Theoretical_38323km,38323.4,1.245021360118607,,8.0,8.0,1.0,1.0,False,False,,,,1379688015.5
GW230924_124453,Klein_Theoretical_38323km,38323.4,1.245021360118607,84.69884651938801,13.5,16.200054083702675,1.2000040062001982,1.2000040062001982,False,False,28.7,23.2,2360.0,1379594711.8
GW230922_040658,Klein_Theoretical_38323km,38323.4,1.245021360118607,34.61315066422235,12.5,15.000313232168722,1.2000250585734977,1.2000250585734977,False,False,76.0,51.0,6400.0,1379390836.1
GW230922_020344,Klein_Theoretical_38323km,38323.4,1.245021360118607,63.61606562020605,13.4,16.080096108798305,1.200007172298381,1.200007172298381,False,False,39.8,29.3,1550.0,1379383442.9
GW230920_071124,Klein_Theoretical_38323km,38323.4,1.245021360118607,77.52857379816997,11.1,13.320053221377753,1.2000047947187165,1.2000047947187165,False,False,32.5,24.2,2800.0,1379229102.7
GW230920_064709,Klein_Theoretical_38323km,38323.4,1.245021360118607,,9.5,9.5,1.0,1.0,False,False,,,,1379227647.3
GW230919_215712,Klein_Theoretical_38323km,38323.4,1.245021360118607,89.34695395033005,16.8,20.160060389808738,1.2000035946314724,1.2000035946314724,False,False,27.5,21.7,1280.0,1379195850.0
GW230914_111401,Klein_Theoretical_38323km,38323.4,1.245021360118607,45.790313899544145,17.2,20.640241850802894,1.2000140610931915,1.2000140610931915,False,False,60.0,36.0,2600.0,1378725259.7
GW230911_195324,Klein_Theoretical_38323km,38323.4,1.245021360118607,77.80301122754405,11.1,13.320052840497308,1.200004760405163,1.200004760405163,False,False,36.2,20.3,1080.0,1378497222.2
GW230904_152545,Klein_Theoretical_38323km,38323.4,1.245021360118607,,9.2,9.2,1.0,1.0,False,False,,,,1377876363.2
GW230904_051013,Klein_Theoretical_38323km,38323.4,1.245021360118607,248.35424487888352,10.5,12.600004797747488,1.2000004569283322,1.2000004569283322,False,False,10.6,7.1,1000.0,1377839431.1
GW230902_224555,Klein_Theoretical_38323km,38323.4,1.245021360118607,,7.5,7.5,1.0,1.0,False,False,,,,1377729973.7
GW230902_172430,Klein_Theoretical_38323km,38323.4,1.245021360118607,,8.5,8.5,1.0,1.0,False,False,,,,1377710688.8
GW230902_122814,Klein_Theoretical_38323km,38323.4,1.245021360118607,,8.1,8.1,1.0,1.0,False,False,,,,1377692912.9
GW230831_134621,Klein_Theoretical_38323km,38323.4,1.245021360118607,,8.8,8.8,1.0,1.0,False,False,,,,1377524799.7
GW230831_015414,Klein_Theoretical_38323km,38323.4,1.245021360118607,59.40365046427349,8.6,10.320070940500651,1.2000082488954247,1.2000082488954247,False,False,43.0,31.0,4700.0,1377482072.1
GW230830_064744,Klein_Theoretical_38323km,38323.4,1.245021360118607,,8.5,8.5,1.0,1.0,False,False,,,,1377413282.2
GW230825_041334,Klein_Theoretical_38323km,38323.4,1.245021360118607,60.382831515882394,8.8,10.560070206347554,1.20000797799404,1.20000797799404,False,False,45.0,27.8,4600.0,1376972032.5
GW230824_135331,Klein_Theoretical_38323km,38323.4,1.245021360118607,,9.7,9.7,1.0,1.0,False,False,,,,1376920429.9
GW230824_033047,Klein_Theoretical_38323km,38323.4,1.245021360118607,49.39179926242964,11.1,13.320133601621125,1.2000120361820834,1.2000120361820834,False,False,53.0,36.0,4600.0,1376883065.7
GW230823_142524,Klein_Theoretical_38323km,38323.4,1.245021360118607,,8.8,8.8,1.0,1.0,False,False,,,,1376835942.6
GW230822_230337,Klein_Theoretical_38323km,38323.4,1.245021360118607,,8.3,8.3,1.0,1.0,False,False,,,,1376780635.5
GW230820_212515,Klein_Theoretical_38323km,38323.4,1.245021360118607,45.790313899544145,9.3,11.160130768166683,1.2000140610931915,1.2000140610931915,False,False,64.0,32.0,3900.0,1376601934.0
GW230819_171910,Klein_Theoretical_38323km,38323.4,1.245021360118607,41.470472965624886,9.9,11.880170708555347,1.2000172432884189,1.2000172432884189,False,False,73.0,33.0,3800.0,1376500768.4
GW230817_212349,Klein_Theoretical_38323km,38323.4,1.245021360118607,,7.8,7.8,1.0,1.0,False,False,,,,1376342647.1
GW230814_230901,Klein_Theoretical_38323km,38323.4,1.245021360118607,70.90113119929417,43.0,51.600247271888406,1.2000057505090327,1.2000057505090327,False,False,33.6,28.4,280.0,1376089759.8
GW230814_061920,Klein_Theoretical_38323km,38323.4,1.245021360118607,38.22495769005425,11.2,13.440228510884735,1.2000204027575656,1.2000204027575656,False,False,72.0,43.0,3600.0,1376029178.5
GW230811_032116,Klein_Theoretical_38323km,38323.4,1.245021360118607,75.6604153933948,13.6,16.320068523293905,1.200005038477493,1.200005038477493,False,False,36.4,21.7,2000.0,1375759294.3
GW230807_205045,Klein_Theoretical_38323km,38323.4,1.245021360118607,,8.7,8.7,1.0,1.0,False,False,,,,1375476663.4
GW230806_204041,Klein_Theoretical_38323km,38323.4,1.245021360118607,51.1147690041423,9.4,11.280105457364986,1.2000112188686154,1.2000112188686154,False,False,51.0,35.0,5500.0,1375389659.9
GW230805_034249,Klein_Theoretical_38323km,38323.4,1.245021360118607,79.92491153374978,9.5,11.40004281748337,1.2000045071035128,1.2000045071035128,False,False,32.3,22.7,3300.0,1375242188.0
GW230803_033412,Klein_Theoretical_38323km,38323.4,1.245021360118607,58.61160179141651,9.4,11.280079695535376,1.2000084782484441,1.2000084782484441,False,False,46.0,29.0,4800.0,1375068870.4
GW230731_215307,Klein_Theoretical_38323km,38323.4,1.245021360118607,242.86575327935017,12.2,14.640005830656197,1.2000004779226392,1.2000004779226392,False,False,10.3,7.8,1110.0,1374875605.9
GW230729_082317,Klein_Theoretical_38323km,38323.4,1.245021360118607,219.7935067178119,9.5,11.400005549501492,1.2000005841580517,1.2000005841580517,False,False,12.4,7.6,1620.0,1374654215.2
GW230728_083628,Klein_Theoretical_38323km,38323.4,1.245021360118607,,13.1,13.1,1.0,1.0,False,False,,,,1374568606.9
GW230726_002940,Klein_Theoretical_38323km,38323.4,1.245021360118607,69.44502581921388,10.5,12.600062986163415,1.20000599868223,1.20000599868223,False,False,35.3,28.0,2000.0,1374366598.1
GW230723_101834,Klein_Theoretical_38323km,38323.4,1.245021360118607,159.84982306749956,10.1,12.120011202489707,1.2000011091573968,1.2000011091573968,False,False,16.7,10.8,1580.0,1374142732.4
GW230723_084820,Klein_Theoretical_38323km,38323.4,1.245021360118607,,8.4,8.4,1.0,1.0,False,False,,,,1374137318.4
GW230721_222634,Klein_Theoretical_38323km,38323.4,1.245021360118607,,7.9,7.9,1.0,1.0,False,False,,,,1374013612.8
GW230717_102139,Klein_Theoretical_38323km,38323.4,1.245021360118607,,8.3,8.3,1.0,1.0,False,False,,,,1373624517.1
GW230712_090405,Klein_Theoretical_38323km,38323.4,1.245021360118607,101.28733028470594,9.5,11.400026483881117,1.2000027877769597,1.2000027877769597,False,False,32.0,11.4,1900.0,1373187863.9
GW230709_122727,Klein_Theoretical_38323km,38323.4,1.245021360118607,58.61160179141651,10.2,12.24008647813413,1.2000084782484441,1.2000084782484441,False,False,45.0,30.0,4500.0,1372940865.2
GW230709_063445,Klein_Theoretical_38323km,38323.4,1.245021360118607,,7.9,7.9,1.0,1.0,False,False,,,,1372919703.1
GW230708_230935,Klein_Theoretical_38323km,38323.4,1.245021360118607,42.26798206111768,10.0,12.000165793732089,1.200016579373209,1.200016579373209,False,False,65.0,39.0,3400.0,1372892993.5
GW230708_071859,Klein_Theoretical_38323km,38323.4,1.245021360118607,,9.1,9.1,1.0,1.0,False,False,,,,1372835957.4
GW230708_053705,Klein_Theoretical_38323km,38323.4,1.245021360118607,84.21207153939154,8.9,10.680036074792342,1.200004053347454,1.200004053347454,False,False,29.1,23.1,3200.0,1372829843.1
GW230707_124047,Klein_Theoretical_38323km,38323.4,1.245021360118607,53.15441516754823,11.9,14.280123219277664,1.2000103545611482,1.2000103545611482,False,False,45.9,36.8,4400.0,1372768865.3
GW230706_104333,Klein_Theoretical_38323km,38323.4,1.245021360118607,158.12482497684312,9.2,11.040010429886676,1.2000011336833345,1.2000011336833345,False,False,16.3,11.5,1900.0,1372675431.2
GW230704_212616,Klein_Theoretical_38323km,38323.4,1.245021360118607,31.399072388258844,8.7,10.44026696026708,1.2000306850881701,1.2000306850881701,False,False,92.0,48.0,7100.0,1372541194.7
GW230704_021211,Klein_Theoretical_38323km,38323.4,1.245021360118607,82.62913786383906,9.4,11.280039598035513,1.2000042125569694,1.2000042125569694,False,False,33.3,19.9,2600.0,1372471949.2
GW230702_185453,Klein_Theoretical_38323km,38323.4,1.245021360118607,74.38020531905649,10.1,12.120052685791508,1.2000052164150008,1.2000052164150008,False,False,41.0,18.1,2300.0,1372359311.7
GW230702_162025,Klein_Theoretical_38323km,38323.4,1.245021360118607,,9.2,9.2,1.0,1.0,False,False,,,,1372350043.9
GW230630_234532,Klein_Theoretical_38323km,38323.4,1.245021360118607,263.22575654827773,9.9,11.880004024597872,1.2000004065250376,1.2000004065250376,False,False,10.0,6.7,1070.0,1372203950.4
GW230630_125806,Klein_Theoretical_38323km,38323.4,1.245021360118607,51.1147690041423,9.0,10.800100969817539,1.2000112188686154,1.2000112188686154,False,False,53.0,33.0,5000.0,1372165104.9
GW230630_070659,Klein_Theoretical_38323km,38323.4,1.245021360118607,,9.8,9.8,1.0,1.0,False,False,,,,1372144037.0
GW230628_231200,Klein_Theoretical_38323km,38323.4,1.245021360118607,73.75621030799059,16.4,19.680087027924294,1.2000053065807497,1.2000053065807497,False,False,32.4,27.2,2250.0,1372029138.4
GW230627_015337,Klein_Theoretical_38323km,38323.4,1.245021360118607,310.0049460053765,28.7,34.44000839974464,1.2000002926740294,1.2000002926740294,False,False,8.4,5.78,305.0,1371866035.8
GW230625_211655,Klein_Theoretical_38323km,38323.4,1.245021360118607,,8.1,8.1,1.0,1.0,False,False,,,,1371763033.0
GW230624_214944,Klein_Theoretical_38323km,38323.4,1.245021360118607,,10.6,10.6,1.0,1.0,False,False,,,,1371678602.5
GW230624_113103,Klein_Theoretical_38323km,38323.4,1.245021360118607,99.45407543792395,11.4,13.680032978219723,1.2000028928262914,1.2000028928262914,False,False,28.0,16.2,1810.0,1371641481.7
GW230618_102550,Klein_Theoretical_38323km,38323.4,1.245021360118607,,7.8,7.8,1.0,1.0,False,False,,,,1371119168.0
GW230615_160825,Klein_Theoretical_38323km,38323.4,1.245021360118607,,8.9,8.9,1.0,1.0,False,False,,,,1370880524.0
GW230609_064958,Klein_Theoretical_38323km,38323.4,1.245021360118607,73.02109857734615,10.6,12.720057407843129,1.2000054158342575,1.2000054158342575,False,False,35.2,25.0,3300.0,1370328616.3
GW230609_010824,Klein_Theoretical_38323km,38323.4,1.245021360118607,,8.0,8.0,1.0,1.0,False,False,,,,1370308122.4
GW230608_205047,Klein_Theoretical_38323km,38323.4,1.245021360118607,55.50341078732624,10.2,12.240096669661641,1.200009477417808,1.200009477417808,False,False,49.0,30.2,3400.0,1370292665.2
GW230606_024545,Klein_Theoretical_38323km,38323.4,1.245021360118607,,7.5,7.5,1.0,1.0,False,False,,,,1370054763.5
GW230606_004305,Klein_Theoretical_38323km,38323.4,1.245021360118607,69.77571641835299,11.1,13.320065944318165,1.2000059409295645,1.2000059409295645,False,False,37.3,25.7,2700.0,1370047403.8
GW230605_065343,Klein_Theoretical_38323km,38323.4,1.245021360118607,154.24105734583293,11.4,13.680013588462376,1.200001191970384,1.200001191970384,False,False,17.5,11.0,1040.0,1369983241.5
GW230603_174756,Klein_Theoretical_38323km,38323.4,1.245021360118607,,8.0,8.0,1.0,1.0,False,False,,,,1369849694.9
GW230601_224134,Klein_Theoretical_38323km,38323.4,1.245021360118607,39.96245576687489,13.4,16.0802494096627,1.2000186126613954,1.2000186126613954,False,False,66.0,44.0,3400.0,1369694512.1
GW230531_141100,Klein_Theoretical_38323km,38323.4,1.245021360118607,,8.0,8.0,1.0,1.0,False,False,,,,1369577478.3
GW230529_181500,Klein_Theoretical_38323km,38323.4,1.245021360118607,,11.8,11.8,1.0,1.0,False,False,,,,1369419318.7
GW230518_125908,Klein_Theoretical_38323km,38323.4,1.245021360118607,,14.1,14.1,1.0,1.0,False,False,,,,1368449966.2
GW200322_091133,Klein_Theoretical_38323km,38323.4,1.245021360118607,89.16572280641458,4.5,5.400016242596822,1.2000036094659603,1.2000036094659603,False,False,38.0,11.3,3500.0,1268903511.3
GW200316_215756,Klein_Theoretical_38323km,38323.4,1.245021360118607,210.32871456249947,10.3,12.360006573896394,1.2000006382423682,1.2000006382423682,False,False,13.1,7.8,1120.0,1268431094.1
GW200311_115853,Klein_Theoretical_38323km,38323.4,1.245021360118607,71.01567260672435,17.8,21.360102023255124,1.2000057316435462,1.2000057316435462,False,False,34.2,27.7,1170.0,1267963151.3
GW200308_173609,Klein_Theoretical_38323km,38323.4,1.245021360118607,52.33178731376474,4.7,5.640050246355579,1.200010690713953,1.200010690713953,False,False,60.0,24.0,7100.0,1267724187.7
GW200306_093714,Klein_Theoretical_38323km,38323.4,1.245021360118607,101.99234650478512,7.8,9.360021441393176,1.200002748896561,1.200002748896561,False,False,28.3,14.8,2100.0,1267522652.1
GW200302_015811,Klein_Theoretical_38323km,38323.4,1.245021360118607,76.05311651135361,10.8,12.96005384575487,1.2000049857180435,1.2000049857180435,False,False,37.8,20.0,1480.0,1267149509.5
GW200225_060421,Klein_Theoretical_38323km,38323.4,1.245021360118607,132.00811214283002,12.5,15.00002039695674,1.2000016317565392,1.2000016317565392,False,False,19.3,14.0,1150.0,1266645879.3
GW200224_222234,Klein_Theoretical_38323km,38323.4,1.245021360118607,60.4658890557942,20.0,24.000159112629696,1.2000079556314849,1.2000079556314849,False,False,40.0,32.7,1710.0,1266618172.4
GW200220_124850,Klein_Theoretical_38323km,38323.4,1.245021360118607,65.80643913706943,8.5,10.200056898039529,1.2000066938870033,1.2000066938870033,False,False,38.9,27.9,4000.0,1266238148.1
GW200220_061928,Klein_Theoretical_38323km,38323.4,1.245021360118607,29.701825232136745,7.2,8.640248072173632,1.20003445446856,1.20003445446856,False,False,87.0,61.0,6000.0,1266214786.7
GW200219_094415,Klein_Theoretical_38323km,38323.4,1.245021360118607,67.21513966905563,10.7,12.84006859837294,1.2000064110628916,1.2000064110628916,False,False,37.5,27.9,3400.0,1266140673.1
GW200216_220804,Klein_Theoretical_38323km,38323.4,1.245021360118607,54.27000165871899,8.1,9.72008037994467,1.2000099234499595,1.2000099234499595,False,False,51.0,30.0,3800.0,1265926102.8
GW200210_092254,Klein_Theoretical_38323km,38323.4,1.245021360118607,163.23320216696018,8.4,10.08000893178958,1.2000010633082834,1.2000010633082834,False,False,24.1,2.83,940.0,1265361792.9
GW200209_085452,Klein_Theoretical_38323km,38323.4,1.245021360118607,70.10957152083314,9.6,11.520056481275232,1.20000588346617,1.20000588346617,False,False,35.6,27.1,3400.0,1265273710.1
GW200208_222617,Klein_Theoretical_38323km,38323.4,1.245021360118607,69.44502581921388,7.4,8.880044390248502,1.20000599868223,1.20000599868223,False,False,51.0,12.3,4100.0,1265235995.9
GW200208_130117,Klein_Theoretical_38323km,38323.4,1.245021360118607,67.52488685647064,10.8,12.960068593836862,1.200006351281191,1.200006351281191,False,False,37.7,27.4,2230.0,1265202095.9
GW200202_154313,Klein_Theoretical_38323km,38323.4,1.245021360118607,252.63621461817462,10.8,12.960004768147044,1.2000004414950967,1.2000004414950967,False,False,10.1,7.3,410.0,1264693411.5
GW200129_065458,Klein_Theoretical_38323km,38323.4,1.245021360118607,69.2263013284447,26.8,32.16016180084027,1.2000060373447863,1.2000060373447863,False,False,34.5,29.0,890.0,1264316116.4
GW200128_022011,Klein_Theoretical_38323km,38323.4,1.245021360118607,58.76831730422777,10.6,12.720089380425247,1.2000084321155893,1.2000084321155893,False,False,42.2,32.6,3400.0,1264213229.9
GW200115_042309,Klein_Theoretical_38323km,38323.4,1.245021360118607,598.8923888768717,11.3,13.560000882702818,1.2000000781152935,1.2000000781152935,False,False,5.9,1.44,290.0,1263097407.7
GW200112_155838,Klein_Theoretical_38323km,38323.4,1.245021360118607,68.79295984908042,19.8,23.760121078108124,1.2000061150559658,1.2000061150559658,False,False,35.6,28.3,1250.0,1262879936.0
GW191230_180458,Klein_Theoretical_38323km,38323.4,1.245021360118607,50.87812655504904,10.4,12.480117791464926,1.2000113261023966,1.2000113261023966,False,False,49.4,37.0,4300.0,1261764316.4
GW191222_033537,Klein_Theoretical_38323km,38323.4,1.245021360118607,55.08609190922604,12.5,15.000120311302226,1.200009624904178,1.200009624904178,False,False,45.1,34.7,3000.0,1261020955.1
GW191219_163120,Klein_Theoretical_38323km,38323.4,1.245021360118607,136.22157218333555,9.1,10.92001393639608,1.2000015314720966,1.2000015314720966,False,False,31.1,1.17,550.0,1260808298.4
GW191216_213338,Klein_Theoretical_38323km,38323.4,1.245021360118607,222.01364314930495,18.6,22.32001064790636,1.2000005724680838,1.2000005724680838,False,False,12.1,7.7,340.0,1260567236.4
GW191215_223052,Klein_Theoretical_38323km,38323.4,1.245021360118607,102.2295380082846,11.2,13.440030643184095,1.2000027359985799,1.2000027359985799,False,False,24.9,18.1,1930.0,1260484270.3
GW191204_171526,Klein_Theoretical_38323km,38323.4,1.245021360118607,218.70000668438996,17.4,20.880010266832542,1.2000005900478474,1.2000005900478474,False,False,11.7,8.4,640.0,1259514944.0
GW191204_110529,Klein_Theoretical_38323km,38323.4,1.245021360118607,94.5348415990589,8.9,10.680028532960202,1.2000032059505845,1.2000032059505845,False,False,27.3,19.2,1900.0,1259492747.5
GW191129_134029,Klein_Theoretical_38323km,38323.4,1.245021360118607,252.63621461817462,13.1,15.720005783585766,1.2000004414950967,1.2000004414950967,False,False,10.7,6.7,790.0,1259070047.1
GW191127_050227,Klein_Theoretical_38323km,38323.4,1.245021360118607,57.089222524106994,9.2,11.040082310570718,1.200008946801165,1.200008946801165,False,False,53.0,24.0,3400.0,1258866165.5
GW191126_115259,Klein_Theoretical_38323km,38323.4,1.245021360118607,215.48383011550186,8.3,9.960005045541307,1.2000006078965428,1.2000006078965428,False,False,12.1,8.3,1620.0,1258804397.6
GW191113_071753,Klein_Theoretical_38323km,38323.4,1.245021360118607,125.95616430820168,7.9,9.480014172362413,1.2000017939699257,1.2000017939699257,False,False,29.0,5.9,1370.0,1257664691.8
GW191109_010717,Klein_Theoretical_38323km,38323.4,1.245021360118607,39.248840485323555,17.3,20.76033420509554,1.200019318213615,1.200019318213615,False,False,65.0,47.0,1290.0,1257296855.2
GW191105_143521,Klein_Theoretical_38323km,38323.4,1.245021360118607,238.90598556283905,9.7,11.6400047916161,1.2000004939810414,1.2000004939810414,False,False,10.7,7.7,1150.0,1256999739.9
GW191103_012549,Klein_Theoretical_38323km,38323.4,1.245021360118607,223.14061595716942,8.9,10.680005043344325,1.2000005666679017,1.2000005666679017,False,False,11.8,7.9,990.0,1256779567.5
GW190930_133541,Klein_Theoretical_38323km,38323.4,1.245021360118607,208.3350774576416,9.7,11.64000631072413,1.2000006505901166,1.2000006505901166,False,False,14.2,6.9,770.0,1253885759.2
GW190929_012149,Klein_Theoretical_38323km,38323.4,1.245021360118607,47.21665020790804,9.7,11.640128060406294,1.2000132021037417,1.2000132021037417,False,False,66.3,26.8,3130.0,1253755327.4
GW190926_050336,Klein_Theoretical_38323km,38323.4,1.245021360118607,71.47756316026404,8.1,9.720045817669101,1.2000056565023582,1.2000056565023582,False,False,41.1,20.4,3280.0,1253509434.0
GW190925_232845,Klein_Theoretical_38323km,38323.4,1.245021360118607,121.0983508087118,9.7,11.640018840705869,1.2000019423408113,1.2000019423408113,False,False,20.8,15.5,930.0,1253489343.1
GW190924_021846,Klein_Theoretical_38323km,38323.4,1.245021360118607,316.24964995368623,12.0,14.400003374220175,1.2000002811850146,1.2000002811850146,False,False,8.8,5.1,550.0,1253326744.8
GW190917_114630,Klein_Theoretical_38323km,38323.4,1.245021360118607,372.53136731832535,8.3,9.960001679910702,1.2000002023988796,1.2000002023988796,False,False,9.7,2.1,720.0,1252756008.0
GW190916_200658,Klein_Theoretical_38323km,38323.4,1.245021360118607,65.51222256864737,8.1,9.720054718064215,1.2000067553165699,1.2000067553165699,False,False,43.8,23.3,4940.0,1252699636.9
GW190915_235702,Klein_Theoretical_38323km,38323.4,1.245021360118607,76.98546645107247,13.1,15.720063714829646,1.2000048637274539,1.2000048637274539,False,False,32.6,24.5,1750.0,1252627040.6
GW190910_112807,Klein_Theoretical_38323km,38323.4,1.245021360118607,56.35730941482357,14.5,17.400133197174572,1.2000091860120394,1.2000091860120394,False,False,43.8,34.2,1520.0,1252150105.3
GW190828_065509,Klein_Theoretical_38323km,38323.4,1.245021360118607,128.91114763508028,10.2,12.240017461216885,1.2000017118840085,1.2000017118840085,False,False,23.7,10.4,1540.0,1251010527.8
GW190828_063405,Klein_Theoretical_38323km,38323.4,1.245021360118607,76.1849243389296,16.5,19.800081975222195,1.2000049681952845,1.2000049681952845,False,False,31.9,25.8,2070.0,1251009263.7
GW190814,Klein_Theoretical_38323km,38323.4,1.245021360118607,169.72471561221,25.3,30.36002486859574,1.2000009829484481,1.2000009829484481,False,False,23.3,2.6,230.0,1249852257.0
GW190805_211137,Klein_Theoretical_38323km,38323.4,1.245021360118607,57.23789237443018,8.1,9.720072084768647,1.200008899354154,1.200008899354154,False,False,46.2,30.6,6130.0,1249074715.3
GW190803_022701,Klein_Theoretical_38323km,38323.4,1.245021360118607,67.31807250162692,9.3,11.160059437261554,1.2000063911033927,1.2000063911033927,False,False,37.7,27.6,3190.0,1248834439.8
GW190731_140936,Klein_Theoretical_38323km,38323.4,1.245021360118607,62.08856121972088,8.8,10.560066325115839,1.2000075369449816,1.2000075369449816,False,False,41.8,29.0,3330.0,1248617394.6
GW190728_064510,Klein_Theoretical_38323km,38323.4,1.245021360118607,214.43268948079213,13.1,15.720008042167217,1.2000006139058945,1.2000006139058945,False,False,12.5,8.0,880.0,1248331528.5
GW190727_060333,Klein_Theoretical_38323km,38323.4,1.245021360118607,63.61606562020605,11.7,14.040083915891056,1.200007172298381,1.200007172298381,False,False,38.9,30.2,3070.0,1248242631.9
GW190725_174728,Klein_Theoretical_38323km,38323.4,1.245021360118607,242.86575327935017,9.1,10.920004349096017,1.2000004779226392,1.2000004779226392,False,False,11.8,6.3,1030.0,1248112066.4
GW190720_000836,Klein_Theoretical_38323km,38323.4,1.245021360118607,202.5746605694119,10.9,13.080007503035672,1.2000006883518965,1.2000006883518965,False,False,14.2,7.5,770.0,1247616534.7
GW190719_215514,Klein_Theoretical_38323km,38323.4,1.245021360118607,77.80301122754405,7.9,9.480037607200787,1.200004760405163,1.200004760405163,False,False,36.6,19.9,3730.0,1247608532.9
GW190708_232457,Klein_Theoretical_38323km,38323.4,1.245021360118607,139.99586415147257,13.4,16.080019420450455,1.2000014492873474,1.2000014492873474,False,False,19.8,11.6,930.0,1246663515.3
GW190707_093326,Klein_Theoretical_38323km,38323.4,1.245021360118607,219.7935067178119,13.1,15.720007652470477,1.2000005841580517,1.2000005841580517,False,False,12.1,7.9,850.0,1246527224.1
GW190706_222641,Klein_Theoretical_38323km,38323.4,1.245021360118607,38.764286899084986,13.4,16.080265593516863,1.200019820411706,1.200019820411706,False,False,74.0,39.4,3630.0,1246487219.3
GW190701_203306,Klein_Theoretical_38323km,38323.4,1.245021360118607,46.46797182194756,11.2,13.440152799894403,1.2000136428477146,1.2000136428477146,False,False,54.1,40.5,2090.0,1246048404.5
GW190630_185205,Klein_Theoretical_38323km,38323.4,1.245021360118607,74.38020531905649,16.4,19.680085549206012,1.2000052164150008,1.2000052164150008,False,False,35.1,24.0,870.0,1245955943.1
GW190620_030421,Klein_Theoretical_38323km,38323.4,1.245021360118607,47.26742079952945,12.1,14.520159393199046,1.2000131729916568,1.2000131729916568,False,False,58.0,35.0,2910.0,1245035079.3
GW190602_175927,Klein_Theoretical_38323km,38323.4,1.245021360118607,37.70042996874991,13.2,15.840277122019401,1.200020994092379,1.200020994092379,False,False,71.8,44.8,2840.0,1243533585.0
GW190527_092055,Klein_Theoretical_38323km,38323.4,1.245021360118607,76.05311651135361,8.0,9.600039885744348,1.2000049857180435,1.2000049857180435,False,False,35.6,22.2,2520.0,1242984073.7
GW190521_074359,Klein_Theoretical_38323km,38323.4,1.245021360118607,57.23789237443019,25.9,31.080230493272587,1.200008899354154,1.200008899354154,False,False,43.4,33.4,1080.0,1242459857.4
GW190521,Klein_Theoretical_38323km,38323.4,1.245021360118607,28.25109340845911,14.3,17.160547053843104,1.2000382555135036,1.2000382555135036,False,False,98.4,57.2,3310.0,1242442967.4
GW190519_153544,Klein_Theoretical_38323km,38323.4,1.245021360118607,41.50963299675391,15.9,19.080273635256255,1.2000172097645443,1.2000172097645443,False,False,65.1,40.8,2600.0,1242315362.3
GW190517_055101,Klein_Theoretical_38323km,38323.4,1.245021360118607,69.55490718918098,10.8,12.960064577511265,1.200005979399191,1.200005979399191,False,False,39.2,24.0,1790.0,1242107479.8
GW190514_065416,Klein_Theoretical_38323km,38323.4,1.245021360118607,63.43246947123,8.0,9.600057717682496,1.200007214710312,1.200007214710312,False,False,40.9,28.4,3890.0,1241852074.8
GW190513_205428,Klein_Theoretical_38323km,38323.4,1.245021360118607,80.95525109311673,12.5,15.000054891732953,1.2000043913386362,1.2000043913386362,False,False,36.0,18.3,2210.0,1241816086.7
GW190512_180714,Klein_Theoretical_38323km,38323.4,1.245021360118607,123.13361720885821,12.7,15.240023850815328,1.200001878016955,1.200001878016955,False,False,23.2,12.5,1460.0,1241719652.4
GW190503_185404,Klein_Theoretical_38323km,38323.4,1.245021360118607,63.159053654543655,12.2,14.640088798576903,1.2000072785718774,1.2000072785718774,False,False,41.3,28.3,1520.0,1240944862.2
GW190426_190642,Klein_Theoretical_38323km,38323.4,1.245021360118607,24.21967016174236,8.7,10.44045986975366,1.2000528585923749,1.2000528585923749,False,False,105.5,76.0,4580.0,1240340820.6
GW190425,Klein_Theoretical_38323km,38323.4,1.245021360118607,1292.9029806930112,12.4,14.880000207373255,1.2000000167236495,1.2000000167236495,False,False,2.1,1.3,150.0,1240215503.0
GW190421_213856,Klein_Theoretical_38323km,38323.4,1.245021360118607,59.40365046427349,10.7,12.840088263181043,1.2000082488954247,1.2000082488954247,False,False,42.0,32.0,2590.0,1239917954.2
GW190413_134308,Klein_Theoretical_38323km,38323.4,1.245021360118607,53.80502000436033,10.6,12.72010705793143,1.200010099804852,1.200010099804852,False,False,51.3,30.4,3800.0,1239198206.7
GW190413_052954,Klein_Theoretical_38323km,38323.4,1.245021360118607,75.92176397851878,9.0,10.80004502945395,1.200005003272661,1.200005003272661,False,False,33.7,24.2,3320.0,1239168612.5
GW190412,Klein_Theoretical_38323km,38323.4,1.245021360118607,119.77847777537433,19.8,23.760039319584873,1.2000019858376199,1.2000019858376199,False,False,27.7,9.0,720.0,1239082262.1
GW190408_181802,Klein_Theoretical_38323km,38323.4,1.245021360118607,101.52125021607941,14.6,17.520040511871883,1.2000027747857456,1.2000027747857456,False,False,24.8,18.5,1540.0,1238782700.2
GW190403_051519,Klein_Theoretical_38323km,38323.4,1.245021360118607,41.8654298510118,7.6,9.120128512996317,1.2000169096047786,1.2000169096047786,False,False,85.0,20.0,8280.0,1238303737.2
GW170823,Klein_Theoretical_38323km,38323.4,1.245021360118607,64.17328663293779,12.2,14.640085959270468,1.2000070458418417,1.2000070458418417,False,False,39.5,29.0,1940.0,1187529256.5
GW170818,Klein_Theoretical_38323km,38323.4,1.245021360118607,70.78695868528565,12.0,14.400069232879268,1.2000057694066057,1.2000057694066057,False,False,35.4,26.7,1060.0,1187058327.1
GW170817,Klein_Theoretical_38323km,38323.4,1.245021360118607,1610.2088404235303,33.0,39.60000035567021,1.2000000107778852,1.2000000107778852,False,False,1.46,1.27,40.0,1187008882.4
GW170814,Klein_Theoretical_38323km,38323.4,1.245021360118607,78.7790346658824,17.7,21.240082151165186,1.2000046413087677,1.2000046413087677,False,False,30.6,25.2,600.0,1186741861.5
GW170809,Klein_Theoretical_38323km,38323.4,1.245021360118607,74.75969616252107,12.8,15.360066082543895,1.2000051626987418,1.2000051626987418,False,False,35.0,23.8,1030.0,1186302519.8
GW170729,Klein_Theoretical_38323km,38323.4,1.245021360118607,52.20748378095295,10.8,12.960116023634283,1.2000107429291003,1.2000107429291003,False,False,50.2,34.0,2840.0,1185389807.3
GW170608,Klein_Theoretical_38323km,38323.4,1.245021360118607,236.3371039976472,15.4,18.480007774468394,1.20000050483561,1.20000050483561,False,False,11.0,7.6,320.0,1180922494.5
GW170104,Klein_Theoretical_38323km,38323.4,1.245021360118607,86.53287666055589,13.8,16.5600529334114,1.2000038357544491,1.2000038357544491,False,False,30.8,20.0,990.0,1167559936.6
GW151226,Klein_Theoretical_38323km,38323.4,1.245021360118607,205.4144922596373,13.1,15.720008768304787,1.2000006693362433,1.2000006693362433,False,False,13.7,7.7,450.0,1135136350.6
GW151012,Klein_Theoretical_38323km,38323.4,1.245021360118607,119.45299278141952,10.0,12.000019967886498,1.2000019967886497,1.2000019967886497,False,False,23.2,13.6,1080.0,1128678900.4
GW150914,Klein_Theoretical_38323km,38323.4,1.245021360118607,66.40287212018487,26.0,31.200170869430156,1.20000657190116,1.20000657190116,False,False,35.6,30.6,440.0,1126259462.4
GW240109_050431,Klein_Empirical_8400km,8400.0,5.680172808615407,93.3305761009817,10.4,12.480786145378142,1.2000755909017444,1.2000755909017444,False,False,29.1,18.0,1450.0,1388811889.8
GW240107_013215,Klein_Empirical_8400km,8400.0,5.680172808615407,47.78119711256781,9.6,11.52314486830997,1.2003275904489552,1.2003275904489552,False,False,60.0,32.0,5700.0,1388626353.7
GW240105_151143,Klein_Empirical_8400km,8400.0,5.680172808615407,,25.9,25.9,1.0,1.0,False,False,,,,1388502721.2
GW240104_164932,Klein_Empirical_8400km,8400.0,5.680172808615407,58.92587311469488,14.8,17.763031369031026,1.200204822231826,1.200204822231826,False,False,42.3,32.3,1890.0,1388422190.6
GW231231_154016,Klein_Empirical_8400km,8400.0,5.680172808615407,110.72720741451481,13.4,16.08070521267318,1.2000526278114314,1.2000526278114314,False,False,22.5,17.2,1060.0,1388072434.7
GW231231_120147,Klein_Empirical_8400km,8400.0,5.680172808615407,,11.3,11.3,1.0,1.0,False,False,,,,1388059325.6
GW231230_170116,Klein_Empirical_8400km,8400.0,5.680172808615407,49.95306970859362,8.2,9.842429193400697,1.200296243097646,1.200296243097646,False,False,53.0,35.0,5600.0,1387990895.0
GW231226_101520,Klein_Empirical_8400km,8400.0,5.680172808615407,58.37808943368179,34.7,41.64725584055889,1.2002091020333974,1.2002091020333974,False,False,40.0,35.3,1160.0,1387620938.3
GW231224_024321,Klein_Empirical_8400km,8400.0,5.680172808615407,264.492787867403,14.0,16.800121380986855,1.2000086700704897,1.2000086700704897,False,False,9.3,7.32,950.0,1387421020.0
GW231223_202619,Klein_Empirical_8400km,8400.0,5.680172808615407,226.5912440389814,10.0,12.000119002961027,1.2000119002961027,1.2000119002961027,False,False,11.1,8.3,890.0,1387398397.0
GW231223_075055,Klein_Empirical_8400km,8400.0,5.680172808615407,233.82287948703393,9.4,11.280104883599675,1.2000111578297525,1.2000111578297525,False,False,12.0,6.8,960.0,1387353073.3
GW231223_032836,Klein_Empirical_8400km,8400.0,5.680172808615407,57.089222524106994,10.2,12.242241112233637,1.2002197168856508,1.2002197168856508,False,False,46.0,31.0,4000.0,1387337334.1
GW231221_135041,Klein_Empirical_8400km,8400.0,5.680172808615407,57.089222524106994,10.0,12.002197168856508,1.2002197168856508,1.2002197168856508,False,False,48.0,29.0,4300.0,1387201859.3
GW231220_173406,Klein_Empirical_8400km,8400.0,5.680172808615407,,7.9,7.9,1.0,1.0,False,False,,,,1387128864.2
GW231213_111417,Klein_Empirical_8400km,8400.0,5.680172808615407,70.10957152083316,10.4,12.481454879521888,1.20013989226172,1.20013989226172,False,False,35.3,27.4,4000.0,1386501275.9
GW231206_233901,Klein_Empirical_8400km,8400.0,5.680172808615407,66.50333032308984,21.9,26.283437667895463,1.2001569711367792,1.2001569711367792,False,False,37.6,28.5,1490.0,1385941159.5
GW231206_233134,Klein_Empirical_8400km,8400.0,5.680172808615407,68.15302533885641,12.8,15.3619045264035,1.2001487911252733,1.2001487911252733,False,False,35.9,28.6,3000.0,1385940712.5
GW231206_010629,Klein_Empirical_8400km,8400.0,5.680172808615407,,9.7,9.7,1.0,1.0,False,False,,,,1385860007.2
GW231204_090648,Klein_Empirical_8400km,8400.0,5.680172808615407,,8.4,8.4,1.0,1.0,False,False,,,,1385716026.9
GW231129_081745,Klein_Empirical_8400km,8400.0,5.680172808615407,63.159053654543655,9.4,11.281652206926598,1.200175766694319,1.200175766694319,False,False,46.0,23.6,3600.0,1385281083.6
GW231127_165300,Klein_Empirical_8400km,8400.0,5.680172808615407,58.61160179141651,9.9,11.882051887517237,1.2002072613653774,1.2002072613653774,False,False,46.0,29.0,4400.0,1385139198.9
GW231126_010928,Klein_Empirical_8400km,8400.0,5.680172808615407,,9.1,9.1,1.0,1.0,False,False,,,,1384996186.3
GW231123_135430,Klein_Empirical_8400km,8400.0,5.680172808615407,18.31612555981766,21.8,26.239133323347232,1.2036299689608823,1.2036299689608823,False,False,137.0,103.0,2200.0,1384782888.7
GW231120_022103,Klein_Empirical_8400km,8400.0,5.680172808615407,,10.0,10.0,1.0,1.0,False,False,,,,1384482081.0
GW231119_075248,Klein_Empirical_8400km,8400.0,5.680172808615407,53.608172370198034,8.3,9.962098138213674,1.2002527877365872,1.2002527877365872,False,False,48.0,34.0,6600.0,1384415586.1
GW231118_090602,Klein_Empirical_8400km,8400.0,5.680172808615407,215.48383011550186,11.0,13.20014513060137,1.2000131936910337,1.2000131936910337,False,False,13.2,7.2,1350.0,1384333580.0
GW231118_071402,Klein_Empirical_8400km,8400.0,5.680172808615407,60.21739910077039,9.2,11.041796181538631,1.2001952371237643,1.2001952371237643,False,False,43.0,30.0,4100.0,1384326860.2
GW231118_005626,Klein_Empirical_8400km,8400.0,5.680172808615407,141.80226239858834,10.7,12.84033536258079,1.2000313422972702,1.2000313422972702,False,False,20.2,10.8,2170.0,1384304204.8
GW231114_043211,Klein_Empirical_8400km,8400.0,5.680172808615407,140.44313528294688,10.0,12.000319776678898,1.2000319776678898,1.2000319776678898,False,False,23.1,8.2,1340.0,1383971549.2
GW231113_200417,Klein_Empirical_8400km,8400.0,5.680172808615407,231.36158601874936,10.5,12.600119726576589,1.2000114025311037,1.2000114025311037,False,False,11.6,7.4,1150.0,1383941075.9
GW231113_150041,Klein_Empirical_8400km,8400.0,5.680172808615407,,8.7,8.7,1.0,1.0,False,False,,,,1383922859.4
GW231113_122623,Klein_Empirical_8400km,8400.0,5.680172808615407,65.02766470941182,8.6,10.321417912829233,1.2001648735847945,1.2001648735847945,False,False,40.2,27.4,3200.0,1383913601.9
GW231110_040320,Klein_Empirical_8400km,8400.0,5.680172808615407,136.51770603590802,11.5,13.800390140074136,1.200033925223838,1.200033925223838,False,False,19.6,12.6,1860.0,1383624218.2
GW231108_125142,Klein_Empirical_8400km,8400.0,5.680172808615407,108.27266340778914,12.6,15.120695219088804,1.200055176118159,1.200055176118159,False,False,23.2,17.4,2030.0,1383483120.5
GW231104_133418,Klein_Empirical_8400km,8400.0,5.680172808615407,210.32871456249947,11.8,14.160163627748641,1.2000138667583593,1.2000138667583593,False,False,12.3,8.6,1460.0,1383140076.9
GW231102_232433,Klein_Empirical_8400km,8400.0,5.680172808615407,,7.6,7.6,1.0,1.0,False,False,,,,1383002691.5
GW231102_071736,Klein_Empirical_8400km,8400.0,5.680172808615407,41.8654298510118,15.6,18.726917511261295,1.2004434302090574,1.2004434302090574,False,False,62.0,43.0,3700.0,1382944674.4
GW231102_052214,Klein_Empirical_8400km,8400.0,5.680172808615407,,7.9,7.9,1.0,1.0,False,False,,,,1382937752.4
GW231029_111508,Klein_Empirical_8400km,8400.0,5.680172808615407,41.08289845192746,10.8,12.965003042302547,1.200463244657643,1.200463244657643,False,False,65.0,42.0,3100.0,1382613326.8
GW231028_153006,Klein_Empirical_8400km,8400.0,5.680172808615407,28.544611262053497,22.4,26.904868786392065,1.2011102136782172,1.2011102136782172,False,False,99.0,55.0,4200.0,1382542224.3
GW231026_130704,Klein_Empirical_8400km,8400.0,5.680172808615407,,8.3,8.3,1.0,1.0,False,False,,,,1382360842.2
GW231020_142947,Klein_Empirical_8400km,8400.0,5.680172808615407,225.42923765929427,12.0,14.400144317791849,1.2000120264826541,1.2000120264826541,False,False,12.2,7.3,1230.0,1381847405.6
GW231018_233037,Klein_Empirical_8400km,8400.0,5.680172808615407,232.58572139451,9.1,10.92010264647529,1.2000112798324494,1.2000112798324494,False,False,11.6,7.3,1520.0,1381707055.0
GW231014_040532,Klein_Empirical_8400km,8400.0,5.680172808615407,124.17712243944173,9.0,10.800372232072974,1.2000413591192194,1.2000413591192194,False,False,20.6,14.8,2300.0,1381291551.0
GW231013_135504,Klein_Empirical_8400km,8400.0,5.680172808615407,,8.4,8.4,1.0,1.0,False,False,,,,1381240522.4
GW231008_142521,Klein_Empirical_8400km,8400.0,5.680172808615407,61.82658416816088,9.3,11.161713129120052,1.2001842074322635,1.2001842074322635,False,False,46.0,25.1,2800.0,1380810339.8
GW231005_144455,Klein_Empirical_8400km,8400.0,5.680172808615407,,7.3,7.3,1.0,1.0,False,False,,,,1380552313.4
GW231005_091549,Klein_Empirical_8400km,8400.0,5.680172808615407,87.74191884942591,11.0,13.200948606231872,1.2000862369301701,1.2000862369301701,False,False,28.5,21.6,3700.0,1380532567.5
GW231005_021030,Klein_Empirical_8400km,8400.0,5.680172808615407,32.80500100265849,10.4,12.488205490448925,1.2007889894662427,1.2007889894662427,False,False,85.0,49.0,6100.0,1380507049.0
GW231004_232346,Klein_Empirical_8400km,8400.0,5.680172808615407,43.95870134356238,8.9,10.683526789338586,1.2003962684650096,1.2003962684650096,False,False,66.0,34.0,4200.0,1380497044.3
GW231002_143916,Klein_Empirical_8400km,8400.0,5.680172808615407,,9.4,9.4,1.0,1.0,False,False,,,,1380292774.7
GW231001_140220,Klein_Empirical_8400km,8400.0,5.680172808615407,37.57153960988238,11.5,13.806564617512118,1.2005708363054015,1.2005708363054015,False,False,77.0,40.0,4200.0,1380204158.7
GW230930_110730,Klein_Empirical_8400km,8400.0,5.680172808615407,74.88705509976556,9.0,10.80109121489831,1.2001212460998123,1.2001212460998123,False,False,34.1,24.6,4900.0,1380107268.4
GW230928_215827,Klein_Empirical_8400km,8400.0,5.680172808615407,51.71611922772045,10.5,12.60287689914633,1.2002739903948885,1.2002739903948885,False,False,55.0,30.0,4700.0,1379973525.1
GW230927_153832,Klein_Empirical_8400km,8400.0,5.680172808615407,114.17844504821399,20.3,24.361001461117763,1.2000493330599882,1.2000493330599882,False,False,21.9,16.6,1150.0,1379864330.9
GW230927_043729,Klein_Empirical_8400km,8400.0,5.680172808615407,70.55971323204234,12.1,14.521669291398819,1.2001379579668445,1.2001379579668445,False,False,34.9,27.4,3200.0,1379824667.1
GW230925_143957,Klein_Empirical_8400km,8400.0,5.680172808615407,,8.0,8.0,1.0,1.0,False,False,,,,1379688015.5
GW230924_124453,Klein_Empirical_8400km,8400.0,5.680172808615407,84.69884651938801,13.5,16.201255588871792,1.2000930065830957,1.2000930065830957,False,False,28.7,23.2,2360.0,1379594711.8
GW230922_040658,Klein_Empirical_8400km,8400.0,5.680172808615407,34.61315066422235,12.5,15.008668660435642,1.2006934928348514,1.2006934928348514,False,False,76.0,51.0,6400.0,1379390836.1
GW230922_020344,Klein_Empirical_8400km,8400.0,5.680172808615407,63.61606562020605,13.4,16.082318265909112,1.2001730049185904,1.2001730049185904,False,False,39.8,29.3,1550.0,1379383442.9
GW230920_071124,Klein_Empirical_8400km,8400.0,5.680172808615407,77.52857379816997,11.1,13.321248697445819,1.2001124952653892,1.2001124952653892,False,False,32.5,24.2,2800.0,1379229102.7
GW230920_064709,Klein_Empirical_8400km,8400.0,5.680172808615407,,9.5,9.5,1.0,1.0,False,False,,,,1379227647.3
GW230919_215712,Klein_Empirical_8400km,8400.0,5.680172808615407,89.34695395033005,16.8,20.161393730311072,1.2000829601375638,1.2000829601375638,False,False,27.5,21.7,1280.0,1379195850.0
GW230914_111401,Klein_Empirical_8400km,8400.0,5.680172808615407,45.790313899544145,17.2,20.646207669435935,1.2003609110137172,1.2003609110137172,False,False,60.0,36.0,2600.0,1378725259.7
GW230911_195324,Klein_Empirical_8400km,8400.0,5.680172808615407,77.80301122754405,11.1,13.321239213179247,1.2001116408269592,1.2001116408269592,False,False,36.2,20.3,1080.0,1378497222.2
GW230904_152545,Klein_Empirical_8400km,8400.0,5.680172808615407,,9.2,9.2,1.0,1.0,False,False,,,,1377876363.2
GW230904_051013,Klein_Empirical_8400km,8400.0,5.680172808615407,248.35424487888352,10.5,12.600103546581716,1.200009861579211,1.200009861579211,False,False,10.6,7.1,1000.0,1377839431.1
GW230902_224555,Klein_Empirical_8400km,8400.0,5.680172808615407,,7.5,7.5,1.0,1.0,False,False,,,,1377729973.7
GW230902_172430,Klein_Empirical_8400km,8400.0,5.680172808615407,,8.5,8.5,1.0,1.0,False,False,,,,1377710688.8
GW230902_122814,Klein_Empirical_8400km,8400.0,5.680172808615407,,8.1,8.1,1.0,1.0,False,False,,,,1377692912.9
GW230831_134621,Klein_Empirical_8400km,8400.0,5.680172808615407,,8.8,8.8,1.0,1.0,False,False,,,,1377524799.7
GW230831_015414,Klein_Empirical_8400km,8400.0,5.680172808615407,59.40365046427349,8.6,10.321730283520226,1.200201195758166,1.200201195758166,False,False,43.0,31.0,4700.0,1377482072.1
GW230830_064744,Klein_Empirical_8400km,8400.0,5.680172808615407,,8.5,8.5,1.0,1.0,False,False,,,,1377413282.2
GW230825_041334,Klein_Empirical_8400km,8400.0,5.680172808615407,60.382831515882394,8.8,10.561707711805742,1.2001940581597432,1.2001940581597432,False,False,45.0,27.8,4600.0,1376972032.5
GW230824_135331,Klein_Empirical_8400km,8400.0,5.680172808615407,,9.7,9.7,1.0,1.0,False,False,,,,1376920429.9
GW230824_033047,Klein_Empirical_8400km,8400.0,5.680172808615407,49.39179926242964,11.1,13.323373271670766,1.2003038983487178,1.2003038983487178,False,False,53.0,36.0,4600.0,1376883065.7
GW230823_142524,Klein_Empirical_8400km,8400.0,5.680172808615407,,8.8,8.8,1.0,1.0,False,False,,,,1376835942.6
GW230822_230337,Klein_Empirical_8400km,8400.0,5.680172808615407,,8.3,8.3,1.0,1.0,False,False,,,,1376780635.5
GW230820_212515,Klein_Empirical_8400km,8400.0,5.680172808615407,45.790313899544145,9.3,11.163356472427571,1.2003609110137172,1.2003609110137172,False,False,64.0,32.0,3900.0,1376601934.0
GW230819_171910,Klein_Empirical_8400km,8400.0,5.680172808615407,41.470472965624886,9.9,11.884487358213395,1.2004532685064035,1.2004532685064035,False,False,73.0,33.0,3800.0,1376500768.4
GW230817_212349,Klein_Empirical_8400km,8400.0,5.680172808615407,,7.8,7.8,1.0,1.0,False,False,,,,1376342647.1
GW230814_230901,Klein_Empirical_8400km,8400.0,5.680172808615407,70.90113119929417,43.0,51.605870252277406,1.2001365174948233,1.2001365174948233,False,False,33.6,28.4,280.0,1376089759.8
GW230814_061920,Klein_Empirical_8400km,8400.0,5.680172808615407,38.22495769005425,11.2,13.446139295521544,1.2005481513858522,1.2005481513858522,False,False,72.0,43.0,3600.0,1376029178.5
GW230811_032116,Klein_Empirical_8400km,8400.0,5.680172808615407,75.6604153933948,13.6,16.32161270529415,1.2001185812716288,1.2001185812716286,False,False,36.4,21.7,2000.0,1375759294.3
GW230807_205045,Klein_Empirical_8400km,8400.0,5.680172808615407,,8.7,8.7,1.0,1.0,False,False,,,,1375476663.4
GW230806_204041,Klein_Empirical_8400km,8400.0,5.680172808615407,51.1147690041423,9.4,11.282644126550647,1.2002812900585793,1.2002812900585793,False,False,51.0,35.0,5500.0,1375389659.9
GW230805_034249,Klein_Empirical_8400km,8400.0,5.680172808615407,79.92491153374978,9.5,11.401000834854875,1.2001053510373552,1.2001053510373552,False,False,32.3,22.7,3300.0,1375242188.0
GW230803_033412,Klein_Empirical_8400km,8400.0,5.680172808615407,58.61160179141651,9.4,11.281948256834548,1.2002072613653774,1.2002072613653774,False,False,46.0,29.0,4800.0,1375068870.4
GW230731_215307,Klein_Empirical_8400km,8400.0,5.680172808615407,242.86575327935017,12.2,14.640125943679225,1.2000103232523955,1.2000103232523955,False,False,10.3,7.8,1110.0,1374875605.9
GW230729_082317,Klein_Empirical_8400km,8400.0,5.680172808615407,219.7935067178119,9.5,11.400120345186222,1.2000126679143392,1.2000126679143392,False,False,12.4,7.6,1620.0,1374654215.2
GW230728_083628,Klein_Empirical_8400km,8400.0,5.680172808615407,,13.1,13.1,1.0,1.0,False,False,,,,1374568606.9
GW230726_002940,Klein_Empirical_8400km,8400.0,5.680172808615407,69.44502581921388,10.5,12.601499642412154,1.2001428230868718,1.2001428230868718,False,False,35.3,28.0,2000.0,1374366598.1
GW230723_101834,Klein_Empirical_8400km,8400.0,5.680172808615407,159.84982306749956,10.1,12.120246781901493,1.200024433851633,1.200024433851633,False,False,16.7,10.8,1580.0,1374142732.4
GW230723_084820,Klein_Empirical_8400km,8400.0,5.680172808615407,,8.4,8.4,1.0,1.0,False,False,,,,1374137318.4
GW230721_222634,Klein_Empirical_8400km,8400.0,5.680172808615407,,7.9,7.9,1.0,1.0,False,False,,,,1374013612.8
GW230717_102139,Klein_Empirical_8400km,8400.0,5.680172808615407,,8.3,8.3,1.0,1.0,False,False,,,,1373624517.1
GW230712_090405,Klein_Empirical_8400km,8400.0,5.680172808615407,101.28733028470594,9.5,11.400603563635396,1.2000635330142522,1.2000635330142522,False,False,32.0,11.4,1900.0,1373187863.9
GW230709_122727,Klein_Empirical_8400km,8400.0,5.680172808615407,58.61160179141651,10.2,12.242114065926849,1.2002072613653774,1.2002072613653774,False,False,45.0,30.0,4500.0,1372940865.2
GW230709_063445,Klein_Empirical_8400km,8400.0,5.680172808615407,,7.9,7.9,1.0,1.0,False,False,,,,1372919703.1
GW230708_230935,Klein_Empirical_8400km,8400.0,5.680172808615407,42.26798206111768,10.0,12.00433728668731,1.200433728668731,1.200433728668731,False,False,65.0,39.0,3400.0,1372892993.5
GW230708_071859,Klein_Empirical_8400km,8400.0,5.680172808615407,,9.1,9.1,1.0,1.0,False,False,,,,1372835957.4
GW230708_053705,Klein_Empirical_8400km,8400.0,5.680172808615407,84.21207153939154,8.9,10.680838051472017,1.2000941630867434,1.2000941630867434,False,False,29.1,23.1,3200.0,1372829843.1
GW230707_124047,Klein_Empirical_8400km,8400.0,5.680172808615407,53.15441516754823,11.9,14.283065944658052,1.2002576424082396,1.2002576424082396,False,False,45.9,36.8,4400.0,1372768865.3
GW230706_104333,Klein_Empirical_8400km,8400.0,5.680172808615407,158.12482497684312,9.2,11.04022990743308,1.2000249899383784,1.2000249899383784,False,False,16.3,11.5,1900.0,1372675431.2
GW230704_212616,Klein_Empirical_8400km,8400.0,5.680172808615407,31.399072388258844,8.7,10.447634811227983,1.2008775645089638,1.2008775645089638,False,False,92.0,48.0,7100.0,1372541194.7
GW230704_021211,Klein_Empirical_8400km,8400.0,5.680172808615407,82.62913786383906,9.4,11.280921922099267,1.200098076819071,1.200098076819071,False,False,33.3,19.9,2600.0,1372471949.2
GW230702_185453,Klein_Empirical_8400km,8400.0,5.680172808615407,74.38020531905649,10.1,12.121242720329326,1.200123041616765,1.200123041616765,False,False,41.0,18.1,2300.0,1372359311.7
GW230702_162025,Klein_Empirical_8400km,8400.0,5.680172808615407,,9.2,9.2,1.0,1.0,False,False,,,,1372350043.9
GW230630_234532,Klein_Empirical_8400km,8400.0,5.680172808615407,263.22575654827773,9.9,11.88008668031278,1.2000087555871495,1.2000087555871495,False,False,10.0,6.7,1070.0,1372203950.4
GW230630_125806,Klein_Empirical_8400km,8400.0,5.680172808615407,51.1147690041423,9.0,10.802531610527215,1.2002812900585793,1.2002812900585793,False,False,53.0,33.0,5000.0,1372165104.9
GW230630_070659,Klein_Empirical_8400km,8400.0,5.680172808615407,,9.8,9.8,1.0,1.0,False,False,,,,1372144037.0
GW230628_231200,Klein_Empirical_8400km,8400.0,5.680172808615407,73.75621030799059,16.4,19.682055041885032,1.2001253074320142,1.2001253074320142,False,False,32.4,27.2,2250.0,1372029138.4
GW230627_015337,Klein_Empirical_8400km,8400.0,5.680172808615407,310.0049460053765,28.7,34.44017997052014,1.2000062707498307,1.2000062707498307,False,False,8.4,5.78,305.0,1371866035.8
GW230625_211655,Klein_Empirical_8400km,8400.0,5.680172808615407,,8.1,8.1,1.0,1.0,False,False,,,,1371763033.0
GW230624_214944,Klein_Empirical_8400km,8400.0,5.680172808615407,,10.6,10.6,1.0,1.0,False,False,,,,1371678602.5
GW230624_113103,Klein_Empirical_8400km,8400.0,5.680172808615407,99.45407543792395,11.4,13.680752870946383,1.2000660413110862,1.2000660413110862,False,False,28.0,16.2,1810.0,1371641481.7
GW230618_102550,Klein_Empirical_8400km,8400.0,5.680172808615407,,7.8,7.8,1.0,1.0,False,False,,,,1371119168.0
GW230615_160825,Klein_Empirical_8400km,8400.0,5.680172808615407,,8.9,8.9,1.0,1.0,False,False,,,,1370880524.0
GW230609_064958,Klein_Empirical_8400km,8400.0,5.680172808615407,73.02109857734615,10.6,12.721357414249923,1.200128057948106,1.200128057948106,False,False,35.2,25.0,3300.0,1370328616.3
GW230609_010824,Klein_Empirical_8400km,8400.0,5.680172808615407,,8.0,8.0,1.0,1.0,False,False,,,,1370308122.4
GW230608_205047,Klein_Empirical_8400km,8400.0,5.680172808615407,55.50341078732624,10.2,12.242386027434963,1.2002339242583298,1.2002339242583298,False,False,49.0,30.2,3400.0,1370292665.2
GW230606_024545,Klein_Empirical_8400km,8400.0,5.680172808615407,,7.5,7.5,1.0,1.0,False,False,,,,1370054763.5
GW230606_004305,Klein_Empirical_8400km,8400.0,5.680172808615407,69.77571641835299,11.1,13.321569021172785,1.2001413532588094,1.2001413532588094,False,False,37.3,25.7,2700.0,1370047403.8
GW230605_065343,Klein_Empirical_8400km,8400.0,5.680172808615407,154.24105734583293,11.4,13.680299975061823,1.2000263136019143,1.2000263136019143,False,False,17.5,11.0,1040.0,1369983241.5
GW230603_174756,Klein_Empirical_8400km,8400.0,5.680172808615407,,8.0,8.0,1.0,1.0,False,False,,,,1369849694.9
GW230601_224134,Klein_Empirical_8400km,8400.0,5.680172808615407,39.96245576687489,13.4,16.086619752028344,1.2004940113453988,1.2004940113453988,False,False,66.0,44.0,3400.0,1369694512.1
GW230531_141100,Klein_Empirical_8400km,8400.0,5.680172808615407,,8.0,8.0,1.0,1.0,False,False,,,,1369577478.3
GW230529_181500,Klein_Empirical_8400km,8400.0,5.680172808615407,,11.8,11.8,1.0,1.0,False,False,,,,1369419318.7
GW230518_125908,Klein_Empirical_8400km,8400.0,5.680172808615407,,14.1,14.1,1.0,1.0,False,False,,,,1368449966.2
GW200322_091133,Klein_Empirical_8400km,8400.0,5.680172808615407,89.16572280641458,4.5,5.400374943118336,1.2000833206929635,1.2000833206929635,False,False,38.0,11.3,3500.0,1268903511.3
GW200316_215756,Klein_Empirical_8400km,8400.0,5.680172808615407,210.32871456249947,10.3,12.360142827611101,1.2000138667583593,1.2000138667583593,False,False,13.1,7.8,1120.0,1268431094.1
GW200311_115853,Klein_Empirical_8400km,8400.0,5.680172808615407,71.01567260672435,17.8,21.362421499284117,1.2001360392856246,1.2001360392856246,False,False,34.2,27.7,1170.0,1267963151.3
GW200308_173609,Klein_Empirical_8400km,8400.0,5.680172808615407,52.33178731376474,4.7,5.6412539947689995,1.2002668073976595,1.2002668073976595,False,False,60.0,24.0,7100.0,1267724187.7
GW200306_093714,Klein_Empirical_8400km,8400.0,5.680172808615407,101.99234650478512,7.8,9.360488329240303,1.2000626063128594,1.2000626063128594,False,False,28.3,14.8,2100.0,1267522652.1
GW200302_015811,Klein_Empirical_8400km,8400.0,5.680172808615407,76.05311651135361,10.8,12.961266425447102,1.2001172616154723,1.2001172616154723,False,False,37.8,20.0,1480.0,1267149509.5
GW200225_060421,Klein_Empirical_8400km,8400.0,5.680172808615407,132.00811214283002,12.5,15.000454881224037,1.200036390497923,1.200036390497923,False,False,19.3,14.0,1150.0,1266645879.3
GW200224_222234,Klein_Empirical_8400km,8400.0,5.680172808615407,60.4658890557942,20.0,24.003869405353182,1.200193470267659,1.200193470267659,False,False,40.0,32.7,1710.0,1266618172.4
GW200220_124850,Klein_Empirical_8400km,8400.0,5.680172808615407,65.80643913706943,8.5,10.201365360383784,1.2001606306333863,1.2001606306333863,False,False,38.9,27.9,4000.0,1266238148.1
GW200220_061928,Klein_Empirical_8400km,8400.0,5.680172808615407,29.701825232136745,7.2,8.647242351171291,1.2010058821071237,1.201005882107124,False,False,87.0,61.0,6000.0,1266214786.7
GW200219_094415,Klein_Empirical_8400km,8400.0,5.680172808615407,67.21513966905563,10.7,12.841640961659495,1.2001533609027566,1.2001533609027566,False,False,37.5,27.9,3400.0,1266140673.1
GW200216_220804,Klein_Empirical_8400km,8400.0,5.680172808615407,54.27000165871899,8.1,9.721992188996131,1.2002459492587816,1.2002459492587816,False,False,51.0,30.0,3800.0,1265926102.8
GW200210_092254,Klein_Empirical_8400km,8400.0,5.680172808615407,163.23320216696018,8.4,10.080196524059849,1.2000233957214106,1.2000233957214106,False,False,24.1,2.83,940.0,1265361792.9
GW200209_085452,Klein_Empirical_8400km,8400.0,5.680172808615407,70.10957152083314,9.6,11.521342965712511,1.20013989226172,1.20013989226172,False,False,35.6,27.1,3400.0,1265273710.1
GW200208_222617,Klein_Empirical_8400km,8400.0,5.680172808615407,69.44502581921388,7.4,8.881056890842851,1.2001428230868718,1.2001428230868718,False,False,51.0,12.3,4100.0,1265235995.9
GW200208_130117,Klein_Empirical_8400km,8400.0,5.680172808615407,67.52488685647064,10.8,12.96163974966944,1.200151828673096,1.200151828673096,False,False,37.7,27.4,2230.0,1265202095.9
GW200202_154313,Klein_Empirical_8400km,8400.0,5.680172808615407,252.63621461817462,10.8,12.96010284371322,1.2000095225660388,1.2000095225660388,False,False,10.1,7.3,410.0,1264693411.5
GW200129_065458,Klein_Empirical_8400km,8400.0,5.680172808615407,69.2263013284447,26.8,32.16385405141459,1.200143807888604,1.200143807888604,False,False,34.5,29.0,890.0,1264316116.4
GW200128_022011,Klein_Empirical_8400km,8400.0,5.680172808615407,58.76831730422777,10.6,12.72218402024385,1.2002060396456462,1.2002060396456462,False,False,42.2,32.6,3400.0,1264213229.9
GW200115_042309,Klein_Empirical_8400km,8400.0,5.680172808615407,598.8923888768717,11.3,13.560018648910969,1.2000016503461033,1.2000016503461033,False,False,5.9,1.44,290.0,1263097407.7
GW200112_155838,Klein_Empirical_8400km,8400.0,5.680172808615407,68.79295984908042,19.8,23.76288662851814,1.2001457893190979,1.2001457893190979,False,False,35.6,28.3,1250.0,1262879936.0
GW191230_180458,Klein_Empirical_8400km,8400.0,5.680172808615407,50.87812655504904,10.4,12.48295612509771,1.2002842427978566,1.2002842427978566,False,False,49.4,37.0,4300.0,1261764316.4
GW191222_033537,Klein_Empirical_8400km,8400.0,5.680172808615407,55.08609190922604,12.5,15.002973652722506,1.2002378922178005,1.2002378922178005,False,False,45.1,34.7,3000.0,1261020955.1
GW191219_163120,Klein_Empirical_8400km,8400.0,5.680172808615407,136.22157218333555,9.1,10.920310121762874,1.2000340793146016,1.2000340793146016,False,False,31.1,1.17,550.0,1260808298.4
GW191216_213338,Klein_Empirical_8400km,8400.0,5.680172808615407,222.01364314930495,18.6,22.320230811858547,1.2000124092397066,1.2000124092397066,False,False,12.1,7.7,340.0,1260567236.4
GW191215_223052,Klein_Empirical_8400km,8400.0,5.680172808615407,102.2295380082846,11.2,13.44069774984382,1.2000622990931982,1.2000622990931982,False,False,24.9,18.1,1930.0,1260484270.3
GW191204_171526,Klein_Empirical_8400km,8400.0,5.680172808615407,218.70000668438996,17.4,20.880222690494243,1.200012798304267,1.200012798304267,False,False,11.7,8.4,640.0,1259514944.0
GW191204_110529,Klein_Empirical_8400km,8400.0,5.680172808615407,94.5348415990589,8.9,10.68065464726303,1.2000735558722504,1.2000735558722504,False,False,27.3,19.2,1900.0,1259492747.5
GW191129_134029,Klein_Empirical_8400km,8400.0,5.680172808615407,252.63621461817462,13.1,15.720124745615108,1.2000095225660388,1.2000095225660388,False,False,10.7,6.7,790.0,1259070047.1
GW191127_050227,Klein_Empirical_8400km,8400.0,5.680172808615407,57.089222524106994,9.2,11.042021395347986,1.2002197168856508,1.2002197168856508,False,False,53.0,24.0,3400.0,1258866165.5
GW191126_115259,Klein_Empirical_8400km,8400.0,5.680172808615407,215.48383011550186,8.3,9.96010950763558,1.2000131936910337,1.2000131936910337,False,False,12.1,8.3,1620.0,1258804397.6
GW191113_071753,Klein_Empirical_8400km,8400.0,5.680172808615407,125.95616430820168,7.9,9.480317142989716,1.2000401446822424,1.2000401446822424,False,False,29.0,5.9,1370.0,1257664691.8
GW191109_010717,Klein_Empirical_8400km,8400.0,5.680172808615407,39.248840485323555,17.3,20.76891351840574,1.2005152322777883,1.2005152322777883,False,False,65.0,47.0,1290.0,1257296855.2
GW191105_143521,Klein_Empirical_8400km,8400.0,5.680172808615407,238.90598556283905,9.7,11.640103564647173,1.2000106767677499,1.2000106767677499,False,False,10.7,7.7,1150.0,1256999739.9
GW191103_012549,Klein_Empirical_8400km,8400.0,5.680172808615407,223.14061595716942,8.9,10.680109300489827,1.200012280953913,1.200012280953913,False,False,11.8,7.9,990.0,1256779567.5
GW190930_133541,Klein_Empirical_8400km,8400.0,5.680172808615407,208.3350774576416,9.7,11.64013716701463,1.2000141409293434,1.2000141409293434,False,False,14.2,6.9,770.0,1253885759.2
GW190929_012149,Klein_Empirical_8400km,8400.0,5.680172808615407,47.21665020790804,9.7,11.643264576139016,1.2003365542411357,1.2003365542411357,False,False,66.3,26.8,3130.0,1253755327.4
GW190926_050336,Klein_Empirical_8400km,8400.0,5.680172808615407,71.47756316026404,8.1,9.721086502970673,1.2001341361692188,1.2001341361692188,False,False,41.1,20.4,3280.0,1253509434.0
GW190925_232845,Klein_Empirical_8400km,8400.0,5.680172808615407,121.0983508087118,9.7,11.640422871473882,1.2000435949973076,1.2000435949973076,False,False,20.8,15.5,930.0,1253489343.1
GW190924_021846,Klein_Empirical_8400km,8400.0,5.680172808615407,316.24964995368623,12.0,14.400072253327675,1.2000060211106396,1.2000060211106396,False,False,8.8,5.1,550.0,1253326744.8
GW190917_114630,Klein_Empirical_8400km,8400.0,5.680172808615407,372.53136731832535,8.3,9.960035817294537,1.200004315336691,1.200004315336691,False,False,9.7,2.1,720.0,1252756008.0
GW190916_200658,Klein_Empirical_8400km,8400.0,5.680172808615407,65.51222256864737,8.1,9.721313934506652,1.2001622141366237,1.2001622141366237,False,False,43.8,23.3,4940.0,1252699636.9
GW190915_235702,Klein_Empirical_8400km,8400.0,5.680172808615407,76.98546645107247,13.1,15.721496221166447,1.2001142153562174,1.2001142153562174,False,False,32.6,24.5,1750.0,1252627040.6
GW190910_112807,Klein_Empirical_8400km,8400.0,5.680172808615407,56.35730941482357,14.5,17.40327857339584,1.200226108510058,1.200226108510058,False,False,43.8,34.2,1520.0,1252150105.3
GW190828_065509,Klein_Empirical_8400km,8400.0,5.680172808615407,128.91114763508028,10.2,12.240390073797913,1.2000382425292073,1.2000382425292073,False,False,23.7,10.4,1540.0,1251010527.8
GW190828_063405,Klein_Empirical_8400km,8400.0,5.680172808615407,76.1849243389296,16.5,19.801927589651257,1.2001168236152278,1.2001168236152278,False,False,31.9,25.8,2070.0,1251009263.7
GW190814,Klein_Empirical_8400km,8400.0,5.680172808615407,169.72471561221,25.3,30.36054599333519,1.2000215807642367,1.2000215807642367,False,False,23.3,2.6,230.0,1249852257.0
GW190805_211137,Klein_Empirical_8400km,8400.0,5.680172808615407,57.23789237443018,8.1,9.721769459028206,1.2002184517318772,1.2002184517318772,False,False,46.2,30.6,6130.0,1249074715.3
GW190803_022701,Klein_Empirical_8400km,8400.0,5.680172808615407,67.31807250162692,9.3,11.16142149719478,1.200152849160729,1.200152849160729,False,False,37.7,27.6,3190.0,1248834439.8
GW190731_140936,Klein_Empirical_8400km,8400.0,5.680172808615407,62.08856121972088,8.8,10.561606004859584,1.2001825005522253,1.2001825005522253,False,False,41.8,29.0,3330.0,1248617394.6
GW190728_064510,Klein_Empirical_8400km,8400.0,5.680172808615407,214.43268948079213,13.1,15.720174582312747,1.200013326894103,1.200013326894103,False,False,12.5,8.0,880.0,1248331528.5
GW190727_060333,Klein_Empirical_8400km,8400.0,5.680172808615407,63.61606562020605,11.7,14.042024157547507,1.2001730049185904,1.2001730049185904,False,False,38.9,30.2,3070.0,1248242631.9
GW190725_174728,Klein_Empirical_8400km,8400.0,5.680172808615407,242.86575327935017,9.1,10.920093941596798,1.2000103232523955,1.2000103232523955,False,False,11.8,6.3,1030.0,1248112066.4
GW190720_000836,Klein_Empirical_8400km,8400.0,5.680172808615407,202.5746605694119,10.9,13.080163286909745,1.2000149804504352,1.2000149804504352,False,False,14.2,7.5,770.0,1247616534.7
GW190719_215514,Klein_Empirical_8400km,8400.0,5.680172808615407,77.80301122754405,7.9,9.480881962532978,1.2001116408269592,1.2001116408269592,False,False,36.6,19.9,3730.0,1247608532.9
GW190708_232457,Klein_Empirical_8400km,8400.0,5.680172808615407,139.99586415147257,13.4,16.080431359264423,1.2000321909898823,1.2000321909898823,False,False,19.8,11.6,930.0,1246663515.3
GW190707_093326,Klein_Empirical_8400km,8400.0,5.680172808615407,219.7935067178119,13.1,15.720165949677844,1.2000126679143392,1.2000126679143392,False,False,12.1,7.9,850.0,1246527224.1
GW190706_222641,Klein_Empirical_8400km,8400.0,5.680172808615407,38.764286899084986,13.4,16.087107770269146,1.2005304306171003,1.2005304306171003,False,False,74.0,39.4,3630.0,1246487219.3
GW190701_203306,Klein_Empirical_8400km,8400.0,5.680172808615407,46.46797182194756,11.2,13.4439090287594,1.2003490204249465,1.2003490204249465,False,False,54.1,40.5,2090.0,1246048404.5
GW190630_185205,Klein_Empirical_8400km,8400.0,5.680172808615407,74.38020531905649,16.4,19.682017882514945,1.200123041616765,1.200123041616765,False,False,35.1,24.0,870.0,1245955943.1
GW190620_030421,Klein_Empirical_8400km,8400.0,5.680172808615407,47.26742079952945,12.1,14.52406237112526,1.200335733150848,1.200335733150848,False,False,58.0,35.0,2910.0,1245035079.3
GW190602_175927,Klein_Empirical_8400km,8400.0,5.680172808615407,37.70042996874991,13.2,15.847474519146347,1.200566251450481,1.200566251450481,False,False,71.8,44.8,2840.0,1243533585.0
GW190527_092055,Klein_Empirical_8400km,8400.0,5.680172808615407,76.05311651135361,8.0,9.600938092923778,1.2001172616154723,1.2001172616154723,False,False,35.6,22.2,2520.0,1242984073.7
GW190521_074359,Klein_Empirical_8400km,8400.0,5.680172808615407,57.23789237443019,25.9,31.08565789985562,1.2002184517318772,1.2002184517318772,False,False,43.4,33.4,1080.0,1242459857.4
GW190521,Klein_Empirical_8400km,8400.0,5.680172808615407,28.25109340845911,14.3,17.176291389700438,1.2011392580210096,1.2011392580210096,False,False,98.4,57.2,3310.0,1242442967.4
GW190519_153544,Klein_Empirical_8400km,8400.0,5.680172808615407,41.50963299675391,15.9,19.087191228013513,1.2004522784914158,1.2004522784914158,False,False,65.1,40.8,2600.0,1242315362.3
GW190517_055101,Klein_Empirical_8400km,8400.0,5.680172808615407,69.55490718918098,10.8,12.961537187346181,1.2001423321616833,1.2001423321616833,False,False,39.2,24.0,1790.0,1242107479.8
GW190514_065416,Klein_Empirical_8400km,8400.0,5.680172808615407,63.43246947123,8.0,9.60139285228237,1.2001741065352962,1.2001741065352962,False,False,40.9,28.4,3890.0,1241852074.8
GW190513_205428,Klein_Empirical_8400km,8400.0,5.680172808615407,80.95525109311673,12.5,15.001281086501727,1.2001024869201382,1.2001024869201382,False,False,36.0,18.3,2210.0,1241816086.7
GW190512_180714,Klein_Empirical_8400km,8400.0,5.680172808615407,123.13361720885821,12.7,15.240534635326057,1.2000420972697683,1.2000420972697683,False,False,23.2,12.5,1460.0,1241719652.4
GW190503_185404,Klein_Empirical_8400km,8400.0,5.680172808615407,63.159053654543655,12.2,14.64214435367069,1.200175766694319,1.200175766694319,False,False,41.3,28.3,1520.0,1240944862.2
GW190426_190642,Klein_Empirical_8400km,8400.0,5.680172808615407,24.21967016174236,8.7,10.454686268464037,1.201688076834947,1.201688076834947,False,False,105.5,76.0,4580.0,1240340820.6
GW190425,Klein_Empirical_8400km,8400.0,5.680172808615407,1292.9029806930112,12.4,14.880004346200428,1.2000003505000345,1.2000003505000345,False,False,2.1,1.3,150.0,1240215503.0
GW190421_213856,Klein_Empirical_8400km,8400.0,5.680172808615407,59.40365046427349,10.7,12.842152794612375,1.200201195758166,1.200201195758166,False,False,42.0,32.0,2590.0,1239917954.2
GW190413_134308,Klein_Empirical_8400km,8400.0,5.680172808615407,53.80502000436033,10.6,12.722657677273286,1.2002507242710647,1.2002507242710647,False,False,51.3,30.4,3800.0,1239198206.7
GW190413_052954,Klein_Empirical_8400km,8400.0,5.680172808615407,75.92176397851878,9.0,10.80105930502016,1.2001177005577957,1.2001177005577957,False,False,33.7,24.2,3320.0,1239168612.5
GW190412,Klein_Empirical_8400km,8400.0,5.680172808615407,119.77847777537433,19.8,23.760883266265658,1.2000446094073565,1.2000446094073565,False,False,27.7,9.0,720.0,1239082262.1
GW190408_181802,Klein_Empirical_8400km,8400.0,5.680172808615407,101.52125021607941,14.6,17.520923059781882,1.2000632232727317,1.2000632232727317,False,False,24.8,18.5,1540.0,1238782700.2
GW190403_051519,Klein_Empirical_8400km,8400.0,5.680172808615407,41.8654298510118,7.6,9.123370069588836,1.2004434302090574,1.2004434302090574,False,False,85.0,20.0,8280.0,1238303737.2
GW170823,Klein_Empirical_8400km,8400.0,5.680172808615407,64.17328663293779,12.2,14.642070641901393,1.200169724746016,1.200169724746016,False,False,39.5,29.0,1940.0,1187529256.5
GW170818,Klein_Empirical_8400km,8400.0,5.680172808615407,70.78695868528565,12.0,14.40164396013101,1.2001369966775841,1.2001369966775841,False,False,35.4,26.7,1060.0,1187058327.1
GW170817,Klein_Empirical_8400km,8400.0,5.680172808615407,1610.2088404235303,33.0,39.60000744413989,1.2000002255799966,1.2000002255799966,False,False,1.46,1.27,40.0,1187008882.4
GW170814,Klein_Empirical_8400km,8400.0,5.680172808615407,78.7790346658824,17.7,21.24192362944356,1.2001086796295797,1.2001086796295797,False,False,30.6,25.2,600.0,1186741861.5
GW170809,Klein_Empirical_8400km,8400.0,5.680172808615407,74.75969616252107,12.8,15.361557677492364,1.2001216935540908,1.2001216935540908,False,False,35.0,23.8,1030.0,1186302519.8
GW170729,Klein_Empirical_8400km,8400.0,5.680172808615407,52.20748378095295,10.8,12.962896934846212,1.2002682347079825,1.2002682347079825,False,False,50.2,34.0,2840.0,1185389807.3
GW170608,Klein_Empirical_8400km,8400.0,5.680172808615407,236.3371039976472,15.4,18.480168105015114,1.2000109159100723,1.2000109159100723,False,False,11.0,7.6,320.0,1180922494.5
GW170104,Klein_Empirical_8400km,8400.0,5.680172808615407,86.53287666055589,13.8,16.561225925724447,1.2000888351974237,1.2000888351974237,False,False,30.8,20.0,990.0,1167559936.6
GW151226,Klein_Empirical_8400km,8400.0,5.680172808615407,205.4144922596373,13.1,15.720190703207258,1.2000145574967374,1.2000145574967374,False,False,13.7,7.7,450.0,1135136350.6
GW151012,Klein_Empirical_8400km,8400.0,5.680172808615407,119.45299278141952,10.0,12.000448650061799,1.20004486500618,1.20004486500618,False,False,23.2,13.6,1080.0,1128678900.4
GW150914,Klein_Empirical_8400km,8400.0,5.680172808615407,66.40287212018487,26.0,31.204094763390184,1.2001574908996224,1.2001574908996224,False,False,35.6,30.6,440.0,1126259462.4
