{
  "topology": "Real Projective Plane (\u211dP\u00b2)",
  "radius_m": 8400000.0,
  "mode_spectrum": {
    "l_values": [
      1,
      3,
      5,
      7,
      9,
      11,
      13,
      15,
      17,
      19
    ],
    "frequencies_Hz": [
      4.016488711283392,
      9.838347900293094,
      15.555793889030667,
      21.253260547508322,
      26.94342536787057,
      32.63010854225307,
      38.31486033741856,
      43.99842938269536,
      49.68122160216714,
      55.363476208550296
    ],
    "fundamental_frequency_Hz": 4.016488711283392
  },
  "klein_comparison": {
    "topology": "Real Projective Plane vs Klein Bottle",
    "klein_f0_Hz": 6.65,
    "rp2_f0_Hz": 4.016488711283392,
    "frequency_ratio": 0.6039832648546454,
    "klein_tau_GW150914": 0.35813203345758654,
    "rp2_tau_GW150914": 0.08802549092197064,
    "tau_ratio": 0.24579060988241774,
    "both_suppress_even_modes": true,
    "mechanism": "Antipodal identification vs Twisted identification"
  },
  "key_finding": "\u211dP\u00b2 naturally suppresses even modes through antipodal identification"
}