ell,c_ell_tt_standard,c_ell_tt_klein,c_ell_eb_klein,klein_enhancement,parity_violation,klein_multipole,klein_window
2,546874.4391187287,546874.4391187287,0.0,0.0,0.0,1.4810502488509167e+23,0.0
3,370543.5536746375,370543.5536746375,0.0,0.0,0.0,1.4810502488509167e+23,0.0
4,281123.41480137117,281123.41480137117,0.0,0.0,0.0,1.4810502488509167e+23,0.0
5,226914.39622888705,226914.39622888705,0.0,0.0,0.0,1.4810502488509167e+23,0.0
6,190478.68970949788,190478.68970949788,0.0,0.0,0.0,1.4810502488509167e+23,0.0
7,164276.528415205,164276.528415205,0.0,0.0,0.0,1.4810502488509167e+23,0.0
8,144511.02633985245,144511.02633985245,0.0,0.0,0.0,1.4810502488509167e+23,0.0
9,129060.10092184365,129060.10092184365,0.0,0.0,0.0,1.4810502488509167e+23,0.0
10,116643.87647461369,116643.87647461369,0.0,0.0,0.0,1.4810502488509167e+23,0.0
11,106444.15037252504,106444.15037252504,0.0,0.0,0.0,1.4810502488509167e+23,0.0
12,97913.21547240637,97913.21547240637,0.0,0.0,0.0,1.4810502488509167e+23,0.0
13,90670.48130934717,90670.48130934717,0.0,0.0,0.0,1.4810502488509167e+23,0.0
14,84443.17489898003,84443.17489898003,0.0,0.0,0.0,1.4810502488509167e+23,0.0
15,79030.63765227997,79030.63765227997,0.0,0.0,0.0,1.4810502488509167e+23,0.0
16,74281.93984773285,74281.93984773285,0.0,0.0,0.0,1.4810502488509167e+23,0.0
17,70081.35322857139,70081.35322857139,0.0,0.0,0.0,1.4810502488509167e+23,0.0
18,66338.63955483127,66338.63955483127,0.0,0.0,0.0,1.4810502488509167e+23,0.0
19,62982.38892907072,62982.38892907072,0.0,0.0,0.0,1.4810502488509167e+23,0.0
20,59955.345425384636,59955.345425384636,0.0,0.0,0.0,1.4810502488509167e+23,0.0
21,57211.06069647106,57211.06069647106,0.0,0.0,0.0,1.4810502488509167e+23,0.0
22,54711.45502474308,54711.45502474308,0.0,0.0,0.0,1.4810502488509167e+23,0.0
23,52425.01096158629,52425.01096158629,0.0,0.0,0.0,1.4810502488509167e+23,0.0
24,50325.415941187435,50325.415941187435,0.0,0.0,0.0,1.4810502488509167e+23,0.0
25,48390.52876810006,48390.52876810006,0.0,0.0,0.0,1.4810502488509167e+23,0.0
26,46601.58320932319,46601.58320932319,0.0,0.0,0.0,1.4810502488509167e+23,0.0
27,44942.567522729296,44942.567522729296,0.0,0.0,0.0,1.4810502488509167e+23,0.0
28,43399.73615612425,43399.73615612425,0.0,0.0,0.0,1.4810502488509167e+23,0.0
29,41961.22187294671,41961.22187294671,0.0,0.0,0.0,1.4810502488509167e+23,0.0
30,40616.724989299095,40616.724989299095,0.0,0.0,0.0,1.4810502488509167e+23,0.0
31,39357.26239785161,39357.26239785161,0.0,0.0,0.0,1.4810502488509167e+23,0.0
32,38174.96336646044,38174.96336646044,0.0,0.0,0.0,1.4810502488509167e+23,0.0
33,37062.902240033385,37062.902240033385,0.0,0.0,0.0,1.4810502488509167e+23,0.0
34,36014.96048668996,36014.96048668996,0.0,0.0,0.0,1.4810502488509167e+23,0.0
35,35025.71224941486,35025.71224941486,0.0,0.0,0.0,1.4810502488509167e+23,0.0
36,34090.328856179374,34090.328856179374,0.0,0.0,0.0,1.4810502488509167e+23,0.0
37,33204.49872028321,33204.49872028321,0.0,0.0,0.0,1.4810502488509167e+23,0.0
38,32364.359810534253,32364.359810534253,0.0,0.0,0.0,1.4810502488509167e+23,0.0
39,31566.442446839257,31566.442446839257,0.0,0.0,0.0,1.4810502488509167e+23,0.0
40,30807.62062365197,30807.62062365197,0.0,0.0,0.0,1.4810502488509167e+23,0.0
41,30085.07041289117,30085.07041289117,0.0,0.0,0.0,1.4810502488509167e+23,0.0
42,29396.234272580798,29396.234272580798,0.0,0.0,0.0,1.4810502488509167e+23,0.0
43,28738.79030484925,28738.79030484925,0.0,0.0,0.0,1.4810502488509167e+23,0.0
44,28110.625680021425,28110.625680021425,0.0,0.0,0.0,1.4810502488509167e+23,0.0
45,27509.81358215185,27509.81358215185,0.0,0.0,0.0,1.4810502488509167e+23,0.0
46,26934.593142950547,26934.593142950547,0.0,0.0,0.0,1.4810502488509167e+23,0.0
47,26383.351921370846,26383.351921370846,0.0,0.0,0.0,1.4810502488509167e+23,0.0
48,25854.610559579658,25854.610559579658,0.0,0.0,0.0,1.4810502488509167e+23,0.0
49,25347.00930604497,25347.00930604497,0.0,0.0,0.0,1.4810502488509167e+23,0.0
50,24859.29614573093,24859.29614573093,0.0,0.0,0.0,1.4810502488509167e+23,0.0
51,24390.316317988967,24390.316317988967,0.0,0.0,0.0,1.4810502488509167e+23,0.0
52,23939.003036333776,23939.003036333776,0.0,0.0,0.0,1.4810502488509167e+23,0.0
53,23504.369252210454,23504.369252210454,0.0,0.0,0.0,1.4810502488509167e+23,0.0
54,23085.50032814271,23085.50032814271,0.0,0.0,0.0,1.4810502488509167e+23,0.0
55,22681.547505141214,22681.547505141214,0.0,0.0,0.0,1.4810502488509167e+23,0.0
56,22291.722065620568,22291.722065620568,0.0,0.0,0.0,1.4810502488509167e+23,0.0
57,21915.290106869143,21915.290106869143,0.0,0.0,0.0,1.4810502488509167e+23,0.0
58,21551.567851779528,21551.567851779528,0.0,0.0,0.0,1.4810502488509167e+23,0.0
59,21199.917433438935,21199.917433438935,0.0,0.0,0.0,1.4810502488509167e+23,0.0
60,20859.743098593142,20859.743098593142,0.0,0.0,0.0,1.4810502488509167e+23,0.0
61,20530.487782174987,20530.487782174987,0.0,0.0,0.0,1.4810502488509167e+23,0.0
62,20211.630011228837,20211.630011228837,0.0,0.0,0.0,1.4810502488509167e+23,0.0
63,19902.681101828588,19902.681101828588,0.0,0.0,0.0,1.4810502488509167e+23,0.0
64,19603.182617116137,19603.182617116137,0.0,0.0,0.0,1.4810502488509167e+23,0.0
65,19312.704058491425,19312.704058491425,0.0,0.0,0.0,1.4810502488509167e+23,0.0
66,19030.8407653596,19030.8407653596,0.0,0.0,0.0,1.4810502488509167e+23,0.0
67,18757.212001763564,18757.212001763564,0.0,0.0,0.0,1.4810502488509167e+23,0.0
68,18491.459210768015,18491.459210768015,0.0,0.0,0.0,1.4810502488509167e+23,0.0
69,18233.24441966881,18233.24441966881,0.0,0.0,0.0,1.4810502488509167e+23,0.0
70,17982.248781027007,17982.248781027007,0.0,0.0,0.0,1.4810502488509167e+23,0.0
71,17738.17123620907,17738.17123620907,0.0,0.0,0.0,1.4810502488509167e+23,0.0
72,17500.727289587652,17500.727289587652,0.0,0.0,0.0,1.4810502488509167e+23,0.0
73,17269.64788284929,17269.64788284929,0.0,0.0,0.0,1.4810502488509167e+23,0.0
74,17044.678359991023,17044.678359991023,0.0,0.0,0.0,1.4810502488509167e+23,0.0
75,16825.57751458762,16825.57751458762,0.0,0.0,0.0,1.4810502488509167e+23,0.0
76,16612.116711793253,16612.116711793253,0.0,0.0,0.0,1.4810502488509167e+23,0.0
77,16404.07907832049,16404.07907832049,0.0,0.0,0.0,1.4810502488509167e+23,0.0
78,16201.258754329434,16201.258754329434,0.0,0.0,0.0,1.4810502488509167e+23,0.0
79,16003.46020177118,16003.46020177118,0.0,0.0,0.0,1.4810502488509167e+23,0.0
80,15810.497564272866,15810.497564272866,0.0,0.0,0.0,1.4810502488509167e+23,0.0
81,15622.194074134386,15622.194074134386,0.0,0.0,0.0,1.4810502488509167e+23,0.0
82,15438.381502437076,15438.381502437076,0.0,0.0,0.0,1.4810502488509167e+23,0.0
83,15258.899648648256,15258.899648648256,0.0,0.0,0.0,1.4810502488509167e+23,0.0
84,15083.595866448377,15083.595866448377,0.0,0.0,0.0,1.4810502488509167e+23,0.0
85,14912.324622814034,14912.324622814034,0.0,0.0,0.0,1.4810502488509167e+23,0.0
86,14744.94708766479,14744.94708766479,0.0,0.0,0.0,1.4810502488509167e+23,0.0
87,14581.330751628186,14581.330751628186,0.0,0.0,0.0,1.4810502488509167e+23,0.0
88,14421.34906969846,14421.34906969846,0.0,0.0,0.0,1.4810502488509167e+23,0.0
89,14264.881128763618,14264.881128763618,0.0,0.0,0.0,1.4810502488509167e+23,0.0
90,14111.811337154595,14111.811337154595,0.0,0.0,0.0,1.4810502488509167e+23,0.0
91,13962.029134531806,13962.029134531806,0.0,0.0,0.0,1.4810502488509167e+23,0.0
92,13815.428720570175,13815.428720570175,0.0,0.0,0.0,1.4810502488509167e+23,0.0
93,13671.908801035486,13671.908801035486,0.0,0.0,0.0,1.4810502488509167e+23,0.0
94,13531.372349964086,13531.372349964086,0.0,0.0,0.0,1.4810502488509167e+23,0.0
95,13393.726386765862,13393.726386765862,0.0,0.0,0.0,1.4810502488509167e+23,0.0
96,13258.8817671684,13258.8817671684,0.0,0.0,0.0,1.4810502488509167e+23,0.0
97,13126.75298700889,13126.75298700889,0.0,0.0,0.0,1.4810502488509167e+23,0.0
98,12997.25799796122,12997.25799796122,0.0,0.0,0.0,1.4810502488509167e+23,0.0
99,12870.318034358921,12870.318034358921,0.0,0.0,0.0,1.4810502488509167e+23,0.0
100,12745.857450341611,12745.857450341611,0.0,0.0,0.0,1.4810502488509167e+23,0.0
101,12623.80356661334,12623.80356661334,0.0,0.0,0.0,1.4810502488509167e+23,0.0
102,12504.086526156872,12504.086526156872,0.0,0.0,0.0,1.4810502488509167e+23,0.0
103,12386.639158298545,12386.639158298545,0.0,0.0,0.0,1.4810502488509167e+23,0.0
104,12271.396850564866,12271.396850564866,0.0,0.0,0.0,1.4810502488509167e+23,0.0
105,12158.297427814108,12158.297427814108,0.0,0.0,0.0,1.4810502488509167e+23,0.0
106,12047.281038165283,12047.281038165283,0.0,0.0,0.0,1.4810502488509167e+23,0.0
107,11938.290045282149,11938.290045282149,0.0,0.0,0.0,1.4810502488509167e+23,0.0
108,11831.268926602714,11831.268926602714,0.0,0.0,0.0,1.4810502488509167e+23,0.0
109,11726.164177134446,11726.164177134446,0.0,0.0,0.0,1.4810502488509167e+23,0.0
110,11622.924218463051,11622.924218463051,0.0,0.0,0.0,1.4810502488509167e+23,0.0
111,11521.499312647748,11521.499312647748,0.0,0.0,0.0,1.4810502488509167e+23,0.0
112,11421.841480699448,11421.841480699448,0.0,0.0,0.0,1.4810502488509167e+23,0.0
113,11323.904425359411,11323.904425359411,0.0,0.0,0.0,1.4810502488509167e+23,0.0
114,11227.643457915838,11227.643457915838,0.0,0.0,0.0,1.4810502488509167e+23,0.0
115,11133.01542881393,11133.01542881393,0.0,0.0,0.0,1.4810502488509167e+23,0.0
116,11039.978661831788,11039.978661831788,0.0,0.0,0.0,1.4810502488509167e+23,0.0
117,10948.492891610033,10948.492891610033,0.0,0.0,0.0,1.4810502488509167e+23,0.0
118,10858.5192043372,10858.5192043372,0.0,0.0,0.0,1.4810502488509167e+23,0.0
119,10770.019981406405,10770.019981406405,0.0,0.0,0.0,1.4810502488509167e+23,0.0
120,10682.95884587085,10682.95884587085,0.0,0.0,0.0,1.4810502488509167e+23,0.0
121,10597.300611537197,10597.300611537197,0.0,0.0,0.0,1.4810502488509167e+23,0.0
122,10513.011234546271,10513.011234546271,0.0,0.0,0.0,1.4810502488509167e+23,0.0
123,10430.057767300308,10430.057767300308,0.0,0.0,0.0,1.4810502488509167e+23,0.0
124,10348.40831460506,10348.40831460506,0.0,0.0,0.0,1.4810502488509167e+23,0.0
125,10268.031991903385,10268.031991903385,0.0,0.0,0.0,1.4810502488509167e+23,0.0
126,10188.89888548476,10188.89888548476,0.0,0.0,0.0,1.4810502488509167e+23,0.0
127,10110.980014562452,10110.980014562452,0.0,0.0,0.0,1.4810502488509167e+23,0.0
128,10034.247295116757,10034.247295116757,0.0,0.0,0.0,1.4810502488509167e+23,0.0
129,9958.673505408966,9958.673505408966,0.0,0.0,0.0,1.4810502488509167e+23,0.0
130,9884.232253076705,9884.232253076705,0.0,0.0,0.0,1.4810502488509167e+23,0.0
131,9810.89794372648,9810.89794372648,0.0,0.0,0.0,1.4810502488509167e+23,0.0
132,9738.645750944577,9738.645750944577,0.0,0.0,0.0,1.4810502488509167e+23,0.0
133,9667.451587652024,9667.451587652024,0.0,0.0,0.0,1.4810502488509167e+23,0.0
134,9597.292078733828,9597.292078733828,0.0,0.0,0.0,1.4810502488509167e+23,0.0
135,9528.14453487677,9528.14453487677,0.0,0.0,0.0,1.4810502488509167e+23,0.0
136,9459.986927553862,9459.986927553862,0.0,0.0,0.0,1.4810502488509167e+23,0.0
137,9392.797865097282,9392.797865097282,0.0,0.0,0.0,1.4810502488509167e+23,0.0
138,9326.556569804798,9326.556569804798,0.0,0.0,0.0,1.4810502488509167e+23,0.0
139,9261.24285602799,9261.24285602799,0.0,0.0,0.0,1.4810502488509167e+23,0.0
140,9196.837109193406,9196.837109193406,0.0,0.0,0.0,1.4810502488509167e+23,0.0
141,9133.320265710623,9133.320265710623,0.0,0.0,0.0,1.4810502488509167e+23,0.0
142,9070.673793723734,9070.673793723734,0.0,0.0,0.0,1.4810502488509167e+23,0.0
143,9008.879674665188,9008.879674665188,0.0,0.0,0.0,1.4810502488509167e+23,0.0
144,8947.920385573205,8947.920385573205,0.0,0.0,0.0,1.4810502488509167e+23,0.0
145,8887.778882136117,8887.778882136117,0.0,0.0,0.0,1.4810502488509167e+23,0.0
146,8828.438582428966,8828.438582428966,0.0,0.0,0.0,1.4810502488509167e+23,0.0
147,8769.883351309596,8769.883351309596,0.0,0.0,0.0,1.4810502488509167e+23,0.0
148,8712.097485443179,8712.097485443179,0.0,0.0,0.0,1.4810502488509167e+23,0.0
149,8655.065698925873,8655.065698925873,0.0,0.0,0.0,1.4810502488509167e+23,0.0
150,8598.773109479771,8598.773109479771,0.0,0.0,0.0,1.4810502488509167e+23,0.0
151,8543.20522519279,8543.20522519279,0.0,0.0,0.0,1.4810502488509167e+23,0.0
152,8488.34793177862,8488.34793177862,0.0,0.0,0.0,1.4810502488509167e+23,0.0
153,8434.187480332961,8434.187480332961,0.0,0.0,0.0,1.4810502488509167e+23,0.0
154,8380.710475563712,8380.710475563712,0.0,0.0,0.0,1.4810502488509167e+23,0.0
155,8327.903864473781,8327.903864473781,0.0,0.0,0.0,1.4810502488509167e+23,0.0
156,8275.754925476325,8275.754925476325,0.0,0.0,0.0,1.4810502488509167e+23,0.0
157,8224.251257923246,8224.251257923246,0.0,0.0,0.0,1.4810502488509167e+23,0.0
158,8173.380772028751,8173.380772028751,0.0,0.0,0.0,1.4810502488509167e+23,0.0
159,8123.131679170662,8123.131679170662,0.0,0.0,0.0,1.4810502488509167e+23,0.0
160,8073.492482553062,8073.492482553062,0.0,0.0,0.0,1.4810502488509167e+23,0.0
161,8024.451968214613,8024.451968214613,0.0,0.0,0.0,1.4810502488509167e+23,0.0
162,7975.999196367762,7975.999196367762,0.0,0.0,0.0,1.4810502488509167e+23,0.0
163,7928.123493054635,7928.123493054635,0.0,0.0,0.0,1.4810502488509167e+23,0.0
164,7880.814442106224,7880.814442106224,0.0,0.0,0.0,1.4810502488509167e+23,0.0
165,7834.061877392041,7834.061877392041,0.0,0.0,0.0,1.4810502488509167e+23,0.0
166,7787.855875348087,7787.855875348087,0.0,0.0,0.0,1.4810502488509167e+23,0.0
167,7742.186747771506,7742.186747771506,0.0,0.0,0.0,1.4810502488509167e+23,0.0
168,7697.045034870908,7697.045034870908,0.0,0.0,0.0,1.4810502488509167e+23,0.0
169,7652.4214985618,7652.4214985618,0.0,0.0,0.0,1.4810502488509167e+23,0.0
170,7608.3071159971005,7608.3071159971005,0.0,0.0,0.0,1.4810502488509167e+23,0.0
171,7564.693073323168,7564.693073323168,0.0,0.0,0.0,1.4810502488509167e+23,0.0
172,7521.570759652224,7521.570759652224,0.0,0.0,0.0,1.4810502488509167e+23,0.0
173,7478.931761242459,7478.931761242459,0.0,0.0,0.0,1.4810502488509167e+23,0.0
174,7436.76785587749,7436.76785587749,0.0,0.0,0.0,1.4810502488509167e+23,0.0
175,7395.071007437283,7395.071007437283,0.0,0.0,0.0,1.4810502488509167e+23,0.0
176,7353.83336065294,7353.83336065294,0.0,0.0,0.0,1.4810502488509167e+23,0.0
177,7313.047236038131,7313.047236038131,0.0,0.0,0.0,1.4810502488509167e+23,0.0
178,7272.705124990235,7272.705124990235,0.0,0.0,0.0,1.4810502488509167e+23,0.0
179,7232.7996850546415,7232.7996850546415,0.0,0.0,0.0,1.4810502488509167e+23,0.0
180,7193.323735345861,7193.323735345861,0.0,0.0,0.0,1.4810502488509167e+23,0.0
181,7154.2702521194315,7154.2702521194315,0.0,0.0,0.0,1.4810502488509167e+23,0.0
182,7115.632364488846,7115.632364488846,0.0,0.0,0.0,1.4810502488509167e+23,0.0
183,7077.403350281995,7077.403350281995,0.0,0.0,0.0,1.4810502488509167e+23,0.0
184,7039.576632031828,7039.576632031828,0.0,0.0,0.0,1.4810502488509167e+23,0.0
185,7002.145773096219,7002.145773096219,0.0,0.0,0.0,1.4810502488509167e+23,0.0
186,6965.104473902151,6965.104473902151,0.0,0.0,0.0,1.4810502488509167e+23,0.0
187,6928.446568309633,6928.446568309633,0.0,0.0,0.0,1.4810502488509167e+23,0.0
188,6892.166020090899,6892.166020090899,0.0,0.0,0.0,1.4810502488509167e+23,0.0
189,6856.256919520649,6856.256919520649,0.0,0.0,0.0,1.4810502488509167e+23,0.0
190,6820.713480073256,6820.713480073256,0.0,0.0,0.0,1.4810502488509167e+23,0.0
191,6785.530035223045,6785.530035223045,0.0,0.0,0.0,1.4810502488509167e+23,0.0
192,6750.701035343915,6750.701035343915,0.0,0.0,0.0,1.4810502488509167e+23,0.0
193,6716.221044704706,6716.221044704706,0.0,0.0,0.0,1.4810502488509167e+23,0.0
194,6682.084738556894,6682.084738556894,0.0,0.0,0.0,1.4810502488509167e+23,0.0
195,6648.28690031129,6648.28690031129,0.0,0.0,0.0,1.4810502488509167e+23,0.0
196,6614.822418800622,6614.822418800622,0.0,0.0,0.0,1.4810502488509167e+23,0.0
197,6581.686285624924,6581.686285624924,0.0,0.0,0.0,1.4810502488509167e+23,0.0
198,6548.873592576856,6548.873592576856,0.0,0.0,0.0,1.4810502488509167e+23,0.0
199,6516.379529144131,6516.379529144131,0.0,0.0,0.0,1.4810502488509167e+23,0.0
200,6484.199380086389,6484.199380086389,0.0,0.0,0.0,1.4810502488509167e+23,0.0
201,6452.328523083915,6452.328523083915,0.0,0.0,0.0,1.4810502488509167e+23,0.0
202,6420.7624264557535,6420.7624264557535,0.0,0.0,0.0,1.4810502488509167e+23,0.0
203,6389.496646944818,6389.496646944818,0.0,0.0,0.0,1.4810502488509167e+23,0.0
204,6358.5268275677145,6358.5268275677145,0.0,0.0,0.0,1.4810502488509167e+23,0.0
205,6327.84869552709,6327.84869552709,0.0,0.0,0.0,1.4810502488509167e+23,0.0
206,6297.458060184385,6297.458060184385,0.0,0.0,0.0,1.4810502488509167e+23,0.0
207,6267.350811090966,6267.350811090966,0.0,0.0,0.0,1.4810502488509167e+23,0.0
208,6237.522916075665,6237.522916075665,0.0,0.0,0.0,1.4810502488509167e+23,0.0
209,6207.970419386879,6207.970419386879,0.0,0.0,0.0,1.4810502488509167e+23,0.0
210,6178.689439887394,6178.689439887394,0.0,0.0,0.0,1.4810502488509167e+23,0.0
211,6149.676169300212,6149.676169300212,0.0,0.0,0.0,1.4810502488509167e+23,0.0
212,6120.926870503687,6120.926870503687,0.0,0.0,0.0,1.4810502488509167e+23,0.0
213,6092.437875874381,6092.437875874381,0.0,0.0,0.0,1.4810502488509167e+23,0.0
214,6064.205585676071,6064.205585676071,0.0,0.0,0.0,1.4810502488509167e+23,0.0
215,6036.226466493426,6036.226466493426,0.0,0.0,0.0,1.4810502488509167e+23,0.0
216,6008.497049708895,6008.497049708895,0.0,0.0,0.0,1.4810502488509167e+23,0.0
217,5981.0139300214405,5981.0139300214405,0.0,0.0,0.0,1.4810502488509167e+23,0.0
218,5953.773764005776,5953.773764005776,0.0,0.0,0.0,1.4810502488509167e+23,0.0
219,5926.773268710813,5926.773268710813,0.0,0.0,0.0,1.4810502488509167e+23,0.0
220,5900.009220296076,5900.009220296076,0.0,0.0,0.0,1.4810502488509167e+23,0.0
221,5873.478452704907,5873.478452704907,0.0,0.0,0.0,1.4810502488509167e+23,0.0
222,5847.177856373285,5847.177856373285,0.0,0.0,0.0,1.4810502488509167e+23,0.0
223,5821.104376973155,5821.104376973155,0.0,0.0,0.0,1.4810502488509167e+23,0.0
224,5795.2550141892125,5795.2550141892125,0.0,0.0,0.0,1.4810502488509167e+23,0.0
225,5769.626820528071,5769.626820528071,0.0,0.0,0.0,1.4810502488509167e+23,0.0
226,5744.216900158856,5744.216900158856,0.0,0.0,0.0,1.4810502488509167e+23,0.0
227,5719.022407784231,5719.022407784231,0.0,0.0,0.0,1.4810502488509167e+23,0.0
228,5694.040547540941,5694.040547540941,0.0,0.0,0.0,1.4810502488509167e+23,0.0
229,5669.268571928976,5669.268571928976,0.0,0.0,0.0,1.4810502488509167e+23,0.0
230,5644.70378076849,5644.70378076849,0.0,0.0,0.0,1.4810502488509167e+23,0.0
231,5620.3435201836155,5620.3435201836155,0.0,0.0,0.0,1.4810502488509167e+23,0.0
232,5596.185181612419,5596.185181612419,0.0,0.0,0.0,1.4810502488509167e+23,0.0
233,5572.226200842143,5572.226200842143,0.0,0.0,0.0,1.4810502488509167e+23,0.0
234,5548.464057069064,5548.464057069064,0.0,0.0,0.0,1.4810502488509167e+23,0.0
235,5524.896271982169,5524.896271982169,0.0,0.0,0.0,1.4810502488509167e+23,0.0
236,5501.520408869977,5501.520408869977,0.0,0.0,0.0,1.4810502488509167e+23,0.0
237,5478.334071749842,5478.334071749842,0.0,0.0,0.0,1.4810502488509167e+23,0.0
238,5455.3349045190425,5455.3349045190425,0.0,0.0,0.0,1.4810502488509167e+23,0.0
239,5432.520590127053,5432.520590127053,0.0,0.0,0.0,1.4810502488509167e+23,0.0
240,5409.888849768371,5409.888849768371,0.0,0.0,0.0,1.4810502488509167e+23,0.0
241,5387.437442095303,5387.437442095303,0.0,0.0,0.0,1.4810502488509167e+23,0.0
242,5365.164162450152,5365.164162450152,0.0,0.0,0.0,1.4810502488509167e+23,0.0
243,5343.066842116218,5343.066842116218,0.0,0.0,0.0,1.4810502488509167e+23,0.0
244,5321.143347587119,5321.143347587119,0.0,0.0,0.0,1.4810502488509167e+23,0.0
245,5299.391579853872,5299.391579853872,0.0,0.0,0.0,1.4810502488509167e+23,0.0
246,5277.8094737092515,5277.8094737092515,0.0,0.0,0.0,1.4810502488509167e+23,0.0
247,5256.3949970689455,5256.3949970689455,0.0,0.0,0.0,1.4810502488509167e+23,0.0
248,5235.146150309009,5235.146150309009,0.0,0.0,0.0,1.4810502488509167e+23,0.0
249,5214.06096561919,5214.06096561919,0.0,0.0,0.0,1.4810502488509167e+23,0.0
250,5193.137506371675,5193.137506371675,0.0,0.0,0.0,1.4810502488509167e+23,0.0
251,5172.3738665048195,5172.3738665048195,0.0,0.0,0.0,1.4810502488509167e+23,0.0
252,5151.768169921447,5151.768169921447,0.0,0.0,0.0,1.4810502488509167e+23,0.0
253,5131.318569901353,5131.318569901353,0.0,0.0,0.0,1.4810502488509167e+23,0.0
254,5111.023248527551,5111.023248527551,0.0,0.0,0.0,1.4810502488509167e+23,0.0
255,5090.880416125978,5090.880416125978,0.0,0.0,0.0,1.4810502488509167e+23,0.0
256,5070.888310718208,5070.888310718208,0.0,0.0,0.0,1.4810502488509167e+23,0.0
257,5051.045197486875,5051.045197486875,0.0,0.0,0.0,1.4810502488509167e+23,0.0
258,5031.34936825345,5031.34936825345,0.0,0.0,0.0,1.4810502488509167e+23,0.0
259,5011.799140968023,5011.799140968023,0.0,0.0,0.0,1.4810502488509167e+23,0.0
260,4992.392859210795,4992.392859210795,0.0,0.0,0.0,1.4810502488509167e+23,0.0
261,4973.128891704947,4973.128891704947,0.0,0.0,0.0,1.4810502488509167e+23,0.0
262,4954.005631840588,4954.005631840588,0.0,0.0,0.0,1.4810502488509167e+23,0.0
263,4935.0214972095055,4935.0214972095055,0.0,0.0,0.0,1.4810502488509167e+23,0.0
264,4916.17492915041,4916.17492915041,0.0,0.0,0.0,1.4810502488509167e+23,0.0
265,4897.464392304405,4897.464392304405,0.0,0.0,0.0,1.4810502488509167e+23,0.0
266,4878.8883741804275,4878.8883741804275,0.0,0.0,0.0,1.4810502488509167e+23,0.0
267,4860.445384730383,4860.445384730383,0.0,0.0,0.0,1.4810502488509167e+23,0.0
268,4842.133955933738,4842.133955933738,0.0,0.0,0.0,1.4810502488509167e+23,0.0
269,4823.952641391304,4823.952641391304,0.0,0.0,0.0,1.4810502488509167e+23,0.0
270,4805.900015927995,4805.900015927995,0.0,0.0,0.0,1.4810502488509167e+23,0.0
271,4787.9746752043375,4787.9746752043375,0.0,0.0,0.0,1.4810502488509167e+23,0.0
272,4770.175235336463,4770.175235336463,0.0,0.0,0.0,1.4810502488509167e+23,0.0
273,4752.5003325244215,4752.5003325244215,0.0,0.0,0.0,1.4810502488509167e+23,0.0
274,4734.948622688579,4734.948622688579,0.0,0.0,0.0,1.4810502488509167e+23,0.0
275,4717.518781113877,4717.518781113877,0.0,0.0,0.0,1.4810502488509167e+23,0.0
276,4700.209502101802,4700.209502101802,0.0,0.0,0.0,1.4810502488509167e+23,0.0
277,4683.01949862982,4683.01949862982,0.0,0.0,0.0,1.4810502488509167e+23,0.0
278,4665.947502018127,4665.947502018127,0.0,0.0,0.0,1.4810502488509167e+23,0.0
279,4648.992261603512,4648.992261603512,0.0,0.0,0.0,1.4810502488509167e+23,0.0
280,4632.152544420168,4632.152544420168,0.0,0.0,0.0,1.4810502488509167e+23,0.0
281,4615.427134887271,4615.427134887271,0.0,0.0,0.0,1.4810502488509167e+23,0.0
282,4598.814834503162,4598.814834503162,0.0,0.0,0.0,1.4810502488509167e+23,0.0
283,4582.314461545972,4582.314461545972,0.0,0.0,0.0,1.4810502488509167e+23,0.0
284,4565.924850780522,4565.924850780522,0.0,0.0,0.0,1.4810502488509167e+23,0.0
285,4549.644853171372,4549.644853171372,0.0,0.0,0.0,1.4810502488509167e+23,0.0
286,4533.473335601824,4533.473335601824,0.0,0.0,0.0,1.4810502488509167e+23,0.0
287,4517.409180598788,4517.409180598788,0.0,0.0,0.0,1.4810502488509167e+23,0.0
288,4501.451286063319,4501.451286063319,0.0,0.0,0.0,1.4810502488509167e+23,0.0
289,4485.598565006728,4485.598565006728,0.0,0.0,0.0,1.4810502488509167e+23,0.0
290,4469.849945292107,4469.849945292107,0.0,0.0,0.0,1.4810502488509167e+23,0.0
291,4454.2043693811565,4454.2043693811565,0.0,0.0,0.0,1.4810502488509167e+23,0.0
292,4438.6607940861695,4438.6607940861695,0.0,0.0,0.0,1.4810502488509167e+23,0.0
293,4423.218190327074,4423.218190327074,0.0,0.0,0.0,1.4810502488509167e+23,0.0
294,4407.875542893389,4407.875542893389,0.0,0.0,0.0,1.4810502488509167e+23,0.0
295,4392.6318502110025,4392.6318502110025,0.0,0.0,0.0,1.4810502488509167e+23,0.0
296,4377.486124113633,4377.486124113633,0.0,0.0,0.0,1.4810502488509167e+23,0.0
297,4362.437389618888,4362.437389618888,0.0,0.0,0.0,1.4810502488509167e+23,0.0
298,4347.484684708801,4347.484684708801,0.0,0.0,0.0,1.4810502488509167e+23,0.0
299,4332.627060114727,4332.627060114727,0.0,0.0,0.0,1.4810502488509167e+23,0.0
300,4317.863579106543,4317.863579106543,0.0,0.0,0.0,1.4810502488509167e+23,0.0
301,4303.193317285986,4303.193317285986,0.0,0.0,0.0,1.4810502488509167e+23,0.0
302,4288.6153623841055,4288.6153623841055,0.0,0.0,0.0,1.4810502488509167e+23,0.0
303,4274.128814062674,4274.128814062674,0.0,0.0,0.0,1.4810502488509167e+23,0.0
304,4259.732783719497,4259.732783719497,0.0,0.0,0.0,1.4810502488509167e+23,0.0
305,4245.426394297545,4245.426394297545,0.0,0.0,0.0,1.4810502488509167e+23,0.0
306,4231.208780097774,4231.208780097774,0.0,0.0,0.0,1.4810502488509167e+23,0.0
307,4217.079086595611,4217.079086595611,0.0,0.0,0.0,1.4810502488509167e+23,0.0
308,4203.036470260961,4203.036470260961,0.0,0.0,0.0,1.4810502488509167e+23,0.0
309,4189.080098381713,4189.080098381713,0.0,0.0,0.0,1.4810502488509167e+23,0.0
310,4175.209148890619,4175.209148890619,0.0,0.0,0.0,1.4810502488509167e+23,0.0
311,4161.422810195507,4161.422810195507,0.0,0.0,0.0,1.4810502488509167e+23,0.0
312,4147.720281012721,4147.720281012721,0.0,0.0,0.0,1.4810502488509167e+23,0.0
313,4134.1007702037505,4134.1007702037505,0.0,0.0,0.0,1.4810502488509167e+23,0.0
314,4120.563496614946,4120.563496614946,0.0,0.0,0.0,1.4810502488509167e+23,0.0
315,4107.107688920277,4107.107688920277,0.0,0.0,0.0,1.4810502488509167e+23,0.0
316,4093.7325854670516,4093.7325854670516,0.0,0.0,0.0,1.4810502488509167e+23,0.0
317,4080.437434124536,4080.437434124536,0.0,0.0,0.0,1.4810502488509167e+23,0.0
318,4067.221492135423,4067.221492135423,0.0,0.0,0.0,1.4810502488509167e+23,0.0
319,4054.084025970053,4054.084025970053,0.0,0.0,0.0,1.4810502488509167e+23,0.0
320,4041.024311183373,4041.024311183373,0.0,0.0,0.0,1.4810502488509167e+23,0.0
321,4028.0416322745373,4028.0416322745373,0.0,0.0,0.0,1.4810502488509167e+23,0.0
322,4015.135282549119,4015.135282549119,0.0,0.0,0.0,1.4810502488509167e+23,0.0
323,4002.304563983849,4002.304563983849,0.0,0.0,0.0,1.4810502488509167e+23,0.0
324,3989.5487870938578,3989.5487870938578,0.0,0.0,0.0,1.4810502488509167e+23,0.0
325,3976.8672708023423,3976.8672708023423,0.0,0.0,0.0,1.4810502488509167e+23,0.0
326,3964.259342312621,3964.259342312621,0.0,0.0,0.0,1.4810502488509167e+23,0.0
327,3951.724336982521,3951.724336982521,0.0,0.0,0.0,1.4810502488509167e+23,0.0
328,3939.2615982010416,3939.2615982010416,0.0,0.0,0.0,1.4810502488509167e+23,0.0
329,3926.8704772672645,3926.8704772672645,0.0,0.0,0.0,1.4810502488509167e+23,0.0
330,3914.5503332714334,3914.5503332714334,0.0,0.0,0.0,1.4810502488509167e+23,0.0
331,3902.3005329781954,3902.3005329781954,0.0,0.0,0.0,1.4810502488509167e+23,0.0
332,3890.120450711924,3890.120450711924,0.0,0.0,0.0,1.4810502488509167e+23,0.0
333,3878.009468244097,3878.009468244097,0.0,0.0,0.0,1.4810502488509167e+23,0.0
334,3865.96697468269,3865.96697468269,0.0,0.0,0.0,1.4810502488509167e+23,0.0
335,3853.9923663635323,3853.9923663635323,0.0,0.0,0.0,1.4810502488509167e+23,0.0
336,3842.0850467435957,3842.0850467435957,0.0,0.0,0.0,1.4810502488509167e+23,0.0
337,3830.244426296162,3830.244426296162,0.0,0.0,0.0,1.4810502488509167e+23,0.0
338,3818.469922407846,3818.469922407846,0.0,0.0,0.0,1.4810502488509167e+23,0.0
339,3806.7609592774293,3806.7609592774293,0.0,0.0,0.0,1.4810502488509167e+23,0.0
340,3795.1169678164642,3795.1169678164642,0.0,0.0,0.0,1.4810502488509167e+23,0.0
341,3783.537385551616,3783.537385551616,0.0,0.0,0.0,1.4810502488509167e+23,0.0
342,3772.0216565287074,3772.0216565287074,0.0,0.0,0.0,1.4810502488509167e+23,0.0
343,3760.5692312184324,3760.5692312184324,0.0,0.0,0.0,1.4810502488509167e+23,0.0
344,3749.179566423702,3749.179566423702,0.0,0.0,0.0,1.4810502488509167e+23,0.0
345,3737.852125188589,3737.852125188589,0.0,0.0,0.0,1.4810502488509167e+23,0.0
346,3726.586376708843,3726.586376708843,0.0,0.0,0.0,1.4810502488509167e+23,0.0
347,3715.381796243948,3715.381796243948,0.0,0.0,0.0,1.4810502488509167e+23,0.0
348,3704.237865030674,3704.237865030674,0.0,0.0,0.0,1.4810502488509167e+23,0.0
349,3693.154070198114,3693.154070198114,0.0,0.0,0.0,1.4810502488509167e+23,0.0
350,3682.12990468417,3682.12990468417,0.0,0.0,0.0,1.4810502488509167e+23,0.0
351,3671.164867153447,3671.164867153447,0.0,0.0,0.0,1.4810502488509167e+23,0.0
352,3660.258461916549,3660.258461916549,0.0,0.0,0.0,1.4810502488509167e+23,0.0
353,3649.410198850727,3649.410198850727,0.0,0.0,0.0,1.4810502488509167e+23,0.0
354,3638.619593321871,3638.619593321871,0.0,0.0,0.0,1.4810502488509167e+23,0.0
355,3627.8861661078104,3627.8861661078104,0.0,0.0,0.0,1.4810502488509167e+23,0.0
356,3617.209443322892,3617.209443322892,0.0,0.0,0.0,1.4810502488509167e+23,0.0
357,3606.588956343828,3606.588956343828,0.0,0.0,0.0,1.4810502488509167e+23,0.0
358,3596.024241736771,3596.024241736771,0.0,0.0,0.0,1.4810502488509167e+23,0.0
359,3585.514841185595,3585.514841185595,0.0,0.0,0.0,1.4810502488509167e+23,0.0
360,3575.060301421383,3575.060301421383,0.0,0.0,0.0,1.4810502488509167e+23,0.0
361,3564.660174153058,3564.660174153058,0.0,0.0,0.0,1.4810502488509167e+23,0.0
362,3554.3140159991653,3554.3140159991653,0.0,0.0,0.0,1.4810502488509167e+23,0.0
363,3544.0213884207747,3544.0213884207747,0.0,0.0,0.0,1.4810502488509167e+23,0.0
364,3533.781857655482,3533.781857655482,0.0,0.0,0.0,1.4810502488509167e+23,0.0
365,3523.594994652487,3523.594994652487,0.0,0.0,0.0,1.4810502488509167e+23,0.0
366,3513.460375008726,3513.460375008726,0.0,0.0,0.0,1.4810502488509167e+23,0.0
367,3503.3775789060473,3503.3775789060473,0.0,0.0,0.0,1.4810502488509167e+23,0.0
368,3493.3461910494043,3493.3461910494043,0.0,0.0,0.0,1.4810502488509167e+23,0.0
369,3483.3658006060336,3483.3658006060336,0.0,0.0,0.0,1.4810502488509167e+23,0.0
370,3473.4360011456347,3473.4360011456347,0.0,0.0,0.0,1.4810502488509167e+23,0.0
371,3463.556390581496,3463.556390581496,0.0,0.0,0.0,1.4810502488509167e+23,0.0
372,3453.726571112561,3453.726571112561,0.0,0.0,0.0,1.4810502488509167e+23,0.0
373,3443.946149166437,3443.946149166437,0.0,0.0,0.0,1.4810502488509167e+23,0.0
374,3434.214735343295,3434.214735343295,0.0,0.0,0.0,1.4810502488509167e+23,0.0
375,3424.53194436067,3424.53194436067,0.0,0.0,0.0,1.4810502488509167e+23,0.0
376,3414.897394999136,3414.897394999136,0.0,0.0,0.0,1.4810502488509167e+23,0.0
377,3405.310710048835,3405.310710048835,0.0,0.0,0.0,1.4810502488509167e+23,0.0
378,3395.7715162568547,3395.7715162568547,0.0,0.0,0.0,1.4810502488509167e+23,0.0
379,3386.2794442754343,3386.2794442754343,0.0,0.0,0.0,1.4810502488509167e+23,0.0
380,3376.834128610972,3376.834128610972,0.0,0.0,0.0,1.4810502488509167e+23,0.0
381,3367.4352075738466,3367.4352075738466,0.0,0.0,0.0,1.4810502488509167e+23,0.0
382,3358.082323229011,3358.082323229011,0.0,0.0,0.0,1.4810502488509167e+23,0.0
383,3348.7751213473525,3348.7751213473525,0.0,0.0,0.0,1.4810502488509167e+23,0.0
384,3339.5132513578214,3339.5132513578214,0.0,0.0,0.0,1.4810502488509167e+23,0.0
385,3330.2963663002834,3330.2963663002834,0.0,0.0,0.0,1.4810502488509167e+23,0.0
386,3321.1241227791165,3321.1241227791165,0.0,0.0,0.0,1.4810502488509167e+23,0.0
387,3311.9961809175093,3311.9961809175093,0.0,0.0,0.0,1.4810502488509167e+23,0.0
388,3302.912204312468,3302.912204312468,0.0,0.0,0.0,1.4810502488509167e+23,0.0
389,3293.871859990516,3293.871859990516,0.0,0.0,0.0,1.4810502488509167e+23,0.0
390,3284.874818364059,3284.874818364059,0.0,0.0,0.0,1.4810502488509167e+23,0.0
391,3275.9207531884294,3275.9207531884294,0.0,0.0,0.0,1.4810502488509167e+23,0.0
392,3267.009341519572,3267.009341519572,0.0,0.0,0.0,1.4810502488509167e+23,0.0
393,3258.1402636723788,3258.1402636723788,0.0,0.0,0.0,1.4810502488509167e+23,0.0
394,3249.3132031796517,3249.3132031796517,0.0,0.0,0.0,1.4810502488509167e+23,0.0
395,3240.527846751686,3240.527846751686,0.0,0.0,0.0,1.4810502488509167e+23,0.0
396,3231.783884236454,3231.783884236454,0.0,0.0,0.0,1.4810502488509167e+23,0.0
397,3223.081008580403,3223.081008580403,0.0,0.0,0.0,1.4810502488509167e+23,0.0
398,3214.418915789821,3214.418915789821,0.0,0.0,0.0,1.4810502488509167e+23,0.0
399,3205.797304892797,3205.797304892797,0.0,0.0,0.0,1.4810502488509167e+23,0.0
400,3197.215877901736,3197.215877901736,0.0,0.0,0.0,1.4810502488509167e+23,0.0
401,3188.6743397764326,3188.6743397764326,0.0,0.0,0.0,1.4810502488509167e+23,0.0
402,3180.172398387702,3180.172398387702,0.0,0.0,0.0,1.4810502488509167e+23,0.0
403,3171.7097644815344,3171.7097644815344,0.0,0.0,0.0,1.4810502488509167e+23,0.0
404,3163.2861516437915,3163.2861516437915,0.0,0.0,0.0,1.4810502488509167e+23,0.0
405,3154.901276265413,3154.901276265413,0.0,0.0,0.0,1.4810502488509167e+23,0.0
406,3146.554857508138,3146.554857508138,0.0,0.0,0.0,1.4810502488509167e+23,0.0
407,3138.2466172707286,3138.2466172707286,0.0,0.0,0.0,1.4810502488509167e+23,0.0
408,3129.976280155687,3129.976280155687,0.0,0.0,0.0,1.4810502488509167e+23,0.0
409,3121.743573436454,3121.743573436454,0.0,0.0,0.0,1.4810502488509167e+23,0.0
410,3113.548227025092,3113.548227025092,0.0,0.0,0.0,1.4810502488509167e+23,0.0
411,3105.389973440424,3105.389973440424,0.0,0.0,0.0,1.4810502488509167e+23,0.0
412,3097.2685477766513,3097.2685477766513,0.0,0.0,0.0,1.4810502488509167e+23,0.0
413,3089.1836876724083,3089.1836876724083,0.0,0.0,0.0,1.4810502488509167e+23,0.0
414,3081.135133280267,3081.135133280267,0.0,0.0,0.0,1.4810502488509167e+23,0.0
415,3073.1226272366866,3073.1226272366866,0.0,0.0,0.0,1.4810502488509167e+23,0.0
416,3065.145914632385,3065.145914632385,0.0,0.0,0.0,1.4810502488509167e+23,0.0
417,3057.204742983138,3057.204742983138,0.0,0.0,0.0,1.4810502488509167e+23,0.0
418,3049.298862200993,3049.298862200993,0.0,0.0,0.0,1.4810502488509167e+23,0.0
419,3041.428024565893,3041.428024565893,0.0,0.0,0.0,1.4810502488509167e+23,0.0
420,3033.5919846977063,3033.5919846977063,0.0,0.0,0.0,1.4810502488509167e+23,0.0
421,3025.7904995286463,3025.7904995286463,0.0,0.0,0.0,1.4810502488509167e+23,0.0
422,3018.0233282760837,3018.0233282760837,0.0,0.0,0.0,1.4810502488509167e+23,0.0
423,3010.2902324157453,3010.2902324157453,0.0,0.0,0.0,1.4810502488509167e+23,0.0
424,3002.590975655282,3002.590975655282,0.0,0.0,0.0,1.4810502488509167e+23,0.0
425,2994.925323908215,2994.925323908215,0.0,0.0,0.0,1.4810502488509167e+23,0.0
426,2987.2930452682417,2987.2930452682417,0.0,0.0,0.0,1.4810502488509167e+23,0.0
427,2979.693909983901,2979.693909983901,0.0,0.0,0.0,1.4810502488509167e+23,0.0
428,2972.127690433596,2972.127690433596,0.0,0.0,0.0,1.4810502488509167e+23,0.0
429,2964.5941611009544,2964.5941611009544,0.0,0.0,0.0,1.4810502488509167e+23,0.0
430,2957.0930985505397,2957.0930985505397,0.0,0.0,0.0,1.4810502488509167e+23,0.0
431,2949.6242814038937,2949.6242814038937,0.0,0.0,0.0,1.4810502488509167e+23,0.0
432,2942.1874903159114,2942.1874903159114,0.0,0.0,0.0,1.4810502488509167e+23,0.0
433,2934.7825079515374,2934.7825079515374,0.0,0.0,0.0,1.4810502488509167e+23,0.0
434,2927.4091189627884,2927.4091189627884,0.0,0.0,0.0,1.4810502488509167e+23,0.0
435,2920.0671099660826,2920.0671099660826,0.0,0.0,0.0,1.4810502488509167e+23,0.0
436,2912.7562695198917,2912.7562695198917,0.0,0.0,0.0,1.4810502488509167e+23,0.0
437,2905.476388102679,2905.476388102679,0.0,0.0,0.0,1.4810502488509167e+23,0.0
438,2898.2272580911554,2898.2272580911554,0.0,0.0,0.0,1.4810502488509167e+23,0.0
439,2891.0086737388256,2891.0086737388256,0.0,0.0,0.0,1.4810502488509167e+23,0.0
440,2883.8204311548134,2883.8204311548134,0.0,0.0,0.0,1.4810502488509167e+23,0.0
441,2876.6623282829923,2876.6623282829923,0.0,0.0,0.0,1.4810502488509167e+23,0.0
442,2869.5341648813824,2869.5341648813824,0.0,0.0,0.0,1.4810502488509167e+23,0.0
443,2862.4357425018334,2862.4357425018334,0.0,0.0,0.0,1.4810502488509167e+23,0.0
444,2855.3668644699724,2855.3668644699724,0.0,0.0,0.0,1.4810502488509167e+23,0.0
445,2848.3273358654287,2848.3273358654287,0.0,0.0,0.0,1.4810502488509167e+23,0.0
446,2841.31696350232,2841.31696350232,0.0,0.0,0.0,1.4810502488509167e+23,0.0
447,2834.335555909992,2834.335555909992,0.0,0.0,0.0,1.4810502488509167e+23,0.0
448,2827.3829233140264,2827.3829233140264,0.0,0.0,0.0,1.4810502488509167e+23,0.0
449,2820.4588776174883,2820.4588776174883,0.0,0.0,0.0,1.4810502488509167e+23,0.0
450,2813.5632323824366,2813.5632323824366,0.0,0.0,0.0,1.4810502488509167e+23,0.0
451,2806.695802811662,2806.695802811662,0.0,0.0,0.0,1.4810502488509167e+23,0.0
452,2799.8564057306785,2799.8564057306785,0.0,0.0,0.0,1.4810502488509167e+23,0.0
453,2793.0448595699486,2793.0448595699486,0.0,0.0,0.0,1.4810502488509167e+23,0.0
454,2786.2609843473383,2786.2609843473383,0.0,0.0,0.0,1.4810502488509167e+23,0.0
455,2779.5046016508045,2779.5046016508045,0.0,0.0,0.0,1.4810502488509167e+23,0.0
456,2772.775534621311,2772.775534621311,0.0,0.0,0.0,1.4810502488509167e+23,0.0
457,2766.073607935965,2766.073607935965,0.0,0.0,0.0,1.4810502488509167e+23,0.0
458,2759.3986477913677,2759.3986477913677,0.0,0.0,0.0,1.4810502488509167e+23,0.0
459,2752.7504818871953,2752.7504818871953,0.0,0.0,0.0,1.4810502488509167e+23,0.0
460,2746.128939409976,2746.128939409976,0.0,0.0,0.0,1.4810502488509167e+23,0.0
461,2739.533851017088,2739.533851017088,0.0,0.0,0.0,1.4810502488509167e+23,0.0
462,2732.965048820962,2732.965048820962,0.0,0.0,0.0,1.4810502488509167e+23,0.0
463,2726.422366373484,2726.422366373484,0.0,0.0,0.0,1.4810502488509167e+23,0.0
464,2719.9056386505977,2719.9056386505977,0.0,0.0,0.0,1.4810502488509167e+23,0.0
465,2713.414702037111,2713.414702037111,0.0,0.0,0.0,1.4810502488509167e+23,0.0
466,2706.949394311692,2706.949394311692,0.0,0.0,0.0,1.4810502488509167e+23,0.0
467,2700.5095546320526,2700.5095546320526,0.0,0.0,0.0,1.4810502488509167e+23,0.0
468,2694.0950235203295,2694.0950235203295,0.0,0.0,0.0,1.4810502488509167e+23,0.0
469,2687.7056428486467,2687.7056428486467,0.0,0.0,0.0,1.4810502488509167e+23,0.0
470,2681.3412558248588,2681.3412558248588,0.0,0.0,0.0,1.4810502488509167e+23,0.0
471,2675.001706978476,2675.001706978476,0.0,0.0,0.0,1.4810502488509167e+23,0.0
472,2668.6868421467734,2668.6868421467734,0.0,0.0,0.0,1.4810502488509167e+23,0.0
473,2662.396508461064,2662.396508461064,0.0,0.0,0.0,1.4810502488509167e+23,0.0
474,2656.1305543331523,2656.1305543331523,0.0,0.0,0.0,1.4810502488509167e+23,0.0
475,2649.8888294419557,2649.8888294419557,0.0,0.0,0.0,1.4810502488509167e+23,0.0
476,2643.6711847202937,2643.6711847202937,0.0,0.0,0.0,1.4810502488509167e+23,0.0
477,2637.4774723418404,2637.4774723418404,0.0,0.0,0.0,1.4810502488509167e+23,0.0
478,2631.307545708242,2631.307545708242,0.0,0.0,0.0,1.4810502488509167e+23,0.0
479,2625.161259436395,2625.161259436395,0.0,0.0,0.0,1.4810502488509167e+23,0.0
480,2619.038469345879,2619.038469345879,0.0,0.0,0.0,1.4810502488509167e+23,0.0
481,2612.9390324465476,2612.9390324465476,0.0,0.0,0.0,1.4810502488509167e+23,0.0
482,2606.8628069262736,2606.8628069262736,0.0,0.0,0.0,1.4810502488509167e+23,0.0
483,2600.809652138844,2600.809652138844,0.0,0.0,0.0,1.4810502488509167e+23,0.0
484,2594.779428592004,2594.779428592004,0.0,0.0,0.0,1.4810502488509167e+23,0.0
485,2588.7719979356466,2588.7719979356466,0.0,0.0,0.0,1.4810502488509167e+23,0.0
486,2582.7872229501536,2582.7872229501536,0.0,0.0,0.0,1.4810502488509167e+23,0.0
487,2576.824967534868,2576.824967534868,0.0,0.0,0.0,1.4810502488509167e+23,0.0
488,2570.885096696719,2570.885096696719,0.0,0.0,0.0,1.4810502488509167e+23,0.0
489,2564.9674765389773,2564.9674765389773,0.0,0.0,0.0,1.4810502488509167e+23,0.0
490,2559.0719742501515,2559.0719742501515,0.0,0.0,0.0,1.4810502488509167e+23,0.0
491,2553.1984580930152,2553.1984580930152,0.0,0.0,0.0,1.4810502488509167e+23,0.0
492,2547.3467973937754,2547.3467973937754,0.0,0.0,0.0,1.4810502488509167e+23,0.0
493,2541.516862531359,2541.516862531359,0.0,0.0,0.0,1.4810502488509167e+23,0.0
494,2535.708524926843,2535.708524926843,0.0,0.0,0.0,1.4810502488509167e+23,0.0
495,2529.9216570329986,2529.9216570329986,0.0,0.0,0.0,1.4810502488509167e+23,0.0
496,2524.15613232397,2524.15613232397,0.0,0.0,0.0,1.4810502488509167e+23,0.0
497,2518.411825285074,2518.411825285074,0.0,0.0,0.0,1.4810502488509167e+23,0.0
498,2512.688611402722,2512.688611402722,0.0,0.0,0.0,1.4810502488509167e+23,0.0
499,2506.9863671544604,2506.9863671544604,0.0,0.0,0.0,1.4810502488509167e+23,0.0
500,2501.304969999132,2501.304969999132,0.0,0.0,0.0,1.4810502488509167e+23,0.0
501,2495.6442983671573,2495.6442983671573,0.0,0.0,0.0,1.4810502488509167e+23,0.0
502,2490.0042316509207,2490.0042316509207,0.0,0.0,0.0,1.4810502488509167e+23,0.0
503,2484.384650195285,2484.384650195285,0.0,0.0,0.0,1.4810502488509167e+23,0.0
504,2478.785435288205,2478.785435288205,0.0,0.0,0.0,1.4810502488509167e+23,0.0
505,2473.206469151463,2473.206469151463,0.0,0.0,0.0,1.4810502488509167e+23,0.0
506,2467.6476349315026,2467.6476349315026,0.0,0.0,0.0,1.4810502488509167e+23,0.0
507,2462.108816690379,2462.108816690379,0.0,0.0,0.0,1.4810502488509167e+23,0.0
508,2456.589899396813,2456.589899396813,0.0,0.0,0.0,1.4810502488509167e+23,0.0
509,2451.0907689173455,2451.0907689173455,0.0,0.0,0.0,1.4810502488509167e+23,0.0
510,2445.6113120076006,2445.6113120076006,0.0,0.0,0.0,1.4810502488509167e+23,0.0
511,2440.1514163036504,2440.1514163036504,0.0,0.0,0.0,1.4810502488509167e+23,0.0
512,2434.7109703134765,2434.7109703134765,0.0,0.0,0.0,1.4810502488509167e+23,0.0
513,2429.289863408534,2429.289863408534,0.0,0.0,0.0,1.4810502488509167e+23,0.0
514,2423.887985815412,2423.887985815412,0.0,0.0,0.0,1.4810502488509167e+23,0.0
515,2418.5052286075897,2418.5052286075897,0.0,0.0,0.0,1.4810502488509167e+23,0.0
516,2413.141483697291,2413.141483697291,0.0,0.0,0.0,1.4810502488509167e+23,0.0
517,2407.7966438274307,2407.7966438274307,0.0,0.0,0.0,1.4810502488509167e+23,0.0
518,2402.4706025636515,2402.4706025636515,0.0,0.0,0.0,1.4810502488509167e+23,0.0
519,2397.163254286457,2397.163254286457,0.0,0.0,0.0,1.4810502488509167e+23,0.0
520,2391.874494183429,2391.874494183429,0.0,0.0,0.0,1.4810502488509167e+23,0.0
521,2386.6042182415426,2386.6042182415426,0.0,0.0,0.0,1.4810502488509167e+23,0.0
522,2381.3523232395582,2381.3523232395582,0.0,0.0,0.0,1.4810502488509167e+23,0.0
523,2376.1187067405076,2376.1187067405076,0.0,0.0,0.0,1.4810502488509167e+23,0.0
524,2370.9032670842676,2370.9032670842676,0.0,0.0,0.0,1.4810502488509167e+23,0.0
525,2365.7059033802057,2365.7059033802057,0.0,0.0,0.0,1.4810502488509167e+23,0.0
526,2360.526515499924,2360.526515499924,0.0,0.0,0.0,1.4810502488509167e+23,0.0
527,2355.3650040700772,2355.3650040700772,0.0,0.0,0.0,1.4810502488509167e+23,0.0
528,2350.2212704652716,2350.2212704652716,0.0,0.0,0.0,1.4810502488509167e+23,0.0
529,2345.095216801046,2345.095216801046,0.0,0.0,0.0,1.4810502488509167e+23,0.0
530,2339.986745926932,2339.986745926932,0.0,0.0,0.0,1.4810502488509167e+23,0.0
531,2334.89576141959,2334.89576141959,0.0,0.0,0.0,1.4810502488509167e+23,0.0
532,2329.822167576024,2329.822167576024,0.0,0.0,0.0,1.4810502488509167e+23,0.0
533,2324.765869406872,2324.765869406872,0.0,0.0,0.0,1.4810502488509167e+23,0.0
534,2319.726772629768,2319.726772629768,0.0,0.0,0.0,1.4810502488509167e+23,0.0
535,2314.704783662787,2314.704783662787,0.0,0.0,0.0,1.4810502488509167e+23,0.0
536,2309.6998096179505,2309.6998096179505,0.0,0.0,0.0,1.4810502488509167e+23,0.0
537,2304.7117582948126,2304.7117582948126,0.0,0.0,0.0,1.4810502488509167e+23,0.0
538,2299.7405381741164,2299.7405381741164,0.0,0.0,0.0,1.4810502488509167e+23,0.0
539,2294.7860584115156,2294.7860584115156,0.0,0.0,0.0,1.4810502488509167e+23,0.0
540,2289.8482288313735,2289.8482288313735,0.0,0.0,0.0,1.4810502488509167e+23,0.0
541,2284.926959920621,2284.926959920621,0.0,0.0,0.0,1.4810502488509167e+23,0.0
542,2280.02216282269,2280.02216282269,0.0,0.0,0.0,1.4810502488509167e+23,0.0
543,2275.1337493315077,2275.1337493315077,0.0,0.0,0.0,1.4810502488509167e+23,0.0
544,2270.261631885561,2270.261631885561,0.0,0.0,0.0,1.4810502488509167e+23,0.0
545,2265.4057235620244,2265.4057235620244,0.0,0.0,0.0,1.4810502488509167e+23,0.0
546,2260.5659380709476,2260.5659380709476,0.0,0.0,0.0,1.4810502488509167e+23,0.0
547,2255.7421897495165,2255.7421897495165,0.0,0.0,0.0,1.4810502488509167e+23,0.0
548,2250.934393556365,2250.934393556365,0.0,0.0,0.0,1.4810502488509167e+23,0.0
549,2246.1424650659583,2246.1424650659583,0.0,0.0,0.0,1.4810502488509167e+23,0.0
550,2241.3663204630298,2241.3663204630298,0.0,0.0,0.0,1.4810502488509167e+23,0.0
551,2236.6058765370817,2236.6058765370817,0.0,0.0,0.0,1.4810502488509167e+23,0.0
552,2231.8610506769464,2231.8610506769464,0.0,0.0,0.0,1.4810502488509167e+23,0.0
553,2227.131760865403,2227.131760865403,0.0,0.0,0.0,1.4810502488509167e+23,0.0
554,2222.417925673853,2222.417925673853,0.0,0.0,0.0,1.4810502488509167e+23,0.0
555,2217.719464257054,2217.719464257054,0.0,0.0,0.0,1.4810502488509167e+23,0.0
556,2213.0362963479115,2213.0362963479115,0.0,0.0,0.0,1.4810502488509167e+23,0.0
557,2208.3683422523195,2208.3683422523195,0.0,0.0,0.0,1.4810502488509167e+23,0.0
558,2203.7155228440656,2203.7155228440656,0.0,0.0,0.0,1.4810502488509167e+23,0.0
559,2199.0777595597833,2199.0777595597833,0.0,0.0,0.0,1.4810502488509167e+23,0.0
560,2194.4549743939606,2194.4549743939606,0.0,0.0,0.0,1.4810502488509167e+23,0.0
561,2189.847089894003,2189.847089894003,0.0,0.0,0.0,1.4810502488509167e+23,0.0
562,2185.254029155346,2185.254029155346,0.0,0.0,0.0,1.4810502488509167e+23,0.0
563,2180.675715816622,2180.675715816622,0.0,0.0,0.0,1.4810502488509167e+23,0.0
564,2176.112074054876,2176.112074054876,0.0,0.0,0.0,1.4810502488509167e+23,0.0
565,2171.5630285808315,2171.5630285808315,0.0,0.0,0.0,1.4810502488509167e+23,0.0
566,2167.0285046342124,2167.0285046342124,0.0,0.0,0.0,1.4810502488509167e+23,0.0
567,2162.5084279791035,2162.5084279791035,0.0,0.0,0.0,1.4810502488509167e+23,0.0
568,2158.0027248993683,2158.0027248993683,0.0,0.0,0.0,1.4810502488509167e+23,0.0
569,2153.5113221941115,2153.5113221941115,0.0,0.0,0.0,1.4810502488509167e+23,0.0
570,2149.034147173191,2149.034147173191,0.0,0.0,0.0,1.4810502488509167e+23,0.0
571,2144.5711276527695,2144.5711276527695,0.0,0.0,0.0,1.4810502488509167e+23,0.0
572,2140.1221919509258,2140.1221919509258,0.0,0.0,0.0,1.4810502488509167e+23,0.0
573,2135.687268883299,2135.687268883299,0.0,0.0,0.0,1.4810502488509167e+23,0.0
574,2131.266287758783,2131.266287758783,0.0,0.0,0.0,1.4810502488509167e+23,0.0
575,2126.859178375268,2126.859178375268,0.0,0.0,0.0,1.4810502488509167e+23,0.0
576,2122.4658710154213,2122.4658710154213,0.0,0.0,0.0,1.4810502488509167e+23,0.0
577,2118.086296442515,2118.086296442515,0.0,0.0,0.0,1.4810502488509167e+23,0.0
578,2113.7203858962953,2113.7203858962953,0.0,0.0,0.0,1.4810502488509167e+23,0.0
579,2109.368071088896,2109.368071088896,0.0,0.0,0.0,1.4810502488509167e+23,0.0
580,2105.0292842007916,2105.0292842007916,0.0,0.0,0.0,1.4810502488509167e+23,0.0
581,2100.7039578767913,2100.7039578767913,0.0,0.0,0.0,1.4810502488509167e+23,0.0
582,2096.3920252220805,2096.3920252220805,0.0,0.0,0.0,1.4810502488509167e+23,0.0
583,2092.0934197982933,2092.0934197982933,0.0,0.0,0.0,1.4810502488509167e+23,0.0
584,2087.8080756196314,2087.8080756196314,0.0,0.0,0.0,1.4810502488509167e+23,0.0
585,2083.535927149023,2083.535927149023,0.0,0.0,0.0,1.4810502488509167e+23,0.0
586,2079.2769092943154,2079.2769092943154,0.0,0.0,0.0,1.4810502488509167e+23,0.0
587,2075.0309574045114,2075.0309574045114,0.0,0.0,0.0,1.4810502488509167e+23,0.0
588,2070.7980072660416,2070.7980072660416,0.0,0.0,0.0,1.4810502488509167e+23,0.0
589,2066.577995099076,2066.577995099076,0.0,0.0,0.0,1.4810502488509167e+23,0.0
590,2062.3708575538694,2062.3708575538694,0.0,0.0,0.0,1.4810502488509167e+23,0.0
591,2058.1765317071477,2058.1765317071477,0.0,0.0,0.0,1.4810502488509167e+23,0.0
592,2053.994955058529,2053.994955058529,0.0,0.0,0.0,1.4810502488509167e+23,0.0
593,2049.8260655269787,2049.8260655269787,0.0,0.0,0.0,1.4810502488509167e+23,0.0
594,2045.6698014473034,2045.6698014473034,0.0,0.0,0.0,1.4810502488509167e+23,0.0
595,2041.5261015666792,2041.5261015666792,0.0,0.0,0.0,1.4810502488509167e+23,0.0
596,2037.3949050412123,2037.3949050412123,0.0,0.0,0.0,1.4810502488509167e+23,0.0
597,2033.2761514325355,2033.2761514325355,0.0,0.0,0.0,1.4810502488509167e+23,0.0
598,2029.1697807044416,2029.1697807044416,0.0,0.0,0.0,1.4810502488509167e+23,0.0
599,2025.075733219544,2025.075733219544,0.0,0.0,0.0,1.4810502488509167e+23,0.0
600,2020.993949735976,2020.993949735976,0.0,0.0,0.0,1.4810502488509167e+23,0.0
601,2016.9243714041195,2016.9243714041195,0.0,0.0,0.0,1.4810502488509167e+23,0.0
602,2012.8669397633698,2012.8669397633698,0.0,0.0,0.0,1.4810502488509167e+23,0.0
603,2008.8215967389265,2008.8215967389265,0.0,0.0,0.0,1.4810502488509167e+23,0.0
604,2004.7882846386217,2004.7882846386217,0.0,0.0,0.0,1.4810502488509167e+23,0.0
605,2000.7669461497767,2000.7669461497767,0.0,0.0,0.0,1.4810502488509167e+23,0.0
606,1996.7575243360907,1996.7575243360907,0.0,0.0,0.0,1.4810502488509167e+23,0.0
607,1992.7599626345577,1992.7599626345577,0.0,0.0,0.0,1.4810502488509167e+23,0.0
608,1988.774204852419,1988.774204852419,0.0,0.0,0.0,1.4810502488509167e+23,0.0
609,1984.8001951641368,1984.8001951641368,0.0,0.0,0.0,1.4810502488509167e+23,0.0
610,1980.8378781084073,1980.8378781084073,0.0,0.0,0.0,1.4810502488509167e+23,0.0
611,1976.8871985851965,1976.8871985851965,0.0,0.0,0.0,1.4810502488509167e+23,0.0
612,1972.9481018528045,1972.9481018528045,0.0,0.0,0.0,1.4810502488509167e+23,0.0
613,1969.0205335249632,1969.0205335249632,0.0,0.0,0.0,1.4810502488509167e+23,0.0
614,1965.1044395679587,1965.1044395679587,0.0,0.0,0.0,1.4810502488509167e+23,0.0
615,1961.1997662977815,1961.1997662977815,0.0,0.0,0.0,1.4810502488509167e+23,0.0
616,1957.306460377304,1957.306460377304,0.0,0.0,0.0,1.4810502488509167e+23,0.0
617,1953.4244688134888,1953.4244688134888,0.0,0.0,0.0,1.4810502488509167e+23,0.0
618,1949.5537389546207,1949.5537389546207,0.0,0.0,0.0,1.4810502488509167e+23,0.0
619,1945.694218487564,1945.694218487564,0.0,0.0,0.0,1.4810502488509167e+23,0.0
620,1941.84585543505,1941.84585543505,0.0,0.0,0.0,1.4810502488509167e+23,0.0
621,1938.0085981529894,1938.0085981529894,0.0,0.0,0.0,1.4810502488509167e+23,0.0
622,1934.1823953278079,1934.1823953278079,0.0,0.0,0.0,1.4810502488509167e+23,0.0
623,1930.3671959738087,1930.3671959738087,0.0,0.0,0.0,1.4810502488509167e+23,0.0
624,1926.5629494305654,1926.5629494305654,0.0,0.0,0.0,1.4810502488509167e+23,0.0
625,1922.7696053603281,1922.7696053603281,0.0,0.0,0.0,1.4810502488509167e+23,0.0
626,1918.9871137454668,1918.9871137454668,0.0,0.0,0.0,1.4810502488509167e+23,0.0
627,1915.2154248859304,1915.2154248859304,0.0,0.0,0.0,1.4810502488509167e+23,0.0
628,1911.4544893967338,1911.4544893967338,0.0,0.0,0.0,1.4810502488509167e+23,0.0
629,1907.7042582054676,1907.7042582054676,0.0,0.0,0.0,1.4810502488509167e+23,0.0
630,1903.9646825498323,1903.9646825498323,0.0,0.0,0.0,1.4810502488509167e+23,0.0
631,1900.2357139751944,1900.2357139751944,0.0,0.0,0.0,1.4810502488509167e+23,0.0
632,1896.5173043321647,1896.5173043321647,0.0,0.0,0.0,1.4810502488509167e+23,0.0
633,1892.8094057742055,1892.8094057742055,0.0,0.0,0.0,1.4810502488509167e+23,0.0
634,1889.111970755251,1889.111970755251,0.0,0.0,0.0,1.4810502488509167e+23,0.0
635,1885.424952027356,1885.424952027356,0.0,0.0,0.0,1.4810502488509167e+23,0.0
636,1881.748302638368,1881.748302638368,0.0,0.0,0.0,1.4810502488509167e+23,0.0
637,1878.0819759296153,1878.0819759296153,0.0,0.0,0.0,1.4810502488509167e+23,0.0
638,1874.4259255336215,1874.4259255336215,0.0,0.0,0.0,1.4810502488509167e+23,0.0
639,1870.7801053718376,1870.7801053718376,0.0,0.0,0.0,1.4810502488509167e+23,0.0
640,1867.144469652402,1867.144469652402,0.0,0.0,0.0,1.4810502488509167e+23,0.0
641,1863.518972867911,1863.518972867911,0.0,0.0,0.0,1.4810502488509167e+23,0.0
642,1859.90356979322,1859.90356979322,0.0,0.0,0.0,1.4810502488509167e+23,0.0
643,1856.2982154832573,1856.2982154832573,0.0,0.0,0.0,1.4810502488509167e+23,0.0
644,1852.702865270866,1852.702865270866,0.0,0.0,0.0,1.4810502488509167e+23,0.0
645,1849.1174747646548,1849.1174747646548,0.0,0.0,0.0,1.4810502488509167e+23,0.0
646,1845.5419998468822,1845.5419998468822,0.0,0.0,0.0,1.4810502488509167e+23,0.0
647,1841.9763966713488,1841.9763966713488,0.0,0.0,0.0,1.4810502488509167e+23,0.0
648,1838.4206216613154,1838.4206216613154,0.0,0.0,0.0,1.4810502488509167e+23,0.0
649,1834.874631507436,1834.874631507436,0.0,0.0,0.0,1.4810502488509167e+23,0.0
650,1831.3383831657152,1831.3383831657152,0.0,0.0,0.0,1.4810502488509167e+23,0.0
651,1827.8118338554784,1827.8118338554784,0.0,0.0,0.0,1.4810502488509167e+23,0.0
652,1824.2949410573642,1824.2949410573642,0.0,0.0,0.0,1.4810502488509167e+23,0.0
653,1820.7876625113338,1820.7876625113338,0.0,0.0,0.0,1.4810502488509167e+23,0.0
654,1817.2899562147004,1817.2899562147004,0.0,0.0,0.0,1.4810502488509167e+23,0.0
655,1813.8017804201722,1813.8017804201722,0.0,0.0,0.0,1.4810502488509167e+23,0.0
656,1810.3230936339187,1810.3230936339187,0.0,0.0,0.0,1.4810502488509167e+23,0.0
657,1806.8538546136504,1806.8538546136504,0.0,0.0,0.0,1.4810502488509167e+23,0.0
658,1803.3940223667175,1803.3940223667175,0.0,0.0,0.0,1.4810502488509167e+23,0.0
659,1799.9435561482262,1799.9435561482262,0.0,0.0,0.0,1.4810502488509167e+23,0.0
660,1796.5024154591708,1796.5024154591708,0.0,0.0,0.0,1.4810502488509167e+23,0.0
661,1793.070560044583,1793.070560044583,0.0,0.0,0.0,1.4810502488509167e+23,0.0
662,1789.6479498916997,1789.6479498916997,0.0,0.0,0.0,1.4810502488509167e+23,0.0
663,1786.2345452281436,1786.2345452281436,0.0,0.0,0.0,1.4810502488509167e+23,0.0
664,1782.8303065201246,1782.8303065201246,0.0,0.0,0.0,1.4810502488509167e+23,0.0
665,1779.4351944706516,1779.4351944706516,0.0,0.0,0.0,1.4810502488509167e+23,0.0
666,1776.0491700177681,1776.0491700177681,0.0,0.0,0.0,1.4810502488509167e+23,0.0
667,1772.6721943327952,1772.6721943327952,0.0,0.0,0.0,1.4810502488509167e+23,0.0
668,1769.3042288185968,1769.3042288185968,0.0,0.0,0.0,1.4810502488509167e+23,0.0
669,1765.945235107855,1765.945235107855,0.0,0.0,0.0,1.4810502488509167e+23,0.0
670,1762.5951750613667,1762.5951750613667,0.0,0.0,0.0,1.4810502488509167e+23,0.0
671,1759.2540107663503,1759.2540107663503,0.0,0.0,0.0,1.4810502488509167e+23,0.0
672,1755.921704534768,1755.921704534768,0.0,0.0,0.0,1.4810502488509167e+23,0.0
673,1752.5982189016681,1752.5982189016681,0.0,0.0,0.0,1.4810502488509167e+23,0.0
674,1749.2835166235348,1749.2835166235348,0.0,0.0,0.0,1.4810502488509167e+23,0.0
675,1745.9775606766545,1745.9775606766545,0.0,0.0,0.0,1.4810502488509167e+23,0.0
676,1742.6803142555038,1742.6803142555038,0.0,0.0,0.0,1.4810502488509167e+23,0.0
677,1739.3917407711394,1739.3917407711394,0.0,0.0,0.0,1.4810502488509167e+23,0.0
678,1736.1118038496113,1736.1118038496113,0.0,0.0,0.0,1.4810502488509167e+23,0.0
679,1732.840467330388,1732.840467330388,0.0,0.0,0.0,1.4810502488509167e+23,0.0
680,1729.5776952647925,1729.5776952647925,0.0,0.0,0.0,1.4810502488509167e+23,0.0
681,1726.3234519144555,1726.3234519144555,0.0,0.0,0.0,1.4810502488509167e+23,0.0
682,1723.0777017497796,1723.0777017497796,0.0,0.0,0.0,1.4810502488509167e+23,0.0
683,1719.8404094484201,1719.8404094484201,0.0,0.0,0.0,1.4810502488509167e+23,0.0
684,1716.6115398937745,1716.6115398937745,0.0,0.0,0.0,1.4810502488509167e+23,0.0
685,1713.391058173489,1713.391058173489,0.0,0.0,0.0,1.4810502488509167e+23,0.0
686,1710.1789295779756,1710.1789295779756,0.0,0.0,0.0,1.4810502488509167e+23,0.0
687,1706.9751195989454,1706.9751195989454,0.0,0.0,0.0,1.4810502488509167e+23,0.0
688,1703.7795939279486,1703.7795939279486,0.0,0.0,0.0,1.4810502488509167e+23,0.0
689,1700.5923184549342,1700.5923184549342,0.0,0.0,0.0,1.4810502488509167e+23,0.0
690,1697.413259266816,1697.413259266816,0.0,0.0,0.0,1.4810502488509167e+23,0.0
691,1694.2423826460563,1694.2423826460563,0.0,0.0,0.0,1.4810502488509167e+23,0.0
692,1691.0796550692564,1691.0796550692564,0.0,0.0,0.0,1.4810502488509167e+23,0.0
693,1687.9250432057645,1687.9250432057645,0.0,0.0,0.0,1.4810502488509167e+23,0.0
694,1684.7785139162913,1684.7785139162913,0.0,0.0,0.0,1.4810502488509167e+23,0.0
695,1681.6400342515399,1681.6400342515399,0.0,0.0,0.0,1.4810502488509167e+23,0.0
696,1678.509571450848,1678.509571450848,0.0,0.0,0.0,1.4810502488509167e+23,0.0
697,1675.387092940837,1675.387092940837,0.0,0.0,0.0,1.4810502488509167e+23,0.0
698,1672.2725663340802,1672.2725663340802,0.0,0.0,0.0,1.4810502488509167e+23,0.0
699,1669.1659594277762,1669.1659594277762,0.0,0.0,0.0,1.4810502488509167e+23,0.0
700,1666.0672402024356,1666.0672402024356,0.0,0.0,0.0,1.4810502488509167e+23,0.0
701,1662.976376820578,1662.976376820578,0.0,0.0,0.0,1.4810502488509167e+23,0.0
702,1659.8933376254445,1659.8933376254445,0.0,0.0,0.0,1.4810502488509167e+23,0.0
703,1656.8180911397137,1656.8180911397137,0.0,0.0,0.0,1.4810502488509167e+23,0.0
704,1653.7506060642347,1653.7506060642347,0.0,0.0,0.0,1.4810502488509167e+23,0.0
705,1650.6908512767682,1650.6908512767682,0.0,0.0,0.0,1.4810502488509167e+23,0.0
706,1647.6387958307373,1647.6387958307373,0.0,0.0,0.0,1.4810502488509167e+23,0.0
707,1644.5944089539923,1644.5944089539923,0.0,0.0,0.0,1.4810502488509167e+23,0.0
708,1641.5576600475824,1641.5576600475824,0.0,0.0,0.0,1.4810502488509167e+23,0.0
709,1638.5285186845392,1638.5285186845392,0.0,0.0,0.0,1.4810502488509167e+23,0.0
710,1635.5069546086709,1635.5069546086709,0.0,0.0,0.0,1.4810502488509167e+23,0.0
711,1632.4929377333647,1632.4929377333647,0.0,0.0,0.0,1.4810502488509167e+23,0.0
712,1629.4864381404016,1629.4864381404016,0.0,0.0,0.0,1.4810502488509167e+23,0.0
713,1626.4874260787806,1626.4874260787806,0.0,0.0,0.0,1.4810502488509167e+23,0.0
714,1623.4958719635497,1623.4958719635497,0.0,0.0,0.0,1.4810502488509167e+23,0.0
715,1620.5117463746524,1620.5117463746524,0.0,0.0,0.0,1.4810502488509167e+23,0.0
716,1617.5350200557782,1617.5350200557782,0.0,0.0,0.0,1.4810502488509167e+23,0.0
717,1614.5656639132242,1614.5656639132242,0.0,0.0,0.0,1.4810502488509167e+23,0.0
718,1611.6036490147703,1611.6036490147703,0.0,0.0,0.0,1.4810502488509167e+23,0.0
719,1608.6489465885566,1608.6489465885566,0.0,0.0,0.0,1.4810502488509167e+23,0.0
720,1605.701528021976,1605.701528021976,0.0,0.0,0.0,1.4810502488509167e+23,0.0
721,1602.7613648605734,1602.7613648605734,0.0,0.0,0.0,1.4810502488509167e+23,0.0
722,1599.8284288069535,1599.8284288069535,0.0,0.0,0.0,1.4810502488509167e+23,0.0
723,1596.9026917197,1596.9026917197,0.0,0.0,0.0,1.4810502488509167e+23,0.0
724,1593.9841256122997,1593.9841256122997,0.0,0.0,0.0,1.4810502488509167e+23,0.0
725,1591.0727026520815,1591.0727026520815,0.0,0.0,0.0,1.4810502488509167e+23,0.0
726,1588.1683951591563,1588.1683951591563,0.0,0.0,0.0,1.4810502488509167e+23,0.0
727,1585.2711756053734,1585.2711756053734,0.0,0.0,0.0,1.4810502488509167e+23,0.0
728,1582.3810166132798,1582.3810166132798,0.0,0.0,0.0,1.4810502488509167e+23,0.0
729,1579.497890955091,1579.497890955091,0.0,0.0,0.0,1.4810502488509167e+23,0.0
730,1576.6217715516675,1576.6217715516675,0.0,0.0,0.0,1.4810502488509167e+23,0.0
731,1573.7526314715044,1573.7526314715044,0.0,0.0,0.0,1.4810502488509167e+23,0.0
732,1570.890443929724,1570.890443929724,0.0,0.0,0.0,1.4810502488509167e+23,0.0
733,1568.0351822870791,1568.0351822870791,0.0,0.0,0.0,1.4810502488509167e+23,0.0
734,1565.1868200489644,1565.1868200489644,0.0,0.0,0.0,1.4810502488509167e+23,0.0
735,1562.3453308644364,1562.3453308644364,0.0,0.0,0.0,1.4810502488509167e+23,0.0
736,1559.5106885252387,1559.5106885252387,0.0,0.0,0.0,1.4810502488509167e+23,0.0
737,1556.6828669648385,1556.6828669648385,0.0,0.0,0.0,1.4810502488509167e+23,0.0
738,1553.8618402574687,1553.8618402574687,0.0,0.0,0.0,1.4810502488509167e+23,0.0
739,1551.0475826171783,1551.0475826171783,0.0,0.0,0.0,1.4810502488509167e+23,0.0
740,1548.2400683968901,1548.2400683968901,0.0,0.0,0.0,1.4810502488509167e+23,0.0
741,1545.439272087469,1545.439272087469,0.0,0.0,0.0,1.4810502488509167e+23,0.0
742,1542.64516831679,1542.64516831679,0.0,0.0,0.0,1.4810502488509167e+23,0.0
743,1539.857731848824,1539.857731848824,0.0,0.0,0.0,1.4810502488509167e+23,0.0
744,1537.0769375827233,1537.0769375827233,0.0,0.0,0.0,1.4810502488509167e+23,0.0
745,1534.3027605519176,1534.3027605519176,0.0,0.0,0.0,1.4810502488509167e+23,0.0
746,1531.5351759232146,1531.5351759232146,0.0,0.0,0.0,1.4810502488509167e+23,0.0
747,1528.7741589959128,1528.7741589959128,0.0,0.0,0.0,1.4810502488509167e+23,0.0
748,1526.0196852009167,1526.0196852009167,0.0,0.0,0.0,1.4810502488509167e+23,0.0
749,1523.2717300998595,1523.2717300998595,0.0,0.0,0.0,1.4810502488509167e+23,0.0
750,1520.5302693842361,1520.5302693842361,0.0,0.0,0.0,1.4810502488509167e+23,0.0
751,1517.795278874539,1517.795278874539,0.0,0.0,0.0,1.4810502488509167e+23,0.0
752,1515.066734519403,1515.066734519403,0.0,0.0,0.0,1.4810502488509167e+23,0.0
753,1512.3446123947583,1512.3446123947583,0.0,0.0,0.0,1.4810502488509167e+23,0.0
754,1509.628888702986,1509.628888702986,0.0,0.0,0.0,1.4810502488509167e+23,0.0
755,1506.9195397720837,1506.9195397720837,0.0,0.0,0.0,1.4810502488509167e+23,0.0
756,1504.2165420548372,1504.2165420548372,0.0,0.0,0.0,1.4810502488509167e+23,0.0
757,1501.5198721279974,1501.5198721279974,0.0,0.0,0.0,1.4810502488509167e+23,0.0
758,1498.8295066914654,1498.8295066914654,0.0,0.0,0.0,1.4810502488509167e+23,0.0
759,1496.145422567482,1496.145422567482,0.0,0.0,0.0,1.4810502488509167e+23,0.0
760,1493.4675966998266,1493.4675966998266,0.0,0.0,0.0,1.4810502488509167e+23,0.0
761,1490.796006153017,1490.796006153017,0.0,0.0,0.0,1.4810502488509167e+23,0.0
762,1488.130628111523,1488.130628111523,0.0,0.0,0.0,1.4810502488509167e+23,0.0
763,1485.4714398789793,1485.4714398789793,0.0,0.0,0.0,1.4810502488509167e+23,0.0
764,1482.8184188774076,1482.8184188774076,0.0,0.0,0.0,1.4810502488509167e+23,0.0
765,1480.1715426464448,1480.1715426464448,0.0,0.0,0.0,1.4810502488509167e+23,0.0
766,1477.5307888425777,1477.5307888425777,0.0,0.0,0.0,1.4810502488509167e+23,0.0
767,1474.8961352383822,1474.8961352383822,0.0,0.0,0.0,1.4810502488509167e+23,0.0
768,1472.2675597217676,1472.2675597217676,0.0,0.0,0.0,1.4810502488509167e+23,0.0
769,1469.6450402952296,1469.6450402952296,0.0,0.0,0.0,1.4810502488509167e+23,0.0
770,1467.0285550751087,1467.0285550751087,0.0,0.0,0.0,1.4810502488509167e+23,0.0
771,1464.4180822908506,1464.4180822908506,0.0,0.0,0.0,1.4810502488509167e+23,0.0
772,1461.8136002842768,1461.8136002842768,0.0,0.0,0.0,1.4810502488509167e+23,0.0
773,1459.2150875088585,1459.2150875088585,0.0,0.0,0.0,1.4810502488509167e+23,0.0
774,1456.6225225289968,1456.6225225289968,0.0,0.0,0.0,1.4810502488509167e+23,0.0
775,1454.0358840193078,1454.0358840193078,0.0,0.0,0.0,1.4810502488509167e+23,0.0
776,1451.4551507639146,1451.4551507639146,0.0,0.0,0.0,1.4810502488509167e+23,0.0
777,1448.8803016557422,1448.8803016557422,0.0,0.0,0.0,1.4810502488509167e+23,0.0
778,1446.3113156958211,1446.3113156958211,0.0,0.0,0.0,1.4810502488509167e+23,0.0
779,1443.7481719925925,1443.7481719925925,0.0,0.0,0.0,1.4810502488509167e+23,0.0
780,1441.1908497612235,1441.1908497612235,0.0,0.0,0.0,1.4810502488509167e+23,0.0
781,1438.639328322922,1438.639328322922,0.0,0.0,0.0,1.4810502488509167e+23,0.0
782,1436.0935871042614,1436.0935871042614,0.0,0.0,0.0,1.4810502488509167e+23,0.0
783,1433.5536056365079,1433.5536056365079,0.0,0.0,0.0,1.4810502488509167e+23,0.0
784,1431.0193635549551,1431.0193635549551,0.0,0.0,0.0,1.4810502488509167e+23,0.0
785,1428.4908405982599,1428.4908405982599,0.0,0.0,0.0,1.4810502488509167e+23,0.0
786,1425.9680166077874,1425.9680166077874,0.0,0.0,0.0,1.4810502488509167e+23,0.0
787,1423.450871526959,1423.450871526959,0.0,0.0,0.0,1.4810502488509167e+23,0.0
788,1420.9393854006055,1420.9393854006055,0.0,0.0,0.0,1.4810502488509167e+23,0.0
789,1418.4335383743253,1418.4335383743253,0.0,0.0,0.0,1.4810502488509167e+23,0.0
790,1415.9333106938468,1415.9333106938468,0.0,0.0,0.0,1.4810502488509167e+23,0.0
791,1413.4386827043966,1413.4386827043966,0.0,0.0,0.0,1.4810502488509167e+23,0.0
792,1410.949634850071,1410.949634850071,0.0,0.0,0.0,1.4810502488509167e+23,0.0
793,1408.4661476732163,1408.4661476732163,0.0,0.0,0.0,1.4810502488509167e+23,0.0
794,1405.9882018138055,1405.9882018138055,0.0,0.0,0.0,1.4810502488509167e+23,0.0
795,1403.5157780088298,1403.5157780088298,0.0,0.0,0.0,1.4810502488509167e+23,0.0
796,1401.048857091687,1401.048857091687,0.0,0.0,0.0,1.4810502488509167e+23,0.0
797,1398.587419991578,1398.587419991578,0.0,0.0,0.0,1.4810502488509167e+23,0.0
798,1396.131447732906,1396.131447732906,0.0,0.0,0.0,1.4810502488509167e+23,0.0
799,1393.6809214346831,1393.6809214346831,0.0,0.0,0.0,1.4810502488509167e+23,0.0
800,1391.2358223099377,1391.2358223099377,0.0,0.0,0.0,1.4810502488509167e+23,0.0
801,1388.7961316651276,1388.7961316651276,0.0,0.0,0.0,1.4810502488509167e+23,0.0
802,1386.3618308995608,1386.3618308995608,0.0,0.0,0.0,1.4810502488509167e+23,0.0
803,1383.9329015048138,1383.9329015048138,0.0,0.0,0.0,1.4810502488509167e+23,0.0
804,1381.5093250641603,1381.5093250641603,0.0,0.0,0.0,1.4810502488509167e+23,0.0
805,1379.0910832520017,1379.0910832520017,0.0,0.0,0.0,1.4810502488509167e+23,0.0
806,1376.6781578333023,1376.6781578333023,0.0,0.0,0.0,1.4810502488509167e+23,0.0
807,1374.270530663027,1374.270530663027,0.0,0.0,0.0,1.4810502488509167e+23,0.0
808,1371.8681836855856,1371.8681836855856,0.0,0.0,0.0,1.4810502488509167e+23,0.0
809,1369.4710989342802,1369.4710989342802,0.0,0.0,0.0,1.4810502488509167e+23,0.0
810,1367.079258530756,1367.079258530756,0.0,0.0,0.0,1.4810502488509167e+23,0.0
811,1364.6926446844575,1364.6926446844575,0.0,0.0,0.0,1.4810502488509167e+23,0.0
812,1362.3112396920872,1362.3112396920872,0.0,0.0,0.0,1.4810502488509167e+23,0.0
813,1359.935025937069,1359.935025937069,0.0,0.0,0.0,1.4810502488509167e+23,0.0
814,1357.5639858890163,1357.5639858890163,0.0,0.0,0.0,1.4810502488509167e+23,0.0
815,1355.1981021032027,1355.1981021032027,0.0,0.0,0.0,1.4810502488509167e+23,0.0
816,1352.8373572200364,1352.8373572200364,0.0,0.0,0.0,1.4810502488509167e+23,0.0
817,1350.4817339645406,1350.4817339645406,0.0,0.0,0.0,1.4810502488509167e+23,0.0
818,1348.1312151458353,1348.1312151458353,0.0,0.0,0.0,1.4810502488509167e+23,0.0
819,1345.7857836566234,1345.7857836566234,0.0,0.0,0.0,1.4810502488509167e+23,0.0
820,1343.4454224726821,1343.4454224726821,0.0,0.0,0.0,1.4810502488509167e+23,0.0
821,1341.1101146523554,1341.1101146523554,0.0,0.0,0.0,1.4810502488509167e+23,0.0
822,1338.7798433360533,1338.7798433360533,0.0,0.0,0.0,1.4810502488509167e+23,0.0
823,1336.4545917457515,1336.4545917457515,0.0,0.0,0.0,1.4810502488509167e+23,0.0
824,1334.1343431844962,1334.1343431844962,0.0,0.0,0.0,1.4810502488509167e+23,0.0
825,1331.8190810359151,1331.8190810359151,0.0,0.0,0.0,1.4810502488509167e+23,0.0
826,1329.508788763726,1329.508788763726,0.0,0.0,0.0,1.4810502488509167e+23,0.0
827,1327.2034499112533,1327.2034499112533,0.0,0.0,0.0,1.4810502488509167e+23,0.0
828,1324.903048100949,1324.903048100949,0.0,0.0,0.0,1.4810502488509167e+23,0.0
829,1322.6075670339128,1322.6075670339128,0.0,0.0,0.0,1.4810502488509167e+23,0.0
830,1320.3169904894182,1320.3169904894182,0.0,0.0,0.0,1.4810502488509167e+23,0.0
831,1318.0313023244423,1318.0313023244423,0.0,0.0,0.0,1.4810502488509167e+23,0.0
832,1315.750486473199,1315.750486473199,0.0,0.0,0.0,1.4810502488509167e+23,0.0
833,1313.4745269466748,1313.4745269466748,0.0,0.0,0.0,1.4810502488509167e+23,0.0
834,1311.2034078321653,1311.2034078321653,0.0,0.0,0.0,1.4810502488509167e+23,0.0
835,1308.9371132928227,1308.9371132928227,0.0,0.0,0.0,1.4810502488509167e+23,0.0
836,1306.6756275671985,1306.6756275671985,0.0,0.0,0.0,1.4810502488509167e+23,0.0
837,1304.4189349687924,1304.4189349687924,0.0,0.0,0.0,1.4810502488509167e+23,0.0
838,1302.1670198856054,1302.1670198856054,0.0,0.0,0.0,1.4810502488509167e+23,0.0
839,1299.9198667796968,1299.9198667796968,0.0,0.0,0.0,1.4810502488509167e+23,0.0
840,1297.6774601867387,1297.6774601867387,0.0,0.0,0.0,1.4810502488509167e+23,0.0
841,1295.4397847155833,1295.4397847155833,0.0,0.0,0.0,1.4810502488509167e+23,0.0
842,1293.2068250478226,1293.2068250478226,0.0,0.0,0.0,1.4810502488509167e+23,0.0
843,1290.978565937359,1290.978565937359,0.0,0.0,0.0,1.4810502488509167e+23,0.0
844,1288.7549922099772,1288.7549922099772,0.0,0.0,0.0,1.4810502488509167e+23,0.0
845,1286.5360887629151,1286.5360887629151,0.0,0.0,0.0,1.4810502488509167e+23,0.0
846,1284.321840564444,1284.321840564444,0.0,0.0,0.0,1.4810502488509167e+23,0.0
847,1282.1122326534462,1282.1122326534462,0.0,0.0,0.0,1.4810502488509167e+23,0.0
848,1279.9072501389992,1279.9072501389992,0.0,0.0,0.0,1.4810502488509167e+23,0.0
849,1277.7068781999624,1277.7068781999624,0.0,0.0,0.0,1.4810502488509167e+23,0.0
850,1275.511102084563,1275.511102084563,0.0,0.0,0.0,1.4810502488509167e+23,0.0
851,1273.3199071099918,1273.3199071099918,0.0,0.0,0.0,1.4810502488509167e+23,0.0
852,1271.1332786619935,1271.1332786619935,0.0,0.0,0.0,1.4810502488509167e+23,0.0
853,1268.9512021944668,1268.9512021944668,0.0,0.0,0.0,1.4810502488509167e+23,0.0
854,1266.7736632290644,1266.7736632290644,0.0,0.0,0.0,1.4810502488509167e+23,0.0
855,1264.6006473547943,1264.6006473547943,0.0,0.0,0.0,1.4810502488509167e+23,0.0
856,1262.4321402276275,1262.4321402276275,0.0,0.0,0.0,1.4810502488509167e+23,0.0
857,1260.2681275701052,1260.2681275701052,0.0,0.0,0.0,1.4810502488509167e+23,0.0
858,1258.1085951709508,1258.1085951709508,0.0,0.0,0.0,1.4810502488509167e+23,0.0
859,1255.9535288846826,1255.9535288846826,0.0,0.0,0.0,1.4810502488509167e+23,0.0
860,1253.8029146312324,1253.8029146312324,0.0,0.0,0.0,1.4810502488509167e+23,0.0
861,1251.6567383955623,1251.6567383955623,0.0,0.0,0.0,1.4810502488509167e+23,0.0
862,1249.5149862272888,1249.5149862272888,0.0,0.0,0.0,1.4810502488509167e+23,0.0
863,1247.3776442403052,1247.3776442403052,0.0,0.0,0.0,1.4810502488509167e+23,0.0
864,1245.244698612411,1245.244698612411,0.0,0.0,0.0,1.4810502488509167e+23,0.0
865,1243.1161355849395,1243.1161355849395,0.0,0.0,0.0,1.4810502488509167e+23,0.0
866,1240.991941462391,1240.991941462391,0.0,0.0,0.0,1.4810502488509167e+23,0.0
867,1238.8721026120672,1238.8721026120672,0.0,0.0,0.0,1.4810502488509167e+23,0.0
868,1236.7566054637089,1236.7566054637089,0.0,0.0,0.0,1.4810502488509167e+23,0.0
869,1234.645436509135,1234.645436509135,0.0,0.0,0.0,1.4810502488509167e+23,0.0
870,1232.5385823018853,1232.5385823018853,0.0,0.0,0.0,1.4810502488509167e+23,0.0
871,1230.4360294568653,1230.4360294568653,0.0,0.0,0.0,1.4810502488509167e+23,0.0
872,1228.3377646499919,1228.3377646499919,0.0,0.0,0.0,1.4810502488509167e+23,0.0
873,1226.2437746178448,1226.2437746178448,0.0,0.0,0.0,1.4810502488509167e+23,0.0
874,1224.154046157317,1224.154046157317,0.0,0.0,0.0,1.4810502488509167e+23,0.0
875,1222.0685661252699,1222.0685661252699,0.0,0.0,0.0,1.4810502488509167e+23,0.0
876,1219.9873214381898,1219.9873214381898,0.0,0.0,0.0,1.4810502488509167e+23,0.0
877,1217.9102990718457,1217.9102990718457,0.0,0.0,0.0,1.4810502488509167e+23,0.0
878,1215.837486060952,1215.837486060952,0.0,0.0,0.0,1.4810502488509167e+23,0.0
879,1213.7688694988317,1213.7688694988317,0.0,0.0,0.0,1.4810502488509167e+23,0.0
880,1211.7044365370818,1211.7044365370818,0.0,0.0,0.0,1.4810502488509167e+23,0.0
881,1209.6441743852413,1209.6441743852413,0.0,0.0,0.0,1.4810502488509167e+23,0.0
882,1207.5880703104638,1207.5880703104638,0.0,0.0,0.0,1.4810502488509167e+23,0.0
883,1205.5361116371846,1205.5361116371846,0.0,0.0,0.0,1.4810502488509167e+23,0.0
884,1203.4882857468028,1203.4882857468028,0.0,0.0,0.0,1.4810502488509167e+23,0.0
885,1201.4445800773528,1201.4445800773528,0.0,0.0,0.0,1.4810502488509167e+23,0.0
886,1199.4049821231847,1199.4049821231847,0.0,0.0,0.0,1.4810502488509167e+23,0.0
887,1197.3694794346472,1197.3694794346472,0.0,0.0,0.0,1.4810502488509167e+23,0.0
888,1195.3380596177708,1195.3380596177708,0.0,0.0,0.0,1.4810502488509167e+23,0.0
889,1193.3107103339496,1193.3107103339496,0.0,0.0,0.0,1.4810502488509167e+23,0.0
890,1191.2874192996346,1191.2874192996346,0.0,0.0,0.0,1.4810502488509167e+23,0.0
891,1189.2681742860202,1189.2681742860202,0.0,0.0,0.0,1.4810502488509167e+23,0.0
892,1187.2529631187363,1187.2529631187363,0.0,0.0,0.0,1.4810502488509167e+23,0.0
893,1185.2417736775421,1185.2417736775421,0.0,0.0,0.0,1.4810502488509167e+23,0.0
894,1183.2345938960248,1183.2345938960248,0.0,0.0,0.0,1.4810502488509167e+23,0.0
895,1181.2314117612918,1181.2314117612918,0.0,0.0,0.0,1.4810502488509167e+23,0.0
896,1179.232215313678,1179.232215313678,0.0,0.0,0.0,1.4810502488509167e+23,0.0
897,1177.2369926464403,1177.2369926464403,0.0,0.0,0.0,1.4810502488509167e+23,0.0
898,1175.2457319054686,1175.2457319054686,0.0,0.0,0.0,1.4810502488509167e+23,0.0
899,1173.258421288986,1173.258421288986,0.0,0.0,0.0,1.4810502488509167e+23,0.0
900,1171.2750490472608,1171.2750490472608,0.0,0.0,0.0,1.4810502488509167e+23,0.0
901,1169.295603482313,1169.295603482313,0.0,0.0,0.0,1.4810502488509167e+23,0.0
902,1167.3200729476293,1167.3200729476293,0.0,0.0,0.0,1.4810502488509167e+23,0.0
903,1165.3484458478738,1165.3484458478738,0.0,0.0,0.0,1.4810502488509167e+23,0.0
904,1163.380710638605,1163.380710638605,0.0,0.0,0.0,1.4810502488509167e+23,0.0
905,1161.4168558259935,1161.4168558259935,0.0,0.0,0.0,1.4810502488509167e+23,0.0
906,1159.456869966541,1159.456869966541,0.0,0.0,0.0,1.4810502488509167e+23,0.0
907,1157.5007416667997,1157.5007416667997,0.0,0.0,0.0,1.4810502488509167e+23,0.0
908,1155.5484595830994,1155.5484595830994,0.0,0.0,0.0,1.4810502488509167e+23,0.0
909,1153.6000124212667,1153.6000124212667,0.0,0.0,0.0,1.4810502488509167e+23,0.0
910,1151.6553889363563,1151.6553889363563,0.0,0.0,0.0,1.4810502488509167e+23,0.0
911,1149.7145779323778,1149.7145779323778,0.0,0.0,0.0,1.4810502488509167e+23,0.0
912,1147.7775682620236,1147.7775682620236,0.0,0.0,0.0,1.4810502488509167e+23,0.0
913,1145.8443488264054,1145.8443488264054,0.0,0.0,0.0,1.4810502488509167e+23,0.0
914,1143.914908574783,1143.914908574783,0.0,0.0,0.0,1.4810502488509167e+23,0.0
915,1141.9892365043036,1141.9892365043036,0.0,0.0,0.0,1.4810502488509167e+23,0.0
916,1140.0673216597363,1140.0673216597363,0.0,0.0,0.0,1.4810502488509167e+23,0.0
917,1138.1491531332126,1138.1491531332126,0.0,0.0,0.0,1.4810502488509167e+23,0.0
918,1136.2347200639654,1136.2347200639654,0.0,0.0,0.0,1.4810502488509167e+23,0.0
919,1134.3240116380728,1134.3240116380728,0.0,0.0,0.0,1.4810502488509167e+23,0.0
920,1132.4170170882012,1132.4170170882012,0.0,0.0,0.0,1.4810502488509167e+23,0.0
921,1130.51372569335,1130.51372569335,0.0,0.0,0.0,1.4810502488509167e+23,0.0
922,1128.6141267786008,1128.6141267786008,0.0,0.0,0.0,1.4810502488509167e+23,0.0
923,1126.7182097148643,1126.7182097148643,0.0,0.0,0.0,1.4810502488509167e+23,0.0
924,1124.8259639186315,1124.8259639186315,0.0,0.0,0.0,1.4810502488509167e+23,0.0
925,1122.9373788517275,1122.9373788517275,0.0,0.0,0.0,1.4810502488509167e+23,0.0
926,1121.0524440210606,1121.0524440210606,0.0,0.0,0.0,1.4810502488509167e+23,0.0
927,1119.1711489783827,1119.1711489783827,0.0,0.0,0.0,1.4810502488509167e+23,0.0
928,1117.2934833200427,1117.2934833200427,0.0,0.0,0.0,1.4810502488509167e+23,0.0
929,1115.4194366867464,1115.4194366867464,0.0,0.0,0.0,1.4810502488509167e+23,0.0
930,1113.548998763316,1113.548998763316,0.0,0.0,0.0,1.4810502488509167e+23,0.0
931,1111.6821592784515,1111.6821592784515,0.0,0.0,0.0,1.4810502488509167e+23,0.0
932,1109.8189080044942,1109.8189080044942,0.0,0.0,0.0,1.4810502488509167e+23,0.0
933,1107.9592347571906,1107.9592347571906,0.0,0.0,0.0,1.4810502488509167e+23,0.0
934,1106.1031293954582,1106.1031293954582,0.0,0.0,0.0,1.4810502488509167e+23,0.0
935,1104.2505818211541,1104.2505818211541,0.0,0.0,0.0,1.4810502488509167e+23,0.0
936,1102.4015819788426,1102.4015819788426,0.0,0.0,0.0,1.4810502488509167e+23,0.0
937,1100.556119855568,1100.556119855568,0.0,0.0,0.0,1.4810502488509167e+23,0.0
938,1098.7141854806232,1098.7141854806232,0.0,0.0,0.0,1.4810502488509167e+23,0.0
939,1096.8757689253255,1096.8757689253255,0.0,0.0,0.0,1.4810502488509167e+23,0.0
940,1095.0408603027915,1095.0408603027915,0.0,0.0,0.0,1.4810502488509167e+23,0.0
941,1093.2094497677115,1093.2094497677115,0.0,0.0,0.0,1.4810502488509167e+23,0.0
942,1091.3815275161285,1091.3815275161285,0.0,0.0,0.0,1.4810502488509167e+23,0.0
943,1089.5570837852185,1089.5570837852185,0.0,0.0,0.0,1.4810502488509167e+23,0.0
944,1087.7361088530672,1087.7361088530672,0.0,0.0,0.0,1.4810502488509167e+23,0.0
945,1085.918593038456,1085.918593038456,0.0,0.0,0.0,1.4810502488509167e+23,0.0
946,1084.1045267006432,1084.1045267006432,0.0,0.0,0.0,1.4810502488509167e+23,0.0
947,1082.293900239148,1082.293900239148,0.0,0.0,0.0,1.4810502488509167e+23,0.0
948,1080.4867040935376,1080.4867040935376,0.0,0.0,0.0,1.4810502488509167e+23,0.0
949,1078.6829287432154,1078.6829287432154,0.0,0.0,0.0,1.4810502488509167e+23,0.0
950,1076.8825647072065,1076.8825647072065,0.0,0.0,0.0,1.4810502488509167e+23,0.0
951,1075.0856025439516,1075.0856025439516,0.0,0.0,0.0,1.4810502488509167e+23,0.0
952,1073.2920328510947,1073.2920328510947,0.0,0.0,0.0,1.4810502488509167e+23,0.0
953,1071.5018462652786,1071.5018462652786,0.0,0.0,0.0,1.4810502488509167e+23,0.0
954,1069.715033461937,1069.715033461937,0.0,0.0,0.0,1.4810502488509167e+23,0.0
955,1067.9315851550898,1067.9315851550898,0.0,0.0,0.0,1.4810502488509167e+23,0.0
956,1066.1514920971408,1066.1514920971408,0.0,0.0,0.0,1.4810502488509167e+23,0.0
957,1064.374745078674,1064.374745078674,0.0,0.0,0.0,1.4810502488509167e+23,0.0
958,1062.6013349282537,1062.6013349282537,0.0,0.0,0.0,1.4810502488509167e+23,0.0
959,1060.8312525122237,1060.8312525122237,0.0,0.0,0.0,1.4810502488509167e+23,0.0
960,1059.0644887345106,1059.0644887345106,0.0,0.0,0.0,1.4810502488509167e+23,0.0
961,1057.3010345364235,1057.3010345364235,0.0,0.0,0.0,1.4810502488509167e+23,0.0
962,1055.5408808964607,1055.5408808964607,0.0,0.0,0.0,1.4810502488509167e+23,0.0
963,1053.7840188301145,1053.7840188301145,0.0,0.0,0.0,1.4810502488509167e+23,0.0
964,1052.0304393896758,1052.0304393896758,0.0,0.0,0.0,1.4810502488509167e+23,0.0
965,1050.280133664044,1050.280133664044,0.0,0.0,0.0,1.4810502488509167e+23,0.0
966,1048.5330927785335,1048.5330927785335,0.0,0.0,0.0,1.4810502488509167e+23,0.0
967,1046.7893078946854,1046.7893078946854,0.0,0.0,0.0,1.4810502488509167e+23,0.0
968,1045.0487702100786,1045.0487702100786,0.0,0.0,0.0,1.4810502488509167e+23,0.0
969,1043.3114709581405,1043.3114709581405,0.0,0.0,0.0,1.4810502488509167e+23,0.0
970,1041.5774014079614,1041.5774014079614,0.0,0.0,0.0,1.4810502488509167e+23,0.0
971,1039.8465528641095,1039.8465528641095,0.0,0.0,0.0,1.4810502488509167e+23,0.0
972,1038.118916666447,1038.118916666447,0.0,0.0,0.0,1.4810502488509167e+23,0.0
973,1036.3944841899445,1036.3944841899445,0.0,0.0,0.0,1.4810502488509167e+23,0.0
974,1034.6732468445023,1034.6732468445023,0.0,0.0,0.0,1.4810502488509167e+23,0.0
975,1032.9551960747667,1032.9551960747667,0.0,0.0,0.0,1.4810502488509167e+23,0.0
976,1031.2403233599518,1031.2403233599518,0.0,0.0,0.0,1.4810502488509167e+23,0.0
977,1029.528620213661,1029.528620213661,0.0,0.0,0.0,1.4810502488509167e+23,0.0
978,1027.8200781837077,1027.8200781837077,0.0,0.0,0.0,1.4810502488509167e+23,0.0
979,1026.1146888519402,1026.1146888519402,0.0,0.0,0.0,1.4810502488509167e+23,0.0
980,1024.4124438340668,1024.4124438340668,0.0,0.0,0.0,1.4810502488509167e+23,0.0
981,1022.7133347794796,1022.7133347794796,0.0,0.0,0.0,1.4810502488509167e+23,0.0
982,1021.0173533710822,1021.0173533710822,0.0,0.0,0.0,1.4810502488509167e+23,0.0
983,1019.3244913251183,1019.3244913251183,0.0,0.0,0.0,1.4810502488509167e+23,0.0
984,1017.634740390998,1017.634740390998,0.0,0.0,0.0,1.4810502488509167e+23,0.0
985,1015.9480923511308,1015.9480923511308,0.0,0.0,0.0,1.4810502488509167e+23,0.0
986,1014.264539020754,1014.264539020754,0.0,0.0,0.0,1.4810502488509167e+23,0.0
987,1012.5840722477656,1012.5840722477656,0.0,0.0,0.0,1.4810502488509167e+23,0.0
988,1010.9066839125571,1010.9066839125571,0.0,0.0,0.0,1.4810502488509167e+23,0.0
989,1009.2323659278476,1009.2323659278476,0.0,0.0,0.0,1.4810502488509167e+23,0.0
990,1007.5611102385177,1007.5611102385177,0.0,0.0,0.0,1.4810502488509167e+23,0.0
991,1005.892908821447,1005.892908821447,0.0,0.0,0.0,1.4810502488509167e+23,0.0
992,1004.22775368535,1004.22775368535,0.0,0.0,0.0,1.4810502488509167e+23,0.0
993,1002.565636870614,1002.565636870614,0.0,0.0,0.0,1.4810502488509167e+23,0.0
994,1000.9065504491379,1000.9065504491379,0.0,0.0,0.0,1.4810502488509167e+23,0.0
995,999.2504865241732,999.2504865241732,0.0,0.0,0.0,1.4810502488509167e+23,0.0
996,997.5974372301624,997.5974372301624,0.0,0.0,0.0,1.4810502488509167e+23,0.0
997,995.9473947325837,995.9473947325837,0.0,0.0,0.0,1.4810502488509167e+23,0.0
998,994.3003512277909,994.3003512277909,0.0,0.0,0.0,1.4810502488509167e+23,0.0
999,992.6562989428587,992.6562989428587,0.0,0.0,0.0,1.4810502488509167e+23,0.0
1000,991.0152301354273,991.0152301354273,0.0,0.0,0.0,1.4810502488509167e+23,0.0
1001,989.377137093547,989.377137093547,0.0,0.0,0.0,1.4810502488509167e+23,0.0
1002,987.7420121355253,987.7420121355253,0.0,0.0,0.0,1.4810502488509167e+23,0.0
1003,986.1098476097739,986.1098476097739,0.0,0.0,0.0,1.4810502488509167e+23,0.0
1004,984.4806358946566,984.4806358946566,0.0,0.0,0.0,1.4810502488509167e+23,0.0
1005,982.8543693983396,982.8543693983396,0.0,0.0,0.0,1.4810502488509167e+23,0.0
1006,981.231040558641,981.231040558641,0.0,0.0,0.0,1.4810502488509167e+23,0.0
1007,979.6106418428802,979.6106418428802,0.0,0.0,0.0,1.4810502488509167e+23,0.0
1008,977.9931657477326,977.9931657477326,0.0,0.0,0.0,1.4810502488509167e+23,0.0
1009,976.3786047990801,976.3786047990801,0.0,0.0,0.0,1.4810502488509167e+23,0.0
1010,974.7669515518654,974.7669515518654,0.0,0.0,0.0,1.4810502488509167e+23,0.0
1011,973.1581985899461,973.1581985899461,0.0,0.0,0.0,1.4810502488509167e+23,0.0
1012,971.552338525951,971.552338525951,0.0,0.0,0.0,1.4810502488509167e+23,0.0
1013,969.9493640011347,969.9493640011347,0.0,0.0,0.0,1.4810502488509167e+23,0.0
1014,968.3492676852359,968.3492676852359,0.0,0.0,0.0,1.4810502488509167e+23,0.0
1015,966.7520422763347,966.7520422763347,0.0,0.0,0.0,1.4810502488509167e+23,0.0
1016,965.1576805007113,965.1576805007113,0.0,0.0,0.0,1.4810502488509167e+23,0.0
1017,963.5661751127052,963.5661751127052,0.0,0.0,0.0,1.4810502488509167e+23,0.0
1018,961.9775188945769,961.9775188945769,0.0,0.0,0.0,1.4810502488509167e+23,0.0
1019,960.3917046563668,960.3917046563668,0.0,0.0,0.0,1.4810502488509167e+23,0.0
1020,958.808725235759,958.808725235759,0.0,0.0,0.0,1.4810502488509167e+23,0.0
1021,957.2285734979436,957.2285734979436,0.0,0.0,0.0,1.4810502488509167e+23,0.0
1022,955.6512423354799,955.6512423354799,0.0,0.0,0.0,1.4810502488509167e+23,0.0
1023,954.0767246681609,954.0767246681609,0.0,0.0,0.0,1.4810502488509167e+23,0.0
1024,952.5050134428794,952.5050134428794,0.0,0.0,0.0,1.4810502488509167e+23,0.0
1025,950.9361016334923,950.9361016334923,0.0,0.0,0.0,1.4810502488509167e+23,0.0
1026,949.3699822406885,949.3699822406885,0.0,0.0,0.0,1.4810502488509167e+23,0.0
1027,947.8066482918565,947.8066482918565,0.0,0.0,0.0,1.4810502488509167e+23,0.0
1028,946.2460928409517,946.2460928409517,0.0,0.0,0.0,1.4810502488509167e+23,0.0
1029,944.6883089683665,944.6883089683665,0.0,0.0,0.0,1.4810502488509167e+23,0.0
1030,943.1332897808,943.1332897808,0.0,0.0,0.0,1.4810502488509167e+23,0.0
1031,941.5810284111274,941.5810284111274,0.0,0.0,0.0,1.4810502488509167e+23,0.0
1032,940.0315180182731,940.0315180182731,0.0,0.0,0.0,1.4810502488509167e+23,0.0
1033,938.4847517870808,938.4847517870808,0.0,0.0,0.0,1.4810502488509167e+23,0.0
1034,936.9407229281885,936.9407229281885,0.0,0.0,0.0,1.4810502488509167e+23,0.0
1035,935.3994246779008,935.3994246779008,0.0,0.0,0.0,1.4810502488509167e+23,0.0
1036,933.8608502980624,933.8608502980624,0.0,0.0,0.0,1.4810502488509167e+23,0.0
1037,932.3249930759348,932.3249930759348,0.0,0.0,0.0,1.4810502488509167e+23,0.0
1038,930.7918463240709,930.7918463240709,0.0,0.0,0.0,1.4810502488509167e+23,0.0
1039,929.2614033801921,929.2614033801921,0.0,0.0,0.0,1.4810502488509167e+23,0.0
1040,927.7336576070644,927.7336576070644,0.0,0.0,0.0,1.4810502488509167e+23,0.0
1041,926.208602392378,926.208602392378,0.0,0.0,0.0,1.4810502488509167e+23,0.0
1042,924.686231148624,924.686231148624,0.0,0.0,0.0,1.4810502488509167e+23,0.0
1043,923.1665373129745,923.1665373129745,0.0,0.0,0.0,1.4810502488509167e+23,0.0
1044,921.6495143471635,921.6495143471635,0.0,0.0,0.0,1.4810502488509167e+23,0.0
1045,920.1351557373654,920.1351557373654,0.0,0.0,0.0,1.4810502488509167e+23,0.0
1046,918.6234549940781,918.6234549940781,0.0,0.0,0.0,1.4810502488509167e+23,0.0
1047,917.1144056520045,917.1144056520045,0.0,0.0,0.0,1.4810502488509167e+23,0.0
1048,915.6080012699347,915.6080012699347,0.0,0.0,0.0,1.4810502488509167e+23,0.0
1049,914.10423543063,914.10423543063,0.0,0.0,0.0,1.4810502488509167e+23,0.0
1050,912.6031017407064,912.6031017407064,0.0,0.0,0.0,1.4810502488509167e+23,0.0
1051,911.1045938305197,911.1045938305197,0.0,0.0,0.0,1.4810502488509167e+23,0.0
1052,909.6087053540506,909.6087053540506,0.0,0.0,0.0,1.4810502488509167e+23,0.0
1053,908.1154299887908,908.1154299887908,0.0,0.0,0.0,1.4810502488509167e+23,0.0
1054,906.6247614356292,906.6247614356292,0.0,0.0,0.0,1.4810502488509167e+23,0.0
1055,905.1366934187403,905.1366934187403,0.0,0.0,0.0,1.4810502488509167e+23,0.0
1056,903.6512196854699,903.6512196854699,0.0,0.0,0.0,1.4810502488509167e+23,0.0
1057,902.1683340062265,902.1683340062265,0.0,0.0,0.0,1.4810502488509167e+23,0.0
1058,900.6880301743686,900.6880301743686,0.0,0.0,0.0,1.4810502488509167e+23,0.0
1059,899.2103020060947,899.2103020060947,0.0,0.0,0.0,1.4810502488509167e+23,0.0
1060,897.7351433403339,897.7351433403339,0.0,0.0,0.0,1.4810502488509167e+23,0.0
1061,896.2625480386378,896.2625480386378,0.0,0.0,0.0,1.4810502488509167e+23,0.0
1062,894.7925099850704,894.7925099850704,0.0,0.0,0.0,1.4810502488509167e+23,0.0
1063,893.3250230861023,893.3250230861023,0.0,0.0,0.0,1.4810502488509167e+23,0.0
1064,891.8600812705023,891.8600812705023,0.0,0.0,0.0,1.4810502488509167e+23,0.0
1065,890.3976784892304,890.3976784892304,0.0,0.0,0.0,1.4810502488509167e+23,0.0
1066,888.9378087153342,888.9378087153342,0.0,0.0,0.0,1.4810502488509167e+23,0.0
1067,887.4804659438414,887.4804659438414,0.0,0.0,0.0,1.4810502488509167e+23,0.0
1068,886.0256441916556,886.0256441916556,0.0,0.0,0.0,1.4810502488509167e+23,0.0
1069,884.5733374974523,884.5733374974523,0.0,0.0,0.0,1.4810502488509167e+23,0.0
1070,883.123539921576,883.123539921576,0.0,0.0,0.0,1.4810502488509167e+23,0.0
1071,881.6762455459358,881.6762455459358,0.0,0.0,0.0,1.4810502488509167e+23,0.0
1072,880.2314484739042,880.2314484739042,0.0,0.0,0.0,1.4810502488509167e+23,0.0
1073,878.789142830215,878.789142830215,0.0,0.0,0.0,1.4810502488509167e+23,0.0
1074,877.3493227608616,877.3493227608616,0.0,0.0,0.0,1.4810502488509167e+23,0.0
1075,875.9119824329968,875.9119824329968,0.0,0.0,0.0,1.4810502488509167e+23,0.0
1076,874.4771160348322,874.4771160348322,0.0,0.0,0.0,1.4810502488509167e+23,0.0
1077,873.0447177755386,873.0447177755386,0.0,0.0,0.0,1.4810502488509167e+23,0.0
1078,871.6147818851483,871.6147818851483,0.0,0.0,0.0,1.4810502488509167e+23,0.0
1079,870.187302614455,870.187302614455,0.0,0.0,0.0,1.4810502488509167e+23,0.0
1080,868.7622742349158,868.7622742349158,0.0,0.0,0.0,1.4810502488509167e+23,0.0
1081,867.3396910385555,867.3396910385555,0.0,0.0,0.0,1.4810502488509167e+23,0.0
1082,865.9195473378684,865.9195473378684,0.0,0.0,0.0,1.4810502488509167e+23,0.0
1083,864.5018374657217,864.5018374657217,0.0,0.0,0.0,1.4810502488509167e+23,0.0
1084,863.0865557752611,863.0865557752611,0.0,0.0,0.0,1.4810502488509167e+23,0.0
1085,861.6736966398147,861.6736966398147,0.0,0.0,0.0,1.4810502488509167e+23,0.0
1086,860.2632544527978,860.2632544527978,0.0,0.0,0.0,1.4810502488509167e+23,0.0
1087,858.8552236276206,858.8552236276206,0.0,0.0,0.0,1.4810502488509167e+23,0.0
1088,857.449598597591,857.449598597591,0.0,0.0,0.0,1.4810502488509167e+23,0.0
1089,856.046373815826,856.046373815826,0.0,0.0,0.0,1.4810502488509167e+23,0.0
1090,854.6455437551555,854.6455437551555,0.0,0.0,0.0,1.4810502488509167e+23,0.0
1091,853.2471029080307,853.2471029080307,0.0,0.0,0.0,1.4810502488509167e+23,0.0
1092,851.8510457864346,851.8510457864346,0.0,0.0,0.0,1.4810502488509167e+23,0.0
1093,850.4573669217889,850.4573669217889,0.0,0.0,0.0,1.4810502488509167e+23,0.0
1094,849.0660608648634,849.0660608648634,0.0,0.0,0.0,1.4810502488509167e+23,0.0
1095,847.6771221856867,847.6771221856867,0.0,0.0,0.0,1.4810502488509167e+23,0.0
1096,846.2905454734563,846.2905454734563,0.0,0.0,0.0,1.4810502488509167e+23,0.0
1097,844.9063253364492,844.9063253364492,0.0,0.0,0.0,1.4810502488509167e+23,0.0
1098,843.5244564019331,843.5244564019331,0.0,0.0,0.0,1.4810502488509167e+23,0.0
1099,842.1449333160796,842.1449333160796,0.0,0.0,0.0,1.4810502488509167e+23,0.0
1100,840.767750743874,840.767750743874,0.0,0.0,0.0,1.4810502488509167e+23,0.0
1101,839.3929033690305,839.3929033690305,0.0,0.0,0.0,1.4810502488509167e+23,0.0
1102,838.0203858939044,838.0203858939044,0.0,0.0,0.0,1.4810502488509167e+23,0.0
1103,836.6501930394055,836.6501930394055,0.0,0.0,0.0,1.4810502488509167e+23,0.0
1104,835.282319544913,835.282319544913,0.0,0.0,0.0,1.4810502488509167e+23,0.0
1105,833.91676016819,833.91676016819,0.0,0.0,0.0,1.4810502488509167e+23,0.0
1106,832.5535096852983,832.5535096852983,0.0,0.0,0.0,1.4810502488509167e+23,0.0
1107,831.1925628905141,831.1925628905141,0.0,0.0,0.0,1.4810502488509167e+23,0.0
1108,829.8339145962447,829.8339145962447,0.0,0.0,0.0,1.4810502488509167e+23,0.0
1109,828.4775596329437,828.4775596329437,0.0,0.0,0.0,1.4810502488509167e+23,0.0
1110,827.1234928490292,827.1234928490292,0.0,0.0,0.0,1.4810502488509167e+23,0.0
1111,825.771709110801,825.771709110801,0.0,0.0,0.0,1.4810502488509167e+23,0.0
1112,824.4222033023576,824.4222033023576,0.0,0.0,0.0,1.4810502488509167e+23,0.0
1113,823.0749703255154,823.0749703255154,0.0,0.0,0.0,1.4810502488509167e+23,0.0
1114,821.730005099727,821.730005099727,0.0,0.0,0.0,1.4810502488509167e+23,0.0
1115,820.3873025620009,820.3873025620009,0.0,0.0,0.0,1.4810502488509167e+23,0.0
1116,819.0468576668201,819.0468576668201,0.0,0.0,0.0,1.4810502488509167e+23,0.0
1117,817.7086653860626,817.7086653860626,0.0,0.0,0.0,1.4810502488509167e+23,0.0
1118,816.3727207089231,816.3727207089231,0.0,0.0,0.0,1.4810502488509167e+23,0.0
1119,815.0390186418322,815.0390186418322,0.0,0.0,0.0,1.4810502488509167e+23,0.0
1120,813.7075542083778,813.7075542083778,0.0,0.0,0.0,1.4810502488509167e+23,0.0
1121,812.3783224492281,812.3783224492281,0.0,0.0,0.0,1.4810502488509167e+23,0.0
1122,811.051318422053,811.051318422053,0.0,0.0,0.0,1.4810502488509167e+23,0.0
1123,809.7265372014465,809.7265372014465,0.0,0.0,0.0,1.4810502488509167e+23,0.0
1124,808.4039738788499,808.4039738788499,0.0,0.0,0.0,1.4810502488509167e+23,0.0
1125,807.0836235624759,807.0836235624759,0.0,0.0,0.0,1.4810502488509167e+23,0.0
1126,805.7654813772309,805.7654813772309,0.0,0.0,0.0,1.4810502488509167e+23,0.0
1127,804.4495424646403,804.4495424646403,0.0,0.0,0.0,1.4810502488509167e+23,0.0
1128,803.1358019827735,803.1358019827735,0.0,0.0,0.0,1.4810502488509167e+23,0.0
1129,801.8242551061677,801.8242551061677,0.0,0.0,0.0,1.4810502488509167e+23,0.0
1130,800.5148970257542,800.5148970257542,0.0,0.0,0.0,1.4810502488509167e+23,0.0
1131,799.2077229487843,799.2077229487843,0.0,0.0,0.0,1.4810502488509167e+23,0.0
1132,797.9027280987546,797.9027280987546,0.0,0.0,0.0,1.4810502488509167e+23,0.0
1133,796.5999077153349,796.5999077153349,0.0,0.0,0.0,1.4810502488509167e+23,0.0
1134,795.299257054294,795.299257054294,0.0,0.0,0.0,1.4810502488509167e+23,0.0
1135,794.000771387428,794.000771387428,0.0,0.0,0.0,1.4810502488509167e+23,0.0
1136,792.7044460024878,792.7044460024878,0.0,0.0,0.0,1.4810502488509167e+23,0.0
1137,791.4102762031065,791.4102762031065,0.0,0.0,0.0,1.4810502488509167e+23,0.0
1138,790.1182573087292,790.1182573087292,0.0,0.0,0.0,1.4810502488509167e+23,0.0
1139,788.8283846545414,788.8283846545414,0.0,0.0,0.0,1.4810502488509167e+23,0.0
1140,787.5406535913979,787.5406535913979,0.0,0.0,0.0,1.4810502488509167e+23,0.0
1141,786.2550594857524,786.2550594857524,0.0,0.0,0.0,1.4810502488509167e+23,0.0
1142,784.9715977195889,784.9715977195889,0.0,0.0,0.0,1.4810502488509167e+23,0.0
1143,783.6902636903499,783.6902636903499,0.0,0.0,0.0,1.4810502488509167e+23,0.0
1144,782.4110528108691,782.4110528108691,0.0,0.0,0.0,1.4810502488509167e+23,0.0
1145,781.1339605093021,781.1339605093021,0.0,0.0,0.0,1.4810502488509167e+23,0.0
1146,779.8589822290569,779.8589822290569,0.0,0.0,0.0,1.4810502488509167e+23,0.0
1147,778.5861134287267,778.5861134287267,0.0,0.0,0.0,1.4810502488509167e+23,0.0
1148,777.3153495820219,777.3153495820219,0.0,0.0,0.0,1.4810502488509167e+23,0.0
1149,776.046686177702,776.046686177702,0.0,0.0,0.0,1.4810502488509167e+23,0.0
1150,774.7801187195107,774.7801187195107,0.0,0.0,0.0,1.4810502488509167e+23,0.0
1151,773.5156427261059,773.5156427261059,0.0,0.0,0.0,1.4810502488509167e+23,0.0
1152,772.2532537309959,772.2532537309959,0.0,0.0,0.0,1.4810502488509167e+23,0.0
1153,770.9929472824725,770.9929472824725,0.0,0.0,0.0,1.4810502488509167e+23,0.0
1154,769.7347189435452,769.7347189435452,0.0,0.0,0.0,1.4810502488509167e+23,0.0
1155,768.4785642918755,768.4785642918755,0.0,0.0,0.0,1.4810502488509167e+23,0.0
1156,767.2244789197131,767.2244789197131,0.0,0.0,0.0,1.4810502488509167e+23,0.0
1157,765.9724584338303,765.9724584338303,0.0,0.0,0.0,1.4810502488509167e+23,0.0
1158,764.7224984554574,764.7224984554574,0.0,0.0,0.0,1.4810502488509167e+23,0.0
1159,763.4745946202198,763.4745946202198,0.0,0.0,0.0,1.4810502488509167e+23,0.0
1160,762.2287425780735,762.2287425780735,0.0,0.0,0.0,1.4810502488509167e+23,0.0
1161,760.9849379932414,760.9849379932414,0.0,0.0,0.0,1.4810502488509167e+23,0.0
1162,759.7431765441518,759.7431765441518,0.0,0.0,0.0,1.4810502488509167e+23,0.0
1163,758.5034539233741,758.5034539233741,0.0,0.0,0.0,1.4810502488509167e+23,0.0
1164,757.2657658375575,757.2657658375575,0.0,0.0,0.0,1.4810502488509167e+23,0.0
1165,756.0301080073685,756.0301080073685,0.0,0.0,0.0,1.4810502488509167e+23,0.0
1166,754.7964761674295,754.7964761674295,0.0,0.0,0.0,1.4810502488509167e+23,0.0
1167,753.5648660662565,753.5648660662565,0.0,0.0,0.0,1.4810502488509167e+23,0.0
1168,752.3352734662,752.3352734662,0.0,0.0,0.0,1.4810502488509167e+23,0.0
1169,751.1076941433817,751.1076941433817,0.0,0.0,0.0,1.4810502488509167e+23,0.0
1170,749.882123887636,749.882123887636,0.0,0.0,0.0,1.4810502488509167e+23,0.0
1171,748.6585585024492,748.6585585024492,0.0,0.0,0.0,1.4810502488509167e+23,0.0
1172,747.4369938048995,747.4369938048995,0.0,0.0,0.0,1.4810502488509167e+23,0.0
1173,746.2174256255981,746.2174256255981,0.0,0.0,0.0,1.4810502488509167e+23,0.0
1174,744.999849808629,744.999849808629,0.0,0.0,0.0,1.4810502488509167e+23,0.0
1175,743.784262211491,743.784262211491,0.0,0.0,0.0,1.4810502488509167e+23,0.0
1176,742.5706587050383,742.5706587050383,0.0,0.0,0.0,1.4810502488509167e+23,0.0
1177,741.3590351734236,741.3590351734236,0.0,0.0,0.0,1.4810502488509167e+23,0.0
1178,740.1493875140383,740.1493875140383,0.0,0.0,0.0,1.4810502488509167e+23,0.0
1179,738.9417116374555,738.9417116374555,0.0,0.0,0.0,1.4810502488509167e+23,0.0
1180,737.736003467374,737.736003467374,0.0,0.0,0.0,1.4810502488509167e+23,0.0
1181,736.5322589405584,736.5322589405584,0.0,0.0,0.0,1.4810502488509167e+23,0.0
1182,735.3304740067848,735.3304740067848,0.0,0.0,0.0,1.4810502488509167e+23,0.0
1183,734.130644628783,734.130644628783,0.0,0.0,0.0,1.4810502488509167e+23,0.0
1184,732.9327667821801,732.9327667821801,0.0,0.0,0.0,1.4810502488509167e+23,0.0
1185,731.7368364554455,731.7368364554455,0.0,0.0,0.0,1.4810502488509167e+23,0.0
1186,730.5428496498345,730.5428496498345,0.0,0.0,0.0,1.4810502488509167e+23,0.0
1187,729.3508023793331,729.3508023793331,0.0,0.0,0.0,1.4810502488509167e+23,0.0
1188,728.1606906706028,728.1606906706028,0.0,0.0,0.0,1.4810502488509167e+23,0.0
1189,726.9725105629259,726.9725105629259,0.0,0.0,0.0,1.4810502488509167e+23,0.0
1190,725.7862581081506,725.7862581081506,0.0,0.0,0.0,1.4810502488509167e+23,0.0
1191,724.6019293706378,724.6019293706378,0.0,0.0,0.0,1.4810502488509167e+23,0.0
1192,723.4195204272057,723.4195204272057,0.0,0.0,0.0,1.4810502488509167e+23,0.0
1193,722.2390273670767,722.2390273670767,0.0,0.0,0.0,1.4810502488509167e+23,0.0
1194,721.060446291824,721.060446291824,0.0,0.0,0.0,1.4810502488509167e+23,0.0
1195,719.8837733153188,719.8837733153188,0.0,0.0,0.0,1.4810502488509167e+23,0.0
1196,718.7090045636762,718.7090045636762,0.0,0.0,0.0,1.4810502488509167e+23,0.0
1197,717.536136175204,717.536136175204,0.0,0.0,0.0,1.4810502488509167e+23,0.0
1198,716.3651643003489,716.3651643003489,0.0,0.0,0.0,1.4810502488509167e+23,0.0
1199,715.196085101646,715.196085101646,0.0,0.0,0.0,1.4810502488509167e+23,0.0
1200,714.0288947536652,714.0288947536652,0.0,0.0,0.0,1.4810502488509167e+23,0.0
1201,712.863589442961,712.863589442961,0.0,0.0,0.0,1.4810502488509167e+23,0.0
1202,711.7001653680203,711.7001653680203,0.0,0.0,0.0,1.4810502488509167e+23,0.0
1203,710.538618739212,710.538618739212,0.0,0.0,0.0,1.4810502488509167e+23,0.0
1204,709.3789457787353,709.3789457787353,0.0,0.0,0.0,1.4810502488509167e+23,0.0
1205,708.2211427205701,708.2211427205701,0.0,0.0,0.0,1.4810502488509167e+23,0.0
1206,707.0652058104267,707.0652058104267,0.0,0.0,0.0,1.4810502488509167e+23,0.0
1207,705.9111313056937,705.9111313056937,0.0,0.0,0.0,1.4810502488509167e+23,0.0
1208,704.7589154753916,704.7589154753916,0.0,0.0,0.0,1.4810502488509167e+23,0.0
1209,703.6085546001206,703.6085546001206,0.0,0.0,0.0,1.4810502488509167e+23,0.0
1210,702.4600449720117,702.4600449720117,0.0,0.0,0.0,1.4810502488509167e+23,0.0
1211,701.3133828946792,701.3133828946792,0.0,0.0,0.0,1.4810502488509167e+23,0.0
1212,700.1685646831696,700.1685646831696,0.0,0.0,0.0,1.4810502488509167e+23,0.0
1213,699.0255866639151,699.0255866639151,0.0,0.0,0.0,1.4810502488509167e+23,0.0
1214,697.8844451746838,697.8844451746838,0.0,0.0,0.0,1.4810502488509167e+23,0.0
1215,696.7451365645321,696.7451365645321,0.0,0.0,0.0,1.4810502488509167e+23,0.0
1216,695.6076571937572,695.6076571937572,0.0,0.0,0.0,1.4810502488509167e+23,0.0
1217,694.4720034338493,694.4720034338493,0.0,0.0,0.0,1.4810502488509167e+23,0.0
1218,693.3381716674437,693.3381716674437,0.0,0.0,0.0,1.4810502488509167e+23,0.0
1219,692.2061582882742,692.2061582882742,0.0,0.0,0.0,1.4810502488509167e+23,0.0
1220,691.0759597011264,691.0759597011264,0.0,0.0,0.0,1.4810502488509167e+23,0.0
1221,689.9475723217901,689.9475723217901,0.0,0.0,0.0,1.4810502488509167e+23,0.0
1222,688.8209925770142,688.8209925770142,0.0,0.0,0.0,1.4810502488509167e+23,0.0
1223,687.696216904459,687.696216904459,0.0,0.0,0.0,1.4810502488509167e+23,0.0
1224,686.5732417526516,686.5732417526516,0.0,0.0,0.0,1.4810502488509167e+23,0.0
1225,685.4520635809389,685.4520635809389,0.0,0.0,0.0,1.4810502488509167e+23,0.0
1226,684.3326788594433,684.3326788594433,0.0,0.0,0.0,1.4810502488509167e+23,0.0
1227,683.2150840690164,683.2150840690164,0.0,0.0,0.0,1.4810502488509167e+23,0.0
1228,682.0992757011942,682.0992757011942,0.0,0.0,0.0,1.4810502488509167e+23,0.0
1229,680.9852502581526,680.9852502581526,0.0,0.0,0.0,1.4810502488509167e+23,0.0
1230,679.8730042526628,679.8730042526628,0.0,0.0,0.0,1.4810502488509167e+23,0.0
1231,678.7625342080455,678.7625342080455,0.0,0.0,0.0,1.4810502488509167e+23,0.0
1232,677.6538366581292,677.6538366581292,0.0,0.0,0.0,1.4810502488509167e+23,0.0
1233,676.5469081472035,676.5469081472035,0.0,0.0,0.0,1.4810502488509167e+23,0.0
1234,675.4417452299776,675.4417452299776,0.0,0.0,0.0,1.4810502488509167e+23,0.0
1235,674.3383444715355,674.3383444715355,0.0,0.0,0.0,1.4810502488509167e+23,0.0
1236,673.2367024472927,673.2367024472927,0.0,0.0,0.0,1.4810502488509167e+23,0.0
1237,672.1368157429534,672.1368157429534,0.0,0.0,0.0,1.4810502488509167e+23,0.0
1238,671.0386809544684,671.0386809544684,0.0,0.0,0.0,1.4810502488509167e+23,0.0
1239,669.9422946879904,669.9422946879904,0.0,0.0,0.0,1.4810502488509167e+23,0.0
1240,668.8476535598329,668.8476535598329,0.0,0.0,0.0,1.4810502488509167e+23,0.0
1241,667.7547541964282,667.7547541964282,0.0,0.0,0.0,1.4810502488509167e+23,0.0
1242,666.6635932342841,666.6635932342841,0.0,0.0,0.0,1.4810502488509167e+23,0.0
1243,665.5741673199433,665.5741673199433,0.0,0.0,0.0,1.4810502488509167e+23,0.0
1244,664.4864731099408,664.4864731099408,0.0,0.0,0.0,1.4810502488509167e+23,0.0
1245,663.400507270763,663.400507270763,0.0,0.0,0.0,1.4810502488509167e+23,0.0
1246,662.3162664788057,662.3162664788057,0.0,0.0,0.0,1.4810502488509167e+23,0.0
1247,661.2337474203347,661.2337474203347,0.0,0.0,0.0,1.4810502488509167e+23,0.0
1248,660.1529467914424,660.1529467914424,0.0,0.0,0.0,1.4810502488509167e+23,0.0
1249,659.0738612980093,659.0738612980093,0.0,0.0,0.0,1.4810502488509167e+23,0.0
1250,657.9964876556633,657.9964876556633,0.0,0.0,0.0,1.4810502488509167e+23,0.0
1251,656.9208225897377,656.9208225897377,0.0,0.0,0.0,1.4810502488509167e+23,0.0
1252,655.8468628352331,655.8468628352331,0.0,0.0,0.0,1.4810502488509167e+23,0.0
1253,654.7746051367769,654.7746051367769,0.0,0.0,0.0,1.4810502488509167e+23,0.0
1254,653.7040462485833,653.7040462485833,0.0,0.0,0.0,1.4810502488509167e+23,0.0
1255,652.6351829344136,652.6351829344136,0.0,0.0,0.0,1.4810502488509167e+23,0.0
1256,651.5680119675379,651.5680119675379,0.0,0.0,0.0,1.4810502488509167e+23,0.0
1257,650.5025301306952,650.5025301306952,0.0,0.0,0.0,1.4810502488509167e+23,0.0
1258,649.4387342160545,649.4387342160545,0.0,0.0,0.0,1.4810502488509167e+23,0.0
1259,648.3766210251764,648.3766210251764,0.0,0.0,0.0,1.4810502488509167e+23,0.0
1260,647.3161873689743,647.3161873689743,0.0,0.0,0.0,1.4810502488509167e+23,0.0
1261,646.2574300676763,646.2574300676763,0.0,0.0,0.0,1.4810502488509167e+23,0.0
1262,645.2003459507869,645.2003459507869,0.0,0.0,0.0,1.4810502488509167e+23,0.0
1263,644.1449318570485,644.1449318570485,0.0,0.0,0.0,1.4810502488509167e+23,0.0
1264,643.091184634405,643.091184634405,0.0,0.0,0.0,1.4810502488509167e+23,0.0
1265,642.0391011399622,642.0391011399622,0.0,0.0,0.0,1.4810502488509167e+23,0.0
1266,640.9886782399518,640.9886782399518,0.0,0.0,0.0,1.4810502488509167e+23,0.0
1267,639.9399128096946,639.9399128096946,0.0,0.0,0.0,1.4810502488509167e+23,0.0
1268,638.8928017335609,638.8928017335609,0.0,0.0,0.0,1.4810502488509167e+23,0.0
1269,637.8473419049368,637.8473419049368,0.0,0.0,0.0,1.4810502488509167e+23,0.0
1270,636.8035302261849,636.8035302261849,0.0,0.0,0.0,1.4810502488509167e+23,0.0
1271,635.7613636086094,635.7613636086094,0.0,0.0,0.0,1.4810502488509167e+23,0.0
1272,634.7208389724186,634.7208389724186,0.0,0.0,0.0,1.4810502488509167e+23,0.0
1273,633.6819532466898,633.6819532466898,0.0,0.0,0.0,1.4810502488509167e+23,0.0
1274,632.6447033693319,632.6447033693319,0.0,0.0,0.0,1.4810502488509167e+23,0.0
1275,631.609086287051,631.609086287051,0.0,0.0,0.0,1.4810502488509167e+23,0.0
1276,630.5750989553139,630.5750989553139,0.0,0.0,0.0,1.4810502488509167e+23,0.0
1277,629.5427383383121,629.5427383383121,0.0,0.0,0.0,1.4810502488509167e+23,0.0
1278,628.5120014089276,628.5120014089276,0.0,0.0,0.0,1.4810502488509167e+23,0.0
1279,627.4828851486973,627.4828851486973,0.0,0.0,0.0,1.4810502488509167e+23,0.0
1280,626.4553865477775,626.4553865477775,0.0,0.0,0.0,1.4810502488509167e+23,0.0
1281,625.4295026049097,625.4295026049097,0.0,0.0,0.0,1.4810502488509167e+23,0.0
1282,624.4052303273852,624.4052303273852,0.0,0.0,0.0,1.4810502488509167e+23,0.0
1283,623.3825667310117,623.3825667310117,0.0,0.0,0.0,1.4810502488509167e+23,0.0
1284,622.361508840078,622.361508840078,0.0,0.0,0.0,1.4810502488509167e+23,0.0
1285,621.3420536873198,621.3420536873198,0.0,0.0,0.0,1.4810502488509167e+23,0.0
1286,620.3241983138861,620.3241983138861,0.0,0.0,0.0,1.4810502488509167e+23,0.0
1287,619.3079397693058,619.3079397693058,0.0,0.0,0.0,1.4810502488509167e+23,0.0
1288,618.2932751114528,618.2932751114528,0.0,0.0,0.0,1.4810502488509167e+23,0.0
1289,617.280201406513,617.280201406513,0.0,0.0,0.0,1.4810502488509167e+23,0.0
1290,616.2687157289517,616.2687157289517,0.0,0.0,0.0,1.4810502488509167e+23,0.0
1291,615.2588151614788,615.2588151614788,0.0,0.0,0.0,1.4810502488509167e+23,0.0
1292,614.2504967950172,614.2504967950172,0.0,0.0,0.0,1.4810502488509167e+23,0.0
1293,613.2437577286693,613.2437577286693,0.0,0.0,0.0,1.4810502488509167e+23,0.0
1294,612.2385950696837,612.2385950696837,0.0,0.0,0.0,1.4810502488509167e+23,0.0
1295,611.2350059334238,611.2350059334238,0.0,0.0,0.0,1.4810502488509167e+23,0.0
1296,610.2329874433341,610.2329874433341,0.0,0.0,0.0,1.4810502488509167e+23,0.0
1297,609.2325367309091,609.2325367309091,0.0,0.0,0.0,1.4810502488509167e+23,0.0
1298,608.2336509356599,608.2336509356599,0.0,0.0,0.0,1.4810502488509167e+23,0.0
1299,607.2363272050836,607.2363272050836,0.0,0.0,0.0,1.4810502488509167e+23,0.0
1300,606.2405626946298,606.2405626946298,0.0,0.0,0.0,1.4810502488509167e+23,0.0
1301,605.246354567671,605.246354567671,0.0,0.0,0.0,1.4810502488509167e+23,0.0
1302,604.2536999954689,604.2536999954689,0.0,0.0,0.0,1.4810502488509167e+23,0.0
1303,603.2625961571442,603.2625961571442,0.0,0.0,0.0,1.4810502488509167e+23,0.0
1304,602.2730402396456,602.2730402396456,0.0,0.0,0.0,1.4810502488509167e+23,0.0
1305,601.2850294377181,601.2850294377181,0.0,0.0,0.0,1.4810502488509167e+23,0.0
1306,600.2985609538714,600.2985609538714,0.0,0.0,0.0,1.4810502488509167e+23,0.0
1307,599.3136319983514,599.3136319983514,0.0,0.0,0.0,1.4810502488509167e+23,0.0
1308,598.3302397891066,598.3302397891066,0.0,0.0,0.0,1.4810502488509167e+23,0.0
1309,597.3483815517598,597.3483815517598,0.0,0.0,0.0,1.4810502488509167e+23,0.0
1310,596.3680545195768,596.3680545195768,0.0,0.0,0.0,1.4810502488509167e+23,0.0
1311,595.3892559334362,595.3892559334362,0.0,0.0,0.0,1.4810502488509167e+23,0.0
1312,594.4119830417994,594.4119830417994,0.0,0.0,0.0,1.4810502488509167e+23,0.0
1313,593.436233100681,593.436233100681,0.0,0.0,0.0,1.4810502488509167e+23,0.0
1314,592.4620033736177,592.4620033736177,0.0,0.0,0.0,1.4810502488509167e+23,0.0
1315,591.4892911316407,591.4892911316407,0.0,0.0,0.0,1.4810502488509167e+23,0.0
1316,590.5180936532443,590.5180936532443,0.0,0.0,0.0,1.4810502488509167e+23,0.0
1317,589.5484082243573,589.5484082243573,0.0,0.0,0.0,1.4810502488509167e+23,0.0
1318,588.580232138314,588.580232138314,0.0,0.0,0.0,1.4810502488509167e+23,0.0
1319,587.6135626958245,587.6135626958245,0.0,0.0,0.0,1.4810502488509167e+23,0.0
1320,586.6483972049456,586.6483972049456,0.0,0.0,0.0,1.4810502488509167e+23,0.0
1321,585.6847329810531,585.6847329810531,0.0,0.0,0.0,1.4810502488509167e+23,0.0
1322,584.7225673468115,584.7225673468115,0.0,0.0,0.0,1.4810502488509167e+23,0.0
1323,583.7618976321467,583.7618976321467,0.0,0.0,0.0,1.4810502488509167e+23,0.0
1324,582.8027211742162,582.8027211742162,0.0,0.0,0.0,1.4810502488509167e+23,0.0
1325,581.845035317383,581.845035317383,0.0,0.0,0.0,1.4810502488509167e+23,0.0
1326,580.8888374131843,580.8888374131843,0.0,0.0,0.0,1.4810502488509167e+23,0.0
1327,579.9341248203066,579.9341248203066,0.0,0.0,0.0,1.4810502488509167e+23,0.0
1328,578.9808949045556,578.9808949045556,0.0,0.0,0.0,1.4810502488509167e+23,0.0
1329,578.0291450388289,578.0291450388289,0.0,0.0,0.0,1.4810502488509167e+23,0.0
1330,577.0788726030887,577.0788726030887,0.0,0.0,0.0,1.4810502488509167e+23,0.0
1331,576.1300749843348,576.1300749843348,0.0,0.0,0.0,1.4810502488509167e+23,0.0
1332,575.1827495765751,575.1827495765751,0.0,0.0,0.0,1.4810502488509167e+23,0.0
1333,574.2368937808009,574.2368937808009,0.0,0.0,0.0,1.4810502488509167e+23,0.0
1334,573.2925050049573,573.2925050049573,0.0,0.0,0.0,1.4810502488509167e+23,0.0
1335,572.3495806639186,572.3495806639186,0.0,0.0,0.0,1.4810502488509167e+23,0.0
1336,571.408118179459,571.408118179459,0.0,0.0,0.0,1.4810502488509167e+23,0.0
1337,570.4681149802277,570.4681149802277,0.0,0.0,0.0,1.4810502488509167e+23,0.0
1338,569.5295685017211,569.5295685017211,0.0,0.0,0.0,1.4810502488509167e+23,0.0
1339,568.5924761862567,568.5924761862567,0.0,0.0,0.0,1.4810502488509167e+23,0.0
1340,567.6568354829465,567.6568354829465,0.0,0.0,0.0,1.4810502488509167e+23,0.0
1341,566.7226438476705,566.7226438476705,0.0,0.0,0.0,1.4810502488509167e+23,0.0
1342,565.7898987430516,565.7898987430516,0.0,0.0,0.0,1.4810502488509167e+23,0.0
1343,564.8585976384278,564.8585976384278,0.0,0.0,0.0,1.4810502488509167e+23,0.0
1344,563.9287380098277,563.9287380098277,0.0,0.0,0.0,1.4810502488509167e+23,0.0
1345,563.000317339944,563.000317339944,0.0,0.0,0.0,1.4810502488509167e+23,0.0
1346,562.0733331181077,562.0733331181077,0.0,0.0,0.0,1.4810502488509167e+23,0.0
1347,561.1477828402633,561.1477828402633,0.0,0.0,0.0,1.4810502488509167e+23,0.0
1348,560.2236640089423,560.2236640089423,0.0,0.0,0.0,1.4810502488509167e+23,0.0
1349,559.3009741332382,559.3009741332382,0.0,0.0,0.0,1.4810502488509167e+23,0.0
1350,558.3797107287819,558.3797107287819,0.0,0.0,0.0,1.4810502488509167e+23,0.0
1351,557.4598713177156,557.4598713177156,0.0,0.0,0.0,1.4810502488509167e+23,0.0
1352,556.5414534286681,556.5414534286681,0.0,0.0,0.0,1.4810502488509167e+23,0.0
1353,555.6244545967305,555.6244545967305,0.0,0.0,0.0,1.4810502488509167e+23,0.0
1354,554.7088723634307,554.7088723634307,0.0,0.0,0.0,1.4810502488509167e+23,0.0
1355,553.7947042767088,553.7947042767088,0.0,0.0,0.0,1.4810502488509167e+23,0.0
1356,552.8819478908927,552.8819478908927,0.0,0.0,0.0,1.4810502488509167e+23,0.0
1357,551.9706007666741,551.9706007666741,0.0,0.0,0.0,1.4810502488509167e+23,0.0
1358,551.0606604710832,551.0606604710832,0.0,0.0,0.0,1.4810502488509167e+23,0.0
1359,550.1521245774651,550.1521245774651,0.0,0.0,0.0,1.4810502488509167e+23,0.0
1360,549.2449906654559,549.2449906654559,0.0,0.0,0.0,1.4810502488509167e+23,0.0
1361,548.339256320958,548.339256320958,0.0,0.0,0.0,1.4810502488509167e+23,0.0
1362,547.4349191361168,547.4349191361168,0.0,0.0,0.0,1.4810502488509167e+23,0.0
1363,546.5319767092959,546.5319767092959,0.0,0.0,0.0,1.4810502488509167e+23,0.0
1364,545.6304266450556,545.6304266450556,0.0,0.0,0.0,1.4810502488509167e+23,0.0
1365,544.7302665541266,544.7302665541266,0.0,0.0,0.0,1.4810502488509167e+23,0.0
1366,543.8314940533887,543.8314940533887,0.0,0.0,0.0,1.4810502488509167e+23,0.0
1367,542.934106765846,542.934106765846,0.0,0.0,0.0,1.4810502488509167e+23,0.0
1368,542.0381023206045,542.0381023206045,0.0,0.0,0.0,1.4810502488509167e+23,0.0
1369,541.1434783528485,541.1434783528485,0.0,0.0,0.0,1.4810502488509167e+23,0.0
1370,540.250232503818,540.250232503818,0.0,0.0,0.0,1.4810502488509167e+23,0.0
1371,539.3583624207854,539.3583624207854,0.0,0.0,0.0,1.4810502488509167e+23,0.0
1372,538.4678657570324,538.4678657570324,0.0,0.0,0.0,1.4810502488509167e+23,0.0
1373,537.5787401718278,537.5787401718278,0.0,0.0,0.0,1.4810502488509167e+23,0.0
1374,536.690983330405,536.690983330405,0.0,0.0,0.0,1.4810502488509167e+23,0.0
1375,535.8045929039382,535.8045929039382,0.0,0.0,0.0,1.4810502488509167e+23,0.0
1376,534.9195665695222,534.9195665695222,0.0,0.0,0.0,1.4810502488509167e+23,0.0
1377,534.0359020101474,534.0359020101474,0.0,0.0,0.0,1.4810502488509167e+23,0.0
1378,533.1535969146802,533.1535969146802,0.0,0.0,0.0,1.4810502488509167e+23,0.0
1379,532.2726489778385,532.2726489778385,0.0,0.0,0.0,1.4810502488509167e+23,0.0
1380,531.3930559001715,531.3930559001715,0.0,0.0,0.0,1.4810502488509167e+23,0.0
1381,530.5148153880365,530.5148153880365,0.0,0.0,0.0,1.4810502488509167e+23,0.0
1382,529.6379251535781,529.6379251535781,0.0,0.0,0.0,1.4810502488509167e+23,0.0
1383,528.7623829147055,528.7623829147055,0.0,0.0,0.0,1.4810502488509167e+23,0.0
1384,527.8881863950717,527.8881863950717,0.0,0.0,0.0,1.4810502488509167e+23,0.0
1385,527.0153333240514,527.0153333240514,0.0,0.0,0.0,1.4810502488509167e+23,0.0
1386,526.1438214367199,526.1438214367199,0.0,0.0,0.0,1.4810502488509167e+23,0.0
1387,525.2736484738313,525.2736484738313,0.0,0.0,0.0,1.4810502488509167e+23,0.0
1388,524.4048121817974,524.4048121817974,0.0,0.0,0.0,1.4810502488509167e+23,0.0
1389,523.5373103126673,523.5373103126673,0.0,0.0,0.0,1.4810502488509167e+23,0.0
1390,522.6711406241049,522.6711406241049,0.0,0.0,0.0,1.4810502488509167e+23,0.0
1391,521.8063008793695,521.8063008793695,0.0,0.0,0.0,1.4810502488509167e+23,0.0
1392,520.9427888472937,520.9427888472937,0.0,0.0,0.0,1.4810502488509167e+23,0.0
1393,520.080602302263,520.080602302263,0.0,0.0,0.0,1.4810502488509167e+23,0.0
1394,519.2197390241955,519.2197390241955,0.0,0.0,0.0,1.4810502488509167e+23,0.0
1395,518.3601967985205,518.3601967985205,0.0,0.0,0.0,1.4810502488509167e+23,0.0
1396,517.501973416159,517.501973416159,0.0,0.0,0.0,1.4810502488509167e+23,0.0
1397,516.6450666735027,516.6450666735027,0.0,0.0,0.0,1.4810502488509167e+23,0.0
1398,515.7894743723929,515.7894743723929,0.0,0.0,0.0,1.4810502488509167e+23,0.0
1399,514.935194320102,514.935194320102,0.0,0.0,0.0,1.4810502488509167e+23,0.0
1400,514.0822243293122,514.0822243293122,0.0,0.0,0.0,1.4810502488509167e+23,0.0
1401,513.2305622180955,513.2305622180955,0.0,0.0,0.0,1.4810502488509167e+23,0.0
1402,512.3802058098939,512.3802058098939,0.0,0.0,0.0,1.4810502488509167e+23,0.0
1403,511.53115293349987,511.53115293349987,0.0,0.0,0.0,1.4810502488509167e+23,0.0
1404,510.68340142303566,510.68340142303566,0.0,0.0,0.0,1.4810502488509167e+23,0.0
1405,509.83694911793464,509.83694911793464,0.0,0.0,0.0,1.4810502488509167e+23,0.0
1406,508.99179386292093,508.99179386292093,0.0,0.0,0.0,1.4810502488509167e+23,0.0
1407,508.1479335079902,508.1479335079902,0.0,0.0,0.0,1.4810502488509167e+23,0.0
1408,507.3053659083902,507.3053659083902,0.0,0.0,0.0,1.4810502488509167e+23,0.0
1409,506.46408892460136,506.46408892460136,0.0,0.0,0.0,1.4810502488509167e+23,0.0
1410,505.6241004223174,505.6241004223174,0.0,0.0,0.0,1.4810502488509167e+23,0.0
1411,504.7853982724265,504.7853982724265,0.0,0.0,0.0,1.4810502488509167e+23,0.0
1412,503.94798035099166,503.94798035099166,0.0,0.0,0.0,1.4810502488509167e+23,0.0
1413,503.11184453923204,503.11184453923204,0.0,0.0,0.0,1.4810502488509167e+23,0.0
1414,502.27698872350413,502.27698872350413,0.0,0.0,0.0,1.4810502488509167e+23,0.0
1415,501.4434107952829,501.4434107952829,0.0,0.0,0.0,1.4810502488509167e+23,0.0
1416,500.61110865114216,500.61110865114216,0.0,0.0,0.0,1.4810502488509167e+23,0.0
1417,499.78008019273744,499.78008019273744,0.0,0.0,0.0,1.4810502488509167e+23,0.0
1418,498.95032332678596,498.95032332678596,0.0,0.0,0.0,1.4810502488509167e+23,0.0
1419,498.12183596504883,498.12183596504883,0.0,0.0,0.0,1.4810502488509167e+23,0.0
1420,497.2946160243125,497.2946160243125,0.0,0.0,0.0,1.4810502488509167e+23,0.0
1421,496.4686614263703,496.4686614263703,0.0,0.0,0.0,1.4810502488509167e+23,0.0
1422,495.64397009800416,495.64397009800416,0.0,0.0,0.0,1.4810502488509167e+23,0.0
1423,494.8205399709668,494.8205399709668,0.0,0.0,0.0,1.4810502488509167e+23,0.0
1424,493.9983689819627,493.9983689819627,0.0,0.0,0.0,1.4810502488509167e+23,0.0
1425,493.1774550726311,493.1774550726311,0.0,0.0,0.0,1.4810502488509167e+23,0.0
1426,492.3577961895277,492.3577961895277,0.0,0.0,0.0,1.4810502488509167e+23,0.0
1427,491.53939028410576,491.53939028410576,0.0,0.0,0.0,1.4810502488509167e+23,0.0
1428,490.7222353127005,490.7222353127005,0.0,0.0,0.0,1.4810502488509167e+23,0.0
1429,489.9063292365091,489.9063292365091,0.0,0.0,0.0,1.4810502488509167e+23,0.0
1430,489.0916700215743,489.0916700215743,0.0,0.0,0.0,1.4810502488509167e+23,0.0
1431,488.2782556387666,488.2782556387666,0.0,0.0,0.0,1.4810502488509167e+23,0.0
1432,487.4660840637669,487.4660840637669,0.0,0.0,0.0,1.4810502488509167e+23,0.0
1433,486.6551532770484,486.6551532770484,0.0,0.0,0.0,1.4810502488509167e+23,0.0
1434,485.84546126386016,485.84546126386016,0.0,0.0,0.0,1.4810502488509167e+23,0.0
1435,485.0370060142094,485.0370060142094,0.0,0.0,0.0,1.4810502488509167e+23,0.0
1436,484.22978552284417,484.22978552284417,0.0,0.0,0.0,1.4810502488509167e+23,0.0
1437,483.42379778923646,483.42379778923646,0.0,0.0,0.0,1.4810502488509167e+23,0.0
1438,482.6190408175653,482.6190408175653,0.0,0.0,0.0,1.4810502488509167e+23,0.0
1439,481.81551261669927,481.81551261669927,0.0,0.0,0.0,1.4810502488509167e+23,0.0
1440,481.01321120018,481.01321120018,0.0,0.0,0.0,1.4810502488509167e+23,0.0
1441,480.2121345862056,480.2121345862056,0.0,0.0,0.0,1.4810502488509167e+23,0.0
1442,479.41228079761316,479.41228079761316,0.0,0.0,0.0,1.4810502488509167e+23,0.0
1443,478.6136478618629,478.6136478618629,0.0,0.0,0.0,1.4810502488509167e+23,0.0
1444,477.81623381102094,477.81623381102094,0.0,0.0,0.0,1.4810502488509167e+23,0.0
1445,477.02003668174285,477.02003668174285,0.0,0.0,0.0,1.4810502488509167e+23,0.0
1446,476.225054515258,476.225054515258,0.0,0.0,0.0,1.4810502488509167e+23,0.0
1447,475.4312853573517,475.4312853573517,0.0,0.0,0.0,1.4810502488509167e+23,0.0
1448,474.6387272583502,474.6387272583502,0.0,0.0,0.0,1.4810502488509167e+23,0.0
1449,473.84737827310386,473.84737827310386,0.0,0.0,0.0,1.4810502488509167e+23,0.0
1450,473.0572364609711,473.0572364609711,0.0,0.0,0.0,1.4810502488509167e+23,0.0
1451,472.26829988580204,472.26829988580204,0.0,0.0,0.0,1.4810502488509167e+23,0.0
1452,471.48056661592324,471.48056661592324,0.0,0.0,0.0,1.4810502488509167e+23,0.0
1453,470.6940347241204,470.6940347241204,0.0,0.0,0.0,1.4810502488509167e+23,0.0
1454,469.90870228762384,469.90870228762384,0.0,0.0,0.0,1.4810502488509167e+23,0.0
1455,469.1245673880919,469.1245673880919,0.0,0.0,0.0,1.4810502488509167e+23,0.0
1456,468.34162811159547,468.34162811159547,0.0,0.0,0.0,1.4810502488509167e+23,0.0
1457,467.5598825486018,467.5598825486018,0.0,0.0,0.0,1.4810502488509167e+23,0.0
1458,466.77932879395973,466.77932879395973,0.0,0.0,0.0,1.4810502488509167e+23,0.0
1459,465.9999649468834,465.9999649468834,0.0,0.0,0.0,1.4810502488509167e+23,0.0
1460,465.2217891109371,465.2217891109371,0.0,0.0,0.0,1.4810502488509167e+23,0.0
1461,464.44479939401975,464.44479939401975,0.0,0.0,0.0,1.4810502488509167e+23,0.0
1462,463.6689939083497,463.6689939083497,0.0,0.0,0.0,1.4810502488509167e+23,0.0
1463,462.894370770449,462.894370770449,0.0,0.0,0.0,1.4810502488509167e+23,0.0
1464,462.1209281011289,462.1209281011289,0.0,0.0,0.0,1.4810502488509167e+23,0.0
1465,461.34866402547374,461.34866402547374,0.0,0.0,0.0,1.4810502488509167e+23,0.0
1466,460.5775766728269,460.5775766728269,0.0,0.0,0.0,1.4810502488509167e+23,0.0
1467,459.80766417677523,459.80766417677523,0.0,0.0,0.0,1.4810502488509167e+23,0.0
1468,459.0389246751336,459.0389246751336,0.0,0.0,0.0,1.4810502488509167e+23,0.0
1469,458.27135630993087,458.27135630993087,0.0,0.0,0.0,1.4810502488509167e+23,0.0
1470,457.504957227395,457.504957227395,0.0,0.0,0.0,1.4810502488509167e+23,0.0
1471,456.7397255779373,456.7397255779373,0.0,0.0,0.0,1.4810502488509167e+23,0.0
1472,455.9756595161389,455.9756595161389,0.0,0.0,0.0,1.4810502488509167e+23,0.0
1473,455.2127572007354,455.2127572007354,0.0,0.0,0.0,1.4810502488509167e+23,0.0
1474,454.45101679460254,454.45101679460254,0.0,0.0,0.0,1.4810502488509167e+23,0.0
1475,453.6904364647416,453.6904364647416,0.0,0.0,0.0,1.4810502488509167e+23,0.0
1476,452.93101438226495,452.93101438226495,0.0,0.0,0.0,1.4810502488509167e+23,0.0
1477,452.17274872238164,452.17274872238164,0.0,0.0,0.0,1.4810502488509167e+23,0.0
1478,451.4156376643832,451.4156376643832,0.0,0.0,0.0,1.4810502488509167e+23,0.0
1479,450.6596793916291,450.6596793916291,0.0,0.0,0.0,1.4810502488509167e+23,0.0
1480,449.90487209153287,449.90487209153287,0.0,0.0,0.0,1.4810502488509167e+23,0.0
1481,449.1512139555476,449.1512139555476,0.0,0.0,0.0,1.4810502488509167e+23,0.0
1482,448.39870317915194,448.39870317915194,0.0,0.0,0.0,1.4810502488509167e+23,0.0
1483,447.6473379618365,447.6473379618365,0.0,0.0,0.0,1.4810502488509167e+23,0.0
1484,446.89711650708915,446.89711650708915,0.0,0.0,0.0,1.4810502488509167e+23,0.0
1485,446.14803702238163,446.14803702238163,0.0,0.0,0.0,1.4810502488509167e+23,0.0
1486,445.4000977191554,445.4000977191554,0.0,0.0,0.0,1.4810502488509167e+23,0.0
1487,444.6532968128083,444.6532968128083,0.0,0.0,0.0,1.4810502488509167e+23,0.0
1488,443.9076325226802,443.9076325226802,0.0,0.0,0.0,1.4810502488509167e+23,0.0
1489,443.16310307203963,443.16310307203963,0.0,0.0,0.0,1.4810502488509167e+23,0.0
1490,442.41970668807033,442.41970668807033,0.0,0.0,0.0,1.4810502488509167e+23,0.0
1491,441.67744160185725,441.67744160185725,0.0,0.0,0.0,1.4810502488509167e+23,0.0
1492,440.93630604837364,440.93630604837364,0.0,0.0,0.0,1.4810502488509167e+23,0.0
1493,440.1962982664669,440.1962982664669,0.0,0.0,0.0,1.4810502488509167e+23,0.0
1494,439.4574164988459,439.4574164988459,0.0,0.0,0.0,1.4810502488509167e+23,0.0
1495,438.7196589920668,438.7196589920668,0.0,0.0,0.0,1.4810502488509167e+23,0.0
1496,437.98302399652084,437.98302399652084,0.0,0.0,0.0,1.4810502488509167e+23,0.0
1497,437.24750976642025,437.24750976642025,0.0,0.0,0.0,1.4810502488509167e+23,0.0
1498,436.5131145597853,436.5131145597853,0.0,0.0,0.0,1.4810502488509167e+23,0.0
1499,435.7798366384316,435.7798366384316,0.0,0.0,0.0,1.4810502488509167e+23,0.0
1500,435.0476742679564,435.0476742679564,0.0,0.0,0.0,1.4810502488509167e+23,0.0
1501,434.316625717726,434.316625717726,0.0,0.0,0.0,1.4810502488509167e+23,0.0
1502,433.5866892608629,433.5866892608629,0.0,0.0,0.0,1.4810502488509167e+23,0.0
1503,432.85786317423236,432.85786317423236,0.0,0.0,0.0,1.4810502488509167e+23,0.0
1504,432.13014573843043,432.13014573843043,0.0,0.0,0.0,1.4810502488509167e+23,0.0
1505,431.40353523777026,431.40353523777026,0.0,0.0,0.0,1.4810502488509167e+23,0.0
1506,430.6780299602699,430.6780299602699,0.0,0.0,0.0,1.4810502488509167e+23,0.0
1507,429.9536281976396,429.9536281976396,0.0,0.0,0.0,1.4810502488509167e+23,0.0
1508,429.2303282452691,429.2303282452691,0.0,0.0,0.0,1.4810502488509167e+23,0.0
1509,428.508128402215,428.508128402215,0.0,0.0,0.0,1.4810502488509167e+23,0.0
1510,427.7870269711884,427.7870269711884,0.0,0.0,0.0,1.4810502488509167e+23,0.0
1511,427.0670222585422,427.0670222585422,0.0,0.0,0.0,1.4810502488509167e+23,0.0
1512,426.34811257425906,426.34811257425906,0.0,0.0,0.0,1.4810502488509167e+23,0.0
1513,425.63029623193876,425.63029623193876,0.0,0.0,0.0,1.4810502488509167e+23,0.0
1514,424.9135715487859,424.9135715487859,0.0,0.0,0.0,1.4810502488509167e+23,0.0
1515,424.19793684559767,424.19793684559767,0.0,0.0,0.0,1.4810502488509167e+23,0.0
1516,423.48339044675214,423.48339044675214,0.0,0.0,0.0,1.4810502488509167e+23,0.0
1517,422.76993068019493,422.76993068019493,0.0,0.0,0.0,1.4810502488509167e+23,0.0
1518,422.05755587742846,422.05755587742846,0.0,0.0,0.0,1.4810502488509167e+23,0.0
1519,421.3462643734991,421.3462643734991,0.0,0.0,0.0,1.4810502488509167e+23,0.0
1520,420.63605450698526,420.63605450698526,0.0,0.0,0.0,1.4810502488509167e+23,0.0
1521,419.9269246199857,419.9269246199857,0.0,0.0,0.0,1.4810502488509167e+23,0.0
1522,419.2188730581075,419.2188730581075,0.0,0.0,0.0,1.4810502488509167e+23,0.0
1523,418.5118981704539,418.5118981704539,0.0,0.0,0.0,1.4810502488509167e+23,0.0
1524,417.80599830961336,417.80599830961336,0.0,0.0,0.0,1.4810502488509167e+23,0.0
1525,417.10117183164675,417.10117183164675,0.0,0.0,0.0,1.4810502488509167e+23,0.0
1526,416.3974170960762,416.3974170960762,0.0,0.0,0.0,1.4810502488509167e+23,0.0
1527,415.69473246587387,415.69473246587387,0.0,0.0,0.0,1.4810502488509167e+23,0.0
1528,414.9931163074492,414.9931163074492,0.0,0.0,0.0,1.4810502488509167e+23,0.0
1529,414.29256699063853,414.29256699063853,0.0,0.0,0.0,1.4810502488509167e+23,0.0
1530,413.593082888693,413.593082888693,0.0,0.0,0.0,1.4810502488509167e+23,0.0
1531,412.8946623782672,412.8946623782672,0.0,0.0,0.0,1.4810502488509167e+23,0.0
1532,412.1973038394076,412.1973038394076,0.0,0.0,0.0,1.4810502488509167e+23,0.0
1533,411.50100565554163,411.50100565554163,0.0,0.0,0.0,1.4810502488509167e+23,0.0
1534,410.8057662134659,410.8057662134659,0.0,0.0,0.0,1.4810502488509167e+23,0.0
1535,410.11158390333514,410.11158390333514,0.0,0.0,0.0,1.4810502488509167e+23,0.0
1536,409.4184571186511,409.4184571186511,0.0,0.0,0.0,1.4810502488509167e+23,0.0
1537,408.72638425625104,408.72638425625104,0.0,0.0,0.0,1.4810502488509167e+23,0.0
1538,408.03536371629684,408.03536371629684,0.0,0.0,0.0,1.4810502488509167e+23,0.0
1539,407.3453939022642,407.3453939022642,0.0,0.0,0.0,1.4810502488509167e+23,0.0
1540,406.65647322093093,406.65647322093093,0.0,0.0,0.0,1.4810502488509167e+23,0.0
1541,405.96860008236644,405.96860008236644,0.0,0.0,0.0,1.4810502488509167e+23,0.0
1542,405.2817728999208,405.2817728999208,0.0,0.0,0.0,1.4810502488509167e+23,0.0
1543,404.59599009021343,404.59599009021343,0.0,0.0,0.0,1.4810502488509167e+23,0.0
1544,403.91125007312274,403.91125007312274,0.0,0.0,0.0,1.4810502488509167e+23,0.0
1545,403.2275512717755,403.2275512717755,0.0,0.0,0.0,1.4810502488509167e+23,0.0
1546,402.5448921125349,402.5448921125349,0.0,0.0,0.0,1.4810502488509167e+23,0.0
1547,401.8632710249913,401.8632710249913,0.0,0.0,0.0,1.4810502488509167e+23,0.0
1548,401.1826864419508,401.1826864419508,0.0,0.0,0.0,1.4810502488509167e+23,0.0
1549,400.50313679942445,400.50313679942445,0.0,0.0,0.0,1.4810502488509167e+23,0.0
1550,399.8246205366181,399.8246205366181,0.0,0.0,0.0,1.4810502488509167e+23,0.0
1551,399.14713609592184,399.14713609592184,0.0,0.0,0.0,1.4810502488509167e+23,0.0
1552,398.470681922899,398.470681922899,0.0,0.0,0.0,1.4810502488509167e+23,0.0
1553,397.79525646627644,397.79525646627644,0.0,0.0,0.0,1.4810502488509167e+23,0.0
1554,397.1208581779334,397.1208581779334,0.0,0.0,0.0,1.4810502488509167e+23,0.0
1555,396.4474855128918,396.4474855128918,0.0,0.0,0.0,1.4810502488509167e+23,0.0
1556,395.77513692930523,395.77513692930523,0.0,0.0,0.0,1.4810502488509167e+23,0.0
1557,395.1038108884496,395.1038108884496,0.0,0.0,0.0,1.4810502488509167e+23,0.0
1558,394.43350585471177,394.43350585471177,0.0,0.0,0.0,1.4810502488509167e+23,0.0
1559,393.7642202955803,393.7642202955803,0.0,0.0,0.0,1.4810502488509167e+23,0.0
1560,393.0959526816346,393.0959526816346,0.0,0.0,0.0,1.4810502488509167e+23,0.0
1561,392.4287014865356,392.4287014865356,0.0,0.0,0.0,1.4810502488509167e+23,0.0
1562,391.76246518701487,391.76246518701487,0.0,0.0,0.0,1.4810502488509167e+23,0.0
1563,391.097242262865,391.097242262865,0.0,0.0,0.0,1.4810502488509167e+23,0.0
1564,390.4330311969295,390.4330311969295,0.0,0.0,0.0,1.4810502488509167e+23,0.0
1565,389.7698304750932,389.7698304750932,0.0,0.0,0.0,1.4810502488509167e+23,0.0
1566,389.10763858627166,389.10763858627166,0.0,0.0,0.0,1.4810502488509167e+23,0.0
1567,388.44645402240207,388.44645402240207,0.0,0.0,0.0,1.4810502488509167e+23,0.0
1568,387.78627527843275,387.78627527843275,0.0,0.0,0.0,1.4810502488509167e+23,0.0
1569,387.1271008523138,387.1271008523138,0.0,0.0,0.0,1.4810502488509167e+23,0.0
1570,386.46892924498735,386.46892924498735,0.0,0.0,0.0,1.4810502488509167e+23,0.0
1571,385.81175896037746,385.81175896037746,0.0,0.0,0.0,1.4810502488509167e+23,0.0
1572,385.155588505381,385.155588505381,0.0,0.0,0.0,1.4810502488509167e+23,0.0
1573,384.5004163898576,384.5004163898576,0.0,0.0,0.0,1.4810502488509167e+23,0.0
1574,383.84624112662027,383.84624112662027,0.0,0.0,0.0,1.4810502488509167e+23,0.0
1575,383.19306123142576,383.19306123142576,0.0,0.0,0.0,1.4810502488509167e+23,0.0
1576,382.5408752229652,382.5408752229652,0.0,0.0,0.0,1.4810502488509167e+23,0.0
1577,381.88968162285454,381.88968162285454,0.0,0.0,0.0,1.4810502488509167e+23,0.0
1578,381.23947895562503,381.23947895562503,0.0,0.0,0.0,1.4810502488509167e+23,0.0
1579,380.59026574871376,380.59026574871376,0.0,0.0,0.0,1.4810502488509167e+23,0.0
1580,379.942040532455,379.942040532455,0.0,0.0,0.0,1.4810502488509167e+23,0.0
1581,379.29480184006985,379.29480184006985,0.0,0.0,0.0,1.4810502488509167e+23,0.0
1582,378.6485482076576,378.6485482076576,0.0,0.0,0.0,1.4810502488509167e+23,0.0
1583,378.0032781741865,378.0032781741865,0.0,0.0,0.0,1.4810502488509167e+23,0.0
1584,377.35899028148435,377.35899028148435,0.0,0.0,0.0,1.4810502488509167e+23,0.0
1585,376.71568307422933,376.71568307422933,0.0,0.0,0.0,1.4810502488509167e+23,0.0
1586,376.0733550999411,376.0733550999411,0.0,0.0,0.0,1.4810502488509167e+23,0.0
1587,375.43200490897146,375.43200490897146,0.0,0.0,0.0,1.4810502488509167e+23,0.0
1588,374.7916310544957,374.7916310544957,0.0,0.0,0.0,1.4810502488509167e+23,0.0
1589,374.1522320925028,374.1522320925028,0.0,0.0,0.0,1.4810502488509167e+23,0.0
1590,373.5138065817873,373.5138065817873,0.0,0.0,0.0,1.4810502488509167e+23,0.0
1591,372.87635308394016,372.87635308394016,0.0,0.0,0.0,1.4810502488509167e+23,0.0
1592,372.23987016333916,372.23987016333916,0.0,0.0,0.0,1.4810502488509167e+23,0.0
1593,371.6043563871414,371.6043563871414,0.0,0.0,0.0,1.4810502488509167e+23,0.0
1594,370.96981032527316,370.96981032527316,0.0,0.0,0.0,1.4810502488509167e+23,0.0
1595,370.33623055042136,370.33623055042136,0.0,0.0,0.0,1.4810502488509167e+23,0.0
1596,369.7036156380256,369.7036156380256,0.0,0.0,0.0,1.4810502488509167e+23,0.0
1597,369.0719641662687,369.0719641662687,0.0,0.0,0.0,1.4810502488509167e+23,0.0
1598,368.44127471606816,368.44127471606816,0.0,0.0,0.0,1.4810502488509167e+23,0.0
1599,367.81154587106744,367.81154587106744,0.0,0.0,0.0,1.4810502488509167e+23,0.0
1600,367.1827762176277,367.1827762176277,0.0,0.0,0.0,1.4810502488509167e+23,0.0
1601,366.55496434481876,366.55496434481876,0.0,0.0,0.0,1.4810502488509167e+23,0.0
1602,365.92810884441104,365.92810884441104,0.0,0.0,0.0,1.4810502488509167e+23,0.0
1603,365.3022083108665,365.3022083108665,0.0,0.0,0.0,1.4810502488509167e+23,0.0
1604,364.6772613413305,364.6772613413305,0.0,0.0,0.0,1.4810502488509167e+23,0.0
1605,364.05326653562344,364.05326653562344,0.0,0.0,0.0,1.4810502488509167e+23,0.0
1606,363.43022249623203,363.43022249623203,0.0,0.0,0.0,1.4810502488509167e+23,0.0
1607,362.8081278283013,362.8081278283013,0.0,0.0,0.0,1.4810502488509167e+23,0.0
1608,362.1869811396258,362.1869811396258,0.0,0.0,0.0,1.4810502488509167e+23,0.0
1609,361.5667810406419,361.5667810406419,0.0,0.0,0.0,1.4810502488509167e+23,0.0
1610,360.9475261444187,360.9475261444187,0.0,0.0,0.0,1.4810502488509167e+23,0.0
1611,360.32921506665076,360.32921506665076,0.0,0.0,0.0,1.4810502488509167e+23,0.0
1612,359.711846425649,359.711846425649,0.0,0.0,0.0,1.4810502488509167e+23,0.0
1613,359.09541884233306,359.09541884233306,0.0,0.0,0.0,1.4810502488509167e+23,0.0
1614,358.47993094022314,358.47993094022314,0.0,0.0,0.0,1.4810502488509167e+23,0.0
1615,357.86538134543156,357.86538134543156,0.0,0.0,0.0,1.4810502488509167e+23,0.0
1616,357.25176868665517,357.25176868665517,0.0,0.0,0.0,1.4810502488509167e+23,0.0
1617,356.6390915951667,356.6390915951667,0.0,0.0,0.0,1.4810502488509167e+23,0.0
1618,356.02734870480725,356.02734870480725,0.0,0.0,0.0,1.4810502488509167e+23,0.0
1619,355.4165386519783,355.4165386519783,0.0,0.0,0.0,1.4810502488509167e+23,0.0
1620,354.80666007563343,354.80666007563343,0.0,0.0,0.0,1.4810502488509167e+23,0.0
1621,354.1977116172708,354.1977116172708,0.0,0.0,0.0,1.4810502488509167e+23,0.0
1622,353.58969192092457,353.58969192092457,0.0,0.0,0.0,1.4810502488509167e+23,0.0
1623,352.9825996331584,352.9825996331584,0.0,0.0,0.0,1.4810502488509167e+23,0.0
1624,352.37643340305584,352.37643340305584,0.0,0.0,0.0,1.4810502488509167e+23,0.0
1625,351.7711918822142,351.7711918822142,0.0,0.0,0.0,1.4810502488509167e+23,0.0
1626,351.1668737247359,351.1668737247359,0.0,0.0,0.0,1.4810502488509167e+23,0.0
1627,350.56347758722063,350.56347758722063,0.0,0.0,0.0,1.4810502488509167e+23,0.0
1628,349.9610021287583,349.9610021287583,0.0,0.0,0.0,1.4810502488509167e+23,0.0
1629,349.35944601092103,349.35944601092103,0.0,0.0,0.0,1.4810502488509167e+23,0.0
1630,348.7588078977552,348.7588078977552,0.0,0.0,0.0,1.4810502488509167e+23,0.0
1631,348.1590864557748,348.1590864557748,0.0,0.0,0.0,1.4810502488509167e+23,0.0
1632,347.5602803539526,347.5602803539526,0.0,0.0,0.0,1.4810502488509167e+23,0.0
1633,346.9623882637134,346.9623882637134,0.0,0.0,0.0,1.4810502488509167e+23,0.0
1634,346.3654088589269,346.3654088589269,0.0,0.0,0.0,1.4810502488509167e+23,0.0
1635,345.769340815899,345.769340815899,0.0,0.0,0.0,1.4810502488509167e+23,0.0
1636,345.1741828133655,345.1741828133655,0.0,0.0,0.0,1.4810502488509167e+23,0.0
1637,344.5799335324842,344.5799335324842,0.0,0.0,0.0,1.4810502488509167e+23,0.0
1638,343.9865916568272,343.9865916568272,0.0,0.0,0.0,1.4810502488509167e+23,0.0
1639,343.39415587237437,343.39415587237437,0.0,0.0,0.0,1.4810502488509167e+23,0.0
1640,342.8026248675053,342.8026248675053,0.0,0.0,0.0,1.4810502488509167e+23,0.0
1641,342.21199733299215,342.21199733299215,0.0,0.0,0.0,1.4810502488509167e+23,0.0
1642,341.62227196199274,341.62227196199274,0.0,0.0,0.0,1.4810502488509167e+23,0.0
1643,341.033447450043,341.033447450043,0.0,0.0,0.0,1.4810502488509167e+23,0.0
1644,340.44552249504943,340.44552249504943,0.0,0.0,0.0,1.4810502488509167e+23,0.0
1645,339.85849579728284,339.85849579728284,0.0,0.0,0.0,1.4810502488509167e+23,0.0
1646,339.2723660593702,339.2723660593702,0.0,0.0,0.0,1.4810502488509167e+23,0.0
1647,338.68713198628836,338.68713198628836,0.0,0.0,0.0,1.4810502488509167e+23,0.0
1648,338.10279228535614,338.10279228535614,0.0,0.0,0.0,1.4810502488509167e+23,0.0
1649,337.5193456662281,337.5193456662281,0.0,0.0,0.0,1.4810502488509167e+23,0.0
1650,336.9367908408866,336.9367908408866,0.0,0.0,0.0,1.4810502488509167e+23,0.0
1651,336.3551265236357,336.3551265236357,0.0,0.0,0.0,1.4810502488509167e+23,0.0
1652,335.7743514310937,335.7743514310937,0.0,0.0,0.0,1.4810502488509167e+23,0.0
1653,335.1944642821859,335.1944642821859,0.0,0.0,0.0,1.4810502488509167e+23,0.0
1654,334.61546379813825,334.61546379813825,0.0,0.0,0.0,1.4810502488509167e+23,0.0
1655,334.0373487024701,334.0373487024701,0.0,0.0,0.0,1.4810502488509167e+23,0.0
1656,333.46011772098757,333.46011772098757,0.0,0.0,0.0,1.4810502488509167e+23,0.0
1657,332.88376958177656,332.88376958177656,0.0,0.0,0.0,1.4810502488509167e+23,0.0
1658,332.30830301519563,332.30830301519563,0.0,0.0,0.0,1.4810502488509167e+23,0.0
1659,331.7337167538698,331.7337167538698,0.0,0.0,0.0,1.4810502488509167e+23,0.0
1660,331.1600095326835,331.1600095326835,0.0,0.0,0.0,1.4810502488509167e+23,0.0
1661,330.5871800887737,330.5871800887737,0.0,0.0,0.0,1.4810502488509167e+23,0.0
1662,330.0152271615233,330.0152271615233,0.0,0.0,0.0,1.4810502488509167e+23,0.0
1663,329.4441494925546,329.4441494925546,0.0,0.0,0.0,1.4810502488509167e+23,0.0
1664,328.87394582572256,328.87394582572256,0.0,0.0,0.0,1.4810502488509167e+23,0.0
1665,328.3046149071079,328.3046149071079,0.0,0.0,0.0,1.4810502488509167e+23,0.0
1666,327.736155485011,327.736155485011,0.0,0.0,0.0,1.4810502488509167e+23,0.0
1667,327.1685663099448,327.1685663099448,0.0,0.0,0.0,1.4810502488509167e+23,0.0
1668,326.6018461346288,326.6018461346288,0.0,0.0,0.0,1.4810502488509167e+23,0.0
1669,326.0359937139817,326.0359937139817,0.0,0.0,0.0,1.4810502488509167e+23,0.0
1670,325.471007805116,325.471007805116,0.0,0.0,0.0,1.4810502488509167e+23,0.0
1671,324.90688716733086,324.90688716733086,0.0,0.0,0.0,1.4810502488509167e+23,0.0
1672,324.3436305621054,324.3436305621054,0.0,0.0,0.0,1.4810502488509167e+23,0.0
1673,323.7812367530929,323.7812367530929,0.0,0.0,0.0,1.4810502488509167e+23,0.0
1674,323.2197045061141,323.2197045061141,0.0,0.0,0.0,1.4810502488509167e+23,0.0
1675,322.65903258915085,322.65903258915085,0.0,0.0,0.0,1.4810502488509167e+23,0.0
1676,322.0992197723397,322.0992197723397,0.0,0.0,0.0,1.4810502488509167e+23,0.0
1677,321.5402648279657,321.5402648279657,0.0,0.0,0.0,1.4810502488509167e+23,0.0
1678,320.98216653045625,320.98216653045625,0.0,0.0,0.0,1.4810502488509167e+23,0.0
1679,320.4249236563743,320.4249236563743,0.0,0.0,0.0,1.4810502488509167e+23,0.0
1680,319.86853498441246,319.86853498441246,0.0,0.0,0.0,1.4810502488509167e+23,0.0
1681,319.3129992953871,319.3129992953871,0.0,0.0,0.0,1.4810502488509167e+23,0.0
1682,318.7583153722315,318.7583153722315,0.0,0.0,0.0,1.4810502488509167e+23,0.0
1683,318.20448199999004,318.20448199999004,0.0,0.0,0.0,1.4810502488509167e+23,0.0
1684,317.65149796581215,317.65149796581215,0.0,0.0,0.0,1.4810502488509167e+23,0.0
1685,317.09936205894576,317.09936205894576,0.0,0.0,0.0,1.4810502488509167e+23,0.0
1686,316.54807307073173,316.54807307073173,0.0,0.0,0.0,1.4810502488509167e+23,0.0
1687,315.99762979459746,315.99762979459746,0.0,0.0,0.0,1.4810502488509167e+23,0.0
1688,315.44803102605084,315.44803102605084,0.0,0.0,0.0,1.4810502488509167e+23,0.0
1689,314.89927556267423,314.89927556267423,0.0,0.0,0.0,1.4810502488509167e+23,0.0
1690,314.3513622041187,314.3513622041187,0.0,0.0,0.0,1.4810502488509167e+23,0.0
1691,313.80428975209765,313.80428975209765,0.0,0.0,0.0,1.4810502488509167e+23,0.0
1692,313.25805701038115,313.25805701038115,0.0,0.0,0.0,1.4810502488509167e+23,0.0
1693,312.71266278479004,312.71266278479004,0.0,0.0,0.0,1.4810502488509167e+23,0.0
1694,312.16810588318964,312.16810588318964,0.0,0.0,0.0,1.4810502488509167e+23,0.0
1695,311.6243851154844,311.6243851154844,0.0,0.0,0.0,1.4810502488509167e+23,0.0
1696,311.08149929361156,311.08149929361156,0.0,0.0,0.0,1.4810502488509167e+23,0.0
1697,310.5394472315355,310.5394472315355,0.0,0.0,0.0,1.4810502488509167e+23,0.0
1698,309.99822774524216,309.99822774524216,0.0,0.0,0.0,1.4810502488509167e+23,0.0
1699,309.45783965273273,309.45783965273273,0.0,0.0,0.0,1.4810502488509167e+23,0.0
1700,308.91828177401834,308.91828177401834,0.0,0.0,0.0,1.4810502488509167e+23,0.0
1701,308.3795529311143,308.3795529311143,0.0,0.0,0.0,1.4810502488509167e+23,0.0
1702,307.8416519480337,307.8416519480337,0.0,0.0,0.0,1.4810502488509167e+23,0.0
1703,307.3045776507827,307.3045776507827,0.0,0.0,0.0,1.4810502488509167e+23,0.0
1704,306.7683288673544,306.7683288673544,0.0,0.0,0.0,1.4810502488509167e+23,0.0
1705,306.23290442772253,306.23290442772253,0.0,0.0,0.0,1.4810502488509167e+23,0.0
1706,305.69830316383724,305.69830316383724,0.0,0.0,0.0,1.4810502488509167e+23,0.0
1707,305.1645239096182,305.1645239096182,0.0,0.0,0.0,1.4810502488509167e+23,0.0
1708,304.63156550094965,304.63156550094965,0.0,0.0,0.0,1.4810502488509167e+23,0.0
1709,304.09942677567443,304.09942677567443,0.0,0.0,0.0,1.4810502488509167e+23,0.0
1710,303.56810657358915,303.56810657358915,0.0,0.0,0.0,1.4810502488509167e+23,0.0
1711,303.03760373643763,303.03760373643763,0.0,0.0,0.0,1.4810502488509167e+23,0.0
1712,302.5079171079064,302.5079171079064,0.0,0.0,0.0,1.4810502488509167e+23,0.0
1713,301.97904553361843,301.97904553361843,0.0,0.0,0.0,1.4810502488509167e+23,0.0
1714,301.45098786112834,301.45098786112834,0.0,0.0,0.0,1.4810502488509167e+23,0.0
1715,300.9237429399163,300.9237429399163,0.0,0.0,0.0,1.4810502488509167e+23,0.0
1716,300.39730962138304,300.39730962138304,0.0,0.0,0.0,1.4810502488509167e+23,0.0
1717,299.8716867588444,299.8716867588444,0.0,0.0,0.0,1.4810502488509167e+23,0.0
1718,299.3468732075261,299.3468732075261,0.0,0.0,0.0,1.4810502488509167e+23,0.0
1719,298.8228678245577,298.8228678245577,0.0,0.0,0.0,1.4810502488509167e+23,0.0
1720,298.29966946896815,298.29966946896815,0.0,0.0,0.0,1.4810502488509167e+23,0.0
1721,297.7772770016799,297.7772770016799,0.0,0.0,0.0,1.4810502488509167e+23,0.0
1722,297.2556892855038,297.2556892855038,0.0,0.0,0.0,1.4810502488509167e+23,0.0
1723,296.7349051851339,296.7349051851339,0.0,0.0,0.0,1.4810502488509167e+23,0.0
1724,296.214923567142,296.214923567142,0.0,0.0,0.0,1.4810502488509167e+23,0.0
1725,295.69574329997266,295.69574329997266,0.0,0.0,0.0,1.4810502488509167e+23,0.0
1726,295.17736325393764,295.17736325393764,0.0,0.0,0.0,1.4810502488509167e+23,0.0
1727,294.65978230121124,294.65978230121124,0.0,0.0,0.0,1.4810502488509167e+23,0.0
1728,294.1429993158244,294.1429993158244,0.0,0.0,0.0,1.4810502488509167e+23,0.0
1729,293.6270131736604,293.6270131736604,0.0,0.0,0.0,1.4810502488509167e+23,0.0
1730,293.1118227524489,293.1118227524489,0.0,0.0,0.0,1.4810502488509167e+23,0.0
1731,292.5974269317616,292.5974269317616,0.0,0.0,0.0,1.4810502488509167e+23,0.0
1732,292.08382459300674,292.08382459300674,0.0,0.0,0.0,1.4810502488509167e+23,0.0
1733,291.5710146194235,291.5710146194235,0.0,0.0,0.0,1.4810502488509167e+23,0.0
1734,291.0589958960783,291.0589958960783,0.0,0.0,0.0,1.4810502488509167e+23,0.0
1735,290.54776730985844,290.54776730985844,0.0,0.0,0.0,1.4810502488509167e+23,0.0
1736,290.03732774946803,290.03732774946803,0.0,0.0,0.0,1.4810502488509167e+23,0.0
1737,289.5276761054221,289.5276761054221,0.0,0.0,0.0,1.4810502488509167e+23,0.0
1738,289.0188112700427,289.0188112700427,0.0,0.0,0.0,1.4810502488509167e+23,0.0
1739,288.510732137453,288.510732137453,0.0,0.0,0.0,1.4810502488509167e+23,0.0
1740,288.0034376035728,288.0034376035728,0.0,0.0,0.0,1.4810502488509167e+23,0.0
1741,287.4969265661136,287.4969265661136,0.0,0.0,0.0,1.4810502488509167e+23,0.0
1742,286.9911979245737,286.9911979245737,0.0,0.0,0.0,1.4810502488509167e+23,0.0
1743,286.4862505802331,286.4862505802331,0.0,0.0,0.0,1.4810502488509167e+23,0.0
1744,285.9820834361492,285.9820834361492,0.0,0.0,0.0,1.4810502488509167e+23,0.0
1745,285.4786953971511,285.4786953971511,0.0,0.0,0.0,1.4810502488509167e+23,0.0
1746,284.97608536983546,284.97608536983546,0.0,0.0,0.0,1.4810502488509167e+23,0.0
1747,284.4742522625617,284.4742522625617,0.0,0.0,0.0,1.4810502488509167e+23,0.0
1748,283.97319498544664,283.97319498544664,0.0,0.0,0.0,1.4810502488509167e+23,0.0
1749,283.4729124503605,283.4729124503605,0.0,0.0,0.0,1.4810502488509167e+23,0.0
1750,282.97340357092156,282.97340357092156,0.0,0.0,0.0,1.4810502488509167e+23,0.0
1751,282.4746672624916,282.4746672624916,0.0,0.0,0.0,1.4810502488509167e+23,0.0
1752,281.9767024421713,281.9767024421713,0.0,0.0,0.0,1.4810502488509167e+23,0.0
1753,281.47950802879564,281.47950802879564,0.0,0.0,0.0,1.4810502488509167e+23,0.0
1754,280.9830829429288,280.9830829429288,0.0,0.0,0.0,1.4810502488509167e+23,0.0
1755,280.48742610685986,280.48742610685986,0.0,0.0,0.0,1.4810502488509167e+23,0.0
1756,279.9925364445982,279.9925364445982,0.0,0.0,0.0,1.4810502488509167e+23,0.0
1757,279.4984128818686,279.4984128818686,0.0,0.0,0.0,1.4810502488509167e+23,0.0
1758,279.0050543461071,279.0050543461071,0.0,0.0,0.0,1.4810502488509167e+23,0.0
1759,278.5124597664558,278.5124597664558,0.0,0.0,0.0,1.4810502488509167e+23,0.0
1760,278.0206280737585,278.0206280737585,0.0,0.0,0.0,1.4810502488509167e+23,0.0
1761,277.52955820055683,277.52955820055683,0.0,0.0,0.0,1.4810502488509167e+23,0.0
1762,277.03924908108456,277.03924908108456,0.0,0.0,0.0,1.4810502488509167e+23,0.0
1763,276.5496996512642,276.5496996512642,0.0,0.0,0.0,1.4810502488509167e+23,0.0
1764,276.06090884870156,276.06090884870156,0.0,0.0,0.0,1.4810502488509167e+23,0.0
1765,275.5728756126818,275.5728756126818,0.0,0.0,0.0,1.4810502488509167e+23,0.0
1766,275.0855988841652,275.0855988841652,0.0,0.0,0.0,1.4810502488509167e+23,0.0
1767,274.5990776057821,274.5990776057821,0.0,0.0,0.0,1.4810502488509167e+23,0.0
1768,274.11331072182867,274.11331072182867,0.0,0.0,0.0,1.4810502488509167e+23,0.0
1769,273.62829717826287,273.62829717826287,0.0,0.0,0.0,1.4810502488509167e+23,0.0
1770,273.1440359226997,273.1440359226997,0.0,0.0,0.0,1.4810502488509167e+23,0.0
1771,272.66052590440665,272.66052590440665,0.0,0.0,0.0,1.4810502488509167e+23,0.0
1772,272.1777660743001,272.1777660743001,0.0,0.0,0.0,1.4810502488509167e+23,0.0
1773,271.69575538494007,271.69575538494007,0.0,0.0,0.0,1.4810502488509167e+23,0.0
1774,271.21449279052644,271.21449279052644,0.0,0.0,0.0,1.4810502488509167e+23,0.0
1775,270.73397724689454,270.73397724689454,0.0,0.0,0.0,1.4810502488509167e+23,0.0
1776,270.2542077115108,270.2542077115108,0.0,0.0,0.0,1.4810502488509167e+23,0.0
1777,269.77518314346844,269.77518314346844,0.0,0.0,0.0,1.4810502488509167e+23,0.0
1778,269.29690250348347,269.29690250348347,0.0,0.0,0.0,1.4810502488509167e+23,0.0
1779,268.81936475389006,268.81936475389006,0.0,0.0,0.0,1.4810502488509167e+23,0.0
1780,268.34256885863664,268.34256885863664,0.0,0.0,0.0,1.4810502488509167e+23,0.0
1781,267.8665137832814,267.8665137832814,0.0,0.0,0.0,1.4810502488509167e+23,0.0
1782,267.3911984949885,267.3911984949885,0.0,0.0,0.0,1.4810502488509167e+23,0.0
1783,266.91662196252327,266.91662196252327,0.0,0.0,0.0,1.4810502488509167e+23,0.0
1784,266.442783156249,266.442783156249,0.0,0.0,0.0,1.4810502488509167e+23,0.0
1785,265.9696810481215,265.9696810481215,0.0,0.0,0.0,1.4810502488509167e+23,0.0
1786,265.4973146116863,265.4973146116863,0.0,0.0,0.0,1.4810502488509167e+23,0.0
1787,265.02568282207386,265.02568282207386,0.0,0.0,0.0,1.4810502488509167e+23,0.0
1788,264.5547846559951,264.5547846559951,0.0,0.0,0.0,1.4810502488509167e+23,0.0
1789,264.08461909173826,264.08461909173826,0.0,0.0,0.0,1.4810502488509167e+23,0.0
1790,263.61518510916386,263.61518510916386,0.0,0.0,0.0,1.4810502488509167e+23,0.0
1791,263.14648168970166,263.14648168970166,0.0,0.0,0.0,1.4810502488509167e+23,0.0
1792,262.6785078163458,262.6785078163458,0.0,0.0,0.0,1.4810502488509167e+23,0.0
1793,262.211262473651,262.211262473651,0.0,0.0,0.0,1.4810502488509167e+23,0.0
1794,261.74474464772874,261.74474464772874,0.0,0.0,0.0,1.4810502488509167e+23,0.0
1795,261.2789533262432,261.2789533262432,0.0,0.0,0.0,1.4810502488509167e+23,0.0
1796,260.81388749840715,260.81388749840715,0.0,0.0,0.0,1.4810502488509167e+23,0.0
1797,260.34954615497816,260.34954615497816,0.0,0.0,0.0,1.4810502488509167e+23,0.0
1798,259.88592828825443,259.88592828825443,0.0,0.0,0.0,1.4810502488509167e+23,0.0
1799,259.42303289207115,259.42303289207115,0.0,0.0,0.0,1.4810502488509167e+23,0.0
1800,258.96085896179653,258.96085896179653,0.0,0.0,0.0,1.4810502488509167e+23,0.0
1801,258.49940549432756,258.49940549432756,0.0,0.0,0.0,1.4810502488509167e+23,0.0
1802,258.03867148808666,258.03867148808666,0.0,0.0,0.0,1.4810502488509167e+23,0.0
1803,257.5786559430174,257.5786559430174,0.0,0.0,0.0,1.4810502488509167e+23,0.0
1804,257.1193578605808,257.1193578605808,0.0,0.0,0.0,1.4810502488509167e+23,0.0
1805,256.66077624375134,256.66077624375134,0.0,0.0,0.0,1.4810502488509167e+23,0.0
1806,256.20291009701367,256.20291009701367,0.0,0.0,0.0,1.4810502488509167e+23,0.0
1807,255.745758426358,255.745758426358,0.0,0.0,0.0,1.4810502488509167e+23,0.0
1808,255.2893202392769,255.2893202392769,0.0,0.0,0.0,1.4810502488509167e+23,0.0
1809,254.83359454476118,254.83359454476118,0.0,0.0,0.0,1.4810502488509167e+23,0.0
1810,254.37858035329648,254.37858035329648,0.0,0.0,0.0,1.4810502488509167e+23,0.0
1811,253.92427667685917,253.92427667685917,0.0,0.0,0.0,1.4810502488509167e+23,0.0
1812,253.4706825289127,253.4706825289127,0.0,0.0,0.0,1.4810502488509167e+23,0.0
1813,253.01779692440408,253.01779692440408,0.0,0.0,0.0,1.4810502488509167e+23,0.0
1814,252.56561887975985,252.56561887975985,0.0,0.0,0.0,1.4810502488509167e+23,0.0
1815,252.11414741288277,252.11414741288277,0.0,0.0,0.0,1.4810502488509167e+23,0.0
1816,251.66338154314764,251.66338154314764,0.0,0.0,0.0,1.4810502488509167e+23,0.0
1817,251.2133202913981,251.2133202913981,0.0,0.0,0.0,1.4810502488509167e+23,0.0
1818,250.7639626799429,250.7639626799429,0.0,0.0,0.0,1.4810502488509167e+23,0.0
1819,250.3153077325517,250.3153077325517,0.0,0.0,0.0,1.4810502488509167e+23,0.0
1820,249.86735447445233,249.86735447445233,0.0,0.0,0.0,1.4810502488509167e+23,0.0
1821,249.42010193232653,249.42010193232653,0.0,0.0,0.0,1.4810502488509167e+23,0.0
1822,248.9735491343068,248.9735491343068,0.0,0.0,0.0,1.4810502488509167e+23,0.0
1823,248.52769510997223,248.52769510997223,0.0,0.0,0.0,1.4810502488509167e+23,0.0
1824,248.0825388903455,248.0825388903455,0.0,0.0,0.0,1.4810502488509167e+23,0.0
1825,247.63807950788902,247.63807950788902,0.0,0.0,0.0,1.4810502488509167e+23,0.0
1826,247.19431599650153,247.19431599650153,0.0,0.0,0.0,1.4810502488509167e+23,0.0
1827,246.75124739151448,246.75124739151448,0.0,0.0,0.0,1.4810502488509167e+23,0.0
1828,246.3088727296885,246.3088727296885,0.0,0.0,0.0,1.4810502488509167e+23,0.0
1829,245.86719104920985,245.86719104920985,0.0,0.0,0.0,1.4810502488509167e+23,0.0
1830,245.42620138968724,245.42620138968724,0.0,0.0,0.0,1.4810502488509167e+23,0.0
1831,244.98590279214793,244.98590279214793,0.0,0.0,0.0,1.4810502488509167e+23,0.0
1832,244.54629429903463,244.54629429903463,0.0,0.0,0.0,1.4810502488509167e+23,0.0
1833,244.1073749542017,244.1073749542017,0.0,0.0,0.0,1.4810502488509167e+23,0.0
1834,243.66914380291195,243.66914380291195,0.0,0.0,0.0,1.4810502488509167e+23,0.0
1835,243.23159989183324,243.23159989183324,0.0,0.0,0.0,1.4810502488509167e+23,0.0
1836,242.79474226903494,242.79474226903494,0.0,0.0,0.0,1.4810502488509167e+23,0.0
1837,242.35856998398447,242.35856998398447,0.0,0.0,0.0,1.4810502488509167e+23,0.0
1838,241.92308208754417,241.92308208754417,0.0,0.0,0.0,1.4810502488509167e+23,0.0
1839,241.48827763196763,241.48827763196763,0.0,0.0,0.0,1.4810502488509167e+23,0.0
1840,241.05415567089665,241.05415567089665,0.0,0.0,0.0,1.4810502488509167e+23,0.0
1841,240.62071525935752,240.62071525935752,0.0,0.0,0.0,1.4810502488509167e+23,0.0
1842,240.187955453758,240.187955453758,0.0,0.0,0.0,1.4810502488509167e+23,0.0
1843,239.75587531188395,239.75587531188395,0.0,0.0,0.0,1.4810502488509167e+23,0.0
1844,239.32447389289575,239.32447389289575,0.0,0.0,0.0,1.4810502488509167e+23,0.0
1845,238.89375025732517,238.89375025732517,0.0,0.0,0.0,1.4810502488509167e+23,0.0
1846,238.46370346707243,238.46370346707243,0.0,0.0,0.0,1.4810502488509167e+23,0.0
1847,238.03433258540227,238.03433258540227,0.0,0.0,0.0,1.4810502488509167e+23,0.0
1848,237.60563667694132,237.60563667694132,0.0,0.0,0.0,1.4810502488509167e+23,0.0
1849,237.17761480767427,237.17761480767427,0.0,0.0,0.0,1.4810502488509167e+23,0.0
1850,236.75026604494118,236.75026604494118,0.0,0.0,0.0,1.4810502488509167e+23,0.0
1851,236.32358945743368,236.32358945743368,0.0,0.0,0.0,1.4810502488509167e+23,0.0
1852,235.89758411519244,235.89758411519244,0.0,0.0,0.0,1.4810502488509167e+23,0.0
1853,235.4722490896034,235.4722490896034,0.0,0.0,0.0,1.4810502488509167e+23,0.0
1854,235.04758345339476,235.04758345339476,0.0,0.0,0.0,1.4810502488509167e+23,0.0
1855,234.6235862806339,234.6235862806339,0.0,0.0,0.0,1.4810502488509167e+23,0.0
1856,234.20025664672423,234.20025664672423,0.0,0.0,0.0,1.4810502488509167e+23,0.0
1857,233.77759362840175,233.77759362840175,0.0,0.0,0.0,1.4810502488509167e+23,0.0
1858,233.35559630373228,233.35559630373228,0.0,0.0,0.0,1.4810502488509167e+23,0.0
1859,232.93426375210814,232.93426375210814,0.0,0.0,0.0,1.4810502488509167e+23,0.0
1860,232.5135950542449,232.5135950542449,0.0,0.0,0.0,1.4810502488509167e+23,0.0
1861,232.09358929217865,232.09358929217865,0.0,0.0,0.0,1.4810502488509167e+23,0.0
1862,231.67424554926262,231.67424554926262,0.0,0.0,0.0,1.4810502488509167e+23,0.0
1863,231.255562910164,231.255562910164,0.0,0.0,0.0,1.4810502488509167e+23,0.0
1864,230.83754046086142,230.83754046086142,0.0,0.0,0.0,1.4810502488509167e+23,0.0
1865,230.42017728864107,230.42017728864107,0.0,0.0,0.0,1.4810502488509167e+23,0.0
1866,230.0034724820943,230.0034724820943,0.0,0.0,0.0,1.4810502488509167e+23,0.0
1867,229.58742513111443,229.58742513111443,0.0,0.0,0.0,1.4810502488509167e+23,0.0
1868,229.17203432689348,229.17203432689348,0.0,0.0,0.0,1.4810502488509167e+23,0.0
1869,228.7572991619196,228.7572991619196,0.0,0.0,0.0,1.4810502488509167e+23,0.0
1870,228.3432187299735,228.3432187299735,0.0,0.0,0.0,1.4810502488509167e+23,0.0
1871,227.9297921261261,227.9297921261261,0.0,0.0,0.0,1.4810502488509167e+23,0.0
1872,227.51701844673485,227.51701844673485,0.0,0.0,0.0,1.4810502488509167e+23,0.0
1873,227.10489678944163,227.10489678944163,0.0,0.0,0.0,1.4810502488509167e+23,0.0
1874,226.69342625316875,226.69342625316875,0.0,0.0,0.0,1.4810502488509167e+23,0.0
1875,226.2826059381169,226.2826059381169,0.0,0.0,0.0,1.4810502488509167e+23,0.0
1876,225.87243494576174,225.87243494576174,0.0,0.0,0.0,1.4810502488509167e+23,0.0
1877,225.46291237885112,225.46291237885112,0.0,0.0,0.0,1.4810502488509167e+23,0.0
1878,225.05403734140208,225.05403734140208,0.0,0.0,0.0,1.4810502488509167e+23,0.0
1879,224.6458089386981,224.6458089386981,0.0,0.0,0.0,1.4810502488509167e+23,0.0
1880,224.23822627728617,224.23822627728617,0.0,0.0,0.0,1.4810502488509167e+23,0.0
1881,223.83128846497368,223.83128846497368,0.0,0.0,0.0,1.4810502488509167e+23,0.0
1882,223.42499461082582,223.42499461082582,0.0,0.0,0.0,1.4810502488509167e+23,0.0
1883,223.01934382516265,223.01934382516265,0.0,0.0,0.0,1.4810502488509167e+23,0.0
1884,222.61433521955604,222.61433521955604,0.0,0.0,0.0,1.4810502488509167e+23,0.0
1885,222.20996790682742,222.20996790682742,0.0,0.0,0.0,1.4810502488509167e+23,0.0
1886,221.8062410010441,221.8062410010441,0.0,0.0,0.0,1.4810502488509167e+23,0.0
1887,221.40315361751712,221.40315361751712,0.0,0.0,0.0,1.4810502488509167e+23,0.0
1888,221.00070487279837,221.00070487279837,0.0,0.0,0.0,1.4810502488509167e+23,0.0
1889,220.5988938846772,220.5988938846772,0.0,0.0,0.0,1.4810502488509167e+23,0.0
1890,220.1977197721785,220.1977197721785,0.0,0.0,0.0,1.4810502488509167e+23,0.0
1891,219.79718165555934,219.79718165555934,0.0,0.0,0.0,1.4810502488509167e+23,0.0
1892,219.39727865630644,219.39727865630644,0.0,0.0,0.0,1.4810502488509167e+23,0.0
1893,218.9980098971331,218.9980098971331,0.0,0.0,0.0,1.4810502488509167e+23,0.0
1894,218.59937450197708,218.59937450197708,0.0,0.0,0.0,1.4810502488509167e+23,0.0
1895,218.20137159599722,218.20137159599722,0.0,0.0,0.0,1.4810502488509167e+23,0.0
1896,217.80400030557092,217.80400030557092,0.0,0.0,0.0,1.4810502488509167e+23,0.0
1897,217.40725975829173,217.40725975829173,0.0,0.0,0.0,1.4810502488509167e+23,0.0
1898,217.01114908296614,217.01114908296614,0.0,0.0,0.0,1.4810502488509167e+23,0.0
1899,216.6156674096114,216.6156674096114,0.0,0.0,0.0,1.4810502488509167e+23,0.0
1900,216.22081386945217,216.22081386945217,0.0,0.0,0.0,1.4810502488509167e+23,0.0
1901,215.82658759491892,215.82658759491892,0.0,0.0,0.0,1.4810502488509167e+23,0.0
1902,215.43298771964382,215.43298771964382,0.0,0.0,0.0,1.4810502488509167e+23,0.0
1903,215.04001337845926,215.04001337845926,0.0,0.0,0.0,1.4810502488509167e+23,0.0
1904,214.6476637073949,214.6476637073949,0.0,0.0,0.0,1.4810502488509167e+23,0.0
1905,214.25593784367484,214.25593784367484,0.0,0.0,0.0,1.4810502488509167e+23,0.0
1906,213.86483492571492,213.86483492571492,0.0,0.0,0.0,1.4810502488509167e+23,0.0
1907,213.47435409312047,213.47435409312047,0.0,0.0,0.0,1.4810502488509167e+23,0.0
1908,213.08449448668344,213.08449448668344,0.0,0.0,0.0,1.4810502488509167e+23,0.0
1909,212.6952552483798,212.6952552483798,0.0,0.0,0.0,1.4810502488509167e+23,0.0
1910,212.30663552136716,212.30663552136716,0.0,0.0,0.0,1.4810502488509167e+23,0.0
1911,211.91863444998202,211.91863444998202,0.0,0.0,0.0,1.4810502488509167e+23,0.0
1912,211.53125117973724,211.53125117973724,0.0,0.0,0.0,1.4810502488509167e+23,0.0
1913,211.14448485731938,211.14448485731938,0.0,0.0,0.0,1.4810502488509167e+23,0.0
1914,210.75833463058632,210.75833463058632,0.0,0.0,0.0,1.4810502488509167e+23,0.0
1915,210.3727996485646,210.3727996485646,0.0,0.0,0.0,1.4810502488509167e+23,0.0
1916,209.98787906144705,209.98787906144705,0.0,0.0,0.0,1.4810502488509167e+23,0.0
1917,209.60357202059012,209.60357202059012,0.0,0.0,0.0,1.4810502488509167e+23,0.0
1918,209.21987767851118,209.21987767851118,0.0,0.0,0.0,1.4810502488509167e+23,0.0
1919,208.83679518888664,208.83679518888664,0.0,0.0,0.0,1.4810502488509167e+23,0.0
1920,208.45432370654865,208.45432370654865,0.0,0.0,0.0,1.4810502488509167e+23,0.0
1921,208.0724623874833,208.0724623874833,0.0,0.0,0.0,1.4810502488509167e+23,0.0
1922,207.69121038882773,207.69121038882773,0.0,0.0,0.0,1.4810502488509167e+23,0.0
1923,207.31056686886788,207.31056686886788,0.0,0.0,0.0,1.4810502488509167e+23,0.0
1924,206.93053098703578,206.93053098703578,0.0,0.0,0.0,1.4810502488509167e+23,0.0
1925,206.55110190390752,206.55110190390752,0.0,0.0,0.0,1.4810502488509167e+23,0.0
1926,206.1722787812004,206.1722787812004,0.0,0.0,0.0,1.4810502488509167e+23,0.0
1927,205.79406078177055,205.79406078177055,0.0,0.0,0.0,1.4810502488509167e+23,0.0
1928,205.416447069611,205.416447069611,0.0,0.0,0.0,1.4810502488509167e+23,0.0
1929,205.03943680984844,205.03943680984844,0.0,0.0,0.0,1.4810502488509167e+23,0.0
1930,204.66302916874153,204.66302916874153,0.0,0.0,0.0,1.4810502488509167e+23,0.0
1931,204.2872233136781,204.2872233136781,0.0,0.0,0.0,1.4810502488509167e+23,0.0
1932,203.91201841317314,203.91201841317314,0.0,0.0,0.0,1.4810502488509167e+23,0.0
1933,203.53741363686578,203.53741363686578,0.0,0.0,0.0,1.4810502488509167e+23,0.0
1934,203.16340815551766,203.16340815551766,0.0,0.0,0.0,1.4810502488509167e+23,0.0
1935,202.7900011410101,202.7900011410101,0.0,0.0,0.0,1.4810502488509167e+23,0.0
1936,202.41719176634183,202.41719176634183,0.0,0.0,0.0,1.4810502488509167e+23,0.0
1937,202.04497920562684,202.04497920562684,0.0,0.0,0.0,1.4810502488509167e+23,0.0
1938,201.67336263409175,201.67336263409175,0.0,0.0,0.0,1.4810502488509167e+23,0.0
1939,201.3023412280737,201.3023412280737,0.0,0.0,0.0,1.4810502488509167e+23,0.0
1940,200.9319141650179,200.9319141650179,0.0,0.0,0.0,1.4810502488509167e+23,0.0
1941,200.56208062347554,200.56208062347554,0.0,0.0,0.0,1.4810502488509167e+23,0.0
1942,200.19283978310116,200.19283978310116,0.0,0.0,0.0,1.4810502488509167e+23,0.0
1943,199.82419082465063,199.82419082465063,0.0,0.0,0.0,1.4810502488509167e+23,0.0
1944,199.45613292997874,199.45613292997874,0.0,0.0,0.0,1.4810502488509167e+23,0.0
1945,199.0886652820369,199.0886652820369,0.0,0.0,0.0,1.4810502488509167e+23,0.0
1946,198.72178706487108,198.72178706487108,0.0,0.0,0.0,1.4810502488509167e+23,0.0
1947,198.35549746361923,198.35549746361923,0.0,0.0,0.0,1.4810502488509167e+23,0.0
1948,197.98979566450916,197.98979566450916,0.0,0.0,0.0,1.4810502488509167e+23,0.0
1949,197.6246808548565,197.6246808548565,0.0,0.0,0.0,1.4810502488509167e+23,0.0
1950,197.2601522230622,197.2601522230622,0.0,0.0,0.0,1.4810502488509167e+23,0.0
1951,196.89620895861032,196.89620895861032,0.0,0.0,0.0,1.4810502488509167e+23,0.0
1952,196.53285025206605,196.53285025206605,0.0,0.0,0.0,1.4810502488509167e+23,0.0
1953,196.17007529507325,196.17007529507325,0.0,0.0,0.0,1.4810502488509167e+23,0.0
1954,195.80788328035223,195.80788328035223,0.0,0.0,0.0,1.4810502488509167e+23,0.0
1955,195.44627340169782,195.44627340169782,0.0,0.0,0.0,1.4810502488509167e+23,0.0
1956,195.08524485397695,195.08524485397695,0.0,0.0,0.0,1.4810502488509167e+23,0.0
1957,194.72479683312653,194.72479683312653,0.0,0.0,0.0,1.4810502488509167e+23,0.0
1958,194.36492853615127,194.36492853615127,0.0,0.0,0.0,1.4810502488509167e+23,0.0
1959,194.00563916112168,194.00563916112168,0.0,0.0,0.0,1.4810502488509167e+23,0.0
1960,193.6469279071716,193.6469279071716,0.0,0.0,0.0,1.4810502488509167e+23,0.0
1961,193.28879397449617,193.28879397449617,0.0,0.0,0.0,1.4810502488509167e+23,0.0
1962,192.93123656435006,192.93123656435006,0.0,0.0,0.0,1.4810502488509167e+23,0.0
1963,192.57425487904462,192.57425487904462,0.0,0.0,0.0,1.4810502488509167e+23,0.0
1964,192.21784812194645,192.21784812194645,0.0,0.0,0.0,1.4810502488509167e+23,0.0
1965,191.86201549747477,191.86201549747477,0.0,0.0,0.0,1.4810502488509167e+23,0.0
1966,191.50675621109983,191.50675621109983,0.0,0.0,0.0,1.4810502488509167e+23,0.0
1967,191.15206946934006,191.15206946934006,0.0,0.0,0.0,1.4810502488509167e+23,0.0
1968,190.79795447976096,190.79795447976096,0.0,0.0,0.0,1.4810502488509167e+23,0.0
1969,190.44441045097193,190.44441045097193,0.0,0.0,0.0,1.4810502488509167e+23,0.0
1970,190.0914365926251,190.0914365926251,0.0,0.0,0.0,1.4810502488509167e+23,0.0
1971,189.73903211541284,189.73903211541284,0.0,0.0,0.0,1.4810502488509167e+23,0.0
1972,189.3871962310656,189.3871962310656,0.0,0.0,0.0,1.4810502488509167e+23,0.0
1973,189.03592815235015,189.03592815235015,0.0,0.0,0.0,1.4810502488509167e+23,0.0
1974,188.68522709306734,188.68522709306734,0.0,0.0,0.0,1.4810502488509167e+23,0.0
1975,188.33509226805,188.33509226805,0.0,0.0,0.0,1.4810502488509167e+23,0.0
1976,187.98552289316115,187.98552289316115,0.0,0.0,0.0,1.4810502488509167e+23,0.0
1977,187.63651818529183,187.63651818529183,0.0,0.0,0.0,1.4810502488509167e+23,0.0
1978,187.28807736235885,187.28807736235885,0.0,0.0,0.0,1.4810502488509167e+23,0.0
1979,186.94019964330332,186.94019964330332,0.0,0.0,0.0,1.4810502488509167e+23,0.0
1980,186.59288424808813,186.59288424808813,0.0,0.0,0.0,1.4810502488509167e+23,0.0
1981,186.24613039769616,186.24613039769616,0.0,0.0,0.0,1.4810502488509167e+23,0.0
1982,185.8999373141283,185.8999373141283,0.0,0.0,0.0,1.4810502488509167e+23,0.0
1983,185.55430422040146,185.55430422040146,0.0,0.0,0.0,1.4810502488509167e+23,0.0
1984,185.2092303405466,185.2092303405466,0.0,0.0,0.0,1.4810502488509167e+23,0.0
1985,184.86471489960664,184.86471489960664,0.0,0.0,0.0,1.4810502488509167e+23,0.0
1986,184.5207571236347,184.5207571236347,0.0,0.0,0.0,1.4810502488509167e+23,0.0
1987,184.17735623969187,184.17735623969187,0.0,0.0,0.0,1.4810502488509167e+23,0.0
1988,183.8345114758457,183.8345114758457,0.0,0.0,0.0,1.4810502488509167e+23,0.0
1989,183.49222206116764,183.49222206116764,0.0,0.0,0.0,1.4810502488509167e+23,0.0
1990,183.15048722573175,183.15048722573175,0.0,0.0,0.0,1.4810502488509167e+23,0.0
1991,182.80930620061227,182.80930620061227,0.0,0.0,0.0,1.4810502488509167e+23,0.0
1992,182.46867821788197,182.46867821788197,0.0,0.0,0.0,1.4810502488509167e+23,0.0
1993,182.12860251061014,182.12860251061014,0.0,0.0,0.0,1.4810502488509167e+23,0.0
1994,181.7890783128607,181.7890783128607,0.0,0.0,0.0,1.4810502488509167e+23,0.0
1995,181.45010485969038,181.45010485969038,0.0,0.0,0.0,1.4810502488509167e+23,0.0
1996,181.1116813871466,181.1116813871466,0.0,0.0,0.0,1.4810502488509167e+23,0.0
1997,180.7738071322658,180.7738071322658,0.0,0.0,0.0,1.4810502488509167e+23,0.0
1998,180.43648133307158,180.43648133307158,0.0,0.0,0.0,1.4810502488509167e+23,0.0
1999,180.09970322857257,180.09970322857257,0.0,0.0,0.0,1.4810502488509167e+23,0.0
2000,179.76347205876075,179.76347205876075,0.0,0.0,0.0,1.4810502488509167e+23,0.0
2001,179.4277870646097,179.4277870646097,0.0,0.0,0.0,1.4810502488509167e+23,0.0
2002,179.09264748807243,179.09264748807243,0.0,0.0,0.0,1.4810502488509167e+23,0.0
2003,178.7580525720798,178.7580525720798,0.0,0.0,0.0,1.4810502488509167e+23,0.0
2004,178.42400156053864,178.42400156053864,0.0,0.0,0.0,1.4810502488509167e+23,0.0
2005,178.0904936983297,178.0904936983297,0.0,0.0,0.0,1.4810502488509167e+23,0.0
2006,177.75752823130614,177.75752823130614,0.0,0.0,0.0,1.4810502488509167e+23,0.0
2007,177.42510440629144,177.42510440629144,0.0,0.0,0.0,1.4810502488509167e+23,0.0
2008,177.0932214710778,177.0932214710778,0.0,0.0,0.0,1.4810502488509167e+23,0.0
2009,176.76187867442414,176.76187867442414,0.0,0.0,0.0,1.4810502488509167e+23,0.0
2010,176.43107526605428,176.43107526605428,0.0,0.0,0.0,1.4810502488509167e+23,0.0
2011,176.10081049665555,176.10081049665555,0.0,0.0,0.0,1.4810502488509167e+23,0.0
2012,175.77108361787643,175.77108361787643,0.0,0.0,0.0,1.4810502488509167e+23,0.0
2013,175.44189388232508,175.44189388232508,0.0,0.0,0.0,1.4810502488509167e+23,0.0
2014,175.1132405435676,175.1132405435676,0.0,0.0,0.0,1.4810502488509167e+23,0.0
2015,174.7851228561261,174.7851228561261,0.0,0.0,0.0,1.4810502488509167e+23,0.0
2016,174.45754007547694,174.45754007547694,0.0,0.0,0.0,1.4810502488509167e+23,0.0
2017,174.13049145804922,174.13049145804922,0.0,0.0,0.0,1.4810502488509167e+23,0.0
2018,173.80397626122263,173.80397626122263,0.0,0.0,0.0,1.4810502488509167e+23,0.0
2019,173.47799374332604,173.47799374332604,0.0,0.0,0.0,1.4810502488509167e+23,0.0
2020,173.15254316363567,173.15254316363567,0.0,0.0,0.0,1.4810502488509167e+23,0.0
2021,172.82762378237322,172.82762378237322,0.0,0.0,0.0,1.4810502488509167e+23,0.0
2022,172.50323486070423,172.50323486070423,0.0,0.0,0.0,1.4810502488509167e+23,0.0
2023,172.1793756607364,172.1793756607364,0.0,0.0,0.0,1.4810502488509167e+23,0.0
2024,171.85604544551796,171.85604544551796,0.0,0.0,0.0,1.4810502488509167e+23,0.0
2025,171.53324347903563,171.53324347903563,0.0,0.0,0.0,1.4810502488509167e+23,0.0
2026,171.21096902621326,171.21096902621326,0.0,0.0,0.0,1.4810502488509167e+23,0.0
2027,170.88922135291,170.88922135291,0.0,0.0,0.0,1.4810502488509167e+23,0.0
2028,170.56799972591847,170.56799972591847,0.0,0.0,0.0,1.4810502488509167e+23,0.0
2029,170.2473034129634,170.2473034129634,0.0,0.0,0.0,1.4810502488509167e+23,0.0
2030,169.92713168269964,169.92713168269964,0.0,0.0,0.0,1.4810502488509167e+23,0.0
2031,169.6074838047105,169.6074838047105,0.0,0.0,0.0,1.4810502488509167e+23,0.0
2032,169.28835904950648,169.28835904950648,0.0,0.0,0.0,1.4810502488509167e+23,0.0
2033,168.96975668852303,168.96975668852303,0.0,0.0,0.0,1.4810502488509167e+23,0.0
2034,168.65167599411916,168.65167599411916,0.0,0.0,0.0,1.4810502488509167e+23,0.0
2035,168.3341162395761,168.3341162395761,0.0,0.0,0.0,1.4810502488509167e+23,0.0
2036,168.017076699095,168.017076699095,0.0,0.0,0.0,1.4810502488509167e+23,0.0
2037,167.70055664779585,167.70055664779585,0.0,0.0,0.0,1.4810502488509167e+23,0.0
2038,167.38455536171557,167.38455536171557,0.0,0.0,0.0,1.4810502488509167e+23,0.0
2039,167.06907211780646,167.06907211780646,0.0,0.0,0.0,1.4810502488509167e+23,0.0
2040,166.75410619393443,166.75410619393443,0.0,0.0,0.0,1.4810502488509167e+23,0.0
2041,166.43965686887782,166.43965686887782,0.0,0.0,0.0,1.4810502488509167e+23,0.0
2042,166.12572342232517,166.12572342232517,0.0,0.0,0.0,1.4810502488509167e+23,0.0
2043,165.81230513487407,165.81230513487407,0.0,0.0,0.0,1.4810502488509167e+23,0.0
2044,165.49940128802945,165.49940128802945,0.0,0.0,0.0,1.4810502488509167e+23,0.0
2045,165.18701116420178,165.18701116420178,0.0,0.0,0.0,1.4810502488509167e+23,0.0
2046,164.87513404670582,164.87513404670582,0.0,0.0,0.0,1.4810502488509167e+23,0.0
2047,164.5637692197588,164.5637692197588,0.0,0.0,0.0,1.4810502488509167e+23,0.0
2048,164.25291596847885,164.25291596847885,0.0,0.0,0.0,1.4810502488509167e+23,0.0
2049,163.9425735788836,163.9425735788836,0.0,0.0,0.0,1.4810502488509167e+23,0.0
2050,163.63274133788835,163.63274133788835,0.0,0.0,0.0,1.4810502488509167e+23,0.0
2051,163.32341853330476,163.32341853330476,0.0,0.0,0.0,1.4810502488509167e+23,0.0
2052,163.014604453839,163.014604453839,0.0,0.0,0.0,1.4810502488509167e+23,0.0
2053,162.7062983890907,162.7062983890907,0.0,0.0,0.0,1.4810502488509167e+23,0.0
2054,162.39849962955077,162.39849962955077,0.0,0.0,0.0,1.4810502488509167e+23,0.0
2055,162.09120746660028,162.09120746660028,0.0,0.0,0.0,1.4810502488509167e+23,0.0
2056,161.78442119250883,161.78442119250883,0.0,0.0,0.0,1.4810502488509167e+23,0.0
2057,161.47814010043302,161.47814010043302,0.0,0.0,0.0,1.4810502488509167e+23,0.0
2058,161.17236348441472,161.17236348441472,0.0,0.0,0.0,1.4810502488509167e+23,0.0
2059,160.8670906393801,160.8670906393801,0.0,0.0,0.0,1.4810502488509167e+23,0.0
2060,160.56232086113732,160.56232086113732,0.0,0.0,0.0,1.4810502488509167e+23,0.0
2061,160.25805344637573,160.25805344637573,0.0,0.0,0.0,1.4810502488509167e+23,0.0
2062,159.95428769266397,159.95428769266397,0.0,0.0,0.0,1.4810502488509167e+23,0.0
2063,159.65102289844867,159.65102289844867,0.0,0.0,0.0,1.4810502488509167e+23,0.0
2064,159.34825836305276,159.34825836305276,0.0,0.0,0.0,1.4810502488509167e+23,0.0
2065,159.0459933866741,159.0459933866741,0.0,0.0,0.0,1.4810502488509167e+23,0.0
2066,158.74422727038402,158.74422727038402,0.0,0.0,0.0,1.4810502488509167e+23,0.0
2067,158.44295931612584,158.44295931612584,0.0,0.0,0.0,1.4810502488509167e+23,0.0
2068,158.1421888267132,158.1421888267132,0.0,0.0,0.0,1.4810502488509167e+23,0.0
2069,157.84191510582895,157.84191510582895,0.0,0.0,0.0,1.4810502488509167e+23,0.0
2070,157.54213745802332,157.54213745802332,0.0,0.0,0.0,1.4810502488509167e+23,0.0
2071,157.24285518871264,157.24285518871264,0.0,0.0,0.0,1.4810502488509167e+23,0.0
2072,156.94406760417803,156.94406760417803,0.0,0.0,0.0,1.4810502488509167e+23,0.0
2073,156.64577401156356,156.64577401156356,0.0,0.0,0.0,1.4810502488509167e+23,0.0
2074,156.34797371887512,156.34797371887512,0.0,0.0,0.0,1.4810502488509167e+23,0.0
2075,156.05066603497895,156.05066603497895,0.0,0.0,0.0,1.4810502488509167e+23,0.0
2076,155.7538502696001,155.7538502696001,0.0,0.0,0.0,1.4810502488509167e+23,0.0
2077,155.45752573332098,155.45752573332098,0.0,0.0,0.0,1.4810502488509167e+23,0.0
2078,155.16169173758013,155.16169173758013,0.0,0.0,0.0,1.4810502488509167e+23,0.0
2079,154.8663475946705,154.8663475946705,0.0,0.0,0.0,1.4810502488509167e+23,0.0
2080,154.57149261773833,154.57149261773833,0.0,0.0,0.0,1.4810502488509167e+23,0.0
2081,154.27712612078162,154.27712612078162,0.0,0.0,0.0,1.4810502488509167e+23,0.0
2082,153.98324741864857,153.98324741864857,0.0,0.0,0.0,1.4810502488509167e+23,0.0
2083,153.68985582703652,153.68985582703652,0.0,0.0,0.0,1.4810502488509167e+23,0.0
2084,153.3969506624902,153.3969506624902,0.0,0.0,0.0,1.4810502488509167e+23,0.0
2085,153.10453124240053,153.10453124240053,0.0,0.0,0.0,1.4810502488509167e+23,0.0
2086,152.81259688500322,152.81259688500322,0.0,0.0,0.0,1.4810502488509167e+23,0.0
2087,152.52114690937734,152.52114690937734,0.0,0.0,0.0,1.4810502488509167e+23,0.0
2088,152.23018063544396,152.23018063544396,0.0,0.0,0.0,1.4810502488509167e+23,0.0
2089,151.93969738396478,151.93969738396478,0.0,0.0,0.0,1.4810502488509167e+23,0.0
2090,151.6496964765408,151.6496964765408,0.0,0.0,0.0,1.4810502488509167e+23,0.0
2091,151.36017723561085,151.36017723561085,0.0,0.0,0.0,1.4810502488509167e+23,0.0
2092,151.07113898445022,151.07113898445022,0.0,0.0,0.0,1.4810502488509167e+23,0.0
2093,150.78258104716963,150.78258104716963,0.0,0.0,0.0,1.4810502488509167e+23,0.0
2094,150.4945027487134,150.4945027487134,0.0,0.0,0.0,1.4810502488509167e+23,0.0
2095,150.2069034148583,150.2069034148583,0.0,0.0,0.0,1.4810502488509167e+23,0.0
2096,149.91978237221255,149.91978237221255,0.0,0.0,0.0,1.4810502488509167e+23,0.0
2097,149.63313894821377,149.63313894821377,0.0,0.0,0.0,1.4810502488509167e+23,0.0
2098,149.3469724711283,149.3469724711283,0.0,0.0,0.0,1.4810502488509167e+23,0.0
2099,149.06128227004956,149.06128227004956,0.0,0.0,0.0,1.4810502488509167e+23,0.0
2100,148.77606767489678,148.77606767489678,0.0,0.0,0.0,1.4810502488509167e+23,0.0
2101,148.49132801641352,148.49132801641352,0.0,0.0,0.0,1.4810502488509167e+23,0.0
2102,148.20706262616687,148.20706262616687,0.0,0.0,0.0,1.4810502488509167e+23,0.0
2103,147.92327083654547,147.92327083654547,0.0,0.0,0.0,1.4810502488509167e+23,0.0
2104,147.6399519807586,147.6399519807586,0.0,0.0,0.0,1.4810502488509167e+23,0.0
2105,147.357105392835,147.357105392835,0.0,0.0,0.0,1.4810502488509167e+23,0.0
2106,147.074730407621,147.074730407621,0.0,0.0,0.0,1.4810502488509167e+23,0.0
2107,146.7928263607798,146.7928263607798,0.0,0.0,0.0,1.4810502488509167e+23,0.0
2108,146.5113925887901,146.5113925887901,0.0,0.0,0.0,1.4810502488509167e+23,0.0
2109,146.23042842894438,146.23042842894438,0.0,0.0,0.0,1.4810502488509167e+23,0.0
2110,145.94993321934814,145.94993321934814,0.0,0.0,0.0,1.4810502488509167e+23,0.0
2111,145.6699062989184,145.6699062989184,0.0,0.0,0.0,1.4810502488509167e+23,0.0
2112,145.39034700738236,145.39034700738236,0.0,0.0,0.0,1.4810502488509167e+23,0.0
2113,145.11125468527618,145.11125468527618,0.0,0.0,0.0,1.4810502488509167e+23,0.0
2114,144.8326286739439,144.8326286739439,0.0,0.0,0.0,1.4810502488509167e+23,0.0
2115,144.55446831553587,144.55446831553587,0.0,0.0,0.0,1.4810502488509167e+23,0.0
2116,144.27677295300762,144.27677295300762,0.0,0.0,0.0,1.4810502488509167e+23,0.0
2117,143.99954193011888,143.99954193011888,0.0,0.0,0.0,1.4810502488509167e+23,0.0
2118,143.7227745914317,143.7227745914317,0.0,0.0,0.0,1.4810502488509167e+23,0.0
2119,143.44647028230995,143.44647028230995,0.0,0.0,0.0,1.4810502488509167e+23,0.0
2120,143.17062834891746,143.17062834891746,0.0,0.0,0.0,1.4810502488509167e+23,0.0
2121,142.8952481382172,142.8952481382172,0.0,0.0,0.0,1.4810502488509167e+23,0.0
2122,142.62032899796986,142.62032899796986,0.0,0.0,0.0,1.4810502488509167e+23,0.0
2123,142.3458702767326,142.3458702767326,0.0,0.0,0.0,1.4810502488509167e+23,0.0
2124,142.07187132385795,142.07187132385795,0.0,0.0,0.0,1.4810502488509167e+23,0.0
2125,141.7983314894924,141.7983314894924,0.0,0.0,0.0,1.4810502488509167e+23,0.0
2126,141.52525012457542,141.52525012457542,0.0,0.0,0.0,1.4810502488509167e+23,0.0
2127,141.25262658083815,141.25262658083815,0.0,0.0,0.0,1.4810502488509167e+23,0.0
2128,140.98046021080205,140.98046021080205,0.0,0.0,0.0,1.4810502488509167e+23,0.0
2129,140.70875036777787,140.70875036777787,0.0,0.0,0.0,1.4810502488509167e+23,0.0
2130,140.43749640586447,140.43749640586447,0.0,0.0,0.0,1.4810502488509167e+23,0.0
2131,140.16669767994745,140.16669767994745,0.0,0.0,0.0,1.4810502488509167e+23,0.0
2132,139.89635354569808,139.89635354569808,0.0,0.0,0.0,1.4810502488509167e+23,0.0
2133,139.62646335957214,139.62646335957214,0.0,0.0,0.0,1.4810502488509167e+23,0.0
2134,139.35702647880862,139.35702647880862,0.0,0.0,0.0,1.4810502488509167e+23,0.0
2135,139.0880422614287,139.0880422614287,0.0,0.0,0.0,1.4810502488509167e+23,0.0
2136,138.81951006623433,138.81951006623433,0.0,0.0,0.0,1.4810502488509167e+23,0.0
2137,138.55142925280728,138.55142925280728,0.0,0.0,0.0,1.4810502488509167e+23,0.0
2138,138.28379918150793,138.28379918150793,0.0,0.0,0.0,1.4810502488509167e+23,0.0
2139,138.016619213474,138.016619213474,0.0,0.0,0.0,1.4810502488509167e+23,0.0
2140,137.74988871061947,137.74988871061947,0.0,0.0,0.0,1.4810502488509167e+23,0.0
2141,137.48360703563347,137.48360703563347,0.0,0.0,0.0,1.4810502488509167e+23,0.0
2142,137.2177735519789,137.2177735519789,0.0,0.0,0.0,1.4810502488509167e+23,0.0
2143,136.95238762389155,136.95238762389155,0.0,0.0,0.0,1.4810502488509167e+23,0.0
2144,136.68744861637884,136.68744861637884,0.0,0.0,0.0,1.4810502488509167e+23,0.0
2145,136.42295589521876,136.42295589521876,0.0,0.0,0.0,1.4810502488509167e+23,0.0
2146,136.1589088269584,136.1589088269584,0.0,0.0,0.0,1.4810502488509167e+23,0.0
2147,135.89530677891327,135.89530677891327,0.0,0.0,0.0,1.4810502488509167e+23,0.0
2148,135.6321491191659,135.6321491191659,0.0,0.0,0.0,1.4810502488509167e+23,0.0
2149,135.3694352165647,135.3694352165647,0.0,0.0,0.0,1.4810502488509167e+23,0.0
2150,135.10716444072295,135.10716444072295,0.0,0.0,0.0,1.4810502488509167e+23,0.0
2151,134.8453361620177,134.8453361620177,0.0,0.0,0.0,1.4810502488509167e+23,0.0
2152,134.58394975158848,134.58394975158848,0.0,0.0,0.0,1.4810502488509167e+23,0.0
2153,134.32300458133628,134.32300458133628,0.0,0.0,0.0,1.4810502488509167e+23,0.0
2154,134.06250002392244,134.06250002392244,0.0,0.0,0.0,1.4810502488509167e+23,0.0
2155,133.80243545276767,133.80243545276767,0.0,0.0,0.0,1.4810502488509167e+23,0.0
2156,133.54281024205062,133.54281024205062,0.0,0.0,0.0,1.4810502488509167e+23,0.0
2157,133.28362376670717,133.28362376670717,0.0,0.0,0.0,1.4810502488509167e+23,0.0
2158,133.024875402429,133.024875402429,0.0,0.0,0.0,1.4810502488509167e+23,0.0
2159,132.7665645256626,132.7665645256626,0.0,0.0,0.0,1.4810502488509167e+23,0.0
2160,132.50869051360837,132.50869051360837,0.0,0.0,0.0,1.4810502488509167e+23,0.0
2161,132.25125274421936,132.25125274421936,0.0,0.0,0.0,1.4810502488509167e+23,0.0
2162,131.9942505962,131.9942505962,0.0,0.0,0.0,1.4810502488509167e+23,0.0
2163,131.73768344900543,131.73768344900543,0.0,0.0,0.0,1.4810502488509167e+23,0.0
2164,131.48155068284015,131.48155068284015,0.0,0.0,0.0,1.4810502488509167e+23,0.0
2165,131.2258516786569,131.2258516786569,0.0,0.0,0.0,1.4810502488509167e+23,0.0
2166,130.97058581815594,130.97058581815594,0.0,0.0,0.0,1.4810502488509167e+23,0.0
2167,130.7157524837835,130.7157524837835,0.0,0.0,0.0,1.4810502488509167e+23,0.0
2168,130.46135105873103,130.46135105873103,0.0,0.0,0.0,1.4810502488509167e+23,0.0
2169,130.20738092693418,130.20738092693418,0.0,0.0,0.0,1.4810502488509167e+23,0.0
2170,129.9538414730715,129.9538414730715,0.0,0.0,0.0,1.4810502488509167e+23,0.0
2171,129.7007320825634,129.7007320825634,0.0,0.0,0.0,1.4810502488509167e+23,0.0
2172,129.4480521415716,129.4480521415716,0.0,0.0,0.0,1.4810502488509167e+23,0.0
2173,129.19580103699732,129.19580103699732,0.0,0.0,0.0,1.4810502488509167e+23,0.0
2174,128.94397815648074,128.94397815648074,0.0,0.0,0.0,1.4810502488509167e+23,0.0
2175,128.69258288839984,128.69258288839984,0.0,0.0,0.0,1.4810502488509167e+23,0.0
2176,128.44161462186938,128.44161462186938,0.0,0.0,0.0,1.4810502488509167e+23,0.0
2177,128.19107274673982,128.19107274673982,0.0,0.0,0.0,1.4810502488509167e+23,0.0
2178,127.94095665359619,127.94095665359619,0.0,0.0,0.0,1.4810502488509167e+23,0.0
2179,127.69126573375735,127.69126573375735,0.0,0.0,0.0,1.4810502488509167e+23,0.0
2180,127.44199937927473,127.44199937927473,0.0,0.0,0.0,1.4810502488509167e+23,0.0
2181,127.19315698293127,127.19315698293127,0.0,0.0,0.0,1.4810502488509167e+23,0.0
2182,126.94473793824065,126.94473793824065,0.0,0.0,0.0,1.4810502488509167e+23,0.0
2183,126.69674163944597,126.69674163944597,0.0,0.0,0.0,1.4810502488509167e+23,0.0
2184,126.44916748151903,126.44916748151903,0.0,0.0,0.0,1.4810502488509167e+23,0.0
2185,126.20201486015915,126.20201486015915,0.0,0.0,0.0,1.4810502488509167e+23,0.0
2186,125.95528317179215,125.95528317179215,0.0,0.0,0.0,1.4810502488509167e+23,0.0
2187,125.70897181356932,125.70897181356932,0.0,0.0,0.0,1.4810502488509167e+23,0.0
2188,125.46308018336674,125.46308018336674,0.0,0.0,0.0,1.4810502488509167e+23,0.0
2189,125.21760767978375,125.21760767978375,0.0,0.0,0.0,1.4810502488509167e+23,0.0
2190,124.97255370214238,124.97255370214238,0.0,0.0,0.0,1.4810502488509167e+23,0.0
2191,124.72791765048623,124.72791765048623,0.0,0.0,0.0,1.4810502488509167e+23,0.0
2192,124.4836989255794,124.4836989255794,0.0,0.0,0.0,1.4810502488509167e+23,0.0
2193,124.23989692890558,124.23989692890558,0.0,0.0,0.0,1.4810502488509167e+23,0.0
2194,123.99651106266718,123.99651106266718,0.0,0.0,0.0,1.4810502488509167e+23,0.0
2195,123.75354072978404,123.75354072978404,0.0,0.0,0.0,1.4810502488509167e+23,0.0
2196,123.51098533389273,123.51098533389273,0.0,0.0,0.0,1.4810502488509167e+23,0.0
2197,123.26884427934554,123.26884427934554,0.0,0.0,0.0,1.4810502488509167e+23,0.0
2198,123.02711697120947,123.02711697120947,0.0,0.0,0.0,1.4810502488509167e+23,0.0
2199,122.78580281526504,122.78580281526504,0.0,0.0,0.0,1.4810502488509167e+23,0.0
2200,122.54490121800583,122.54490121800583,0.0,0.0,0.0,1.4810502488509167e+23,0.0
2201,122.30441158663706,122.30441158663706,0.0,0.0,0.0,1.4810502488509167e+23,0.0
2202,122.06433332907473,122.06433332907473,0.0,0.0,0.0,1.4810502488509167e+23,0.0
2203,121.82466585394492,121.82466585394492,0.0,0.0,0.0,1.4810502488509167e+23,0.0
2204,121.58540857058253,121.58540857058253,0.0,0.0,0.0,1.4810502488509167e+23,0.0
2205,121.34656088903039,121.34656088903039,0.0,0.0,0.0,1.4810502488509167e+23,0.0
2206,121.10812222003847,121.10812222003847,0.0,0.0,0.0,1.4810502488509167e+23,0.0
2207,120.87009197506285,120.87009197506285,0.0,0.0,0.0,1.4810502488509167e+23,0.0
2208,120.63246956626459,120.63246956626459,0.0,0.0,0.0,1.4810502488509167e+23,0.0
2209,120.3952544065092,120.3952544065092,0.0,0.0,0.0,1.4810502488509167e+23,0.0
2210,120.15844590936523,120.15844590936523,0.0,0.0,0.0,1.4810502488509167e+23,0.0
2211,119.92204348910373,119.92204348910373,0.0,0.0,0.0,1.4810502488509167e+23,0.0
2212,119.68604656069705,119.68604656069705,0.0,0.0,0.0,1.4810502488509167e+23,0.0
2213,119.45045453981814,119.45045453981814,0.0,0.0,0.0,1.4810502488509167e+23,0.0
2214,119.21526684283938,119.21526684283938,0.0,0.0,0.0,1.4810502488509167e+23,0.0
2215,118.98048288683187,118.98048288683187,0.0,0.0,0.0,1.4810502488509167e+23,0.0
2216,118.74610208956435,118.74610208956435,0.0,0.0,0.0,1.4810502488509167e+23,0.0
2217,118.51212386950243,118.51212386950243,0.0,0.0,0.0,1.4810502488509167e+23,0.0
2218,118.27854764580749,118.27854764580749,0.0,0.0,0.0,1.4810502488509167e+23,0.0
2219,118.04537283833608,118.04537283833608,0.0,0.0,0.0,1.4810502488509167e+23,0.0
2220,117.81259886763848,117.81259886763848,0.0,0.0,0.0,1.4810502488509167e+23,0.0
2221,117.58022515495843,117.58022515495843,0.0,0.0,0.0,1.4810502488509167e+23,0.0
2222,117.34825112223177,117.34825112223177,0.0,0.0,0.0,1.4810502488509167e+23,0.0
2223,117.11667619208568,117.11667619208568,0.0,0.0,0.0,1.4810502488509167e+23,0.0
2224,116.88549978783786,116.88549978783786,0.0,0.0,0.0,1.4810502488509167e+23,0.0
2225,116.65472133349547,116.65472133349547,0.0,0.0,0.0,1.4810502488509167e+23,0.0
2226,116.42434025375437,116.42434025375437,0.0,0.0,0.0,1.4810502488509167e+23,0.0
2227,116.19435597399819,116.19435597399819,0.0,0.0,0.0,1.4810502488509167e+23,0.0
2228,115.96476792029739,115.96476792029739,0.0,0.0,0.0,1.4810502488509167e+23,0.0
2229,115.7355755194085,115.7355755194085,0.0,0.0,0.0,1.4810502488509167e+23,0.0
2230,115.50677819877303,115.50677819877303,0.0,0.0,0.0,1.4810502488509167e+23,0.0
2231,115.27837538651688,115.27837538651688,0.0,0.0,0.0,1.4810502488509167e+23,0.0
2232,115.05036651144914,115.05036651144914,0.0,0.0,0.0,1.4810502488509167e+23,0.0
2233,114.82275100306141,114.82275100306141,0.0,0.0,0.0,1.4810502488509167e+23,0.0
2234,114.595528291527,114.595528291527,0.0,0.0,0.0,1.4810502488509167e+23,0.0
2235,114.3686978076998,114.3686978076998,0.0,0.0,0.0,1.4810502488509167e+23,0.0
2236,114.14225898311358,114.14225898311358,0.0,0.0,0.0,1.4810502488509167e+23,0.0
2237,113.91621124998116,113.91621124998116,0.0,0.0,0.0,1.4810502488509167e+23,0.0
2238,113.69055404119345,113.69055404119345,0.0,0.0,0.0,1.4810502488509167e+23,0.0
2239,113.46528679031866,113.46528679031866,0.0,0.0,0.0,1.4810502488509167e+23,0.0
2240,113.24040893160135,113.24040893160135,0.0,0.0,0.0,1.4810502488509167e+23,0.0
2241,113.01591989996167,113.01591989996167,0.0,0.0,0.0,1.4810502488509167e+23,0.0
2242,112.79181913099451,112.79181913099451,0.0,0.0,0.0,1.4810502488509167e+23,0.0
2243,112.56810606096847,112.56810606096847,0.0,0.0,0.0,1.4810502488509167e+23,0.0
2244,112.34478012682523,112.34478012682523,0.0,0.0,0.0,1.4810502488509167e+23,0.0
2245,112.12184076617872,112.12184076617872,0.0,0.0,0.0,1.4810502488509167e+23,0.0
2246,111.89928741731401,111.89928741731401,0.0,0.0,0.0,1.4810502488509167e+23,0.0
2247,111.67711951918669,111.67711951918669,0.0,0.0,0.0,1.4810502488509167e+23,0.0
2248,111.45533651142202,111.45533651142202,0.0,0.0,0.0,1.4810502488509167e+23,0.0
2249,111.23393783431405,111.23393783431405,0.0,0.0,0.0,1.4810502488509167e+23,0.0
2250,111.01292292882465,111.01292292882465,0.0,0.0,0.0,1.4810502488509167e+23,0.0
2251,110.79229123658297,110.79229123658297,0.0,0.0,0.0,1.4810502488509167e+23,0.0
2252,110.57204219988442,110.57204219988442,0.0,0.0,0.0,1.4810502488509167e+23,0.0
2253,110.35217526168981,110.35217526168981,0.0,0.0,0.0,1.4810502488509167e+23,0.0
2254,110.13268986562457,110.13268986562457,0.0,0.0,0.0,1.4810502488509167e+23,0.0
2255,109.91358545597807,109.91358545597807,0.0,0.0,0.0,1.4810502488509167e+23,0.0
2256,109.69486147770256,109.69486147770256,0.0,0.0,0.0,1.4810502488509167e+23,0.0
2257,109.4765173764125,109.4765173764125,0.0,0.0,0.0,1.4810502488509167e+23,0.0
2258,109.25855259838373,109.25855259838373,0.0,0.0,0.0,1.4810502488509167e+23,0.0
2259,109.0409665905526,109.0409665905526,0.0,0.0,0.0,1.4810502488509167e+23,0.0
2260,108.82375880051518,108.82375880051518,0.0,0.0,0.0,1.4810502488509167e+23,0.0
2261,108.6069286765265,108.6069286765265,0.0,0.0,0.0,1.4810502488509167e+23,0.0
2262,108.39047566749971,108.39047566749971,0.0,0.0,0.0,1.4810502488509167e+23,0.0
2263,108.1743992230052,108.1743992230052,0.0,0.0,0.0,1.4810502488509167e+23,0.0
2264,107.95869879326996,107.95869879326996,0.0,0.0,0.0,1.4810502488509167e+23,0.0
2265,107.74337382917665,107.74337382917665,0.0,0.0,0.0,1.4810502488509167e+23,0.0
2266,107.52842378226275,107.52842378226275,0.0,0.0,0.0,1.4810502488509167e+23,0.0
2267,107.31384810472001,107.31384810472001,0.0,0.0,0.0,1.4810502488509167e+23,0.0
2268,107.09964624939339,107.09964624939339,0.0,0.0,0.0,1.4810502488509167e+23,0.0
2269,106.88581766978032,106.88581766978032,0.0,0.0,0.0,1.4810502488509167e+23,0.0
2270,106.67236182003016,106.67236182003016,0.0,0.0,0.0,1.4810502488509167e+23,0.0
2271,106.459278154943,106.459278154943,0.0,0.0,0.0,1.4810502488509167e+23,0.0
2272,106.24656612996927,106.24656612996927,0.0,0.0,0.0,1.4810502488509167e+23,0.0
2273,106.0342252012086,106.0342252012086,0.0,0.0,0.0,1.4810502488509167e+23,0.0
2274,105.82225482540932,105.82225482540932,0.0,0.0,0.0,1.4810502488509167e+23,0.0
2275,105.6106544599676,105.6106544599676,0.0,0.0,0.0,1.4810502488509167e+23,0.0
2276,105.39942356292657,105.39942356292657,0.0,0.0,0.0,1.4810502488509167e+23,0.0
2277,105.18856159297567,105.18856159297567,0.0,0.0,0.0,1.4810502488509167e+23,0.0
2278,104.97806800944981,104.97806800944981,0.0,0.0,0.0,1.4810502488509167e+23,0.0
2279,104.76794227232863,104.76794227232863,0.0,0.0,0.0,1.4810502488509167e+23,0.0
2280,104.55818384223574,104.55818384223574,0.0,0.0,0.0,1.4810502488509167e+23,0.0
2281,104.34879218043784,104.34879218043784,0.0,0.0,0.0,1.4810502488509167e+23,0.0
2282,104.13976674884412,104.13976674884412,0.0,0.0,0.0,1.4810502488509167e+23,0.0
2283,103.93110701000548,103.93110701000548,0.0,0.0,0.0,1.4810502488509167e+23,0.0
2284,103.7228124271136,103.7228124271136,0.0,0.0,0.0,1.4810502488509167e+23,0.0
2285,103.51488246400027,103.51488246400027,0.0,0.0,0.0,1.4810502488509167e+23,0.0
2286,103.30731658513685,103.30731658513685,0.0,0.0,0.0,1.4810502488509167e+23,0.0
2287,103.10011425563312,103.10011425563312,0.0,0.0,0.0,1.4810502488509167e+23,0.0
2288,102.89327494123678,102.89327494123678,0.0,0.0,0.0,1.4810502488509167e+23,0.0
2289,102.68679810833274,102.68679810833274,0.0,0.0,0.0,1.4810502488509167e+23,0.0
2290,102.4806832239422,102.4806832239422,0.0,0.0,0.0,1.4810502488509167e+23,0.0
2291,102.27492975572194,102.27492975572194,0.0,0.0,0.0,1.4810502488509167e+23,0.0
2292,102.06953717196369,102.06953717196369,0.0,0.0,0.0,1.4810502488509167e+23,0.0
2293,101.8645049415933,101.8645049415933,0.0,0.0,0.0,1.4810502488509167e+23,0.0
2294,101.65983253416996,101.65983253416996,0.0,0.0,0.0,1.4810502488509167e+23,0.0
2295,101.45551941988559,101.45551941988559,0.0,0.0,0.0,1.4810502488509167e+23,0.0
2296,101.25156506956401,101.25156506956401,0.0,0.0,0.0,1.4810502488509167e+23,0.0
2297,101.0479689546601,101.0479689546601,0.0,0.0,0.0,1.4810502488509167e+23,0.0
2298,100.84473054725935,100.84473054725935,0.0,0.0,0.0,1.4810502488509167e+23,0.0
2299,100.64184932007687,100.64184932007687,0.0,0.0,0.0,1.4810502488509167e+23,0.0
2300,100.43932474645675,100.43932474645675,0.0,0.0,0.0,1.4810502488509167e+23,0.0
2301,100.23715630037142,100.23715630037142,0.0,0.0,0.0,1.4810502488509167e+23,0.0
2302,100.03534345642073,100.03534345642073,0.0,0.0,0.0,1.4810502488509167e+23,0.0
2303,99.83388568983135,99.83388568983135,0.0,0.0,0.0,1.4810502488509167e+23,0.0
2304,99.63278247645614,99.63278247645614,0.0,0.0,0.0,1.4810502488509167e+23,0.0
2305,99.43203329277318,99.43203329277318,0.0,0.0,0.0,1.4810502488509167e+23,0.0
2306,99.2316376158853,99.2316376158853,0.0,0.0,0.0,1.4810502488509167e+23,0.0
2307,99.0315949235192,99.0315949235192,0.0,0.0,0.0,1.4810502488509167e+23,0.0
2308,98.8319046940248,98.8319046940248,0.0,0.0,0.0,1.4810502488509167e+23,0.0
2309,98.6325664063745,98.6325664063745,0.0,0.0,0.0,1.4810502488509167e+23,0.0
2310,98.43357954016255,98.43357954016255,0.0,0.0,0.0,1.4810502488509167e+23,0.0
2311,98.23494357560418,98.23494357560418,0.0,0.0,0.0,1.4810502488509167e+23,0.0
2312,98.0366579935351,98.0366579935351,0.0,0.0,0.0,1.4810502488509167e+23,0.0
2313,97.83872227541056,97.83872227541056,0.0,0.0,0.0,1.4810502488509167e+23,0.0
2314,97.64113590330484,97.64113590330484,0.0,0.0,0.0,1.4810502488509167e+23,0.0
2315,97.44389835991049,97.44389835991049,0.0,0.0,0.0,1.4810502488509167e+23,0.0
2316,97.24700912853756,97.24700912853756,0.0,0.0,0.0,1.4810502488509167e+23,0.0
2317,97.05046769311299,97.05046769311299,0.0,0.0,0.0,1.4810502488509167e+23,0.0
2318,96.85427353817983,96.85427353817983,0.0,0.0,0.0,1.4810502488509167e+23,0.0
2319,96.65842614889668,96.65842614889668,0.0,0.0,0.0,1.4810502488509167e+23,0.0
2320,96.4629250110368,96.4629250110368,0.0,0.0,0.0,1.4810502488509167e+23,0.0
2321,96.26776961098759,96.26776961098759,0.0,0.0,0.0,1.4810502488509167e+23,0.0
2322,96.07295943574982,96.07295943574982,0.0,0.0,0.0,1.4810502488509167e+23,0.0
2323,95.878493972937,95.878493972937,0.0,0.0,0.0,1.4810502488509167e+23,0.0
2324,95.68437271077453,95.68437271077453,0.0,0.0,0.0,1.4810502488509167e+23,0.0
2325,95.49059513809922,95.49059513809922,0.0,0.0,0.0,1.4810502488509167e+23,0.0
2326,95.29716074435852,95.29716074435852,0.0,0.0,0.0,1.4810502488509167e+23,0.0
2327,95.10406901960981,95.10406901960981,0.0,0.0,0.0,1.4810502488509167e+23,0.0
2328,94.91131945451976,94.91131945451976,0.0,0.0,0.0,1.4810502488509167e+23,0.0
2329,94.7189115403636,94.7189115403636,0.0,0.0,0.0,1.4810502488509167e+23,0.0
2330,94.52684476902455,94.52684476902455,0.0,0.0,0.0,1.4810502488509167e+23,0.0
2331,94.33511863299297,94.33511863299297,0.0,0.0,0.0,1.4810502488509167e+23,0.0
2332,94.14373262536594,94.14373262536594,0.0,0.0,0.0,1.4810502488509167e+23,0.0
2333,93.95268623984626,93.95268623984626,0.0,0.0,0.0,1.4810502488509167e+23,0.0
2334,93.76197897074208,93.76197897074208,0.0,0.0,0.0,1.4810502488509167e+23,0.0
2335,93.57161031296607,93.57161031296607,0.0,0.0,0.0,1.4810502488509167e+23,0.0
2336,93.3815797620348,93.3815797620348,0.0,0.0,0.0,1.4810502488509167e+23,0.0
2337,93.19188681406804,93.19188681406804,0.0,0.0,0.0,1.4810502488509167e+23,0.0
2338,93.00253096578815,93.00253096578815,0.0,0.0,0.0,1.4810502488509167e+23,0.0
2339,92.81351171451935,92.81351171451935,0.0,0.0,0.0,1.4810502488509167e+23,0.0
2340,92.62482855818709,92.62482855818709,0.0,0.0,0.0,1.4810502488509167e+23,0.0
2341,92.43648099531751,92.43648099531751,0.0,0.0,0.0,1.4810502488509167e+23,0.0
2342,92.24846852503646,92.24846852503646,0.0,0.0,0.0,1.4810502488509167e+23,0.0
2343,92.06079064706925,92.06079064706925,0.0,0.0,0.0,1.4810502488509167e+23,0.0
2344,91.87344686173967,91.87344686173967,0.0,0.0,0.0,1.4810502488509167e+23,0.0
2345,91.6864366699696,91.6864366699696,0.0,0.0,0.0,1.4810502488509167e+23,0.0
2346,91.49975957327798,91.49975957327798,0.0,0.0,0.0,1.4810502488509167e+23,0.0
2347,91.31341507378069,91.31341507378069,0.0,0.0,0.0,1.4810502488509167e+23,0.0
2348,91.12740267418936,91.12740267418936,0.0,0.0,0.0,1.4810502488509167e+23,0.0
2349,90.94172187781115,90.94172187781115,0.0,0.0,0.0,1.4810502488509167e+23,0.0
2350,90.75637218854784,90.75637218854784,0.0,0.0,0.0,1.4810502488509167e+23,0.0
2351,90.5713531108953,90.5713531108953,0.0,0.0,0.0,1.4810502488509167e+23,0.0
2352,90.38666414994282,90.38666414994282,0.0,0.0,0.0,1.4810502488509167e+23,0.0
2353,90.20230481137244,90.20230481137244,0.0,0.0,0.0,1.4810502488509167e+23,0.0
2354,90.0182746014584,90.0182746014584,0.0,0.0,0.0,1.4810502488509167e+23,0.0
2355,89.83457302706634,89.83457302706634,0.0,0.0,0.0,1.4810502488509167e+23,0.0
2356,89.65119959565293,89.65119959565293,0.0,0.0,0.0,1.4810502488509167e+23,0.0
2357,89.46815381526491,89.46815381526491,0.0,0.0,0.0,1.4810502488509167e+23,0.0
2358,89.28543519453864,89.28543519453864,0.0,0.0,0.0,1.4810502488509167e+23,0.0
2359,89.10304324269951,89.10304324269951,0.0,0.0,0.0,1.4810502488509167e+23,0.0
2360,88.92097746956124,88.92097746956124,0.0,0.0,0.0,1.4810502488509167e+23,0.0
2361,88.73923738552514,88.73923738552514,0.0,0.0,0.0,1.4810502488509167e+23,0.0
2362,88.55782250157974,88.55782250157974,0.0,0.0,0.0,1.4810502488509167e+23,0.0
2363,88.37673232929986,88.37673232929986,0.0,0.0,0.0,1.4810502488509167e+23,0.0
2364,88.19596638084624,88.19596638084624,0.0,0.0,0.0,1.4810502488509167e+23,0.0
2365,88.01552416896489,88.01552416896489,0.0,0.0,0.0,1.4810502488509167e+23,0.0
2366,87.83540520698618,87.83540520698618,0.0,0.0,0.0,1.4810502488509167e+23,0.0
2367,87.65560900882461,87.65560900882461,0.0,0.0,0.0,1.4810502488509167e+23,0.0
2368,87.47613508897793,87.47613508897793,0.0,0.0,0.0,1.4810502488509167e+23,0.0
2369,87.29698296252666,87.29698296252666,0.0,0.0,0.0,1.4810502488509167e+23,0.0
2370,87.11815214513335,87.11815214513335,0.0,0.0,0.0,1.4810502488509167e+23,0.0
2371,86.93964215304204,86.93964215304204,0.0,0.0,0.0,1.4810502488509167e+23,0.0
2372,86.7614525030777,86.7614525030777,0.0,0.0,0.0,1.4810502488509167e+23,0.0
2373,86.58358271264547,86.58358271264547,0.0,0.0,0.0,1.4810502488509167e+23,0.0
2374,86.40603229973021,86.40603229973021,0.0,0.0,0.0,1.4810502488509167e+23,0.0
2375,86.22880078289575,86.22880078289575,0.0,0.0,0.0,1.4810502488509167e+23,0.0
2376,86.05188768128434,86.05188768128434,0.0,0.0,0.0,1.4810502488509167e+23,0.0
2377,85.87529251461608,85.87529251461608,0.0,0.0,0.0,1.4810502488509167e+23,0.0
2378,85.69901480318823,85.69901480318823,0.0,0.0,0.0,1.4810502488509167e+23,0.0
2379,85.52305406787471,85.52305406787471,0.0,0.0,0.0,1.4810502488509167e+23,0.0
2380,85.34740983012543,85.34740983012543,0.0,0.0,0.0,1.4810502488509167e+23,0.0
2381,85.17208161196564,85.17208161196564,0.0,0.0,0.0,1.4810502488509167e+23,0.0
2382,84.99706893599537,84.99706893599537,0.0,0.0,0.0,1.4810502488509167e+23,0.0
2383,84.82237132538894,84.82237132538894,0.0,0.0,0.0,1.4810502488509167e+23,0.0
2384,84.64798830389424,84.64798830389424,0.0,0.0,0.0,1.4810502488509167e+23,0.0
2385,84.47391939583208,84.47391939583208,0.0,0.0,0.0,1.4810502488509167e+23,0.0
2386,84.30016412609577,84.30016412609577,0.0,0.0,0.0,1.4810502488509167e+23,0.0
2387,84.12672202015035,84.12672202015035,0.0,0.0,0.0,1.4810502488509167e+23,0.0
2388,83.9535926040321,83.9535926040321,0.0,0.0,0.0,1.4810502488509167e+23,0.0
2389,83.78077540434795,83.78077540434795,0.0,0.0,0.0,1.4810502488509167e+23,0.0
2390,83.60826994827482,83.60826994827482,0.0,0.0,0.0,1.4810502488509167e+23,0.0
2391,83.43607576355906,83.43607576355906,0.0,0.0,0.0,1.4810502488509167e+23,0.0
2392,83.26419237851596,83.26419237851596,0.0,0.0,0.0,1.4810502488509167e+23,0.0
2393,83.09261932202895,83.09261932202895,0.0,0.0,0.0,1.4810502488509167e+23,0.0
2394,82.92135612354923,82.92135612354923,0.0,0.0,0.0,1.4810502488509167e+23,0.0
2395,82.75040231309505,82.75040231309505,0.0,0.0,0.0,1.4810502488509167e+23,0.0
2396,82.57975742125117,82.57975742125117,0.0,0.0,0.0,1.4810502488509167e+23,0.0
2397,82.40942097916832,82.40942097916832,0.0,0.0,0.0,1.4810502488509167e+23,0.0
2398,82.23939251856252,82.23939251856252,0.0,0.0,0.0,1.4810502488509167e+23,0.0
2399,82.0696715717146,82.0696715717146,0.0,0.0,0.0,1.4810502488509167e+23,0.0
2400,81.90025767146955,81.90025767146955,0.0,0.0,0.0,1.4810502488509167e+23,0.0
2401,81.73115035123593,81.73115035123593,0.0,0.0,0.0,1.4810502488509167e+23,0.0
2402,81.56234914498545,81.56234914498545,0.0,0.0,0.0,1.4810502488509167e+23,0.0
2403,81.39385358725218,81.39385358725218,0.0,0.0,0.0,1.4810502488509167e+23,0.0
2404,81.22566321313205,81.22566321313205,0.0,0.0,0.0,1.4810502488509167e+23,0.0
2405,81.05777755828244,81.05777755828244,0.0,0.0,0.0,1.4810502488509167e+23,0.0
2406,80.89019615892128,80.89019615892128,0.0,0.0,0.0,1.4810502488509167e+23,0.0
2407,80.72291855182687,80.72291855182687,0.0,0.0,0.0,1.4810502488509167e+23,0.0
2408,80.55594427433695,80.55594427433695,0.0,0.0,0.0,1.4810502488509167e+23,0.0
2409,80.38927286434831,80.38927286434831,0.0,0.0,0.0,1.4810502488509167e+23,0.0
2410,80.2229038603163,80.2229038603163,0.0,0.0,0.0,1.4810502488509167e+23,0.0
2411,80.0568368012541,80.0568368012541,0.0,0.0,0.0,1.4810502488509167e+23,0.0
2412,79.89107122673218,79.89107122673218,0.0,0.0,0.0,1.4810502488509167e+23,0.0
2413,79.72560667687783,79.72560667687783,0.0,0.0,0.0,1.4810502488509167e+23,0.0
2414,79.56044269237456,79.56044269237456,0.0,0.0,0.0,1.4810502488509167e+23,0.0
2415,79.39557881446152,79.39557881446152,0.0,0.0,0.0,1.4810502488509167e+23,0.0
2416,79.2310145849329,79.2310145849329,0.0,0.0,0.0,1.4810502488509167e+23,0.0
2417,79.06674954613742,79.06674954613742,0.0,0.0,0.0,1.4810502488509167e+23,0.0
2418,78.90278324097783,78.90278324097783,0.0,0.0,0.0,1.4810502488509167e+23,0.0
2419,78.73911521291022,78.73911521291022,0.0,0.0,0.0,1.4810502488509167e+23,0.0
2420,78.57574500594359,78.57574500594359,0.0,0.0,0.0,1.4810502488509167e+23,0.0
2421,78.41267216463913,78.41267216463913,0.0,0.0,0.0,1.4810502488509167e+23,0.0
2422,78.24989623410991,78.24989623410991,0.0,0.0,0.0,1.4810502488509167e+23,0.0
2423,78.08741676002013,78.08741676002013,0.0,0.0,0.0,1.4810502488509167e+23,0.0
2424,77.9252332885846,77.9252332885846,0.0,0.0,0.0,1.4810502488509167e+23,0.0
2425,77.76334536656823,77.76334536656823,0.0,0.0,0.0,1.4810502488509167e+23,0.0
2426,77.6017525412855,77.6017525412855,0.0,0.0,0.0,1.4810502488509167e+23,0.0
2427,77.4404543605999,77.4404543605999,0.0,0.0,0.0,1.4810502488509167e+23,0.0
2428,77.27945037292325,77.27945037292325,0.0,0.0,0.0,1.4810502488509167e+23,0.0
2429,77.11874012721543,77.11874012721543,0.0,0.0,0.0,1.4810502488509167e+23,0.0
2430,76.95832317298351,76.95832317298351,0.0,0.0,0.0,1.4810502488509167e+23,0.0
2431,76.79819906028146,76.79819906028146,0.0,0.0,0.0,1.4810502488509167e+23,0.0
2432,76.63836733970949,76.63836733970949,0.0,0.0,0.0,1.4810502488509167e+23,0.0
2433,76.47882756241354,76.47882756241354,0.0,0.0,0.0,1.4810502488509167e+23,0.0
2434,76.3195792800847,76.3195792800847,0.0,0.0,0.0,1.4810502488509167e+23,0.0
2435,76.1606220449587,76.1606220449587,0.0,0.0,0.0,1.4810502488509167e+23,0.0
2436,76.00195540981545,76.00195540981545,0.0,0.0,0.0,1.4810502488509167e+23,0.0
2437,75.8435789279783,75.8435789279783,0.0,0.0,0.0,1.4810502488509167e+23,0.0
2438,75.68549215331367,75.68549215331367,0.0,0.0,0.0,1.4810502488509167e+23,0.0
2439,75.52769464023052,75.52769464023052,0.0,0.0,0.0,1.4810502488509167e+23,0.0
2440,75.3701859436797,75.3701859436797,0.0,0.0,0.0,1.4810502488509167e+23,0.0
2441,75.2129656191535,75.2129656191535,0.0,0.0,0.0,1.4810502488509167e+23,0.0
2442,75.05603322268506,75.05603322268506,0.0,0.0,0.0,1.4810502488509167e+23,0.0
2443,74.89938831084797,74.89938831084797,0.0,0.0,0.0,1.4810502488509167e+23,0.0
2444,74.7430304407555,74.7430304407555,0.0,0.0,0.0,1.4810502488509167e+23,0.0
2445,74.58695917006027,74.58695917006027,0.0,0.0,0.0,1.4810502488509167e+23,0.0
2446,74.43117405695374,74.43117405695374,0.0,0.0,0.0,1.4810502488509167e+23,0.0
2447,74.27567466016548,74.27567466016548,0.0,0.0,0.0,1.4810502488509167e+23,0.0
2448,74.12046053896282,74.12046053896282,0.0,0.0,0.0,1.4810502488509167e+23,0.0
2449,73.96553125315029,73.96553125315029,0.0,0.0,0.0,1.4810502488509167e+23,0.0
2450,73.81088636306902,73.81088636306902,0.0,0.0,0.0,1.4810502488509167e+23,0.0
2451,73.65652542959627,73.65652542959627,0.0,0.0,0.0,1.4810502488509167e+23,0.0
2452,73.50244801414497,73.50244801414497,0.0,0.0,0.0,1.4810502488509167e+23,0.0
2453,73.3486536786631,73.3486536786631,0.0,0.0,0.0,1.4810502488509167e+23,0.0
2454,73.1951419856331,73.1951419856331,0.0,0.0,0.0,1.4810502488509167e+23,0.0
2455,73.0419124980716,73.0419124980716,0.0,0.0,0.0,1.4810502488509167e+23,0.0
2456,72.88896477952864,72.88896477952864,0.0,0.0,0.0,1.4810502488509167e+23,0.0
2457,72.73629839408734,72.73629839408734,0.0,0.0,0.0,1.4810502488509167e+23,0.0
2458,72.58391290636318,72.58391290636318,0.0,0.0,0.0,1.4810502488509167e+23,0.0
2459,72.43180788150374,72.43180788150374,0.0,0.0,0.0,1.4810502488509167e+23,0.0
2460,72.27998288518799,72.27998288518799,0.0,0.0,0.0,1.4810502488509167e+23,0.0
2461,72.12843748362573,72.12843748362573,0.0,0.0,0.0,1.4810502488509167e+23,0.0
2462,71.97717124355736,71.97717124355736,0.0,0.0,0.0,1.4810502488509167e+23,0.0
2463,71.82618373225306,71.82618373225306,0.0,0.0,0.0,1.4810502488509167e+23,0.0
2464,71.67547451751246,71.67547451751246,0.0,0.0,0.0,1.4810502488509167e+23,0.0
2465,71.52504316766392,71.52504316766392,0.0,0.0,0.0,1.4810502488509167e+23,0.0
2466,71.37488925156445,71.37488925156445,0.0,0.0,0.0,1.4810502488509167e+23,0.0
2467,71.22501233859859,71.22501233859859,0.0,0.0,0.0,1.4810502488509167e+23,0.0
2468,71.07541199867849,71.07541199867849,0.0,0.0,0.0,1.4810502488509167e+23,0.0
2469,70.92608780224296,70.92608780224296,0.0,0.0,0.0,1.4810502488509167e+23,0.0
2470,70.77703932025724,70.77703932025724,0.0,0.0,0.0,1.4810502488509167e+23,0.0
2471,70.62826612421235,70.62826612421235,0.0,0.0,0.0,1.4810502488509167e+23,0.0
2472,70.47976778612465,70.47976778612465,0.0,0.0,0.0,1.4810502488509167e+23,0.0
2473,70.33154387853527,70.33154387853527,0.0,0.0,0.0,1.4810502488509167e+23,0.0
2474,70.18359397450969,70.18359397450969,0.0,0.0,0.0,1.4810502488509167e+23,0.0
2475,70.0359176476372,70.0359176476372,0.0,0.0,0.0,1.4810502488509167e+23,0.0
2476,69.88851447203035,69.88851447203035,0.0,0.0,0.0,1.4810502488509167e+23,0.0
2477,69.74138402232451,69.74138402232451,0.0,0.0,0.0,1.4810502488509167e+23,0.0
2478,69.59452587367736,69.59452587367736,0.0,0.0,0.0,1.4810502488509167e+23,0.0
2479,69.44793960176834,69.44793960176834,0.0,0.0,0.0,1.4810502488509167e+23,0.0
2480,69.30162478279824,69.30162478279824,0.0,0.0,0.0,1.4810502488509167e+23,0.0
2481,69.1555809934886,69.1555809934886,0.0,0.0,0.0,1.4810502488509167e+23,0.0
2482,69.00980781108132,69.00980781108132,0.0,0.0,0.0,1.4810502488509167e+23,0.0
2483,68.86430481333805,68.86430481333805,0.0,0.0,0.0,1.4810502488509167e+23,0.0
2484,68.71907157853978,68.71907157853978,0.0,0.0,0.0,1.4810502488509167e+23,0.0
2485,68.57410768548634,68.57410768548634,0.0,0.0,0.0,1.4810502488509167e+23,0.0
2486,68.4294127134958,68.4294127134958,0.0,0.0,0.0,1.4810502488509167e+23,0.0
2487,68.28498624240412,68.28498624240412,0.0,0.0,0.0,1.4810502488509167e+23,0.0
2488,68.14082785256458,68.14082785256458,0.0,0.0,0.0,1.4810502488509167e+23,0.0
2489,67.99693712484729,67.99693712484729,0.0,0.0,0.0,1.4810502488509167e+23,0.0
2490,67.85331364063875,67.85331364063875,0.0,0.0,0.0,1.4810502488509167e+23,0.0
2491,67.70995698184124,67.70995698184124,0.0,0.0,0.0,1.4810502488509167e+23,0.0
2492,67.56686673087248,67.56686673087248,0.0,0.0,0.0,1.4810502488509167e+23,0.0
2493,67.42404247066506,67.42404247066506,0.0,0.0,0.0,1.4810502488509167e+23,0.0
2494,67.28148378466594,67.28148378466594,0.0,0.0,0.0,1.4810502488509167e+23,0.0
2495,67.13919025683597,67.13919025683597,0.0,0.0,0.0,1.4810502488509167e+23,0.0
2496,66.99716147164948,66.99716147164948,0.0,0.0,0.0,1.4810502488509167e+23,0.0
2497,66.85539701409367,66.85539701409367,0.0,0.0,0.0,1.4810502488509167e+23,0.0
2498,66.71389646966817,66.71389646966817,0.0,0.0,0.0,1.4810502488509167e+23,0.0
2499,66.5726594243847,66.5726594243847,0.0,0.0,0.0,1.4810502488509167e+23,0.0
2500,66.43168546476635,66.43168546476635,0.0,0.0,0.0,1.4810502488509167e+23,0.0
2501,66.29097417784716,66.29097417784716,0.0,0.0,0.0,1.4810502488509167e+23,0.0
2502,66.15052515117179,66.15052515117179,0.0,0.0,0.0,1.4810502488509167e+23,0.0
2503,66.01033797279489,66.01033797279489,0.0,0.0,0.0,1.4810502488509167e+23,0.0
2504,65.87041223128068,65.87041223128068,0.0,0.0,0.0,1.4810502488509167e+23,0.0
2505,65.73074751570243,65.73074751570243,0.0,0.0,0.0,1.4810502488509167e+23,0.0
2506,65.59134341564194,65.59134341564194,0.0,0.0,0.0,1.4810502488509167e+23,0.0
2507,65.4521995211893,65.4521995211893,0.0,0.0,0.0,1.4810502488509167e+23,0.0
2508,65.313315422942,65.313315422942,0.0,0.0,0.0,1.4810502488509167e+23,0.0
2509,65.17469071200487,65.17469071200487,0.0,0.0,0.0,1.4810502488509167e+23,0.0
2510,65.03632497998936,65.03632497998936,0.0,0.0,0.0,1.4810502488509167e+23,0.0
2511,64.89821781901311,64.89821781901311,0.0,0.0,0.0,1.4810502488509167e+23,0.0
2512,64.76036882169953,64.76036882169953,0.0,0.0,0.0,1.4810502488509167e+23,0.0
2513,64.62277758117719,64.62277758117719,0.0,0.0,0.0,1.4810502488509167e+23,0.0
2514,64.4854436910796,64.4854436910796,0.0,0.0,0.0,1.4810502488509167e+23,0.0
2515,64.34836674554444,64.34836674554444,0.0,0.0,0.0,1.4810502488509167e+23,0.0
2516,64.21154633921331,64.21154633921331,0.0,0.0,0.0,1.4810502488509167e+23,0.0
2517,64.07498206723109,64.07498206723109,0.0,0.0,0.0,1.4810502488509167e+23,0.0
2518,63.93867352524564,63.93867352524564,0.0,0.0,0.0,1.4810502488509167e+23,0.0
2519,63.802620309407246,63.802620309407246,0.0,0.0,0.0,1.4810502488509167e+23,0.0
2520,63.66682201636804,63.66682201636804,0.0,0.0,0.0,1.4810502488509167e+23,0.0
2521,63.53127824328179,63.53127824328179,0.0,0.0,0.0,1.4810502488509167e+23,0.0
2522,63.395988587803124,63.395988587803124,0.0,0.0,0.0,1.4810502488509167e+23,0.0
2523,63.26095264808734,63.26095264808734,0.0,0.0,0.0,1.4810502488509167e+23,0.0
2524,63.126170022789786,63.126170022789786,0.0,0.0,0.0,1.4810502488509167e+23,0.0
2525,62.991640311065396,62.991640311065396,0.0,0.0,0.0,1.4810502488509167e+23,0.0
2526,62.85736311256825,62.85736311256825,0.0,0.0,0.0,1.4810502488509167e+23,0.0
2527,62.72333802745121,62.72333802745121,0.0,0.0,0.0,1.4810502488509167e+23,0.0
2528,62.58956465636524,62.58956465636524,0.0,0.0,0.0,1.4810502488509167e+23,0.0
2529,62.45604260045912,62.45604260045912,0.0,0.0,0.0,1.4810502488509167e+23,0.0
2530,62.32277146137892,62.32277146137892,0.0,0.0,0.0,1.4810502488509167e+23,0.0
2531,62.18975084126751,62.18975084126751,0.0,0.0,0.0,1.4810502488509167e+23,0.0
2532,62.0569803427642,62.0569803427642,0.0,0.0,0.0,1.4810502488509167e+23,0.0
2533,61.92445956900412,61.92445956900412,0.0,0.0,0.0,1.4810502488509167e+23,0.0
2534,61.79218812361793,61.79218812361793,0.0,0.0,0.0,1.4810502488509167e+23,0.0
2535,61.66016561073123,61.66016561073123,0.0,0.0,0.0,1.4810502488509167e+23,0.0
2536,61.52839163496418,61.52839163496418,0.0,0.0,0.0,1.4810502488509167e+23,0.0
2537,61.396865801430955,61.396865801430955,0.0,0.0,0.0,1.4810502488509167e+23,0.0
2538,61.2655877157394,61.2655877157394,0.0,0.0,0.0,1.4810502488509167e+23,0.0
2539,61.134556983990535,61.134556983990535,0.0,0.0,0.0,1.4810502488509167e+23,0.0
2540,61.003773212778015,61.003773212778015,0.0,0.0,0.0,1.4810502488509167e+23,0.0
2541,60.87323600918774,60.87323600918774,0.0,0.0,0.0,1.4810502488509167e+23,0.0
2542,60.74294498079743,60.74294498079743,0.0,0.0,0.0,1.4810502488509167e+23,0.0
2543,60.612899735676166,60.612899735676166,0.0,0.0,0.0,1.4810502488509167e+23,0.0
2544,60.48309988238386,60.48309988238386,0.0,0.0,0.0,1.4810502488509167e+23,0.0
2545,60.3535450299708,60.3535450299708,0.0,0.0,0.0,1.4810502488509167e+23,0.0
2546,60.2242347879774,60.2242347879774,0.0,0.0,0.0,1.4810502488509167e+23,0.0
2547,60.095168766433396,60.095168766433396,0.0,0.0,0.0,1.4810502488509167e+23,0.0
2548,59.96634657585776,59.96634657585776,0.0,0.0,0.0,1.4810502488509167e+23,0.0
2549,59.83776782725797,59.83776782725797,0.0,0.0,0.0,1.4810502488509167e+23,0.0
2550,59.70943213212974,59.70943213212974,0.0,0.0,0.0,1.4810502488509167e+23,0.0
2551,59.58133910245643,59.58133910245643,0.0,0.0,0.0,1.4810502488509167e+23,0.0
2552,59.45348835070874,59.45348835070874,0.0,0.0,0.0,1.4810502488509167e+23,0.0
2553,59.32587948984407,59.32587948984407,0.0,0.0,0.0,1.4810502488509167e+23,0.0
2554,59.198512133306345,59.198512133306345,0.0,0.0,0.0,1.4810502488509167e+23,0.0
2555,59.07138589502528,59.07138589502528,0.0,0.0,0.0,1.4810502488509167e+23,0.0
2556,58.944500389416106,58.944500389416106,0.0,0.0,0.0,1.4810502488509167e+23,0.0
2557,58.81785523137912,58.81785523137912,0.0,0.0,0.0,1.4810502488509167e+23,0.0
2558,58.69145003629907,58.69145003629907,0.0,0.0,0.0,1.4810502488509167e+23,0.0
2559,58.565284420044996,58.565284420044996,0.0,0.0,0.0,1.4810502488509167e+23,0.0
2560,58.43935799896953,58.43935799896953,0.0,0.0,0.0,1.4810502488509167e+23,0.0
2561,58.31367038990858,58.31367038990858,0.0,0.0,0.0,1.4810502488509167e+23,0.0
2562,58.18822121018079,58.18822121018079,0.0,0.0,0.0,1.4810502488509167e+23,0.0
2563,58.063010077587286,58.063010077587286,0.0,0.0,0.0,1.4810502488509167e+23,0.0
2564,57.93803661041097,57.93803661041097,0.0,0.0,0.0,1.4810502488509167e+23,0.0
2565,57.81330042741628,57.81330042741628,0.0,0.0,0.0,1.4810502488509167e+23,0.0
2566,57.68880114784871,57.68880114784871,0.0,0.0,0.0,1.4810502488509167e+23,0.0
2567,57.56453839143432,57.56453839143432,0.0,0.0,0.0,1.4810502488509167e+23,0.0
2568,57.440511778379225,57.440511778379225,0.0,0.0,0.0,1.4810502488509167e+23,0.0
2569,57.31672092936938,57.31672092936938,0.0,0.0,0.0,1.4810502488509167e+23,0.0
2570,57.19316546556998,57.19316546556998,0.0,0.0,0.0,1.4810502488509167e+23,0.0
2571,57.06984500862493,57.06984500862493,0.0,0.0,0.0,1.4810502488509167e+23,0.0
2572,56.94675918065666,56.94675918065666,0.0,0.0,0.0,1.4810502488509167e+23,0.0
2573,56.82390760426554,56.82390760426554,0.0,0.0,0.0,1.4810502488509167e+23,0.0
2574,56.701289902529346,56.701289902529346,0.0,0.0,0.0,1.4810502488509167e+23,0.0
2575,56.578905699002995,56.578905699002995,0.0,0.0,0.0,1.4810502488509167e+23,0.0
2576,56.45675461771809,56.45675461771809,0.0,0.0,0.0,1.4810502488509167e+23,0.0
2577,56.334836283182355,56.334836283182355,0.0,0.0,0.0,1.4810502488509167e+23,0.0
2578,56.213150320379306,56.213150320379306,0.0,0.0,0.0,1.4810502488509167e+23,0.0
2579,56.09169635476783,56.09169635476783,0.0,0.0,0.0,1.4810502488509167e+23,0.0
2580,55.97047401228167,55.97047401228167,0.0,0.0,0.0,1.4810502488509167e+23,0.0
2581,55.84948291932902,55.84948291932902,0.0,0.0,0.0,1.4810502488509167e+23,0.0
2582,55.72872270279214,55.72872270279214,0.0,0.0,0.0,1.4810502488509167e+23,0.0
2583,55.608192990026886,55.608192990026886,0.0,0.0,0.0,1.4810502488509167e+23,0.0
2584,55.4878934088622,55.4878934088622,0.0,0.0,0.0,1.4810502488509167e+23,0.0
2585,55.367823587599936,55.367823587599936,0.0,0.0,0.0,1.4810502488509167e+23,0.0
2586,55.247983155014,55.247983155014,0.0,0.0,0.0,1.4810502488509167e+23,0.0
2587,55.128371740350374,55.128371740350374,0.0,0.0,0.0,1.4810502488509167e+23,0.0
2588,55.00898897332637,55.00898897332637,0.0,0.0,0.0,1.4810502488509167e+23,0.0
2589,54.88983448413037,54.88983448413037,0.0,0.0,0.0,1.4810502488509167e+23,0.0
2590,54.77090790342127,54.77090790342127,0.0,0.0,0.0,1.4810502488509167e+23,0.0
2591,54.652208862328166,54.652208862328166,0.0,0.0,0.0,1.4810502488509167e+23,0.0
2592,54.53373699244983,54.53373699244983,0.0,0.0,0.0,1.4810502488509167e+23,0.0
2593,54.4154919258544,54.4154919258544,0.0,0.0,0.0,1.4810502488509167e+23,0.0
2594,54.297473295078774,54.297473295078774,0.0,0.0,0.0,1.4810502488509167e+23,0.0
2595,54.17968073312838,54.17968073312838,0.0,0.0,0.0,1.4810502488509167e+23,0.0
2596,54.06211387347662,54.06211387347662,0.0,0.0,0.0,1.4810502488509167e+23,0.0
2597,53.94477235006447,53.94477235006447,0.0,0.0,0.0,1.4810502488509167e+23,0.0
2598,53.82765579730003,53.82765579730003,0.0,0.0,0.0,1.4810502488509167e+23,0.0
2599,53.71076385005821,53.71076385005821,0.0,0.0,0.0,1.4810502488509167e+23,0.0
2600,53.594096143680204,53.594096143680204,0.0,0.0,0.0,1.4810502488509167e+23,0.0
2601,53.47765231397307,53.47765231397307,0.0,0.0,0.0,1.4810502488509167e+23,0.0
2602,53.36143199720927,53.36143199720927,0.0,0.0,0.0,1.4810502488509167e+23,0.0
2603,53.24543483012644,53.24543483012644,0.0,0.0,0.0,1.4810502488509167e+23,0.0
2604,53.129660449926725,53.129660449926725,0.0,0.0,0.0,1.4810502488509167e+23,0.0
2605,53.014108494276435,53.014108494276435,0.0,0.0,0.0,1.4810502488509167e+23,0.0
2606,52.89877860130573,52.89877860130573,0.0,0.0,0.0,1.4810502488509167e+23,0.0
2607,52.78367040960808,52.78367040960808,0.0,0.0,0.0,1.4810502488509167e+23,0.0
2608,52.668783558239845,52.668783558239845,0.0,0.0,0.0,1.4810502488509167e+23,0.0
2609,52.55411768671991,52.55411768671991,0.0,0.0,0.0,1.4810502488509167e+23,0.0
2610,52.43967243502929,52.43967243502929,0.0,0.0,0.0,1.4810502488509167e+23,0.0
2611,52.32544744361058,52.32544744361058,0.0,0.0,0.0,1.4810502488509167e+23,0.0
2612,52.211442353367666,52.211442353367666,0.0,0.0,0.0,1.4810502488509167e+23,0.0
2613,52.09765680566523,52.09765680566523,0.0,0.0,0.0,1.4810502488509167e+23,0.0
2614,51.98409044232837,51.98409044232837,0.0,0.0,0.0,1.4810502488509167e+23,0.0
2615,51.870742905642196,51.870742905642196,0.0,0.0,0.0,1.4810502488509167e+23,0.0
2616,51.75761383835131,51.75761383835131,0.0,0.0,0.0,1.4810502488509167e+23,0.0
2617,51.64470288365954,51.64470288365954,0.0,0.0,0.0,1.4810502488509167e+23,0.0
2618,51.5320096852294,51.5320096852294,0.0,0.0,0.0,1.4810502488509167e+23,0.0
2619,51.41953388718174,51.41953388718174,0.0,0.0,0.0,1.4810502488509167e+23,0.0
2620,51.30727513409532,51.30727513409532,0.0,0.0,0.0,1.4810502488509167e+23,0.0
2621,51.19523307100632,51.19523307100632,0.0,0.0,0.0,1.4810502488509167e+23,0.0
2622,51.083407343408055,51.083407343408055,0.0,0.0,0.0,1.4810502488509167e+23,0.0
2623,50.97179759725047,50.97179759725047,0.0,0.0,0.0,1.4810502488509167e+23,0.0
2624,50.860403478939745,50.860403478939745,0.0,0.0,0.0,1.4810502488509167e+23,0.0
2625,50.74922463533789,50.74922463533789,0.0,0.0,0.0,1.4810502488509167e+23,0.0
2626,50.638260713762286,50.638260713762286,0.0,0.0,0.0,1.4810502488509167e+23,0.0
2627,50.52751136198533,50.52751136198533,0.0,0.0,0.0,1.4810502488509167e+23,0.0
2628,50.41697622823408,50.41697622823408,0.0,0.0,0.0,1.4810502488509167e+23,0.0
2629,50.30665496118962,50.30665496118962,0.0,0.0,0.0,1.4810502488509167e+23,0.0
2630,50.1965472099869,50.1965472099869,0.0,0.0,0.0,1.4810502488509167e+23,0.0
2631,50.08665262421417,50.08665262421417,0.0,0.0,0.0,1.4810502488509167e+23,0.0
2632,49.97697085391261,49.97697085391261,0.0,0.0,0.0,1.4810502488509167e+23,0.0
2633,49.86750154957592,49.86750154957592,0.0,0.0,0.0,1.4810502488509167e+23,0.0
2634,49.75824436214999,49.75824436214999,0.0,0.0,0.0,1.4810502488509167e+23,0.0
2635,49.64919894303228,49.64919894303228,0.0,0.0,0.0,1.4810502488509167e+23,0.0
2636,49.54036494407162,49.54036494407162,0.0,0.0,0.0,1.4810502488509167e+23,0.0
2637,49.43174201756773,49.43174201756773,0.0,0.0,0.0,1.4810502488509167e+23,0.0
2638,49.323329816270764,49.323329816270764,0.0,0.0,0.0,1.4810502488509167e+23,0.0
2639,49.21512799338091,49.21512799338091,0.0,0.0,0.0,1.4810502488509167e+23,0.0
2640,49.10713620254815,49.10713620254815,0.0,0.0,0.0,1.4810502488509167e+23,0.0
2641,48.99935409787157,48.99935409787157,0.0,0.0,0.0,1.4810502488509167e+23,0.0
2642,48.8917813338991,48.8917813338991,0.0,0.0,0.0,1.4810502488509167e+23,0.0
2643,48.78441756562719,48.78441756562719,0.0,0.0,0.0,1.4810502488509167e+23,0.0
2644,48.677262448500244,48.677262448500244,0.0,0.0,0.0,1.4810502488509167e+23,0.0
2645,48.57031563841032,48.57031563841032,0.0,0.0,0.0,1.4810502488509167e+23,0.0
2646,48.46357679169667,48.46357679169667,0.0,0.0,0.0,1.4810502488509167e+23,0.0
2647,48.35704556514535,48.35704556514535,0.0,0.0,0.0,1.4810502488509167e+23,0.0
2648,48.250721615988816,48.250721615988816,0.0,0.0,0.0,1.4810502488509167e+23,0.0
2649,48.14460460190551,48.14460460190551,0.0,0.0,0.0,1.4810502488509167e+23,0.0
2650,48.038694181019515,48.038694181019515,0.0,0.0,0.0,1.4810502488509167e+23,0.0
2651,47.932990011899996,47.932990011899996,0.0,0.0,0.0,1.4810502488509167e+23,0.0
2652,47.82749175356101,47.82749175356101,0.0,0.0,0.0,1.4810502488509167e+23,0.0
2653,47.72219906546091,47.72219906546091,0.0,0.0,0.0,1.4810502488509167e+23,0.0
2654,47.61711160750206,47.61711160750206,0.0,0.0,0.0,1.4810502488509167e+23,0.0
2655,47.51222904003041,47.51222904003041,0.0,0.0,0.0,1.4810502488509167e+23,0.0
2656,47.40755102383504,47.40755102383504,0.0,0.0,0.0,1.4810502488509167e+23,0.0
2657,47.3030772201478,47.3030772201478,0.0,0.0,0.0,1.4810502488509167e+23,0.0
2658,47.1988072906429,47.1988072906429,0.0,0.0,0.0,1.4810502488509167e+23,0.0
2659,47.09474089743656,47.09474089743656,0.0,0.0,0.0,1.4810502488509167e+23,0.0
2660,46.99087770308648,46.99087770308648,0.0,0.0,0.0,1.4810502488509167e+23,0.0
2661,46.887217370591586,46.887217370591586,0.0,0.0,0.0,1.4810502488509167e+23,0.0
2662,46.783759563391534,46.783759563391534,0.0,0.0,0.0,1.4810502488509167e+23,0.0
2663,46.68050394536635,46.68050394536635,0.0,0.0,0.0,1.4810502488509167e+23,0.0
2664,46.57745018083599,46.57745018083599,0.0,0.0,0.0,1.4810502488509167e+23,0.0
2665,46.474597934559995,46.474597934559995,0.0,0.0,0.0,1.4810502488509167e+23,0.0
2666,46.37194687173703,46.37194687173703,0.0,0.0,0.0,1.4810502488509167e+23,0.0
2667,46.269496658004584,46.269496658004584,0.0,0.0,0.0,1.4810502488509167e+23,0.0
2668,46.167246959438444,46.167246959438444,0.0,0.0,0.0,1.4810502488509167e+23,0.0
2669,46.06519744255238,46.06519744255238,0.0,0.0,0.0,1.4810502488509167e+23,0.0
2670,45.963347774297716,45.963347774297716,0.0,0.0,0.0,1.4810502488509167e+23,0.0
2671,45.86169762206297,45.86169762206297,0.0,0.0,0.0,1.4810502488509167e+23,0.0
2672,45.760246653673406,45.760246653673406,0.0,0.0,0.0,1.4810502488509167e+23,0.0
2673,45.658994537390655,45.658994537390655,0.0,0.0,0.0,1.4810502488509167e+23,0.0
2674,45.55794094191233,45.55794094191233,0.0,0.0,0.0,1.4810502488509167e+23,0.0
2675,45.45708553637164,45.45708553637164,0.0,0.0,0.0,1.4810502488509167e+23,0.0
2676,45.35642799033696,45.35642799033696,0.0,0.0,0.0,1.4810502488509167e+23,0.0
2677,45.255967973811444,45.255967973811444,0.0,0.0,0.0,1.4810502488509167e+23,0.0
2678,45.15570515723264,45.15570515723264,0.0,0.0,0.0,1.4810502488509167e+23,0.0
2679,45.05563921147208,45.05563921147208,0.0,0.0,0.0,1.4810502488509167e+23,0.0
2680,44.95576980783495,44.95576980783495,0.0,0.0,0.0,1.4810502488509167e+23,0.0
2681,44.85609661805956,44.85609661805956,0.0,0.0,0.0,1.4810502488509167e+23,0.0
2682,44.75661931431712,44.75661931431712,0.0,0.0,0.0,1.4810502488509167e+23,0.0
2683,44.65733756921115,44.65733756921115,0.0,0.0,0.0,1.4810502488509167e+23,0.0
2684,44.558251055777326,44.558251055777326,0.0,0.0,0.0,1.4810502488509167e+23,0.0
2685,44.45935944748281,44.45935944748281,0.0,0.0,0.0,1.4810502488509167e+23,0.0
2686,44.360662418226156,44.360662418226156,0.0,0.0,0.0,1.4810502488509167e+23,0.0
2687,44.26215964233659,44.26215964233659,0.0,0.0,0.0,1.4810502488509167e+23,0.0
2688,44.163850794573946,44.163850794573946,0.0,0.0,0.0,1.4810502488509167e+23,0.0
2689,44.06573555012802,44.06573555012802,0.0,0.0,0.0,1.4810502488509167e+23,0.0
2690,43.96781358461833,43.96781358461833,0.0,0.0,0.0,1.4810502488509167e+23,0.0
2691,43.87008457409361,43.87008457409361,0.0,0.0,0.0,1.4810502488509167e+23,0.0
2692,43.77254819503154,43.77254819503154,0.0,0.0,0.0,1.4810502488509167e+23,0.0
2693,43.67520412433828,43.67520412433828,0.0,0.0,0.0,1.4810502488509167e+23,0.0
2694,43.57805203934805,43.57805203934805,0.0,0.0,0.0,1.4810502488509167e+23,0.0
2695,43.481091617822834,43.481091617822834,0.0,0.0,0.0,1.4810502488509167e+23,0.0
2696,43.3843225379519,43.3843225379519,0.0,0.0,0.0,1.4810502488509167e+23,0.0
2697,43.2877444783515,43.2877444783515,0.0,0.0,0.0,1.4810502488509167e+23,0.0
2698,43.19135711806435,43.19135711806435,0.0,0.0,0.0,1.4810502488509167e+23,0.0
2699,43.095160136559414,43.095160136559414,0.0,0.0,0.0,1.4810502488509167e+23,0.0
2700,42.99915321373131,42.99915321373131,0.0,0.0,0.0,1.4810502488509167e+23,0.0
2701,42.90333602990013,42.90333602990013,0.0,0.0,0.0,1.4810502488509167e+23,0.0
2702,42.80770826581091,42.80770826581091,0.0,0.0,0.0,1.4810502488509167e+23,0.0
2703,42.71226960263328,42.71226960263328,0.0,0.0,0.0,1.4810502488509167e+23,0.0
2704,42.617019721961086,42.617019721961086,0.0,0.0,0.0,1.4810502488509167e+23,0.0
2705,42.52195830581199,42.52195830581199,0.0,0.0,0.0,1.4810502488509167e+23,0.0
2706,42.42708503662713,42.42708503662713,0.0,0.0,0.0,1.4810502488509167e+23,0.0
2707,42.33239959727063,42.33239959727063,0.0,0.0,0.0,1.4810502488509167e+23,0.0
2708,42.23790167102934,42.23790167102934,0.0,0.0,0.0,1.4810502488509167e+23,0.0
2709,42.14359094161232,42.14359094161232,0.0,0.0,0.0,1.4810502488509167e+23,0.0
2710,42.049467093150554,42.049467093150554,0.0,0.0,0.0,1.4810502488509167e+23,0.0
2711,41.95552981019655,41.95552981019655,0.0,0.0,0.0,1.4810502488509167e+23,0.0
2712,41.86177877772389,41.86177877772389,0.0,0.0,0.0,1.4810502488509167e+23,0.0
2713,41.76821368112689,41.76821368112689,0.0,0.0,0.0,1.4810502488509167e+23,0.0
2714,41.67483420622027,41.67483420622027,0.0,0.0,0.0,1.4810502488509167e+23,0.0
2715,41.581640039238614,41.581640039238614,0.0,0.0,0.0,1.4810502488509167e+23,0.0
2716,41.488630866836196,41.488630866836196,0.0,0.0,0.0,1.4810502488509167e+23,0.0
2717,41.39580637608639,41.39580637608639,0.0,0.0,0.0,1.4810502488509167e+23,0.0
2718,41.30316625448139,41.30316625448139,0.0,0.0,0.0,1.4810502488509167e+23,0.0
2719,41.210710189931895,41.210710189931895,0.0,0.0,0.0,1.4810502488509167e+23,0.0
2720,41.11843787076651,41.11843787076651,0.0,0.0,0.0,1.4810502488509167e+23,0.0
2721,41.026348985731644,41.026348985731644,0.0,0.0,0.0,1.4810502488509167e+23,0.0
2722,40.93444322399084,40.93444322399084,0.0,0.0,0.0,1.4810502488509167e+23,0.0
2723,40.84272027512464,40.84272027512464,0.0,0.0,0.0,1.4810502488509167e+23,0.0
2724,40.75117982913004,40.75117982913004,0.0,0.0,0.0,1.4810502488509167e+23,0.0
2725,40.65982157642015,40.65982157642015,0.0,0.0,0.0,1.4810502488509167e+23,0.0
2726,40.568645207823856,40.568645207823856,0.0,0.0,0.0,1.4810502488509167e+23,0.0
2727,40.47765041458542,40.47765041458542,0.0,0.0,0.0,1.4810502488509167e+23,0.0
2728,40.38683688836403,40.38683688836403,0.0,0.0,0.0,1.4810502488509167e+23,0.0
2729,40.29620432123352,40.29620432123352,0.0,0.0,0.0,1.4810502488509167e+23,0.0
2730,40.205752405681906,40.205752405681906,0.0,0.0,0.0,1.4810502488509167e+23,0.0
2731,40.11548083461106,40.11548083461106,0.0,0.0,0.0,1.4810502488509167e+23,0.0
2732,40.02538930133629,40.02538930133629,0.0,0.0,0.0,1.4810502488509167e+23,0.0
2733,39.935477499586035,39.935477499586035,0.0,0.0,0.0,1.4810502488509167e+23,0.0
2734,39.84574512350133,39.84574512350133,0.0,0.0,0.0,1.4810502488509167e+23,0.0
2735,39.75619186763562,39.75619186763562,0.0,0.0,0.0,1.4810502488509167e+23,0.0
2736,39.66681742695424,39.66681742695424,0.0,0.0,0.0,1.4810502488509167e+23,0.0
2737,39.57762149683408,39.57762149683408,0.0,0.0,0.0,1.4810502488509167e+23,0.0
2738,39.488603773063204,39.488603773063204,0.0,0.0,0.0,1.4810502488509167e+23,0.0
2739,39.399763951840534,39.399763951840534,0.0,0.0,0.0,1.4810502488509167e+23,0.0
2740,39.311101729775295,39.311101729775295,0.0,0.0,0.0,1.4810502488509167e+23,0.0
2741,39.22261680388684,39.22261680388684,0.0,0.0,0.0,1.4810502488509167e+23,0.0
2742,39.13430887160416,39.13430887160416,0.0,0.0,0.0,1.4810502488509167e+23,0.0
2743,39.04617763076552,39.04617763076552,0.0,0.0,0.0,1.4810502488509167e+23,0.0
2744,38.95822277961812,38.95822277961812,0.0,0.0,0.0,1.4810502488509167e+23,0.0
2745,38.870444016817636,38.870444016817636,0.0,0.0,0.0,1.4810502488509167e+23,0.0
2746,38.78284104142794,38.78284104142794,0.0,0.0,0.0,1.4810502488509167e+23,0.0
2747,38.69541355292069,38.69541355292069,0.0,0.0,0.0,1.4810502488509167e+23,0.0
2748,38.60816125117486,38.60816125117486,0.0,0.0,0.0,1.4810502488509167e+23,0.0
2749,38.521083836476556,38.521083836476556,0.0,0.0,0.0,1.4810502488509167e+23,0.0
2750,38.43418100951842,38.43418100951842,0.0,0.0,0.0,1.4810502488509167e+23,0.0
2751,38.347452471399414,38.347452471399414,0.0,0.0,0.0,1.4810502488509167e+23,0.0
2752,38.26089792362439,38.26089792362439,0.0,0.0,0.0,1.4810502488509167e+23,0.0
2753,38.17451706810373,38.17451706810373,0.0,0.0,0.0,1.4810502488509167e+23,0.0
2754,38.08830960715293,38.08830960715293,0.0,0.0,0.0,1.4810502488509167e+23,0.0
2755,38.00227524349223,38.00227524349223,0.0,0.0,0.0,1.4810502488509167e+23,0.0
2756,37.91641368024632,37.91641368024632,0.0,0.0,0.0,1.4810502488509167e+23,0.0
2757,37.830724620943826,37.830724620943826,0.0,0.0,0.0,1.4810502488509167e+23,0.0
2758,37.74520776951711,37.74520776951711,0.0,0.0,0.0,1.4810502488509167e+23,0.0
2759,37.659862830301705,37.659862830301705,0.0,0.0,0.0,1.4810502488509167e+23,0.0
2760,37.574689508036094,37.574689508036094,0.0,0.0,0.0,1.4810502488509167e+23,0.0
2761,37.489687507861234,37.489687507861234,0.0,0.0,0.0,1.4810502488509167e+23,0.0
2762,37.40485653532026,37.40485653532026,0.0,0.0,0.0,1.4810502488509167e+23,0.0
2763,37.32019629635809,37.32019629635809,0.0,0.0,0.0,1.4810502488509167e+23,0.0
2764,37.23570649732096,37.23570649732096,0.0,0.0,0.0,1.4810502488509167e+23,0.0
2765,37.15138684495623,37.15138684495623,0.0,0.0,0.0,1.4810502488509167e+23,0.0
2766,37.067237046411826,37.067237046411826,0.0,0.0,0.0,1.4810502488509167e+23,0.0
2767,36.98325680923597,36.98325680923597,0.0,0.0,0.0,1.4810502488509167e+23,0.0
2768,36.89944584137683,36.89944584137683,0.0,0.0,0.0,1.4810502488509167e+23,0.0
2769,36.81580385118207,36.81580385118207,0.0,0.0,0.0,1.4810502488509167e+23,0.0
2770,36.732330547398476,36.732330547398476,0.0,0.0,0.0,1.4810502488509167e+23,0.0
2771,36.64902563917174,36.64902563917174,0.0,0.0,0.0,1.4810502488509167e+23,0.0
2772,36.56588883604584,36.56588883604584,0.0,0.0,0.0,1.4810502488509167e+23,0.0
2773,36.48291984796288,36.48291984796288,0.0,0.0,0.0,1.4810502488509167e+23,0.0
2774,36.40011838526258,36.40011838526258,0.0,0.0,0.0,1.4810502488509167e+23,0.0
2775,36.317484158682,36.317484158682,0.0,0.0,0.0,1.4810502488509167e+23,0.0
2776,36.235016879355136,36.235016879355136,0.0,0.0,0.0,1.4810502488509167e+23,0.0
2777,36.152716258812504,36.152716258812504,0.0,0.0,0.0,1.4810502488509167e+23,0.0
2778,36.070582008980836,36.070582008980836,0.0,0.0,0.0,1.4810502488509167e+23,0.0
2779,35.98861384218271,35.98861384218271,0.0,0.0,0.0,1.4810502488509167e+23,0.0
2780,35.906811471136095,35.906811471136095,0.0,0.0,0.0,1.4810502488509167e+23,0.0
2781,35.82517460895405,35.82517460895405,0.0,0.0,0.0,1.4810502488509167e+23,0.0
2782,35.74370296914441,35.74370296914441,0.0,0.0,0.0,1.4810502488509167e+23,0.0
2783,35.66239626560926,35.66239626560926,0.0,0.0,0.0,1.4810502488509167e+23,0.0
2784,35.58125421264471,35.58125421264471,0.0,0.0,0.0,1.4810502488509167e+23,0.0
2785,35.50027652494045,35.50027652494045,0.0,0.0,0.0,1.4810502488509167e+23,0.0
2786,35.41946291757939,35.41946291757939,0.0,0.0,0.0,1.4810502488509167e+23,0.0
2787,35.33881310603735,35.33881310603735,0.0,0.0,0.0,1.4810502488509167e+23,0.0
2788,35.258326806182616,35.258326806182616,0.0,0.0,0.0,1.4810502488509167e+23,0.0
2789,35.17800373427557,35.17800373427557,0.0,0.0,0.0,1.4810502488509167e+23,0.0
2790,35.097843606968404,35.097843606968404,0.0,0.0,0.0,1.4810502488509167e+23,0.0
2791,35.017846141304666,35.017846141304666,0.0,0.0,0.0,1.4810502488509167e+23,0.0
2792,34.93801105471894,34.93801105471894,0.0,0.0,0.0,1.4810502488509167e+23,0.0
2793,34.858338065036484,34.858338065036484,0.0,0.0,0.0,1.4810502488509167e+23,0.0
2794,34.77882689047279,34.77882689047279,0.0,0.0,0.0,1.4810502488509167e+23,0.0
2795,34.699477249633325,34.699477249633325,0.0,0.0,0.0,1.4810502488509167e+23,0.0
2796,34.62028886151309,34.62028886151309,0.0,0.0,0.0,1.4810502488509167e+23,0.0
2797,34.54126144549623,34.54126144549623,0.0,0.0,0.0,1.4810502488509167e+23,0.0
2798,34.46239472135579,34.46239472135579,0.0,0.0,0.0,1.4810502488509167e+23,0.0
2799,34.3836884092532,34.3836884092532,0.0,0.0,0.0,1.4810502488509167e+23,0.0
2800,34.30514222973802,34.30514222973802,0.0,0.0,0.0,1.4810502488509167e+23,0.0
2801,34.22675590374751,34.22675590374751,0.0,0.0,0.0,1.4810502488509167e+23,0.0
2802,34.14852915260626,34.14852915260626,0.0,0.0,0.0,1.4810502488509167e+23,0.0
2803,34.07046169802593,34.07046169802593,0.0,0.0,0.0,1.4810502488509167e+23,0.0
2804,33.99255326210468,33.99255326210468,0.0,0.0,0.0,1.4810502488509167e+23,0.0
2805,33.91480356732706,33.91480356732706,0.0,0.0,0.0,1.4810502488509167e+23,0.0
2806,33.837212336563425,33.837212336563425,0.0,0.0,0.0,1.4810502488509167e+23,0.0
2807,33.75977929306968,33.75977929306968,0.0,0.0,0.0,1.4810502488509167e+23,0.0
2808,33.6825041604869,33.6825041604869,0.0,0.0,0.0,1.4810502488509167e+23,0.0
2809,33.60538666284096,33.60538666284096,0.0,0.0,0.0,1.4810502488509167e+23,0.0
2810,33.52842652454214,33.52842652454214,0.0,0.0,0.0,1.4810502488509167e+23,0.0
2811,33.45162347038486,33.45162347038486,0.0,0.0,0.0,1.4810502488509167e+23,0.0
2812,33.37497722554712,33.37497722554712,0.0,0.0,0.0,1.4810502488509167e+23,0.0
2813,33.29848751559041,33.29848751559041,0.0,0.0,0.0,1.4810502488509167e+23,0.0
2814,33.22215406645911,33.22215406645911,0.0,0.0,0.0,1.4810502488509167e+23,0.0
2815,33.1459766044802,33.1459766044802,0.0,0.0,0.0,1.4810502488509167e+23,0.0
2816,33.06995485636296,33.06995485636296,0.0,0.0,0.0,1.4810502488509167e+23,0.0
2817,32.99408854919855,32.99408854919855,0.0,0.0,0.0,1.4810502488509167e+23,0.0
2818,32.918377410459634,32.918377410459634,0.0,0.0,0.0,1.4810502488509167e+23,0.0
2819,32.84282116800003,32.84282116800003,0.0,0.0,0.0,1.4810502488509167e+23,0.0
2820,32.7674195500544,32.7674195500544,0.0,0.0,0.0,1.4810502488509167e+23,0.0
2821,32.69217228523776,32.69217228523776,0.0,0.0,0.0,1.4810502488509167e+23,0.0
2822,32.61707910254531,32.61707910254531,0.0,0.0,0.0,1.4810502488509167e+23,0.0
2823,32.54213973135186,32.54213973135186,0.0,0.0,0.0,1.4810502488509167e+23,0.0
2824,32.467353901411656,32.467353901411656,0.0,0.0,0.0,1.4810502488509167e+23,0.0
2825,32.39272134285783,32.39272134285783,0.0,0.0,0.0,1.4810502488509167e+23,0.0
2826,32.31824178620224,32.31824178620224,0.0,0.0,0.0,1.4810502488509167e+23,0.0
2827,32.243914962334976,32.243914962334976,0.0,0.0,0.0,1.4810502488509167e+23,0.0
2828,32.16974060252396,32.16974060252396,0.0,0.0,0.0,1.4810502488509167e+23,0.0
2829,32.095718438414785,32.095718438414785,0.0,0.0,0.0,1.4810502488509167e+23,0.0
2830,32.02184820203011,32.02184820203011,0.0,0.0,0.0,1.4810502488509167e+23,0.0
2831,31.948129625769475,31.948129625769475,0.0,0.0,0.0,1.4810502488509167e+23,0.0
2832,31.874562442408862,31.874562442408862,0.0,0.0,0.0,1.4810502488509167e+23,0.0
2833,31.801146385100363,31.801146385100363,0.0,0.0,0.0,1.4810502488509167e+23,0.0
2834,31.72788118737179,31.72788118737179,0.0,0.0,0.0,1.4810502488509167e+23,0.0
2835,31.65476658312634,31.65476658312634,0.0,0.0,0.0,1.4810502488509167e+23,0.0
2836,31.581802306642242,31.581802306642242,0.0,0.0,0.0,1.4810502488509167e+23,0.0
2837,31.50898809257234,31.50898809257234,0.0,0.0,0.0,1.4810502488509167e+23,0.0
2838,31.43632367594383,31.43632367594383,0.0,0.0,0.0,1.4810502488509167e+23,0.0
2839,31.363808792157837,31.363808792157837,0.0,0.0,0.0,1.4810502488509167e+23,0.0
2840,31.291443176989034,31.291443176989034,0.0,0.0,0.0,1.4810502488509167e+23,0.0
2841,31.219226566585338,31.219226566585338,0.0,0.0,0.0,1.4810502488509167e+23,0.0
2842,31.14715869746752,31.14715869746752,0.0,0.0,0.0,1.4810502488509167e+23,0.0
2843,31.075239306528847,31.075239306528847,0.0,0.0,0.0,1.4810502488509167e+23,0.0
2844,31.003468131034754,31.003468131034754,0.0,0.0,0.0,1.4810502488509167e+23,0.0
2845,30.931844908622455,30.931844908622455,0.0,0.0,0.0,1.4810502488509167e+23,0.0
2846,30.860369377300536,30.860369377300536,0.0,0.0,0.0,1.4810502488509167e+23,0.0
2847,30.789041275448735,30.789041275448735,0.0,0.0,0.0,1.4810502488509167e+23,0.0
2848,30.717860341817477,30.717860341817477,0.0,0.0,0.0,1.4810502488509167e+23,0.0
2849,30.64682631552748,30.64682631552748,0.0,0.0,0.0,1.4810502488509167e+23,0.0
2850,30.575938936069516,30.575938936069516,0.0,0.0,0.0,1.4810502488509167e+23,0.0
2851,30.505197943303997,30.505197943303997,0.0,0.0,0.0,1.4810502488509167e+23,0.0
2852,30.43460307746057,30.43460307746057,0.0,0.0,0.0,1.4810502488509167e+23,0.0
2853,30.364154079137837,30.364154079137837,0.0,0.0,0.0,1.4810502488509167e+23,0.0
2854,30.293850689302975,30.293850689302975,0.0,0.0,0.0,1.4810502488509167e+23,0.0
2855,30.223692649291344,30.223692649291344,0.0,0.0,0.0,1.4810502488509167e+23,0.0
2856,30.153679700806155,30.153679700806155,0.0,0.0,0.0,1.4810502488509167e+23,0.0
2857,30.08381158591813,30.08381158591813,0.0,0.0,0.0,1.4810502488509167e+23,0.0
2858,30.01408804706512,30.01408804706512,0.0,0.0,0.0,1.4810502488509167e+23,0.0
2859,29.944508827051763,29.944508827051763,0.0,0.0,0.0,1.4810502488509167e+23,0.0
2860,29.87507366904911,29.87507366904911,0.0,0.0,0.0,1.4810502488509167e+23,0.0
2861,29.805782316594296,29.805782316594296,0.0,0.0,0.0,1.4810502488509167e+23,0.0
2862,29.736634513590165,29.736634513590165,0.0,0.0,0.0,1.4810502488509167e+23,0.0
2863,29.66763000430492,29.66763000430492,0.0,0.0,0.0,1.4810502488509167e+23,0.0
2864,29.598768533371764,29.598768533371764,0.0,0.0,0.0,1.4810502488509167e+23,0.0
2865,29.530049845788533,29.530049845788533,0.0,0.0,0.0,1.4810502488509167e+23,0.0
2866,29.46147368691738,29.46147368691738,0.0,0.0,0.0,1.4810502488509167e+23,0.0
2867,29.39303980248439,29.39303980248439,0.0,0.0,0.0,1.4810502488509167e+23,0.0
2868,29.324747938579197,29.324747938579197,0.0,0.0,0.0,1.4810502488509167e+23,0.0
2869,29.256597841654713,29.256597841654713,0.0,0.0,0.0,1.4810502488509167e+23,0.0
2870,29.188589258526676,29.188589258526676,0.0,0.0,0.0,1.4810502488509167e+23,0.0
2871,29.120721936373364,29.120721936373364,0.0,0.0,0.0,1.4810502488509167e+23,0.0
2872,29.052995622735224,29.052995622735224,0.0,0.0,0.0,1.4810502488509167e+23,0.0
2873,28.985410065514486,28.985410065514486,0.0,0.0,0.0,1.4810502488509167e+23,0.0
2874,28.91796501297486,28.91796501297486,0.0,0.0,0.0,1.4810502488509167e+23,0.0
2875,28.85066021374115,28.85066021374115,0.0,0.0,0.0,1.4810502488509167e+23,0.0
2876,28.78349541679889,28.78349541679889,0.0,0.0,0.0,1.4810502488509167e+23,0.0
2877,28.71647037149402,28.71647037149402,0.0,0.0,0.0,1.4810502488509167e+23,0.0
2878,28.649584827532546,28.649584827532546,0.0,0.0,0.0,1.4810502488509167e+23,0.0
2879,28.582838534980105,28.582838534980105,0.0,0.0,0.0,1.4810502488509167e+23,0.0
2880,28.51623124426171,28.51623124426171,0.0,0.0,0.0,1.4810502488509167e+23,0.0
2881,28.449762706161337,28.449762706161337,0.0,0.0,0.0,1.4810502488509167e+23,0.0
2882,28.383432671821602,28.383432671821602,0.0,0.0,0.0,1.4810502488509167e+23,0.0
2883,28.317240892743367,28.317240892743367,0.0,0.0,0.0,1.4810502488509167e+23,0.0
2884,28.25118712078545,28.25118712078545,0.0,0.0,0.0,1.4810502488509167e+23,0.0
2885,28.18527110816422,28.18527110816422,0.0,0.0,0.0,1.4810502488509167e+23,0.0
2886,28.119492607453257,28.119492607453257,0.0,0.0,0.0,1.4810502488509167e+23,0.0
2887,28.053851371583022,28.053851371583022,0.0,0.0,0.0,1.4810502488509167e+23,0.0
2888,27.988347153840486,27.988347153840486,0.0,0.0,0.0,1.4810502488509167e+23,0.0
2889,27.922979707868762,27.922979707868762,0.0,0.0,0.0,1.4810502488509167e+23,0.0
2890,27.857748787666807,27.857748787666807,0.0,0.0,0.0,1.4810502488509167e+23,0.0
2891,27.792654147589005,27.792654147589005,0.0,0.0,0.0,1.4810502488509167e+23,0.0
2892,27.727695542344858,27.727695542344858,0.0,0.0,0.0,1.4810502488509167e+23,0.0
2893,27.662872726998597,27.662872726998597,0.0,0.0,0.0,1.4810502488509167e+23,0.0
2894,27.59818545696892,27.59818545696892,0.0,0.0,0.0,1.4810502488509167e+23,0.0
2895,27.5336334880285,27.5336334880285,0.0,0.0,0.0,1.4810502488509167e+23,0.0
2896,27.46921657630377,27.46921657630377,0.0,0.0,0.0,1.4810502488509167e+23,0.0
2897,27.404934478274484,27.404934478274484,0.0,0.0,0.0,1.4810502488509167e+23,0.0
2898,27.340786950773424,27.340786950773424,0.0,0.0,0.0,1.4810502488509167e+23,0.0
2899,27.276773750985978,27.276773750985978,0.0,0.0,0.0,1.4810502488509167e+23,0.0
2900,27.21289463644988,27.21289463644988,0.0,0.0,0.0,1.4810502488509167e+23,0.0
2901,27.14914936505478,27.14914936505478,0.0,0.0,0.0,1.4810502488509167e+23,0.0
2902,27.08553769504193,27.08553769504193,0.0,0.0,0.0,1.4810502488509167e+23,0.0
2903,27.02205938500386,27.02205938500386,0.0,0.0,0.0,1.4810502488509167e+23,0.0
2904,26.958714193883974,26.958714193883974,0.0,0.0,0.0,1.4810502488509167e+23,0.0
2905,26.895501880976216,26.895501880976216,0.0,0.0,0.0,1.4810502488509167e+23,0.0
2906,26.83242220592477,26.83242220592477,0.0,0.0,0.0,1.4810502488509167e+23,0.0
2907,26.769474928723643,26.769474928723643,0.0,0.0,0.0,1.4810502488509167e+23,0.0
2908,26.706659809716342,26.706659809716342,0.0,0.0,0.0,1.4810502488509167e+23,0.0
2909,26.643976609595537,26.643976609595537,0.0,0.0,0.0,1.4810502488509167e+23,0.0
2910,26.581425089402693,26.581425089402693,0.0,0.0,0.0,1.4810502488509167e+23,0.0
2911,26.519005010527742,26.519005010527742,0.0,0.0,0.0,1.4810502488509167e+23,0.0
2912,26.456716134708728,26.456716134708728,0.0,0.0,0.0,1.4810502488509167e+23,0.0
2913,26.394558224031424,26.394558224031424,0.0,0.0,0.0,1.4810502488509167e+23,0.0
2914,26.33253104092904,26.33253104092904,0.0,0.0,0.0,1.4810502488509167e+23,0.0
2915,26.270634348181833,26.270634348181833,0.0,0.0,0.0,1.4810502488509167e+23,0.0
2916,26.20886790891679,26.20886790891679,0.0,0.0,0.0,1.4810502488509167e+23,0.0
2917,26.147231486607232,26.147231486607232,0.0,0.0,0.0,1.4810502488509167e+23,0.0
2918,26.08572484507254,26.08572484507254,0.0,0.0,0.0,1.4810502488509167e+23,0.0
2919,26.02434774847774,26.02434774847774,0.0,0.0,0.0,1.4810502488509167e+23,0.0
2920,25.96309996133317,25.96309996133317,0.0,0.0,0.0,1.4810502488509167e+23,0.0
2921,25.901981248494177,25.901981248494177,0.0,0.0,0.0,1.4810502488509167e+23,0.0
2922,25.840991375160712,25.840991375160712,0.0,0.0,0.0,1.4810502488509167e+23,0.0
2923,25.78013010687698,25.78013010687698,0.0,0.0,0.0,1.4810502488509167e+23,0.0
2924,25.7193972095312,25.7193972095312,0.0,0.0,0.0,1.4810502488509167e+23,0.0
2925,25.658792449355097,25.658792449355097,0.0,0.0,0.0,1.4810502488509167e+23,0.0
2926,25.598315592923672,25.598315592923672,0.0,0.0,0.0,1.4810502488509167e+23,0.0
2927,25.537966407154816,25.537966407154816,0.0,0.0,0.0,1.4810502488509167e+23,0.0
2928,25.477744659308986,25.477744659308986,0.0,0.0,0.0,1.4810502488509167e+23,0.0
2929,25.41765011698879,25.41765011698879,0.0,0.0,0.0,1.4810502488509167e+23,0.0
2930,25.35768254813875,25.35768254813875,0.0,0.0,0.0,1.4810502488509167e+23,0.0
2931,25.297841721044847,25.297841721044847,0.0,0.0,0.0,1.4810502488509167e+23,0.0
2932,25.238127404334268,25.238127404334268,0.0,0.0,0.0,1.4810502488509167e+23,0.0
2933,25.178539366974974,25.178539366974974,0.0,0.0,0.0,1.4810502488509167e+23,0.0
2934,25.11907737827543,25.11907737827543,0.0,0.0,0.0,1.4810502488509167e+23,0.0
2935,25.059741207884212,25.059741207884212,0.0,0.0,0.0,1.4810502488509167e+23,0.0
2936,25.000530625789686,25.000530625789686,0.0,0.0,0.0,1.4810502488509167e+23,0.0
2937,24.941445402319648,24.941445402319648,0.0,0.0,0.0,1.4810502488509167e+23,0.0
2938,24.88248530814098,24.88248530814098,0.0,0.0,0.0,1.4810502488509167e+23,0.0
2939,24.823650114259326,24.823650114259326,0.0,0.0,0.0,1.4810502488509167e+23,0.0
2940,24.764939592018692,24.764939592018692,0.0,0.0,0.0,1.4810502488509167e+23,0.0
2941,24.706353513101202,24.706353513101202,0.0,0.0,0.0,1.4810502488509167e+23,0.0
2942,24.647891649526628,24.647891649526628,0.0,0.0,0.0,1.4810502488509167e+23,0.0
2943,24.589553773652163,24.589553773652163,0.0,0.0,0.0,1.4810502488509167e+23,0.0
2944,24.531339658171976,24.531339658171976,0.0,0.0,0.0,1.4810502488509167e+23,0.0
2945,24.473249076116932,24.473249076116932,0.0,0.0,0.0,1.4810502488509167e+23,0.0
2946,24.415281800854256,24.415281800854256,0.0,0.0,0.0,1.4810502488509167e+23,0.0
2947,24.357437606087128,24.357437606087128,0.0,0.0,0.0,1.4810502488509167e+23,0.0
2948,24.29971626585439,24.29971626585439,0.0,0.0,0.0,1.4810502488509167e+23,0.0
2949,24.242117554530182,24.242117554530182,0.0,0.0,0.0,1.4810502488509167e+23,0.0
2950,24.18464124682362,24.18464124682362,0.0,0.0,0.0,1.4810502488509167e+23,0.0
2951,24.127287117778412,24.127287117778412,0.0,0.0,0.0,1.4810502488509167e+23,0.0
2952,24.070054942772565,24.070054942772565,0.0,0.0,0.0,1.4810502488509167e+23,0.0
2953,24.012944497518,24.012944497518,0.0,0.0,0.0,1.4810502488509167e+23,0.0
2954,23.95595555806021,23.95595555806021,0.0,0.0,0.0,1.4810502488509167e+23,0.0
2955,23.89908790077798,23.89908790077798,0.0,0.0,0.0,1.4810502488509167e+23,0.0
2956,23.842341302382955,23.842341302382955,0.0,0.0,0.0,1.4810502488509167e+23,0.0
2957,23.78571553991934,23.78571553991934,0.0,0.0,0.0,1.4810502488509167e+23,0.0
2958,23.729210390763598,23.729210390763598,0.0,0.0,0.0,1.4810502488509167e+23,0.0
2959,23.672825632624004,23.672825632624004,0.0,0.0,0.0,1.4810502488509167e+23,0.0
2960,23.616561043540436,23.616561043540436,0.0,0.0,0.0,1.4810502488509167e+23,0.0
2961,23.560416401883902,23.560416401883902,0.0,0.0,0.0,1.4810502488509167e+23,0.0
2962,23.504391486356283,23.504391486356283,0.0,0.0,0.0,1.4810502488509167e+23,0.0
2963,23.44848607598997,23.44848607598997,0.0,0.0,0.0,1.4810502488509167e+23,0.0
2964,23.392699950147524,23.392699950147524,0.0,0.0,0.0,1.4810502488509167e+23,0.0
2965,23.33703288852132,23.33703288852132,0.0,0.0,0.0,1.4810502488509167e+23,0.0
2966,23.28148467113321,23.28148467113321,0.0,0.0,0.0,1.4810502488509167e+23,0.0
2967,23.226055078334195,23.226055078334195,0.0,0.0,0.0,1.4810502488509167e+23,0.0
2968,23.17074389080408,23.17074389080408,0.0,0.0,0.0,1.4810502488509167e+23,0.0
2969,23.11555088955112,23.11555088955112,0.0,0.0,0.0,1.4810502488509167e+23,0.0
2970,23.06047585591169,23.06047585591169,0.0,0.0,0.0,1.4810502488509167e+23,0.0
2971,23.005518571549967,23.005518571549967,0.0,0.0,0.0,1.4810502488509167e+23,0.0
2972,22.950678818457515,22.950678818457515,0.0,0.0,0.0,1.4810502488509167e+23,0.0
2973,22.89595637895305,22.89595637895305,0.0,0.0,0.0,1.4810502488509167e+23,0.0
2974,22.841351035681996,22.841351035681996,0.0,0.0,0.0,1.4810502488509167e+23,0.0
2975,22.786862571616236,22.786862571616236,0.0,0.0,0.0,1.4810502488509167e+23,0.0
2976,22.73249077005368,22.73249077005368,0.0,0.0,0.0,1.4810502488509167e+23,0.0
2977,22.678235414618037,22.678235414618037,0.0,0.0,0.0,1.4810502488509167e+23,0.0
2978,22.62409628925835,22.62409628925835,0.0,0.0,0.0,1.4810502488509167e+23,0.0
2979,22.570073178248766,22.570073178248766,0.0,0.0,0.0,1.4810502488509167e+23,0.0
2980,22.51616586618812,22.51616586618812,0.0,0.0,0.0,1.4810502488509167e+23,0.0
2981,22.462374137999653,22.462374137999653,0.0,0.0,0.0,1.4810502488509167e+23,0.0
2982,22.40869777893061,22.40869777893061,0.0,0.0,0.0,1.4810502488509167e+23,0.0
2983,22.355136574551963,22.355136574551963,0.0,0.0,0.0,1.4810502488509167e+23,0.0
2984,22.301690310758023,22.301690310758023,0.0,0.0,0.0,1.4810502488509167e+23,0.0
2985,22.248358773766153,22.248358773766153,0.0,0.0,0.0,1.4810502488509167e+23,0.0
2986,22.195141750116367,22.195141750116367,0.0,0.0,0.0,1.4810502488509167e+23,0.0
2987,22.142039026671053,22.142039026671053,0.0,0.0,0.0,1.4810502488509167e+23,0.0
2988,22.089050390614574,22.089050390614574,0.0,0.0,0.0,1.4810502488509167e+23,0.0
2989,22.03617562945299,22.03617562945299,0.0,0.0,0.0,1.4810502488509167e+23,0.0
2990,21.98341453101367,21.98341453101367,0.0,0.0,0.0,1.4810502488509167e+23,0.0
2991,21.930766883444996,21.930766883444996,0.0,0.0,0.0,1.4810502488509167e+23,0.0
2992,21.878232475215963,21.878232475215963,0.0,0.0,0.0,1.4810502488509167e+23,0.0
2993,21.82581109511594,21.82581109511594,0.0,0.0,0.0,1.4810502488509167e+23,0.0
2994,21.773502532254234,21.773502532254234,0.0,0.0,0.0,1.4810502488509167e+23,0.0
2995,21.721306576059792,21.721306576059792,0.0,0.0,0.0,1.4810502488509167e+23,0.0
2996,21.669223016280878,21.669223016280878,0.0,0.0,0.0,1.4810502488509167e+23,0.0
2997,21.61725164298473,21.61725164298473,0.0,0.0,0.0,1.4810502488509167e+23,0.0
2998,21.56539224655719,21.56539224655719,0.0,0.0,0.0,1.4810502488509167e+23,0.0
2999,21.513644617702422,21.513644617702422,0.0,0.0,0.0,1.4810502488509167e+23,0.0
3000,21.46200854744251,21.46200854744251,0.0,0.0,0.0,1.4810502488509167e+23,0.0
