event_id,gps_time,mass_1,mass_2,mass_total,mass_ratio,distance_mpc,redshift,snr,efficiency,chi_eff,max_epsilon,final_epsilon,final_state,mode_parity,combined_factor,scale_factor,doppler_shift_hz,frequency_observed,v_total_kms,beta,doppler_factor,twist_factor,scale_correction,cosmological_factor,direction,topology_conserved,doppler_realistic,energy_positive,beta_physical,all_checks_passed
H1L1V1-GSTLAL_AllSky-1238515766-1.xml,1238515766.0,67.39624160879211,52.05013775351642,119.44637936230853,1.294833107415531,1276.5687332972461,0.40135958922133935,6.482558345818298,0.04089201208319383,0.144888949889035,0.23747569544127536,1.5466785598757043e-20,Klein_extrema,1,0.25657500856864063,8.835580419407496,-0.4864375157520193,5.19356248424798,89535.39383483025,0.15,0.9143595922971797,1.0225,1.0000070348055552,1.040135958922134,recede,True,True,True,False,False
H1L1V1-GSTLAL_AllSky-1238393111-1.xml,1238393111.0,67.39624160879211,52.05013775351642,119.44637936230853,1.294833107415531,1276.5687332972461,0.40135958922133935,6.482558345818298,0.04089201208319383,0.144888949889035,0.23747569544127536,1.5466785598757043e-20,Klein_extrema,1,0.25657500856864063,8.835580419407496,-0.4864375157520193,5.19356248424798,89535.39383483025,0.15,0.9143595922971797,1.0225,1.0000070348055552,1.040135958922134,recede,True,True,True,False,False
H1L1V1-GSTLAL_AllSky-1238754998-1.xml,1238754998.0,54.711759604825936,39.5128561250083,94.22461572983423,1.384657171623643,833.9173471879913,0.6690362460362512,9.105244860159926,0.03888801706280564,0.31934136501383936,0.25022636464168846,2.587555061370947e-20,Klein_extrema,1,0.37972872008837294,8.743119821905097,-0.3527953444563572,5.3272046555436425,58541.83432641099,0.15,0.9378881435816272,1.0225,1.0000045954802383,1.0669036246036252,recede,True,True,True,False,False
H1L1V1-GSTLAL_AllSky-1238782700-1.xml,1238782700.0,54.711759604825936,39.5128561250083,94.22461572983423,1.384657171623643,833.9173471879913,0.6690362460362512,9.105244860159926,0.03888801706280564,0.31934136501383936,0.25022636464168846,2.587555061370947e-20,Klein_extrema,1,0.37972872008837294,8.743119821905097,-0.3527953444563572,5.3272046555436425,58541.83432641099,0.15,0.9378881435816272,1.0225,1.0000045954802383,1.0669036246036252,recede,True,True,True,False,False
H1L1V1-GSTLAL_AllSky-1238839513-1.xml,1238839513.0,59.413885991076896,24.757082424639755,84.17096841571666,2.39987430554194,3256.685849981805,0.516680657754744,8.747651255605893,0.02666753959056501,-0.4141945638604204,0.14726447600218223,3.469569571471011e-21,Klein_deformada,1,0.21470304640110555,9.038946251428909,-0.4287985925782589,5.251201407421741,227535.70502462043,0.15,0.9245072900390389,1.0225,1.0000179466652377,1.0516680657754744,recede,True,True,True,False,False
H1L1V1-GSTLAL_AllSky-1238533958-1.xml,1238533958.0,67.39624160879211,52.05013775351642,119.44637936230853,1.294833107415531,1276.5687332972461,0.40135958922133935,6.482558345818298,0.04089201208319383,0.144888949889035,0.23747569544127536,1.5466785598757043e-20,Klein_extrema,1,0.25657500856864063,8.835580419407496,-0.4864375157520193,5.19356248424798,89535.39383483025,0.15,0.9143595922971797,1.0225,1.0000070348055552,1.040135958922134,recede,True,True,True,False,False
H1L1V1-GSTLAL_AllSky-1238573777-1.xml,1238573777.0,67.39624160879211,52.05013775351642,119.44637936230853,1.294833107415531,1276.5687332972461,0.40135958922133935,6.482558345818298,0.04089201208319383,0.144888949889035,0.23747569544127536,1.5466785598757043e-20,Klein_extrema,1,0.25657500856864063,8.835580419407496,-0.4864375157520193,5.19356248424798,89535.39383483025,0.15,0.9143595922971797,1.0225,1.0000070348055552,1.040135958922134,recede,True,True,True,False,False
H1L1V1-GSTLAL_AllSky-1238845539-1.xml,1238845539.0,59.413885991076896,24.757082424639755,84.17096841571666,2.39987430554194,3256.685849981805,0.516680657754744,8.747651255605893,0.02666753959056501,-0.4141945638604204,0.14726447600218223,3.469569571471011e-21,Klein_deformada,1,0.21470304640110555,9.038946251428909,-0.4287985925782589,5.251201407421741,227535.70502462043,0.15,0.9245072900390389,1.0225,1.0000179466652377,1.0516680657754744,recede,True,True,True,False,False
H1L1V1-GSTLAL_AllSky-1238662706-1.xml,1238662706.0,67.39624160879211,52.05013775351642,119.44637936230853,1.294833107415531,1276.5687332972461,0.40135958922133935,6.482558345818298,0.04089201208319383,0.144888949889035,0.23747569544127536,1.5466785598757043e-20,Klein_extrema,1,0.25657500856864063,8.835580419407496,-0.4864375157520193,5.19356248424798,89535.39383483025,0.15,0.9143595922971797,1.0225,1.0000070348055552,1.040135958922134,recede,True,True,True,False,False
H1L1V1-GSTLAL_AllSky-1238899272-1.xml,1238899272.0,48.7033113745206,44.20706250493609,92.9103738794567,1.1017088359825418,500.0,0.9796495789207359,7.3109751885909455,0.04630723353900183,0.48440203712014107,0.23591177461115606,4.2511429646261027e-20,Klein_extrema,1,0.2874575218131036,8.632043320000633,-0.03228904951571909,5.647710950484281,34736.91243528166,0.11586986766452163,0.9943153081838523,1.0173804801496782,1.0000021284191167,1.0979649578920736,recede,True,True,True,True,True
H1L1V1-GSTLAL_AllSky-1238674117-1.xml,1238674117.0,67.39624160879211,52.05013775351642,119.44637936230853,1.294833107415531,1276.5687332972461,0.40135958922133935,6.482558345818298,0.04089201208319383,0.144888949889035,0.23747569544127536,1.5466785598757043e-20,Klein_extrema,1,0.25657500856864063,8.835580419407496,-0.4864375157520193,5.19356248424798,89535.39383483025,0.15,0.9143595922971797,1.0225,1.0000070348055552,1.040135958922134,recede,True,True,True,False,False
H1L1V1-GSTLAL_AllSky-1239092652-1.xml,1239092652.0,48.7033113745206,44.20706250493609,92.9103738794567,1.1017088359825418,500.0,0.9796495789207359,7.3109751885909455,0.04630723353900183,0.48440203712014107,0.23591177461115606,4.2511429646261027e-20,Klein_extrema,1,0.2874575218131036,8.632043320000633,-0.03228904951571909,5.647710950484281,34736.91243528166,0.11586986766452163,0.9943153081838523,1.0173804801496782,1.0000021284191167,1.0979649578920736,recede,True,True,True,True,True
H1L1V1-GSTLAL_AllSky-1238919052-1.xml,1238919052.0,54.711759604825936,39.5128561250083,94.22461572983423,1.384657171623643,833.9173471879913,0.6690362460362512,9.105244860159926,0.03888801706280564,0.31934136501383936,0.25022636464168846,2.587555061370947e-20,Klein_extrema,1,0.37972872008837294,8.743119821905097,-0.3527953444563572,5.3272046555436425,58541.83432641099,0.15,0.9378881435816272,1.0225,1.0000045954802383,1.0669036246036252,recede,True,True,True,False,False
H1L1V1-GSTLAL_AllSky-1238729030-1.xml,1238729030.0,67.39624160879211,52.05013775351642,119.44637936230853,1.294833107415531,1276.5687332972461,0.40135958922133935,6.482558345818298,0.04089201208319383,0.144888949889035,0.23747569544127536,1.5466785598757043e-20,Klein_extrema,1,0.25657500856864063,8.835580419407496,-0.4864375157520193,5.19356248424798,89535.39383483025,0.15,0.9143595922971797,1.0225,1.0000070348055552,1.040135958922134,recede,True,True,True,False,False
H1L1V1-GSTLAL_AllSky-1238750282-1.xml,1238750282.0,67.39624160879211,52.05013775351642,119.44637936230853,1.294833107415531,1276.5687332972461,0.40135958922133935,6.482558345818298,0.04089201208319383,0.144888949889035,0.23747569544127536,1.5466785598757043e-20,Klein_extrema,1,0.25657500856864063,8.835580419407496,-0.4864375157520193,5.19356248424798,89535.39383483025,0.15,0.9143595922971797,1.0225,1.0000070348055552,1.040135958922134,recede,True,True,True,False,False
H1L1V1-GSTLAL_AllSky-1239174401-1.xml,1239174401.0,54.711759604825936,39.5128561250083,94.22461572983423,1.384657171623643,833.9173471879913,0.6690362460362512,9.105244860159926,0.03888801706280564,0.31934136501383936,0.25022636464168846,2.587555061370947e-20,Klein_extrema,1,0.37972872008837294,8.743119821905097,-0.3527953444563572,5.3272046555436425,58541.83432641099,0.15,0.9378881435816272,1.0225,1.0000045954802383,1.0669036246036252,recede,True,True,True,False,False
H1L1V1-GSTLAL_AllSky-1239179057-1.xml,1239179057.0,66.38461071609396,23.03145090255334,89.41606161864729,2.8823460144551447,603.4973650401547,0.2643697313040675,6.180133153365475,0.023877584370300273,0.799761602203857,0.09896121554866685,1.4538199743335653e-20,Klein_relajada,0,0.1019322481849438,8.672896006954016,-0.5679999999999996,5.112,42000.260324317656,0.14009778833167863,0.9,1.0,1.000003106156213,1.0264369731304068,recede,True,True,True,True,True
H1L1V1-GSTLAL_AllSky-1239082262-1.xml,1239082262.0,54.711759604825936,39.5128561250083,94.22461572983423,1.384657171623643,833.9173471879913,0.6690362460362512,9.105244860159926,0.03888801706280564,0.31934136501383936,0.25022636464168846,2.587555061370947e-20,Klein_extrema,1,0.37972872008837294,8.743119821905097,-0.3527953444563572,5.3272046555436425,58541.83432641099,0.15,0.9378881435816272,1.0225,1.0000045954802383,1.0669036246036252,recede,True,True,True,False,False
H1L1V1-GSTLAL_AllSky-1239198206-1.xml,1239198206.0,54.711759604825936,39.5128561250083,94.22461572983423,1.384657171623643,833.9173471879913,0.6690362460362512,9.105244860159926,0.03888801706280564,0.31934136501383936,0.25022636464168846,2.587555061370947e-20,Klein_extrema,1,0.37972872008837294,8.743119821905097,-0.3527953444563572,5.3272046555436425,58541.83432641099,0.15,0.9378881435816272,1.0225,1.0000045954802383,1.0669036246036252,recede,True,True,True,False,False
H1L1V1-GSTLAL_AllSky-1239283789-1.xml,1239283789.0,59.413885991076896,24.757082424639755,84.17096841571666,2.39987430554194,3256.685849981805,0.516680657754744,8.747651255605893,0.02666753959056501,-0.4141945638604204,0.14726447600218223,3.469569571471011e-21,Klein_deformada,1,0.21470304640110555,9.038946251428909,-0.4287985925782589,5.251201407421741,227535.70502462043,0.15,0.9245072900390389,1.0225,1.0000179466652377,1.0516680657754744,recede,True,True,True,False,False
H1L1V1-GSTLAL_AllSky-1239227262-1.xml,1239227262.0,66.38461071609396,23.03145090255334,89.41606161864729,2.8823460144551447,603.4973650401547,0.2643697313040675,6.180133153365475,0.023877584370300273,0.799761602203857,0.09896121554866685,1.4538199743335653e-20,Klein_relajada,0,0.1019322481849438,8.672896006954016,-0.5679999999999996,5.112,42000.260324317656,0.14009778833167863,0.9,1.0,1.000003106156213,1.0264369731304068,recede,True,True,True,True,True
H1L1V1-GSTLAL_AllSky-1239393890-1.xml,1239393890.0,54.711759604825936,39.5128561250083,94.22461572983423,1.384657171623643,833.9173471879913,0.6690362460362512,9.105244860159926,0.03888801706280564,0.31934136501383936,0.25022636464168846,2.587555061370947e-20,Klein_extrema,1,0.37972872008837294,8.743119821905097,-0.3527953444563572,5.3272046555436425,58541.83432641099,0.15,0.9378881435816272,1.0225,1.0000045954802383,1.0669036246036252,recede,True,True,True,False,False
H1L1V1-GSTLAL_AllSky-1239534693-1.xml,1239534693.0,59.413885991076896,24.757082424639755,84.17096841571666,2.39987430554194,3256.685849981805,0.516680657754744,8.747651255605893,0.02666753959056501,-0.4141945638604204,0.14726447600218223,3.469569571471011e-21,Klein_deformada,1,0.21470304640110555,9.038946251428909,-0.4287985925782589,5.251201407421741,227535.70502462043,0.15,0.9245072900390389,1.0225,1.0000179466652377,1.0516680657754744,recede,True,True,True,False,False
H1L1V1-GSTLAL_AllSky-1239543370-1.xml,1239543370.0,59.413885991076896,24.757082424639755,84.17096841571666,2.39987430554194,3256.685849981805,0.516680657754744,8.747651255605893,0.02666753959056501,-0.4141945638604204,0.14726447600218223,3.469569571471011e-21,Klein_deformada,1,0.21470304640110555,9.038946251428909,-0.4287985925782589,5.251201407421741,227535.70502462043,0.15,0.9245072900390389,1.0225,1.0000179466652377,1.0516680657754744,recede,True,True,True,False,False
H1L1V1-GSTLAL_AllSky-1239550519-1.xml,1239550519.0,59.413885991076896,24.757082424639755,84.17096841571666,2.39987430554194,3256.685849981805,0.516680657754744,8.747651255605893,0.02666753959056501,-0.4141945638604204,0.14726447600218223,3.469569571471011e-21,Klein_deformada,1,0.21470304640110555,9.038946251428909,-0.4287985925782589,5.251201407421741,227535.70502462043,0.15,0.9245072900390389,1.0225,1.0000179466652377,1.0516680657754744,recede,True,True,True,False,False
H1L1V1-GSTLAL_AllSky-1239491655-1.xml,1239491655.0,54.711759604825936,39.5128561250083,94.22461572983423,1.384657171623643,833.9173471879913,0.6690362460362512,9.105244860159926,0.03888801706280564,0.31934136501383936,0.25022636464168846,2.587555061370947e-20,Klein_extrema,1,0.37972872008837294,8.743119821905097,-0.3527953444563572,5.3272046555436425,58541.83432641099,0.15,0.9378881435816272,1.0225,1.0000045954802383,1.0669036246036252,recede,True,True,True,False,False
H1L1V1-GSTLAL_AllSky-1239855472-1.xml,1239855472.0,48.7033113745206,44.20706250493609,92.9103738794567,1.1017088359825418,500.0,0.9796495789207359,7.3109751885909455,0.04630723353900183,0.48440203712014107,0.23591177461115606,4.2511429646261027e-20,Klein_extrema,1,0.2874575218131036,8.632043320000633,-0.03228904951571909,5.647710950484281,34736.91243528166,0.11586986766452163,0.9943153081838523,1.0173804801496782,1.0000021284191167,1.0979649578920736,recede,True,True,True,True,True
H1L1V1-GSTLAL_AllSky-1239788217-1.xml,1239788217.0,63.921417813661535,22.72086433191665,86.64228214557818,2.813335658356504,852.6352499867801,0.5204275091303678,6.620939762696721,0.024217997728492598,0.0052358335911506515,0.10419551300115358,1.0518135345445262e-20,Klein_deformada,0,0.11497870252065348,8.747939959561656,-0.5425890483772271,5.137410951622773,59012.69472873578,0.15,0.9044737590885163,1.0,1.0000046986292526,1.0520427509130368,recede,True,True,True,False,False
H1L1V1-GSTLAL_AllSky-1239883947-1.xml,1239883947.0,63.921417813661535,22.72086433191665,86.64228214557818,2.813335658356504,852.6352499867801,0.5204275091303678,6.620939762696721,0.024217997728492598,0.0052358335911506515,0.10419551300115358,1.0518135345445262e-20,Klein_deformada,0,0.11497870252065348,8.747939959561656,-0.5425890483772271,5.137410951622773,59012.69472873578,0.15,0.9044737590885163,1.0,1.0000046986292526,1.0520427509130368,recede,True,True,True,False,False
H1L1V1-GSTLAL_AllSky-1239883999-1.xml,1239883999.0,59.413885991076896,24.757082424639755,84.17096841571666,2.39987430554194,3256.685849981805,0.516680657754744,8.747651255605893,0.02666753959056501,-0.4141945638604204,0.14726447600218223,3.469569571471011e-21,Klein_deformada,1,0.21470304640110555,9.038946251428909,-0.4287985925782589,5.251201407421741,227535.70502462043,0.15,0.9245072900390389,1.0225,1.0000179466652377,1.0516680657754744,recede,True,True,True,False,False
H1L1V1-GSTLAL_AllSky-1239886944-1.xml,1239886944.0,48.7033113745206,44.20706250493609,92.9103738794567,1.1017088359825418,500.0,0.9796495789207359,7.3109751885909455,0.04630723353900183,0.48440203712014107,0.23591177461115606,4.2511429646261027e-20,Klein_extrema,1,0.2874575218131036,8.632043320000633,-0.03228904951571909,5.647710950484281,34736.91243528166,0.11586986766452163,0.9943153081838523,1.0173804801496782,1.0000021284191167,1.0979649578920736,recede,True,True,True,True,True
H1L1V1-GSTLAL_AllSky-1239976056-1.xml,1239976056.0,66.38461071609396,23.03145090255334,89.41606161864729,2.8823460144551447,603.4973650401547,0.2643697313040675,6.180133153365475,0.023877584370300273,0.799761602203857,0.09896121554866685,1.4538199743335653e-20,Klein_relajada,0,0.1019322481849438,8.672896006954016,-0.5679999999999996,5.112,42000.260324317656,0.14009778833167863,0.9,1.0,1.000003106156213,1.0264369731304068,recede,True,True,True,True,True
H1L1V1-GSTLAL_AllSky-1239917954-1.xml,1239917954.0,48.7033113745206,44.20706250493609,92.9103738794567,1.1017088359825418,500.0,0.9796495789207359,7.3109751885909455,0.04630723353900183,0.48440203712014107,0.23591177461115606,4.2511429646261027e-20,Klein_extrema,1,0.2874575218131036,8.632043320000633,-0.03228904951571909,5.647710950484281,34736.91243528166,0.11586986766452163,0.9943153081838523,1.0173804801496782,1.0000021284191167,1.0979649578920736,recede,True,True,True,True,True
H1L1V1-GSTLAL_AllSky-1239990500-1.xml,1239990500.0,68.60143374403137,64.64959685616421,133.25103060019558,1.06112701517164,1147.4823684924763,1.3629101247950075,6.255506922368011,0.04769577008981333,0.31730666185564826,0.29817705038550985,2.180332477374887e-20,Klein_extrema,1,0.3108747671296387,8.812431328412108,-0.006324241554634291,5.673675758445365,80776.67504616943,0.15,0.9988865771910855,1.0225,1.0000063234474807,1.1362910124795007,recede,True,True,True,False,False
H1L1V1-GSTLAL_AllSky-1239937367-1.xml,1239937367.0,59.413885991076896,24.757082424639755,84.17096841571666,2.39987430554194,3256.685849981805,0.516680657754744,8.747651255605893,0.02666753959056501,-0.4141945638604204,0.14726447600218223,3.469569571471011e-21,Klein_deformada,1,0.21470304640110555,9.038946251428909,-0.4287985925782589,5.251201407421741,227535.70502462043,0.15,0.9245072900390389,1.0225,1.0000179466652377,1.0516680657754744,recede,True,True,True,False,False
H1L1V1-GSTLAL_AllSky-1239891926-1.xml,1239891926.0,48.7033113745206,44.20706250493609,92.9103738794567,1.1017088359825418,500.0,0.9796495789207359,7.3109751885909455,0.04630723353900183,0.48440203712014107,0.23591177461115606,4.2511429646261027e-20,Klein_extrema,1,0.2874575218131036,8.632043320000633,-0.03228904951571909,5.647710950484281,34736.91243528166,0.11586986766452163,0.9943153081838523,1.0173804801496782,1.0000021284191167,1.0979649578920736,recede,True,True,True,True,True
H1L1V1-GSTLAL_AllSky-1240055015-1.xml,1240055015.0,68.60143374403137,64.64959685616421,133.25103060019558,1.06112701517164,1147.4823684924763,1.3629101247950075,6.255506922368011,0.04769577008981333,0.31730666185564826,0.29817705038550985,2.180332477374887e-20,Klein_extrema,1,0.3108747671296387,8.812431328412108,-0.006324241554634291,5.673675758445365,80776.67504616943,0.15,0.9988865771910855,1.0225,1.0000063234474807,1.1362910124795007,recede,True,True,True,False,False
H1L1V1-GSTLAL_AllSky-1240155151-1.xml,1240155151.0,48.7033113745206,44.20706250493609,92.9103738794567,1.1017088359825418,500.0,0.9796495789207359,7.3109751885909455,0.04630723353900183,0.48440203712014107,0.23591177461115606,4.2511429646261027e-20,Klein_extrema,1,0.2874575218131036,8.632043320000633,-0.03228904951571909,5.647710950484281,34736.91243528166,0.11586986766452163,0.9943153081838523,1.0173804801496782,1.0000021284191167,1.0979649578920736,recede,True,True,True,True,True
H1L1V1-GSTLAL_AllSky-1240164426-1.xml,1240164426.0,66.38461071609396,23.03145090255334,89.41606161864729,2.8823460144551447,603.4973650401547,0.2643697313040675,6.180133153365475,0.023877584370300273,0.799761602203857,0.09896121554866685,1.4538199743335653e-20,Klein_relajada,0,0.1019322481849438,8.672896006954016,-0.5679999999999996,5.112,42000.260324317656,0.14009778833167863,0.9,1.0,1.000003106156213,1.0264369731304068,recede,True,True,True,True,True
H1L1V1-GSTLAL_AllSky-1240290694-1.xml,1240290694.0,10.327522492435381,10.325405017286348,20.652927509721728,1.0002050742944697,5000.0,0.5463832182015043,8.700867181743781,0.04999179871009496,0.7664325226782394,0.0673758390023285,9.966073239414904e-22,Klein_relajada,-1,0.09770470440296879,9.132043320000633,-0.5679999999999996,5.112,349947.79204623814,0.15,0.9,0.9775,1.0000275535714285,1.0546383218201505,recede,True,True,True,False,False
H1L1V1-GSTLAL_AllSky-1240215503-1.xml,1240215503.0,63.921417813661535,22.72086433191665,86.64228214557818,2.813335658356504,852.6352499867801,0.5204275091303678,6.620939762696721,0.024217997728492598,0.0052358335911506515,0.10419551300115358,1.0518135345445262e-20,Klein_deformada,0,0.11497870252065348,8.747939959561656,-0.5425890483772271,5.137410951622773,59012.69472873578,0.15,0.9044737590885163,1.0,1.0000046986292526,1.0520427509130368,recede,True,True,True,False,False
H1L1V1-GSTLAL_AllSky-1240233548-1.xml,1240233548.0,66.38461071609396,23.03145090255334,89.41606161864729,2.8823460144551447,603.4973650401547,0.2643697313040675,6.180133153365475,0.023877584370300273,0.799761602203857,0.09896121554866685,1.4538199743335653e-20,Klein_relajada,0,0.1019322481849438,8.672896006954016,-0.5679999999999996,5.112,42000.260324317656,0.14009778833167863,0.9,1.0,1.000003106156213,1.0264369731304068,recede,True,True,True,True,True
H1L1V1-GSTLAL_AllSky-1240327333-1.xml,1240327333.0,66.38461071609396,23.03145090255334,89.41606161864729,2.8823460144551447,603.4973650401547,0.2643697313040675,6.180133153365475,0.023877584370300273,0.799761602203857,0.09896121554866685,1.4538199743335653e-20,Klein_relajada,0,0.1019322481849438,8.672896006954016,-0.5679999999999996,5.112,42000.260324317656,0.14009778833167863,0.9,1.0,1.000003106156213,1.0264369731304068,recede,True,True,True,True,True
H1L1V1-GSTLAL_AllSky-1240325074-1.xml,1240325074.0,48.7033113745206,44.20706250493609,92.9103738794567,1.1017088359825418,500.0,0.9796495789207359,7.3109751885909455,0.04630723353900183,0.48440203712014107,0.23591177461115606,4.2511429646261027e-20,Klein_extrema,1,0.2874575218131036,8.632043320000633,-0.03228904951571909,5.647710950484281,34736.91243528166,0.11586986766452163,0.9943153081838523,1.0173804801496782,1.0000021284191167,1.0979649578920736,recede,True,True,True,True,True
H1L1V1-GSTLAL_AllSky-1240352617-1.xml,1240352617.0,10.327522492435381,10.325405017286348,20.652927509721728,1.0002050742944697,5000.0,0.5463832182015043,8.700867181743781,0.04999179871009496,0.7664325226782394,0.0673758390023285,9.966073239414904e-22,Klein_relajada,-1,0.09770470440296879,9.132043320000633,-0.5679999999999996,5.112,349947.79204623814,0.15,0.9,0.9775,1.0000275535714285,1.0546383218201505,recede,True,True,True,False,False
H1L1V1-GSTLAL_AllSky-1240399040-1.xml,1240399040.0,66.38461071609396,23.03145090255334,89.41606161864729,2.8823460144551447,603.4973650401547,0.2643697313040675,6.180133153365475,0.023877584370300273,0.799761602203857,0.09896121554866685,1.4538199743335653e-20,Klein_relajada,0,0.1019322481849438,8.672896006954016,-0.5679999999999996,5.112,42000.260324317656,0.14009778833167863,0.9,1.0,1.000003106156213,1.0264369731304068,recede,True,True,True,True,True
H1L1V1-GSTLAL_AllSky-1240630609-1.xml,1240630609.0,34.12968445672818,21.10682090865218,55.23650536538035,1.616997870235286,1013.3189791815422,0.8304310157288122,7.332726718165952,0.03473720017589119,0.28479214293884036,0.10552315529025157,8.831324935079921e-21,Klein_deformada,0,0.12896207669700038,8.785431406303616,-0.3912012196237056,5.288798780376294,71680.8668413993,0.15,0.9311265458408968,1.0,1.0000055841113746,1.0830431015728812,recede,True,True,True,False,False
H1L1V1-GSTLAL_AllSky-1240620590-1.xml,1240620590.0,63.921417813661535,22.72086433191665,86.64228214557818,2.813335658356504,852.6352499867801,0.5204275091303678,6.620939762696721,0.024217997728492598,0.0052358335911506515,0.10419551300115358,1.0518135345445262e-20,Klein_deformada,0,0.11497870252065348,8.747939959561656,-0.5425890483772271,5.137410951622773,59012.69472873578,0.15,0.9044737590885163,1.0,1.0000046986292526,1.0520427509130368,recede,True,True,True,False,False
H1L1V1-GSTLAL_AllSky-1240651041-1.xml,1240651041.0,63.921417813661535,22.72086433191665,86.64228214557818,2.813335658356504,852.6352499867801,0.5204275091303678,6.620939762696721,0.024217997728492598,0.0052358335911506515,0.10419551300115358,1.0518135345445262e-20,Klein_deformada,0,0.11497870252065348,8.747939959561656,-0.5425890483772271,5.137410951622773,59012.69472873578,0.15,0.9044737590885163,1.0,1.0000046986292526,1.0520427509130368,recede,True,True,True,False,False
H1L1V1-GSTLAL_AllSky-1240630634-1.xml,1240630634.0,68.60143374403137,64.64959685616421,133.25103060019558,1.06112701517164,1147.4823684924763,1.3629101247950075,6.255506922368011,0.04769577008981333,0.31730666185564826,0.29817705038550985,2.180332477374887e-20,Klein_extrema,1,0.3108747671296387,8.812431328412108,-0.006324241554634291,5.673675758445365,80776.67504616943,0.15,0.9988865771910855,1.0225,1.0000063234474807,1.1362910124795007,recede,True,True,True,False,False
H1L1V1-GSTLAL_AllSky-1240842666-1.xml,1240842666.0,66.38461071609396,23.03145090255334,89.41606161864729,2.8823460144551447,603.4973650401547,0.2643697313040675,6.180133153365475,0.023877584370300273,0.799761602203857,0.09896121554866685,1.4538199743335653e-20,Klein_relajada,0,0.1019322481849438,8.672896006954016,-0.5679999999999996,5.112,42000.260324317656,0.14009778833167863,0.9,1.0,1.000003106156213,1.0264369731304068,recede,True,True,True,True,True
H1L1V1-GSTLAL_AllSky-1240837251-1.xml,1240837251.0,63.921417813661535,22.72086433191665,86.64228214557818,2.813335658356504,852.6352499867801,0.5204275091303678,6.620939762696721,0.024217997728492598,0.0052358335911506515,0.10419551300115358,1.0518135345445262e-20,Klein_deformada,0,0.11497870252065348,8.747939959561656,-0.5425890483772271,5.137410951622773,59012.69472873578,0.15,0.9044737590885163,1.0,1.0000046986292526,1.0520427509130368,recede,True,True,True,False,False
H1L1V1-GSTLAL_AllSky-1240935112-1.xml,1240935112.0,34.12968445672818,21.10682090865218,55.23650536538035,1.616997870235286,1013.3189791815422,0.8304310157288122,7.332726718165952,0.03473720017589119,0.28479214293884036,0.10552315529025157,8.831324935079921e-21,Klein_deformada,0,0.12896207669700038,8.785431406303616,-0.3912012196237056,5.288798780376294,71680.8668413993,0.15,0.9311265458408968,1.0,1.0000055841113746,1.0830431015728812,recede,True,True,True,False,False
H1L1V1-GSTLAL_AllSky-1240935340-1.xml,1240935340.0,63.921417813661535,22.72086433191665,86.64228214557818,2.813335658356504,852.6352499867801,0.5204275091303678,6.620939762696721,0.024217997728492598,0.0052358335911506515,0.10419551300115358,1.0518135345445262e-20,Klein_deformada,0,0.11497870252065348,8.747939959561656,-0.5425890483772271,5.137410951622773,59012.69472873578,0.15,0.9044737590885163,1.0,1.0000046986292526,1.0520427509130368,recede,True,True,True,False,False
H1L1V1-GSTLAL_AllSky-1240944862-1.xml,1240944862.0,52.89015394464467,35.23528943603372,88.12544338067839,1.501056321409298,2044.2829305559087,0.5784020166678355,8.233961871813978,0.036647900834557066,0.7846780196301248,0.19944379701156853,7.790616963952943e-21,Klein_deformada,1,0.2737021033605103,8.937828819013028,-0.39801510037796994,5.28198489962203,144190.65294877088,0.15,0.9299269189475405,1.0225,1.0000112654591495,1.0578402016667836,recede,True,True,True,False,False
H1L1V1-GSTLAL_AllSky-1240978573-1.xml,1240978573.0,68.60143374403137,64.64959685616421,133.25103060019558,1.06112701517164,1147.4823684924763,1.3629101247950075,6.255506922368011,0.04769577008981333,0.31730666185564826,0.29817705038550985,2.180332477374887e-20,Klein_extrema,1,0.3108747671296387,8.812431328412108,-0.006324241554634291,5.673675758445365,80776.67504616943,0.15,0.9988865771910855,1.0225,1.0000063234474807,1.1362910124795007,recede,True,True,True,False,False
H1L1V1-GSTLAL_AllSky-1241108686-1.xml,1241108686.0,68.60143374403137,64.64959685616421,133.25103060019558,1.06112701517164,1147.4823684924763,1.3629101247950075,6.255506922368011,0.04769577008981333,0.31730666185564826,0.29817705038550985,2.180332477374887e-20,Klein_extrema,1,0.3108747671296387,8.812431328412108,-0.006324241554634291,5.673675758445365,80776.67504616943,0.15,0.9988865771910855,1.0225,1.0000063234474807,1.1362910124795007,recede,True,True,True,False,False
H1L1V1-GSTLAL_AllSky-1241208674-1.xml,1241208674.0,10.327522492435381,10.325405017286348,20.652927509721728,1.0002050742944697,5000.0,0.5463832182015043,8.700867181743781,0.04999179871009496,0.7664325226782394,0.0673758390023285,9.966073239414904e-22,Klein_relajada,-1,0.09770470440296879,9.132043320000633,-0.5679999999999996,5.112,349947.79204623814,0.15,0.9,0.9775,1.0000275535714285,1.0546383218201505,recede,True,True,True,False,False
H1L1V1-GSTLAL_AllSky-1241263448-1.xml,1241263448.0,68.60143374403137,64.64959685616421,133.25103060019558,1.06112701517164,1147.4823684924763,1.3629101247950075,6.255506922368011,0.04769577008981333,0.31730666185564826,0.29817705038550985,2.180332477374887e-20,Klein_extrema,1,0.3108747671296387,8.812431328412108,-0.006324241554634291,5.673675758445365,80776.67504616943,0.15,0.9988865771910855,1.0225,1.0000063234474807,1.1362910124795007,recede,True,True,True,False,False
H1L1V1-GSTLAL_AllSky-1241228096-1.xml,1241228096.0,63.921417813661535,22.72086433191665,86.64228214557818,2.813335658356504,852.6352499867801,0.5204275091303678,6.620939762696721,0.024217997728492598,0.0052358335911506515,0.10419551300115358,1.0518135345445262e-20,Klein_deformada,0,0.11497870252065348,8.747939959561656,-0.5425890483772271,5.137410951622773,59012.69472873578,0.15,0.9044737590885163,1.0,1.0000046986292526,1.0520427509130368,recede,True,True,True,False,False
H1L1V1-GSTLAL_AllSky-1241264117-1.xml,1241264117.0,52.89015394464467,35.23528943603372,88.12544338067839,1.501056321409298,2044.2829305559087,0.5784020166678355,8.233961871813978,0.036647900834557066,0.7846780196301248,0.19944379701156853,7.790616963952943e-21,Klein_deformada,1,0.2737021033605103,8.937828819013028,-0.39801510037796994,5.28198489962203,144190.65294877088,0.15,0.9299269189475405,1.0225,1.0000112654591495,1.0578402016667836,recede,True,True,True,False,False
H1L1V1-GSTLAL_AllSky-1241318316-1.xml,1241318316.0,68.60143374403137,64.64959685616421,133.25103060019558,1.06112701517164,1147.4823684924763,1.3629101247950075,6.255506922368011,0.04769577008981333,0.31730666185564826,0.29817705038550985,2.180332477374887e-20,Klein_extrema,1,0.3108747671296387,8.812431328412108,-0.006324241554634291,5.673675758445365,80776.67504616943,0.15,0.9988865771910855,1.0225,1.0000063234474807,1.1362910124795007,recede,True,True,True,False,False
H1L1V1-GSTLAL_AllSky-1241418140-1.xml,1241418140.0,56.82193737711592,22.245053707371145,79.06699108448707,2.5543627866489413,2157.0402471443276,0.4479318298663049,9.380459730100085,0.025659482752047075,-0.35265041895393956,0.14273434822769285,5.2597298254942784e-21,Klein_deformada,1,0.2231523009419926,8.949487442064385,-0.46315795133410376,5.216842048665896,151018.95080754164,0.15,0.9184581071594887,1.0225,1.0000118868325047,1.0447931829866306,recede,True,True,True,False,False
H1L1V1-GSTLAL_AllSky-1241419760-1.xml,1241419760.0,10.327522492435381,10.325405017286348,20.652927509721728,1.0002050742944697,5000.0,0.5463832182015043,8.700867181743781,0.04999179871009496,0.7664325226782394,0.0673758390023285,9.966073239414904e-22,Klein_relajada,-1,0.09770470440296879,9.132043320000633,-0.5679999999999996,5.112,349947.79204623814,0.15,0.9,0.9775,1.0000275535714285,1.0546383218201505,recede,True,True,True,False,False
H1L1V1-GSTLAL_AllSky-1241577622-1.xml,1241577622.0,10.327522492435381,10.325405017286348,20.652927509721728,1.0002050742944697,5000.0,0.5463832182015043,8.700867181743781,0.04999179871009496,0.7664325226782394,0.0673758390023285,9.966073239414904e-22,Klein_relajada,-1,0.09770470440296879,9.132043320000633,-0.5679999999999996,5.112,349947.79204623814,0.15,0.9,0.9775,1.0000275535714285,1.0546383218201505,recede,True,True,True,False,False
H1L1V1-GSTLAL_AllSky-1241587773-1.xml,1241587773.0,34.12968445672818,21.10682090865218,55.23650536538035,1.616997870235286,1013.3189791815422,0.8304310157288122,7.332726718165952,0.03473720017589119,0.28479214293884036,0.10552315529025157,8.831324935079921e-21,Klein_deformada,0,0.12896207669700038,8.785431406303616,-0.3912012196237056,5.288798780376294,71680.8668413993,0.15,0.9311265458408968,1.0,1.0000055841113746,1.0830431015728812,recede,True,True,True,False,False
H1L1V1-GSTLAL_AllSky-1241634009-1.xml,1241634009.0,10.327522492435381,10.325405017286348,20.652927509721728,1.0002050742944697,5000.0,0.5463832182015043,8.700867181743781,0.04999179871009496,0.7664325226782394,0.0673758390023285,9.966073239414904e-22,Klein_relajada,-1,0.09770470440296879,9.132043320000633,-0.5679999999999996,5.112,349947.79204623814,0.15,0.9,0.9775,1.0000275535714285,1.0546383218201505,recede,True,True,True,False,False
H1L1V1-GSTLAL_AllSky-1241676985-1.xml,1241676985.0,68.60143374403137,64.64959685616421,133.25103060019558,1.06112701517164,1147.4823684924763,1.3629101247950075,6.255506922368011,0.04769577008981333,0.31730666185564826,0.29817705038550985,2.180332477374887e-20,Klein_extrema,1,0.3108747671296387,8.812431328412108,-0.006324241554634291,5.673675758445365,80776.67504616943,0.15,0.9988865771910855,1.0225,1.0000063234474807,1.1362910124795007,recede,True,True,True,False,False
H1L1V1-GSTLAL_AllSky-1241710671-1.xml,1241710671.0,56.82193737711592,22.245053707371145,79.06699108448707,2.5543627866489413,2157.0402471443276,0.4479318298663049,9.380459730100085,0.025659482752047075,-0.35265041895393956,0.14273434822769285,5.2597298254942784e-21,Klein_deformada,1,0.2231523009419926,8.949487442064385,-0.46315795133410376,5.216842048665896,151018.95080754164,0.15,0.9184581071594887,1.0225,1.0000118868325047,1.0447931829866306,recede,True,True,True,False,False
H1L1V1-GSTLAL_AllSky-1241719652-1.xml,1241719652.0,10.327522492435381,10.325405017286348,20.652927509721728,1.0002050742944697,5000.0,0.5463832182015043,8.700867181743781,0.04999179871009496,0.7664325226782394,0.0673758390023285,9.966073239414904e-22,Klein_relajada,-1,0.09770470440296879,9.132043320000633,-0.5679999999999996,5.112,349947.79204623814,0.15,0.9,0.9775,1.0000275535714285,1.0546383218201505,recede,True,True,True,False,False
H1L1V1-GSTLAL_AllSky-1241816086-1.xml,1241816086.0,58.073249874255595,20.73023800592728,78.80348788018287,2.8013788292083786,783.0050004517879,0.6260422438492204,7.173397012016228,0.024278682905340337,0.2838394808580158,0.10293348904824702,1.1397702363832941e-20,Klein_deformada,0,0.12306379712918339,8.729440585618738,-0.4910164913274562,5.1889835086725435,54628.20699197157,0.15,0.9135534346254478,1.0,1.0000043149168418,1.062604224384922,recede,True,True,True,False,False
H1L1V1-GSTLAL_AllSky-1241850801-1.xml,1241850801.0,34.12968445672818,21.10682090865218,55.23650536538035,1.616997870235286,1013.3189791815422,0.8304310157288122,7.332726718165952,0.03473720017589119,0.28479214293884036,0.10552315529025157,8.831324935079921e-21,Klein_deformada,0,0.12896207669700038,8.785431406303616,-0.3912012196237056,5.288798780376294,71680.8668413993,0.15,0.9311265458408968,1.0,1.0000055841113746,1.0830431015728812,recede,True,True,True,False,False
H1L1V1-GSTLAL_AllSky-1241852074-1.xml,1241852074.0,34.12968445672818,21.10682090865218,55.23650536538035,1.616997870235286,1013.3189791815422,0.8304310157288122,7.332726718165952,0.03473720017589119,0.28479214293884036,0.10552315529025157,8.831324935079921e-21,Klein_deformada,0,0.12896207669700038,8.785431406303616,-0.3912012196237056,5.288798780376294,71680.8668413993,0.15,0.9311265458408968,1.0,1.0000055841113746,1.0830431015728812,recede,True,True,True,False,False
H1L1V1-GSTLAL_AllSky-1241912955-1.xml,1241912955.0,52.89015394464467,35.23528943603372,88.12544338067839,1.501056321409298,2044.2829305559087,0.5784020166678355,8.233961871813978,0.036647900834557066,0.7846780196301248,0.19944379701156853,7.790616963952943e-21,Klein_deformada,1,0.2737021033605103,8.937828819013028,-0.39801510037796994,5.28198489962203,144190.65294877088,0.15,0.9299269189475405,1.0225,1.0000112654591495,1.0578402016667836,recede,True,True,True,False,False
H1L1V1-GSTLAL_AllSky-1241940902-1.xml,1241940902.0,34.12968445672818,21.10682090865218,55.23650536538035,1.616997870235286,1013.3189791815422,0.8304310157288122,7.332726718165952,0.03473720017589119,0.28479214293884036,0.10552315529025157,8.831324935079921e-21,Klein_deformada,0,0.12896207669700038,8.785431406303616,-0.3912012196237056,5.288798780376294,71680.8668413993,0.15,0.9311265458408968,1.0,1.0000055841113746,1.0830431015728812,recede,True,True,True,False,False
H1L1V1-GSTLAL_AllSky-1241956664-1.xml,1241956664.0,10.327522492435381,10.325405017286348,20.652927509721728,1.0002050742944697,5000.0,0.5463832182015043,8.700867181743781,0.04999179871009496,0.7664325226782394,0.0673758390023285,9.966073239414904e-22,Klein_relajada,-1,0.09770470440296879,9.132043320000633,-0.5679999999999996,5.112,349947.79204623814,0.15,0.9,0.9775,1.0000275535714285,1.0546383218201505,recede,True,True,True,False,False
H1L1V1-GSTLAL_AllSky-1242315362-1.xml,1242315362.0,56.82193737711592,22.245053707371145,79.06699108448707,2.5543627866489413,2157.0402471443276,0.4479318298663049,9.380459730100085,0.025659482752047075,-0.35265041895393956,0.14273434822769285,5.2597298254942784e-21,Klein_deformada,1,0.2231523009419926,8.949487442064385,-0.46315795133410376,5.216842048665896,151018.95080754164,0.15,0.9184581071594887,1.0225,1.0000118868325047,1.0447931829866306,recede,True,True,True,False,False
H1L1V1-GSTLAL_AllSky-1242107479-1.xml,1242107479.0,34.12968445672818,21.10682090865218,55.23650536538035,1.616997870235286,1013.3189791815422,0.8304310157288122,7.332726718165952,0.03473720017589119,0.28479214293884036,0.10552315529025157,8.831324935079921e-21,Klein_deformada,0,0.12896207669700038,8.785431406303616,-0.3912012196237056,5.288798780376294,71680.8668413993,0.15,0.9311265458408968,1.0,1.0000055841113746,1.0830431015728812,recede,True,True,True,False,False
H1L1V1-GSTLAL_AllSky-1242139414-1.xml,1242139414.0,18.711181557697206,14.240193853465108,32.95137541116232,1.3139695814705612,2013.5552983811897,0.6594307110025549,7.457943080830562,0.04044210502592687,0.6323382806888744,0.07453969778462576,2.959922310282582e-21,Klein_relajada,-1,0.09265213722334181,8.934540098412999,-0.5679999999999996,5.112,140682.88035946508,0.15,0.9,0.9775,1.0000110961279478,1.0659430711002555,recede,True,True,True,False,False
H1L1V1-GSTLAL_AllSky-1242279434-1.xml,1242279434.0,52.89015394464467,35.23528943603372,88.12544338067839,1.501056321409298,2044.2829305559087,0.5784020166678355,8.233961871813978,0.036647900834557066,0.7846780196301248,0.19944379701156853,7.790616963952943e-21,Klein_deformada,1,0.2737021033605103,8.937828819013028,-0.39801510037796994,5.28198489962203,144190.65294877088,0.15,0.9299269189475405,1.0225,1.0000112654591495,1.0578402016667836,recede,True,True,True,False,False
H1L1V1-GSTLAL_AllSky-1242290807-1.xml,1242290807.0,52.89015394464467,35.23528943603372,88.12544338067839,1.501056321409298,2044.2829305559087,0.5784020166678355,8.233961871813978,0.036647900834557066,0.7846780196301248,0.19944379701156853,7.790616963952943e-21,Klein_deformada,1,0.2737021033605103,8.937828819013028,-0.39801510037796994,5.28198489962203,144190.65294877088,0.15,0.9299269189475405,1.0225,1.0000112654591495,1.0578402016667836,recede,True,True,True,False,False
H1L1V1-GSTLAL_AllSky-1242510975-1.xml,1242510975.0,56.82193737711592,22.245053707371145,79.06699108448707,2.5543627866489413,2157.0402471443276,0.4479318298663049,9.380459730100085,0.025659482752047075,-0.35265041895393956,0.14273434822769285,5.2597298254942784e-21,Klein_deformada,1,0.2231523009419926,8.949487442064385,-0.46315795133410376,5.216842048665896,151018.95080754164,0.15,0.9184581071594887,1.0225,1.0000118868325047,1.0447931829866306,recede,True,True,True,False,False
H1L1V1-GSTLAL_AllSky-1241959580-1.xml,1241959580.0,58.073249874255595,20.73023800592728,78.80348788018287,2.8013788292083786,783.0050004517879,0.6260422438492204,7.173397012016228,0.024278682905340337,0.2838394808580158,0.10293348904824702,1.1397702363832941e-20,Klein_deformada,0,0.12306379712918339,8.729440585618738,-0.4910164913274562,5.1889835086725435,54628.20699197157,0.15,0.9135534346254478,1.0,1.0000043149168418,1.062604224384922,recede,True,True,True,False,False
H1L1V1-GSTLAL_AllSky-1242420354-1.xml,1242420354.0,34.12968445672818,21.10682090865218,55.23650536538035,1.616997870235286,1013.3189791815422,0.8304310157288122,7.332726718165952,0.03473720017589119,0.28479214293884036,0.10552315529025157,8.831324935079921e-21,Klein_deformada,0,0.12896207669700038,8.785431406303616,-0.3912012196237056,5.288798780376294,71680.8668413993,0.15,0.9311265458408968,1.0,1.0000055841113746,1.0830431015728812,recede,True,True,True,False,False
H1L1V1-GSTLAL_AllSky-1242442967-1.xml,1242442967.0,58.073249874255595,20.73023800592728,78.80348788018287,2.8013788292083786,783.0050004517879,0.6260422438492204,7.173397012016228,0.024278682905340337,0.2838394808580158,0.10293348904824702,1.1397702363832941e-20,Klein_deformada,0,0.12306379712918339,8.729440585618738,-0.4910164913274562,5.1889835086725435,54628.20699197157,0.15,0.9135534346254478,1.0,1.0000043149168418,1.062604224384922,recede,True,True,True,False,False
H1L1V1-GSTLAL_AllSky-1242456568-1.xml,1242456568.0,52.89015394464467,35.23528943603372,88.12544338067839,1.501056321409298,2044.2829305559087,0.5784020166678355,8.233961871813978,0.036647900834557066,0.7846780196301248,0.19944379701156853,7.790616963952943e-21,Klein_deformada,1,0.2737021033605103,8.937828819013028,-0.39801510037796994,5.28198489962203,144190.65294877088,0.15,0.9299269189475405,1.0225,1.0000112654591495,1.0578402016667836,recede,True,True,True,False,False
H1L1V1-GSTLAL_AllSky-1242459857-1.xml,1242459857.0,14.681647739272222,12.129479747590825,26.811127486863047,1.210410342800425,946.3509265496007,0.8088605030459876,7.040874039201011,0.04304664425409267,0.3522935077791223,0.06094558039180139,5.493639106335935e-21,Klein_relajada,-1,0.07151835913077877,8.770584423667241,-0.5204975704779731,5.159502429522027,66236.28930760635,0.15,0.9083631037890892,0.9775,1.0000052150695702,1.0808860503045987,recede,True,True,True,False,False
H1L1V1-GSTLAL_AllSky-1242369559-1.xml,1242369559.0,52.89015394464467,35.23528943603372,88.12544338067839,1.501056321409298,2044.2829305559087,0.5784020166678355,8.233961871813978,0.036647900834557066,0.7846780196301248,0.19944379701156853,7.790616963952943e-21,Klein_deformada,1,0.2737021033605103,8.937828819013028,-0.39801510037796994,5.28198489962203,144190.65294877088,0.15,0.9299269189475405,1.0225,1.0000112654591495,1.0578402016667836,recede,True,True,True,False,False
H1L1V1-GSTLAL_AllSky-1242566558-1.xml,1242566558.0,58.073249874255595,20.73023800592728,78.80348788018287,2.8013788292083786,783.0050004517879,0.6260422438492204,7.173397012016228,0.024278682905340337,0.2838394808580158,0.10293348904824702,1.1397702363832941e-20,Klein_deformada,0,0.12306379712918339,8.729440585618738,-0.4910164913274562,5.1889835086725435,54628.20699197157,0.15,0.9135534346254478,1.0,1.0000043149168418,1.062604224384922,recede,True,True,True,False,False
H1L1V1-GSTLAL_AllSky-1242565015-1.xml,1242565015.0,56.82193737711592,22.245053707371145,79.06699108448707,2.5543627866489413,2157.0402471443276,0.4479318298663049,9.380459730100085,0.025659482752047075,-0.35265041895393956,0.14273434822769285,5.2597298254942784e-21,Klein_deformada,1,0.2231523009419926,8.949487442064385,-0.46315795133410376,5.216842048665896,151018.95080754164,0.15,0.9184581071594887,1.0225,1.0000118868325047,1.0447931829866306,recede,True,True,True,False,False
H1L1V1-GSTLAL_AllSky-1242571165-1.xml,1242571165.0,18.711181557697206,14.240193853465108,32.95137541116232,1.3139695814705612,2013.5552983811897,0.6594307110025549,7.457943080830562,0.04044210502592687,0.6323382806888744,0.07453969778462576,2.959922310282582e-21,Klein_relajada,-1,0.09265213722334181,8.934540098412999,-0.5679999999999996,5.112,140682.88035946508,0.15,0.9,0.9775,1.0000110961279478,1.0659430711002555,recede,True,True,True,False,False
H1L1V1-GSTLAL_AllSky-1242588150-1.xml,1242588150.0,52.89015394464467,35.23528943603372,88.12544338067839,1.501056321409298,2044.2829305559087,0.5784020166678355,8.233961871813978,0.036647900834557066,0.7846780196301248,0.19944379701156853,7.790616963952943e-21,Klein_deformada,1,0.2737021033605103,8.937828819013028,-0.39801510037796994,5.28198489962203,144190.65294877088,0.15,0.9299269189475405,1.0225,1.0000112654591495,1.0578402016667836,recede,True,True,True,False,False
H1L1V1-GSTLAL_AllSky-1242632879-1.xml,1242632879.0,18.711181557697206,14.240193853465108,32.95137541116232,1.3139695814705612,2013.5552983811897,0.6594307110025549,7.457943080830562,0.04044210502592687,0.6323382806888744,0.07453969778462576,2.959922310282582e-21,Klein_relajada,-1,0.09265213722334181,8.934540098412999,-0.5679999999999996,5.112,140682.88035946508,0.15,0.9,0.9775,1.0000110961279478,1.0659430711002555,recede,True,True,True,False,False
H1L1V1-GSTLAL_AllSky-1242717927-1.xml,1242717927.0,56.82193737711592,22.245053707371145,79.06699108448707,2.5543627866489413,2157.0402471443276,0.4479318298663049,9.380459730100085,0.025659482752047075,-0.35265041895393956,0.14273434822769285,5.2597298254942784e-21,Klein_deformada,1,0.2231523009419926,8.949487442064385,-0.46315795133410376,5.216842048665896,151018.95080754164,0.15,0.9184581071594887,1.0225,1.0000118868325047,1.0447931829866306,recede,True,True,True,False,False
H1L1V1-GSTLAL_AllSky-1242729611-1.xml,1242729611.0,38.06479417427589,34.613756962694524,72.67855113697041,1.099701318620246,1202.4401220614484,0.3876700544118294,7.990554498782641,0.046373512809993266,-0.11098965240443581,0.2019828228032833,1.4037946052767456e-20,Klein_extrema,1,0.26899245890459883,8.822590047338608,-0.4932750346269845,5.186724965373015,83645.46541700761,0.15,0.9131558037628549,1.0225,1.0000066263039584,1.038767005441183,recede,True,True,True,False,False
H1L1V1-GSTLAL_AllSky-1242753325-1.xml,1242753325.0,56.82193737711592,22.245053707371145,79.06699108448707,2.5543627866489413,2157.0402471443276,0.4479318298663049,9.380459730100085,0.025659482752047075,-0.35265041895393956,0.14273434822769285,5.2597298254942784e-21,Klein_deformada,1,0.2231523009419926,8.949487442064385,-0.46315795133410376,5.216842048665896,151018.95080754164,0.15,0.9184581071594887,1.0225,1.0000118868325047,1.0447931829866306,recede,True,True,True,False,False
H1L1V1-GSTLAL_AllSky-1242755794-1.xml,1242755794.0,18.711181557697206,14.240193853465108,32.95137541116232,1.3139695814705612,2013.5552983811897,0.6594307110025549,7.457943080830562,0.04044210502592687,0.6323382806888744,0.07453969778462576,2.959922310282582e-21,Klein_relajada,-1,0.09265213722334181,8.934540098412999,-0.5679999999999996,5.112,140682.88035946508,0.15,0.9,0.9775,1.0000110961279478,1.0659430711002555,recede,True,True,True,False,False
H1L1V1-GSTLAL_AllSky-1242794162-1.xml,1242794162.0,58.073249874255595,20.73023800592728,78.80348788018287,2.8013788292083786,783.0050004517879,0.6260422438492204,7.173397012016228,0.024278682905340337,0.2838394808580158,0.10293348904824702,1.1397702363832941e-20,Klein_deformada,0,0.12306379712918339,8.729440585618738,-0.4910164913274562,5.1889835086725435,54628.20699197157,0.15,0.9135534346254478,1.0,1.0000043149168418,1.062604224384922,recede,True,True,True,False,False
H1L1V1-GSTLAL_AllSky-1242808754-1.xml,1242808754.0,14.681647739272222,12.129479747590825,26.811127486863047,1.210410342800425,946.3509265496007,0.8088605030459876,7.040874039201011,0.04304664425409267,0.3522935077791223,0.06094558039180139,5.493639106335935e-21,Klein_relajada,-1,0.07151835913077877,8.770584423667241,-0.5204975704779731,5.159502429522027,66236.28930760635,0.15,0.9083631037890892,0.9775,1.0000052150695702,1.0808860503045987,recede,True,True,True,False,False
H1L1V1-GSTLAL_AllSky-1242837242-1.xml,1242837242.0,56.82193737711592,22.245053707371145,79.06699108448707,2.5543627866489413,2157.0402471443276,0.4479318298663049,9.380459730100085,0.025659482752047075,-0.35265041895393956,0.14273434822769285,5.2597298254942784e-21,Klein_deformada,1,0.2231523009419926,8.949487442064385,-0.46315795133410376,5.216842048665896,151018.95080754164,0.15,0.9184581071594887,1.0225,1.0000118868325047,1.0447931829866306,recede,True,True,True,False,False
H1L1V1-GSTLAL_AllSky-1242841854-1.xml,1242841854.0,14.681647739272222,12.129479747590825,26.811127486863047,1.210410342800425,946.3509265496007,0.8088605030459876,7.040874039201011,0.04304664425409267,0.3522935077791223,0.06094558039180139,5.493639106335935e-21,Klein_relajada,-1,0.07151835913077877,8.770584423667241,-0.5204975704779731,5.159502429522027,66236.28930760635,0.15,0.9083631037890892,0.9775,1.0000052150695702,1.0808860503045987,recede,True,True,True,False,False
H1L1V1-GSTLAL_AllSky-1242850387-1.xml,1242850387.0,58.073249874255595,20.73023800592728,78.80348788018287,2.8013788292083786,783.0050004517879,0.6260422438492204,7.173397012016228,0.024278682905340337,0.2838394808580158,0.10293348904824702,1.1397702363832941e-20,Klein_deformada,0,0.12306379712918339,8.729440585618738,-0.4910164913274562,5.1889835086725435,54628.20699197157,0.15,0.9135534346254478,1.0,1.0000043149168418,1.062604224384922,recede,True,True,True,False,False
H1L1V1-GSTLAL_AllSky-1242960785-1.xml,1242960785.0,48.57430791250547,31.871872913692055,80.44618082619752,1.5240493724370399,2573.7260695806303,0.4213309088639234,9.251118923219996,0.036245868882868126,0.7252321365995575,0.20231098901086647,6.154234268317092e-21,Klein_extrema,1,0.3119338364689631,8.987839478627233,-0.47642832567819937,5.2035716743218,180683.63228110055,0.15,0.9161217736482044,1.0225,1.0000141830690192,1.0421330908863924,recede,True,True,True,False,False
H1L1V1-GSTLAL_AllSky-1242967497-1.xml,1242967497.0,58.073249874255595,20.73023800592728,78.80348788018287,2.8013788292083786,783.0050004517879,0.6260422438492204,7.173397012016228,0.024278682905340337,0.2838394808580158,0.10293348904824702,1.1397702363832941e-20,Klein_deformada,0,0.12306379712918339,8.729440585618738,-0.4910164913274562,5.1889835086725435,54628.20699197157,0.15,0.9135534346254478,1.0,1.0000043149168418,1.062604224384922,recede,True,True,True,False,False
H1L1V1-GSTLAL_AllSky-1242969291-1.xml,1242969291.0,14.681647739272222,12.129479747590825,26.811127486863047,1.210410342800425,946.3509265496007,0.8088605030459876,7.040874039201011,0.04304664425409267,0.3522935077791223,0.06094558039180139,5.493639106335935e-21,Klein_relajada,-1,0.07151835913077877,8.770584423667241,-0.5204975704779731,5.159502429522027,66236.28930760635,0.15,0.9083631037890892,0.9775,1.0000052150695702,1.0808860503045987,recede,True,True,True,False,False
H1L1V1-GSTLAL_AllSky-1242984073-1.xml,1242984073.0,18.711181557697206,14.240193853465108,32.95137541116232,1.3139695814705612,2013.5552983811897,0.6594307110025549,7.457943080830562,0.04044210502592687,0.6323382806888744,0.07453969778462576,2.959922310282582e-21,Klein_relajada,-1,0.09265213722334181,8.934540098412999,-0.5679999999999996,5.112,140682.88035946508,0.15,0.9,0.9775,1.0000110961279478,1.0659430711002555,recede,True,True,True,False,False
H1L1V1-GSTLAL_AllSky-1243058210-1.xml,1243058210.0,38.06479417427589,34.613756962694524,72.67855113697041,1.099701318620246,1202.4401220614484,0.3876700544118294,7.990554498782641,0.046373512809993266,-0.11098965240443581,0.2019828228032833,1.4037946052767456e-20,Klein_extrema,1,0.26899245890459883,8.822590047338608,-0.4932750346269845,5.186724965373015,83645.46541700761,0.15,0.9131558037628549,1.0225,1.0000066263039584,1.038767005441183,recede,True,True,True,False,False
H1L1V1-GSTLAL_AllSky-1243058459-1.xml,1243058459.0,58.073249874255595,20.73023800592728,78.80348788018287,2.8013788292083786,783.0050004517879,0.6260422438492204,7.173397012016228,0.024278682905340337,0.2838394808580158,0.10293348904824702,1.1397702363832941e-20,Klein_deformada,0,0.12306379712918339,8.729440585618738,-0.4910164913274562,5.1889835086725435,54628.20699197157,0.15,0.9135534346254478,1.0,1.0000043149168418,1.062604224384922,recede,True,True,True,False,False
H1L1V1-GSTLAL_AllSky-1243134883-1.xml,1243134883.0,38.06479417427589,34.613756962694524,72.67855113697041,1.099701318620246,1202.4401220614484,0.3876700544118294,7.990554498782641,0.046373512809993266,-0.11098965240443581,0.2019828228032833,1.4037946052767456e-20,Klein_extrema,1,0.26899245890459883,8.822590047338608,-0.4932750346269845,5.186724965373015,83645.46541700761,0.15,0.9131558037628549,1.0225,1.0000066263039584,1.038767005441183,recede,True,True,True,False,False
H1L1V1-GSTLAL_AllSky-1243139732-1.xml,1243139732.0,18.711181557697206,14.240193853465108,32.95137541116232,1.3139695814705612,2013.5552983811897,0.6594307110025549,7.457943080830562,0.04044210502592687,0.6323382806888744,0.07453969778462576,2.959922310282582e-21,Klein_relajada,-1,0.09265213722334181,8.934540098412999,-0.5679999999999996,5.112,140682.88035946508,0.15,0.9,0.9775,1.0000110961279478,1.0659430711002555,recede,True,True,True,False,False
H1L1V1-GSTLAL_AllSky-1243241875-1.xml,1243241875.0,34.80447508218193,23.144993989844785,57.949469072026716,1.503758225102712,512.0414937899404,0.958552725561619,7.360379562812472,0.03660002075617432,0.7757633791546554,0.11708257550881376,2.0560189437935418e-20,Klein_deformada,0,0.14362869932275346,8.63721089577545,-0.1579548361584493,5.52204516384155,35726.658711066186,0.1191713058740997,0.972191049972104,1.0,1.000002241782579,1.0958552725561619,recede,True,True,True,True,True
H1L1V1-GSTLAL_AllSky-1243305426-1.xml,1243305426.0,18.711181557697206,14.240193853465108,32.95137541116232,1.3139695814705612,2013.5552983811897,0.6594307110025549,7.457943080830562,0.04044210502592687,0.6323382806888744,0.07453969778462576,2.959922310282582e-21,Klein_relajada,-1,0.09265213722334181,8.934540098412999,-0.5679999999999996,5.112,140682.88035946508,0.15,0.9,0.9775,1.0000110961279478,1.0659430711002555,recede,True,True,True,False,False
H1L1V1-GSTLAL_AllSky-1243407873-1.xml,1243407873.0,38.06479417427589,34.613756962694524,72.67855113697041,1.099701318620246,1202.4401220614484,0.3876700544118294,7.990554498782641,0.046373512809993266,-0.11098965240443581,0.2019828228032833,1.4037946052767456e-20,Klein_extrema,1,0.26899245890459883,8.822590047338608,-0.4932750346269845,5.186724965373015,83645.46541700761,0.15,0.9131558037628549,1.0225,1.0000066263039584,1.038767005441183,recede,True,True,True,False,False
H1L1V1-GSTLAL_AllSky-1243497876-1.xml,1243497876.0,14.681647739272222,12.129479747590825,26.811127486863047,1.210410342800425,946.3509265496007,0.8088605030459876,7.040874039201011,0.04304664425409267,0.3522935077791223,0.06094558039180139,5.493639106335935e-21,Klein_relajada,-1,0.07151835913077877,8.770584423667241,-0.5204975704779731,5.159502429522027,66236.28930760635,0.15,0.9083631037890892,0.9775,1.0000052150695702,1.0808860503045987,recede,True,True,True,False,False
H1L1V1-GSTLAL_AllSky-1243536309-1.xml,1243536309.0,18.711181557697206,14.240193853465108,32.95137541116232,1.3139695814705612,2013.5552983811897,0.6594307110025549,7.457943080830562,0.04044210502592687,0.6323382806888744,0.07453969778462576,2.959922310282582e-21,Klein_relajada,-1,0.09265213722334181,8.934540098412999,-0.5679999999999996,5.112,140682.88035946508,0.15,0.9,0.9775,1.0000110961279478,1.0659430711002555,recede,True,True,True,False,False
H1L1V1-GSTLAL_AllSky-1243533585-1.xml,1243533585.0,48.57430791250547,31.871872913692055,80.44618082619752,1.5240493724370399,2573.7260695806303,0.4213309088639234,9.251118923219996,0.036245868882868126,0.7252321365995575,0.20231098901086647,6.154234268317092e-21,Klein_extrema,1,0.3119338364689631,8.987839478627233,-0.47642832567819937,5.2035716743218,180683.63228110055,0.15,0.9161217736482044,1.0225,1.0000141830690192,1.0421330908863924,recede,True,True,True,False,False
H1L1V1-GSTLAL_AllSky-1243557850-1.xml,1243557850.0,48.57430791250547,31.871872913692055,80.44618082619752,1.5240493724370399,2573.7260695806303,0.4213309088639234,9.251118923219996,0.036245868882868126,0.7252321365995575,0.20231098901086647,6.154234268317092e-21,Klein_extrema,1,0.3119338364689631,8.987839478627233,-0.47642832567819937,5.2035716743218,180683.63228110055,0.15,0.9161217736482044,1.0225,1.0000141830690192,1.0421330908863924,recede,True,True,True,False,False
H1L1V1-GSTLAL_AllSky-1243605087-1.xml,1243605087.0,14.681647739272222,12.129479747590825,26.811127486863047,1.210410342800425,946.3509265496007,0.8088605030459876,7.040874039201011,0.04304664425409267,0.3522935077791223,0.06094558039180139,5.493639106335935e-21,Klein_relajada,-1,0.07151835913077877,8.770584423667241,-0.5204975704779731,5.159502429522027,66236.28930760635,0.15,0.9083631037890892,0.9775,1.0000052150695702,1.0808860503045987,recede,True,True,True,False,False
H1L1V1-GSTLAL_AllSky-1243734617-1.xml,1243734617.0,66.37377448171732,28.526766422665066,94.90054090438238,2.326719176589958,601.2428895100478,0.7598587502065932,9.13089576746307,0.027191589084946663,0.41027966189620735,0.17671683510976444,2.606683590408771e-20,Klein_deformada,1,0.2689305002905362,8.672083294486304,-0.2638636782037942,5.4161363217962055,42199.57759857575,0.14076263919413126,0.9535451270767967,1.0211143958791198,1.000003109238165,1.0759858750206592,recede,True,True,True,True,True
H1L1V1-GSTLAL_AllSky-1243926576-1.xml,1243926576.0,14.681647739272222,12.129479747590825,26.811127486863047,1.210410342800425,946.3509265496007,0.8088605030459876,7.040874039201011,0.04304664425409267,0.3522935077791223,0.06094558039180139,5.493639106335935e-21,Klein_relajada,-1,0.07151835913077877,8.770584423667241,-0.5204975704779731,5.159502429522027,66236.28930760635,0.15,0.9083631037890892,0.9775,1.0000052150695702,1.0808860503045987,recede,True,True,True,False,False
H1L1V1-GSTLAL_AllSky-1243931925-1.xml,1243931925.0,48.57430791250547,31.871872913692055,80.44618082619752,1.5240493724370399,2573.7260695806303,0.4213309088639234,9.251118923219996,0.036245868882868126,0.7252321365995575,0.20231098901086647,6.154234268317092e-21,Klein_extrema,1,0.3119338364689631,8.987839478627233,-0.47642832567819937,5.2035716743218,180683.63228110055,0.15,0.9161217736482044,1.0225,1.0000141830690192,1.0421330908863924,recede,True,True,True,False,False
H1L1V1-GSTLAL_AllSky-1243983869-1.xml,1243983869.0,38.06479417427589,34.613756962694524,72.67855113697041,1.099701318620246,1202.4401220614484,0.3876700544118294,7.990554498782641,0.046373512809993266,-0.11098965240443581,0.2019828228032833,1.4037946052767456e-20,Klein_extrema,1,0.26899245890459883,8.822590047338608,-0.4932750346269845,5.186724965373015,83645.46541700761,0.15,0.9131558037628549,1.0225,1.0000066263039584,1.038767005441183,recede,True,True,True,False,False
H1L1V1-GSTLAL_AllSky-1243985856-1.xml,1243985856.0,14.681647739272222,12.129479747590825,26.811127486863047,1.210410342800425,946.3509265496007,0.8088605030459876,7.040874039201011,0.04304664425409267,0.3522935077791223,0.06094558039180139,5.493639106335935e-21,Klein_relajada,-1,0.07151835913077877,8.770584423667241,-0.5204975704779731,5.159502429522027,66236.28930760635,0.15,0.9083631037890892,0.9775,1.0000052150695702,1.0808860503045987,recede,True,True,True,False,False
H1L1V1-GSTLAL_AllSky-1243985990-1.xml,1243985990.0,34.80447508218193,23.144993989844785,57.949469072026716,1.503758225102712,512.0414937899404,0.958552725561619,7.360379562812472,0.03660002075617432,0.7757633791546554,0.11708257550881376,2.0560189437935418e-20,Klein_deformada,0,0.14362869932275346,8.63721089577545,-0.1579548361584493,5.52204516384155,35726.658711066186,0.1191713058740997,0.972191049972104,1.0,1.000002241782579,1.0958552725561619,recede,True,True,True,True,True
H1L1V1-GSTLAL_AllSky-1243993298-1.xml,1243993298.0,34.80447508218193,23.144993989844785,57.949469072026716,1.503758225102712,512.0414937899404,0.958552725561619,7.360379562812472,0.03660002075617432,0.7757633791546554,0.11708257550881376,2.0560189437935418e-20,Klein_deformada,0,0.14362869932275346,8.63721089577545,-0.1579548361584493,5.52204516384155,35726.658711066186,0.1191713058740997,0.972191049972104,1.0,1.000002241782579,1.0958552725561619,recede,True,True,True,True,True
H1L1V1-GSTLAL_AllSky-1244069790-1.xml,1244069790.0,38.06479417427589,34.613756962694524,72.67855113697041,1.099701318620246,1202.4401220614484,0.3876700544118294,7.990554498782641,0.046373512809993266,-0.11098965240443581,0.2019828228032833,1.4037946052767456e-20,Klein_extrema,1,0.26899245890459883,8.822590047338608,-0.4932750346269845,5.186724965373015,83645.46541700761,0.15,0.9131558037628549,1.0225,1.0000066263039584,1.038767005441183,recede,True,True,True,False,False
H1L1V1-GSTLAL_AllSky-1244154241-1.xml,1244154241.0,38.06479417427589,34.613756962694524,72.67855113697041,1.099701318620246,1202.4401220614484,0.3876700544118294,7.990554498782641,0.046373512809993266,-0.11098965240443581,0.2019828228032833,1.4037946052767456e-20,Klein_extrema,1,0.26899245890459883,8.822590047338608,-0.4932750346269845,5.186724965373015,83645.46541700761,0.15,0.9131558037628549,1.0225,1.0000066263039584,1.038767005441183,recede,True,True,True,False,False
H1L1V1-GSTLAL_AllSky-1244070823-1.xml,1244070823.0,64.59021056346694,21.65264308384039,86.24285364730733,2.983017376371541,500.0,1.3679854837966794,6.500895515972869,0.023409241366423042,0.24131123659410658,0.09843394867965521,1.773785090208442e-20,Klein_relajada,0,0.10665146926517903,8.632043320000633,0.0636029076675273,5.743602907667527,34940.99397947719,0.11655061042088388,1.0111976950118886,1.0,1.0000021409237128,1.1367985483796679,recede,True,True,True,True,True
H1L1V1-GSTLAL_AllSky-1244161081-1.xml,1244161081.0,34.80447508218193,23.144993989844785,57.949469072026716,1.503758225102712,512.0414937899404,0.958552725561619,7.360379562812472,0.03660002075617432,0.7757633791546554,0.11708257550881376,2.0560189437935418e-20,Klein_deformada,0,0.14362869932275346,8.63721089577545,-0.1579548361584493,5.52204516384155,35726.658711066186,0.1191713058740997,0.972191049972104,1.0,1.000002241782579,1.0958552725561619,recede,True,True,True,True,True
H1L1V1-GSTLAL_AllSky-1244170446-1.xml,1244170446.0,48.57430791250547,31.871872913692055,80.44618082619752,1.5240493724370399,2573.7260695806303,0.4213309088639234,9.251118923219996,0.036245868882868126,0.7252321365995575,0.20231098901086647,6.154234268317092e-21,Klein_extrema,1,0.3119338364689631,8.987839478627233,-0.47642832567819937,5.2035716743218,180683.63228110055,0.15,0.9161217736482044,1.0225,1.0000141830690192,1.0421330908863924,recede,True,True,True,False,False
H1L1V1-GSTLAL_AllSky-1244178825-1.xml,1244178825.0,38.06479417427589,34.613756962694524,72.67855113697041,1.099701318620246,1202.4401220614484,0.3876700544118294,7.990554498782641,0.046373512809993266,-0.11098965240443581,0.2019828228032833,1.4037946052767456e-20,Klein_extrema,1,0.26899245890459883,8.822590047338608,-0.4932750346269845,5.186724965373015,83645.46541700761,0.15,0.9131558037628549,1.0225,1.0000066263039584,1.038767005441183,recede,True,True,True,False,False
H1L1V1-GSTLAL_AllSky-1244255684-1.xml,1244255684.0,66.37377448171732,28.526766422665066,94.90054090438238,2.326719176589958,601.2428895100478,0.7598587502065932,9.13089576746307,0.027191589084946663,0.41027966189620735,0.17671683510976444,2.606683590408771e-20,Klein_deformada,1,0.2689305002905362,8.672083294486304,-0.2638636782037942,5.4161363217962055,42199.57759857575,0.14076263919413126,0.9535451270767967,1.0211143958791198,1.000003109238165,1.0759858750206592,recede,True,True,True,True,True
H1L1V1-GSTLAL_AllSky-1244562300-1.xml,1244562300.0,66.37377448171732,28.526766422665066,94.90054090438238,2.326719176589958,601.2428895100478,0.7598587502065932,9.13089576746307,0.027191589084946663,0.41027966189620735,0.17671683510976444,2.606683590408771e-20,Klein_deformada,1,0.2689305002905362,8.672083294486304,-0.2638636782037942,5.4161363217962055,42199.57759857575,0.14076263919413126,0.9535451270767967,1.0211143958791198,1.000003109238165,1.0759858750206592,recede,True,True,True,True,True
H1L1V1-GSTLAL_AllSky-1244344703-1.xml,1244344703.0,48.57430791250547,31.871872913692055,80.44618082619752,1.5240493724370399,2573.7260695806303,0.4213309088639234,9.251118923219996,0.036245868882868126,0.7252321365995575,0.20231098901086647,6.154234268317092e-21,Klein_extrema,1,0.3119338364689631,8.987839478627233,-0.47642832567819937,5.2035716743218,180683.63228110055,0.15,0.9161217736482044,1.0225,1.0000141830690192,1.0421330908863924,recede,True,True,True,False,False
H1L1V1-GSTLAL_AllSky-1244433614-1.xml,1244433614.0,48.57430791250547,31.871872913692055,80.44618082619752,1.5240493724370399,2573.7260695806303,0.4213309088639234,9.251118923219996,0.036245868882868126,0.7252321365995575,0.20231098901086647,6.154234268317092e-21,Klein_extrema,1,0.3119338364689631,8.987839478627233,-0.47642832567819937,5.2035716743218,180683.63228110055,0.15,0.9161217736482044,1.0225,1.0000141830690192,1.0421330908863924,recede,True,True,True,False,False
H1L1V1-GSTLAL_AllSky-1244479509-1.xml,1244479509.0,71.88812461820085,53.45351902162382,125.34164363982467,1.344871692902381,1217.7304926672232,0.6779663973348081,8.528465320916943,0.03974261426655178,-0.44253004560905157,0.318628022516005,2.1843130545863437e-20,Klein_extrema,1,0.45290134005001537,8.825333908410148,-0.3483251134268066,5.331674886573193,84805.27501026612,0.15,0.9386751560868298,1.0225,1.000006710564822,1.0677966397334808,recede,True,True,True,False,False
H1L1V1-GSTLAL_AllSky-1244579776-1.xml,1244579776.0,34.80447508218193,23.144993989844785,57.949469072026716,1.503758225102712,512.0414937899404,0.958552725561619,7.360379562812472,0.03660002075617432,0.7757633791546554,0.11708257550881376,2.0560189437935418e-20,Klein_deformada,0,0.14362869932275346,8.63721089577545,-0.1579548361584493,5.52204516384155,35726.658711066186,0.1191713058740997,0.972191049972104,1.0,1.000002241782579,1.0958552725561619,recede,True,True,True,True,True
H1L1V1-GSTLAL_AllSky-1244268714-1.xml,1244268714.0,66.37377448171732,28.526766422665066,94.90054090438238,2.326719176589958,601.2428895100478,0.7598587502065932,9.13089576746307,0.027191589084946663,0.41027966189620735,0.17671683510976444,2.606683590408771e-20,Klein_deformada,1,0.2689305002905362,8.672083294486304,-0.2638636782037942,5.4161363217962055,42199.57759857575,0.14076263919413126,0.9535451270767967,1.0211143958791198,1.000003109238165,1.0759858750206592,recede,True,True,True,True,True
H1L1V1-GSTLAL_AllSky-1244629354-1.xml,1244629354.0,64.59021056346694,21.65264308384039,86.24285364730733,2.983017376371541,500.0,1.3679854837966794,6.500895515972869,0.023409241366423042,0.24131123659410658,0.09843394867965521,1.773785090208442e-20,Klein_relajada,0,0.10665146926517903,8.632043320000633,0.0636029076675273,5.743602907667527,34940.99397947719,0.11655061042088388,1.0111976950118886,1.0,1.0000021409237128,1.1367985483796679,recede,True,True,True,True,True
H1L1V1-GSTLAL_AllSky-1244580182-1.xml,1244580182.0,48.57430791250547,31.871872913692055,80.44618082619752,1.5240493724370399,2573.7260695806303,0.4213309088639234,9.251118923219996,0.036245868882868126,0.7252321365995575,0.20231098901086647,6.154234268317092e-21,Klein_extrema,1,0.3119338364689631,8.987839478627233,-0.47642832567819937,5.2035716743218,180683.63228110055,0.15,0.9161217736482044,1.0225,1.0000141830690192,1.0421330908863924,recede,True,True,True,False,False
H1L1V1-GSTLAL_AllSky-1244635864-1.xml,1244635864.0,64.59021056346694,21.65264308384039,86.24285364730733,2.983017376371541,500.0,1.3679854837966794,6.500895515972869,0.023409241366423042,0.24131123659410658,0.09843394867965521,1.773785090208442e-20,Klein_relajada,0,0.10665146926517903,8.632043320000633,0.0636029076675273,5.743602907667527,34940.99397947719,0.11655061042088388,1.0111976950118886,1.0,1.0000021409237128,1.1367985483796679,recede,True,True,True,True,True
H1L1V1-GSTLAL_AllSky-1244671674-1.xml,1244671674.0,34.80447508218193,23.144993989844785,57.949469072026716,1.503758225102712,512.0414937899404,0.958552725561619,7.360379562812472,0.03660002075617432,0.7757633791546554,0.11708257550881376,2.0560189437935418e-20,Klein_deformada,0,0.14362869932275346,8.63721089577545,-0.1579548361584493,5.52204516384155,35726.658711066186,0.1191713058740997,0.972191049972104,1.0,1.000002241782579,1.0958552725561619,recede,True,True,True,True,True
H1L1V1-GSTLAL_AllSky-1244711923-1.xml,1244711923.0,34.80447508218193,23.144993989844785,57.949469072026716,1.503758225102712,512.0414937899404,0.958552725561619,7.360379562812472,0.03660002075617432,0.7757633791546554,0.11708257550881376,2.0560189437935418e-20,Klein_deformada,0,0.14362869932275346,8.63721089577545,-0.1579548361584493,5.52204516384155,35726.658711066186,0.1191713058740997,0.972191049972104,1.0,1.000002241782579,1.0958552725561619,recede,True,True,True,True,True
H1L1V1-GSTLAL_AllSky-1244713996-1.xml,1244713996.0,54.075573539865196,42.32806201141659,96.40363555128178,1.2775348308004297,1343.7198090526813,0.25157212306017934,8.313440769517015,0.04131030092928136,0.6036073666390689,0.24830978918182342,1.529682671108813e-20,Klein_extrema,1,0.34405145414239097,8.846712677612558,-0.5612268599758412,5.1187731400241585,94705.19015569499,0.15,0.9011924542296055,1.0225,1.0000074048559477,1.025157212306018,recede,True,True,True,False,False
H1L1V1-GSTLAL_AllSky-1244746871-1.xml,1244746871.0,66.37377448171732,28.526766422665066,94.90054090438238,2.326719176589958,601.2428895100478,0.7598587502065932,9.13089576746307,0.027191589084946663,0.41027966189620735,0.17671683510976444,2.606683590408771e-20,Klein_deformada,1,0.2689305002905362,8.672083294486304,-0.2638636782037942,5.4161363217962055,42199.57759857575,0.14076263919413126,0.9535451270767967,1.0211143958791198,1.000003109238165,1.0759858750206592,recede,True,True,True,True,True
H1L1V1-GSTLAL_AllSky-1244806663-1.xml,1244806663.0,64.59021056346694,21.65264308384039,86.24285364730733,2.983017376371541,500.0,1.3679854837966794,6.500895515972869,0.023409241366423042,0.24131123659410658,0.09843394867965521,1.773785090208442e-20,Klein_relajada,0,0.10665146926517903,8.632043320000633,0.0636029076675273,5.743602907667527,34940.99397947719,0.11655061042088388,1.0111976950118886,1.0,1.0000021409237128,1.1367985483796679,recede,True,True,True,True,True
H1L1V1-GSTLAL_AllSky-1244840357-1.xml,1244840357.0,71.88812461820085,53.45351902162382,125.34164363982467,1.344871692902381,1217.7304926672232,0.6779663973348081,8.528465320916943,0.03974261426655178,-0.44253004560905157,0.318628022516005,2.1843130545863437e-20,Klein_extrema,1,0.45290134005001537,8.825333908410148,-0.3483251134268066,5.331674886573193,84805.27501026612,0.15,0.9386751560868298,1.0225,1.000006710564822,1.0677966397334808,recede,True,True,True,False,False
H1L1V1-GSTLAL_AllSky-1245035079-1.xml,1245035079.0,34.80447508218193,23.144993989844785,57.949469072026716,1.503758225102712,512.0414937899404,0.958552725561619,7.360379562812472,0.03660002075617432,0.7757633791546554,0.11708257550881376,2.0560189437935418e-20,Klein_deformada,0,0.14362869932275346,8.63721089577545,-0.1579548361584493,5.52204516384155,35726.658711066186,0.1191713058740997,0.972191049972104,1.0,1.000002241782579,1.0958552725561619,recede,True,True,True,True,True
H1L1V1-GSTLAL_AllSky-1245051768-1.xml,1245051768.0,71.88812461820085,53.45351902162382,125.34164363982467,1.344871692902381,1217.7304926672232,0.6779663973348081,8.528465320916943,0.03974261426655178,-0.44253004560905157,0.318628022516005,2.1843130545863437e-20,Klein_extrema,1,0.45290134005001537,8.825333908410148,-0.3483251134268066,5.331674886573193,84805.27501026612,0.15,0.9386751560868298,1.0225,1.000006710564822,1.0677966397334808,recede,True,True,True,False,False
H1L1V1-GSTLAL_AllSky-1245063791-1.xml,1245063791.0,66.37377448171732,28.526766422665066,94.90054090438238,2.326719176589958,601.2428895100478,0.7598587502065932,9.13089576746307,0.027191589084946663,0.41027966189620735,0.17671683510976444,2.606683590408771e-20,Klein_deformada,1,0.2689305002905362,8.672083294486304,-0.2638636782037942,5.4161363217962055,42199.57759857575,0.14076263919413126,0.9535451270767967,1.0211143958791198,1.000003109238165,1.0759858750206592,recede,True,True,True,True,True
H1L1V1-GSTLAL_AllSky-1245085972-1.xml,1245085972.0,66.37377448171732,28.526766422665066,94.90054090438238,2.326719176589958,601.2428895100478,0.7598587502065932,9.13089576746307,0.027191589084946663,0.41027966189620735,0.17671683510976444,2.606683590408771e-20,Klein_deformada,1,0.2689305002905362,8.672083294486304,-0.2638636782037942,5.4161363217962055,42199.57759857575,0.14076263919413126,0.9535451270767967,1.0211143958791198,1.000003109238165,1.0759858750206592,recede,True,True,True,True,True
H1L1V1-GSTLAL_AllSky-1245113233-1.xml,1245113233.0,30.57918112696745,11.917142878530044,42.49632400549749,2.565982588163727,5000.0,0.5868075682822447,6.294710677924644,0.025588570313964942,0.21720297582053927,0.051337465397488936,7.593715308830828e-22,Klein_relajada,-1,0.05385908193586009,9.132043320000633,-0.5679999999999996,5.112,350473.02793037554,0.15,0.9,0.9775,1.0000275535714285,1.0586807568282244,recede,True,True,True,False,False
H1L1V1-GSTLAL_AllSky-1245130483-1.xml,1245130483.0,64.59021056346694,21.65264308384039,86.24285364730733,2.983017376371541,500.0,1.3679854837966794,6.500895515972869,0.023409241366423042,0.24131123659410658,0.09843394867965521,1.773785090208442e-20,Klein_relajada,0,0.10665146926517903,8.632043320000633,0.0636029076675273,5.743602907667527,34940.99397947719,0.11655061042088388,1.0111976950118886,1.0,1.0000021409237128,1.1367985483796679,recede,True,True,True,True,True
H1L1V1-GSTLAL_AllSky-1245132209-1.xml,1245132209.0,71.88812461820085,53.45351902162382,125.34164363982467,1.344871692902381,1217.7304926672232,0.6779663973348081,8.528465320916943,0.03974261426655178,-0.44253004560905157,0.318628022516005,2.1843130545863437e-20,Klein_extrema,1,0.45290134005001537,8.825333908410148,-0.3483251134268066,5.331674886573193,84805.27501026612,0.15,0.9386751560868298,1.0225,1.000006710564822,1.0677966397334808,recede,True,True,True,False,False
H1L1V1-GSTLAL_AllSky-1245194108-1.xml,1245194108.0,54.075573539865196,42.32806201141659,96.40363555128178,1.2775348308004297,1343.7198090526813,0.25157212306017934,8.313440769517015,0.04131030092928136,0.6036073666390689,0.24830978918182342,1.529682671108813e-20,Klein_extrema,1,0.34405145414239097,8.846712677612558,-0.5612268599758412,5.1187731400241585,94705.19015569499,0.15,0.9011924542296055,1.0225,1.0000074048559477,1.025157212306018,recede,True,True,True,False,False
H1L1V1-GSTLAL_AllSky-1245195141-1.xml,1245195141.0,66.37377448171732,28.526766422665066,94.90054090438238,2.326719176589958,601.2428895100478,0.7598587502065932,9.13089576746307,0.027191589084946663,0.41027966189620735,0.17671683510976444,2.606683590408771e-20,Klein_deformada,1,0.2689305002905362,8.672083294486304,-0.2638636782037942,5.4161363217962055,42199.57759857575,0.14076263919413126,0.9535451270767967,1.0211143958791198,1.000003109238165,1.0759858750206592,recede,True,True,True,True,True
H1L1V1-GSTLAL_AllSky-1245221073-1.xml,1245221073.0,54.075573539865196,42.32806201141659,96.40363555128178,1.2775348308004297,1343.7198090526813,0.25157212306017934,8.313440769517015,0.04131030092928136,0.6036073666390689,0.24830978918182342,1.529682671108813e-20,Klein_extrema,1,0.34405145414239097,8.846712677612558,-0.5612268599758412,5.1187731400241585,94705.19015569499,0.15,0.9011924542296055,1.0225,1.0000074048559477,1.025157212306018,recede,True,True,True,False,False
H1L1V1-GSTLAL_AllSky-1245274355-1.xml,1245274355.0,64.59021056346694,21.65264308384039,86.24285364730733,2.983017376371541,500.0,1.3679854837966794,6.500895515972869,0.023409241366423042,0.24131123659410658,0.09843394867965521,1.773785090208442e-20,Klein_relajada,0,0.10665146926517903,8.632043320000633,0.0636029076675273,5.743602907667527,34940.99397947719,0.11655061042088388,1.0111976950118886,1.0,1.0000021409237128,1.1367985483796679,recede,True,True,True,True,True
H1L1V1-GSTLAL_AllSky-1245334932-1.xml,1245334932.0,64.59021056346694,21.65264308384039,86.24285364730733,2.983017376371541,500.0,1.3679854837966794,6.500895515972869,0.023409241366423042,0.24131123659410658,0.09843394867965521,1.773785090208442e-20,Klein_relajada,0,0.10665146926517903,8.632043320000633,0.0636029076675273,5.743602907667527,34940.99397947719,0.11655061042088388,1.0111976950118886,1.0,1.0000021409237128,1.1367985483796679,recede,True,True,True,True,True
H1L1V1-GSTLAL_AllSky-1245337537-1.xml,1245337537.0,71.81264865440504,51.27168044611348,123.08432910051852,1.40062989996749,1069.8861833222318,0.4684009818640613,7.493768464642496,0.03855857925132716,0.0120579859633827,0.26673826379005317,2.1045021616636192e-20,Klein_extrema,1,0.3331457982505653,8.797227107336798,-0.45296864705302475,5.227031352946975,74226.43238545269,0.15,0.9202519987582704,1.0225,1.0000058958370746,1.046840098186406,recede,True,True,True,False,False
H1L1V1-GSTLAL_AllSky-1245339394-1.xml,1245339394.0,71.88812461820085,53.45351902162382,125.34164363982467,1.344871692902381,1217.7304926672232,0.6779663973348081,8.528465320916943,0.03974261426655178,-0.44253004560905157,0.318628022516005,2.1843130545863437e-20,Klein_extrema,1,0.45290134005001537,8.825333908410148,-0.3483251134268066,5.331674886573193,84805.27501026612,0.15,0.9386751560868298,1.0225,1.000006710564822,1.0677966397334808,recede,True,True,True,False,False
H1L1V1-GSTLAL_AllSky-1245349914-1.xml,1245349914.0,54.075573539865196,42.32806201141659,96.40363555128178,1.2775348308004297,1343.7198090526813,0.25157212306017934,8.313440769517015,0.04131030092928136,0.6036073666390689,0.24830978918182342,1.529682671108813e-20,Klein_extrema,1,0.34405145414239097,8.846712677612558,-0.5612268599758412,5.1187731400241585,94705.19015569499,0.15,0.9011924542296055,1.0225,1.0000074048559477,1.025157212306018,recede,True,True,True,False,False
H1L1V1-GSTLAL_AllSky-1245365349-1.xml,1245365349.0,30.57918112696745,11.917142878530044,42.49632400549749,2.565982588163727,5000.0,0.5868075682822447,6.294710677924644,0.025588570313964942,0.21720297582053927,0.051337465397488936,7.593715308830828e-22,Klein_relajada,-1,0.05385908193586009,9.132043320000633,-0.5679999999999996,5.112,350473.02793037554,0.15,0.9,0.9775,1.0000275535714285,1.0586807568282244,recede,True,True,True,False,False
H1L1V1-GSTLAL_AllSky-1245410848-1.xml,1245410848.0,64.59021056346694,21.65264308384039,86.24285364730733,2.983017376371541,500.0,1.3679854837966794,6.500895515972869,0.023409241366423042,0.24131123659410658,0.09843394867965521,1.773785090208442e-20,Klein_relajada,0,0.10665146926517903,8.632043320000633,0.0636029076675273,5.743602907667527,34940.99397947719,0.11655061042088388,1.0111976950118886,1.0,1.0000021409237128,1.1367985483796679,recede,True,True,True,True,True
H1L1V1-GSTLAL_AllSky-1245456234-1.xml,1245456234.0,30.57918112696745,11.917142878530044,42.49632400549749,2.565982588163727,5000.0,0.5868075682822447,6.294710677924644,0.025588570313964942,0.21720297582053927,0.051337465397488936,7.593715308830828e-22,Klein_relajada,-1,0.05385908193586009,9.132043320000633,-0.5679999999999996,5.112,350473.02793037554,0.15,0.9,0.9775,1.0000275535714285,1.0586807568282244,recede,True,True,True,False,False
H1L1V1-GSTLAL_AllSky-1245569257-1.xml,1245569257.0,71.88812461820085,53.45351902162382,125.34164363982467,1.344871692902381,1217.7304926672232,0.6779663973348081,8.528465320916943,0.03974261426655178,-0.44253004560905157,0.318628022516005,2.1843130545863437e-20,Klein_extrema,1,0.45290134005001537,8.825333908410148,-0.3483251134268066,5.331674886573193,84805.27501026612,0.15,0.9386751560868298,1.0225,1.000006710564822,1.0677966397334808,recede,True,True,True,False,False
H1L1V1-GSTLAL_AllSky-1245573475-1.xml,1245573475.0,71.88812461820085,53.45351902162382,125.34164363982467,1.344871692902381,1217.7304926672232,0.6779663973348081,8.528465320916943,0.03974261426655178,-0.44253004560905157,0.318628022516005,2.1843130545863437e-20,Klein_extrema,1,0.45290134005001537,8.825333908410148,-0.3483251134268066,5.331674886573193,84805.27501026612,0.15,0.9386751560868298,1.0225,1.000006710564822,1.0677966397334808,recede,True,True,True,False,False
H1L1V1-GSTLAL_AllSky-1245642076-1.xml,1245642076.0,44.5031472472401,11.318389938536981,55.82153718577708,3.931932676724212,960.2429425186253,1.5967935872798917,7.49553171890383,0.020173114162606916,0.6185508840640535,0.06330506334180688,5.616746549418824e-21,Klein_relajada,-1,0.07908418504095492,8.773748879793677,-0.1443850985111368,5.535614901488863,67242.68271080876,0.15,0.9745800882902927,0.9775,1.000005291624501,1.1596793587279892,recede,True,True,True,False,False
H1L1V1-GSTLAL_AllSky-1245646385-1.xml,1245646385.0,54.075573539865196,42.32806201141659,96.40363555128178,1.2775348308004297,1343.7198090526813,0.25157212306017934,8.313440769517015,0.04131030092928136,0.6036073666390689,0.24830978918182342,1.529682671108813e-20,Klein_extrema,1,0.34405145414239097,8.846712677612558,-0.5612268599758412,5.1187731400241585,94705.19015569499,0.15,0.9011924542296055,1.0225,1.0000074048559477,1.025157212306018,recede,True,True,True,False,False
H1L1V1-GSTLAL_AllSky-1245688592-1.xml,1245688592.0,30.57918112696745,11.917142878530044,42.49632400549749,2.565982588163727,5000.0,0.5868075682822447,6.294710677924644,0.025588570313964942,0.21720297582053927,0.051337465397488936,7.593715308830828e-22,Klein_relajada,-1,0.05385908193586009,9.132043320000633,-0.5679999999999996,5.112,350473.02793037554,0.15,0.9,0.9775,1.0000275535714285,1.0586807568282244,recede,True,True,True,False,False
H1L1V1-GSTLAL_AllSky-1245691227-1.xml,1245691227.0,71.81264865440504,51.27168044611348,123.08432910051852,1.40062989996749,1069.8861833222318,0.4684009818640613,7.493768464642496,0.03855857925132716,0.0120579859633827,0.26673826379005317,2.1045021616636192e-20,Klein_extrema,1,0.3331457982505653,8.797227107336798,-0.45296864705302475,5.227031352946975,74226.43238545269,0.15,0.9202519987582704,1.0225,1.0000058958370746,1.046840098186406,recede,True,True,True,False,False
H1L1V1-GSTLAL_AllSky-1245764060-1.xml,1245764060.0,71.88812461820085,53.45351902162382,125.34164363982467,1.344871692902381,1217.7304926672232,0.6779663973348081,8.528465320916943,0.03974261426655178,-0.44253004560905157,0.318628022516005,2.1843130545863437e-20,Klein_extrema,1,0.45290134005001537,8.825333908410148,-0.3483251134268066,5.331674886573193,84805.27501026612,0.15,0.9386751560868298,1.0225,1.000006710564822,1.0677966397334808,recede,True,True,True,False,False
H1L1V1-GSTLAL_AllSky-1245874666-1.xml,1245874666.0,71.81264865440504,51.27168044611348,123.08432910051852,1.40062989996749,1069.8861833222318,0.4684009818640613,7.493768464642496,0.03855857925132716,0.0120579859633827,0.26673826379005317,2.1045021616636192e-20,Klein_extrema,1,0.3331457982505653,8.797227107336798,-0.45296864705302475,5.227031352946975,74226.43238545269,0.15,0.9202519987582704,1.0225,1.0000058958370746,1.046840098186406,recede,True,True,True,False,False
H1L1V1-GSTLAL_AllSky-1245878163-1.xml,1245878163.0,54.075573539865196,42.32806201141659,96.40363555128178,1.2775348308004297,1343.7198090526813,0.25157212306017934,8.313440769517015,0.04131030092928136,0.6036073666390689,0.24830978918182342,1.529682671108813e-20,Klein_extrema,1,0.34405145414239097,8.846712677612558,-0.5612268599758412,5.1187731400241585,94705.19015569499,0.15,0.9011924542296055,1.0225,1.0000074048559477,1.025157212306018,recede,True,True,True,False,False
H1L1V1-GSTLAL_AllSky-1245898498-1.xml,1245898498.0,54.075573539865196,42.32806201141659,96.40363555128178,1.2775348308004297,1343.7198090526813,0.25157212306017934,8.313440769517015,0.04131030092928136,0.6036073666390689,0.24830978918182342,1.529682671108813e-20,Klein_extrema,1,0.34405145414239097,8.846712677612558,-0.5612268599758412,5.1187731400241585,94705.19015569499,0.15,0.9011924542296055,1.0225,1.0000074048559477,1.025157212306018,recede,True,True,True,False,False
H1L1V1-GSTLAL_AllSky-1245955943-1.xml,1245955943.0,21.54583804545365,16.602734277122178,38.14857232257583,1.2977282949798725,789.4908637535605,0.5045161005521909,7.638504727961023,0.040823093057873405,0.6231570582961437,0.08921827285584873,9.790947012908555e-21,Klein_relajada,0,0.1135823665049862,8.731231872120441,-0.5503608069979595,5.12963919300204,55486.54196386822,0.15,0.9031054917257114,1.0,1.0000043506585814,1.050451610055219,recede,True,True,True,False,False
H1L1V1-GSTLAL_AllSky-1246016029-1.xml,1246016029.0,30.57918112696745,11.917142878530044,42.49632400549749,2.565982588163727,5000.0,0.5868075682822447,6.294710677924644,0.025588570313964942,0.21720297582053927,0.051337465397488936,7.593715308830828e-22,Klein_relajada,-1,0.05385908193586009,9.132043320000633,-0.5679999999999996,5.112,350473.02793037554,0.15,0.9,0.9775,1.0000275535714285,1.0586807568282244,recede,True,True,True,False,False
H1L1V1-GSTLAL_AllSky-1246048404-1.xml,1246048404.0,71.81264865440504,51.27168044611348,123.08432910051852,1.40062989996749,1069.8861833222318,0.4684009818640613,7.493768464642496,0.03855857925132716,0.0120579859633827,0.26673826379005317,2.1045021616636192e-20,Klein_extrema,1,0.3331457982505653,8.797227107336798,-0.45296864705302475,5.227031352946975,74226.43238545269,0.15,0.9202519987582704,1.0225,1.0000058958370746,1.046840098186406,recede,True,True,True,False,False
H1L1V1-GSTLAL_AllSky-1246191236-1.xml,1246191236.0,44.5031472472401,11.318389938536981,55.82153718577708,3.931932676724212,960.2429425186253,1.5967935872798917,7.49553171890383,0.020173114162606916,0.6185508840640535,0.06330506334180688,5.616746549418824e-21,Klein_relajada,-1,0.07908418504095492,8.773748879793677,-0.1443850985111368,5.535614901488863,67242.68271080876,0.15,0.9745800882902927,0.9775,1.000005291624501,1.1596793587279892,recede,True,True,True,False,False
H1L1V1-GSTLAL_AllSky-1246212043-1.xml,1246212043.0,54.075573539865196,42.32806201141659,96.40363555128178,1.2775348308004297,1343.7198090526813,0.25157212306017934,8.313440769517015,0.04131030092928136,0.6036073666390689,0.24830978918182342,1.529682671108813e-20,Klein_extrema,1,0.34405145414239097,8.846712677612558,-0.5612268599758412,5.1187731400241585,94705.19015569499,0.15,0.9011924542296055,1.0225,1.0000074048559477,1.025157212306018,recede,True,True,True,False,False
H1L1V1-GSTLAL_AllSky-1246272532-1.xml,1246272532.0,44.5031472472401,11.318389938536981,55.82153718577708,3.931932676724212,960.2429425186253,1.5967935872798917,7.49553171890383,0.020173114162606916,0.6185508840640535,0.06330506334180688,5.616746549418824e-21,Klein_relajada,-1,0.07908418504095492,8.773748879793677,-0.1443850985111368,5.535614901488863,67242.68271080876,0.15,0.9745800882902927,0.9775,1.000005291624501,1.1596793587279892,recede,True,True,True,False,False
H1L1V1-GSTLAL_AllSky-1246296410-1.xml,1246296410.0,30.57918112696745,11.917142878530044,42.49632400549749,2.565982588163727,5000.0,0.5868075682822447,6.294710677924644,0.025588570313964942,0.21720297582053927,0.051337465397488936,7.593715308830828e-22,Klein_relajada,-1,0.05385908193586009,9.132043320000633,-0.5679999999999996,5.112,350473.02793037554,0.15,0.9,0.9775,1.0000275535714285,1.0586807568282244,recede,True,True,True,False,False
H1L1V1-GSTLAL_AllSky-1246393733-1.xml,1246393733.0,12.97606896403582,12.485709966502903,25.46177893053872,1.039273617507412,5000.0,0.29474864581859406,7.415344043909317,0.04848842049501437,-0.40354342048276903,0.06866245844577357,1.0156386915570916e-21,Klein_relajada,-1,0.08485929204600633,9.132043320000633,-0.5679999999999996,5.112,349394.268111892,0.15,0.9,0.9775,1.0000275535714285,1.0294748645818594,recede,True,True,True,False,False
H1L1V1-GSTLAL_AllSky-1246385767-1.xml,1246385767.0,30.57918112696745,11.917142878530044,42.49632400549749,2.565982588163727,5000.0,0.5868075682822447,6.294710677924644,0.025588570313964942,0.21720297582053927,0.051337465397488936,7.593715308830828e-22,Klein_relajada,-1,0.05385908193586009,9.132043320000633,-0.5679999999999996,5.112,350473.02793037554,0.15,0.9,0.9775,1.0000275535714285,1.0586807568282244,recede,True,True,True,False,False
H1L1V1-GSTLAL_AllSky-1246457131-1.xml,1246457131.0,71.81264865440504,51.27168044611348,123.08432910051852,1.40062989996749,1069.8861833222318,0.4684009818640613,7.493768464642496,0.03855857925132716,0.0120579859633827,0.26673826379005317,2.1045021616636192e-20,Klein_extrema,1,0.3331457982505653,8.797227107336798,-0.45296864705302475,5.227031352946975,74226.43238545269,0.15,0.9202519987582704,1.0225,1.0000058958370746,1.046840098186406,recede,True,True,True,False,False
H1L1V1-GSTLAL_AllSky-1246487219-1.xml,1246487219.0,44.5031472472401,11.318389938536981,55.82153718577708,3.931932676724212,960.2429425186253,1.5967935872798917,7.49553171890383,0.020173114162606916,0.6185508840640535,0.06330506334180688,5.616746549418824e-21,Klein_relajada,-1,0.07908418504095492,8.773748879793677,-0.1443850985111368,5.535614901488863,67242.68271080876,0.15,0.9745800882902927,0.9775,1.000005291624501,1.1596793587279892,recede,True,True,True,False,False
H1L1V1-GSTLAL_AllSky-1246514951-1.xml,1246514951.0,21.54583804545365,16.602734277122178,38.14857232257583,1.2977282949798725,789.4908637535605,0.5045161005521909,7.638504727961023,0.040823093057873405,0.6231570582961437,0.08921827285584873,9.790947012908555e-21,Klein_relajada,0,0.1135823665049862,8.731231872120441,-0.5503608069979595,5.12963919300204,55486.54196386822,0.15,0.9031054917257114,1.0,1.0000043506585814,1.050451610055219,recede,True,True,True,False,False
H1L1V1-GSTLAL_AllSky-1246523564-1.xml,1246523564.0,30.57918112696745,11.917142878530044,42.49632400549749,2.565982588163727,5000.0,0.5868075682822447,6.294710677924644,0.025588570313964942,0.21720297582053927,0.051337465397488936,7.593715308830828e-22,Klein_relajada,-1,0.05385908193586009,9.132043320000633,-0.5679999999999996,5.112,350473.02793037554,0.15,0.9,0.9775,1.0000275535714285,1.0586807568282244,recede,True,True,True,False,False
H1L1V1-GSTLAL_AllSky-1246527224-1.xml,1246527224.0,21.54583804545365,16.602734277122178,38.14857232257583,1.2977282949798725,789.4908637535605,0.5045161005521909,7.638504727961023,0.040823093057873405,0.6231570582961437,0.08921827285584873,9.790947012908555e-21,Klein_relajada,0,0.1135823665049862,8.731231872120441,-0.5503608069979595,5.12963919300204,55486.54196386822,0.15,0.9031054917257114,1.0,1.0000043506585814,1.050451610055219,recede,True,True,True,False,False
H1L1V1-GSTLAL_AllSky-1246546020-1.xml,1246546020.0,71.81264865440504,51.27168044611348,123.08432910051852,1.40062989996749,1069.8861833222318,0.4684009818640613,7.493768464642496,0.03855857925132716,0.0120579859633827,0.26673826379005317,2.1045021616636192e-20,Klein_extrema,1,0.3331457982505653,8.797227107336798,-0.45296864705302475,5.227031352946975,74226.43238545269,0.15,0.9202519987582704,1.0225,1.0000058958370746,1.046840098186406,recede,True,True,True,False,False
H1L1V1-GSTLAL_AllSky-1246600287-1.xml,1246600287.0,48.65169388108094,47.23890129972738,95.89059518080832,1.0299073971341859,844.1836030309491,1.174895764643223,7.431054266680003,0.04883844325354276,-0.1572502417390354,0.26100541802632343,2.6634009974031155e-20,Klein_extrema,1,0.3232575708751847,8.745776774031361,-0.10021202874326818,5.5797879712567315,59225.994369493485,0.15,0.9823570371930865,1.0225,1.000004652054641,1.1174895764643222,recede,True,True,True,False,False
H1L1V1-GSTLAL_AllSky-1246602484-1.xml,1246602484.0,71.81264865440504,51.27168044611348,123.08432910051852,1.40062989996749,1069.8861833222318,0.4684009818640613,7.493768464642496,0.03855857925132716,0.0120579859633827,0.26673826379005317,2.1045021616636192e-20,Klein_extrema,1,0.3331457982505653,8.797227107336798,-0.45296864705302475,5.227031352946975,74226.43238545269,0.15,0.9202519987582704,1.0225,1.0000058958370746,1.046840098186406,recede,True,True,True,False,False
H1L1V1-GSTLAL_AllSky-1246626158-1.xml,1246626158.0,44.5031472472401,11.318389938536981,55.82153718577708,3.931932676724212,960.2429425186253,1.5967935872798917,7.49553171890383,0.020173114162606916,0.6185508840640535,0.06330506334180688,5.616746549418824e-21,Klein_relajada,-1,0.07908418504095492,8.773748879793677,-0.1443850985111368,5.535614901488863,67242.68271080876,0.15,0.9745800882902927,0.9775,1.000005291624501,1.1596793587279892,recede,True,True,True,False,False
H1L1V1-GSTLAL_AllSky-1246663515-1.xml,1246663515.0,21.54583804545365,16.602734277122178,38.14857232257583,1.2977282949798725,789.4908637535605,0.5045161005521909,7.638504727961023,0.040823093057873405,0.6231570582961437,0.08921827285584873,9.790947012908555e-21,Klein_relajada,0,0.1135823665049862,8.731231872120441,-0.5503608069979595,5.12963919300204,55486.54196386822,0.15,0.9031054917257114,1.0,1.0000043506585814,1.050451610055219,recede,True,True,True,False,False
H1L1V1-GSTLAL_AllSky-1246677756-1.xml,1246677756.0,12.97606896403582,12.485709966502903,25.46177893053872,1.039273617507412,5000.0,0.29474864581859406,7.415344043909317,0.04848842049501437,-0.40354342048276903,0.06866245844577357,1.0156386915570916e-21,Klein_relajada,-1,0.08485929204600633,9.132043320000633,-0.5679999999999996,5.112,349394.268111892,0.15,0.9,0.9775,1.0000275535714285,1.0294748645818594,recede,True,True,True,False,False
H1L1V1-GSTLAL_AllSky-1246684845-1.xml,1246684845.0,71.81264865440504,51.27168044611348,123.08432910051852,1.40062989996749,1069.8861833222318,0.4684009818640613,7.493768464642496,0.03855857925132716,0.0120579859633827,0.26673826379005317,2.1045021616636192e-20,Klein_extrema,1,0.3331457982505653,8.797227107336798,-0.45296864705302475,5.227031352946975,74226.43238545269,0.15,0.9202519987582704,1.0225,1.0000058958370746,1.046840098186406,recede,True,True,True,False,False
H1L1V1-GSTLAL_AllSky-1246779793-1.xml,1246779793.0,12.97606896403582,12.485709966502903,25.46177893053872,1.039273617507412,5000.0,0.29474864581859406,7.415344043909317,0.04848842049501437,-0.40354342048276903,0.06866245844577357,1.0156386915570916e-21,Klein_relajada,-1,0.08485929204600633,9.132043320000633,-0.5679999999999996,5.112,349394.268111892,0.15,0.9,0.9775,1.0000275535714285,1.0294748645818594,recede,True,True,True,False,False
H1L1V1-GSTLAL_AllSky-1246835605-1.xml,1246835605.0,44.5031472472401,11.318389938536981,55.82153718577708,3.931932676724212,960.2429425186253,1.5967935872798917,7.49553171890383,0.020173114162606916,0.6185508840640535,0.06330506334180688,5.616746549418824e-21,Klein_relajada,-1,0.07908418504095492,8.773748879793677,-0.1443850985111368,5.535614901488863,67242.68271080876,0.15,0.9745800882902927,0.9775,1.000005291624501,1.1596793587279892,recede,True,True,True,False,False
H1L1V1-GSTLAL_AllSky-1246849694-1.xml,1246849694.0,64.50333815849496,37.55967275568224,102.0630109141772,1.717356234120451,824.951373234119,0.5037789676901147,6.827556117663582,0.03329161487015891,0.3399779085716568,0.17399220014206357,1.8204697799716528e-20,Klein_deformada,0,0.19799025175094875,8.740772492738802,-0.5507197665801753,5.129280233419824,58361.31200712768,0.15,0.9030422946161664,1.0,1.0000045460713174,1.0503778967690114,recede,True,True,True,False,False
H1L1V1-GSTLAL_AllSky-1246852494-1.xml,1246852494.0,44.5031472472401,11.318389938536981,55.82153718577708,3.931932676724212,960.2429425186253,1.5967935872798917,7.49553171890383,0.020173114162606916,0.6185508840640535,0.06330506334180688,5.616746549418824e-21,Klein_relajada,-1,0.07908418504095492,8.773748879793677,-0.1443850985111368,5.535614901488863,67242.68271080876,0.15,0.9745800882902927,0.9775,1.000005291624501,1.1596793587279892,recede,True,True,True,False,False
H1L1V1-GSTLAL_AllSky-1246853186-1.xml,1246853186.0,21.54583804545365,16.602734277122178,38.14857232257583,1.2977282949798725,789.4908637535605,0.5045161005521909,7.638504727961023,0.040823093057873405,0.6231570582961437,0.08921827285584873,9.790947012908555e-21,Klein_relajada,0,0.1135823665049862,8.731231872120441,-0.5503608069979595,5.12963919300204,55486.54196386822,0.15,0.9031054917257114,1.0,1.0000043506585814,1.050451610055219,recede,True,True,True,False,False
H1L1V1-GSTLAL_AllSky-1247305773-1.xml,1247305773.0,12.97606896403582,12.485709966502903,25.46177893053872,1.039273617507412,5000.0,0.29474864581859406,7.415344043909317,0.04848842049501437,-0.40354342048276903,0.06866245844577357,1.0156386915570916e-21,Klein_relajada,-1,0.08485929204600633,9.132043320000633,-0.5679999999999996,5.112,349394.268111892,0.15,0.9,0.9775,1.0000275535714285,1.0294748645818594,recede,True,True,True,False,False
H1L1V1-GSTLAL_AllSky-1247473474-1.xml,1247473474.0,48.65169388108094,47.23890129972738,95.89059518080832,1.0299073971341859,844.1836030309491,1.174895764643223,7.431054266680003,0.04883844325354276,-0.1572502417390354,0.26100541802632343,2.6634009974031155e-20,Klein_extrema,1,0.3232575708751847,8.745776774031361,-0.10021202874326818,5.5797879712567315,59225.994369493485,0.15,0.9823570371930865,1.0225,1.000004652054641,1.1174895764643222,recede,True,True,True,False,False
H1L1V1-GSTLAL_AllSky-1247529518-1.xml,1247529518.0,44.5031472472401,11.318389938536981,55.82153718577708,3.931932676724212,960.2429425186253,1.5967935872798917,7.49553171890383,0.020173114162606916,0.6185508840640535,0.06330506334180688,5.616746549418824e-21,Klein_relajada,-1,0.07908418504095492,8.773748879793677,-0.1443850985111368,5.535614901488863,67242.68271080876,0.15,0.9745800882902927,0.9775,1.000005291624501,1.1596793587279892,recede,True,True,True,False,False
H1L1V1-GSTLAL_AllSky-1247571986-1.xml,1247571986.0,48.65169388108094,47.23890129972738,95.89059518080832,1.0299073971341859,844.1836030309491,1.174895764643223,7.431054266680003,0.04883844325354276,-0.1572502417390354,0.26100541802632343,2.6634009974031155e-20,Klein_extrema,1,0.3232575708751847,8.745776774031361,-0.10021202874326818,5.5797879712567315,59225.994369493485,0.15,0.9823570371930865,1.0225,1.000004652054641,1.1174895764643222,recede,True,True,True,False,False
H1L1V1-GSTLAL_AllSky-1247606192-1.xml,1247606192.0,21.54583804545365,16.602734277122178,38.14857232257583,1.2977282949798725,789.4908637535605,0.5045161005521909,7.638504727961023,0.040823093057873405,0.6231570582961437,0.08921827285584873,9.790947012908555e-21,Klein_relajada,0,0.1135823665049862,8.731231872120441,-0.5503608069979595,5.12963919300204,55486.54196386822,0.15,0.9031054917257114,1.0,1.0000043506585814,1.050451610055219,recede,True,True,True,False,False
H1L1V1-GSTLAL_AllSky-1247616534-1.xml,1247616534.0,40.14895457874496,22.039263878377998,62.18821845712296,1.821701251017453,4016.9478015902805,0.44424308330347667,8.37156975539588,0.03195749713497714,0.056554397699350445,0.1247811655233157,2.3409600926419826e-21,Klein_deformada,0,0.17410237188967279,9.084506411987158,-0.5679999999999996,5.112,281183.4885780458,0.15,0.9,1.0,1.0000221362516353,1.0444243083303477,recede,True,True,True,False,False
H1L1V1-GSTLAL_AllSky-1247625885-1.xml,1247625885.0,21.54583804545365,16.602734277122178,38.14857232257583,1.2977282949798725,789.4908637535605,0.5045161005521909,7.638504727961023,0.040823093057873405,0.6231570582961437,0.08921827285584873,9.790947012908555e-21,Klein_relajada,0,0.1135823665049862,8.731231872120441,-0.5503608069979595,5.12963919300204,55486.54196386822,0.15,0.9031054917257114,1.0,1.0000043506585814,1.050451610055219,recede,True,True,True,False,False
H1L1V1-GSTLAL_AllSky-1247679044-1.xml,1247679044.0,12.97606896403582,12.485709966502903,25.46177893053872,1.039273617507412,5000.0,0.29474864581859406,7.415344043909317,0.04848842049501437,-0.40354342048276903,0.06866245844577357,1.0156386915570916e-21,Klein_relajada,-1,0.08485929204600633,9.132043320000633,-0.5679999999999996,5.112,349394.268111892,0.15,0.9,0.9775,1.0000275535714285,1.0294748645818594,recede,True,True,True,False,False
H1L1V1-GSTLAL_AllSky-1247712250-1.xml,1247712250.0,48.65169388108094,47.23890129972738,95.89059518080832,1.0299073971341859,844.1836030309491,1.174895764643223,7.431054266680003,0.04883844325354276,-0.1572502417390354,0.26100541802632343,2.6634009974031155e-20,Klein_extrema,1,0.3232575708751847,8.745776774031361,-0.10021202874326818,5.5797879712567315,59225.994369493485,0.15,0.9823570371930865,1.0225,1.000004652054641,1.1174895764643222,recede,True,True,True,False,False
H1L1V1-GSTLAL_AllSky-1247788484-1.xml,1247788484.0,21.54583804545365,16.602734277122178,38.14857232257583,1.2977282949798725,789.4908637535605,0.5045161005521909,7.638504727961023,0.040823093057873405,0.6231570582961437,0.08921827285584873,9.790947012908555e-21,Klein_relajada,0,0.1135823665049862,8.731231872120441,-0.5503608069979595,5.12963919300204,55486.54196386822,0.15,0.9031054917257114,1.0,1.0000043506585814,1.050451610055219,recede,True,True,True,False,False
H1L1V1-GSTLAL_AllSky-1247758272-1.xml,1247758272.0,64.50333815849496,37.55967275568224,102.0630109141772,1.717356234120451,824.951373234119,0.5037789676901147,6.827556117663582,0.03329161487015891,0.3399779085716568,0.17399220014206357,1.8204697799716528e-20,Klein_deformada,0,0.19799025175094875,8.740772492738802,-0.5507197665801753,5.129280233419824,58361.31200712768,0.15,0.9030422946161664,1.0,1.0000045460713174,1.0503778967690114,recede,True,True,True,False,False
H1L1V1-GSTLAL_AllSky-1247793417-1.xml,1247793417.0,64.50333815849496,37.55967275568224,102.0630109141772,1.717356234120451,824.951373234119,0.5037789676901147,6.827556117663582,0.03329161487015891,0.3399779085716568,0.17399220014206357,1.8204697799716528e-20,Klein_deformada,0,0.19799025175094875,8.740772492738802,-0.5507197665801753,5.129280233419824,58361.31200712768,0.15,0.9030422946161664,1.0,1.0000045460713174,1.0503778967690114,recede,True,True,True,False,False
H1L1V1-GSTLAL_AllSky-1247825375-1.xml,1247825375.0,12.97606896403582,12.485709966502903,25.46177893053872,1.039273617507412,5000.0,0.29474864581859406,7.415344043909317,0.04848842049501437,-0.40354342048276903,0.06866245844577357,1.0156386915570916e-21,Klein_relajada,-1,0.08485929204600633,9.132043320000633,-0.5679999999999996,5.112,349394.268111892,0.15,0.9,0.9775,1.0000275535714285,1.0294748645818594,recede,True,True,True,False,False
H1L1V1-GSTLAL_AllSky-1247855210-1.xml,1247855210.0,24.482311263375834,11.590363368568546,36.07267463194438,2.1122988542161205,914.5173170977621,0.35504959996558577,6.583285449944163,0.028936714338579757,0.14163393557895465,0.05153846877289632,4.8215176615146194e-21,Klein_relajada,-1,0.056548741930835,8.763154284629927,-0.5679999999999996,5.112,64798.8084589277,0.15,0.9,0.9775,1.000005039643644,1.0355049599965587,recede,True,True,True,False,False
H1L1V1-GSTLAL_AllSky-1247864269-1.xml,1247864269.0,12.97606896403582,12.485709966502903,25.46177893053872,1.039273617507412,5000.0,0.29474864581859406,7.415344043909317,0.04848842049501437,-0.40354342048276903,0.06866245844577357,1.0156386915570916e-21,Klein_relajada,-1,0.08485929204600633,9.132043320000633,-0.5679999999999996,5.112,349394.268111892,0.15,0.9,0.9775,1.0000275535714285,1.0294748645818594,recede,True,True,True,False,False
H1L1V1-GSTLAL_AllSky-1247877553-1.xml,1247877553.0,48.65169388108094,47.23890129972738,95.89059518080832,1.0299073971341859,844.1836030309491,1.174895764643223,7.431054266680003,0.04883844325354276,-0.1572502417390354,0.26100541802632343,2.6634009974031155e-20,Klein_extrema,1,0.3232575708751847,8.745776774031361,-0.10021202874326818,5.5797879712567315,59225.994369493485,0.15,0.9823570371930865,1.0225,1.000004652054641,1.1174895764643222,recede,True,True,True,False,False
H1L1V1-GSTLAL_AllSky-1248055112-1.xml,1248055112.0,64.50333815849496,37.55967275568224,102.0630109141772,1.717356234120451,824.951373234119,0.5037789676901147,6.827556117663582,0.03329161487015891,0.3399779085716568,0.17399220014206357,1.8204697799716528e-20,Klein_deformada,0,0.19799025175094875,8.740772492738802,-0.5507197665801753,5.129280233419824,58361.31200712768,0.15,0.9030422946161664,1.0,1.0000045460713174,1.0503778967690114,recede,True,True,True,False,False
H1L1V1-GSTLAL_AllSky-1248093189-1.xml,1248093189.0,12.97606896403582,12.485709966502903,25.46177893053872,1.039273617507412,5000.0,0.29474864581859406,7.415344043909317,0.04848842049501437,-0.40354342048276903,0.06866245844577357,1.0156386915570916e-21,Klein_relajada,-1,0.08485929204600633,9.132043320000633,-0.5679999999999996,5.112,349394.268111892,0.15,0.9,0.9775,1.0000275535714285,1.0294748645818594,recede,True,True,True,False,False
H1L1V1-GSTLAL_AllSky-1248104724-1.xml,1248104724.0,40.14895457874496,22.039263878377998,62.18821845712296,1.821701251017453,4016.9478015902805,0.44424308330347667,8.37156975539588,0.03195749713497714,0.056554397699350445,0.1247811655233157,2.3409600926419826e-21,Klein_deformada,0,0.17410237188967279,9.084506411987158,-0.5679999999999996,5.112,281183.4885780458,0.15,0.9,1.0,1.0000221362516353,1.0444243083303477,recede,True,True,True,False,False
H1L1V1-GSTLAL_AllSky-1248192749-1.xml,1248192749.0,40.14895457874496,22.039263878377998,62.18821845712296,1.821701251017453,4016.9478015902805,0.44424308330347667,8.37156975539588,0.03195749713497714,0.056554397699350445,0.1247811655233157,2.3409600926419826e-21,Klein_deformada,0,0.17410237188967279,9.084506411987158,-0.5679999999999996,5.112,281183.4885780458,0.15,0.9,1.0,1.0000221362516353,1.0444243083303477,recede,True,True,True,False,False
H1L1V1-GSTLAL_AllSky-1248199254-1.xml,1248199254.0,48.65169388108094,47.23890129972738,95.89059518080832,1.0299073971341859,844.1836030309491,1.174895764643223,7.431054266680003,0.04883844325354276,-0.1572502417390354,0.26100541802632343,2.6634009974031155e-20,Klein_extrema,1,0.3232575708751847,8.745776774031361,-0.10021202874326818,5.5797879712567315,59225.994369493485,0.15,0.9823570371930865,1.0225,1.000004652054641,1.1174895764643222,recede,True,True,True,False,False
H1L1V1-GSTLAL_AllSky-1248208249-1.xml,1248208249.0,62.60286735927866,46.51053877113954,109.1134061304182,1.3459931665664697,2823.0072945114084,0.6180684287778013,8.389849334700303,0.039717832893637256,-0.09874401337779198,0.2726961977688621,7.503116223513111e-21,Klein_extrema,1,0.38131333557106495,9.007914318004554,-0.3781862014948647,5.301813798505135,197169.00969404916,0.15,0.9334179222720308,1.0225,1.0000155567866265,1.06180684287778,recede,True,True,True,False,False
H1L1V1-GSTLAL_AllSky-1248242631-1.xml,1248242631.0,48.65169388108094,47.23890129972738,95.89059518080832,1.0299073971341859,844.1836030309491,1.174895764643223,7.431054266680003,0.04883844325354276,-0.1572502417390354,0.26100541802632343,2.6634009974031155e-20,Klein_extrema,1,0.3232575708751847,8.745776774031361,-0.10021202874326818,5.5797879712567315,59225.994369493485,0.15,0.9823570371930865,1.0225,1.000004652054641,1.1174895764643222,recede,True,True,True,False,False
H1L1V1-GSTLAL_AllSky-1248331528-1.xml,1248331528.0,64.50333815849496,37.55967275568224,102.0630109141772,1.717356234120451,824.951373234119,0.5037789676901147,6.827556117663582,0.03329161487015891,0.3399779085716568,0.17399220014206357,1.8204697799716528e-20,Klein_deformada,0,0.19799025175094875,8.740772492738802,-0.5507197665801753,5.129280233419824,58361.31200712768,0.15,0.9030422946161664,1.0,1.0000045460713174,1.0503778967690114,recede,True,True,True,False,False
H1L1V1-GSTLAL_AllSky-1248365183-1.xml,1248365183.0,40.14895457874496,22.039263878377998,62.18821845712296,1.821701251017453,4016.9478015902805,0.44424308330347667,8.37156975539588,0.03195749713497714,0.056554397699350445,0.1247811655233157,2.3409600926419826e-21,Klein_deformada,0,0.17410237188967279,9.084506411987158,-0.5679999999999996,5.112,281183.4885780458,0.15,0.9,1.0,1.0000221362516353,1.0444243083303477,recede,True,True,True,False,False
H1L1V1-GSTLAL_AllSky-1248387022-1.xml,1248387022.0,48.65169388108094,47.23890129972738,95.89059518080832,1.0299073971341859,844.1836030309491,1.174895764643223,7.431054266680003,0.04883844325354276,-0.1572502417390354,0.26100541802632343,2.6634009974031155e-20,Klein_extrema,1,0.3232575708751847,8.745776774031361,-0.10021202874326818,5.5797879712567315,59225.994369493485,0.15,0.9823570371930865,1.0225,1.000004652054641,1.1174895764643222,recede,True,True,True,False,False
H1L1V1-GSTLAL_AllSky-1248388469-1.xml,1248388469.0,24.482311263375834,11.590363368568546,36.07267463194438,2.1122988542161205,914.5173170977621,0.35504959996558577,6.583285449944163,0.028936714338579757,0.14163393557895465,0.05153846877289632,4.8215176615146194e-21,Klein_relajada,-1,0.056548741930835,8.763154284629927,-0.5679999999999996,5.112,64798.8084589277,0.15,0.9,0.9775,1.000005039643644,1.0355049599965587,recede,True,True,True,False,False
H1L1V1-GSTLAL_AllSky-1248447227-1.xml,1248447227.0,24.482311263375834,11.590363368568546,36.07267463194438,2.1122988542161205,914.5173170977621,0.35504959996558577,6.583285449944163,0.028936714338579757,0.14163393557895465,0.05153846877289632,4.8215176615146194e-21,Klein_relajada,-1,0.056548741930835,8.763154284629927,-0.5679999999999996,5.112,64798.8084589277,0.15,0.9,0.9775,1.000005039643644,1.0355049599965587,recede,True,True,True,False,False
H1L1V1-GSTLAL_AllSky-1248515038-1.xml,1248515038.0,64.50333815849496,37.55967275568224,102.0630109141772,1.717356234120451,824.951373234119,0.5037789676901147,6.827556117663582,0.03329161487015891,0.3399779085716568,0.17399220014206357,1.8204697799716528e-20,Klein_deformada,0,0.19799025175094875,8.740772492738802,-0.5507197665801753,5.129280233419824,58361.31200712768,0.15,0.9030422946161664,1.0,1.0000045460713174,1.0503778967690114,recede,True,True,True,False,False
H1L1V1-GSTLAL_AllSky-1248524521-1.xml,1248524521.0,35.939758353496224,24.044081773185297,59.98384012668152,1.4947444736100237,1635.8063865228316,0.8412406963956405,8.634321816931621,0.03676042675267046,0.5754435910326925,0.1427921408770106,7.105011276458519e-21,Klein_deformada,1,0.20548554954345766,8.889424267548957,-0.26678724222460115,5.413212757775399,114720.90273469288,0.15,0.9530304151013026,1.0225,1.000009014461623,1.084124069639564,recede,True,True,True,False,False
H1L1V1-GSTLAL_AllSky-1248617394-1.xml,1248617394.0,64.50333815849496,37.55967275568224,102.0630109141772,1.717356234120451,824.951373234119,0.5037789676901147,6.827556117663582,0.03329161487015891,0.3399779085716568,0.17399220014206357,1.8204697799716528e-20,Klein_deformada,0,0.19799025175094875,8.740772492738802,-0.5507197665801753,5.129280233419824,58361.31200712768,0.15,0.9030422946161664,1.0,1.0000045460713174,1.0503778967690114,recede,True,True,True,False,False
H1L1V1-GSTLAL_AllSky-1248711176-1.xml,1248711176.0,40.14895457874496,22.039263878377998,62.18821845712296,1.821701251017453,4016.9478015902805,0.44424308330347667,8.37156975539588,0.03195749713497714,0.056554397699350445,0.1247811655233157,2.3409600926419826e-21,Klein_deformada,0,0.17410237188967279,9.084506411987158,-0.5679999999999996,5.112,281183.4885780458,0.15,0.9,1.0,1.0000221362516353,1.0444243083303477,recede,True,True,True,False,False
H1L1V1-GSTLAL_AllSky-1248741664-1.xml,1248741664.0,24.482311263375834,11.590363368568546,36.07267463194438,2.1122988542161205,914.5173170977621,0.35504959996558577,6.583285449944163,0.028936714338579757,0.14163393557895465,0.05153846877289632,4.8215176615146194e-21,Klein_relajada,-1,0.056548741930835,8.763154284629927,-0.5679999999999996,5.112,64798.8084589277,0.15,0.9,0.9775,1.000005039643644,1.0355049599965587,recede,True,True,True,False,False
H1L1V1-GSTLAL_AllSky-1248756237-1.xml,1248756237.0,64.50333815849496,37.55967275568224,102.0630109141772,1.717356234120451,824.951373234119,0.5037789676901147,6.827556117663582,0.03329161487015891,0.3399779085716568,0.17399220014206357,1.8204697799716528e-20,Klein_deformada,0,0.19799025175094875,8.740772492738802,-0.5507197665801753,5.129280233419824,58361.31200712768,0.15,0.9030422946161664,1.0,1.0000045460713174,1.0503778967690114,recede,True,True,True,False,False
H1L1V1-GSTLAL_AllSky-1248798387-1.xml,1248798387.0,62.60286735927866,46.51053877113954,109.1134061304182,1.3459931665664697,2823.0072945114084,0.6180684287778013,8.389849334700303,0.039717832893637256,-0.09874401337779198,0.2726961977688621,7.503116223513111e-21,Klein_extrema,1,0.38131333557106495,9.007914318004554,-0.3781862014948647,5.301813798505135,197169.00969404916,0.15,0.9334179222720308,1.0225,1.0000155567866265,1.06180684287778,recede,True,True,True,False,False
H1L1V1-GSTLAL_AllSky-1248810728-1.xml,1248810728.0,62.60286735927866,46.51053877113954,109.1134061304182,1.3459931665664697,2823.0072945114084,0.6180684287778013,8.389849334700303,0.039717832893637256,-0.09874401337779198,0.2726961977688621,7.503116223513111e-21,Klein_extrema,1,0.38131333557106495,9.007914318004554,-0.3781862014948647,5.301813798505135,197169.00969404916,0.15,0.9334179222720308,1.0225,1.0000155567866265,1.06180684287778,recede,True,True,True,False,False
H1L1V1-GSTLAL_AllSky-1248834439-1.xml,1248834439.0,40.14895457874496,22.039263878377998,62.18821845712296,1.821701251017453,4016.9478015902805,0.44424308330347667,8.37156975539588,0.03195749713497714,0.056554397699350445,0.1247811655233157,2.3409600926419826e-21,Klein_deformada,0,0.17410237188967279,9.084506411987158,-0.5679999999999996,5.112,281183.4885780458,0.15,0.9,1.0,1.0000221362516353,1.0444243083303477,recede,True,True,True,False,False
H1L1V1-GSTLAL_AllSky-1248845595-1.xml,1248845595.0,52.164203388491856,41.68910681569811,93.85331020418997,1.251266994495774,1876.2847387220042,0.42175959903995486,6.140792287287429,0.041967597783652,0.1584176580676474,0.1814050516178141,7.777427318517863e-21,Klein_deformada,0,0.18566179030827512,8.919207690896824,-0.5679999999999996,5.112,131513.036682047,0.15,0.9,1.0,1.0000103396691138,1.0421759599039955,recede,True,True,True,False,False
H1L1V1-GSTLAL_AllSky-1248858246-1.xml,1248858246.0,40.14895457874496,22.039263878377998,62.18821845712296,1.821701251017453,4016.9478015902805,0.44424308330347667,8.37156975539588,0.03195749713497714,0.056554397699350445,0.1247811655233157,2.3409600926419826e-21,Klein_deformada,0,0.17410237188967279,9.084506411987158,-0.5679999999999996,5.112,281183.4885780458,0.15,0.9,1.0,1.0000221362516353,1.0444243083303477,recede,True,True,True,False,False
H1L1V1-GSTLAL_AllSky-1248893557-1.xml,1248893557.0,24.482311263375834,11.590363368568546,36.07267463194438,2.1122988542161205,914.5173170977621,0.35504959996558577,6.583285449944163,0.028936714338579757,0.14163393557895465,0.05153846877289632,4.8215176615146194e-21,Klein_relajada,-1,0.056548741930835,8.763154284629927,-0.5679999999999996,5.112,64798.8084589277,0.15,0.9,0.9775,1.000005039643644,1.0355049599965587,recede,True,True,True,False,False
H1L1V1-GSTLAL_AllSky-1248922975-1.xml,1248922975.0,62.60286735927866,46.51053877113954,109.1134061304182,1.3459931665664697,2823.0072945114084,0.6180684287778013,8.389849334700303,0.039717832893637256,-0.09874401337779198,0.2726961977688621,7.503116223513111e-21,Klein_extrema,1,0.38131333557106495,9.007914318004554,-0.3781862014948647,5.301813798505135,197169.00969404916,0.15,0.9334179222720308,1.0225,1.0000155567866265,1.06180684287778,recede,True,True,True,False,False
H1L1V1-GSTLAL_AllSky-1248938850-1.xml,1248938850.0,40.14895457874496,22.039263878377998,62.18821845712296,1.821701251017453,4016.9478015902805,0.44424308330347667,8.37156975539588,0.03195749713497714,0.056554397699350445,0.1247811655233157,2.3409600926419826e-21,Klein_deformada,0,0.17410237188967279,9.084506411987158,-0.5679999999999996,5.112,281183.4885780458,0.15,0.9,1.0,1.0000221362516353,1.0444243083303477,recede,True,True,True,False,False
H1L1V1-GSTLAL_AllSky-1249010427-1.xml,1249010427.0,35.939758353496224,24.044081773185297,59.98384012668152,1.4947444736100237,1635.8063865228316,0.8412406963956405,8.634321816931621,0.03676042675267046,0.5754435910326925,0.1427921408770106,7.105011276458519e-21,Klein_deformada,1,0.20548554954345766,8.889424267548957,-0.26678724222460115,5.413212757775399,114720.90273469288,0.15,0.9530304151013026,1.0225,1.000009014461623,1.084124069639564,recede,True,True,True,False,False
H1L1V1-GSTLAL_AllSky-1249032684-1.xml,1249032684.0,35.939758353496224,24.044081773185297,59.98384012668152,1.4947444736100237,1635.8063865228316,0.8412406963956405,8.634321816931621,0.03676042675267046,0.5754435910326925,0.1427921408770106,7.105011276458519e-21,Klein_deformada,1,0.20548554954345766,8.889424267548957,-0.26678724222460115,5.413212757775399,114720.90273469288,0.15,0.9530304151013026,1.0225,1.000009014461623,1.084124069639564,recede,True,True,True,False,False
H1L1V1-GSTLAL_AllSky-1249059066-1.xml,1249059066.0,24.482311263375834,11.590363368568546,36.07267463194438,2.1122988542161205,914.5173170977621,0.35504959996558577,6.583285449944163,0.028936714338579757,0.14163393557895465,0.05153846877289632,4.8215176615146194e-21,Klein_relajada,-1,0.056548741930835,8.763154284629927,-0.5679999999999996,5.112,64798.8084589277,0.15,0.9,0.9775,1.000005039643644,1.0355049599965587,recede,True,True,True,False,False
H1L1V1-GSTLAL_AllSky-1249064938-1.xml,1249064938.0,71.4323261803651,14.38589163932651,85.81821781969161,4.965443086272911,500.0,0.42215132424313295,6.394596153851575,0.018055675859135506,-0.27029345072192773,0.07431348465339395,1.3391330211552149e-20,Klein_relajada,-1,0.07920078719065017,8.632043320000633,-0.5016124823721491,5.178387517627851,34706.60431652543,0.11576877066242085,0.91168794324434,0.9826346844006368,1.0000021265620611,1.0422151324243134,recede,True,True,True,True,True
H1L1V1-GSTLAL_AllSky-1249495257-1.xml,1249495257.0,62.60286735927866,46.51053877113954,109.1134061304182,1.3459931665664697,2823.0072945114084,0.6180684287778013,8.389849334700303,0.039717832893637256,-0.09874401337779198,0.2726961977688621,7.503116223513111e-21,Klein_extrema,1,0.38131333557106495,9.007914318004554,-0.3781862014948647,5.301813798505135,197169.00969404916,0.15,0.9334179222720308,1.0225,1.0000155567866265,1.06180684287778,recede,True,True,True,False,False
H1L1V1-GSTLAL_AllSky-1249208954-1.xml,1249208954.0,24.482311263375834,11.590363368568546,36.07267463194438,2.1122988542161205,914.5173170977621,0.35504959996558577,6.583285449944163,0.028936714338579757,0.14163393557895465,0.05153846877289632,4.8215176615146194e-21,Klein_relajada,-1,0.056548741930835,8.763154284629927,-0.5679999999999996,5.112,64798.8084589277,0.15,0.9,0.9775,1.000005039643644,1.0355049599965587,recede,True,True,True,False,False
H1L1V1-GSTLAL_AllSky-1249368804-1.xml,1249368804.0,35.939758353496224,24.044081773185297,59.98384012668152,1.4947444736100237,1635.8063865228316,0.8412406963956405,8.634321816931621,0.03676042675267046,0.5754435910326925,0.1427921408770106,7.105011276458519e-21,Klein_deformada,1,0.20548554954345766,8.889424267548957,-0.26678724222460115,5.413212757775399,114720.90273469288,0.15,0.9530304151013026,1.0225,1.000009014461623,1.084124069639564,recede,True,True,True,False,False
H1L1V1-GSTLAL_AllSky-1249445272-1.xml,1249445272.0,52.164203388491856,41.68910681569811,93.85331020418997,1.251266994495774,1876.2847387220042,0.42175959903995486,6.140792287287429,0.041967597783652,0.1584176580676474,0.1814050516178141,7.777427318517863e-21,Klein_deformada,0,0.18566179030827512,8.919207690896824,-0.5679999999999996,5.112,131513.036682047,0.15,0.9,1.0,1.0000103396691138,1.0421759599039955,recede,True,True,True,False,False
H1L1V1-GSTLAL_AllSky-1249416034-1.xml,1249416034.0,24.482311263375834,11.590363368568546,36.07267463194438,2.1122988542161205,914.5173170977621,0.35504959996558577,6.583285449944163,0.028936714338579757,0.14163393557895465,0.05153846877289632,4.8215176615146194e-21,Klein_relajada,-1,0.056548741930835,8.763154284629927,-0.5679999999999996,5.112,64798.8084589277,0.15,0.9,0.9775,1.000005039643644,1.0355049599965587,recede,True,True,True,False,False
H1L1V1-GSTLAL_AllSky-1249479778-1.xml,1249479778.0,52.164203388491856,41.68910681569811,93.85331020418997,1.251266994495774,1876.2847387220042,0.42175959903995486,6.140792287287429,0.041967597783652,0.1584176580676474,0.1814050516178141,7.777427318517863e-21,Klein_deformada,0,0.18566179030827512,8.919207690896824,-0.5679999999999996,5.112,131513.036682047,0.15,0.9,1.0,1.0000103396691138,1.0421759599039955,recede,True,True,True,False,False
H1L1V1-GSTLAL_AllSky-1249288507-1.xml,1249288507.0,62.60286735927866,46.51053877113954,109.1134061304182,1.3459931665664697,2823.0072945114084,0.6180684287778013,8.389849334700303,0.039717832893637256,-0.09874401337779198,0.2726961977688621,7.503116223513111e-21,Klein_extrema,1,0.38131333557106495,9.007914318004554,-0.3781862014948647,5.301813798505135,197169.00969404916,0.15,0.9334179222720308,1.0225,1.0000155567866265,1.06180684287778,recede,True,True,True,False,False
H1L1V1-GSTLAL_AllSky-1249545668-1.xml,1249545668.0,35.939758353496224,24.044081773185297,59.98384012668152,1.4947444736100237,1635.8063865228316,0.8412406963956405,8.634321816931621,0.03676042675267046,0.5754435910326925,0.1427921408770106,7.105011276458519e-21,Klein_deformada,1,0.20548554954345766,8.889424267548957,-0.26678724222460115,5.413212757775399,114720.90273469288,0.15,0.9530304151013026,1.0225,1.000009014461623,1.084124069639564,recede,True,True,True,False,False
H1L1V1-GSTLAL_AllSky-1249522885-1.xml,1249522885.0,37.812946043538496,26.947253079924,64.7601991234625,1.4032208007023008,1001.5721720013249,1.2146366574814416,6.577435855620385,0.038505848815796,0.2894803939692142,0.12301349613135484,1.0426269502403977e-20,Klein_deformada,0,0.1348522300299321,8.782899442561847,-0.20358334115452603,5.476416658845474,70107.93735444783,0.15,0.9641578624727948,1.0,1.0000055193780764,1.121463665748144,recede,True,True,True,False,False
H1L1V1-GSTLAL_AllSky-1249597807-1.xml,1249597807.0,62.60286735927866,46.51053877113954,109.1134061304182,1.3459931665664697,2823.0072945114084,0.6180684287778013,8.389849334700303,0.039717832893637256,-0.09874401337779198,0.2726961977688621,7.503116223513111e-21,Klein_extrema,1,0.38131333557106495,9.007914318004554,-0.3781862014948647,5.301813798505135,197169.00969404916,0.15,0.9334179222720308,1.0225,1.0000155567866265,1.06180684287778,recede,True,True,True,False,False
H1L1V1-GSTLAL_AllSky-1249631843-1.xml,1249631843.0,52.164203388491856,41.68910681569811,93.85331020418997,1.251266994495774,1876.2847387220042,0.42175959903995486,6.140792287287429,0.041967597783652,0.1584176580676474,0.1814050516178141,7.777427318517863e-21,Klein_deformada,0,0.18566179030827512,8.919207690896824,-0.5679999999999996,5.112,131513.036682047,0.15,0.9,1.0,1.0000103396691138,1.0421759599039955,recede,True,True,True,False,False
H1L1V1-GSTLAL_AllSky-1249639075-1.xml,1249639075.0,71.4323261803651,14.38589163932651,85.81821781969161,4.965443086272911,500.0,0.42215132424313295,6.394596153851575,0.018055675859135506,-0.27029345072192773,0.07431348465339395,1.3391330211552149e-20,Klein_relajada,-1,0.07920078719065017,8.632043320000633,-0.5016124823721491,5.178387517627851,34706.60431652543,0.11576877066242085,0.91168794324434,0.9826346844006368,1.0000021265620611,1.0422151324243134,recede,True,True,True,True,True
H1L1V1-GSTLAL_AllSky-1249701924-1.xml,1249701924.0,62.60286735927866,46.51053877113954,109.1134061304182,1.3459931665664697,2823.0072945114084,0.6180684287778013,8.389849334700303,0.039717832893637256,-0.09874401337779198,0.2726961977688621,7.503116223513111e-21,Klein_extrema,1,0.38131333557106495,9.007914318004554,-0.3781862014948647,5.301813798505135,197169.00969404916,0.15,0.9334179222720308,1.0225,1.0000155567866265,1.06180684287778,recede,True,True,True,False,False
H1L1V1-GSTLAL_AllSky-1249702996-1.xml,1249702996.0,71.4323261803651,14.38589163932651,85.81821781969161,4.965443086272911,500.0,0.42215132424313295,6.394596153851575,0.018055675859135506,-0.27029345072192773,0.07431348465339395,1.3391330211552149e-20,Klein_relajada,-1,0.07920078719065017,8.632043320000633,-0.5016124823721491,5.178387517627851,34706.60431652543,0.11576877066242085,0.91168794324434,0.9826346844006368,1.0000021265620611,1.0422151324243134,recede,True,True,True,True,True
H1L1V1-GSTLAL_AllSky-1249783724-1.xml,1249783724.0,35.939758353496224,24.044081773185297,59.98384012668152,1.4947444736100237,1635.8063865228316,0.8412406963956405,8.634321816931621,0.03676042675267046,0.5754435910326925,0.1427921408770106,7.105011276458519e-21,Klein_deformada,1,0.20548554954345766,8.889424267548957,-0.26678724222460115,5.413212757775399,114720.90273469288,0.15,0.9530304151013026,1.0225,1.000009014461623,1.084124069639564,recede,True,True,True,False,False
H1L1V1-GSTLAL_AllSky-1249792679-1.xml,1249792679.0,52.164203388491856,41.68910681569811,93.85331020418997,1.251266994495774,1876.2847387220042,0.42175959903995486,6.140792287287429,0.041967597783652,0.1584176580676474,0.1814050516178141,7.777427318517863e-21,Klein_deformada,0,0.18566179030827512,8.919207690896824,-0.5679999999999996,5.112,131513.036682047,0.15,0.9,1.0,1.0000103396691138,1.0421759599039955,recede,True,True,True,False,False
H1L1V1-GSTLAL_AllSky-1249852257-1.xml,1249852257.0,41.788332387766616,14.440506978175456,56.22883936594207,2.893827235492706,1231.256390555276,0.24524826302380823,9.142529661526394,0.02382252523903334,0.11971909742367548,0.09184902623448969,6.221524981632543e-21,Klein_relajada,0,0.13995540778852297,8.827732566641576,-0.5679999999999996,5.112,87021.13554566387,0.15,0.9,1.0,1.0000067851021808,1.0245248263023807,recede,True,True,True,False,False
H1L1V1-GSTLAL_AllSky-1249990224-1.xml,1249990224.0,35.939758353496224,24.044081773185297,59.98384012668152,1.4947444736100237,1635.8063865228316,0.8412406963956405,8.634321816931621,0.03676042675267046,0.5754435910326925,0.1427921408770106,7.105011276458519e-21,Klein_deformada,1,0.20548554954345766,8.889424267548957,-0.26678724222460115,5.413212757775399,114720.90273469288,0.15,0.9530304151013026,1.0225,1.000009014461623,1.084124069639564,recede,True,True,True,False,False
H1L1V1-GSTLAL_AllSky-1250035141-1.xml,1250035141.0,71.4323261803651,14.38589163932651,85.81821781969161,4.965443086272911,500.0,0.42215132424313295,6.394596153851575,0.018055675859135506,-0.27029345072192773,0.07431348465339395,1.3391330211552149e-20,Klein_relajada,-1,0.07920078719065017,8.632043320000633,-0.5016124823721491,5.178387517627851,34706.60431652543,0.11576877066242085,0.91168794324434,0.9826346844006368,1.0000021265620611,1.0422151324243134,recede,True,True,True,True,True
H1L1V1-GSTLAL_AllSky-1250088168-1.xml,1250088168.0,37.812946043538496,26.947253079924,64.7601991234625,1.4032208007023008,1001.5721720013249,1.2146366574814416,6.577435855620385,0.038505848815796,0.2894803939692142,0.12301349613135484,1.0426269502403977e-20,Klein_deformada,0,0.1348522300299321,8.782899442561847,-0.20358334115452603,5.476416658845474,70107.93735444783,0.15,0.9641578624727948,1.0,1.0000055193780764,1.121463665748144,recede,True,True,True,False,False
H1L1V1-GSTLAL_AllSky-1250115195-1.xml,1250115195.0,35.939758353496224,24.044081773185297,59.98384012668152,1.4947444736100237,1635.8063865228316,0.8412406963956405,8.634321816931621,0.03676042675267046,0.5754435910326925,0.1427921408770106,7.105011276458519e-21,Klein_deformada,1,0.20548554954345766,8.889424267548957,-0.26678724222460115,5.413212757775399,114720.90273469288,0.15,0.9530304151013026,1.0225,1.000009014461623,1.084124069639564,recede,True,True,True,False,False
H1L1V1-GSTLAL_AllSky-1250164956-1.xml,1250164956.0,37.812946043538496,26.947253079924,64.7601991234625,1.4032208007023008,1001.5721720013249,1.2146366574814416,6.577435855620385,0.038505848815796,0.2894803939692142,0.12301349613135484,1.0426269502403977e-20,Klein_deformada,0,0.1348522300299321,8.782899442561847,-0.20358334115452603,5.476416658845474,70107.93735444783,0.15,0.9641578624727948,1.0,1.0000055193780764,1.121463665748144,recede,True,True,True,False,False
H1L1V1-GSTLAL_AllSky-1250205962-1.xml,1250205962.0,52.164203388491856,41.68910681569811,93.85331020418997,1.251266994495774,1876.2847387220042,0.42175959903995486,6.140792287287429,0.041967597783652,0.1584176580676474,0.1814050516178141,7.777427318517863e-21,Klein_deformada,0,0.18566179030827512,8.919207690896824,-0.5679999999999996,5.112,131513.036682047,0.15,0.9,1.0,1.0000103396691138,1.0421759599039955,recede,True,True,True,False,False
H1L1V1-GSTLAL_AllSky-1250206646-1.xml,1250206646.0,71.4323261803651,14.38589163932651,85.81821781969161,4.965443086272911,500.0,0.42215132424313295,6.394596153851575,0.018055675859135506,-0.27029345072192773,0.07431348465339395,1.3391330211552149e-20,Klein_relajada,-1,0.07920078719065017,8.632043320000633,-0.5016124823721491,5.178387517627851,34706.60431652543,0.11576877066242085,0.91168794324434,0.9826346844006368,1.0000021265620611,1.0422151324243134,recede,True,True,True,True,True
H1L1V1-GSTLAL_AllSky-1250207104-1.xml,1250207104.0,24.1280434259013,17.716055355079497,41.8440987809808,1.3619309119500678,2516.585825716459,0.4904205658069487,6.388553673498871,0.039370065433588244,-0.02869700678009568,0.07893401002846406,2.460397461446301e-21,Klein_relajada,-1,0.08404569328855681,8.98296419092133,-0.5679999999999996,5.112,176172.14789978726,0.15,0.9,0.9775,1.000013868185461,1.0490420565806948,recede,True,True,True,False,False
H1L1V1-GSTLAL_AllSky-1250229883-1.xml,1250229883.0,37.812946043538496,26.947253079924,64.7601991234625,1.4032208007023008,1001.5721720013249,1.2146366574814416,6.577435855620385,0.038505848815796,0.2894803939692142,0.12301349613135484,1.0426269502403977e-20,Klein_deformada,0,0.1348522300299321,8.782899442561847,-0.20358334115452603,5.476416658845474,70107.93735444783,0.15,0.9641578624727948,1.0,1.0000055193780764,1.121463665748144,recede,True,True,True,False,False
H1L1V1-GSTLAL_AllSky-1250208518-1.xml,1250208518.0,52.164203388491856,41.68910681569811,93.85331020418997,1.251266994495774,1876.2847387220042,0.42175959903995486,6.140792287287429,0.041967597783652,0.1584176580676474,0.1814050516178141,7.777427318517863e-21,Klein_deformada,0,0.18566179030827512,8.919207690896824,-0.5679999999999996,5.112,131513.036682047,0.15,0.9,1.0,1.0000103396691138,1.0421759599039955,recede,True,True,True,False,False
H1L1V1-GSTLAL_AllSky-1250272597-1.xml,1250272597.0,41.788332387766616,14.440506978175456,56.22883936594207,2.893827235492706,1231.256390555276,0.24524826302380823,9.142529661526394,0.02382252523903334,0.11971909742367548,0.09184902623448969,6.221524981632543e-21,Klein_relajada,0,0.13995540778852297,8.827732566641576,-0.5679999999999996,5.112,87021.13554566387,0.15,0.9,1.0,1.0000067851021808,1.0245248263023807,recede,True,True,True,False,False
H1L1V1-GSTLAL_AllSky-1250277603-1.xml,1250277603.0,52.164203388491856,41.68910681569811,93.85331020418997,1.251266994495774,1876.2847387220042,0.42175959903995486,6.140792287287429,0.041967597783652,0.1584176580676474,0.1814050516178141,7.777427318517863e-21,Klein_deformada,0,0.18566179030827512,8.919207690896824,-0.5679999999999996,5.112,131513.036682047,0.15,0.9,1.0,1.0000103396691138,1.0421759599039955,recede,True,True,True,False,False
H1L1V1-GSTLAL_AllSky-1250279095-1.xml,1250279095.0,41.788332387766616,14.440506978175456,56.22883936594207,2.893827235492706,1231.256390555276,0.24524826302380823,9.142529661526394,0.02382252523903334,0.11971909742367548,0.09184902623448969,6.221524981632543e-21,Klein_relajada,0,0.13995540778852297,8.827732566641576,-0.5679999999999996,5.112,87021.13554566387,0.15,0.9,1.0,1.0000067851021808,1.0245248263023807,recede,True,True,True,False,False
H1L1V1-GSTLAL_AllSky-1250330787-1.xml,1250330787.0,71.4323261803651,14.38589163932651,85.81821781969161,4.965443086272911,500.0,0.42215132424313295,6.394596153851575,0.018055675859135506,-0.27029345072192773,0.07431348465339395,1.3391330211552149e-20,Klein_relajada,-1,0.07920078719065017,8.632043320000633,-0.5016124823721491,5.178387517627851,34706.60431652543,0.11576877066242085,0.91168794324434,0.9826346844006368,1.0000021265620611,1.0422151324243134,recede,True,True,True,True,True
H1L1V1-GSTLAL_AllSky-1250367605-1.xml,1250367605.0,26.88314284467303,20.94276661548391,47.82590946015694,1.283648112890545,2109.3852301181414,0.4374471695298238,6.127137766071785,0.041161187866297085,-0.2555502693726087,0.0904628041149948,3.415381141305622e-21,Klein_relajada,-1,0.09237967725295645,8.944636268213655,-0.5679999999999996,5.112,146918.68386420654,0.15,0.9,0.9775,1.0000116242193218,1.0437447169529823,recede,True,True,True,False,False
H1L1V1-GSTLAL_AllSky-1250332698-1.xml,1250332698.0,37.812946043538496,26.947253079924,64.7601991234625,1.4032208007023008,1001.5721720013249,1.2146366574814416,6.577435855620385,0.038505848815796,0.2894803939692142,0.12301349613135484,1.0426269502403977e-20,Klein_deformada,0,0.1348522300299321,8.782899442561847,-0.20358334115452603,5.476416658845474,70107.93735444783,0.15,0.9641578624727948,1.0,1.0000055193780764,1.121463665748144,recede,True,True,True,False,False
H1L1V1-GSTLAL_AllSky-1250400368-1.xml,1250400368.0,41.788332387766616,14.440506978175456,56.22883936594207,2.893827235492706,1231.256390555276,0.24524826302380823,9.142529661526394,0.02382252523903334,0.11971909742367548,0.09184902623448969,6.221524981632543e-21,Klein_relajada,0,0.13995540778852297,8.827732566641576,-0.5679999999999996,5.112,87021.13554566387,0.15,0.9,1.0,1.0000067851021808,1.0245248263023807,recede,True,True,True,False,False
H1L1V1-GSTLAL_AllSky-1250433136-1.xml,1250433136.0,71.4323261803651,14.38589163932651,85.81821781969161,4.965443086272911,500.0,0.42215132424313295,6.394596153851575,0.018055675859135506,-0.27029345072192773,0.07431348465339395,1.3391330211552149e-20,Klein_relajada,-1,0.07920078719065017,8.632043320000633,-0.5016124823721491,5.178387517627851,34706.60431652543,0.11576877066242085,0.91168794324434,0.9826346844006368,1.0000021265620611,1.0422151324243134,recede,True,True,True,True,True
H1L1V1-GSTLAL_AllSky-1250474892-1.xml,1250474892.0,24.1280434259013,17.716055355079497,41.8440987809808,1.3619309119500678,2516.585825716459,0.4904205658069487,6.388553673498871,0.039370065433588244,-0.02869700678009568,0.07893401002846406,2.460397461446301e-21,Klein_relajada,-1,0.08404569328855681,8.98296419092133,-0.5679999999999996,5.112,176172.14789978726,0.15,0.9,0.9775,1.000013868185461,1.0490420565806948,recede,True,True,True,False,False
H1L1V1-GSTLAL_AllSky-1250480331-1.xml,1250480331.0,71.4323261803651,14.38589163932651,85.81821781969161,4.965443086272911,500.0,0.42215132424313295,6.394596153851575,0.018055675859135506,-0.27029345072192773,0.07431348465339395,1.3391330211552149e-20,Klein_relajada,-1,0.07920078719065017,8.632043320000633,-0.5016124823721491,5.178387517627851,34706.60431652543,0.11576877066242085,0.91168794324434,0.9826346844006368,1.0000021265620611,1.0422151324243134,recede,True,True,True,True,True
H1L1V1-GSTLAL_AllSky-1250482056-1.xml,1250482056.0,24.1280434259013,17.716055355079497,41.8440987809808,1.3619309119500678,2516.585825716459,0.4904205658069487,6.388553673498871,0.039370065433588244,-0.02869700678009568,0.07893401002846406,2.460397461446301e-21,Klein_relajada,-1,0.08404569328855681,8.98296419092133,-0.5679999999999996,5.112,176172.14789978726,0.15,0.9,0.9775,1.000013868185461,1.0490420565806948,recede,True,True,True,False,False
H1L1V1-GSTLAL_AllSky-1250496091-1.xml,1250496091.0,37.812946043538496,26.947253079924,64.7601991234625,1.4032208007023008,1001.5721720013249,1.2146366574814416,6.577435855620385,0.038505848815796,0.2894803939692142,0.12301349613135484,1.0426269502403977e-20,Klein_deformada,0,0.1348522300299321,8.782899442561847,-0.20358334115452603,5.476416658845474,70107.93735444783,0.15,0.9641578624727948,1.0,1.0000055193780764,1.121463665748144,recede,True,True,True,False,False
H1L1V1-GSTLAL_AllSky-1250500389-1.xml,1250500389.0,15.79547263276105,12.083284234819407,27.878756867580456,1.3072168398757462,1605.1547420487245,0.9248720404284121,7.17162581474583,0.040599361008692395,-0.14647295819956296,0.06087955760601913,3.0920839042195517e-21,Klein_relajada,-1,0.07276756781960543,8.885316770900406,-0.4651016805378978,5.214898319462102,112235.30653039005,0.15,0.9181159013137503,0.9775,1.0000088455491678,1.0924872040428413,recede,True,True,True,False,False
H1L1V1-GSTLAL_AllSky-1250603346-1.xml,1250603346.0,41.788332387766616,14.440506978175456,56.22883936594207,2.893827235492706,1231.256390555276,0.24524826302380823,9.142529661526394,0.02382252523903334,0.11971909742367548,0.09184902623448969,6.221524981632543e-21,Klein_relajada,0,0.13995540778852297,8.827732566641576,-0.5679999999999996,5.112,87021.13554566387,0.15,0.9,1.0,1.0000067851021808,1.0245248263023807,recede,True,True,True,False,False
H1L1V1-GSTLAL_AllSky-1250605428-1.xml,1250605428.0,24.1280434259013,17.716055355079497,41.8440987809808,1.3619309119500678,2516.585825716459,0.4904205658069487,6.388553673498871,0.039370065433588244,-0.02869700678009568,0.07893401002846406,2.460397461446301e-21,Klein_relajada,-1,0.08404569328855681,8.98296419092133,-0.5679999999999996,5.112,176172.14789978726,0.15,0.9,0.9775,1.000013868185461,1.0490420565806948,recede,True,True,True,False,False
H1L1V1-GSTLAL_AllSky-1250606086-1.xml,1250606086.0,37.812946043538496,26.947253079924,64.7601991234625,1.4032208007023008,1001.5721720013249,1.2146366574814416,6.577435855620385,0.038505848815796,0.2894803939692142,0.12301349613135484,1.0426269502403977e-20,Klein_deformada,0,0.1348522300299321,8.782899442561847,-0.20358334115452603,5.476416658845474,70107.93735444783,0.15,0.9641578624727948,1.0,1.0000055193780764,1.121463665748144,recede,True,True,True,False,False
H1L1V1-GSTLAL_AllSky-1250609143-1.xml,1250609143.0,26.88314284467303,20.94276661548391,47.82590946015694,1.283648112890545,2109.3852301181414,0.4374471695298238,6.127137766071785,0.041161187866297085,-0.2555502693726087,0.0904628041149948,3.415381141305622e-21,Klein_relajada,-1,0.09237967725295645,8.944636268213655,-0.5679999999999996,5.112,146918.68386420654,0.15,0.9,0.9775,1.0000116242193218,1.0437447169529823,recede,True,True,True,False,False
H1L1V1-GSTLAL_AllSky-1250610068-1.xml,1250610068.0,37.812946043538496,26.947253079924,64.7601991234625,1.4032208007023008,1001.5721720013249,1.2146366574814416,6.577435855620385,0.038505848815796,0.2894803939692142,0.12301349613135484,1.0426269502403977e-20,Klein_deformada,0,0.1348522300299321,8.782899442561847,-0.20358334115452603,5.476416658845474,70107.93735444783,0.15,0.9641578624727948,1.0,1.0000055193780764,1.121463665748144,recede,True,True,True,False,False
H1L1V1-GSTLAL_AllSky-1250610917-1.xml,1250610917.0,26.88314284467303,20.94276661548391,47.82590946015694,1.283648112890545,2109.3852301181414,0.4374471695298238,6.127137766071785,0.041161187866297085,-0.2555502693726087,0.0904628041149948,3.415381141305622e-21,Klein_relajada,-1,0.09237967725295645,8.944636268213655,-0.5679999999999996,5.112,146918.68386420654,0.15,0.9,0.9775,1.0000116242193218,1.0437447169529823,recede,True,True,True,False,False
H1L1V1-GSTLAL_AllSky-1250620378-1.xml,1250620378.0,41.788332387766616,14.440506978175456,56.22883936594207,2.893827235492706,1231.256390555276,0.24524826302380823,9.142529661526394,0.02382252523903334,0.11971909742367548,0.09184902623448969,6.221524981632543e-21,Klein_relajada,0,0.13995540778852297,8.827732566641576,-0.5679999999999996,5.112,87021.13554566387,0.15,0.9,1.0,1.0000067851021808,1.0245248263023807,recede,True,True,True,False,False
H1L1V1-GSTLAL_AllSky-1250649160-1.xml,1250649160.0,22.917775184611575,14.491934861115578,37.40971004572715,1.5814158291660567,1017.3903862439814,0.8375566251180149,6.006503276809226,0.035293790072338904,-0.05110948471470578,0.05947926894406076,4.956247201490531e-21,Klein_relajada,-1,0.059543737302453034,8.78630213257302,-0.506797735843028,5.173202264156972,71381.48014332431,0.15,0.9107750465065091,0.9775,1.0000056065477356,1.0837556625118014,recede,True,True,True,False,False
H1L1V1-GSTLAL_AllSky-1250652369-1.xml,1250652369.0,24.1280434259013,17.716055355079497,41.8440987809808,1.3619309119500678,2516.585825716459,0.4904205658069487,6.388553673498871,0.039370065433588244,-0.02869700678009568,0.07893401002846406,2.460397461446301e-21,Klein_relajada,-1,0.08404569328855681,8.98296419092133,-0.5679999999999996,5.112,176172.14789978726,0.15,0.9,0.9775,1.000013868185461,1.0490420565806948,recede,True,True,True,False,False
H1L1V1-GSTLAL_AllSky-1250664542-1.xml,1250664542.0,26.88314284467303,20.94276661548391,47.82590946015694,1.283648112890545,2109.3852301181414,0.4374471695298238,6.127137766071785,0.041161187866297085,-0.2555502693726087,0.0904628041149948,3.415381141305622e-21,Klein_relajada,-1,0.09237967725295645,8.944636268213655,-0.5679999999999996,5.112,146918.68386420654,0.15,0.9,0.9775,1.0000116242193218,1.0437447169529823,recede,True,True,True,False,False
H1L1V1-GSTLAL_AllSky-1250684089-1.xml,1250684089.0,41.788332387766616,14.440506978175456,56.22883936594207,2.893827235492706,1231.256390555276,0.24524826302380823,9.142529661526394,0.02382252523903334,0.11971909742367548,0.09184902623448969,6.221524981632543e-21,Klein_relajada,0,0.13995540778852297,8.827732566641576,-0.5679999999999996,5.112,87021.13554566387,0.15,0.9,1.0,1.0000067851021808,1.0245248263023807,recede,True,True,True,False,False
H1L1V1-GSTLAL_AllSky-1250724941-1.xml,1250724941.0,15.79547263276105,12.083284234819407,27.878756867580456,1.3072168398757462,1605.1547420487245,0.9248720404284121,7.17162581474583,0.040599361008692395,-0.14647295819956296,0.06087955760601913,3.0920839042195517e-21,Klein_relajada,-1,0.07276756781960543,8.885316770900406,-0.4651016805378978,5.214898319462102,112235.30653039005,0.15,0.9181159013137503,0.9775,1.0000088455491678,1.0924872040428413,recede,True,True,True,False,False
H1L1V1-GSTLAL_AllSky-1250725634-1.xml,1250725634.0,41.788332387766616,14.440506978175456,56.22883936594207,2.893827235492706,1231.256390555276,0.24524826302380823,9.142529661526394,0.02382252523903334,0.11971909742367548,0.09184902623448969,6.221524981632543e-21,Klein_relajada,0,0.13995540778852297,8.827732566641576,-0.5679999999999996,5.112,87021.13554566387,0.15,0.9,1.0,1.0000067851021808,1.0245248263023807,recede,True,True,True,False,False
H1L1V1-GSTLAL_AllSky-1250728185-1.xml,1250728185.0,15.79547263276105,12.083284234819407,27.878756867580456,1.3072168398757462,1605.1547420487245,0.9248720404284121,7.17162581474583,0.040599361008692395,-0.14647295819956296,0.06087955760601913,3.0920839042195517e-21,Klein_relajada,-1,0.07276756781960543,8.885316770900406,-0.4651016805378978,5.214898319462102,112235.30653039005,0.15,0.9181159013137503,0.9775,1.0000088455491678,1.0924872040428413,recede,True,True,True,False,False
H1L1V1-GSTLAL_AllSky-1250809756-1.xml,1250809756.0,24.1280434259013,17.716055355079497,41.8440987809808,1.3619309119500678,2516.585825716459,0.4904205658069487,6.388553673498871,0.039370065433588244,-0.02869700678009568,0.07893401002846406,2.460397461446301e-21,Klein_relajada,-1,0.08404569328855681,8.98296419092133,-0.5679999999999996,5.112,176172.14789978726,0.15,0.9,0.9775,1.000013868185461,1.0490420565806948,recede,True,True,True,False,False
H1L1V1-GSTLAL_AllSky-1250869903-1.xml,1250869903.0,54.91171492022876,30.773858769850026,85.68557369007878,1.7843623489306202,937.0796098694005,0.24610840358754968,8.258589489185212,0.03241697154390881,0.28873390887143013,0.17204707404195244,1.5674998490468288e-20,Klein_deformada,1,0.236811026221323,8.768446561866863,-0.5639664464246605,5.116033553575339,64967.73849774554,0.15,0.9007101326717147,1.0225,1.000005163977993,1.024610840358755,recede,True,True,True,False,False
H1L1V1-GSTLAL_AllSky-1250896579-1.xml,1250896579.0,26.88314284467303,20.94276661548391,47.82590946015694,1.283648112890545,2109.3852301181414,0.4374471695298238,6.127137766071785,0.041161187866297085,-0.2555502693726087,0.0904628041149948,3.415381141305622e-21,Klein_relajada,-1,0.09237967725295645,8.944636268213655,-0.5679999999999996,5.112,146918.68386420654,0.15,0.9,0.9775,1.0000116242193218,1.0437447169529823,recede,True,True,True,False,False
H1L1V1-GSTLAL_AllSky-1250899130-1.xml,1250899130.0,15.79547263276105,12.083284234819407,27.878756867580456,1.3072168398757462,1605.1547420487245,0.9248720404284121,7.17162581474583,0.040599361008692395,-0.14647295819956296,0.06087955760601913,3.0920839042195517e-21,Klein_relajada,-1,0.07276756781960543,8.885316770900406,-0.4651016805378978,5.214898319462102,112235.30653039005,0.15,0.9181159013137503,0.9775,1.0000088455491678,1.0924872040428413,recede,True,True,True,False,False
H1L1V1-GSTLAL_AllSky-1250901185-1.xml,1250901185.0,24.1280434259013,17.716055355079497,41.8440987809808,1.3619309119500678,2516.585825716459,0.4904205658069487,6.388553673498871,0.039370065433588244,-0.02869700678009568,0.07893401002846406,2.460397461446301e-21,Klein_relajada,-1,0.08404569328855681,8.98296419092133,-0.5679999999999996,5.112,176172.14789978726,0.15,0.9,0.9775,1.000013868185461,1.0490420565806948,recede,True,True,True,False,False
H1L1V1-GSTLAL_AllSky-1250942448-1.xml,1250942448.0,22.917775184611575,14.491934861115578,37.40971004572715,1.5814158291660567,1017.3903862439814,0.8375566251180149,6.006503276809226,0.035293790072338904,-0.05110948471470578,0.05947926894406076,4.956247201490531e-21,Klein_relajada,-1,0.059543737302453034,8.78630213257302,-0.506797735843028,5.173202264156972,71381.48014332431,0.15,0.9107750465065091,0.9775,1.0000056065477356,1.0837556625118014,recede,True,True,True,False,False
H1L1V1-GSTLAL_AllSky-1250946868-1.xml,1250946868.0,24.1280434259013,17.716055355079497,41.8440987809808,1.3619309119500678,2516.585825716459,0.4904205658069487,6.388553673498871,0.039370065433588244,-0.02869700678009568,0.07893401002846406,2.460397461446301e-21,Klein_relajada,-1,0.08404569328855681,8.98296419092133,-0.5679999999999996,5.112,176172.14789978726,0.15,0.9,0.9775,1.000013868185461,1.0490420565806948,recede,True,True,True,False,False
H1L1V1-GSTLAL_AllSky-1251009263-1.xml,1251009263.0,22.917775184611575,14.491934861115578,37.40971004572715,1.5814158291660567,1017.3903862439814,0.8375566251180149,6.006503276809226,0.035293790072338904,-0.05110948471470578,0.05947926894406076,4.956247201490531e-21,Klein_relajada,-1,0.059543737302453034,8.78630213257302,-0.506797735843028,5.173202264156972,71381.48014332431,0.15,0.9107750465065091,0.9775,1.0000056065477356,1.0837556625118014,recede,True,True,True,False,False
H1L1V1-GSTLAL_AllSky-1251010527-1.xml,1251010527.0,26.88314284467303,20.94276661548391,47.82590946015694,1.283648112890545,2109.3852301181414,0.4374471695298238,6.127137766071785,0.041161187866297085,-0.2555502693726087,0.0904628041149948,3.415381141305622e-21,Klein_relajada,-1,0.09237967725295645,8.944636268213655,-0.5679999999999996,5.112,146918.68386420654,0.15,0.9,0.9775,1.0000116242193218,1.0437447169529823,recede,True,True,True,False,False
H1L1V1-GSTLAL_AllSky-1251088785-1.xml,1251088785.0,52.41725373902829,35.26200232672302,87.6792560657513,1.4865081470232988,848.6630894415408,0.5337418478046136,9.063062032013619,0.03690869880538439,0.7331268870739385,0.2199691653222469,2.2317902936638318e-20,Klein_extrema,1,0.3322656984076304,8.746925974829722,-0.4203493738565278,5.259650626143472,59668.578058952444,0.15,0.9259948285463859,1.0225,1.0000046767398107,1.0533741847804614,recede,True,True,True,False,False
H1L1V1-GSTLAL_AllSky-1251176709-1.xml,1251176709.0,15.79547263276105,12.083284234819407,27.878756867580456,1.3072168398757462,1605.1547420487245,0.9248720404284121,7.17162581474583,0.040599361008692395,-0.14647295819956296,0.06087955760601913,3.0920839042195517e-21,Klein_relajada,-1,0.07276756781960543,8.885316770900406,-0.4651016805378978,5.214898319462102,112235.30653039005,0.15,0.9181159013137503,0.9775,1.0000088455491678,1.0924872040428413,recede,True,True,True,False,False
H1L1V1-GSTLAL_AllSky-1251200191-1.xml,1251200191.0,22.917775184611575,14.491934861115578,37.40971004572715,1.5814158291660567,1017.3903862439814,0.8375566251180149,6.006503276809226,0.035293790072338904,-0.05110948471470578,0.05947926894406076,4.956247201490531e-21,Klein_relajada,-1,0.059543737302453034,8.78630213257302,-0.506797735843028,5.173202264156972,71381.48014332431,0.15,0.9107750465065091,0.9775,1.0000056065477356,1.0837556625118014,recede,True,True,True,False,False
H1L1V1-GSTLAL_AllSky-1251211824-1.xml,1251211824.0,26.88314284467303,20.94276661548391,47.82590946015694,1.283648112890545,2109.3852301181414,0.4374471695298238,6.127137766071785,0.041161187866297085,-0.2555502693726087,0.0904628041149948,3.415381141305622e-21,Klein_relajada,-1,0.09237967725295645,8.944636268213655,-0.5679999999999996,5.112,146918.68386420654,0.15,0.9,0.9775,1.0000116242193218,1.0437447169529823,recede,True,True,True,False,False
H1L1V1-GSTLAL_AllSky-1251216775-1.xml,1251216775.0,54.91171492022876,30.773858769850026,85.68557369007878,1.7843623489306202,937.0796098694005,0.24610840358754968,8.258589489185212,0.03241697154390881,0.28873390887143013,0.17204707404195244,1.5674998490468288e-20,Klein_deformada,1,0.236811026221323,8.768446561866863,-0.5639664464246605,5.116033553575339,64967.73849774554,0.15,0.9007101326717147,1.0225,1.000005163977993,1.024610840358755,recede,True,True,True,False,False
H1L1V1-GSTLAL_AllSky-1251225232-1.xml,1251225232.0,26.88314284467303,20.94276661548391,47.82590946015694,1.283648112890545,2109.3852301181414,0.4374471695298238,6.127137766071785,0.041161187866297085,-0.2555502693726087,0.0904628041149948,3.415381141305622e-21,Klein_relajada,-1,0.09237967725295645,8.944636268213655,-0.5679999999999996,5.112,146918.68386420654,0.15,0.9,0.9775,1.0000116242193218,1.0437447169529823,recede,True,True,True,False,False
H1L1V1-GSTLAL_AllSky-1251234216-1.xml,1251234216.0,54.91171492022876,30.773858769850026,85.68557369007878,1.7843623489306202,937.0796098694005,0.24610840358754968,8.258589489185212,0.03241697154390881,0.28873390887143013,0.17204707404195244,1.5674998490468288e-20,Klein_deformada,1,0.236811026221323,8.768446561866863,-0.5639664464246605,5.116033553575339,64967.73849774554,0.15,0.9007101326717147,1.0225,1.000005163977993,1.024610840358755,recede,True,True,True,False,False
H1L1V1-GSTLAL_AllSky-1251252685-1.xml,1251252685.0,15.79547263276105,12.083284234819407,27.878756867580456,1.3072168398757462,1605.1547420487245,0.9248720404284121,7.17162581474583,0.040599361008692395,-0.14647295819956296,0.06087955760601913,3.0920839042195517e-21,Klein_relajada,-1,0.07276756781960543,8.885316770900406,-0.4651016805378978,5.214898319462102,112235.30653039005,0.15,0.9181159013137503,0.9775,1.0000088455491678,1.0924872040428413,recede,True,True,True,False,False
H1L1V1-GSTLAL_AllSky-1251255499-1.xml,1251255499.0,19.535114963799625,14.09253210213156,33.627647065931185,1.3862033325327567,4298.021159684308,1.0277488876051804,6.261578726310721,0.03885579558297215,0.3511958945967668,0.061361701698122675,1.069674718988078e-21,Klein_relajada,-1,0.06403685432719822,9.099192592455417,-0.41591614377567065,5.264083856224329,300335.51444639516,0.15,0.9267753268000579,0.9775,1.000023685166605,1.102774888760518,recede,True,True,True,False,False
H1L1V1-GSTLAL_AllSky-1251266690-1.xml,1251266690.0,22.917775184611575,14.491934861115578,37.40971004572715,1.5814158291660567,1017.3903862439814,0.8375566251180149,6.006503276809226,0.035293790072338904,-0.05110948471470578,0.05947926894406076,4.956247201490531e-21,Klein_relajada,-1,0.059543737302453034,8.78630213257302,-0.506797735843028,5.173202264156972,71381.48014332431,0.15,0.9107750465065091,0.9775,1.0000056065477356,1.0837556625118014,recede,True,True,True,False,False
H1L1V1-GSTLAL_AllSky-1251268203-1.xml,1251268203.0,54.91171492022876,30.773858769850026,85.68557369007878,1.7843623489306202,937.0796098694005,0.24610840358754968,8.258589489185212,0.03241697154390881,0.28873390887143013,0.17204707404195244,1.5674998490468288e-20,Klein_deformada,1,0.236811026221323,8.768446561866863,-0.5639664464246605,5.116033553575339,64967.73849774554,0.15,0.9007101326717147,1.0225,1.000005163977993,1.024610840358755,recede,True,True,True,False,False
H1L1V1-GSTLAL_AllSky-1251307115-1.xml,1251307115.0,15.79547263276105,12.083284234819407,27.878756867580456,1.3072168398757462,1605.1547420487245,0.9248720404284121,7.17162581474583,0.040599361008692395,-0.14647295819956296,0.06087955760601913,3.0920839042195517e-21,Klein_relajada,-1,0.07276756781960543,8.885316770900406,-0.4651016805378978,5.214898319462102,112235.30653039005,0.15,0.9181159013137503,0.9775,1.0000088455491678,1.0924872040428413,recede,True,True,True,False,False
H1L1V1-GSTLAL_AllSky-1251316981-1.xml,1251316981.0,52.41725373902829,35.26200232672302,87.6792560657513,1.4865081470232988,848.6630894415408,0.5337418478046136,9.063062032013619,0.03690869880538439,0.7331268870739385,0.2199691653222469,2.2317902936638318e-20,Klein_extrema,1,0.3322656984076304,8.746925974829722,-0.4203493738565278,5.259650626143472,59668.578058952444,0.15,0.9259948285463859,1.0225,1.0000046767398107,1.0533741847804614,recede,True,True,True,False,False
H1L1V1-GSTLAL_AllSky-1251415879-1.xml,1251415879.0,15.79547263276105,12.083284234819407,27.878756867580456,1.3072168398757462,1605.1547420487245,0.9248720404284121,7.17162581474583,0.040599361008692395,-0.14647295819956296,0.06087955760601913,3.0920839042195517e-21,Klein_relajada,-1,0.07276756781960543,8.885316770900406,-0.4651016805378978,5.214898319462102,112235.30653039005,0.15,0.9181159013137503,0.9775,1.0000088455491678,1.0924872040428413,recede,True,True,True,False,False
H1L1V1-GSTLAL_AllSky-1251428988-1.xml,1251428988.0,52.41725373902829,35.26200232672302,87.6792560657513,1.4865081470232988,848.6630894415408,0.5337418478046136,9.063062032013619,0.03690869880538439,0.7331268870739385,0.2199691653222469,2.2317902936638318e-20,Klein_extrema,1,0.3322656984076304,8.746925974829722,-0.4203493738565278,5.259650626143472,59668.578058952444,0.15,0.9259948285463859,1.0225,1.0000046767398107,1.0533741847804614,recede,True,True,True,False,False
H1L1V1-GSTLAL_AllSky-1251461584-1.xml,1251461584.0,22.917775184611575,14.491934861115578,37.40971004572715,1.5814158291660567,1017.3903862439814,0.8375566251180149,6.006503276809226,0.035293790072338904,-0.05110948471470578,0.05947926894406076,4.956247201490531e-21,Klein_relajada,-1,0.059543737302453034,8.78630213257302,-0.506797735843028,5.173202264156972,71381.48014332431,0.15,0.9107750465065091,0.9775,1.0000056065477356,1.0837556625118014,recede,True,True,True,False,False
H1L1V1-GSTLAL_AllSky-1251461683-1.xml,1251461683.0,64.33866545394005,38.126465661537146,102.46513111547719,1.6875066790900153,842.3459958412664,1.4548358079189134,6.508243497401307,0.03370360988530719,-0.47031546428033777,0.1685689477653172,1.7242178959335105e-20,Klein_deformada,0,0.18284795969290102,8.745303575708169,-0.08629237349656815,5.593707626503432,58860.61201960167,0.15,0.9848076807224352,1.0,1.0000046419281128,1.1454835807918913,recede,True,True,True,False,False
H1L1V1-GSTLAL_AllSky-1251474164-1.xml,1251474164.0,54.91171492022876,30.773858769850026,85.68557369007878,1.7843623489306202,937.0796098694005,0.24610840358754968,8.258589489185212,0.03241697154390881,0.28873390887143013,0.17204707404195244,1.5674998490468288e-20,Klein_deformada,1,0.236811026221323,8.768446561866863,-0.5639664464246605,5.116033553575339,64967.73849774554,0.15,0.9007101326717147,1.0225,1.000005163977993,1.024610840358755,recede,True,True,True,False,False
H1L1V1-GSTLAL_AllSky-1251502439-1.xml,1251502439.0,52.41725373902829,35.26200232672302,87.6792560657513,1.4865081470232988,848.6630894415408,0.5337418478046136,9.063062032013619,0.03690869880538439,0.7331268870739385,0.2199691653222469,2.2317902936638318e-20,Klein_extrema,1,0.3322656984076304,8.746925974829722,-0.4203493738565278,5.259650626143472,59668.578058952444,0.15,0.9259948285463859,1.0225,1.0000046767398107,1.0533741847804614,recede,True,True,True,False,False
H1L1V1-GSTLAL_AllSky-1251588283-1.xml,1251588283.0,22.917775184611575,14.491934861115578,37.40971004572715,1.5814158291660567,1017.3903862439814,0.8375566251180149,6.006503276809226,0.035293790072338904,-0.05110948471470578,0.05947926894406076,4.956247201490531e-21,Klein_relajada,-1,0.059543737302453034,8.78630213257302,-0.506797735843028,5.173202264156972,71381.48014332431,0.15,0.9107750465065091,0.9775,1.0000056065477356,1.0837556625118014,recede,True,True,True,False,False
H1L1V1-GSTLAL_AllSky-1251692745-1.xml,1251692745.0,19.535114963799625,14.09253210213156,33.627647065931185,1.3862033325327567,4298.021159684308,1.0277488876051804,6.261578726310721,0.03885579558297215,0.3511958945967668,0.061361701698122675,1.069674718988078e-21,Klein_relajada,-1,0.06403685432719822,9.099192592455417,-0.41591614377567065,5.264083856224329,300335.51444639516,0.15,0.9267753268000579,0.9775,1.000023685166605,1.102774888760518,recede,True,True,True,False,False
H1L1V1-GSTLAL_AllSky-1251710792-1.xml,1251710792.0,22.917775184611575,14.491934861115578,37.40971004572715,1.5814158291660567,1017.3903862439814,0.8375566251180149,6.006503276809226,0.035293790072338904,-0.05110948471470578,0.05947926894406076,4.956247201490531e-21,Klein_relajada,-1,0.059543737302453034,8.78630213257302,-0.506797735843028,5.173202264156972,71381.48014332431,0.15,0.9107750465065091,0.9775,1.0000056065477356,1.0837556625118014,recede,True,True,True,False,False
H1L1V1-GSTLAL_AllSky-1251750952-1.xml,1251750952.0,19.535114963799625,14.09253210213156,33.627647065931185,1.3862033325327567,4298.021159684308,1.0277488876051804,6.261578726310721,0.03885579558297215,0.3511958945967668,0.061361701698122675,1.069674718988078e-21,Klein_relajada,-1,0.06403685432719822,9.099192592455417,-0.41591614377567065,5.264083856224329,300335.51444639516,0.15,0.9267753268000579,0.9775,1.000023685166605,1.102774888760518,recede,True,True,True,False,False
H1L1V1-GSTLAL_AllSky-1251755572-1.xml,1251755572.0,54.91171492022876,30.773858769850026,85.68557369007878,1.7843623489306202,937.0796098694005,0.24610840358754968,8.258589489185212,0.03241697154390881,0.28873390887143013,0.17204707404195244,1.5674998490468288e-20,Klein_deformada,1,0.236811026221323,8.768446561866863,-0.5639664464246605,5.116033553575339,64967.73849774554,0.15,0.9007101326717147,1.0225,1.000005163977993,1.024610840358755,recede,True,True,True,False,False
H1L1V1-GSTLAL_AllSky-1251783833-1.xml,1251783833.0,19.57121874566084,14.494876084815022,34.06609483047586,1.3502163544649992,1039.0409775915778,0.41536274611355034,8.51316164024061,0.03962488187002396,0.4355761011082212,0.08618714097334326,7.019411521920172e-21,Klein_relajada,0,0.12228751040271256,8.790874655610718,-0.5679999999999996,5.112,72754.53197289209,0.15,0.9,1.0,1.0000057258579587,1.041536274611355,recede,True,True,True,False,False
H1L1V1-GSTLAL_AllSky-1251787804-1.xml,1251787804.0,52.41725373902829,35.26200232672302,87.6792560657513,1.4865081470232988,848.6630894415408,0.5337418478046136,9.063062032013619,0.03690869880538439,0.7331268870739385,0.2199691653222469,2.2317902936638318e-20,Klein_extrema,1,0.3322656984076304,8.746925974829722,-0.4203493738565278,5.259650626143472,59668.578058952444,0.15,0.9259948285463859,1.0225,1.0000046767398107,1.0533741847804614,recede,True,True,True,False,False
H1L1V1-GSTLAL_AllSky-1251835519-1.xml,1251835519.0,19.535114963799625,14.09253210213156,33.627647065931185,1.3862033325327567,4298.021159684308,1.0277488876051804,6.261578726310721,0.03885579558297215,0.3511958945967668,0.061361701698122675,1.069674718988078e-21,Klein_relajada,-1,0.06403685432719822,9.099192592455417,-0.41591614377567065,5.264083856224329,300335.51444639516,0.15,0.9267753268000579,0.9775,1.000023685166605,1.102774888760518,recede,True,True,True,False,False
H1L1V1-GSTLAL_AllSky-1251848820-1.xml,1251848820.0,54.91171492022876,30.773858769850026,85.68557369007878,1.7843623489306202,937.0796098694005,0.24610840358754968,8.258589489185212,0.03241697154390881,0.28873390887143013,0.17204707404195244,1.5674998490468288e-20,Klein_deformada,1,0.236811026221323,8.768446561866863,-0.5639664464246605,5.116033553575339,64967.73849774554,0.15,0.9007101326717147,1.0225,1.000005163977993,1.024610840358755,recede,True,True,True,False,False
H1L1V1-GSTLAL_AllSky-1251849513-1.xml,1251849513.0,64.33866545394005,38.126465661537146,102.46513111547719,1.6875066790900153,842.3459958412664,1.4548358079189134,6.508243497401307,0.03370360988530719,-0.47031546428033777,0.1685689477653172,1.7242178959335105e-20,Klein_deformada,0,0.18284795969290102,8.745303575708169,-0.08629237349656815,5.593707626503432,58860.61201960167,0.15,0.9848076807224352,1.0,1.0000046419281128,1.1454835807918913,recede,True,True,True,False,False
H1L1V1-GSTLAL_AllSky-1251851317-1.xml,1251851317.0,54.91171492022876,30.773858769850026,85.68557369007878,1.7843623489306202,937.0796098694005,0.24610840358754968,8.258589489185212,0.03241697154390881,0.28873390887143013,0.17204707404195244,1.5674998490468288e-20,Klein_deformada,1,0.236811026221323,8.768446561866863,-0.5639664464246605,5.116033553575339,64967.73849774554,0.15,0.9007101326717147,1.0225,1.000005163977993,1.024610840358755,recede,True,True,True,False,False
H1L1V1-GSTLAL_AllSky-1251855654-1.xml,1251855654.0,64.33866545394005,38.126465661537146,102.46513111547719,1.6875066790900153,842.3459958412664,1.4548358079189134,6.508243497401307,0.03370360988530719,-0.47031546428033777,0.1685689477653172,1.7242178959335105e-20,Klein_deformada,0,0.18284795969290102,8.745303575708169,-0.08629237349656815,5.593707626503432,58860.61201960167,0.15,0.9848076807224352,1.0,1.0000046419281128,1.1454835807918913,recede,True,True,True,False,False
H1L1V1-GSTLAL_AllSky-1251858279-1.xml,1251858279.0,52.41725373902829,35.26200232672302,87.6792560657513,1.4865081470232988,848.6630894415408,0.5337418478046136,9.063062032013619,0.03690869880538439,0.7331268870739385,0.2199691653222469,2.2317902936638318e-20,Klein_extrema,1,0.3322656984076304,8.746925974829722,-0.4203493738565278,5.259650626143472,59668.578058952444,0.15,0.9259948285463859,1.0225,1.0000046767398107,1.0533741847804614,recede,True,True,True,False,False
H1L1V1-GSTLAL_AllSky-1251895583-1.xml,1251895583.0,40.64612395942222,23.56760776552943,64.21373172495166,1.7246605749639237,966.121274980128,0.23877733146538985,8.647447295954121,0.03319296943448523,0.34989214762620147,0.13823665058179888,1.2184053979255133e-20,Klein_deformada,0,0.19923235837922187,8.775074140744724,-0.5679999999999996,5.112,68319.15057443589,0.15,0.9,1.0,1.0000053240183118,1.023877733146539,recede,True,True,True,False,False
H1L1V1-GSTLAL_AllSky-1251898102-1.xml,1251898102.0,19.535114963799625,14.09253210213156,33.627647065931185,1.3862033325327567,4298.021159684308,1.0277488876051804,6.261578726310721,0.03885579558297215,0.3511958945967668,0.061361701698122675,1.069674718988078e-21,Klein_relajada,-1,0.06403685432719822,9.099192592455417,-0.41591614377567065,5.264083856224329,300335.51444639516,0.15,0.9267753268000579,0.9775,1.000023685166605,1.102774888760518,recede,True,True,True,False,False
H1L1V1-GSTLAL_AllSky-1251903802-1.xml,1251903802.0,64.33866545394005,38.126465661537146,102.46513111547719,1.6875066790900153,842.3459958412664,1.4548358079189134,6.508243497401307,0.03370360988530719,-0.47031546428033777,0.1685689477653172,1.7242178959335105e-20,Klein_deformada,0,0.18284795969290102,8.745303575708169,-0.08629237349656815,5.593707626503432,58860.61201960167,0.15,0.9848076807224352,1.0,1.0000046419281128,1.1454835807918913,recede,True,True,True,False,False
H1L1V1-GSTLAL_AllSky-1251926900-1.xml,1251926900.0,52.41725373902829,35.26200232672302,87.6792560657513,1.4865081470232988,848.6630894415408,0.5337418478046136,9.063062032013619,0.03690869880538439,0.7331268870739385,0.2199691653222469,2.2317902936638318e-20,Klein_extrema,1,0.3322656984076304,8.746925974829722,-0.4203493738565278,5.259650626143472,59668.578058952444,0.15,0.9259948285463859,1.0225,1.0000046767398107,1.0533741847804614,recede,True,True,True,False,False
H1L1V1-GSTLAL_AllSky-1251937748-1.xml,1251937748.0,19.57121874566084,14.494876084815022,34.06609483047586,1.3502163544649992,1039.0409775915778,0.41536274611355034,8.51316164024061,0.03962488187002396,0.4355761011082212,0.08618714097334326,7.019411521920172e-21,Klein_relajada,0,0.12228751040271256,8.790874655610718,-0.5679999999999996,5.112,72754.53197289209,0.15,0.9,1.0,1.0000057258579587,1.041536274611355,recede,True,True,True,False,False
H1L1V1-GSTLAL_AllSky-1251941333-1.xml,1251941333.0,52.41725373902829,35.26200232672302,87.6792560657513,1.4865081470232988,848.6630894415408,0.5337418478046136,9.063062032013619,0.03690869880538439,0.7331268870739385,0.2199691653222469,2.2317902936638318e-20,Klein_extrema,1,0.3322656984076304,8.746925974829722,-0.4203493738565278,5.259650626143472,59668.578058952444,0.15,0.9259948285463859,1.0225,1.0000046767398107,1.0533741847804614,recede,True,True,True,False,False
H1L1V1-GSTLAL_AllSky-1252028477-1.xml,1252028477.0,19.57121874566084,14.494876084815022,34.06609483047586,1.3502163544649992,1039.0409775915778,0.41536274611355034,8.51316164024061,0.03962488187002396,0.4355761011082212,0.08618714097334326,7.019411521920172e-21,Klein_relajada,0,0.12228751040271256,8.790874655610718,-0.5679999999999996,5.112,72754.53197289209,0.15,0.9,1.0,1.0000057258579587,1.041536274611355,recede,True,True,True,False,False
H1L1V1-GSTLAL_AllSky-1252029826-1.xml,1252029826.0,19.535114963799625,14.09253210213156,33.627647065931185,1.3862033325327567,4298.021159684308,1.0277488876051804,6.261578726310721,0.03885579558297215,0.3511958945967668,0.061361701698122675,1.069674718988078e-21,Klein_relajada,-1,0.06403685432719822,9.099192592455417,-0.41591614377567065,5.264083856224329,300335.51444639516,0.15,0.9267753268000579,0.9775,1.000023685166605,1.102774888760518,recede,True,True,True,False,False
H1L1V1-GSTLAL_AllSky-1252034360-1.xml,1252034360.0,51.93363991388981,41.34231156464681,93.27595147853663,1.2561861673525774,878.4546537518166,0.7194660090260837,7.188801316137816,0.041842413998476304,-0.3610881122216051,0.2104283084882301,2.0564920436286878e-20,Klein_extrema,1,0.2521212168354738,8.754417991793442,-0.3276137181799772,5.3523862818200225,60716.72556883748,0.15,0.9423215284894406,1.0225,1.0000048409126099,1.0719466009026084,recede,True,True,True,False,False
H1L1V1-GSTLAL_AllSky-1252064527-1.xml,1252064527.0,64.33866545394005,38.126465661537146,102.46513111547719,1.6875066790900153,842.3459958412664,1.4548358079189134,6.508243497401307,0.03370360988530719,-0.47031546428033777,0.1685689477653172,1.7242178959335105e-20,Klein_deformada,0,0.18284795969290102,8.745303575708169,-0.08629237349656815,5.593707626503432,58860.61201960167,0.15,0.9848076807224352,1.0,1.0000046419281128,1.1454835807918913,recede,True,True,True,False,False
H1L1V1-GSTLAL_AllSky-1252081065-1.xml,1252081065.0,19.57121874566084,14.494876084815022,34.06609483047586,1.3502163544649992,1039.0409775915778,0.41536274611355034,8.51316164024061,0.03962488187002396,0.4355761011082212,0.08618714097334326,7.019411521920172e-21,Klein_relajada,0,0.12228751040271256,8.790874655610718,-0.5679999999999996,5.112,72754.53197289209,0.15,0.9,1.0,1.0000057258579587,1.041536274611355,recede,True,True,True,False,False
H1L1V1-GSTLAL_AllSky-1252091831-1.xml,1252091831.0,19.535114963799625,14.09253210213156,33.627647065931185,1.3862033325327567,4298.021159684308,1.0277488876051804,6.261578726310721,0.03885579558297215,0.3511958945967668,0.061361701698122675,1.069674718988078e-21,Klein_relajada,-1,0.06403685432719822,9.099192592455417,-0.41591614377567065,5.264083856224329,300335.51444639516,0.15,0.9267753268000579,0.9775,1.000023685166605,1.102774888760518,recede,True,True,True,False,False
H1L1V1-GSTLAL_AllSky-1252113997-1.xml,1252113997.0,40.64612395942222,23.56760776552943,64.21373172495166,1.7246605749639237,966.121274980128,0.23877733146538985,8.647447295954121,0.03319296943448523,0.34989214762620147,0.13823665058179888,1.2184053979255133e-20,Klein_deformada,0,0.19923235837922187,8.775074140744724,-0.5679999999999996,5.112,68319.15057443589,0.15,0.9,1.0,1.0000053240183118,1.023877733146539,recede,True,True,True,False,False
H1L1V1-GSTLAL_AllSky-1252150105-1.xml,1252150105.0,19.535114963799625,14.09253210213156,33.627647065931185,1.3862033325327567,4298.021159684308,1.0277488876051804,6.261578726310721,0.03885579558297215,0.3511958945967668,0.061361701698122675,1.069674718988078e-21,Klein_relajada,-1,0.06403685432719822,9.099192592455417,-0.41591614377567065,5.264083856224329,300335.51444639516,0.15,0.9267753268000579,0.9775,1.000023685166605,1.102774888760518,recede,True,True,True,False,False
H1L1V1-GSTLAL_AllSky-1252261903-1.xml,1252261903.0,64.33866545394005,38.126465661537146,102.46513111547719,1.6875066790900153,842.3459958412664,1.4548358079189134,6.508243497401307,0.03370360988530719,-0.47031546428033777,0.1685689477653172,1.7242178959335105e-20,Klein_deformada,0,0.18284795969290102,8.745303575708169,-0.08629237349656815,5.593707626503432,58860.61201960167,0.15,0.9848076807224352,1.0,1.0000046419281128,1.1454835807918913,recede,True,True,True,False,False
H1L1V1-GSTLAL_AllSky-1252217514-1.xml,1252217514.0,40.64612395942222,23.56760776552943,64.21373172495166,1.7246605749639237,966.121274980128,0.23877733146538985,8.647447295954121,0.03319296943448523,0.34989214762620147,0.13823665058179888,1.2184053979255133e-20,Klein_deformada,0,0.19923235837922187,8.775074140744724,-0.5679999999999996,5.112,68319.15057443589,0.15,0.9,1.0,1.0000053240183118,1.023877733146539,recede,True,True,True,False,False
H1L1V1-GSTLAL_AllSky-1252263825-1.xml,1252263825.0,35.86348469526374,13.352322922509998,49.21580761777374,2.685935990568602,1094.2132047588282,1.027711790909371,8.88129720178816,0.02489238765944387,0.06823205255103115,0.08160350988636948,6.283062246143795e-21,Klein_relajada,0,0.12079083733498429,8.80210929356116,-0.2948611643500003,5.385138835649999,77053.83488908783,0.15,0.9480878231778168,1.0,1.0000060298963391,1.1027711790909371,recede,True,True,True,False,False
H1L1V1-GSTLAL_AllSky-1252264062-1.xml,1252264062.0,19.57121874566084,14.494876084815022,34.06609483047586,1.3502163544649992,1039.0409775915778,0.41536274611355034,8.51316164024061,0.03962488187002396,0.4355761011082212,0.08618714097334326,7.019411521920172e-21,Klein_relajada,0,0.12228751040271256,8.790874655610718,-0.5679999999999996,5.112,72754.53197289209,0.15,0.9,1.0,1.0000057258579587,1.041536274611355,recede,True,True,True,False,False
H1L1V1-GSTLAL_AllSky-1252367731-1.xml,1252367731.0,40.64612395942222,23.56760776552943,64.21373172495166,1.7246605749639237,966.121274980128,0.23877733146538985,8.647447295954121,0.03319296943448523,0.34989214762620147,0.13823665058179888,1.2184053979255133e-20,Klein_deformada,0,0.19923235837922187,8.775074140744724,-0.5679999999999996,5.112,68319.15057443589,0.15,0.9,1.0,1.0000053240183118,1.023877733146539,recede,True,True,True,False,False
H1L1V1-GSTLAL_AllSky-1252402886-1.xml,1252402886.0,64.33866545394005,38.126465661537146,102.46513111547719,1.6875066790900153,842.3459958412664,1.4548358079189134,6.508243497401307,0.03370360988530719,-0.47031546428033777,0.1685689477653172,1.7242178959335105e-20,Klein_deformada,0,0.18284795969290102,8.745303575708169,-0.08629237349656815,5.593707626503432,58860.61201960167,0.15,0.9848076807224352,1.0,1.0000046419281128,1.1454835807918913,recede,True,True,True,False,False
H1L1V1-GSTLAL_AllSky-1252423668-1.xml,1252423668.0,51.93363991388981,41.34231156464681,93.27595147853663,1.2561861673525774,878.4546537518166,0.7194660090260837,7.188801316137816,0.041842413998476304,-0.3610881122216051,0.2104283084882301,2.0564920436286878e-20,Klein_extrema,1,0.2521212168354738,8.754417991793442,-0.3276137181799772,5.3523862818200225,60716.72556883748,0.15,0.9423215284894406,1.0225,1.0000048409126099,1.0719466009026084,recede,True,True,True,False,False
H1L1V1-GSTLAL_AllSky-1252424254-1.xml,1252424254.0,64.33866545394005,38.126465661537146,102.46513111547719,1.6875066790900153,842.3459958412664,1.4548358079189134,6.508243497401307,0.03370360988530719,-0.47031546428033777,0.1685689477653172,1.7242178959335105e-20,Klein_deformada,0,0.18284795969290102,8.745303575708169,-0.08629237349656815,5.593707626503432,58860.61201960167,0.15,0.9848076807224352,1.0,1.0000046419281128,1.1454835807918913,recede,True,True,True,False,False
H1L1V1-GSTLAL_AllSky-1252463616-1.xml,1252463616.0,19.57121874566084,14.494876084815022,34.06609483047586,1.3502163544649992,1039.0409775915778,0.41536274611355034,8.51316164024061,0.03962488187002396,0.4355761011082212,0.08618714097334326,7.019411521920172e-21,Klein_relajada,0,0.12228751040271256,8.790874655610718,-0.5679999999999996,5.112,72754.53197289209,0.15,0.9,1.0,1.0000057258579587,1.041536274611355,recede,True,True,True,False,False
H1L1V1-GSTLAL_AllSky-1252542789-1.xml,1252542789.0,51.93363991388981,41.34231156464681,93.27595147853663,1.2561861673525774,878.4546537518166,0.7194660090260837,7.188801316137816,0.041842413998476304,-0.3610881122216051,0.2104283084882301,2.0564920436286878e-20,Klein_extrema,1,0.2521212168354738,8.754417991793442,-0.3276137181799772,5.3523862818200225,60716.72556883748,0.15,0.9423215284894406,1.0225,1.0000048409126099,1.0719466009026084,recede,True,True,True,False,False
H1L1V1-GSTLAL_AllSky-1252582064-1.xml,1252582064.0,57.44283789187401,29.55040476691951,86.99324265879352,1.9438934371612722,985.3956437015847,0.4713997790364263,7.829700950288885,0.0305772596559682,-0.24606878352759398,0.15620341298465165,1.347549131052486e-20,Klein_deformada,1,0.20383766851404897,8.779363636826147,-0.45147373655660417,5.2285262634433955,68193.6181180904,0.15,0.9205151872259499,1.0225,1.0000054302338508,1.0471399779036425,recede,True,True,True,False,False
H1L1V1-GSTLAL_AllSky-1252612027-1.xml,1252612027.0,40.64612395942222,23.56760776552943,64.21373172495166,1.7246605749639237,966.121274980128,0.23877733146538985,8.647447295954121,0.03319296943448523,0.34989214762620147,0.13823665058179888,1.2184053979255133e-20,Klein_deformada,0,0.19923235837922187,8.775074140744724,-0.5679999999999996,5.112,68319.15057443589,0.15,0.9,1.0,1.0000053240183118,1.023877733146539,recede,True,True,True,False,False
H1L1V1-GSTLAL_AllSky-1252616870-1.xml,1252616870.0,51.93363991388981,41.34231156464681,93.27595147853663,1.2561861673525774,878.4546537518166,0.7194660090260837,7.188801316137816,0.041842413998476304,-0.3610881122216051,0.2104283084882301,2.0564920436286878e-20,Klein_extrema,1,0.2521212168354738,8.754417991793442,-0.3276137181799772,5.3523862818200225,60716.72556883748,0.15,0.9423215284894406,1.0225,1.0000048409126099,1.0719466009026084,recede,True,True,True,False,False
H1L1V1-GSTLAL_AllSky-1252627040-1.xml,1252627040.0,19.57121874566084,14.494876084815022,34.06609483047586,1.3502163544649992,1039.0409775915778,0.41536274611355034,8.51316164024061,0.03962488187002396,0.4355761011082212,0.08618714097334326,7.019411521920172e-21,Klein_relajada,0,0.12228751040271256,8.790874655610718,-0.5679999999999996,5.112,72754.53197289209,0.15,0.9,1.0,1.0000057258579587,1.041536274611355,recede,True,True,True,False,False
H1L1V1-GSTLAL_AllSky-1252674856-1.xml,1252674856.0,35.86348469526374,13.352322922509998,49.21580761777374,2.685935990568602,1094.2132047588282,1.027711790909371,8.88129720178816,0.02489238765944387,0.06823205255103115,0.08160350988636948,6.283062246143795e-21,Klein_relajada,0,0.12079083733498429,8.80210929356116,-0.2948611643500003,5.385138835649999,77053.83488908783,0.15,0.9480878231778168,1.0,1.0000060298963391,1.1027711790909371,recede,True,True,True,False,False
H1L1V1-GSTLAL_AllSky-1252680614-1.xml,1252680614.0,19.57121874566084,14.494876084815022,34.06609483047586,1.3502163544649992,1039.0409775915778,0.41536274611355034,8.51316164024061,0.03962488187002396,0.4355761011082212,0.08618714097334326,7.019411521920172e-21,Klein_relajada,0,0.12228751040271256,8.790874655610718,-0.5679999999999996,5.112,72754.53197289209,0.15,0.9,1.0,1.0000057258579587,1.041536274611355,recede,True,True,True,False,False
H1L1V1-GSTLAL_AllSky-1252699636-1.xml,1252699636.0,40.64612395942222,23.56760776552943,64.21373172495166,1.7246605749639237,966.121274980128,0.23877733146538985,8.647447295954121,0.03319296943448523,0.34989214762620147,0.13823665058179888,1.2184053979255133e-20,Klein_deformada,0,0.19923235837922187,8.775074140744724,-0.5679999999999996,5.112,68319.15057443589,0.15,0.9,1.0,1.0000053240183118,1.023877733146539,recede,True,True,True,False,False
H1L1V1-GSTLAL_AllSky-1252745146-1.xml,1252745146.0,35.86348469526374,13.352322922509998,49.21580761777374,2.685935990568602,1094.2132047588282,1.027711790909371,8.88129720178816,0.02489238765944387,0.06823205255103115,0.08160350988636948,6.283062246143795e-21,Klein_relajada,0,0.12079083733498429,8.80210929356116,-0.2948611643500003,5.385138835649999,77053.83488908783,0.15,0.9480878231778168,1.0,1.0000060298963391,1.1027711790909371,recede,True,True,True,False,False
H1L1V1-GSTLAL_AllSky-1252756008-1.xml,1252756008.0,40.61978926811847,16.870041043085774,57.489830311204244,2.4078061911275896,2043.4254551381289,0.25872754898975364,6.691106054885813,0.026612632755657034,0.12965422073867572,0.07677822093024615,3.0004554842205594e-21,Klein_relajada,-1,0.08562186982495512,8.937737717395047,-0.5679999999999996,5.112,143586.57008158826,0.15,0.9,0.9775,1.0000112607338474,1.0258727548989754,recede,True,True,True,False,False
H1L1V1-GSTLAL_AllSky-1252812489-1.xml,1252812489.0,51.93363991388981,41.34231156464681,93.27595147853663,1.2561861673525774,878.4546537518166,0.7194660090260837,7.188801316137816,0.041842413998476304,-0.3610881122216051,0.2104283084882301,2.0564920436286878e-20,Klein_extrema,1,0.2521212168354738,8.754417991793442,-0.3276137181799772,5.3523862818200225,60716.72556883748,0.15,0.9423215284894406,1.0225,1.0000048409126099,1.0719466009026084,recede,True,True,True,False,False
H1L1V1-GSTLAL_AllSky-1252813043-1.xml,1252813043.0,35.86348469526374,13.352322922509998,49.21580761777374,2.685935990568602,1094.2132047588282,1.027711790909371,8.88129720178816,0.02489238765944387,0.06823205255103115,0.08160350988636948,6.283062246143795e-21,Klein_relajada,0,0.12079083733498429,8.80210929356116,-0.2948611643500003,5.385138835649999,77053.83488908783,0.15,0.9480878231778168,1.0,1.0000060298963391,1.1027711790909371,recede,True,True,True,False,False
H1L1V1-GSTLAL_AllSky-1252829409-1.xml,1252829409.0,40.64612395942222,23.56760776552943,64.21373172495166,1.7246605749639237,966.121274980128,0.23877733146538985,8.647447295954121,0.03319296943448523,0.34989214762620147,0.13823665058179888,1.2184053979255133e-20,Klein_deformada,0,0.19923235837922187,8.775074140744724,-0.5679999999999996,5.112,68319.15057443589,0.15,0.9,1.0,1.0000053240183118,1.023877733146539,recede,True,True,True,False,False
H1L1V1-GSTLAL_AllSky-1252919116-1.xml,1252919116.0,57.44283789187401,29.55040476691951,86.99324265879352,1.9438934371612722,985.3956437015847,0.4713997790364263,7.829700950288885,0.0305772596559682,-0.24606878352759398,0.15620341298465165,1.347549131052486e-20,Klein_deformada,1,0.20383766851404897,8.779363636826147,-0.45147373655660417,5.2285262634433955,68193.6181180904,0.15,0.9205151872259499,1.0225,1.0000054302338508,1.0471399779036425,recede,True,True,True,False,False
H1L1V1-GSTLAL_AllSky-1252939489-1.xml,1252939489.0,40.64612395942222,23.56760776552943,64.21373172495166,1.7246605749639237,966.121274980128,0.23877733146538985,8.647447295954121,0.03319296943448523,0.34989214762620147,0.13823665058179888,1.2184053979255133e-20,Klein_deformada,0,0.19923235837922187,8.775074140744724,-0.5679999999999996,5.112,68319.15057443589,0.15,0.9,1.0,1.0000053240183118,1.023877733146539,recede,True,True,True,False,False
H1L1V1-GSTLAL_AllSky-1252962002-1.xml,1252962002.0,51.93363991388981,41.34231156464681,93.27595147853663,1.2561861673525774,878.4546537518166,0.7194660090260837,7.188801316137816,0.041842413998476304,-0.3610881122216051,0.2104283084882301,2.0564920436286878e-20,Klein_extrema,1,0.2521212168354738,8.754417991793442,-0.3276137181799772,5.3523862818200225,60716.72556883748,0.15,0.9423215284894406,1.0225,1.0000048409126099,1.0719466009026084,recede,True,True,True,False,False
H1L1V1-GSTLAL_AllSky-1252987339-1.xml,1252987339.0,57.44283789187401,29.55040476691951,86.99324265879352,1.9438934371612722,985.3956437015847,0.4713997790364263,7.829700950288885,0.0305772596559682,-0.24606878352759398,0.15620341298465165,1.347549131052486e-20,Klein_deformada,1,0.20383766851404897,8.779363636826147,-0.45147373655660417,5.2285262634433955,68193.6181180904,0.15,0.9205151872259499,1.0225,1.0000054302338508,1.0471399779036425,recede,True,True,True,False,False
H1L1V1-GSTLAL_AllSky-1253103017-1.xml,1253103017.0,39.21704204203233,31.112020786011936,70.32906282804427,1.2605109231498213,668.1586356087105,0.8048319673092074,6.900796819880685,0.041733164120502986,0.641078818663402,0.15190660145698062,1.9981502849430698e-20,Klein_deformada,0,0.1747127653755358,8.694998110739785,-0.4037119783207066,5.276288021679293,46555.175917620974,0.15,0.9289239474787488,1.0,1.0000036820313383,1.0804831967309207,recede,True,True,True,False,False
H1L1V1-GSTLAL_AllSky-1253106426-1.xml,1253106426.0,35.86348469526374,13.352322922509998,49.21580761777374,2.685935990568602,1094.2132047588282,1.027711790909371,8.88129720178816,0.02489238765944387,0.06823205255103115,0.08160350988636948,6.283062246143795e-21,Klein_relajada,0,0.12079083733498429,8.80210929356116,-0.2948611643500003,5.385138835649999,77053.83488908783,0.15,0.9480878231778168,1.0,1.0000060298963391,1.1027711790909371,recede,True,True,True,False,False
H1L1V1-GSTLAL_AllSky-1253202092-1.xml,1253202092.0,57.44283789187401,29.55040476691951,86.99324265879352,1.9438934371612722,985.3956437015847,0.4713997790364263,7.829700950288885,0.0305772596559682,-0.24606878352759398,0.15620341298465165,1.347549131052486e-20,Klein_deformada,1,0.20383766851404897,8.779363636826147,-0.45147373655660417,5.2285262634433955,68193.6181180904,0.15,0.9205151872259499,1.0225,1.0000054302338508,1.0471399779036425,recede,True,True,True,False,False
H1L1V1-GSTLAL_AllSky-1253203571-1.xml,1253203571.0,51.93363991388981,41.34231156464681,93.27595147853663,1.2561861673525774,878.4546537518166,0.7194660090260837,7.188801316137816,0.041842413998476304,-0.3610881122216051,0.2104283084882301,2.0564920436286878e-20,Klein_extrema,1,0.2521212168354738,8.754417991793442,-0.3276137181799772,5.3523862818200225,60716.72556883748,0.15,0.9423215284894406,1.0225,1.0000048409126099,1.0719466009026084,recede,True,True,True,False,False
H1L1V1-GSTLAL_AllSky-1253203662-1.xml,1253203662.0,40.61978926811847,16.870041043085774,57.489830311204244,2.4078061911275896,2043.4254551381289,0.25872754898975364,6.691106054885813,0.026612632755657034,0.12965422073867572,0.07677822093024615,3.0004554842205594e-21,Klein_relajada,-1,0.08562186982495512,8.937737717395047,-0.5679999999999996,5.112,143586.57008158826,0.15,0.9,0.9775,1.0000112607338474,1.0258727548989754,recede,True,True,True,False,False
H1L1V1-GSTLAL_AllSky-1253212855-1.xml,1253212855.0,51.93363991388981,41.34231156464681,93.27595147853663,1.2561861673525774,878.4546537518166,0.7194660090260837,7.188801316137816,0.041842413998476304,-0.3610881122216051,0.2104283084882301,2.0564920436286878e-20,Klein_extrema,1,0.2521212168354738,8.754417991793442,-0.3276137181799772,5.3523862818200225,60716.72556883748,0.15,0.9423215284894406,1.0225,1.0000048409126099,1.0719466009026084,recede,True,True,True,False,False
H1L1V1-GSTLAL_AllSky-1253247782-1.xml,1253247782.0,35.86348469526374,13.352322922509998,49.21580761777374,2.685935990568602,1094.2132047588282,1.027711790909371,8.88129720178816,0.02489238765944387,0.06823205255103115,0.08160350988636948,6.283062246143795e-21,Klein_relajada,0,0.12079083733498429,8.80210929356116,-0.2948611643500003,5.385138835649999,77053.83488908783,0.15,0.9480878231778168,1.0,1.0000060298963391,1.1027711790909371,recede,True,True,True,False,False
H1L1V1-GSTLAL_AllSky-1253255057-1.xml,1253255057.0,40.61978926811847,16.870041043085774,57.489830311204244,2.4078061911275896,2043.4254551381289,0.25872754898975364,6.691106054885813,0.026612632755657034,0.12965422073867572,0.07677822093024615,3.0004554842205594e-21,Klein_relajada,-1,0.08562186982495512,8.937737717395047,-0.5679999999999996,5.112,143586.57008158826,0.15,0.9,0.9775,1.0000112607338474,1.0258727548989754,recede,True,True,True,False,False
H1L1V1-GSTLAL_AllSky-1253326744-1.xml,1253326744.0,24.977194123246615,12.457725000977959,37.43491912422458,2.004956291882013,1145.6308984812674,0.24302880436656257,8.24905249879653,0.02995055960170223,0.08185746174546982,0.06936608302596518,5.081092612645112e-21,Klein_relajada,-1,0.0953674100861776,8.812080677009238,-0.5679999999999996,5.112,80404.46468012464,0.15,0.9,0.9775,1.0000063132445585,1.0243028804366563,recede,True,True,True,False,False
H1L1V1-GSTLAL_AllSky-1253422507-1.xml,1253422507.0,57.44283789187401,29.55040476691951,86.99324265879352,1.9438934371612722,985.3956437015847,0.4713997790364263,7.829700950288885,0.0305772596559682,-0.24606878352759398,0.15620341298465165,1.347549131052486e-20,Klein_deformada,1,0.20383766851404897,8.779363636826147,-0.45147373655660417,5.2285262634433955,68193.6181180904,0.15,0.9205151872259499,1.0225,1.0000054302338508,1.0471399779036425,recede,True,True,True,False,False
H1L1V1-GSTLAL_AllSky-1253463599-1.xml,1253463599.0,40.61978926811847,16.870041043085774,57.489830311204244,2.4078061911275896,2043.4254551381289,0.25872754898975364,6.691106054885813,0.026612632755657034,0.12965422073867572,0.07677822093024615,3.0004554842205594e-21,Klein_relajada,-1,0.08562186982495512,8.937737717395047,-0.5679999999999996,5.112,143586.57008158826,0.15,0.9,0.9775,1.0000112607338474,1.0258727548989754,recede,True,True,True,False,False
H1L1V1-GSTLAL_AllSky-1253466644-1.xml,1253466644.0,35.86348469526374,13.352322922509998,49.21580761777374,2.685935990568602,1094.2132047588282,1.027711790909371,8.88129720178816,0.02489238765944387,0.06823205255103115,0.08160350988636948,6.283062246143795e-21,Klein_relajada,0,0.12079083733498429,8.80210929356116,-0.2948611643500003,5.385138835649999,77053.83488908783,0.15,0.9480878231778168,1.0,1.0000060298963391,1.1027711790909371,recede,True,True,True,False,False
H1L1V1-GSTLAL_AllSky-1253504994-1.xml,1253504994.0,39.21704204203233,31.112020786011936,70.32906282804427,1.2605109231498213,668.1586356087105,0.8048319673092074,6.900796819880685,0.041733164120502986,0.641078818663402,0.15190660145698062,1.9981502849430698e-20,Klein_deformada,0,0.1747127653755358,8.694998110739785,-0.4037119783207066,5.276288021679293,46555.175917620974,0.15,0.9289239474787488,1.0,1.0000036820313383,1.0804831967309207,recede,True,True,True,False,False
H1L1V1-GSTLAL_AllSky-1253509434-1.xml,1253509434.0,35.86348469526374,13.352322922509998,49.21580761777374,2.685935990568602,1094.2132047588282,1.027711790909371,8.88129720178816,0.02489238765944387,0.06823205255103115,0.08160350988636948,6.283062246143795e-21,Klein_relajada,0,0.12079083733498429,8.80210929356116,-0.2948611643500003,5.385138835649999,77053.83488908783,0.15,0.9480878231778168,1.0,1.0000060298963391,1.1027711790909371,recede,True,True,True,False,False
H1L1V1-GSTLAL_AllSky-1253519609-1.xml,1253519609.0,57.44283789187401,29.55040476691951,86.99324265879352,1.9438934371612722,985.3956437015847,0.4713997790364263,7.829700950288885,0.0305772596559682,-0.24606878352759398,0.15620341298465165,1.347549131052486e-20,Klein_deformada,1,0.20383766851404897,8.779363636826147,-0.45147373655660417,5.2285262634433955,68193.6181180904,0.15,0.9205151872259499,1.0225,1.0000054302338508,1.0471399779036425,recede,True,True,True,False,False
H1L1V1-GSTLAL_AllSky-1253597011-1.xml,1253597011.0,39.21704204203233,31.112020786011936,70.32906282804427,1.2605109231498213,668.1586356087105,0.8048319673092074,6.900796819880685,0.041733164120502986,0.641078818663402,0.15190660145698062,1.9981502849430698e-20,Klein_deformada,0,0.1747127653755358,8.694998110739785,-0.4037119783207066,5.276288021679293,46555.175917620974,0.15,0.9289239474787488,1.0,1.0000036820313383,1.0804831967309207,recede,True,True,True,False,False
H1L1V1-GSTLAL_AllSky-1253600861-1.xml,1253600861.0,18.834290199709805,15.194998536934355,34.02928873664416,1.2395058909633623,5000.0,0.7315803187027519,8.007770744496037,0.04227092367339328,-0.25627658392760694,0.08639080168537289,1.277872111957581e-21,Klein_relajada,0,0.11529962238828133,9.132043320000633,-0.43935761595930156,5.240642384040698,350419.3820139849,0.15,0.9226483070494188,1.0,1.0000275535714285,1.0731580318702751,recede,True,True,True,False,False
H1L1V1-GSTLAL_AllSky-1253755327-1.xml,1253755327.0,40.61978926811847,16.870041043085774,57.489830311204244,2.4078061911275896,2043.4254551381289,0.25872754898975364,6.691106054885813,0.026612632755657034,0.12965422073867572,0.07677822093024615,3.0004554842205594e-21,Klein_relajada,-1,0.08562186982495512,8.937737717395047,-0.5679999999999996,5.112,143586.57008158826,0.15,0.9,0.9775,1.0000112607338474,1.0258727548989754,recede,True,True,True,False,False
H1L1V1-GSTLAL_AllSky-1253800416-1.xml,1253800416.0,39.21704204203233,31.112020786011936,70.32906282804427,1.2605109231498213,668.1586356087105,0.8048319673092074,6.900796819880685,0.041733164120502986,0.641078818663402,0.15190660145698062,1.9981502849430698e-20,Klein_deformada,0,0.1747127653755358,8.694998110739785,-0.4037119783207066,5.276288021679293,46555.175917620974,0.15,0.9289239474787488,1.0,1.0000036820313383,1.0804831967309207,recede,True,True,True,False,False
H1L1V1-GSTLAL_AllSky-1253854047-1.xml,1253854047.0,57.44283789187401,29.55040476691951,86.99324265879352,1.9438934371612722,985.3956437015847,0.4713997790364263,7.829700950288885,0.0305772596559682,-0.24606878352759398,0.15620341298465165,1.347549131052486e-20,Klein_deformada,1,0.20383766851404897,8.779363636826147,-0.45147373655660417,5.2285262634433955,68193.6181180904,0.15,0.9205151872259499,1.0225,1.0000054302338508,1.0471399779036425,recede,True,True,True,False,False
H1L1V1-GSTLAL_AllSky-1253885759-1.xml,1253885759.0,24.977194123246615,12.457725000977959,37.43491912422458,2.004956291882013,1145.6308984812674,0.24302880436656257,8.24905249879653,0.02995055960170223,0.08185746174546982,0.06936608302596518,5.081092612645112e-21,Klein_relajada,-1,0.0953674100861776,8.812080677009238,-0.5679999999999996,5.112,80404.46468012464,0.15,0.9,0.9775,1.0000063132445585,1.0243028804366563,recede,True,True,True,False,False
H1L1V1-GSTLAL_AllSky-1253943498-1.xml,1253943498.0,57.44283789187401,29.55040476691951,86.99324265879352,1.9438934371612722,985.3956437015847,0.4713997790364263,7.829700950288885,0.0305772596559682,-0.24606878352759398,0.15620341298465165,1.347549131052486e-20,Klein_deformada,1,0.20383766851404897,8.779363636826147,-0.45147373655660417,5.2285262634433955,68193.6181180904,0.15,0.9205151872259499,1.0225,1.0000054302338508,1.0471399779036425,recede,True,True,True,False,False
H1L1V1-GSTLAL_AllSky-1253958821-1.xml,1253958821.0,40.61978926811847,16.870041043085774,57.489830311204244,2.4078061911275896,2043.4254551381289,0.25872754898975364,6.691106054885813,0.026612632755657034,0.12965422073867572,0.07677822093024615,3.0004554842205594e-21,Klein_relajada,-1,0.08562186982495512,8.937737717395047,-0.5679999999999996,5.112,143586.57008158826,0.15,0.9,0.9775,1.0000112607338474,1.0258727548989754,recede,True,True,True,False,False
