event_id,gps_time,mass_1,mass_2,mass_total,distance_mpc,redshift,snr,efficiency,chi_eff,max_epsilon,final_state,mode_parity,combined_factor,v_total_kms,beta_raw,beta,doppler_factor,doppler_shift_hz,frequency_observed,cosmological_factor,topology_conserved,doppler_realistic,beta_physical
H1L1V1-GSTLAL_AllSky-1238515766-1.xml,1238515766.0,16.257652500044106,12.800022841560436,29.057675341604543,2066.749940590723,0.3344315796121583,6.327917331857702,0.040429532515143675,0.5149343394925352,0.055754721015894,Klein_relajada,-1,0.05689899548118273,144808.1265708462,0.48302791716943794,0.15,0.6394398429483552,-2.0479816920533422,3.6320183079466575,0.7493827448917553,True,True,True
H1L1V1-GSTLAL_AllSky-1238393111-1.xml,1238393111.0,16.257652500044106,12.800022841560436,29.057675341604543,2066.749940590723,0.3344315796121583,6.327917331857702,0.040429532515143675,0.5149343394925352,0.055754721015894,Klein_relajada,-1,0.05689899548118273,144808.1265708462,0.48302791716943794,0.15,0.6394398429483552,-2.0479816920533422,3.6320183079466575,0.7493827448917553,True,True,True
H1L1V1-GSTLAL_AllSky-1238533958-1.xml,1238533958.0,16.257652500044106,12.800022841560436,29.057675341604543,2066.749940590723,0.3344315796121583,6.327917331857702,0.040429532515143675,0.5149343394925352,0.055754721015894,Klein_relajada,-1,0.05689899548118273,144808.1265708462,0.48302791716943794,0.15,0.6394398429483552,-2.0479816920533422,3.6320183079466575,0.7493827448917553,True,True,True
H1L1V1-GSTLAL_AllSky-1238573777-1.xml,1238573777.0,16.257652500044106,12.800022841560436,29.057675341604543,2066.749940590723,0.3344315796121583,6.327917331857702,0.040429532515143675,0.5149343394925352,0.055754721015894,Klein_relajada,-1,0.05689899548118273,144808.1265708462,0.48302791716943794,0.15,0.6394398429483552,-2.0479816920533422,3.6320183079466575,0.7493827448917553,True,True,True
H1L1V1-GSTLAL_AllSky-1238674117-1.xml,1238674117.0,16.257652500044106,12.800022841560436,29.057675341604543,2066.749940590723,0.3344315796121583,6.327917331857702,0.040429532515143675,0.5149343394925352,0.055754721015894,Klein_relajada,-1,0.05689899548118273,144808.1265708462,0.48302791716943794,0.15,0.6394398429483552,-2.0479816920533422,3.6320183079466575,0.7493827448917553,True,True,True
H1L1V1-GSTLAL_AllSky-1238750282-1.xml,1238750282.0,42.34554678453771,27.87732343475868,70.2228702192964,779.5611458992996,0.3595582824914584,6.357564861043818,0.03462482834256867,0.36632067060515255,0.1159359882732576,Klein_deformada,0,0.11858140168359671,54135.08070680056,0.18057519214442866,0.15,0.6323602732057391,-2.088193648191402,3.591806351808598,0.7355330130955843,True,True,True
H1L1V1-GSTLAL_AllSky-1238729030-1.xml,1238729030.0,42.34554678453771,27.87732343475868,70.2228702192964,779.5611458992996,0.3595582824914584,6.357564861043818,0.03462482834256867,0.36632067060515255,0.1159359882732576,Klein_deformada,0,0.11858140168359671,54135.08070680056,0.18057519214442866,0.15,0.6323602732057391,-2.088193648191402,3.591806351808598,0.7355330130955843,True,True,True
H1L1V1-GSTLAL_AllSky-1238662706-1.xml,1238662706.0,16.257652500044106,12.800022841560436,29.057675341604543,2066.749940590723,0.3344315796121583,6.327917331857702,0.040429532515143675,0.5149343394925352,0.055754721015894,Klein_relajada,-1,0.05689899548118273,144808.1265708462,0.48302791716943794,0.15,0.6394398429483552,-2.0479816920533422,3.6320183079466575,0.7493827448917553,True,True,True
H1L1V1-GSTLAL_AllSky-1238754998-1.xml,1238754998.0,42.34554678453771,27.87732343475868,70.2228702192964,779.5611458992996,0.3595582824914584,6.357564861043818,0.03462482834256867,0.36632067060515255,0.1159359882732576,Klein_deformada,0,0.11858140168359671,54135.08070680056,0.18057519214442866,0.15,0.6323602732057391,-2.088193648191402,3.591806351808598,0.7355330130955843,True,True,True
H1L1V1-GSTLAL_AllSky-1238782700-1.xml,1238782700.0,42.34554678453771,27.87732343475868,70.2228702192964,779.5611458992996,0.3595582824914584,6.357564861043818,0.03462482834256867,0.36632067060515255,0.1159359882732576,Klein_deformada,0,0.11858140168359671,54135.08070680056,0.18057519214442866,0.15,0.6323602732057391,-2.088193648191402,3.591806351808598,0.7355330130955843,True,True,True
H1L1V1-GSTLAL_AllSky-1238845539-1.xml,1238845539.0,62.00749087650928,37.603259374723876,99.61075025123316,1913.6541421178576,0.18328243287149323,6.533261302043639,0.032289391135541363,0.46874541627117855,0.1576004157373218,Klein_deformada,0,0.16851879606110687,133816.90781138313,0.4463651577631854,0.15,0.7265687346277659,-1.5530895873142896,4.12691041268571,0.8451067743592555,True,True,True
H1L1V1-GSTLAL_AllSky-1238899272-1.xml,1238899272.0,62.00749087650928,37.603259374723876,99.61075025123316,1913.6541421178576,0.18328243287149323,6.533261302043639,0.032289391135541363,0.46874541627117855,0.1576004157373218,Klein_deformada,0,0.16851879606110687,133816.90781138313,0.4463651577631854,0.15,0.7265687346277659,-1.5530895873142896,4.12691041268571,0.8451067743592555,True,True,True
H1L1V1-GSTLAL_AllSky-1238839513-1.xml,1238839513.0,42.34554678453771,27.87732343475868,70.2228702192964,779.5611458992996,0.3595582824914584,6.357564861043818,0.03462482834256867,0.36632067060515255,0.1159359882732576,Klein_deformada,0,0.11858140168359671,54135.08070680056,0.18057519214442866,0.15,0.6323602732057391,-2.088193648191402,3.591806351808598,0.7355330130955843,True,True,True
H1L1V1-GSTLAL_AllSky-1239092652-1.xml,1239092652.0,62.00749087650928,37.603259374723876,99.61075025123316,1913.6541421178576,0.18328243287149323,6.533261302043639,0.032289391135541363,0.46874541627117855,0.1576004157373218,Klein_deformada,0,0.16851879606110687,133816.90781138313,0.4463651577631854,0.15,0.7265687346277659,-1.5530895873142896,4.12691041268571,0.8451067743592555,True,True,True
H1L1V1-GSTLAL_AllSky-1239174401-1.xml,1239174401.0,36.41854547626259,10.306018736202702,46.72456421246529,2282.9055064364957,0.26554383570487555,6.087127359674026,0.01773446913005916,0.5279343888821229,0.037830066444737874,Klein_relajada,-1,0.03738662658947811,159284.23877616087,0.5313150298669651,0.15,0.6742474752910845,-1.85027434034664,3.8297256596533598,0.7901741305096915,True,True,True
H1L1V1-GSTLAL_AllSky-1238919052-1.xml,1238919052.0,42.34554678453771,27.87732343475868,70.2228702192964,779.5611458992996,0.3595582824914584,6.357564861043818,0.03462482834256867,0.36632067060515255,0.1159359882732576,Klein_deformada,0,0.11858140168359671,54135.08070680056,0.18057519214442866,0.15,0.6323602732057391,-2.088193648191402,3.591806351808598,0.7355330130955843,True,True,True
H1L1V1-GSTLAL_AllSky-1239082262-1.xml,1239082262.0,62.00749087650928,37.603259374723876,99.61075025123316,1913.6541421178576,0.18328243287149323,6.533261302043639,0.032289391135541363,0.46874541627117855,0.1576004157373218,Klein_deformada,0,0.16851879606110687,133816.90781138313,0.4463651577631854,0.15,0.7265687346277659,-1.5530895873142896,4.12691041268571,0.8451067743592555,True,True,True
H1L1V1-GSTLAL_AllSky-1239179057-1.xml,1239179057.0,36.41854547626259,10.306018736202702,46.72456421246529,2282.9055064364957,0.26554383570487555,6.087127359674026,0.01773446913005916,0.5279343888821229,0.037830066444737874,Klein_relajada,-1,0.03738662658947811,159284.23877616087,0.5313150298669651,0.15,0.6742474752910845,-1.85027434034664,3.8297256596533598,0.7901741305096915,True,True,True
H1L1V1-GSTLAL_AllSky-1239198206-1.xml,1239198206.0,62.00749087650928,37.603259374723876,99.61075025123316,1913.6541421178576,0.18328243287149323,6.533261302043639,0.032289391135541363,0.46874541627117855,0.1576004157373218,Klein_deformada,0,0.16851879606110687,133816.90781138313,0.4463651577631854,0.15,0.7265687346277659,-1.5530895873142896,4.12691041268571,0.8451067743592555,True,True,True
H1L1V1-GSTLAL_AllSky-1239283789-1.xml,1239283789.0,62.00749087650928,37.603259374723876,99.61075025123316,1913.6541421178576,0.18328243287149323,6.533261302043639,0.032289391135541363,0.46874541627117855,0.1576004157373218,Klein_deformada,0,0.16851879606110687,133816.90781138313,0.4463651577631854,0.15,0.7265687346277659,-1.5530895873142896,4.12691041268571,0.8451067743592555,True,True,True
H1L1V1-GSTLAL_AllSky-1239227262-1.xml,1239227262.0,36.41854547626259,10.306018736202702,46.72456421246529,2282.9055064364957,0.26554383570487555,6.087127359674026,0.01773446913005916,0.5279343888821229,0.037830066444737874,Klein_relajada,-1,0.03738662658947811,159284.23877616087,0.5313150298669651,0.15,0.6742474752910845,-1.85027434034664,3.8297256596533598,0.7901741305096915,True,True,True
H1L1V1-GSTLAL_AllSky-1239393890-1.xml,1239393890.0,36.41854547626259,10.306018736202702,46.72456421246529,2282.9055064364957,0.26554383570487555,6.087127359674026,0.01773446913005916,0.5279343888821229,0.037830066444737874,Klein_relajada,-1,0.03738662658947811,159284.23877616087,0.5313150298669651,0.15,0.6742474752910845,-1.85027434034664,3.8297256596533598,0.7901741305096915,True,True,True
H1L1V1-GSTLAL_AllSky-1239491655-1.xml,1239491655.0,36.638578929939214,30.217425925236444,66.85600485517566,578.6499594976859,0.07008125529626892,7.661166842081033,0.042113452714305256,0.17921227131038148,0.16177725174498694,Klein_deformada,1,0.20512951276995858,39855.343365990026,0.13294311548688134,0.13294311548688134,0.8338337375212856,-0.9438243708790974,4.736175629120902,0.9345084731188327,True,True,True
H1L1V1-GSTLAL_AllSky-1239534693-1.xml,1239534693.0,36.638578929939214,30.217425925236444,66.85600485517566,578.6499594976859,0.07008125529626892,7.661166842081033,0.042113452714305256,0.17921227131038148,0.16177725174498694,Klein_deformada,1,0.20512951276995858,39855.343365990026,0.13294311548688134,0.13294311548688134,0.8338337375212856,-0.9438243708790974,4.736175629120902,0.9345084731188327,True,True,True
H1L1V1-GSTLAL_AllSky-1239543370-1.xml,1239543370.0,36.41854547626259,10.306018736202702,46.72456421246529,2282.9055064364957,0.26554383570487555,6.087127359674026,0.01773446913005916,0.5279343888821229,0.037830066444737874,Klein_relajada,-1,0.03738662658947811,159284.23877616087,0.5313150298669651,0.15,0.6742474752910845,-1.85027434034664,3.8297256596533598,0.7901741305096915,True,True,True
H1L1V1-GSTLAL_AllSky-1239788217-1.xml,1239788217.0,36.638578929939214,30.217425925236444,66.85600485517566,578.6499594976859,0.07008125529626892,7.661166842081033,0.042113452714305256,0.17921227131038148,0.16177725174498694,Klein_deformada,1,0.20512951276995858,39855.343365990026,0.13294311548688134,0.13294311548688134,0.8338337375212856,-0.9438243708790974,4.736175629120902,0.9345084731188327,True,True,True
H1L1V1-GSTLAL_AllSky-1239550519-1.xml,1239550519.0,36.41854547626259,10.306018736202702,46.72456421246529,2282.9055064364957,0.26554383570487555,6.087127359674026,0.01773446913005916,0.5279343888821229,0.037830066444737874,Klein_relajada,-1,0.03738662658947811,159284.23877616087,0.5313150298669651,0.15,0.6742474752910845,-1.85027434034664,3.8297256596533598,0.7901741305096915,True,True,True
H1L1V1-GSTLAL_AllSky-1239883947-1.xml,1239883947.0,65.89476946621757,38.516039072136515,104.41080853835408,1933.830758790886,0.13158052683147833,6.00484677466151,0.03130287308516525,0.04164906633228682,0.14719493044882848,Klein_deformada,0,0.14540064455086488,136142.60111161644,0.4541228355771927,0.15,0.7597657393035828,-1.36453060075565,4.31546939924435,0.8837196967325738,True,True,True
H1L1V1-GSTLAL_AllSky-1239883999-1.xml,1239883999.0,65.89476946621757,38.516039072136515,104.41080853835408,1933.830758790886,0.13158052683147833,6.00484677466151,0.03130287308516525,0.04164906633228682,0.14719493044882848,Klein_deformada,0,0.14540064455086488,136142.60111161644,0.4541228355771927,0.15,0.7597657393035828,-1.36453060075565,4.31546939924435,0.8837196967325738,True,True,True
H1L1V1-GSTLAL_AllSky-1239855472-1.xml,1239855472.0,36.638578929939214,30.217425925236444,66.85600485517566,578.6499594976859,0.07008125529626892,7.661166842081033,0.042113452714305256,0.17921227131038148,0.16177725174498694,Klein_deformada,1,0.20512951276995858,39855.343365990026,0.13294311548688134,0.13294311548688134,0.8338337375212856,-0.9438243708790974,4.736175629120902,0.9345084731188327,True,True,True
H1L1V1-GSTLAL_AllSky-1239886944-1.xml,1239886944.0,36.638578929939214,30.217425925236444,66.85600485517566,578.6499594976859,0.07008125529626892,7.661166842081033,0.042113452714305256,0.17921227131038148,0.16177725174498694,Klein_deformada,1,0.20512951276995858,39855.343365990026,0.13294311548688134,0.13294311548688134,0.8338337375212856,-0.9438243708790974,4.736175629120902,0.9345084731188327,True,True,True
H1L1V1-GSTLAL_AllSky-1239891926-1.xml,1239891926.0,65.89476946621757,38.516039072136515,104.41080853835408,1933.830758790886,0.13158052683147833,6.00484677466151,0.03130287308516525,0.04164906633228682,0.14719493044882848,Klein_deformada,0,0.14540064455086488,136142.60111161644,0.4541228355771927,0.15,0.7597657393035828,-1.36453060075565,4.31546939924435,0.8837196967325738,True,True,True
H1L1V1-GSTLAL_AllSky-1239917954-1.xml,1239917954.0,36.638578929939214,30.217425925236444,66.85600485517566,578.6499594976859,0.07008125529626892,7.661166842081033,0.042113452714305256,0.17921227131038148,0.16177725174498694,Klein_deformada,1,0.20512951276995858,39855.343365990026,0.13294311548688134,0.13294311548688134,0.8338337375212856,-0.9438243708790974,4.736175629120902,0.9345084731188327,True,True,True
H1L1V1-GSTLAL_AllSky-1239976056-1.xml,1239976056.0,12.309001334289702,11.508528314135535,23.817529648425236,3152.66758864076,0.20202743506325452,6.608761360202597,0.04707358176925438,0.22322430684298128,0.055571905986733644,Klein_relajada,-1,0.05999811758587304,220086.95283615738,0.734131052877112,0.15,0.7098788272036187,-1.6478882614834456,4.032111738516554,0.8319277670624687,True,True,True
H1L1V1-GSTLAL_AllSky-1239937367-1.xml,1239937367.0,12.309001334289702,11.508528314135535,23.817529648425236,3152.66758864076,0.20202743506325452,6.608761360202597,0.04707358176925438,0.22322430684298128,0.055571905986733644,Klein_relajada,-1,0.05999811758587304,220086.95283615738,0.734131052877112,0.15,0.7098788272036187,-1.6478882614834456,4.032111738516554,0.8319277670624687,True,True,True
H1L1V1-GSTLAL_AllSky-1239990500-1.xml,1239990500.0,65.89476946621757,38.516039072136515,104.41080853835408,1933.830758790886,0.13158052683147833,6.00484677466151,0.03130287308516525,0.04164906633228682,0.14719493044882848,Klein_deformada,0,0.14540064455086488,136142.60111161644,0.4541228355771927,0.15,0.7597657393035828,-1.36453060075565,4.31546939924435,0.8837196967325738,True,True,True
H1L1V1-GSTLAL_AllSky-1240055015-1.xml,1240055015.0,65.89476946621757,38.516039072136515,104.41080853835408,1933.830758790886,0.13158052683147833,6.00484677466151,0.03130287308516525,0.04164906633228682,0.14719493044882848,Klein_deformada,0,0.14540064455086488,136142.60111161644,0.4541228355771927,0.15,0.7597657393035828,-1.36453060075565,4.31546939924435,0.8837196967325738,True,True,True
H1L1V1-GSTLAL_AllSky-1240155151-1.xml,1240155151.0,12.309001334289702,11.508528314135535,23.817529648425236,3152.66758864076,0.20202743506325452,6.608761360202597,0.04707358176925438,0.22322430684298128,0.055571905986733644,Klein_relajada,-1,0.05999811758587304,220086.95283615738,0.734131052877112,0.15,0.7098788272036187,-1.6478882614834456,4.032111738516554,0.8319277670624687,True,True,True
H1L1V1-GSTLAL_AllSky-1240164426-1.xml,1240164426.0,65.89476946621757,38.516039072136515,104.41080853835408,1933.830758790886,0.13158052683147833,6.00484677466151,0.03130287308516525,0.04164906633228682,0.14719493044882848,Klein_deformada,0,0.14540064455086488,136142.60111161644,0.4541228355771927,0.15,0.7597657393035828,-1.36453060075565,4.31546939924435,0.8837196967325738,True,True,True
H1L1V1-GSTLAL_AllSky-1240215503-1.xml,1240215503.0,47.28299313420137,14.138774455266748,61.42176758946812,500.0,0.2081554633172733,6.25901864406824,0.018456103522913114,-0.23695748699857572,0.053214481694960944,Klein_relajada,-1,0.05437979372800962,35292.319781383914,0.1177225071532117,0.1177225071532117,0.7310546675411315,-1.5276094883663731,4.152390511633627,0.8277080478155239,True,True,True
H1L1V1-GSTLAL_AllSky-1240290694-1.xml,1240290694.0,12.309001334289702,11.508528314135535,23.817529648425236,3152.66758864076,0.20202743506325452,6.608761360202597,0.04707358176925438,0.22322430684298128,0.055571905986733644,Klein_relajada,-1,0.05999811758587304,220086.95283615738,0.734131052877112,0.15,0.7098788272036187,-1.6478882614834456,4.032111738516554,0.8319277670624687,True,True,True
H1L1V1-GSTLAL_AllSky-1240233548-1.xml,1240233548.0,47.28299313420137,14.138774455266748,61.42176758946812,500.0,0.2081554633172733,6.25901864406824,0.018456103522913114,-0.23695748699857572,0.053214481694960944,Klein_relajada,-1,0.05437979372800962,35292.319781383914,0.1177225071532117,0.1177225071532117,0.7310546675411315,-1.5276094883663731,4.152390511633627,0.8277080478155239,True,True,True
H1L1V1-GSTLAL_AllSky-1240325074-1.xml,1240325074.0,12.309001334289702,11.508528314135535,23.817529648425236,3152.66758864076,0.20202743506325452,6.608761360202597,0.04707358176925438,0.22322430684298128,0.055571905986733644,Klein_relajada,-1,0.05999811758587304,220086.95283615738,0.734131052877112,0.15,0.7098788272036187,-1.6478882614834456,4.032111738516554,0.8319277670624687,True,True,True
H1L1V1-GSTLAL_AllSky-1240327333-1.xml,1240327333.0,47.28299313420137,14.138774455266748,61.42176758946812,500.0,0.2081554633172733,6.25901864406824,0.018456103522913114,-0.23695748699857572,0.053214481694960944,Klein_relajada,-1,0.05437979372800962,35292.319781383914,0.1177225071532117,0.1177225071532117,0.7310546675411315,-1.5276094883663731,4.152390511633627,0.8277080478155239,True,True,True
H1L1V1-GSTLAL_AllSky-1240399040-1.xml,1240399040.0,26.360261263444382,11.61528085584873,37.97554211929311,500.0,0.20761562275337694,7.462722099399842,0.024828621320913853,0.5023854219931065,0.05277340545285667,Klein_relajada,-1,0.06430382858065045,35462.143523588595,0.11828897818232838,0.11828897818232838,0.7309406159940212,-1.5282573011539595,4.15174269884604,0.8280780582483597,True,True,True
H1L1V1-GSTLAL_AllSky-1240352617-1.xml,1240352617.0,12.309001334289702,11.508528314135535,23.817529648425236,3152.66758864076,0.20202743506325452,6.608761360202597,0.04707358176925438,0.22322430684298128,0.055571905986733644,Klein_relajada,-1,0.05999811758587304,220086.95283615738,0.734131052877112,0.15,0.7098788272036187,-1.6478882614834456,4.032111738516554,0.8319277670624687,True,True,True
H1L1V1-GSTLAL_AllSky-1240620590-1.xml,1240620590.0,47.28299313420137,14.138774455266748,61.42176758946812,500.0,0.2081554633172733,6.25901864406824,0.018456103522913114,-0.23695748699857572,0.053214481694960944,Klein_relajada,-1,0.05437979372800962,35292.319781383914,0.1177225071532117,0.1177225071532117,0.7310546675411315,-1.5276094883663731,4.152390511633627,0.8277080478155239,True,True,True
H1L1V1-GSTLAL_AllSky-1240630609-1.xml,1240630609.0,26.360261263444382,11.61528085584873,37.97554211929311,500.0,0.20761562275337694,7.462722099399842,0.024828621320913853,0.5023854219931065,0.05277340545285667,Klein_relajada,-1,0.06430382858065045,35462.143523588595,0.11828897818232838,0.11828897818232838,0.7309406159940212,-1.5282573011539595,4.15174269884604,0.8280780582483597,True,True,True
H1L1V1-GSTLAL_AllSky-1240630634-1.xml,1240630634.0,47.28299313420137,14.138774455266748,61.42176758946812,500.0,0.2081554633172733,6.25901864406824,0.018456103522913114,-0.23695748699857572,0.053214481694960944,Klein_relajada,-1,0.05437979372800962,35292.319781383914,0.1177225071532117,0.1177225071532117,0.7310546675411315,-1.5276094883663731,4.152390511633627,0.8277080478155239,True,True,True
H1L1V1-GSTLAL_AllSky-1240651041-1.xml,1240651041.0,26.360261263444382,11.61528085584873,37.97554211929311,500.0,0.20761562275337694,7.462722099399842,0.024828621320913853,0.5023854219931065,0.05277340545285667,Klein_relajada,-1,0.06430382858065045,35462.143523588595,0.11828897818232838,0.11828897818232838,0.7309406159940212,-1.5282573011539595,4.15174269884604,0.8280780582483597,True,True,True
H1L1V1-GSTLAL_AllSky-1240837251-1.xml,1240837251.0,49.18197469606393,23.893517014037812,73.07549171010174,4681.487471301705,0.24146691451921337,6.308458708399123,0.026861836013626985,0.42204082299502127,0.09287353323746654,Klein_relajada,-1,0.09534585465504021,327888.42108089733,1.0937180450380022,0.15,0.6873328678123455,-1.7759493108258777,3.904050689174122,0.8054987114878313,True,True,True
H1L1V1-GSTLAL_AllSky-1240842666-1.xml,1240842666.0,47.28299313420137,14.138774455266748,61.42176758946812,500.0,0.2081554633172733,6.25901864406824,0.018456103522913114,-0.23695748699857572,0.053214481694960944,Klein_relajada,-1,0.05437979372800962,35292.319781383914,0.1177225071532117,0.1177225071532117,0.7310546675411315,-1.5276094883663731,4.152390511633627,0.8277080478155239,True,True,True
H1L1V1-GSTLAL_AllSky-1240935112-1.xml,1240935112.0,26.360261263444382,11.61528085584873,37.97554211929311,500.0,0.20761562275337694,7.462722099399842,0.024828621320913853,0.5023854219931065,0.05277340545285667,Klein_relajada,-1,0.06430382858065045,35462.143523588595,0.11828897818232838,0.11828897818232838,0.7309406159940212,-1.5282573011539595,4.15174269884604,0.8280780582483597,True,True,True
H1L1V1-GSTLAL_AllSky-1240935340-1.xml,1240935340.0,49.18197469606393,23.893517014037812,73.07549171010174,4681.487471301705,0.24146691451921337,6.308458708399123,0.026861836013626985,0.42204082299502127,0.09287353323746654,Klein_relajada,-1,0.09534585465504021,327888.42108089733,1.0937180450380022,0.15,0.6873328678123455,-1.7759493108258777,3.904050689174122,0.8054987114878313,True,True,True
H1L1V1-GSTLAL_AllSky-1240944862-1.xml,1240944862.0,26.360261263444382,11.61528085584873,37.97554211929311,500.0,0.20761562275337694,7.462722099399842,0.024828621320913853,0.5023854219931065,0.05277340545285667,Klein_relajada,-1,0.06430382858065045,35462.143523588595,0.11828897818232838,0.11828897818232838,0.7309406159940212,-1.5282573011539595,4.15174269884604,0.8280780582483597,True,True,True
H1L1V1-GSTLAL_AllSky-1240978573-1.xml,1240978573.0,49.18197469606393,23.893517014037812,73.07549171010174,4681.487471301705,0.24146691451921337,6.308458708399123,0.026861836013626985,0.42204082299502127,0.09287353323746654,Klein_relajada,-1,0.09534585465504021,327888.42108089733,1.0937180450380022,0.15,0.6873328678123455,-1.7759493108258777,3.904050689174122,0.8054987114878313,True,True,True
H1L1V1-GSTLAL_AllSky-1241108686-1.xml,1241108686.0,34.97123554748268,15.151966754464897,50.12320230194757,500.0,0.9955716407653539,7.453927450528742,0.024497123658246068,0.45079598015543215,0.0686436437872382,Klein_relajada,-1,0.07755618313846888,35027.618343281516,0.11683955819622893,0.11683955819622893,0.5,-2.84,2.84,0.5011095465440037,True,True,True
H1L1V1-GSTLAL_AllSky-1241208674-1.xml,1241208674.0,26.360261263444382,11.61528085584873,37.97554211929311,500.0,0.20761562275337694,7.462722099399842,0.024828621320913853,0.5023854219931065,0.05277340545285667,Klein_relajada,-1,0.06430382858065045,35462.143523588595,0.11828897818232838,0.11828897818232838,0.7309406159940212,-1.5282573011539595,4.15174269884604,0.8280780582483597,True,True,True
H1L1V1-GSTLAL_AllSky-1241228096-1.xml,1241228096.0,49.18197469606393,23.893517014037812,73.07549171010174,4681.487471301705,0.24146691451921337,6.308458708399123,0.026861836013626985,0.42204082299502127,0.09287353323746654,Klein_relajada,-1,0.09534585465504021,327888.42108089733,1.0937180450380022,0.15,0.6873328678123455,-1.7759493108258777,3.904050689174122,0.8054987114878313,True,True,True
H1L1V1-GSTLAL_AllSky-1241263448-1.xml,1241263448.0,34.97123554748268,15.151966754464897,50.12320230194757,500.0,0.9955716407653539,7.453927450528742,0.024497123658246068,0.45079598015543215,0.0686436437872382,Klein_relajada,-1,0.07755618313846888,35027.618343281516,0.11683955819622893,0.11683955819622893,0.5,-2.84,2.84,0.5011095465440037,True,True,True
H1L1V1-GSTLAL_AllSky-1241264117-1.xml,1241264117.0,49.18197469606393,23.893517014037812,73.07549171010174,4681.487471301705,0.24146691451921337,6.308458708399123,0.026861836013626985,0.42204082299502127,0.09287353323746654,Klein_relajada,-1,0.09534585465504021,327888.42108089733,1.0937180450380022,0.15,0.6873328678123455,-1.7759493108258777,3.904050689174122,0.8054987114878313,True,True,True
H1L1V1-GSTLAL_AllSky-1241318316-1.xml,1241318316.0,34.97123554748268,15.151966754464897,50.12320230194757,500.0,0.9955716407653539,7.453927450528742,0.024497123658246068,0.45079598015543215,0.0686436437872382,Klein_relajada,-1,0.07755618313846888,35027.618343281516,0.11683955819622893,0.11683955819622893,0.5,-2.84,2.84,0.5011095465440037,True,True,True
H1L1V1-GSTLAL_AllSky-1241418140-1.xml,1241418140.0,40.10006138261246,24.366210906808718,64.46627228942117,1142.2548602223135,0.5964806560837818,8.551628721113655,0.03234358634378126,-0.008713299923440498,0.13373061221191943,Klein_deformada,0,0.17987332797878453,80282.96841234215,0.2677951571828473,0.15,0.5385172454277455,-2.6212220459704056,3.058777954029594,0.6263777742556756,True,True,True
H1L1V1-GSTLAL_AllSky-1241419760-1.xml,1241419760.0,49.18197469606393,23.893517014037812,73.07549171010174,4681.487471301705,0.24146691451921337,6.308458708399123,0.026861836013626985,0.42204082299502127,0.09287353323746654,Klein_relajada,-1,0.09534585465504021,327888.42108089733,1.0937180450380022,0.15,0.6873328678123455,-1.7759493108258777,3.904050689174122,0.8054987114878313,True,True,True
H1L1V1-GSTLAL_AllSky-1241587773-1.xml,1241587773.0,40.10006138261246,24.366210906808718,64.46627228942117,1142.2548602223135,0.5964806560837818,8.551628721113655,0.03234358634378126,-0.008713299923440498,0.13373061221191943,Klein_deformada,0,0.17987332797878453,80282.96841234215,0.2677951571828473,0.15,0.5385172454277455,-2.6212220459704056,3.058777954029594,0.6263777742556756,True,True,True
H1L1V1-GSTLAL_AllSky-1241577622-1.xml,1241577622.0,34.97123554748268,15.151966754464897,50.12320230194757,500.0,0.9955716407653539,7.453927450528742,0.024497123658246068,0.45079598015543215,0.0686436437872382,Klein_relajada,-1,0.07755618313846888,35027.618343281516,0.11683955819622893,0.11683955819622893,0.5,-2.84,2.84,0.5011095465440037,True,True,True
H1L1V1-GSTLAL_AllSky-1241676985-1.xml,1241676985.0,40.10006138261246,24.366210906808718,64.46627228942117,1142.2548602223135,0.5964806560837818,8.551628721113655,0.03234358634378126,-0.008713299923440498,0.13373061221191943,Klein_deformada,0,0.17987332797878453,80282.96841234215,0.2677951571828473,0.15,0.5385172454277455,-2.6212220459704056,3.058777954029594,0.6263777742556756,True,True,True
H1L1V1-GSTLAL_AllSky-1241634009-1.xml,1241634009.0,34.97123554748268,15.151966754464897,50.12320230194757,500.0,0.9955716407653539,7.453927450528742,0.024497123658246068,0.45079598015543215,0.0686436437872382,Klein_relajada,-1,0.07755618313846888,35027.618343281516,0.11683955819622893,0.11683955819622893,0.5,-2.84,2.84,0.5011095465440037,True,True,True
H1L1V1-GSTLAL_AllSky-1241719652-1.xml,1241719652.0,34.97123554748268,15.151966754464897,50.12320230194757,500.0,0.9955716407653539,7.453927450528742,0.024497123658246068,0.45079598015543215,0.0686436437872382,Klein_relajada,-1,0.07755618313846888,35027.618343281516,0.11683955819622893,0.11683955819622893,0.5,-2.84,2.84,0.5011095465440037,True,True,True
H1L1V1-GSTLAL_AllSky-1241710671-1.xml,1241710671.0,39.473882774396394,37.96630986101733,77.44019263541372,626.2314687116009,0.4126196103118383,7.512778159257184,0.048281375523918285,0.4830621474111871,0.2106725187169944,Klein_extrema,1,0.25333616909192885,43700.75147117706,0.14577001623962488,0.14577001623962488,0.6246095822796696,-2.1322175726514767,3.547782427348523,0.7079046564979006,True,True,True
H1L1V1-GSTLAL_AllSky-1241816086-1.xml,1241816086.0,39.473882774396394,37.96630986101733,77.44019263541372,626.2314687116009,0.4126196103118383,7.512778159257184,0.048281375523918285,0.4830621474111871,0.2106725187169944,Klein_extrema,1,0.25333616909192885,43700.75147117706,0.14577001623962488,0.14577001623962488,0.6246095822796696,-2.1322175726514767,3.547782427348523,0.7079046564979006,True,True,True
H1L1V1-GSTLAL_AllSky-1241850801-1.xml,1241850801.0,40.10006138261246,24.366210906808718,64.46627228942117,1142.2548602223135,0.5964806560837818,8.551628721113655,0.03234358634378126,-0.008713299923440498,0.13373061221191943,Klein_deformada,0,0.17987332797878453,80282.96841234215,0.2677951571828473,0.15,0.5385172454277455,-2.6212220459704056,3.058777954029594,0.6263777742556756,True,True,True
H1L1V1-GSTLAL_AllSky-1241912955-1.xml,1241912955.0,40.10006138261246,24.366210906808718,64.46627228942117,1142.2548602223135,0.5964806560837818,8.551628721113655,0.03234358634378126,-0.008713299923440498,0.13373061221191943,Klein_deformada,0,0.17987332797878453,80282.96841234215,0.2677951571828473,0.15,0.5385172454277455,-2.6212220459704056,3.058777954029594,0.6263777742556756,True,True,True
H1L1V1-GSTLAL_AllSky-1241852074-1.xml,1241852074.0,39.473882774396394,37.96630986101733,77.44019263541372,626.2314687116009,0.4126196103118383,7.512778159257184,0.048281375523918285,0.4830621474111871,0.2106725187169944,Klein_extrema,1,0.25333616909192885,43700.75147117706,0.14577001623962488,0.14577001623962488,0.6246095822796696,-2.1322175726514767,3.547782427348523,0.7079046564979006,True,True,True
H1L1V1-GSTLAL_AllSky-1241940902-1.xml,1241940902.0,40.10006138261246,24.366210906808718,64.46627228942117,1142.2548602223135,0.5964806560837818,8.551628721113655,0.03234358634378126,-0.008713299923440498,0.13373061221191943,Klein_deformada,0,0.17987332797878453,80282.96841234215,0.2677951571828473,0.15,0.5385172454277455,-2.6212220459704056,3.058777954029594,0.6263777742556756,True,True,True
H1L1V1-GSTLAL_AllSky-1241956664-1.xml,1241956664.0,26.05860053946468,15.96954362950352,42.0281441689682,1532.16225909155,0.33149539116795784,6.068663727568893,0.03257743886665454,0.5266973576374165,0.06231771038767134,Klein_relajada,-1,0.06100846881244669,107563.25576887156,0.35879240087111053,0.15,0.6408480356948559,-2.0399831572532183,3.6400168427467814,0.7510352695421818,True,True,True
H1L1V1-GSTLAL_AllSky-1241959580-1.xml,1241959580.0,26.05860053946468,15.96954362950352,42.0281441689682,1532.16225909155,0.33149539116795784,6.068663727568893,0.03257743886665454,0.5266973576374165,0.06231771038767134,Klein_relajada,-1,0.06100846881244669,107563.25576887156,0.35879240087111053,0.15,0.6408480356948559,-2.0399831572532183,3.6400168427467814,0.7510352695421818,True,True,True
H1L1V1-GSTLAL_AllSky-1242107479-1.xml,1242107479.0,39.473882774396394,37.96630986101733,77.44019263541372,626.2314687116009,0.4126196103118383,7.512778159257184,0.048281375523918285,0.4830621474111871,0.2106725187169944,Klein_extrema,1,0.25333616909192885,43700.75147117706,0.14577001623962488,0.14577001623962488,0.6246095822796696,-2.1322175726514767,3.547782427348523,0.7079046564979006,True,True,True
H1L1V1-GSTLAL_AllSky-1242139414-1.xml,1242139414.0,39.473882774396394,37.96630986101733,77.44019263541372,626.2314687116009,0.4126196103118383,7.512778159257184,0.048281375523918285,0.4830621474111871,0.2106725187169944,Klein_extrema,1,0.25333616909192885,43700.75147117706,0.14577001623962488,0.14577001623962488,0.6246095822796696,-2.1322175726514767,3.547782427348523,0.7079046564979006,True,True,True
H1L1V1-GSTLAL_AllSky-1242279434-1.xml,1242279434.0,26.05860053946468,15.96954362950352,42.0281441689682,1532.16225909155,0.33149539116795784,6.068663727568893,0.03257743886665454,0.5266973576374165,0.06231771038767134,Klein_relajada,-1,0.06100846881244669,107563.25576887156,0.35879240087111053,0.15,0.6408480356948559,-2.0399831572532183,3.6400168427467814,0.7510352695421818,True,True,True
H1L1V1-GSTLAL_AllSky-1242290807-1.xml,1242290807.0,39.473882774396394,37.96630986101733,77.44019263541372,626.2314687116009,0.4126196103118383,7.512778159257184,0.048281375523918285,0.4830621474111871,0.2106725187169944,Klein_extrema,1,0.25333616909192885,43700.75147117706,0.14577001623962488,0.14577001623962488,0.6246095822796696,-2.1322175726514767,3.547782427348523,0.7079046564979006,True,True,True
H1L1V1-GSTLAL_AllSky-1242315362-1.xml,1242315362.0,23.341233264397477,19.624772885099368,42.96600614949685,5000.0,0.25609745200990364,6.023391566975947,0.04283496655151001,0.26597932264064256,0.08314301675298855,Klein_relajada,-1,0.0813829607714235,349530.36391635996,1.1659077958404143,0.15,0.6793282726491228,-1.8214154113529828,3.858584588647017,0.7961165739170016,True,True,True
H1L1V1-GSTLAL_AllSky-1242369559-1.xml,1242369559.0,23.341233264397477,19.624772885099368,42.96600614949685,5000.0,0.25609745200990364,6.023391566975947,0.04283496655151001,0.26597932264064256,0.08314301675298855,Klein_relajada,-1,0.0813829607714235,349530.36391635996,1.1659077958404143,0.15,0.6793282726491228,-1.8214154113529828,3.858584588647017,0.7961165739170016,True,True,True
H1L1V1-GSTLAL_AllSky-1242420354-1.xml,1242420354.0,26.05860053946468,15.96954362950352,42.0281441689682,1532.16225909155,0.33149539116795784,6.068663727568893,0.03257743886665454,0.5266973576374165,0.06231771038767134,Klein_relajada,-1,0.06100846881244669,107563.25576887156,0.35879240087111053,0.15,0.6408480356948559,-2.0399831572532183,3.6400168427467814,0.7510352695421818,True,True,True
H1L1V1-GSTLAL_AllSky-1242442967-1.xml,1242442967.0,26.05860053946468,15.96954362950352,42.0281441689682,1532.16225909155,0.33149539116795784,6.068663727568893,0.03257743886665454,0.5266973576374165,0.06231771038767134,Klein_relajada,-1,0.06100846881244669,107563.25576887156,0.35879240087111053,0.15,0.6408480356948559,-2.0399831572532183,3.6400168427467814,0.7510352695421818,True,True,True
H1L1V1-GSTLAL_AllSky-1242456568-1.xml,1242456568.0,23.341233264397477,19.624772885099368,42.96600614949685,5000.0,0.25609745200990364,6.023391566975947,0.04283496655151001,0.26597932264064256,0.08314301675298855,Klein_relajada,-1,0.0813829607714235,349530.36391635996,1.1659077958404143,0.15,0.6793282726491228,-1.8214154113529828,3.858584588647017,0.7961165739170016,True,True,True
H1L1V1-GSTLAL_AllSky-1242459857-1.xml,1242459857.0,26.05860053946468,15.96954362950352,42.0281441689682,1532.16225909155,0.33149539116795784,6.068663727568893,0.03257743886665454,0.5266973576374165,0.06231771038767134,Klein_relajada,-1,0.06100846881244669,107563.25576887156,0.35879240087111053,0.15,0.6408480356948559,-2.0399831572532183,3.6400168427467814,0.7510352695421818,True,True,True
H1L1V1-GSTLAL_AllSky-1242510975-1.xml,1242510975.0,68.29211975233197,56.092036613968816,124.38415636630079,1437.16787999957,0.339570141013845,8.22988106770091,0.04196095035243659,-0.10762163333184585,0.3221552425721042,Klein_extrema,1,0.4273709795709782,99754.98736445257,0.3327468210172671,0.15,0.6562387031829526,-1.9525641659208288,3.727435834079171,0.7465081292743331,True,True,True
H1L1V1-GSTLAL_AllSky-1242565015-1.xml,1242565015.0,68.29211975233197,56.092036613968816,124.38415636630079,1437.16787999957,0.339570141013845,8.22988106770091,0.04196095035243659,-0.10762163333184585,0.3221552425721042,Klein_extrema,1,0.4273709795709782,99754.98736445257,0.3327468210172671,0.15,0.6562387031829526,-1.9525641659208288,3.727435834079171,0.7465081292743331,True,True,True
H1L1V1-GSTLAL_AllSky-1242566558-1.xml,1242566558.0,23.341233264397477,19.624772885099368,42.96600614949685,5000.0,0.25609745200990364,6.023391566975947,0.04283496655151001,0.26597932264064256,0.08314301675298855,Klein_relajada,-1,0.0813829607714235,349530.36391635996,1.1659077958404143,0.15,0.6793282726491228,-1.8214154113529828,3.858584588647017,0.7961165739170016,True,True,True
H1L1V1-GSTLAL_AllSky-1242571165-1.xml,1242571165.0,23.341233264397477,19.624772885099368,42.96600614949685,5000.0,0.25609745200990364,6.023391566975947,0.04283496655151001,0.26597932264064256,0.08314301675298855,Klein_relajada,-1,0.0813829607714235,349530.36391635996,1.1659077958404143,0.15,0.6793282726491228,-1.8214154113529828,3.858584588647017,0.7961165739170016,True,True,True
H1L1V1-GSTLAL_AllSky-1242588150-1.xml,1242588150.0,68.29211975233197,56.092036613968816,124.38415636630079,1437.16787999957,0.339570141013845,8.22988106770091,0.04196095035243659,-0.10762163333184585,0.3221552425721042,Klein_extrema,1,0.4273709795709782,99754.98736445257,0.3327468210172671,0.15,0.6562387031829526,-1.9525641659208288,3.727435834079171,0.7465081292743331,True,True,True
H1L1V1-GSTLAL_AllSky-1242632879-1.xml,1242632879.0,23.341233264397477,19.624772885099368,42.96600614949685,5000.0,0.25609745200990364,6.023391566975947,0.04283496655151001,0.26597932264064256,0.08314301675298855,Klein_relajada,-1,0.0813829607714235,349530.36391635996,1.1659077958404143,0.15,0.6793282726491228,-1.8214154113529828,3.858584588647017,0.7961165739170016,True,True,True
H1L1V1-GSTLAL_AllSky-1242717927-1.xml,1242717927.0,40.0816764663005,24.5857734892073,64.6674499555078,2492.8427633785886,0.27617450801387233,6.8322884803782316,0.03260263303718155,0.10375658263247184,0.1080353467384287,Klein_deformada,0,0.11971521348062694,175142.4405234835,0.5842122970401193,0.15,0.6736843265457656,-1.853473025220051,3.8265269747799486,0.7835918941495811,True,True,True
H1L1V1-GSTLAL_AllSky-1242729611-1.xml,1242729611.0,40.0816764663005,24.5857734892073,64.6674499555078,2492.8427633785886,0.27617450801387233,6.8322884803782316,0.03260263303718155,0.10375658263247184,0.1080353467384287,Klein_deformada,0,0.11971521348062694,175142.4405234835,0.5842122970401193,0.15,0.6736843265457656,-1.853473025220051,3.8265269747799486,0.7835918941495811,True,True,True
H1L1V1-GSTLAL_AllSky-1242753325-1.xml,1242753325.0,68.29211975233197,56.092036613968816,124.38415636630079,1437.16787999957,0.339570141013845,8.22988106770091,0.04196095035243659,-0.10762163333184585,0.3221552425721042,Klein_extrema,1,0.4273709795709782,99754.98736445257,0.3327468210172671,0.15,0.6562387031829526,-1.9525641659208288,3.727435834079171,0.7465081292743331,True,True,True
H1L1V1-GSTLAL_AllSky-1242794162-1.xml,1242794162.0,40.0816764663005,24.5857734892073,64.6674499555078,2492.8427633785886,0.27617450801387233,6.8322884803782316,0.03260263303718155,0.10375658263247184,0.1080353467384287,Klein_deformada,0,0.11971521348062694,175142.4405234835,0.5842122970401193,0.15,0.6736843265457656,-1.853473025220051,3.8265269747799486,0.7835918941495811,True,True,True
H1L1V1-GSTLAL_AllSky-1242755794-1.xml,1242755794.0,68.29211975233197,56.092036613968816,124.38415636630079,1437.16787999957,0.339570141013845,8.22988106770091,0.04196095035243659,-0.10762163333184585,0.3221552425721042,Klein_extrema,1,0.4273709795709782,99754.98736445257,0.3327468210172671,0.15,0.6562387031829526,-1.9525641659208288,3.727435834079171,0.7465081292743331,True,True,True
H1L1V1-GSTLAL_AllSky-1242808754-1.xml,1242808754.0,68.29211975233197,56.092036613968816,124.38415636630079,1437.16787999957,0.339570141013845,8.22988106770091,0.04196095035243659,-0.10762163333184585,0.3221552425721042,Klein_extrema,1,0.4273709795709782,99754.98736445257,0.3327468210172671,0.15,0.6562387031829526,-1.9525641659208288,3.727435834079171,0.7465081292743331,True,True,True
H1L1V1-GSTLAL_AllSky-1242837242-1.xml,1242837242.0,25.495315934657985,13.252284480254454,38.74760041491244,2176.394624413034,0.43008211350809566,7.1702483471662966,0.028390680983904838,-0.09793739788429881,0.05915835423707927,Klein_relajada,-1,0.06778152000998093,152757.54359369108,0.5095443181352184,0.15,0.5966714968331644,-2.290905897987626,3.3890941020123737,0.699260546338089,True,True,True
H1L1V1-GSTLAL_AllSky-1242841854-1.xml,1242841854.0,25.495315934657985,13.252284480254454,38.74760041491244,2176.394624413034,0.43008211350809566,7.1702483471662966,0.028390680983904838,-0.09793739788429881,0.05915835423707927,Klein_relajada,-1,0.06778152000998093,152757.54359369108,0.5095443181352184,0.15,0.5966714968331644,-2.290905897987626,3.3890941020123737,0.699260546338089,True,True,True
H1L1V1-GSTLAL_AllSky-1242850387-1.xml,1242850387.0,40.0816764663005,24.5857734892073,64.6674499555078,2492.8427633785886,0.27617450801387233,6.8322884803782316,0.03260263303718155,0.10375658263247184,0.1080353467384287,Klein_deformada,0,0.11971521348062694,175142.4405234835,0.5842122970401193,0.15,0.6736843265457656,-1.853473025220051,3.8265269747799486,0.7835918941495811,True,True,True
H1L1V1-GSTLAL_AllSky-1242967497-1.xml,1242967497.0,40.0816764663005,24.5857734892073,64.6674499555078,2492.8427633785886,0.27617450801387233,6.8322884803782316,0.03260263303718155,0.10375658263247184,0.1080353467384287,Klein_deformada,0,0.11971521348062694,175142.4405234835,0.5842122970401193,0.15,0.6736843265457656,-1.853473025220051,3.8265269747799486,0.7835918941495811,True,True,True
H1L1V1-GSTLAL_AllSky-1242960785-1.xml,1242960785.0,25.495315934657985,13.252284480254454,38.74760041491244,2176.394624413034,0.43008211350809566,7.1702483471662966,0.028390680983904838,-0.09793739788429881,0.05915835423707927,Klein_relajada,-1,0.06778152000998093,152757.54359369108,0.5095443181352184,0.15,0.5966714968331644,-2.290905897987626,3.3890941020123737,0.699260546338089,True,True,True
H1L1V1-GSTLAL_AllSky-1242984073-1.xml,1242984073.0,49.738380500011246,23.994942145252015,73.73332264526326,1477.581515620132,0.492855628416736,6.751333463861921,0.026709038084504914,0.2503695388069927,0.09971784284726032,Klein_relajada,0,0.10693441220068454,104165.86064623621,0.34745991056998576,0.15,0.5758989265995093,-2.4088940969147874,3.2711059030852123,0.6698571388718685,True,True,True
H1L1V1-GSTLAL_AllSky-1242969291-1.xml,1242969291.0,40.0816764663005,24.5857734892073,64.6674499555078,2492.8427633785886,0.27617450801387233,6.8322884803782316,0.03260263303718155,0.10375658263247184,0.1080353467384287,Klein_deformada,0,0.11971521348062694,175142.4405234835,0.5842122970401193,0.15,0.6736843265457656,-1.853473025220051,3.8265269747799486,0.7835918941495811,True,True,True
H1L1V1-GSTLAL_AllSky-1243058210-1.xml,1243058210.0,49.738380500011246,23.994942145252015,73.73332264526326,1477.581515620132,0.492855628416736,6.751333463861921,0.026709038084504914,0.2503695388069927,0.09971784284726032,Klein_relajada,0,0.10693441220068454,104165.86064623621,0.34745991056998576,0.15,0.5758989265995093,-2.4088940969147874,3.2711059030852123,0.6698571388718685,True,True,True
H1L1V1-GSTLAL_AllSky-1243058459-1.xml,1243058459.0,25.495315934657985,13.252284480254454,38.74760041491244,2176.394624413034,0.43008211350809566,7.1702483471662966,0.028390680983904838,-0.09793739788429881,0.05915835423707927,Klein_relajada,-1,0.06778152000998093,152757.54359369108,0.5095443181352184,0.15,0.5966714968331644,-2.290905897987626,3.3890941020123737,0.699260546338089,True,True,True
H1L1V1-GSTLAL_AllSky-1243134883-1.xml,1243134883.0,25.495315934657985,13.252284480254454,38.74760041491244,2176.394624413034,0.43008211350809566,7.1702483471662966,0.028390680983904838,-0.09793739788429881,0.05915835423707927,Klein_relajada,-1,0.06778152000998093,152757.54359369108,0.5095443181352184,0.15,0.5966714968331644,-2.290905897987626,3.3890941020123737,0.699260546338089,True,True,True
H1L1V1-GSTLAL_AllSky-1243139732-1.xml,1243139732.0,49.738380500011246,23.994942145252015,73.73332264526326,1477.581515620132,0.492855628416736,6.751333463861921,0.026709038084504914,0.2503695388069927,0.09971784284726032,Klein_relajada,0,0.10693441220068454,104165.86064623621,0.34745991056998576,0.15,0.5758989265995093,-2.4088940969147874,3.2711059030852123,0.6698571388718685,True,True,True
H1L1V1-GSTLAL_AllSky-1243241875-1.xml,1243241875.0,18.718712025133204,16.030307799225326,34.74901982435853,580.6378792958046,0.3757084957718388,9.226829259447062,0.04353704517685727,-0.17944844793434092,0.10469242436198248,Klein_deformada,0,0.15516677322794073,40624.92424310726,0.13551016097645546,0.13551016097645546,0.6342482392122715,-2.077470001274298,3.602529998725702,0.7268981787009695,True,True,True
H1L1V1-GSTLAL_AllSky-1243305426-1.xml,1243305426.0,25.495315934657985,13.252284480254454,38.74760041491244,2176.394624413034,0.43008211350809566,7.1702483471662966,0.028390680983904838,-0.09793739788429881,0.05915835423707927,Klein_relajada,-1,0.06778152000998093,152757.54359369108,0.5095443181352184,0.15,0.5966714968331644,-2.290905897987626,3.3890941020123737,0.699260546338089,True,True,True
H1L1V1-GSTLAL_AllSky-1243407873-1.xml,1243407873.0,18.718712025133204,16.030307799225326,34.74901982435853,580.6378792958046,0.3757084957718388,9.226829259447062,0.04353704517685727,-0.17944844793434092,0.10469242436198248,Klein_deformada,0,0.15516677322794073,40624.92424310726,0.13551016097645546,0.13551016097645546,0.6342482392122715,-2.077470001274298,3.602529998725702,0.7268981787009695,True,True,True
H1L1V1-GSTLAL_AllSky-1243497876-1.xml,1243497876.0,49.738380500011246,23.994942145252015,73.73332264526326,1477.581515620132,0.492855628416736,6.751333463861921,0.026709038084504914,0.2503695388069927,0.09971784284726032,Klein_relajada,0,0.10693441220068454,104165.86064623621,0.34745991056998576,0.15,0.5758989265995093,-2.4088940969147874,3.2711059030852123,0.6698571388718685,True,True,True
H1L1V1-GSTLAL_AllSky-1243533585-1.xml,1243533585.0,49.738380500011246,23.994942145252015,73.73332264526326,1477.581515620132,0.492855628416736,6.751333463861921,0.026709038084504914,0.2503695388069927,0.09971784284726032,Klein_relajada,0,0.10693441220068454,104165.86064623621,0.34745991056998576,0.15,0.5758989265995093,-2.4088940969147874,3.2711059030852123,0.6698571388718685,True,True,True
H1L1V1-GSTLAL_AllSky-1243536309-1.xml,1243536309.0,18.718712025133204,16.030307799225326,34.74901982435853,580.6378792958046,0.3757084957718388,9.226829259447062,0.04353704517685727,-0.17944844793434092,0.10469242436198248,Klein_deformada,0,0.15516677322794073,40624.92424310726,0.13551016097645546,0.13551016097645546,0.6342482392122715,-2.077470001274298,3.602529998725702,0.7268981787009695,True,True,True
H1L1V1-GSTLAL_AllSky-1243557850-1.xml,1243557850.0,34.60153003365105,12.39574756604833,46.99727759969938,1319.593504576905,0.1984460686663278,8.947397934566009,0.021120924130513558,-0.1164421872402808,0.06661064427267088,Klein_relajada,-1,0.09739914247271624,92227.36991741312,0.30763739199007173,0.15,0.711992995546677,-1.6358797852948745,4.044120214705125,0.834413851524278,True,True,True
H1L1V1-GSTLAL_AllSky-1243605087-1.xml,1243605087.0,49.738380500011246,23.994942145252015,73.73332264526326,1477.581515620132,0.492855628416736,6.751333463861921,0.026709038084504914,0.2503695388069927,0.09971784284726032,Klein_relajada,0,0.10693441220068454,104165.86064623621,0.34745991056998576,0.15,0.5758989265995093,-2.4088940969147874,3.2711059030852123,0.6698571388718685,True,True,True
H1L1V1-GSTLAL_AllSky-1243734617-1.xml,1243734617.0,34.60153003365105,12.39574756604833,46.99727759969938,1319.593504576905,0.1984460686663278,8.947397934566009,0.021120924130513558,-0.1164421872402808,0.06661064427267088,Klein_relajada,-1,0.09739914247271624,92227.36991741312,0.30763739199007173,0.15,0.711992995546677,-1.6358797852948745,4.044120214705125,0.834413851524278,True,True,True
H1L1V1-GSTLAL_AllSky-1243926576-1.xml,1243926576.0,18.718712025133204,16.030307799225326,34.74901982435853,580.6378792958046,0.3757084957718388,9.226829259447062,0.04353704517685727,-0.17944844793434092,0.10469242436198248,Klein_deformada,0,0.15516677322794073,40624.92424310726,0.13551016097645546,0.13551016097645546,0.6342482392122715,-2.077470001274298,3.602529998725702,0.7268981787009695,True,True,True
H1L1V1-GSTLAL_AllSky-1243983869-1.xml,1243983869.0,34.60153003365105,12.39574756604833,46.99727759969938,1319.593504576905,0.1984460686663278,8.947397934566009,0.021120924130513558,-0.1164421872402808,0.06661064427267088,Klein_relajada,-1,0.09739914247271624,92227.36991741312,0.30763739199007173,0.15,0.711992995546677,-1.6358797852948745,4.044120214705125,0.834413851524278,True,True,True
H1L1V1-GSTLAL_AllSky-1243931925-1.xml,1243931925.0,18.718712025133204,16.030307799225326,34.74901982435853,580.6378792958046,0.3757084957718388,9.226829259447062,0.04353704517685727,-0.17944844793434092,0.10469242436198248,Klein_deformada,0,0.15516677322794073,40624.92424310726,0.13551016097645546,0.13551016097645546,0.6342482392122715,-2.077470001274298,3.602529998725702,0.7268981787009695,True,True,True
H1L1V1-GSTLAL_AllSky-1243985856-1.xml,1243985856.0,44.07385705158681,39.07168679014447,83.14554384173128,2903.645317670726,0.13062128671893944,7.036945136329377,0.04489271697955917,0.22703475161880365,0.1969973105658676,Klein_deformada,1,0.2280642070580296,203337.96062395343,0.678262428549665,0.15,0.7775237266062103,-1.2636652328767255,4.416334767123274,0.8844694609474388,True,True,True
H1L1V1-GSTLAL_AllSky-1243985990-1.xml,1243985990.0,18.718712025133204,16.030307799225326,34.74901982435853,580.6378792958046,0.3757084957718388,9.226829259447062,0.04353704517685727,-0.17944844793434092,0.10469242436198248,Klein_deformada,0,0.15516677322794073,40624.92424310726,0.13551016097645546,0.13551016097645546,0.6342482392122715,-2.077470001274298,3.602529998725702,0.7268981787009695,True,True,True
H1L1V1-GSTLAL_AllSky-1243993298-1.xml,1243993298.0,44.07385705158681,39.07168679014447,83.14554384173128,2903.645317670726,0.13062128671893944,7.036945136329377,0.04489271697955917,0.22703475161880365,0.1969973105658676,Klein_deformada,1,0.2280642070580296,203337.96062395343,0.678262428549665,0.15,0.7775237266062103,-1.2636652328767255,4.416334767123274,0.8844694609474388,True,True,True
H1L1V1-GSTLAL_AllSky-1244069790-1.xml,1244069790.0,34.60153003365105,12.39574756604833,46.99727759969938,1319.593504576905,0.1984460686663278,8.947397934566009,0.021120924130513558,-0.1164421872402808,0.06661064427267088,Klein_relajada,-1,0.09739914247271624,92227.36991741312,0.30763739199007173,0.15,0.711992995546677,-1.6358797852948745,4.044120214705125,0.834413851524278,True,True,True
H1L1V1-GSTLAL_AllSky-1244154241-1.xml,1244154241.0,34.60153003365105,12.39574756604833,46.99727759969938,1319.593504576905,0.1984460686663278,8.947397934566009,0.021120924130513558,-0.1164421872402808,0.06661064427267088,Klein_relajada,-1,0.09739914247271624,92227.36991741312,0.30763739199007173,0.15,0.711992995546677,-1.6358797852948745,4.044120214705125,0.834413851524278,True,True,True
H1L1V1-GSTLAL_AllSky-1244070823-1.xml,1244070823.0,44.07385705158681,39.07168679014447,83.14554384173128,2903.645317670726,0.13062128671893944,7.036945136329377,0.04489271697955917,0.22703475161880365,0.1969973105658676,Klein_deformada,1,0.2280642070580296,203337.96062395343,0.678262428549665,0.15,0.7775237266062103,-1.2636652328767255,4.416334767123274,0.8844694609474388,True,True,True
H1L1V1-GSTLAL_AllSky-1244161081-1.xml,1244161081.0,22.004402760373633,12.96856498611701,34.97296774649064,963.8543309529292,0.1911846165531072,7.941844174361901,0.03152130261068518,-0.08835482760533173,0.06566278044077706,Klein_relajada,-1,0.08528344020461341,67117.16536080935,0.22387876535843124,0.15,0.7163318950101232,-1.6112348363425006,4.068765163657499,0.8395004318421001,True,True,True
H1L1V1-GSTLAL_AllSky-1244344703-1.xml,1244344703.0,22.004402760373633,12.96856498611701,34.97296774649064,963.8543309529292,0.1911846165531072,7.941844174361901,0.03152130261068518,-0.08835482760533173,0.06566278044077706,Klein_relajada,-1,0.08528344020461341,67117.16536080935,0.22387876535843124,0.15,0.7163318950101232,-1.6112348363425006,4.068765163657499,0.8395004318421001,True,True,True
H1L1V1-GSTLAL_AllSky-1244268714-1.xml,1244268714.0,44.07385705158681,39.07168679014447,83.14554384173128,2903.645317670726,0.13062128671893944,7.036945136329377,0.04489271697955917,0.22703475161880365,0.1969973105658676,Klein_deformada,1,0.2280642070580296,203337.96062395343,0.678262428549665,0.15,0.7775237266062103,-1.2636652328767255,4.416334767123274,0.8844694609474388,True,True,True
H1L1V1-GSTLAL_AllSky-1244255684-1.xml,1244255684.0,44.07385705158681,39.07168679014447,83.14554384173128,2903.645317670726,0.13062128671893944,7.036945136329377,0.04489271697955917,0.22703475161880365,0.1969973105658676,Klein_deformada,1,0.2280642070580296,203337.96062395343,0.678262428549665,0.15,0.7775237266062103,-1.2636652328767255,4.416334767123274,0.8844694609474388,True,True,True
H1L1V1-GSTLAL_AllSky-1244170446-1.xml,1244170446.0,34.60153003365105,12.39574756604833,46.99727759969938,1319.593504576905,0.1984460686663278,8.947397934566009,0.021120924130513558,-0.1164421872402808,0.06661064427267088,Klein_relajada,-1,0.09739914247271624,92227.36991741312,0.30763739199007173,0.15,0.711992995546677,-1.6358797852948745,4.044120214705125,0.834413851524278,True,True,True
H1L1V1-GSTLAL_AllSky-1244178825-1.xml,1244178825.0,22.004402760373633,12.96856498611701,34.97296774649064,963.8543309529292,0.1911846165531072,7.941844174361901,0.03152130261068518,-0.08835482760533173,0.06566278044077706,Klein_relajada,-1,0.08528344020461341,67117.16536080935,0.22387876535843124,0.15,0.7163318950101232,-1.6112348363425006,4.068765163657499,0.8395004318421001,True,True,True
H1L1V1-GSTLAL_AllSky-1244479509-1.xml,1244479509.0,55.5825341332078,52.09848576107563,107.68101989428342,1168.9513362751075,0.37899605099141975,9.027507769659621,0.04717929059567152,0.21933074336526132,0.3439693145545618,Klein_extrema,1,0.4986329513327043,81971.89682588178,0.2734288159640153,0.15,0.6374756999528439,-2.0591380242678463,3.6208619757321534,0.7251652383493461,True,True,True
H1L1V1-GSTLAL_AllSky-1244433614-1.xml,1244433614.0,55.5825341332078,52.09848576107563,107.68101989428342,1168.9513362751075,0.37899605099141975,9.027507769659621,0.04717929059567152,0.21933074336526132,0.3439693145545618,Klein_extrema,1,0.4986329513327043,81971.89682588178,0.2734288159640153,0.15,0.6374756999528439,-2.0591380242678463,3.6208619757321534,0.7251652383493461,True,True,True
H1L1V1-GSTLAL_AllSky-1244562300-1.xml,1244562300.0,22.004402760373633,12.96856498611701,34.97296774649064,963.8543309529292,0.1911846165531072,7.941844174361901,0.03152130261068518,-0.08835482760533173,0.06566278044077706,Klein_relajada,-1,0.08528344020461341,67117.16536080935,0.22387876535843124,0.15,0.7163318950101232,-1.6112348363425006,4.068765163657499,0.8395004318421001,True,True,True
H1L1V1-GSTLAL_AllSky-1244579776-1.xml,1244579776.0,22.004402760373633,12.96856498611701,34.97296774649064,963.8543309529292,0.1911846165531072,7.941844174361901,0.03152130261068518,-0.08835482760533173,0.06566278044077706,Klein_relajada,-1,0.08528344020461341,67117.16536080935,0.22387876535843124,0.15,0.7163318950101232,-1.6112348363425006,4.068765163657499,0.8395004318421001,True,True,True
H1L1V1-GSTLAL_AllSky-1244629354-1.xml,1244629354.0,55.5825341332078,52.09848576107563,107.68101989428342,1168.9513362751075,0.37899605099141975,9.027507769659621,0.04717929059567152,0.21933074336526132,0.3439693145545618,Klein_extrema,1,0.4986329513327043,81971.89682588178,0.2734288159640153,0.15,0.6374756999528439,-2.0591380242678463,3.6208619757321534,0.7251652383493461,True,True,True
H1L1V1-GSTLAL_AllSky-1244580182-1.xml,1244580182.0,44.07385705158681,39.07168679014447,83.14554384173128,2903.645317670726,0.13062128671893944,7.036945136329377,0.04489271697955917,0.22703475161880365,0.1969973105658676,Klein_deformada,1,0.2280642070580296,203337.96062395343,0.678262428549665,0.15,0.7775237266062103,-1.2636652328767255,4.416334767123274,0.8844694609474388,True,True,True
H1L1V1-GSTLAL_AllSky-1244635864-1.xml,1244635864.0,68.35470878920589,10.032711051230097,78.38741984043598,500.0,0.443625415230823,6.381309887169473,0.011604841207028121,0.02726843597516848,0.0435368166130437,Klein_relajada,-1,0.04433676162295274,35725.81752996116,0.11916849999595774,0.11916849999595774,0.6108712132021568,-2.2102515090117496,3.46974849098825,0.6927004674824936,True,True,True
H1L1V1-GSTLAL_AllSky-1244671674-1.xml,1244671674.0,68.35470878920589,10.032711051230097,78.38741984043598,500.0,0.443625415230823,6.381309887169473,0.011604841207028121,0.02726843597516848,0.0435368166130437,Klein_relajada,-1,0.04433676162295274,35725.81752996116,0.11916849999595774,0.11916849999595774,0.6108712132021568,-2.2102515090117496,3.46974849098825,0.6927004674824936,True,True,True
H1L1V1-GSTLAL_AllSky-1244713996-1.xml,1244713996.0,55.5825341332078,52.09848576107563,107.68101989428342,1168.9513362751075,0.37899605099141975,9.027507769659621,0.04717929059567152,0.21933074336526132,0.3439693145545618,Klein_extrema,1,0.4986329513327043,81971.89682588178,0.2734288159640153,0.15,0.6374756999528439,-2.0591380242678463,3.6208619757321534,0.7251652383493461,True,True,True
H1L1V1-GSTLAL_AllSky-1244711923-1.xml,1244711923.0,55.5825341332078,52.09848576107563,107.68101989428342,1168.9513362751075,0.37899605099141975,9.027507769659621,0.04717929059567152,0.21933074336526132,0.3439693145545618,Klein_extrema,1,0.4986329513327043,81971.89682588178,0.2734288159640153,0.15,0.6374756999528439,-2.0591380242678463,3.6208619757321534,0.7251652383493461,True,True,True
H1L1V1-GSTLAL_AllSky-1244746871-1.xml,1244746871.0,68.35470878920589,10.032711051230097,78.38741984043598,500.0,0.443625415230823,6.381309887169473,0.011604841207028121,0.02726843597516848,0.0435368166130437,Klein_relajada,-1,0.04433676162295274,35725.81752996116,0.11916849999595774,0.11916849999595774,0.6108712132021568,-2.2102515090117496,3.46974849098825,0.6927004674824936,True,True,True
H1L1V1-GSTLAL_AllSky-1244806663-1.xml,1244806663.0,22.004402760373633,12.96856498611701,34.97296774649064,963.8543309529292,0.1911846165531072,7.941844174361901,0.03152130261068518,-0.08835482760533173,0.06566278044077706,Klein_relajada,-1,0.08528344020461341,67117.16536080935,0.22387876535843124,0.15,0.7163318950101232,-1.6112348363425006,4.068765163657499,0.8395004318421001,True,True,True
H1L1V1-GSTLAL_AllSky-1244840357-1.xml,1244840357.0,70.01298980074209,64.7711880929998,134.78417789374188,653.8683758710671,0.3442297233518995,8.415488429564583,0.046630895530676175,0.4633601341747428,0.3966918341373263,Klein_extrema,1,0.5378772561397442,45625.37661588043,0.1521898746895108,0.15,0.6539611216343354,-1.9655008291169747,3.714499170883025,0.7439204643581704,True,True,True
H1L1V1-GSTLAL_AllSky-1245035079-1.xml,1245035079.0,70.01298980074209,64.7711880929998,134.78417789374188,653.8683758710671,0.3442297233518995,8.415488429564583,0.046630895530676175,0.4633601341747428,0.3966918341373263,Klein_extrema,1,0.5378772561397442,45625.37661588043,0.1521898746895108,0.15,0.6539611216343354,-1.9655008291169747,3.714499170883025,0.7439204643581704,True,True,True
H1L1V1-GSTLAL_AllSky-1245051768-1.xml,1245051768.0,68.35470878920589,10.032711051230097,78.38741984043598,500.0,0.443625415230823,6.381309887169473,0.011604841207028121,0.02726843597516848,0.0435368166130437,Klein_relajada,-1,0.04433676162295274,35725.81752996116,0.11916849999595774,0.11916849999595774,0.6108712132021568,-2.2102515090117496,3.46974849098825,0.6927004674824936,True,True,True
H1L1V1-GSTLAL_AllSky-1245063791-1.xml,1245063791.0,68.35470878920589,10.032711051230097,78.38741984043598,500.0,0.443625415230823,6.381309887169473,0.011604841207028121,0.02726843597516848,0.0435368166130437,Klein_relajada,-1,0.04433676162295274,35725.81752996116,0.11916849999595774,0.11916849999595774,0.6108712132021568,-2.2102515090117496,3.46974849098825,0.6927004674824936,True,True,True
H1L1V1-GSTLAL_AllSky-1245113233-1.xml,1245113233.0,55.5825341332078,52.09848576107563,107.68101989428342,1168.9513362751075,0.37899605099141975,9.027507769659621,0.04717929059567152,0.21933074336526132,0.3439693145545618,Klein_extrema,1,0.4986329513327043,81971.89682588178,0.2734288159640153,0.15,0.6374756999528439,-2.0591380242678463,3.6208619757321534,0.7251652383493461,True,True,True
H1L1V1-GSTLAL_AllSky-1245085972-1.xml,1245085972.0,70.01298980074209,64.7711880929998,134.78417789374188,653.8683758710671,0.3442297233518995,8.415488429564583,0.046630895530676175,0.4633601341747428,0.3966918341373263,Klein_extrema,1,0.5378772561397442,45625.37661588043,0.1521898746895108,0.15,0.6539611216343354,-1.9655008291169747,3.714499170883025,0.7439204643581704,True,True,True
H1L1V1-GSTLAL_AllSky-1245130483-1.xml,1245130483.0,40.05792661440318,23.001580044813718,63.05950665921689,502.3056106531569,1.2010244927594014,8.2964471705277,0.03083935788739621,-0.00790091500358786,0.12100667040802093,Klein_deformada,0,0.1493800037324805,35025.622005231024,0.1168328991292737,0.1168328991292737,0.5,-2.84,2.84,0.4543338810129779,True,True,True
H1L1V1-GSTLAL_AllSky-1245132209-1.xml,1245132209.0,40.05792661440318,23.001580044813718,63.05950665921689,502.3056106531569,1.2010244927594014,8.2964471705277,0.03083935788739621,-0.00790091500358786,0.12100667040802093,Klein_deformada,0,0.1493800037324805,35025.622005231024,0.1168328991292737,0.1168328991292737,0.5,-2.84,2.84,0.4543338810129779,True,True,True
H1L1V1-GSTLAL_AllSky-1245194108-1.xml,1245194108.0,70.01298980074209,64.7711880929998,134.78417789374188,653.8683758710671,0.3442297233518995,8.415488429564583,0.046630895530676175,0.4633601341747428,0.3966918341373263,Klein_extrema,1,0.5378772561397442,45625.37661588043,0.1521898746895108,0.15,0.6539611216343354,-1.9655008291169747,3.714499170883025,0.7439204643581704,True,True,True
H1L1V1-GSTLAL_AllSky-1245195141-1.xml,1245195141.0,70.01298980074209,64.7711880929998,134.78417789374188,653.8683758710671,0.3442297233518995,8.415488429564583,0.046630895530676175,0.4633601341747428,0.3966918341373263,Klein_extrema,1,0.5378772561397442,45625.37661588043,0.1521898746895108,0.15,0.6539611216343354,-1.9655008291169747,3.714499170883025,0.7439204643581704,True,True,True
H1L1V1-GSTLAL_AllSky-1245221073-1.xml,1245221073.0,68.35470878920589,10.032711051230097,78.38741984043598,500.0,0.443625415230823,6.381309887169473,0.011604841207028121,0.02726843597516848,0.0435368166130437,Klein_relajada,-1,0.04433676162295274,35725.81752996116,0.11916849999595774,0.11916849999595774,0.6108712132021568,-2.2102515090117496,3.46974849098825,0.6927004674824936,True,True,True
H1L1V1-GSTLAL_AllSky-1245274355-1.xml,1245274355.0,40.05792661440318,23.001580044813718,63.05950665921689,502.3056106531569,1.2010244927594014,8.2964471705277,0.03083935788739621,-0.00790091500358786,0.12100667040802093,Klein_deformada,0,0.1493800037324805,35025.622005231024,0.1168328991292737,0.1168328991292737,0.5,-2.84,2.84,0.4543338810129779,True,True,True
H1L1V1-GSTLAL_AllSky-1245334932-1.xml,1245334932.0,27.123510244522485,11.118219144959072,38.241729389481556,5000.0,0.2989781655016783,8.873619489093617,0.023445984941207837,0.008438965719712532,0.059671653294733444,Klein_relajada,-1,0.08568868631327807,349438.22147419717,1.1656004417369206,0.15,0.6569028910684563,-1.9487915787311678,3.731208421268832,0.7698358806622357,True,True,True
H1L1V1-GSTLAL_AllSky-1245337537-1.xml,1245337537.0,27.123510244522485,11.118219144959072,38.241729389481556,5000.0,0.2989781655016783,8.873619489093617,0.023445984941207837,0.008438965719712532,0.059671653294733444,Klein_relajada,-1,0.08568868631327807,349438.22147419717,1.1656004417369206,0.15,0.6569028910684563,-1.9487915787311678,3.731208421268832,0.7698358806622357,True,True,True
H1L1V1-GSTLAL_AllSky-1245349914-1.xml,1245349914.0,40.05792661440318,23.001580044813718,63.05950665921689,502.3056106531569,1.2010244927594014,8.2964471705277,0.03083935788739621,-0.00790091500358786,0.12100667040802093,Klein_deformada,0,0.1493800037324805,35025.622005231024,0.1168328991292737,0.1168328991292737,0.5,-2.84,2.84,0.4543338810129779,True,True,True
H1L1V1-GSTLAL_AllSky-1245339394-1.xml,1245339394.0,40.05792661440318,23.001580044813718,63.05950665921689,502.3056106531569,1.2010244927594014,8.2964471705277,0.03083935788739621,-0.00790091500358786,0.12100667040802093,Klein_deformada,0,0.1493800037324805,35025.622005231024,0.1168328991292737,0.1168328991292737,0.5,-2.84,2.84,0.4543338810129779,True,True,True
H1L1V1-GSTLAL_AllSky-1245365349-1.xml,1245365349.0,70.01298980074209,64.7711880929998,134.78417789374188,653.8683758710671,0.3442297233518995,8.415488429564583,0.046630895530676175,0.4633601341747428,0.3966918341373263,Klein_extrema,1,0.5378772561397442,45625.37661588043,0.1521898746895108,0.15,0.6539611216343354,-1.9655008291169747,3.714499170883025,0.7439204643581704,True,True,True
H1L1V1-GSTLAL_AllSky-1245410848-1.xml,1245410848.0,27.123510244522485,11.118219144959072,38.241729389481556,5000.0,0.2989781655016783,8.873619489093617,0.023445984941207837,0.008438965719712532,0.059671653294733444,Klein_relajada,-1,0.08568868631327807,349438.22147419717,1.1656004417369206,0.15,0.6569028910684563,-1.9487915787311678,3.731208421268832,0.7698358806622357,True,True,True
H1L1V1-GSTLAL_AllSky-1245456234-1.xml,1245456234.0,67.02268156403107,22.975791741250895,89.99847330528198,1947.1351364331256,0.902000488211076,8.127272595223697,0.02042627964487707,0.03355036727371313,0.11205481052785392,Klein_deformada,0,0.13922521096790144,137051.13381121273,0.4571533744561804,0.15,0.5,-2.84,2.84,0.5257622204611254,True,True,True
H1L1V1-GSTLAL_AllSky-1245569257-1.xml,1245569257.0,67.02268156403107,22.975791741250895,89.99847330528198,1947.1351364331256,0.902000488211076,8.127272595223697,0.02042627964487707,0.03355036727371313,0.11205481052785392,Klein_deformada,0,0.13922521096790144,137051.13381121273,0.4571533744561804,0.15,0.5,-2.84,2.84,0.5257622204611254,True,True,True
H1L1V1-GSTLAL_AllSky-1245573475-1.xml,1245573475.0,27.123510244522485,11.118219144959072,38.241729389481556,5000.0,0.2989781655016783,8.873619489093617,0.023445984941207837,0.008438965719712532,0.059671653294733444,Klein_relajada,-1,0.08568868631327807,349438.22147419717,1.1656004417369206,0.15,0.6569028910684563,-1.9487915787311678,3.731208421268832,0.7698358806622357,True,True,True
H1L1V1-GSTLAL_AllSky-1245642076-1.xml,1245642076.0,27.123510244522485,11.118219144959072,38.241729389481556,5000.0,0.2989781655016783,8.873619489093617,0.023445984941207837,0.008438965719712532,0.059671653294733444,Klein_relajada,-1,0.08568868631327807,349438.22147419717,1.1656004417369206,0.15,0.6569028910684563,-1.9487915787311678,3.731208421268832,0.7698358806622357,True,True,True
H1L1V1-GSTLAL_AllSky-1245646385-1.xml,1245646385.0,40.05792661440318,23.001580044813718,63.05950665921689,502.3056106531569,1.2010244927594014,8.2964471705277,0.03083935788739621,-0.00790091500358786,0.12100667040802093,Klein_deformada,0,0.1493800037324805,35025.622005231024,0.1168328991292737,0.1168328991292737,0.5,-2.84,2.84,0.4543338810129779,True,True,True
H1L1V1-GSTLAL_AllSky-1245688592-1.xml,1245688592.0,67.02268156403107,22.975791741250895,89.99847330528198,1947.1351364331256,0.902000488211076,8.127272595223697,0.02042627964487707,0.03355036727371313,0.11205481052785392,Klein_deformada,0,0.13922521096790144,137051.13381121273,0.4571533744561804,0.15,0.5,-2.84,2.84,0.5257622204611254,True,True,True
H1L1V1-GSTLAL_AllSky-1245691227-1.xml,1245691227.0,29.32852139299615,25.255125815363627,54.58364720835978,3983.0641902818747,0.5912377190245374,6.11643350717191,0.0437500156064043,0.526090297774561,0.10954694881649205,Klein_deformada,0,0.10543883005384143,279498.57216770115,0.9323068833429464,0.15,0.5403000531872825,-2.6110956978962356,3.068904302103764,0.6284416137477067,True,True,True
H1L1V1-GSTLAL_AllSky-1245764060-1.xml,1245764060.0,29.32852139299615,25.255125815363627,54.58364720835978,3983.0641902818747,0.5912377190245374,6.11643350717191,0.0437500156064043,0.526090297774561,0.10954694881649205,Klein_deformada,0,0.10543883005384143,279498.57216770115,0.9323068833429464,0.15,0.5403000531872825,-2.6110956978962356,3.068904302103764,0.6284416137477067,True,True,True
H1L1V1-GSTLAL_AllSky-1245874666-1.xml,1245874666.0,67.02268156403107,22.975791741250895,89.99847330528198,1947.1351364331256,0.902000488211076,8.127272595223697,0.02042627964487707,0.03355036727371313,0.11205481052785392,Klein_deformada,0,0.13922521096790144,137051.13381121273,0.4571533744561804,0.15,0.5,-2.84,2.84,0.5257622204611254,True,True,True
H1L1V1-GSTLAL_AllSky-1245878163-1.xml,1245878163.0,67.02268156403107,22.975791741250895,89.99847330528198,1947.1351364331256,0.902000488211076,8.127272595223697,0.02042627964487707,0.03355036727371313,0.11205481052785392,Klein_deformada,0,0.13922521096790144,137051.13381121273,0.4571533744561804,0.15,0.5,-2.84,2.84,0.5257622204611254,True,True,True
H1L1V1-GSTLAL_AllSky-1245898498-1.xml,1245898498.0,27.123510244522485,11.118219144959072,38.241729389481556,5000.0,0.2989781655016783,8.873619489093617,0.023445984941207837,0.008438965719712532,0.059671653294733444,Klein_relajada,-1,0.08568868631327807,349438.22147419717,1.1656004417369206,0.15,0.6569028910684563,-1.9487915787311678,3.731208421268832,0.7698358806622357,True,True,True
H1L1V1-GSTLAL_AllSky-1245955943-1.xml,1245955943.0,29.32852139299615,25.255125815363627,54.58364720835978,3983.0641902818747,0.5912377190245374,6.11643350717191,0.0437500156064043,0.526090297774561,0.10954694881649205,Klein_deformada,0,0.10543883005384143,279498.57216770115,0.9323068833429464,0.15,0.5403000531872825,-2.6110956978962356,3.068904302103764,0.6284416137477067,True,True,True
H1L1V1-GSTLAL_AllSky-1246016029-1.xml,1246016029.0,35.963856570928165,12.974834619287165,48.93869119021533,1395.2886422582776,0.6563531743102727,6.783563733483585,0.02123484279880871,0.5214764225051736,0.05287137119573823,Klein_relajada,-1,0.05609428640302992,97977.5670516235,0.32681798503291065,0.15,0.5151591916489161,-2.7538957914341564,2.9261042085658433,0.6037359758231593,True,True,True
H1L1V1-GSTLAL_AllSky-1246048404-1.xml,1246048404.0,35.963856570928165,12.974834619287165,48.93869119021533,1395.2886422582776,0.6563531743102727,6.783563733483585,0.02123484279880871,0.5214764225051736,0.05287137119573823,Klein_relajada,-1,0.05609428640302992,97977.5670516235,0.32681798503291065,0.15,0.5151591916489161,-2.7538957914341564,2.9261042085658433,0.6037359758231593,True,True,True
H1L1V1-GSTLAL_AllSky-1246191236-1.xml,1246191236.0,29.32852139299615,25.255125815363627,54.58364720835978,3983.0641902818747,0.5912377190245374,6.11643350717191,0.0437500156064043,0.526090297774561,0.10954694881649205,Klein_deformada,0,0.10543883005384143,279498.57216770115,0.9323068833429464,0.15,0.5403000531872825,-2.6110956978962356,3.068904302103764,0.6284416137477067,True,True,True
H1L1V1-GSTLAL_AllSky-1246212043-1.xml,1246212043.0,29.32852139299615,25.255125815363627,54.58364720835978,3983.0641902818747,0.5912377190245374,6.11643350717191,0.0437500156064043,0.526090297774561,0.10954694881649205,Klein_deformada,0,0.10543883005384143,279498.57216770115,0.9323068833429464,0.15,0.5403000531872825,-2.6110956978962356,3.068904302103764,0.6284416137477067,True,True,True
H1L1V1-GSTLAL_AllSky-1246272532-1.xml,1246272532.0,67.02268156403107,22.975791741250895,89.99847330528198,1947.1351364331256,0.902000488211076,8.127272595223697,0.02042627964487707,0.03355036727371313,0.11205481052785392,Klein_deformada,0,0.13922521096790144,137051.13381121273,0.4571533744561804,0.15,0.5,-2.84,2.84,0.5257622204611254,True,True,True
H1L1V1-GSTLAL_AllSky-1246296410-1.xml,1246296410.0,35.963856570928165,12.974834619287165,48.93869119021533,1395.2886422582776,0.6563531743102727,6.783563733483585,0.02123484279880871,0.5214764225051736,0.05287137119573823,Klein_relajada,-1,0.05609428640302992,97977.5670516235,0.32681798503291065,0.15,0.5151591916489161,-2.7538957914341564,2.9261042085658433,0.6037359758231593,True,True,True
H1L1V1-GSTLAL_AllSky-1246385767-1.xml,1246385767.0,22.976686093549834,12.271135273452355,35.24782136700219,500.0,0.22533803737524555,7.578876072973819,0.02903310403672066,-0.2610322685968161,0.058169029533475934,Klein_relajada,-1,0.07185677130476754,35469.565985139285,0.11831373684904137,0.11831373684904137,0.7203498277109013,-1.588412978602081,4.091587021397919,0.8161013283665506,True,True,True
H1L1V1-GSTLAL_AllSky-1246393733-1.xml,1246393733.0,22.976686093549834,12.271135273452355,35.24782136700219,500.0,0.22533803737524555,7.578876072973819,0.02903310403672066,-0.2610322685968161,0.058169029533475934,Klein_relajada,-1,0.07185677130476754,35469.565985139285,0.11831373684904137,0.11831373684904137,0.7203498277109013,-1.588412978602081,4.091587021397919,0.8161013283665506,True,True,True
H1L1V1-GSTLAL_AllSky-1246457131-1.xml,1246457131.0,35.963856570928165,12.974834619287165,48.93869119021533,1395.2886422582776,0.6563531743102727,6.783563733483585,0.02123484279880871,0.5214764225051736,0.05287137119573823,Klein_relajada,-1,0.05609428640302992,97977.5670516235,0.32681798503291065,0.15,0.5151591916489161,-2.7538957914341564,2.9261042085658433,0.6037359758231593,True,True,True
H1L1V1-GSTLAL_AllSky-1246487219-1.xml,1246487219.0,35.963856570928165,12.974834619287165,48.93869119021533,1395.2886422582776,0.6563531743102727,6.783563733483585,0.02123484279880871,0.5214764225051736,0.05287137119573823,Klein_relajada,-1,0.05609428640302992,97977.5670516235,0.32681798503291065,0.15,0.5151591916489161,-2.7538957914341564,2.9261042085658433,0.6037359758231593,True,True,True
H1L1V1-GSTLAL_AllSky-1246514951-1.xml,1246514951.0,29.32852139299615,25.255125815363627,54.58364720835978,3983.0641902818747,0.5912377190245374,6.11643350717191,0.0437500156064043,0.526090297774561,0.10954694881649205,Klein_deformada,0,0.10543883005384143,279498.57216770115,0.9323068833429464,0.15,0.5403000531872825,-2.6110956978962356,3.068904302103764,0.6284416137477067,True,True,True
H1L1V1-GSTLAL_AllSky-1246523564-1.xml,1246523564.0,22.976686093549834,12.271135273452355,35.24782136700219,500.0,0.22533803737524555,7.578876072973819,0.02903310403672066,-0.2610322685968161,0.058169029533475934,Klein_relajada,-1,0.07185677130476754,35469.565985139285,0.11831373684904137,0.11831373684904137,0.7203498277109013,-1.588412978602081,4.091587021397919,0.8161013283665506,True,True,True
H1L1V1-GSTLAL_AllSky-1246527224-1.xml,1246527224.0,41.17562087807824,35.00012105013549,76.17574192821374,554.4060193625078,0.5461419147261868,8.096286983270959,0.04325092162956611,0.2050377576626093,0.20005951717055323,Klein_extrema,1,0.2559765896451807,38538.09227917237,0.1285492388176502,0.1285492388176502,0.5793052619874658,-2.3895461119111943,3.2904538880888055,0.6467711601862204,True,True,True
H1L1V1-GSTLAL_AllSky-1246546020-1.xml,1246546020.0,41.17562087807824,35.00012105013549,76.17574192821374,554.4060193625078,0.5461419147261868,8.096286983270959,0.04325092162956611,0.2050377576626093,0.20005951717055323,Klein_extrema,1,0.2559765896451807,38538.09227917237,0.1285492388176502,0.1285492388176502,0.5793052619874658,-2.3895461119111943,3.2904538880888055,0.6467711601862204,True,True,True
H1L1V1-GSTLAL_AllSky-1246600287-1.xml,1246600287.0,22.976686093549834,12.271135273452355,35.24782136700219,500.0,0.22533803737524555,7.578876072973819,0.02903310403672066,-0.2610322685968161,0.058169029533475934,Klein_relajada,-1,0.07185677130476754,35469.565985139285,0.11831373684904137,0.11831373684904137,0.7203498277109013,-1.588412978602081,4.091587021397919,0.8161013283665506,True,True,True
H1L1V1-GSTLAL_AllSky-1246602484-1.xml,1246602484.0,22.976686093549834,12.271135273452355,35.24782136700219,500.0,0.22533803737524555,7.578876072973819,0.02903310403672066,-0.2610322685968161,0.058169029533475934,Klein_relajada,-1,0.07185677130476754,35469.565985139285,0.11831373684904137,0.11831373684904137,0.7203498277109013,-1.588412978602081,4.091587021397919,0.8161013283665506,True,True,True
H1L1V1-GSTLAL_AllSky-1246626158-1.xml,1246626158.0,35.963856570928165,12.974834619287165,48.93869119021533,1395.2886422582776,0.6563531743102727,6.783563733483585,0.02123484279880871,0.5214764225051736,0.05287137119573823,Klein_relajada,-1,0.05609428640302992,97977.5670516235,0.32681798503291065,0.15,0.5151591916489161,-2.7538957914341564,2.9261042085658433,0.6037359758231593,True,True,True
H1L1V1-GSTLAL_AllSky-1246663515-1.xml,1246663515.0,41.17562087807824,35.00012105013549,76.17574192821374,554.4060193625078,0.5461419147261868,8.096286983270959,0.04325092162956611,0.2050377576626093,0.20005951717055323,Klein_extrema,1,0.2559765896451807,38538.09227917237,0.1285492388176502,0.1285492388176502,0.5793052619874658,-2.3895461119111943,3.2904538880888055,0.6467711601862204,True,True,True
H1L1V1-GSTLAL_AllSky-1246677756-1.xml,1246677756.0,51.83043905612374,23.644871721550977,75.47531077767471,840.7003898890266,0.3845015941325172,7.870620046354389,0.02552884843050699,0.1013634999469718,0.11373819859995121,Klein_deformada,0,0.14367406688104253,58321.267825243274,0.1945388093293637,0.15,0.620967819942516,-2.1529027827265086,3.527097217273491,0.7222815807782199,True,True,True
H1L1V1-GSTLAL_AllSky-1246684845-1.xml,1246684845.0,51.83043905612374,23.644871721550977,75.47531077767471,840.7003898890266,0.3845015941325172,7.870620046354389,0.02552884843050699,0.1013634999469718,0.11373819859995121,Klein_deformada,0,0.14367406688104253,58321.267825243274,0.1945388093293637,0.15,0.620967819942516,-2.1529027827265086,3.527097217273491,0.7222815807782199,True,True,True
H1L1V1-GSTLAL_AllSky-1246779793-1.xml,1246779793.0,41.17562087807824,35.00012105013549,76.17574192821374,554.4060193625078,0.5461419147261868,8.096286983270959,0.04325092162956611,0.2050377576626093,0.20005951717055323,Klein_extrema,1,0.2559765896451807,38538.09227917237,0.1285492388176502,0.1285492388176502,0.5793052619874658,-2.3895461119111943,3.2904538880888055,0.6467711601862204,True,True,True
H1L1V1-GSTLAL_AllSky-1246835605-1.xml,1246835605.0,41.17562087807824,35.00012105013549,76.17574192821374,554.4060193625078,0.5461419147261868,8.096286983270959,0.04325092162956611,0.2050377576626093,0.20005951717055323,Klein_extrema,1,0.2559765896451807,38538.09227917237,0.1285492388176502,0.1285492388176502,0.5793052619874658,-2.3895461119111943,3.2904538880888055,0.6467711601862204,True,True,True
H1L1V1-GSTLAL_AllSky-1246849694-1.xml,1246849694.0,22.976686093549834,12.271135273452355,35.24782136700219,500.0,0.22533803737524555,7.578876072973819,0.02903310403672066,-0.2610322685968161,0.058169029533475934,Klein_relajada,-1,0.07185677130476754,35469.565985139285,0.11831373684904137,0.11831373684904137,0.7203498277109013,-1.588412978602081,4.091587021397919,0.8161013283665506,True,True,True
H1L1V1-GSTLAL_AllSky-1246852494-1.xml,1246852494.0,51.83043905612374,23.644871721550977,75.47531077767471,840.7003898890266,0.3845015941325172,7.870620046354389,0.02552884843050699,0.1013634999469718,0.11373819859995121,Klein_deformada,0,0.14367406688104253,58321.267825243274,0.1945388093293637,0.15,0.620967819942516,-2.1529027827265086,3.527097217273491,0.7222815807782199,True,True,True
H1L1V1-GSTLAL_AllSky-1246853186-1.xml,1246853186.0,28.525762921846496,24.923789303045726,53.44955222489222,1317.6624625597235,0.17645793561171177,7.291042779943169,0.04431780971852995,0.46037636253774533,0.12953086614579543,Klein_deformada,0,0.1546731833360834,93158.38192111901,0.3107429137564195,0.15,0.7307810762279172,-1.5291634870254303,4.1508365129745695,0.8500091416188539,True,True,True
H1L1V1-GSTLAL_AllSky-1247305773-1.xml,1247305773.0,28.525762921846496,24.923789303045726,53.44955222489222,1317.6624625597235,0.17645793561171177,7.291042779943169,0.04431780971852995,0.46037636253774533,0.12953086614579543,Klein_deformada,0,0.1546731833360834,93158.38192111901,0.3107429137564195,0.15,0.7307810762279172,-1.5291634870254303,4.1508365129745695,0.8500091416188539,True,True,True
H1L1V1-GSTLAL_AllSky-1247473474-1.xml,1247473474.0,51.83043905612374,23.644871721550977,75.47531077767471,840.7003898890266,0.3845015941325172,7.870620046354389,0.02552884843050699,0.1013634999469718,0.11373819859995121,Klein_deformada,0,0.14367406688104253,58321.267825243274,0.1945388093293637,0.15,0.620967819942516,-2.1529027827265086,3.527097217273491,0.7222815807782199,True,True,True
H1L1V1-GSTLAL_AllSky-1247529518-1.xml,1247529518.0,51.83043905612374,23.644871721550977,75.47531077767471,840.7003898890266,0.3845015941325172,7.870620046354389,0.02552884843050699,0.1013634999469718,0.11373819859995121,Klein_deformada,0,0.14367406688104253,58321.267825243274,0.1945388093293637,0.15,0.620967819942516,-2.1529027827265086,3.527097217273491,0.7222815807782199,True,True,True
H1L1V1-GSTLAL_AllSky-1247606192-1.xml,1247606192.0,28.525762921846496,24.923789303045726,53.44955222489222,1317.6624625597235,0.17645793561171177,7.291042779943169,0.04431780971852995,0.46037636253774533,0.12953086614579543,Klein_deformada,0,0.1546731833360834,93158.38192111901,0.3107429137564195,0.15,0.7307810762279172,-1.5291634870254303,4.1508365129745695,0.8500091416188539,True,True,True
H1L1V1-GSTLAL_AllSky-1247571986-1.xml,1247571986.0,41.17562087807824,35.00012105013549,76.17574192821374,554.4060193625078,0.5461419147261868,8.096286983270959,0.04325092162956611,0.2050377576626093,0.20005951717055323,Klein_extrema,1,0.2559765896451807,38538.09227917237,0.1285492388176502,0.1285492388176502,0.5793052619874658,-2.3895461119111943,3.2904538880888055,0.6467711601862204,True,True,True
H1L1V1-GSTLAL_AllSky-1247616534-1.xml,1247616534.0,17.978364465388477,12.217259436121466,30.195623901509943,1374.1513539313562,0.44922898476996614,7.9803417483384615,0.03557990484528684,0.028319105851395632,0.06430304559480081,Klein_relajada,-1,0.08184978369431938,96372.1141139749,0.32146277046761096,0.15,0.5887858108958335,-2.3356965941116656,3.344303405888334,0.6900220810576242,True,True,True
H1L1V1-GSTLAL_AllSky-1247625885-1.xml,1247625885.0,17.978364465388477,12.217259436121466,30.195623901509943,1374.1513539313562,0.44922898476996614,7.9803417483384615,0.03557990484528684,0.028319105851395632,0.06430304559480081,Klein_relajada,-1,0.08184978369431938,96372.1141139749,0.32146277046761096,0.15,0.5887858108958335,-2.3356965941116656,3.344303405888334,0.6900220810576242,True,True,True
H1L1V1-GSTLAL_AllSky-1247679044-1.xml,1247679044.0,28.525762921846496,24.923789303045726,53.44955222489222,1317.6624625597235,0.17645793561171177,7.291042779943169,0.04431780971852995,0.46037636253774533,0.12953086614579543,Klein_deformada,0,0.1546731833360834,93158.38192111901,0.3107429137564195,0.15,0.7307810762279172,-1.5291634870254303,4.1508365129745695,0.8500091416188539,True,True,True
H1L1V1-GSTLAL_AllSky-1247712250-1.xml,1247712250.0,28.525762921846496,24.923789303045726,53.44955222489222,1317.6624625597235,0.17645793561171177,7.291042779943169,0.04431780971852995,0.46037636253774533,0.12953086614579543,Klein_deformada,0,0.1546731833360834,93158.38192111901,0.3107429137564195,0.15,0.7307810762279172,-1.5291634870254303,4.1508365129745695,0.8500091416188539,True,True,True
H1L1V1-GSTLAL_AllSky-1247758272-1.xml,1247758272.0,17.978364465388477,12.217259436121466,30.195623901509943,1374.1513539313562,0.44922898476996614,7.9803417483384615,0.03557990484528684,0.028319105851395632,0.06430304559480081,Klein_relajada,-1,0.08184978369431938,96372.1141139749,0.32146277046761096,0.15,0.5887858108958335,-2.3356965941116656,3.344303405888334,0.6900220810576242,True,True,True
H1L1V1-GSTLAL_AllSky-1247788484-1.xml,1247788484.0,51.83043905612374,23.644871721550977,75.47531077767471,840.7003898890266,0.3845015941325172,7.870620046354389,0.02552884843050699,0.1013634999469718,0.11373819859995121,Klein_deformada,0,0.14367406688104253,58321.267825243274,0.1945388093293637,0.15,0.620967819942516,-2.1529027827265086,3.527097217273491,0.7222815807782199,True,True,True
H1L1V1-GSTLAL_AllSky-1247793417-1.xml,1247793417.0,65.51008719766365,15.36067979056321,80.87076698822686,1045.6458491676483,0.3850120030770362,8.637451892287281,0.015551513822439186,0.30667845656800014,0.08147251776896086,Klein_relajada,0,0.11293759258766582,73947.12912435661,0.2466610721886693,0.15,0.6207396800009242,-2.1541986175947505,3.525801382405249,0.7220154033166013,True,True,True
H1L1V1-GSTLAL_AllSky-1248055112-1.xml,1248055112.0,28.525762921846496,24.923789303045726,53.44955222489222,1317.6624625597235,0.17645793561171177,7.291042779943169,0.04431780971852995,0.46037636253774533,0.12953086614579543,Klein_deformada,0,0.1546731833360834,93158.38192111901,0.3107429137564195,0.15,0.7307810762279172,-1.5291634870254303,4.1508365129745695,0.8500091416188539,True,True,True
H1L1V1-GSTLAL_AllSky-1247825375-1.xml,1247825375.0,65.51008719766365,15.36067979056321,80.87076698822686,1045.6458491676483,0.3850120030770362,8.637451892287281,0.015551513822439186,0.30667845656800014,0.08147251776896086,Klein_relajada,0,0.11293759258766582,73947.12912435661,0.2466610721886693,0.15,0.6207396800009242,-2.1541986175947505,3.525801382405249,0.7220154033166013,True,True,True
H1L1V1-GSTLAL_AllSky-1247864269-1.xml,1247864269.0,17.978364465388477,12.217259436121466,30.195623901509943,1374.1513539313562,0.44922898476996614,7.9803417483384615,0.03557990484528684,0.028319105851395632,0.06430304559480081,Klein_relajada,-1,0.08184978369431938,96372.1141139749,0.32146277046761096,0.15,0.5887858108958335,-2.3356965941116656,3.344303405888334,0.6900220810576242,True,True,True
H1L1V1-GSTLAL_AllSky-1247877553-1.xml,1247877553.0,65.51008719766365,15.36067979056321,80.87076698822686,1045.6458491676483,0.3850120030770362,8.637451892287281,0.015551513822439186,0.30667845656800014,0.08147251776896086,Klein_relajada,0,0.11293759258766582,73947.12912435661,0.2466610721886693,0.15,0.6207396800009242,-2.1541986175947505,3.525801382405249,0.7220154033166013,True,True,True
H1L1V1-GSTLAL_AllSky-1247855210-1.xml,1247855210.0,17.978364465388477,12.217259436121466,30.195623901509943,1374.1513539313562,0.44922898476996614,7.9803417483384615,0.03557990484528684,0.028319105851395632,0.06430304559480081,Klein_relajada,-1,0.08184978369431938,96372.1141139749,0.32146277046761096,0.15,0.5887858108958335,-2.3356965941116656,3.344303405888334,0.6900220810576242,True,True,True
H1L1V1-GSTLAL_AllSky-1248093189-1.xml,1248093189.0,53.24500771665943,25.28744155244899,78.53244926910841,1551.3030122032487,0.37268354208156196,8.8737363698508,0.026371672550329347,0.3899551923361059,0.13783344230395045,Klein_deformada,0,0.19652542581230126,108185.38246458846,0.36086759215466474,0.15,0.6263164647115679,-2.1225224804382945,3.557477519561705,0.7285000288439257,True,True,True
H1L1V1-GSTLAL_AllSky-1248104724-1.xml,1248104724.0,17.978364465388477,12.217259436121466,30.195623901509943,1374.1513539313562,0.44922898476996614,7.9803417483384615,0.03557990484528684,0.028319105851395632,0.06430304559480081,Klein_relajada,-1,0.08184978369431938,96372.1141139749,0.32146277046761096,0.15,0.5887858108958335,-2.3356965941116656,3.344303405888334,0.6900220810576242,True,True,True
H1L1V1-GSTLAL_AllSky-1248192749-1.xml,1248192749.0,53.24500771665943,25.28744155244899,78.53244926910841,1551.3030122032487,0.37268354208156196,8.8737363698508,0.026371672550329347,0.3899551923361059,0.13783344230395045,Klein_deformada,0,0.19652542581230126,108185.38246458846,0.36086759215466474,0.15,0.6263164647115679,-2.1225224804382945,3.557477519561705,0.7285000288439257,True,True,True
H1L1V1-GSTLAL_AllSky-1248199254-1.xml,1248199254.0,65.51008719766365,15.36067979056321,80.87076698822686,1045.6458491676483,0.3850120030770362,8.637451892287281,0.015551513822439186,0.30667845656800014,0.08147251776896086,Klein_relajada,0,0.11293759258766582,73947.12912435661,0.2466610721886693,0.15,0.6207396800009242,-2.1541986175947505,3.525801382405249,0.7220154033166013,True,True,True
H1L1V1-GSTLAL_AllSky-1248208249-1.xml,1248208249.0,53.24500771665943,25.28744155244899,78.53244926910841,1551.3030122032487,0.37268354208156196,8.8737363698508,0.026371672550329347,0.3899551923361059,0.13783344230395045,Klein_deformada,0,0.19652542581230126,108185.38246458846,0.36086759215466474,0.15,0.6263164647115679,-2.1225224804382945,3.557477519561705,0.7285000288439257,True,True,True
H1L1V1-GSTLAL_AllSky-1248242631-1.xml,1248242631.0,65.51008719766365,15.36067979056321,80.87076698822686,1045.6458491676483,0.3850120030770362,8.637451892287281,0.015551513822439186,0.30667845656800014,0.08147251776896086,Klein_relajada,0,0.11293759258766582,73947.12912435661,0.2466610721886693,0.15,0.6207396800009242,-2.1541986175947505,3.525801382405249,0.7220154033166013,True,True,True
H1L1V1-GSTLAL_AllSky-1248331528-1.xml,1248331528.0,38.75151040866894,11.591816328031804,50.343326736700746,1409.7386395921562,0.396363637119393,9.344229697873446,0.01846093943849835,0.5715239070676135,0.06513290931316394,Klein_relajada,-1,0.09756886907071143,99282.84459339341,0.3311719222549402,0.15,0.6110769484584336,-2.209082932756097,3.470917067243903,0.7161458329457323,True,True,True
H1L1V1-GSTLAL_AllSky-1248365183-1.xml,1248365183.0,65.51008719766365,15.36067979056321,80.87076698822686,1045.6458491676483,0.3850120030770362,8.637451892287281,0.015551513822439186,0.30667845656800014,0.08147251776896086,Klein_relajada,0,0.11293759258766582,73947.12912435661,0.2466610721886693,0.15,0.6207396800009242,-2.1541986175947505,3.525801382405249,0.7220154033166013,True,True,True
H1L1V1-GSTLAL_AllSky-1248387022-1.xml,1248387022.0,38.75151040866894,11.591816328031804,50.343326736700746,1409.7386395921562,0.396363637119393,9.344229697873446,0.01846093943849835,0.5715239070676135,0.06513290931316394,Klein_relajada,-1,0.09756886907071143,99282.84459339341,0.3311719222549402,0.15,0.6110769484584336,-2.209082932756097,3.470917067243903,0.7161458329457323,True,True,True
H1L1V1-GSTLAL_AllSky-1248388469-1.xml,1248388469.0,53.24500771665943,25.28744155244899,78.53244926910841,1551.3030122032487,0.37268354208156196,8.8737363698508,0.026371672550329347,0.3899551923361059,0.13783344230395045,Klein_deformada,0,0.19652542581230126,108185.38246458846,0.36086759215466474,0.15,0.6263164647115679,-2.1225224804382945,3.557477519561705,0.7285000288439257,True,True,True
H1L1V1-GSTLAL_AllSky-1248447227-1.xml,1248447227.0,38.75151040866894,11.591816328031804,50.343326736700746,1409.7386395921562,0.396363637119393,9.344229697873446,0.01846093943849835,0.5715239070676135,0.06513290931316394,Klein_relajada,-1,0.09756886907071143,99282.84459339341,0.3311719222549402,0.15,0.6110769484584336,-2.209082932756097,3.470917067243903,0.7161458329457323,True,True,True
H1L1V1-GSTLAL_AllSky-1248515038-1.xml,1248515038.0,53.24500771665943,25.28744155244899,78.53244926910841,1551.3030122032487,0.37268354208156196,8.8737363698508,0.026371672550329347,0.3899551923361059,0.13783344230395045,Klein_deformada,0,0.19652542581230126,108185.38246458846,0.36086759215466474,0.15,0.6263164647115679,-2.1225224804382945,3.557477519561705,0.7285000288439257,True,True,True
H1L1V1-GSTLAL_AllSky-1248524521-1.xml,1248524521.0,67.53552027407011,53.6332161604071,121.16873643447721,935.3135745796588,0.1863113516651353,8.131797920067708,0.04073667186428661,-0.05169315362240459,0.30103983331041934,Klein_extrema,1,0.4005367278134868,65940.6079071445,0.21995419213362766,0.15,0.7410157036690045,-1.4710308031600547,4.208969196839945,0.8429490273328125,True,True,True
H1L1V1-GSTLAL_AllSky-1248617394-1.xml,1248617394.0,53.24500771665943,25.28744155244899,78.53244926910841,1551.3030122032487,0.37268354208156196,8.8737363698508,0.026371672550329347,0.3899551923361059,0.13783344230395045,Klein_deformada,0,0.19652542581230126,108185.38246458846,0.36086759215466474,0.15,0.6263164647115679,-2.1225224804382945,3.557477519561705,0.7285000288439257,True,True,True
H1L1V1-GSTLAL_AllSky-1248711176-1.xml,1248711176.0,67.53552027407011,53.6332161604071,121.16873643447721,935.3135745796588,0.1863113516651353,8.131797920067708,0.04073667186428661,-0.05169315362240459,0.30103983331041934,Klein_extrema,1,0.4005367278134868,65940.6079071445,0.21995419213362766,0.15,0.7410157036690045,-1.4710308031600547,4.208969196839945,0.8429490273328125,True,True,True
H1L1V1-GSTLAL_AllSky-1248741664-1.xml,1248741664.0,38.75151040866894,11.591816328031804,50.343326736700746,1409.7386395921562,0.396363637119393,9.344229697873446,0.01846093943849835,0.5715239070676135,0.06513290931316394,Klein_relajada,-1,0.09756886907071143,99282.84459339341,0.3311719222549402,0.15,0.6110769484584336,-2.209082932756097,3.470917067243903,0.7161458329457323,True,True,True
H1L1V1-GSTLAL_AllSky-1248756237-1.xml,1248756237.0,67.53552027407011,53.6332161604071,121.16873643447721,935.3135745796588,0.1863113516651353,8.131797920067708,0.04073667186428661,-0.05169315362240459,0.30103983331041934,Klein_extrema,1,0.4005367278134868,65940.6079071445,0.21995419213362766,0.15,0.7410157036690045,-1.4710308031600547,4.208969196839945,0.8429490273328125,True,True,True
H1L1V1-GSTLAL_AllSky-1248798387-1.xml,1248798387.0,38.75151040866894,11.591816328031804,50.343326736700746,1409.7386395921562,0.396363637119393,9.344229697873446,0.01846093943849835,0.5715239070676135,0.06513290931316394,Klein_relajada,-1,0.09756886907071143,99282.84459339341,0.3311719222549402,0.15,0.6110769484584336,-2.209082932756097,3.470917067243903,0.7161458329457323,True,True,True
H1L1V1-GSTLAL_AllSky-1248810728-1.xml,1248810728.0,57.82883390700207,37.47079114977979,95.29962505678186,1709.5143077254797,0.5199471101041766,7.685631090819151,0.0341582155097878,-0.05790750644588297,0.18764075172976696,Klein_deformada,1,0.22847668660707637,120215.47871408353,0.4009956738607598,0.15,0.5783616322223719,-2.3949059289769274,3.2850940710230723,0.6579176297334849,True,True,True
H1L1V1-GSTLAL_AllSky-1248834439-1.xml,1248834439.0,38.75151040866894,11.591816328031804,50.343326736700746,1409.7386395921562,0.396363637119393,9.344229697873446,0.01846093943849835,0.5715239070676135,0.06513290931316394,Klein_relajada,-1,0.09756886907071143,99282.84459339341,0.3311719222549402,0.15,0.6110769484584336,-2.209082932756097,3.470917067243903,0.7161458329457323,True,True,True
H1L1V1-GSTLAL_AllSky-1248858246-1.xml,1248858246.0,67.53552027407011,53.6332161604071,121.16873643447721,935.3135745796588,0.1863113516651353,8.131797920067708,0.04073667186428661,-0.05169315362240459,0.30103983331041934,Klein_extrema,1,0.4005367278134868,65940.6079071445,0.21995419213362766,0.15,0.7410157036690045,-1.4710308031600547,4.208969196839945,0.8429490273328125,True,True,True
H1L1V1-GSTLAL_AllSky-1248845595-1.xml,1248845595.0,57.82883390700207,37.47079114977979,95.29962505678186,1709.5143077254797,0.5199471101041766,7.685631090819151,0.0341582155097878,-0.05790750644588297,0.18764075172976696,Klein_deformada,1,0.22847668660707637,120215.47871408353,0.4009956738607598,0.15,0.5783616322223719,-2.3949059289769274,3.2850940710230723,0.6579176297334849,True,True,True
H1L1V1-GSTLAL_AllSky-1248893557-1.xml,1248893557.0,57.82883390700207,37.47079114977979,95.29962505678186,1709.5143077254797,0.5199471101041766,7.685631090819151,0.0341582155097878,-0.05790750644588297,0.18764075172976696,Klein_deformada,1,0.22847668660707637,120215.47871408353,0.4009956738607598,0.15,0.5783616322223719,-2.3949059289769274,3.2850940710230723,0.6579176297334849,True,True,True
H1L1V1-GSTLAL_AllSky-1248922975-1.xml,1248922975.0,67.53552027407011,53.6332161604071,121.16873643447721,935.3135745796588,0.1863113516651353,8.131797920067708,0.04073667186428661,-0.05169315362240459,0.30103983331041934,Klein_extrema,1,0.4005367278134868,65940.6079071445,0.21995419213362766,0.15,0.7410157036690045,-1.4710308031600547,4.208969196839945,0.8429490273328125,True,True,True
H1L1V1-GSTLAL_AllSky-1248938850-1.xml,1248938850.0,29.99421433285254,15.467734375371464,45.461948708224,764.6586309802033,0.14450159206572835,8.876613733989986,0.02820607698429818,0.2768820753041386,0.08536882814432413,Klein_relajada,0,0.124498659936338,53502.01094659635,0.17846349872683037,0.15,0.7511833817547557,-1.4132783916329874,4.266721608367012,0.8737427775832838,True,True,True
H1L1V1-GSTLAL_AllSky-1249010427-1.xml,1249010427.0,67.53552027407011,53.6332161604071,121.16873643447721,935.3135745796588,0.1863113516651353,8.131797920067708,0.04073667186428661,-0.05169315362240459,0.30103983331041934,Klein_extrema,1,0.4005367278134868,65940.6079071445,0.21995419213362766,0.15,0.7410157036690045,-1.4710308031600547,4.208969196839945,0.8429490273328125,True,True,True
H1L1V1-GSTLAL_AllSky-1249032684-1.xml,1249032684.0,57.82883390700207,37.47079114977979,95.29962505678186,1709.5143077254797,0.5199471101041766,7.685631090819151,0.0341582155097878,-0.05790750644588297,0.18764075172976696,Klein_deformada,1,0.22847668660707637,120215.47871408353,0.4009956738607598,0.15,0.5783616322223719,-2.3949059289769274,3.2850940710230723,0.6579176297334849,True,True,True
H1L1V1-GSTLAL_AllSky-1249059066-1.xml,1249059066.0,29.99421433285254,15.467734375371464,45.461948708224,764.6586309802033,0.14450159206572835,8.876613733989986,0.02820607698429818,0.2768820753041386,0.08536882814432413,Klein_relajada,0,0.124498659936338,53502.01094659635,0.17846349872683037,0.15,0.7511833817547557,-1.4132783916329874,4.266721608367012,0.8737427775832838,True,True,True
H1L1V1-GSTLAL_AllSky-1249064938-1.xml,1249064938.0,29.99421433285254,15.467734375371464,45.461948708224,764.6586309802033,0.14450159206572835,8.876613733989986,0.02820607698429818,0.2768820753041386,0.08536882814432413,Klein_relajada,0,0.124498659936338,53502.01094659635,0.17846349872683037,0.15,0.7511833817547557,-1.4132783916329874,4.266721608367012,0.8737427775832838,True,True,True
H1L1V1-GSTLAL_AllSky-1249208954-1.xml,1249208954.0,57.82883390700207,37.47079114977979,95.29962505678186,1709.5143077254797,0.5199471101041766,7.685631090819151,0.0341582155097878,-0.05790750644588297,0.18764075172976696,Klein_deformada,1,0.22847668660707637,120215.47871408353,0.4009956738607598,0.15,0.5783616322223719,-2.3949059289769274,3.2850940710230723,0.6579176297334849,True,True,True
H1L1V1-GSTLAL_AllSky-1249288507-1.xml,1249288507.0,52.43609090219296,22.153406279397256,74.58949718159022,2133.784286160138,0.45457039537026517,8.23809091070331,0.02401177729728866,0.11034332338183928,0.11065978699363267,Klein_deformada,0,0.14533123647311175,150039.76811985712,0.5004787949664068,0.15,0.5910590959419015,-2.3227843350499993,3.3572156649500005,0.6874882117654039,True,True,True
H1L1V1-GSTLAL_AllSky-1249368804-1.xml,1249368804.0,57.82883390700207,37.47079114977979,95.29962505678186,1709.5143077254797,0.5199471101041766,7.685631090819151,0.0341582155097878,-0.05790750644588297,0.18764075172976696,Klein_deformada,1,0.22847668660707637,120215.47871408353,0.4009956738607598,0.15,0.5783616322223719,-2.3949059289769274,3.2850940710230723,0.6579176297334849,True,True,True
H1L1V1-GSTLAL_AllSky-1249416034-1.xml,1249416034.0,29.99421433285254,15.467734375371464,45.461948708224,764.6586309802033,0.14450159206572835,8.876613733989986,0.02820607698429818,0.2768820753041386,0.08536882814432413,Klein_relajada,0,0.124498659936338,53502.01094659635,0.17846349872683037,0.15,0.7511833817547557,-1.4132783916329874,4.266721608367012,0.8737427775832838,True,True,True
H1L1V1-GSTLAL_AllSky-1249445272-1.xml,1249445272.0,52.43609090219296,22.153406279397256,74.58949718159022,2133.784286160138,0.45457039537026517,8.23809091070331,0.02401177729728866,0.11034332338183928,0.11065978699363267,Klein_deformada,0,0.14533123647311175,150039.76811985712,0.5004787949664068,0.15,0.5910590959419015,-2.3227843350499993,3.3572156649500005,0.6874882117654039,True,True,True
H1L1V1-GSTLAL_AllSky-1249479778-1.xml,1249479778.0,52.43609090219296,22.153406279397256,74.58949718159022,2133.784286160138,0.45457039537026517,8.23809091070331,0.02401177729728866,0.11034332338183928,0.11065978699363267,Klein_deformada,0,0.14533123647311175,150039.76811985712,0.5004787949664068,0.15,0.5910590959419015,-2.3227843350499993,3.3572156649500005,0.6874882117654039,True,True,True
H1L1V1-GSTLAL_AllSky-1249495257-1.xml,1249495257.0,29.99421433285254,15.467734375371464,45.461948708224,764.6586309802033,0.14450159206572835,8.876613733989986,0.02820607698429818,0.2768820753041386,0.08536882814432413,Klein_relajada,0,0.124498659936338,53502.01094659635,0.17846349872683037,0.15,0.7511833817547557,-1.4132783916329874,4.266721608367012,0.8737427775832838,True,True,True
H1L1V1-GSTLAL_AllSky-1249522885-1.xml,1249522885.0,31.304772367971108,16.56808912764503,47.872861495616135,1940.303412831897,0.599069216858311,6.035140131585964,0.028816305130103304,0.27506545968689694,0.06244192788365295,Klein_relajada,-1,0.059257685298258686,136274.07293828586,0.45456137838626304,0.15,0.5336155033958135,-2.649063940711779,3.0309360592882206,0.6253637988008416,True,True,True
H1L1V1-GSTLAL_AllSky-1249545668-1.xml,1249545668.0,29.99421433285254,15.467734375371464,45.461948708224,764.6586309802033,0.14450159206572835,8.876613733989986,0.02820607698429818,0.2768820753041386,0.08536882814432413,Klein_relajada,0,0.124498659936338,53502.01094659635,0.17846349872683037,0.15,0.7511833817547557,-1.4132783916329874,4.266721608367012,0.8737427775832838,True,True,True
H1L1V1-GSTLAL_AllSky-1249597807-1.xml,1249597807.0,52.43609090219296,22.153406279397256,74.58949718159022,2133.784286160138,0.45457039537026517,8.23809091070331,0.02401177729728866,0.11034332338183928,0.11065978699363267,Klein_deformada,0,0.14533123647311175,150039.76811985712,0.5004787949664068,0.15,0.5910590959419015,-2.3227843350499993,3.3572156649500005,0.6874882117654039,True,True,True
H1L1V1-GSTLAL_AllSky-1249631843-1.xml,1249631843.0,31.304772367971108,16.56808912764503,47.872861495616135,1940.303412831897,0.599069216858311,6.035140131585964,0.028816305130103304,0.27506545968689694,0.06244192788365295,Klein_relajada,-1,0.059257685298258686,136274.07293828586,0.45456137838626304,0.15,0.5336155033958135,-2.649063940711779,3.0309360592882206,0.6253637988008416,True,True,True
H1L1V1-GSTLAL_AllSky-1249639075-1.xml,1249639075.0,31.304772367971108,16.56808912764503,47.872861495616135,1940.303412831897,0.599069216858311,6.035140131585964,0.028816305130103304,0.27506545968689694,0.06244192788365295,Klein_relajada,-1,0.059257685298258686,136274.07293828586,0.45456137838626304,0.15,0.5336155033958135,-2.649063940711779,3.0309360592882206,0.6253637988008416,True,True,True
H1L1V1-GSTLAL_AllSky-1249701924-1.xml,1249701924.0,52.43609090219296,22.153406279397256,74.58949718159022,2133.784286160138,0.45457039537026517,8.23809091070331,0.02401177729728866,0.11034332338183928,0.11065978699363267,Klein_deformada,0,0.14533123647311175,150039.76811985712,0.5004787949664068,0.15,0.5910590959419015,-2.3227843350499993,3.3572156649500005,0.6874882117654039,True,True,True
H1L1V1-GSTLAL_AllSky-1249702996-1.xml,1249702996.0,43.07641264374952,38.30526480573228,81.3816774494818,1778.2850083138617,0.278448785628409,6.962111799413937,0.04501579543110051,0.5909608088612375,0.1912906849819337,Klein_deformada,1,0.2159513824843612,124722.3605123288,0.41602901335272685,0.15,0.687614110569072,-1.7743518519676713,3.9056481480323284,0.7821979349047289,True,True,True
H1L1V1-GSTLAL_AllSky-1249783724-1.xml,1249783724.0,52.43609090219296,22.153406279397256,74.58949718159022,2133.784286160138,0.45457039537026517,8.23809091070331,0.02401177729728866,0.11034332338183928,0.11065978699363267,Klein_deformada,0,0.14533123647311175,150039.76811985712,0.5004787949664068,0.15,0.5910590959419015,-2.3227843350499993,3.3572156649500005,0.6874882117654039,True,True,True
H1L1V1-GSTLAL_AllSky-1249792679-1.xml,1249792679.0,31.304772367971108,16.56808912764503,47.872861495616135,1940.303412831897,0.599069216858311,6.035140131585964,0.028816305130103304,0.27506545968689694,0.06244192788365295,Klein_relajada,-1,0.059257685298258686,136274.07293828586,0.45456137838626304,0.15,0.5336155033958135,-2.649063940711779,3.0309360592882206,0.6253637988008416,True,True,True
H1L1V1-GSTLAL_AllSky-1249852257-1.xml,1249852257.0,43.07641264374952,38.30526480573228,81.3816774494818,1778.2850083138617,0.278448785628409,6.962111799413937,0.04501579543110051,0.5909608088612375,0.1912906849819337,Klein_deformada,1,0.2159513824843612,124722.3605123288,0.41602901335272685,0.15,0.687614110569072,-1.7743518519676713,3.9056481480323284,0.7821979349047289,True,True,True
H1L1V1-GSTLAL_AllSky-1249990224-1.xml,1249990224.0,43.07641264374952,38.30526480573228,81.3816774494818,1778.2850083138617,0.278448785628409,6.962111799413937,0.04501579543110051,0.5909608088612375,0.1912906849819337,Klein_deformada,1,0.2159513824843612,124722.3605123288,0.41602901335272685,0.15,0.687614110569072,-1.7743518519676713,3.9056481480323284,0.7821979349047289,True,True,True
H1L1V1-GSTLAL_AllSky-1250035141-1.xml,1250035141.0,31.304772367971108,16.56808912764503,47.872861495616135,1940.303412831897,0.599069216858311,6.035140131585964,0.028816305130103304,0.27506545968689694,0.06244192788365295,Klein_relajada,-1,0.059257685298258686,136274.07293828586,0.45456137838626304,0.15,0.5336155033958135,-2.649063940711779,3.0309360592882206,0.6253637988008416,True,True,True
H1L1V1-GSTLAL_AllSky-1250088168-1.xml,1250088168.0,13.01898734924391,12.519252099090968,25.538239448334878,4045.654127168145,0.06448940127494956,8.571681643405826,0.04827267008918413,-0.055980388698822436,0.07925370467256447,Klein_relajada,0,0.11249743171731265,283926.60378585884,0.9470772069451422,0.15,0.8076605739106336,-1.0924879401876009,4.587512059812399,0.9394175261888846,True,True,True
H1L1V1-GSTLAL_AllSky-1250115195-1.xml,1250115195.0,31.304772367971108,16.56808912764503,47.872861495616135,1940.303412831897,0.599069216858311,6.035140131585964,0.028816305130103304,0.27506545968689694,0.06244192788365295,Klein_relajada,-1,0.059257685298258686,136274.07293828586,0.45456137838626304,0.15,0.5336155033958135,-2.649063940711779,3.0309360592882206,0.6253637988008416,True,True,True
H1L1V1-GSTLAL_AllSky-1250205962-1.xml,1250205962.0,13.01898734924391,12.519252099090968,25.538239448334878,4045.654127168145,0.06448940127494956,8.571681643405826,0.04827267008918413,-0.055980388698822436,0.07925370467256447,Klein_relajada,0,0.11249743171731265,283926.60378585884,0.9470772069451422,0.15,0.8076605739106336,-1.0924879401876009,4.587512059812399,0.9394175261888846,True,True,True
H1L1V1-GSTLAL_AllSky-1250164956-1.xml,1250164956.0,43.07641264374952,38.30526480573228,81.3816774494818,1778.2850083138617,0.278448785628409,6.962111799413937,0.04501579543110051,0.5909608088612375,0.1912906849819337,Klein_deformada,1,0.2159513824843612,124722.3605123288,0.41602901335272685,0.15,0.687614110569072,-1.7743518519676713,3.9056481480323284,0.7821979349047289,True,True,True
H1L1V1-GSTLAL_AllSky-1250207104-1.xml,1250207104.0,43.07641264374952,38.30526480573228,81.3816774494818,1778.2850083138617,0.278448785628409,6.962111799413937,0.04501579543110051,0.5909608088612375,0.1912906849819337,Klein_deformada,1,0.2159513824843612,124722.3605123288,0.41602901335272685,0.15,0.687614110569072,-1.7743518519676713,3.9056481480323284,0.7821979349047289,True,True,True
H1L1V1-GSTLAL_AllSky-1250206646-1.xml,1250206646.0,13.01898734924391,12.519252099090968,25.538239448334878,4045.654127168145,0.06448940127494956,8.571681643405826,0.04827267008918413,-0.055980388698822436,0.07925370467256447,Klein_relajada,0,0.11249743171731265,283926.60378585884,0.9470772069451422,0.15,0.8076605739106336,-1.0924879401876009,4.587512059812399,0.9394175261888846,True,True,True
H1L1V1-GSTLAL_AllSky-1250229883-1.xml,1250229883.0,43.07641264374952,38.30526480573228,81.3816774494818,1778.2850083138617,0.278448785628409,6.962111799413937,0.04501579543110051,0.5909608088612375,0.1912906849819337,Klein_deformada,1,0.2159513824843612,124722.3605123288,0.41602901335272685,0.15,0.687614110569072,-1.7743518519676713,3.9056481480323284,0.7821979349047289,True,True,True
H1L1V1-GSTLAL_AllSky-1250208518-1.xml,1250208518.0,52.97939217255195,48.96463059185328,101.94402276440522,805.4508971173717,0.5375991171986854,7.414441767535809,0.04658991423414177,0.18183358306411995,0.2641152025544783,Klein_extrema,1,0.30972690703093314,56732.09402559601,0.18923789612344422,0.15,0.5717190534886731,-2.4326357761843367,3.247364223815663,0.6503645773560769,True,True,True
H1L1V1-GSTLAL_AllSky-1250272597-1.xml,1250272597.0,52.97939217255195,48.96463059185328,101.94402276440522,805.4508971173717,0.5375991171986854,7.414441767535809,0.04658991423414177,0.18183358306411995,0.2641152025544783,Klein_extrema,1,0.30972690703093314,56732.09402559601,0.18923789612344422,0.15,0.5717190534886731,-2.4326357761843367,3.247364223815663,0.6503645773560769,True,True,True
H1L1V1-GSTLAL_AllSky-1250277603-1.xml,1250277603.0,13.01898734924391,12.519252099090968,25.538239448334878,4045.654127168145,0.06448940127494956,8.571681643405826,0.04827267008918413,-0.055980388698822436,0.07925370467256447,Klein_relajada,0,0.11249743171731265,283926.60378585884,0.9470772069451422,0.15,0.8076605739106336,-1.0924879401876009,4.587512059812399,0.9394175261888846,True,True,True
H1L1V1-GSTLAL_AllSky-1250279095-1.xml,1250279095.0,13.01898734924391,12.519252099090968,25.538239448334878,4045.654127168145,0.06448940127494956,8.571681643405826,0.04827267008918413,-0.055980388698822436,0.07925370467256447,Klein_relajada,0,0.11249743171731265,283926.60378585884,0.9470772069451422,0.15,0.8076605739106336,-1.0924879401876009,4.587512059812399,0.9394175261888846,True,True,True
H1L1V1-GSTLAL_AllSky-1250330787-1.xml,1250330787.0,52.97939217255195,48.96463059185328,101.94402276440522,805.4508971173717,0.5375991171986854,7.414441767535809,0.04658991423414177,0.18183358306411995,0.2641152025544783,Klein_extrema,1,0.30972690703093314,56732.09402559601,0.18923789612344422,0.15,0.5717190534886731,-2.4326357761843367,3.247364223815663,0.6503645773560769,True,True,True
H1L1V1-GSTLAL_AllSky-1250332698-1.xml,1250332698.0,13.01898734924391,12.519252099090968,25.538239448334878,4045.654127168145,0.06448940127494956,8.571681643405826,0.04827267008918413,-0.055980388698822436,0.07925370467256447,Klein_relajada,0,0.11249743171731265,283926.60378585884,0.9470772069451422,0.15,0.8076605739106336,-1.0924879401876009,4.587512059812399,0.9394175261888846,True,True,True
H1L1V1-GSTLAL_AllSky-1250367605-1.xml,1250367605.0,38.44814530246687,31.65496211523743,70.10310741770431,1731.7761598914876,0.16101782088195696,8.048406081006561,0.04204920702883134,0.500134354128644,0.17793698323932478,Klein_deformada,1,0.23490250077707278,121619.86694200116,0.40568020874628263,0.15,0.7571625374940533,-1.379316787033777,4.300683212966223,0.8613132219110631,True,True,True
H1L1V1-GSTLAL_AllSky-1250400368-1.xml,1250400368.0,38.44814530246687,31.65496211523743,70.10310741770431,1731.7761598914876,0.16101782088195696,8.048406081006561,0.04204920702883134,0.500134354128644,0.17793698323932478,Klein_deformada,1,0.23490250077707278,121619.86694200116,0.40568020874628263,0.15,0.7571625374940533,-1.379316787033777,4.300683212966223,0.8613132219110631,True,True,True
H1L1V1-GSTLAL_AllSky-1250433136-1.xml,1250433136.0,52.97939217255195,48.96463059185328,101.94402276440522,805.4508971173717,0.5375991171986854,7.414441767535809,0.04658991423414177,0.18183358306411995,0.2641152025544783,Klein_extrema,1,0.30972690703093314,56732.09402559601,0.18923789612344422,0.15,0.5717190534886731,-2.4326357761843367,3.247364223815663,0.6503645773560769,True,True,True
H1L1V1-GSTLAL_AllSky-1250474892-1.xml,1250474892.0,52.97939217255195,48.96463059185328,101.94402276440522,805.4508971173717,0.5375991171986854,7.414441767535809,0.04658991423414177,0.18183358306411995,0.2641152025544783,Klein_extrema,1,0.30972690703093314,56732.09402559601,0.18923789612344422,0.15,0.5717190534886731,-2.4326357761843367,3.247364223815663,0.6503645773560769,True,True,True
H1L1V1-GSTLAL_AllSky-1250480331-1.xml,1250480331.0,38.44814530246687,31.65496211523743,70.10310741770431,1731.7761598914876,0.16101782088195696,8.048406081006561,0.04204920702883134,0.500134354128644,0.17793698323932478,Klein_deformada,1,0.23490250077707278,121619.86694200116,0.40568020874628263,0.15,0.7571625374940533,-1.379316787033777,4.300683212966223,0.8613132219110631,True,True,True
H1L1V1-GSTLAL_AllSky-1250496091-1.xml,1250496091.0,46.41032839511423,30.908743385311222,77.31907178042545,5000.0,0.272077803356157,7.36873719210019,0.03496948094177737,0.5354071748019171,0.14942736861138667,Klein_deformada,0,0.17865437900087983,349978.6526422709,1.1674031260728746,0.15,0.6758632529400462,-1.841096723300537,3.8389032766994626,0.7861154383495044,True,True,True
H1L1V1-GSTLAL_AllSky-1250482056-1.xml,1250482056.0,52.97939217255195,48.96463059185328,101.94402276440522,805.4508971173717,0.5375991171986854,7.414441767535809,0.04658991423414177,0.18183358306411995,0.2641152025544783,Klein_extrema,1,0.30972690703093314,56732.09402559601,0.18923789612344422,0.15,0.5717190534886731,-2.4326357761843367,3.247364223815663,0.6503645773560769,True,True,True
H1L1V1-GSTLAL_AllSky-1250500389-1.xml,1250500389.0,46.41032839511423,30.908743385311222,77.31907178042545,5000.0,0.272077803356157,7.36873719210019,0.03496948094177737,0.5354071748019171,0.14942736861138667,Klein_deformada,0,0.17865437900087983,349978.6526422709,1.1674031260728746,0.15,0.6758632529400462,-1.841096723300537,3.8389032766994626,0.7861154383495044,True,True,True
H1L1V1-GSTLAL_AllSky-1250603346-1.xml,1250603346.0,38.44814530246687,31.65496211523743,70.10310741770431,1731.7761598914876,0.16101782088195696,8.048406081006561,0.04204920702883134,0.500134354128644,0.17793698323932478,Klein_deformada,1,0.23490250077707278,121619.86694200116,0.40568020874628263,0.15,0.7571625374940533,-1.379316787033777,4.300683212966223,0.8613132219110631,True,True,True
H1L1V1-GSTLAL_AllSky-1250605428-1.xml,1250605428.0,38.44814530246687,31.65496211523743,70.10310741770431,1731.7761598914876,0.16101782088195696,8.048406081006561,0.04204920702883134,0.500134354128644,0.17793698323932478,Klein_deformada,1,0.23490250077707278,121619.86694200116,0.40568020874628263,0.15,0.7571625374940533,-1.379316787033777,4.300683212966223,0.8613132219110631,True,True,True
H1L1V1-GSTLAL_AllSky-1250606086-1.xml,1250606086.0,46.41032839511423,30.908743385311222,77.31907178042545,5000.0,0.272077803356157,7.36873719210019,0.03496948094177737,0.5354071748019171,0.14942736861138667,Klein_deformada,0,0.17865437900087983,349978.6526422709,1.1674031260728746,0.15,0.6758632529400462,-1.841096723300537,3.8389032766994626,0.7861154383495044,True,True,True
H1L1V1-GSTLAL_AllSky-1250609143-1.xml,1250609143.0,70.21909777277979,28.37358726969825,98.59268504247804,1670.3859404565796,0.10126001752652894,8.057508371154666,0.023183250250067625,-0.27451354589561927,0.13812778456087768,Klein_deformada,0,0.1836348103202359,116596.36748178021,0.38892361822451255,0.15,0.7806829029856238,-1.2457211110416564,4.434278888958343,0.9080507637479087,True,True,True
H1L1V1-GSTLAL_AllSky-1250610068-1.xml,1250610068.0,38.44814530246687,31.65496211523743,70.10310741770431,1731.7761598914876,0.16101782088195696,8.048406081006561,0.04204920702883134,0.500134354128644,0.17793698323932478,Klein_deformada,1,0.23490250077707278,121619.86694200116,0.40568020874628263,0.15,0.7571625374940533,-1.379316787033777,4.300683212966223,0.8613132219110631,True,True,True
H1L1V1-GSTLAL_AllSky-1250610917-1.xml,1250610917.0,70.21909777277979,28.37358726969825,98.59268504247804,1670.3859404565796,0.10126001752652894,8.057508371154666,0.023183250250067625,-0.27451354589561927,0.13812778456087768,Klein_deformada,0,0.1836348103202359,116596.36748178021,0.38892361822451255,0.15,0.7806829029856238,-1.2457211110416564,4.434278888958343,0.9080507637479087,True,True,True
H1L1V1-GSTLAL_AllSky-1250620378-1.xml,1250620378.0,46.41032839511423,30.908743385311222,77.31907178042545,5000.0,0.272077803356157,7.36873719210019,0.03496948094177737,0.5354071748019171,0.14942736861138667,Klein_deformada,0,0.17865437900087983,349978.6526422709,1.1674031260728746,0.15,0.6758632529400462,-1.841096723300537,3.8389032766994626,0.7861154383495044,True,True,True
H1L1V1-GSTLAL_AllSky-1250649160-1.xml,1250649160.0,46.41032839511423,30.908743385311222,77.31907178042545,5000.0,0.272077803356157,7.36873719210019,0.03496948094177737,0.5354071748019171,0.14942736861138667,Klein_deformada,0,0.17865437900087983,349978.6526422709,1.1674031260728746,0.15,0.6758632529400462,-1.841096723300537,3.8389032766994626,0.7861154383495044,True,True,True
H1L1V1-GSTLAL_AllSky-1250652369-1.xml,1250652369.0,70.21909777277979,28.37358726969825,98.59268504247804,1670.3859404565796,0.10126001752652894,8.057508371154666,0.023183250250067625,-0.27451354589561927,0.13812778456087768,Klein_deformada,0,0.1836348103202359,116596.36748178021,0.38892361822451255,0.15,0.7806829029856238,-1.2457211110416564,4.434278888958343,0.9080507637479087,True,True,True
H1L1V1-GSTLAL_AllSky-1250664542-1.xml,1250664542.0,17.580581791461025,13.610077245962891,31.190659037423917,992.0877969922099,0.1801073885427995,7.152653564661814,0.03983692879639522,0.14550177113902502,0.06665593959139507,Klein_relajada,-1,0.07805530690518576,69412.78607583352,0.23153613182568294,0.15,0.7230559478953693,-1.5730422159543025,4.106957784045697,0.8473805093575453,True,True,True
H1L1V1-GSTLAL_AllSky-1250684089-1.xml,1250684089.0,46.41032839511423,30.908743385311222,77.31907178042545,5000.0,0.272077803356157,7.36873719210019,0.03496948094177737,0.5354071748019171,0.14942736861138667,Klein_deformada,0,0.17865437900087983,349978.6526422709,1.1674031260728746,0.15,0.6758632529400462,-1.841096723300537,3.8389032766994626,0.7861154383495044,True,True,True
H1L1V1-GSTLAL_AllSky-1250724941-1.xml,1250724941.0,17.580581791461025,13.610077245962891,31.190659037423917,992.0877969922099,0.1801073885427995,7.152653564661814,0.03983692879639522,0.14550177113902502,0.06665593959139507,Klein_relajada,-1,0.07805530690518576,69412.78607583352,0.23153613182568294,0.15,0.7230559478953693,-1.5730422159543025,4.106957784045697,0.8473805093575453,True,True,True
H1L1V1-GSTLAL_AllSky-1250725634-1.xml,1250725634.0,70.21909777277979,28.37358726969825,98.59268504247804,1670.3859404565796,0.10126001752652894,8.057508371154666,0.023183250250067625,-0.27451354589561927,0.13812778456087768,Klein_deformada,0,0.1836348103202359,116596.36748178021,0.38892361822451255,0.15,0.7806829029856238,-1.2457211110416564,4.434278888958343,0.9080507637479087,True,True,True
H1L1V1-GSTLAL_AllSky-1250728185-1.xml,1250728185.0,70.21909777277979,28.37358726969825,98.59268504247804,1670.3859404565796,0.10126001752652894,8.057508371154666,0.023183250250067625,-0.27451354589561927,0.13812778456087768,Klein_deformada,0,0.1836348103202359,116596.36748178021,0.38892361822451255,0.15,0.7806829029856238,-1.2457211110416564,4.434278888958343,0.9080507637479087,True,True,True
H1L1V1-GSTLAL_AllSky-1250809756-1.xml,1250809756.0,17.580581791461025,13.610077245962891,31.190659037423917,992.0877969922099,0.1801073885427995,7.152653564661814,0.03983692879639522,0.14550177113902502,0.06665593959139507,Klein_relajada,-1,0.07805530690518576,69412.78607583352,0.23153613182568294,0.15,0.7230559478953693,-1.5730422159543025,4.106957784045697,0.8473805093575453,True,True,True
H1L1V1-GSTLAL_AllSky-1250869903-1.xml,1250869903.0,45.00095445360957,42.20397786414312,87.2049323177527,1763.8428463985558,0.34060680747560373,7.688681474252656,0.04720308273337311,0.5059970253101815,0.2373692975276902,Klein_extrema,1,0.29415696687131193,123206.11038270376,0.41097134732690227,0.15,0.6557324263711861,-1.9554398182116626,3.724560181788337,0.7459308683379172,True,True,True
H1L1V1-GSTLAL_AllSky-1250896579-1.xml,1250896579.0,70.21909777277979,28.37358726969825,98.59268504247804,1670.3859404565796,0.10126001752652894,8.057508371154666,0.023183250250067625,-0.27451354589561927,0.13812778456087768,Klein_deformada,0,0.1836348103202359,116596.36748178021,0.38892361822451255,0.15,0.7806829029856238,-1.2457211110416564,4.434278888958343,0.9080507637479087,True,True,True
H1L1V1-GSTLAL_AllSky-1250899130-1.xml,1250899130.0,45.00095445360957,42.20397786414312,87.2049323177527,1763.8428463985558,0.34060680747560373,7.688681474252656,0.04720308273337311,0.5059970253101815,0.2373692975276902,Klein_extrema,1,0.29415696687131193,123206.11038270376,0.41097134732690227,0.15,0.6557324263711861,-1.9554398182116626,3.724560181788337,0.7459308683379172,True,True,True
H1L1V1-GSTLAL_AllSky-1250901185-1.xml,1250901185.0,17.580581791461025,13.610077245962891,31.190659037423917,992.0877969922099,0.1801073885427995,7.152653564661814,0.03983692879639522,0.14550177113902502,0.06665593959139507,Klein_relajada,-1,0.07805530690518576,69412.78607583352,0.23153613182568294,0.15,0.7230559478953693,-1.5730422159543025,4.106957784045697,0.8473805093575453,True,True,True
H1L1V1-GSTLAL_AllSky-1250942448-1.xml,1250942448.0,17.580581791461025,13.610077245962891,31.190659037423917,992.0877969922099,0.1801073885427995,7.152653564661814,0.03983692879639522,0.14550177113902502,0.06665593959139507,Klein_relajada,-1,0.07805530690518576,69412.78607583352,0.23153613182568294,0.15,0.7230559478953693,-1.5730422159543025,4.106957784045697,0.8473805093575453,True,True,True
H1L1V1-GSTLAL_AllSky-1250946868-1.xml,1250946868.0,45.00095445360957,42.20397786414312,87.2049323177527,1763.8428463985558,0.34060680747560373,7.688681474252656,0.04720308273337311,0.5059970253101815,0.2373692975276902,Klein_extrema,1,0.29415696687131193,123206.11038270376,0.41097134732690227,0.15,0.6557324263711861,-1.9554398182116626,3.724560181788337,0.7459308683379172,True,True,True
H1L1V1-GSTLAL_AllSky-1251009263-1.xml,1251009263.0,30.695849111003827,18.755257057072946,49.45110616807678,915.6973242101337,0.47873751298450595,6.636796161117989,0.03249513670451718,0.0315428039242312,0.07998602630828,Klein_relajada,-1,0.08443303271475253,64498.422693181295,0.21514358007358977,0.15,0.5770350043514286,-2.4024411752838852,3.2775588247161145,0.6762525405754536,True,True,True
H1L1V1-GSTLAL_AllSky-1251010527-1.xml,1251010527.0,17.580581791461025,13.610077245962891,31.190659037423917,992.0877969922099,0.1801073885427995,7.152653564661814,0.03983692879639522,0.14550177113902502,0.06665593959139507,Klein_relajada,-1,0.07805530690518576,69412.78607583352,0.23153613182568294,0.15,0.7230559478953693,-1.5730422159543025,4.106957784045697,0.8473805093575453,True,True,True
H1L1V1-GSTLAL_AllSky-1251088785-1.xml,1251088785.0,30.695849111003827,18.755257057072946,49.45110616807678,915.6973242101337,0.47873751298450595,6.636796161117989,0.03249513670451718,0.0315428039242312,0.07998602630828,Klein_relajada,-1,0.08443303271475253,64498.422693181295,0.21514358007358977,0.15,0.5770350043514286,-2.4024411752838852,3.2775588247161145,0.6762525405754536,True,True,True
H1L1V1-GSTLAL_AllSky-1251176709-1.xml,1251176709.0,45.00095445360957,42.20397786414312,87.2049323177527,1763.8428463985558,0.34060680747560373,7.688681474252656,0.04720308273337311,0.5059970253101815,0.2373692975276902,Klein_extrema,1,0.29415696687131193,123206.11038270376,0.41097134732690227,0.15,0.6557324263711861,-1.9554398182116626,3.724560181788337,0.7459308683379172,True,True,True
H1L1V1-GSTLAL_AllSky-1251200191-1.xml,1251200191.0,45.00095445360957,42.20397786414312,87.2049323177527,1763.8428463985558,0.34060680747560373,7.688681474252656,0.04720308273337311,0.5059970253101815,0.2373692975276902,Klein_extrema,1,0.29415696687131193,123206.11038270376,0.41097134732690227,0.15,0.6557324263711861,-1.9554398182116626,3.724560181788337,0.7459308683379172,True,True,True
H1L1V1-GSTLAL_AllSky-1251211824-1.xml,1251211824.0,30.695849111003827,18.755257057072946,49.45110616807678,915.6973242101337,0.47873751298450595,6.636796161117989,0.03249513670451718,0.0315428039242312,0.07998602630828,Klein_relajada,-1,0.08443303271475253,64498.422693181295,0.21514358007358977,0.15,0.5770350043514286,-2.4024411752838852,3.2775588247161145,0.6762525405754536,True,True,True
H1L1V1-GSTLAL_AllSky-1251216775-1.xml,1251216775.0,30.298055726322723,15.01549979413964,45.31355552046236,2670.2826676881955,0.16496991166733424,8.946243812197519,0.027301678260801498,0.09453311837625361,0.08300790976342412,Klein_relajada,0,0.12175950109996847,187024.12289253078,0.6238453233287503,0.15,0.7379929696334023,-1.4881999324822743,4.191800067517725,0.8583912682935947,True,True,True
H1L1V1-GSTLAL_AllSky-1251225232-1.xml,1251225232.0,45.00095445360957,42.20397786414312,87.2049323177527,1763.8428463985558,0.34060680747560373,7.688681474252656,0.04720308273337311,0.5059970253101815,0.2373692975276902,Klein_extrema,1,0.29415696687131193,123206.11038270376,0.41097134732690227,0.15,0.6557324263711861,-1.9554398182116626,3.724560181788337,0.7459308683379172,True,True,True
H1L1V1-GSTLAL_AllSky-1251234216-1.xml,1251234216.0,30.298055726322723,15.01549979413964,45.31355552046236,2670.2826676881955,0.16496991166733424,8.946243812197519,0.027301678260801498,0.09453311837625361,0.08300790976342412,Klein_relajada,0,0.12175950109996847,187024.12289253078,0.6238453233287503,0.15,0.7379929696334023,-1.4881999324822743,4.191800067517725,0.8583912682935947,True,True,True
H1L1V1-GSTLAL_AllSky-1251252685-1.xml,1251252685.0,30.695849111003827,18.755257057072946,49.45110616807678,915.6973242101337,0.47873751298450595,6.636796161117989,0.03249513670451718,0.0315428039242312,0.07998602630828,Klein_relajada,-1,0.08443303271475253,64498.422693181295,0.21514358007358977,0.15,0.5770350043514286,-2.4024411752838852,3.2775588247161145,0.6762525405754536,True,True,True
H1L1V1-GSTLAL_AllSky-1251255499-1.xml,1251255499.0,30.695849111003827,18.755257057072946,49.45110616807678,915.6973242101337,0.47873751298450595,6.636796161117989,0.03249513670451718,0.0315428039242312,0.07998602630828,Klein_relajada,-1,0.08443303271475253,64498.422693181295,0.21514358007358977,0.15,0.5770350043514286,-2.4024411752838852,3.2775588247161145,0.6762525405754536,True,True,True
H1L1V1-GSTLAL_AllSky-1251266690-1.xml,1251266690.0,30.298055726322723,15.01549979413964,45.31355552046236,2670.2826676881955,0.16496991166733424,8.946243812197519,0.027301678260801498,0.09453311837625361,0.08300790976342412,Klein_relajada,0,0.12175950109996847,187024.12289253078,0.6238453233287503,0.15,0.7379929696334023,-1.4881999324822743,4.191800067517725,0.8583912682935947,True,True,True
H1L1V1-GSTLAL_AllSky-1251268203-1.xml,1251268203.0,30.572227186689833,17.30570720235653,47.87793438904636,690.5017285366572,0.15870084865357137,8.852884587609914,0.030472688638304036,0.0009856586612491114,0.09687065701851326,Klein_relajada,0,0.1406979034175264,47766.232866832645,0.15933100247249266,0.15,0.7419777296415955,-1.4655664956357377,4.214433504364262,0.863035529111777,True,True,True
H1L1V1-GSTLAL_AllSky-1251307115-1.xml,1251307115.0,30.695849111003827,18.755257057072946,49.45110616807678,915.6973242101337,0.47873751298450595,6.636796161117989,0.03249513670451718,0.0315428039242312,0.07998602630828,Klein_relajada,-1,0.08443303271475253,64498.422693181295,0.21514358007358977,0.15,0.5770350043514286,-2.4024411752838852,3.2775588247161145,0.6762525405754536,True,True,True
H1L1V1-GSTLAL_AllSky-1251316981-1.xml,1251316981.0,30.572227186689833,17.30570720235653,47.87793438904636,690.5017285366572,0.15870084865357137,8.852884587609914,0.030472688638304036,0.0009856586612491114,0.09687065701851326,Klein_relajada,0,0.1406979034175264,47766.232866832645,0.15933100247249266,0.15,0.7419777296415955,-1.4655664956357377,4.214433504364262,0.863035529111777,True,True,True
H1L1V1-GSTLAL_AllSky-1251415879-1.xml,1251415879.0,30.298055726322723,15.01549979413964,45.31355552046236,2670.2826676881955,0.16496991166733424,8.946243812197519,0.027301678260801498,0.09453311837625361,0.08300790976342412,Klein_relajada,0,0.12175950109996847,187024.12289253078,0.6238453233287503,0.15,0.7379929696334023,-1.4881999324822743,4.191800067517725,0.8583912682935947,True,True,True
H1L1V1-GSTLAL_AllSky-1251428988-1.xml,1251428988.0,30.298055726322723,15.01549979413964,45.31355552046236,2670.2826676881955,0.16496991166733424,8.946243812197519,0.027301678260801498,0.09453311837625361,0.08300790976342412,Klein_relajada,0,0.12175950109996847,187024.12289253078,0.6238453233287503,0.15,0.7379929696334023,-1.4881999324822743,4.191800067517725,0.8583912682935947,True,True,True
H1L1V1-GSTLAL_AllSky-1251461584-1.xml,1251461584.0,30.572227186689833,17.30570720235653,47.87793438904636,690.5017285366572,0.15870084865357137,8.852884587609914,0.030472688638304036,0.0009856586612491114,0.09687065701851326,Klein_relajada,0,0.1406979034175264,47766.232866832645,0.15933100247249266,0.15,0.7419777296415955,-1.4655664956357377,4.214433504364262,0.863035529111777,True,True,True
H1L1V1-GSTLAL_AllSky-1251461683-1.xml,1251461683.0,60.06394497601931,43.799329049117645,103.86327402513695,2906.943270187604,0.10980449088967087,7.636556851716372,0.037814524720232896,0.3783451356850402,0.22494663838393744,Klein_extrema,1,0.28319337500037933,203301.09679132953,0.6781394640399178,0.15,0.7921078887521898,-1.1808271918875617,4.499172808112438,0.9010596084345932,True,True,True
H1L1V1-GSTLAL_AllSky-1251474164-1.xml,1251474164.0,30.298055726322723,15.01549979413964,45.31355552046236,2670.2826676881955,0.16496991166733424,8.946243812197519,0.027301678260801498,0.09453311837625361,0.08300790976342412,Klein_relajada,0,0.12175950109996847,187024.12289253078,0.6238453233287503,0.15,0.7379929696334023,-1.4881999324822743,4.191800067517725,0.8583912682935947,True,True,True
H1L1V1-GSTLAL_AllSky-1251588283-1.xml,1251588283.0,30.572227186689833,17.30570720235653,47.87793438904636,690.5017285366572,0.15870084865357137,8.852884587609914,0.030472688638304036,0.0009856586612491114,0.09687065701851326,Klein_relajada,0,0.1406979034175264,47766.232866832645,0.15933100247249266,0.15,0.7419777296415955,-1.4655664956357377,4.214433504364262,0.863035529111777,True,True,True
H1L1V1-GSTLAL_AllSky-1251502439-1.xml,1251502439.0,60.06394497601931,43.799329049117645,103.86327402513695,2906.943270187604,0.10980449088967087,7.636556851716372,0.037814524720232896,0.3783451356850402,0.22494663838393744,Klein_extrema,1,0.28319337500037933,203301.09679132953,0.6781394640399178,0.15,0.7921078887521898,-1.1808271918875617,4.499172808112438,0.9010596084345932,True,True,True
H1L1V1-GSTLAL_AllSky-1251692745-1.xml,1251692745.0,30.572227186689833,17.30570720235653,47.87793438904636,690.5017285366572,0.15870084865357137,8.852884587609914,0.030472688638304036,0.0009856586612491114,0.09687065701851326,Klein_relajada,0,0.1406979034175264,47766.232866832645,0.15933100247249266,0.15,0.7419777296415955,-1.4655664956357377,4.214433504364262,0.863035529111777,True,True,True
H1L1V1-GSTLAL_AllSky-1251710792-1.xml,1251710792.0,60.06394497601931,43.799329049117645,103.86327402513695,2906.943270187604,0.10980449088967087,7.636556851716372,0.037814524720232896,0.3783451356850402,0.22494663838393744,Klein_extrema,1,0.28319337500037933,203301.09679132953,0.6781394640399178,0.15,0.7921078887521898,-1.1808271918875617,4.499172808112438,0.9010596084345932,True,True,True
H1L1V1-GSTLAL_AllSky-1251750952-1.xml,1251750952.0,19.130477280095207,14.074339359938705,33.20481664003391,1263.2938257515034,0.12372311791014766,7.432430212293006,0.03810661108576846,0.2647126893497406,0.07053318858967797,Klein_relajada,-1,0.08630438224778002,88814.98155461291,0.2962548896230502,0.15,0.7593373564181339,-1.3669638155449988,4.313036184455001,0.8898989297824159,True,True,True
H1L1V1-GSTLAL_AllSky-1251755572-1.xml,1251755572.0,30.572227186689833,17.30570720235653,47.87793438904636,690.5017285366572,0.15870084865357137,8.852884587609914,0.030472688638304036,0.0009856586612491114,0.09687065701851326,Klein_relajada,0,0.1406979034175264,47766.232866832645,0.15933100247249266,0.15,0.7419777296415955,-1.4655664956357377,4.214433504364262,0.863035529111777,True,True,True
H1L1V1-GSTLAL_AllSky-1251783833-1.xml,1251783833.0,60.06394497601931,43.799329049117645,103.86327402513695,2906.943270187604,0.10980449088967087,7.636556851716372,0.037814524720232896,0.3783451356850402,0.22494663838393744,Klein_extrema,1,0.28319337500037933,203301.09679132953,0.6781394640399178,0.15,0.7921078887521898,-1.1808271918875617,4.499172808112438,0.9010596084345932,True,True,True
H1L1V1-GSTLAL_AllSky-1251787804-1.xml,1251787804.0,19.130477280095207,14.074339359938705,33.20481664003391,1263.2938257515034,0.12372311791014766,7.432430212293006,0.03810661108576846,0.2647126893497406,0.07053318858967797,Klein_relajada,-1,0.08630438224778002,88814.98155461291,0.2962548896230502,0.15,0.7593373564181339,-1.3669638155449988,4.313036184455001,0.8898989297824159,True,True,True
H1L1V1-GSTLAL_AllSky-1251835519-1.xml,1251835519.0,60.06394497601931,43.799329049117645,103.86327402513695,2906.943270187604,0.10980449088967087,7.636556851716372,0.037814524720232896,0.3783451356850402,0.22494663838393744,Klein_extrema,1,0.28319337500037933,203301.09679132953,0.6781394640399178,0.15,0.7921078887521898,-1.1808271918875617,4.499172808112438,0.9010596084345932,True,True,True
H1L1V1-GSTLAL_AllSky-1251848820-1.xml,1251848820.0,19.130477280095207,14.074339359938705,33.20481664003391,1263.2938257515034,0.12372311791014766,7.432430212293006,0.03810661108576846,0.2647126893497406,0.07053318858967797,Klein_relajada,-1,0.08630438224778002,88814.98155461291,0.2962548896230502,0.15,0.7593373564181339,-1.3669638155449988,4.313036184455001,0.8898989297824159,True,True,True
H1L1V1-GSTLAL_AllSky-1251849513-1.xml,1251849513.0,65.88418848170619,62.2781115550153,128.1623000367215,1640.3058238168874,0.14610190038592688,8.763646850342244,0.04753698929226171,0.2589432270224274,0.4004405943098827,Klein_extrema,1,0.5764644043474956,115284.09217425922,0.3845463389684714,0.15,0.7670162277266089,-1.3233478265128609,4.356652173487139,0.8725227657883387,True,True,True
H1L1V1-GSTLAL_AllSky-1251851317-1.xml,1251851317.0,60.06394497601931,43.799329049117645,103.86327402513695,2906.943270187604,0.10980449088967087,7.636556851716372,0.037814524720232896,0.3783451356850402,0.22494663838393744,Klein_extrema,1,0.28319337500037933,203301.09679132953,0.6781394640399178,0.15,0.7921078887521898,-1.1808271918875617,4.499172808112438,0.9010596084345932,True,True,True
H1L1V1-GSTLAL_AllSky-1251858279-1.xml,1251858279.0,65.88418848170619,62.2781115550153,128.1623000367215,1640.3058238168874,0.14610190038592688,8.763646850342244,0.04753698929226171,0.2589432270224274,0.4004405943098827,Klein_extrema,1,0.5764644043474956,115284.09217425922,0.3845463389684714,0.15,0.7670162277266089,-1.3233478265128609,4.356652173487139,0.8725227657883387,True,True,True
H1L1V1-GSTLAL_AllSky-1251855654-1.xml,1251855654.0,19.130477280095207,14.074339359938705,33.20481664003391,1263.2938257515034,0.12372311791014766,7.432430212293006,0.03810661108576846,0.2647126893497406,0.07053318858967797,Klein_relajada,-1,0.08630438224778002,88814.98155461291,0.2962548896230502,0.15,0.7593373564181339,-1.3669638155449988,4.313036184455001,0.8898989297824159,True,True,True
H1L1V1-GSTLAL_AllSky-1251895583-1.xml,1251895583.0,19.130477280095207,14.074339359938705,33.20481664003391,1263.2938257515034,0.12372311791014766,7.432430212293006,0.03810661108576846,0.2647126893497406,0.07053318858967797,Klein_relajada,-1,0.08630438224778002,88814.98155461291,0.2962548896230502,0.15,0.7593373564181339,-1.3669638155449988,4.313036184455001,0.8898989297824159,True,True,True
H1L1V1-GSTLAL_AllSky-1251898102-1.xml,1251898102.0,65.88418848170619,62.2781115550153,128.1623000367215,1640.3058238168874,0.14610190038592688,8.763646850342244,0.04753698929226171,0.2589432270224274,0.4004405943098827,Klein_extrema,1,0.5764644043474956,115284.09217425922,0.3845463389684714,0.15,0.7670162277266089,-1.3233478265128609,4.356652173487139,0.8725227657883387,True,True,True
H1L1V1-GSTLAL_AllSky-1251903802-1.xml,1251903802.0,79.6930518545741,73.38184310627575,153.07489496084986,522.8535796231554,0.07459196036071235,6.557560225621663,0.04643627158122036,-0.08758560238286461,0.34959471928465824,Klein_extrema,1,0.37925248573977394,36746.71190235077,0.122573837072148,0.122573837072148,0.837852789505097,-0.9209961556110491,4.759003844388951,0.9305857822203752,True,True,True
H1L1V1-GSTLAL_AllSky-1251926900-1.xml,1251926900.0,19.130477280095207,14.074339359938705,33.20481664003391,1263.2938257515034,0.12372311791014766,7.432430212293006,0.03810661108576846,0.2647126893497406,0.07053318858967797,Klein_relajada,-1,0.08630438224778002,88814.98155461291,0.2962548896230502,0.15,0.7593373564181339,-1.3669638155449988,4.313036184455001,0.8898989297824159,True,True,True
H1L1V1-GSTLAL_AllSky-1251937748-1.xml,1251937748.0,79.6930518545741,73.38184310627575,153.07489496084986,522.8535796231554,0.07459196036071235,6.557560225621663,0.04643627158122036,-0.08758560238286461,0.34959471928465824,Klein_extrema,1,0.37925248573977394,36746.71190235077,0.122573837072148,0.122573837072148,0.837852789505097,-0.9209961556110491,4.759003844388951,0.9305857822203752,True,True,True
H1L1V1-GSTLAL_AllSky-1251941333-1.xml,1251941333.0,65.88418848170619,62.2781115550153,128.1623000367215,1640.3058238168874,0.14610190038592688,8.763646850342244,0.04753698929226171,0.2589432270224274,0.4004405943098827,Klein_extrema,1,0.5764644043474956,115284.09217425922,0.3845463389684714,0.15,0.7670162277266089,-1.3233478265128609,4.356652173487139,0.8725227657883387,True,True,True
H1L1V1-GSTLAL_AllSky-1252028477-1.xml,1252028477.0,65.88418848170619,62.2781115550153,128.1623000367215,1640.3058238168874,0.14610190038592688,8.763646850342244,0.04753698929226171,0.2589432270224274,0.4004405943098827,Klein_extrema,1,0.5764644043474956,115284.09217425922,0.3845463389684714,0.15,0.7670162277266089,-1.3233478265128609,4.356652173487139,0.8725227657883387,True,True,True
H1L1V1-GSTLAL_AllSky-1252091831-1.xml,1252091831.0,79.6930518545741,73.38184310627575,153.07489496084986,522.8535796231554,0.07459196036071235,6.557560225621663,0.04643627158122036,-0.08758560238286461,0.34959471928465824,Klein_extrema,1,0.37925248573977394,36746.71190235077,0.122573837072148,0.122573837072148,0.837852789505097,-0.9209961556110491,4.759003844388951,0.9305857822203752,True,True,True
H1L1V1-GSTLAL_AllSky-1252029826-1.xml,1252029826.0,79.6930518545741,73.38184310627575,153.07489496084986,522.8535796231554,0.07459196036071235,6.557560225621663,0.04643627158122036,-0.08758560238286461,0.34959471928465824,Klein_extrema,1,0.37925248573977394,36746.71190235077,0.122573837072148,0.122573837072148,0.837852789505097,-0.9209961556110491,4.759003844388951,0.9305857822203752,True,True,True
H1L1V1-GSTLAL_AllSky-1252064527-1.xml,1252064527.0,65.88418848170619,62.2781115550153,128.1623000367215,1640.3058238168874,0.14610190038592688,8.763646850342244,0.04753698929226171,0.2589432270224274,0.4004405943098827,Klein_extrema,1,0.5764644043474956,115284.09217425922,0.3845463389684714,0.15,0.7670162277266089,-1.3233478265128609,4.356652173487139,0.8725227657883387,True,True,True
H1L1V1-GSTLAL_AllSky-1252081065-1.xml,1252081065.0,33.802477782974876,14.305003643063156,48.107481426038035,691.5363789139403,0.9847708233232991,8.291500943108192,0.024043727151329238,0.09163965412787001,0.07192979617504429,Klein_relajada,-1,0.09048982183537335,48180.125889460636,0.16071160098850998,0.15,0.5,-2.84,2.84,0.5038365075951694,True,True,True
H1L1V1-GSTLAL_AllSky-1252034360-1.xml,1252034360.0,33.802477782974876,14.305003643063156,48.107481426038035,691.5363789139403,0.9847708233232991,8.291500943108192,0.024043727151329238,0.09163965412787001,0.07192979617504429,Klein_relajada,-1,0.09048982183537335,48180.125889460636,0.16071160098850998,0.15,0.5,-2.84,2.84,0.5038365075951694,True,True,True
H1L1V1-GSTLAL_AllSky-1252113997-1.xml,1252113997.0,79.6930518545741,73.38184310627575,153.07489496084986,522.8535796231554,0.07459196036071235,6.557560225621663,0.04643627158122036,-0.08758560238286461,0.34959471928465824,Klein_extrema,1,0.37925248573977394,36746.71190235077,0.122573837072148,0.122573837072148,0.837852789505097,-0.9209961556110491,4.759003844388951,0.9305857822203752,True,True,True
H1L1V1-GSTLAL_AllSky-1252150105-1.xml,1252150105.0,33.802477782974876,14.305003643063156,48.107481426038035,691.5363789139403,0.9847708233232991,8.291500943108192,0.024043727151329238,0.09163965412787001,0.07192979617504429,Klein_relajada,-1,0.09048982183537335,48180.125889460636,0.16071160098850998,0.15,0.5,-2.84,2.84,0.5038365075951694,True,True,True
H1L1V1-GSTLAL_AllSky-1252217514-1.xml,1252217514.0,33.802477782974876,14.305003643063156,48.107481426038035,691.5363789139403,0.9847708233232991,8.291500943108192,0.024043727151329238,0.09163965412787001,0.07192979617504429,Klein_relajada,-1,0.09048982183537335,48180.125889460636,0.16071160098850998,0.15,0.5,-2.84,2.84,0.5038365075951694,True,True,True
H1L1V1-GSTLAL_AllSky-1252261903-1.xml,1252261903.0,79.6930518545741,73.38184310627575,153.07489496084986,522.8535796231554,0.07459196036071235,6.557560225621663,0.04643627158122036,-0.08758560238286461,0.34959471928465824,Klein_extrema,1,0.37925248573977394,36746.71190235077,0.122573837072148,0.122573837072148,0.837852789505097,-0.9209961556110491,4.759003844388951,0.9305857822203752,True,True,True
H1L1V1-GSTLAL_AllSky-1252263825-1.xml,1252263825.0,52.87489443875863,40.77465395459939,93.64954839335802,500.0,0.8876608276338116,8.989434140274614,0.03970190243277297,-0.10772452547900757,0.25067476907230113,Klein_extrema,1,0.34495079075887075,34987.93381317514,0.11670718485244597,0.11670718485244597,0.5,-2.84,2.84,0.5297561857304116,True,True,True
H1L1V1-GSTLAL_AllSky-1252264062-1.xml,1252264062.0,52.87489443875863,40.77465395459939,93.64954839335802,500.0,0.8876608276338116,8.989434140274614,0.03970190243277297,-0.10772452547900757,0.25067476907230113,Klein_extrema,1,0.34495079075887075,34987.93381317514,0.11670718485244597,0.11670718485244597,0.5,-2.84,2.84,0.5297561857304116,True,True,True
H1L1V1-GSTLAL_AllSky-1252402886-1.xml,1252402886.0,52.87489443875863,40.77465395459939,93.64954839335802,500.0,0.8876608276338116,8.989434140274614,0.03970190243277297,-0.10772452547900757,0.25067476907230113,Klein_extrema,1,0.34495079075887075,34987.93381317514,0.11670718485244597,0.11670718485244597,0.5,-2.84,2.84,0.5297561857304116,True,True,True
H1L1V1-GSTLAL_AllSky-1252367731-1.xml,1252367731.0,33.802477782974876,14.305003643063156,48.107481426038035,691.5363789139403,0.9847708233232991,8.291500943108192,0.024043727151329238,0.09163965412787001,0.07192979617504429,Klein_relajada,-1,0.09048982183537335,48180.125889460636,0.16071160098850998,0.15,0.5,-2.84,2.84,0.5038365075951694,True,True,True
H1L1V1-GSTLAL_AllSky-1252423668-1.xml,1252423668.0,52.87489443875863,40.77465395459939,93.64954839335802,500.0,0.8876608276338116,8.989434140274614,0.03970190243277297,-0.10772452547900757,0.25067476907230113,Klein_extrema,1,0.34495079075887075,34987.93381317514,0.11670718485244597,0.11670718485244597,0.5,-2.84,2.84,0.5297561857304116,True,True,True
H1L1V1-GSTLAL_AllSky-1252424254-1.xml,1252424254.0,33.802477782974876,14.305003643063156,48.107481426038035,691.5363789139403,0.9847708233232991,8.291500943108192,0.024043727151329238,0.09163965412787001,0.07192979617504429,Klein_relajada,-1,0.09048982183537335,48180.125889460636,0.16071160098850998,0.15,0.5,-2.84,2.84,0.5038365075951694,True,True,True
H1L1V1-GSTLAL_AllSky-1252463616-1.xml,1252463616.0,57.88530475824004,53.73974196516518,111.62504672340522,3198.728565086387,0.2904816631809751,8.225810642332668,0.04677724205707298,0.06702777533846832,0.32213375686522816,Klein_extrema,1,0.4291686518681208,223729.97206470635,0.7462828570047161,0.15,0.6812079015034356,-1.8107391194604858,3.869260880539514,0.7749044628306055,True,True,True
H1L1V1-GSTLAL_AllSky-1252542789-1.xml,1252542789.0,57.88530475824004,53.73974196516518,111.62504672340522,3198.728565086387,0.2904816631809751,8.225810642332668,0.04677724205707298,0.06702777533846832,0.32213375686522816,Klein_extrema,1,0.4291686518681208,223729.97206470635,0.7462828570047161,0.15,0.6812079015034356,-1.8107391194604858,3.869260880539514,0.7749044628306055,True,True,True
H1L1V1-GSTLAL_AllSky-1252582064-1.xml,1252582064.0,57.88530475824004,53.73974196516518,111.62504672340522,3198.728565086387,0.2904816631809751,8.225810642332668,0.04677724205707298,0.06702777533846832,0.32213375686522816,Klein_extrema,1,0.4291686518681208,223729.97206470635,0.7462828570047161,0.15,0.6812079015034356,-1.8107391194604858,3.869260880539514,0.7749044628306055,True,True,True
H1L1V1-GSTLAL_AllSky-1252612027-1.xml,1252612027.0,52.87489443875863,40.77465395459939,93.64954839335802,500.0,0.8876608276338116,8.989434140274614,0.03970190243277297,-0.10772452547900757,0.25067476907230113,Klein_extrema,1,0.34495079075887075,34987.93381317514,0.11670718485244597,0.11670718485244597,0.5,-2.84,2.84,0.5297561857304116,True,True,True
H1L1V1-GSTLAL_AllSky-1252616870-1.xml,1252616870.0,57.88530475824004,53.73974196516518,111.62504672340522,3198.728565086387,0.2904816631809751,8.225810642332668,0.04677724205707298,0.06702777533846832,0.32213375686522816,Klein_extrema,1,0.4291686518681208,223729.97206470635,0.7462828570047161,0.15,0.6812079015034356,-1.8107391194604858,3.869260880539514,0.7749044628306055,True,True,True
H1L1V1-GSTLAL_AllSky-1252627040-1.xml,1252627040.0,52.87489443875863,40.77465395459939,93.64954839335802,500.0,0.8876608276338116,8.989434140274614,0.03970190243277297,-0.10772452547900757,0.25067476907230113,Klein_extrema,1,0.34495079075887075,34987.93381317514,0.11670718485244597,0.11670718485244597,0.5,-2.84,2.84,0.5297561857304116,True,True,True
H1L1V1-GSTLAL_AllSky-1252674856-1.xml,1252674856.0,20.71908189750663,20.46781461027201,41.18689650777864,1121.0022805909905,0.13383649217919652,8.75774897574981,0.049454269837751905,0.2848752445796992,0.1337878328217907,Klein_deformada,0,0.19270100005512394,79039.69985582272,0.26364805967141014,0.15,0.7582506565404242,-1.3731362708503907,4.306863729149609,0.8819613823489071,True,True,True
H1L1V1-GSTLAL_AllSky-1252680614-1.xml,1252680614.0,20.71908189750663,20.46781461027201,41.18689650777864,1121.0022805909905,0.13383649217919652,8.75774897574981,0.049454269837751905,0.2848752445796992,0.1337878328217907,Klein_deformada,0,0.19270100005512394,79039.69985582272,0.26364805967141014,0.15,0.7582506565404242,-1.3731362708503907,4.306863729149609,0.8819613823489071,True,True,True
H1L1V1-GSTLAL_AllSky-1252699636-1.xml,1252699636.0,20.71908189750663,20.46781461027201,41.18689650777864,1121.0022805909905,0.13383649217919652,8.75774897574981,0.049454269837751905,0.2848752445796992,0.1337878328217907,Klein_deformada,0,0.19270100005512394,79039.69985582272,0.26364805967141014,0.15,0.7582506565404242,-1.3731362708503907,4.306863729149609,0.8819613823489071,True,True,True
H1L1V1-GSTLAL_AllSky-1252745146-1.xml,1252745146.0,57.88530475824004,53.73974196516518,111.62504672340522,3198.728565086387,0.2904816631809751,8.225810642332668,0.04677724205707298,0.06702777533846832,0.32213375686522816,Klein_extrema,1,0.4291686518681208,223729.97206470635,0.7462828570047161,0.15,0.6812079015034356,-1.8107391194604858,3.869260880539514,0.7749044628306055,True,True,True
H1L1V1-GSTLAL_AllSky-1252756008-1.xml,1252756008.0,20.71908189750663,20.46781461027201,41.18689650777864,1121.0022805909905,0.13383649217919652,8.75774897574981,0.049454269837751905,0.2848752445796992,0.1337878328217907,Klein_deformada,0,0.19270100005512394,79039.69985582272,0.26364805967141014,0.15,0.7582506565404242,-1.3731362708503907,4.306863729149609,0.8819613823489071,True,True,True
H1L1V1-GSTLAL_AllSky-1252812489-1.xml,1252812489.0,57.88530475824004,53.73974196516518,111.62504672340522,3198.728565086387,0.2904816631809751,8.225810642332668,0.04677724205707298,0.06702777533846832,0.32213375686522816,Klein_extrema,1,0.4291686518681208,223729.97206470635,0.7462828570047161,0.15,0.6812079015034356,-1.8107391194604858,3.869260880539514,0.7749044628306055,True,True,True
H1L1V1-GSTLAL_AllSky-1252813043-1.xml,1252813043.0,41.30042400167635,21.446015369220436,62.74643937089678,1085.602910549431,0.17309292360702247,7.31863252843943,0.028367089199271858,-0.17538924721215784,0.09770011289032367,Klein_relajada,0,0.11714418771176134,76463.2294904315,0.2550538796090444,0.15,0.7328763813943489,-1.5172621536800985,4.162737846319901,0.8524473891848253,True,True,True
H1L1V1-GSTLAL_AllSky-1252829409-1.xml,1252829409.0,41.30042400167635,21.446015369220436,62.74643937089678,1085.602910549431,0.17309292360702247,7.31863252843943,0.028367089199271858,-0.17538924721215784,0.09770011289032367,Klein_relajada,0,0.11714418771176134,76463.2294904315,0.2550538796090444,0.15,0.7328763813943489,-1.5172621536800985,4.162737846319901,0.8524473891848253,True,True,True
H1L1V1-GSTLAL_AllSky-1252919116-1.xml,1252919116.0,41.30042400167635,21.446015369220436,62.74643937089678,1085.602910549431,0.17309292360702247,7.31863252843943,0.028367089199271858,-0.17538924721215784,0.09770011289032367,Klein_relajada,0,0.11714418771176134,76463.2294904315,0.2550538796090444,0.15,0.7328763813943489,-1.5172621536800985,4.162737846319901,0.8524473891848253,True,True,True
H1L1V1-GSTLAL_AllSky-1252939489-1.xml,1252939489.0,20.71908189750663,20.46781461027201,41.18689650777864,1121.0022805909905,0.13383649217919652,8.75774897574981,0.049454269837751905,0.2848752445796992,0.1337878328217907,Klein_deformada,0,0.19270100005512394,79039.69985582272,0.26364805967141014,0.15,0.7582506565404242,-1.3731362708503907,4.306863729149609,0.8819613823489071,True,True,True
H1L1V1-GSTLAL_AllSky-1252962002-1.xml,1252962002.0,41.30042400167635,21.446015369220436,62.74643937089678,1085.602910549431,0.17309292360702247,7.31863252843943,0.028367089199271858,-0.17538924721215784,0.09770011289032367,Klein_relajada,0,0.11714418771176134,76463.2294904315,0.2550538796090444,0.15,0.7328763813943489,-1.5172621536800985,4.162737846319901,0.8524473891848253,True,True,True
H1L1V1-GSTLAL_AllSky-1252987339-1.xml,1252987339.0,20.71908189750663,20.46781461027201,41.18689650777864,1121.0022805909905,0.13383649217919652,8.75774897574981,0.049454269837751905,0.2848752445796992,0.1337878328217907,Klein_deformada,0,0.19270100005512394,79039.69985582272,0.26364805967141014,0.15,0.7582506565404242,-1.3731362708503907,4.306863729149609,0.8819613823489071,True,True,True
H1L1V1-GSTLAL_AllSky-1253103017-1.xml,1253103017.0,47.65529760341242,10.101035788539647,57.75633339195207,2093.9482809435394,0.3720801163926695,8.029783111329897,0.014538217854959647,-0.180375025840927,0.050568010258173056,Klein_relajada,-1,0.0652473033676386,146797.72712691527,0.48966451026234714,0.15,0.6218943321089057,-2.147640193621416,3.532359806378584,0.7288204151147502,True,True,True
H1L1V1-GSTLAL_AllSky-1253106426-1.xml,1253106426.0,47.65529760341242,10.101035788539647,57.75633339195207,2093.9482809435394,0.3720801163926695,8.029783111329897,0.014538217854959647,-0.180375025840927,0.050568010258173056,Klein_relajada,-1,0.0652473033676386,146797.72712691527,0.48966451026234714,0.15,0.6218943321089057,-2.147640193621416,3.532359806378584,0.7288204151147502,True,True,True
H1L1V1-GSTLAL_AllSky-1253202092-1.xml,1253202092.0,47.65529760341242,10.101035788539647,57.75633339195207,2093.9482809435394,0.3720801163926695,8.029783111329897,0.014538217854959647,-0.180375025840927,0.050568010258173056,Klein_relajada,-1,0.0652473033676386,146797.72712691527,0.48966451026234714,0.15,0.6218943321089057,-2.147640193621416,3.532359806378584,0.7288204151147502,True,True,True
H1L1V1-GSTLAL_AllSky-1253203571-1.xml,1253203571.0,41.30042400167635,21.446015369220436,62.74643937089678,1085.602910549431,0.17309292360702247,7.31863252843943,0.028367089199271858,-0.17538924721215784,0.09770011289032367,Klein_relajada,0,0.11714418771176134,76463.2294904315,0.2550538796090444,0.15,0.7328763813943489,-1.5172621536800985,4.162737846319901,0.8524473891848253,True,True,True
H1L1V1-GSTLAL_AllSky-1253203662-1.xml,1253203662.0,47.65529760341242,10.101035788539647,57.75633339195207,2093.9482809435394,0.3720801163926695,8.029783111329897,0.014538217854959647,-0.180375025840927,0.050568010258173056,Klein_relajada,-1,0.0652473033676386,146797.72712691527,0.48966451026234714,0.15,0.6218943321089057,-2.147640193621416,3.532359806378584,0.7288204151147502,True,True,True
H1L1V1-GSTLAL_AllSky-1253326744-1.xml,1253326744.0,68.26656787808996,20.34294169332848,88.60950957141844,674.2710688271196,0.24648850279403403,9.39470277443759,0.01840967335335439,0.3219132285734217,0.11493987584527153,Klein_deformada,0,0.1756416308218885,47679.478713884295,0.15904162176716366,0.15,0.6897216831077934,-1.7623808399477334,3.9176191600522663,0.80225368927068,True,True,True
H1L1V1-GSTLAL_AllSky-1253212855-1.xml,1253212855.0,41.30042400167635,21.446015369220436,62.74643937089678,1085.602910549431,0.17309292360702247,7.31863252843943,0.028367089199271858,-0.17538924721215784,0.09770011289032367,Klein_relajada,0,0.11714418771176134,76463.2294904315,0.2550538796090444,0.15,0.7328763813943489,-1.5172621536800985,4.162737846319901,0.8524473891848253,True,True,True
H1L1V1-GSTLAL_AllSky-1253255057-1.xml,1253255057.0,68.26656787808996,20.34294169332848,88.60950957141844,674.2710688271196,0.24648850279403403,9.39470277443759,0.01840967335335439,0.3219132285734217,0.11493987584527153,Klein_deformada,0,0.1756416308218885,47679.478713884295,0.15904162176716366,0.15,0.6897216831077934,-1.7623808399477334,3.9176191600522663,0.80225368927068,True,True,True
H1L1V1-GSTLAL_AllSky-1253247782-1.xml,1253247782.0,68.26656787808996,20.34294169332848,88.60950957141844,674.2710688271196,0.24648850279403403,9.39470277443759,0.01840967335335439,0.3219132285734217,0.11493987584527153,Klein_deformada,0,0.1756416308218885,47679.478713884295,0.15904162176716366,0.15,0.6897216831077934,-1.7623808399477334,3.9176191600522663,0.80225368927068,True,True,True
H1L1V1-GSTLAL_AllSky-1253463599-1.xml,1253463599.0,68.26656787808996,20.34294169332848,88.60950957141844,674.2710688271196,0.24648850279403403,9.39470277443759,0.01840967335335439,0.3219132285734217,0.11493987584527153,Klein_deformada,0,0.1756416308218885,47679.478713884295,0.15904162176716366,0.15,0.6897216831077934,-1.7623808399477334,3.9176191600522663,0.80225368927068,True,True,True
H1L1V1-GSTLAL_AllSky-1253466644-1.xml,1253466644.0,46.05295216764441,27.81201971983821,73.86497188748262,2173.9604912533314,0.5890187063541084,8.789012871377945,0.03217612722929886,0.31321341675078634,0.15666560900780488,Klein_deformada,1,0.21672389926707902,151922.24464623886,0.5067580607589497,0.15,0.5532227769860019,-2.5376946267195093,3.1423053732804904,0.6293192119143957,True,True,True
H1L1V1-GSTLAL_AllSky-1253422507-1.xml,1253422507.0,47.65529760341242,10.101035788539647,57.75633339195207,2093.9482809435394,0.3720801163926695,8.029783111329897,0.014538217854959647,-0.180375025840927,0.050568010258173056,Klein_relajada,-1,0.0652473033676386,146797.72712691527,0.48966451026234714,0.15,0.6218943321089057,-2.147640193621416,3.532359806378584,0.7288204151147502,True,True,True
H1L1V1-GSTLAL_AllSky-1253504994-1.xml,1253504994.0,47.65529760341242,10.101035788539647,57.75633339195207,2093.9482809435394,0.3720801163926695,8.029783111329897,0.014538217854959647,-0.180375025840927,0.050568010258173056,Klein_relajada,-1,0.0652473033676386,146797.72712691527,0.48966451026234714,0.15,0.6218943321089057,-2.147640193621416,3.532359806378584,0.7288204151147502,True,True,True
H1L1V1-GSTLAL_AllSky-1253509434-1.xml,1253509434.0,46.05295216764441,27.81201971983821,73.86497188748262,2173.9604912533314,0.5890187063541084,8.789012871377945,0.03217612722929886,0.31321341675078634,0.15666560900780488,Klein_deformada,1,0.21672389926707902,151922.24464623886,0.5067580607589497,0.15,0.5532227769860019,-2.5376946267195093,3.1423053732804904,0.6293192119143957,True,True,True
H1L1V1-GSTLAL_AllSky-1253755327-1.xml,1253755327.0,68.26656787808996,20.34294169332848,88.60950957141844,674.2710688271196,0.24648850279403403,9.39470277443759,0.01840967335335439,0.3219132285734217,0.11493987584527153,Klein_deformada,0,0.1756416308218885,47679.478713884295,0.15904162176716366,0.15,0.6897216831077934,-1.7623808399477334,3.9176191600522663,0.80225368927068,True,True,True
H1L1V1-GSTLAL_AllSky-1253597011-1.xml,1253597011.0,46.05295216764441,27.81201971983821,73.86497188748262,2173.9604912533314,0.5890187063541084,8.789012871377945,0.03217612722929886,0.31321341675078634,0.15666560900780488,Klein_deformada,1,0.21672389926707902,151922.24464623886,0.5067580607589497,0.15,0.5532227769860019,-2.5376946267195093,3.1423053732804904,0.6293192119143957,True,True,True
H1L1V1-GSTLAL_AllSky-1253600861-1.xml,1253600861.0,15.410095060807702,13.394699394477069,28.80479445528477,4285.463179793972,1.081781471951232,7.480781872201121,0.04411471476152432,0.05883491978154087,0.07129457936124518,Klein_relajada,-1,0.08021261416342461,299639.0385182434,0.9994882476938209,0.15,0.5,-2.84,2.84,0.4803578153967863,True,True,True
H1L1V1-GSTLAL_AllSky-1253519609-1.xml,1253519609.0,46.05295216764441,27.81201971983821,73.86497188748262,2173.9604912533314,0.5890187063541084,8.789012871377945,0.03217612722929886,0.31321341675078634,0.15666560900780488,Klein_deformada,1,0.21672389926707902,151922.24464623886,0.5067580607589497,0.15,0.5532227769860019,-2.5376946267195093,3.1423053732804904,0.6293192119143957,True,True,True
H1L1V1-GSTLAL_AllSky-1253800416-1.xml,1253800416.0,68.26656787808996,20.34294169332848,88.60950957141844,674.2710688271196,0.24648850279403403,9.39470277443759,0.01840967335335439,0.3219132285734217,0.11493987584527153,Klein_deformada,0,0.1756416308218885,47679.478713884295,0.15904162176716366,0.15,0.6897216831077934,-1.7623808399477334,3.9176191600522663,0.80225368927068,True,True,True
H1L1V1-GSTLAL_AllSky-1253854047-1.xml,1253854047.0,15.410095060807702,13.394699394477069,28.80479445528477,4285.463179793972,1.081781471951232,7.480781872201121,0.04411471476152432,0.05883491978154087,0.07129457936124518,Klein_relajada,-1,0.08021261416342461,299639.0385182434,0.9994882476938209,0.15,0.5,-2.84,2.84,0.4803578153967863,True,True,True
H1L1V1-GSTLAL_AllSky-1253943498-1.xml,1253943498.0,15.410095060807702,13.394699394477069,28.80479445528477,4285.463179793972,1.081781471951232,7.480781872201121,0.04411471476152432,0.05883491978154087,0.07129457936124518,Klein_relajada,-1,0.08021261416342461,299639.0385182434,0.9994882476938209,0.15,0.5,-2.84,2.84,0.4803578153967863,True,True,True
H1L1V1-GSTLAL_AllSky-1253885759-1.xml,1253885759.0,46.05295216764441,27.81201971983821,73.86497188748262,2173.9604912533314,0.5890187063541084,8.789012871377945,0.03217612722929886,0.31321341675078634,0.15666560900780488,Klein_deformada,1,0.21672389926707902,151922.24464623886,0.5067580607589497,0.15,0.5532227769860019,-2.5376946267195093,3.1423053732804904,0.6293192119143957,True,True,True
H1L1V1-GSTLAL_AllSky-1253958821-1.xml,1253958821.0,56.378376704417505,50.47906927282011,106.85744597723762,500.0,0.18298935321586923,8.152963534890716,0.04529130049604493,0.36400039776133647,0.2959350084734584,Klein_extrema,1,0.3948983363481759,35255.55714806275,0.11759988020800292,0.11759988020800292,0.7643704156120701,-1.3383760393234416,4.341623960676558,0.8453161453072876,True,True,True
