event_id,gps_time,mass_1,mass_2,mass_total,distance_mpc,redshift,snr,efficiency,chi_eff,max_epsilon,final_state,mode_parity,combined_factor,doppler_shift_hz,frequency_observed,v_total_kms,v_peculiar_c,beta,doppler_factor,klein_scale_correction,topology_conserved,doppler_realistic,beta_physical
H1L1V1-GSTLAL_AllSky-1238533958-1.xml,1238533958.0,64.828939397772,29.395712299429423,94.22465169720142,1037.9319859021232,1.2215616561110265,8.22109626313478,0.02813740133495978,0.26375147427710666,0.16347054961287508,Klein_deformada,1,0.22398452075916597,0.4282200139335206,6.10822001393352,72603.46984714977,0.05,0.05,1.0753908475235072,1.0000019065822074,True,True,False
H1L1V1-GSTLAL_AllSky-1238515766-1.xml,1238515766.0,64.828939397772,29.395712299429423,94.22465169720142,1037.9319859021232,1.2215616561110265,8.22109626313478,0.02813740133495978,0.26375147427710666,0.16347054961287508,Klein_deformada,1,0.22398452075916597,0.4282200139335206,6.10822001393352,72603.46984714977,0.05,0.05,1.0753908475235072,1.0000019065822074,True,True,False
H1L1V1-GSTLAL_AllSky-1238393111-1.xml,1238393111.0,64.828939397772,29.395712299429423,94.22465169720142,1037.9319859021232,1.2215616561110265,8.22109626313478,0.02813740133495978,0.26375147427710666,0.16347054961287508,Klein_deformada,1,0.22398452075916597,0.4282200139335206,6.10822001393352,72603.46984714977,0.05,0.05,1.0753908475235072,1.0000019065822074,True,True,False
H1L1V1-GSTLAL_AllSky-1238674117-1.xml,1238674117.0,64.828939397772,29.395712299429423,94.22465169720142,1037.9319859021232,1.2215616561110265,8.22109626313478,0.02813740133495978,0.26375147427710666,0.16347054961287508,Klein_deformada,1,0.22398452075916597,0.4282200139335206,6.10822001393352,72603.46984714977,0.05,0.05,1.0753908475235072,1.0000019065822074,True,True,False
H1L1V1-GSTLAL_AllSky-1238573777-1.xml,1238573777.0,64.828939397772,29.395712299429423,94.22465169720142,1037.9319859021232,1.2215616561110265,8.22109626313478,0.02813740133495978,0.26375147427710666,0.16347054961287508,Klein_deformada,1,0.22398452075916597,0.4282200139335206,6.10822001393352,72603.46984714977,0.05,0.05,1.0753908475235072,1.0000019065822074,True,True,False
H1L1V1-GSTLAL_AllSky-1238729030-1.xml,1238729030.0,25.83451672943489,22.141827259927496,47.976343989362384,2184.3686623332746,0.23865682026550528,6.024046669413924,0.044282549183046915,-0.06045448441104756,0.09598632284510576,Klein_relajada,-1,0.0963710147407248,-0.1897675369532168,5.490232463046783,152455.47468894994,0.05,0.05,0.9665902223673913,1.0000040124771976,True,True,False
H1L1V1-GSTLAL_AllSky-1238754998-1.xml,1238754998.0,25.83451672943489,22.141827259927496,47.976343989362384,2184.3686623332746,0.23865682026550528,6.024046669413924,0.044282549183046915,-0.06045448441104756,0.09598632284510576,Klein_relajada,-1,0.0963710147407248,-0.1897675369532168,5.490232463046783,152455.47468894994,0.05,0.05,0.9665902223673913,1.0000040124771976,True,True,False
H1L1V1-GSTLAL_AllSky-1238662706-1.xml,1238662706.0,64.828939397772,29.395712299429423,94.22465169720142,1037.9319859021232,1.2215616561110265,8.22109626313478,0.02813740133495978,0.26375147427710666,0.16347054961287508,Klein_deformada,1,0.22398452075916597,0.4282200139335206,6.10822001393352,72603.46984714977,0.05,0.05,1.0753908475235072,1.0000019065822074,True,True,False
H1L1V1-GSTLAL_AllSky-1238750282-1.xml,1238750282.0,25.83451672943489,22.141827259927496,47.976343989362384,2184.3686623332746,0.23865682026550528,6.024046669413924,0.044282549183046915,-0.06045448441104756,0.09598632284510576,Klein_relajada,-1,0.0963710147407248,-0.1897675369532168,5.490232463046783,152455.47468894994,0.05,0.05,0.9665902223673913,1.0000040124771976,True,True,False
H1L1V1-GSTLAL_AllSky-1238839513-1.xml,1238839513.0,58.14362349474702,42.99072317196216,101.13434666670918,2097.4244812078055,0.24530835752225016,7.874052476832059,0.039575537668956016,0.6473672803752724,0.23636603242762694,Klein_extrema,1,0.31019309051262045,-0.10317199072208005,5.57682800927792,147430.4408044617,0.05,0.05,0.9818359171263944,1.0000038527690174,True,True,False
H1L1V1-GSTLAL_AllSky-1238782700-1.xml,1238782700.0,25.83451672943489,22.141827259927496,47.976343989362384,2184.3686623332746,0.23865682026550528,6.024046669413924,0.044282549183046915,-0.06045448441104756,0.09598632284510576,Klein_relajada,-1,0.0963710147407248,-0.1897675369532168,5.490232463046783,152455.47468894994,0.05,0.05,0.9665902223673913,1.0000040124771976,True,True,False
H1L1V1-GSTLAL_AllSky-1238899272-1.xml,1238899272.0,58.14362349474702,42.99072317196216,101.13434666670918,2097.4244812078055,0.24530835752225016,7.874052476832059,0.039575537668956016,0.6473672803752724,0.23636603242762694,Klein_extrema,1,0.31019309051262045,-0.10317199072208005,5.57682800927792,147430.4408044617,0.05,0.05,0.9818359171263944,1.0000038527690174,True,True,False
H1L1V1-GSTLAL_AllSky-1238845539-1.xml,1238845539.0,25.83451672943489,22.141827259927496,47.976343989362384,2184.3686623332746,0.23865682026550528,6.024046669413924,0.044282549183046915,-0.06045448441104756,0.09598632284510576,Klein_relajada,-1,0.0963710147407248,-0.1897675369532168,5.490232463046783,152455.47468894994,0.05,0.05,0.9665902223673913,1.0000040124771976,True,True,False
H1L1V1-GSTLAL_AllSky-1239082262-1.xml,1239082262.0,58.14362349474702,42.99072317196216,101.13434666670918,2097.4244812078055,0.24530835752225016,7.874052476832059,0.039575537668956016,0.6473672803752724,0.23636603242762694,Klein_extrema,1,0.31019309051262045,-0.10317199072208005,5.57682800927792,147430.4408044617,0.05,0.05,0.9818359171263944,1.0000038527690174,True,True,False
H1L1V1-GSTLAL_AllSky-1238919052-1.xml,1238919052.0,25.83451672943489,22.141827259927496,47.976343989362384,2184.3686623332746,0.23865682026550528,6.024046669413924,0.044282549183046915,-0.06045448441104756,0.09598632284510576,Klein_relajada,-1,0.0963710147407248,-0.1897675369532168,5.490232463046783,152455.47468894994,0.05,0.05,0.9665902223673913,1.0000040124771976,True,True,False
H1L1V1-GSTLAL_AllSky-1239174401-1.xml,1239174401.0,58.14362349474702,42.99072317196216,101.13434666670918,2097.4244812078055,0.24530835752225016,7.874052476832059,0.039575537668956016,0.6473672803752724,0.23636603242762694,Klein_extrema,1,0.31019309051262045,-0.10317199072208005,5.57682800927792,147430.4408044617,0.05,0.05,0.9818359171263944,1.0000038527690174,True,True,False
H1L1V1-GSTLAL_AllSky-1239092652-1.xml,1239092652.0,47.29778538631733,23.113808003304975,70.41159338962231,598.8964491214052,0.37450756950859354,6.947953344187937,0.029547475903589783,0.24560258535864887,0.1084133380028498,Klein_deformada,0,0.12554180238857957,-0.0748987959798928,5.605101204020107,42552.15644500236,0.05,0.05,0.9868135922570611,1.0000011001157392,True,True,False
H1L1V1-GSTLAL_AllSky-1239179057-1.xml,1239179057.0,47.29778538631733,23.113808003304975,70.41159338962231,598.8964491214052,0.37450756950859354,6.947953344187937,0.029547475903589783,0.24560258535864887,0.1084133380028498,Klein_deformada,0,0.12554180238857957,-0.0748987959798928,5.605101204020107,42552.15644500236,0.05,0.05,0.9868135922570611,1.0000011001157392,True,True,False
H1L1V1-GSTLAL_AllSky-1239198206-1.xml,1239198206.0,58.14362349474702,42.99072317196216,101.13434666670918,2097.4244812078055,0.24530835752225016,7.874052476832059,0.039575537668956016,0.6473672803752724,0.23636603242762694,Klein_extrema,1,0.31019309051262045,-0.10317199072208005,5.57682800927792,147430.4408044617,0.05,0.05,0.9818359171263944,1.0000038527690174,True,True,False
H1L1V1-GSTLAL_AllSky-1239227262-1.xml,1239227262.0,47.29778538631733,23.113808003304975,70.41159338962231,598.8964491214052,0.37450756950859354,6.947953344187937,0.029547475903589783,0.24560258535864887,0.1084133380028498,Klein_deformada,0,0.12554180238857957,-0.0748987959798928,5.605101204020107,42552.15644500236,0.05,0.05,0.9868135922570611,1.0000011001157392,True,True,False
H1L1V1-GSTLAL_AllSky-1239393890-1.xml,1239393890.0,47.29778538631733,23.113808003304975,70.41159338962231,598.8964491214052,0.37450756950859354,6.947953344187937,0.029547475903589783,0.24560258535864887,0.1084133380028498,Klein_deformada,0,0.12554180238857957,-0.0748987959798928,5.605101204020107,42552.15644500236,0.05,0.05,0.9868135922570611,1.0000011001157392,True,True,False
H1L1V1-GSTLAL_AllSky-1239283789-1.xml,1239283789.0,58.14362349474702,42.99072317196216,101.13434666670918,2097.4244812078055,0.24530835752225016,7.874052476832059,0.039575537668956016,0.6473672803752724,0.23636603242762694,Klein_extrema,1,0.31019309051262045,-0.10317199072208005,5.57682800927792,147430.4408044617,0.05,0.05,0.9818359171263944,1.0000038527690174,True,True,False
H1L1V1-GSTLAL_AllSky-1239491655-1.xml,1239491655.0,44.76107061380949,35.975002099324485,80.73607271313398,774.7463147226567,0.3882036610882437,9.067984101225305,0.0421484733103999,-0.33927324296578715,0.23143097326089337,Klein_extrema,1,0.34976873101014655,-0.025403538320628805,5.654596461679371,53530.91256017389,0.05,0.05,0.9955275460703118,1.0000014231351948,True,True,False
H1L1V1-GSTLAL_AllSky-1239534693-1.xml,1239534693.0,44.76107061380949,35.975002099324485,80.73607271313398,774.7463147226567,0.3882036610882437,9.067984101225305,0.0421484733103999,-0.33927324296578715,0.23143097326089337,Klein_extrema,1,0.34976873101014655,-0.025403538320628805,5.654596461679371,53530.91256017389,0.05,0.05,0.9955275460703118,1.0000014231351948,True,True,False
H1L1V1-GSTLAL_AllSky-1239543370-1.xml,1239543370.0,47.29778538631733,23.113808003304975,70.41159338962231,598.8964491214052,0.37450756950859354,6.947953344187937,0.029547475903589783,0.24560258535864887,0.1084133380028498,Klein_deformada,0,0.12554180238857957,-0.0748987959798928,5.605101204020107,42552.15644500236,0.05,0.05,0.9868135922570611,1.0000011001157392,True,True,False
H1L1V1-GSTLAL_AllSky-1239788217-1.xml,1239788217.0,44.76107061380949,35.975002099324485,80.73607271313398,774.7463147226567,0.3882036610882437,9.067984101225305,0.0421484733103999,-0.33927324296578715,0.23143097326089337,Klein_extrema,1,0.34976873101014655,-0.025403538320628805,5.654596461679371,53530.91256017389,0.05,0.05,0.9955275460703118,1.0000014231351948,True,True,False
H1L1V1-GSTLAL_AllSky-1239550519-1.xml,1239550519.0,44.76107061380949,35.975002099324485,80.73607271313398,774.7463147226567,0.3882036610882437,9.067984101225305,0.0421484733103999,-0.33927324296578715,0.23143097326089337,Klein_extrema,1,0.34976873101014655,-0.025403538320628805,5.654596461679371,53530.91256017389,0.05,0.05,0.9955275460703118,1.0000014231351948,True,True,False
H1L1V1-GSTLAL_AllSky-1239883947-1.xml,1239883947.0,27.77759519012242,11.273232013522025,39.050827203644445,1023.9421657358113,0.24854780054600306,9.097826171343161,0.026233560805192714,-0.4295774157995662,0.06990148134399542,Klein_relajada,0,0.10599192106450953,-0.14294755852680385,5.537052441473196,71485.23903557367,0.05,0.05,0.9748331763157035,1.0000018808842401,True,True,False
H1L1V1-GSTLAL_AllSky-1239855472-1.xml,1239855472.0,47.29778538631733,23.113808003304975,70.41159338962231,598.8964491214052,0.37450756950859354,6.947953344187937,0.029547475903589783,0.24560258535864887,0.1084133380028498,Klein_deformada,0,0.12554180238857957,-0.0748987959798928,5.605101204020107,42552.15644500236,0.05,0.05,0.9868135922570611,1.0000011001157392,True,True,False
H1L1V1-GSTLAL_AllSky-1239883999-1.xml,1239883999.0,27.77759519012242,11.273232013522025,39.050827203644445,1023.9421657358113,0.24854780054600306,9.097826171343161,0.026233560805192714,-0.4295774157995662,0.06990148134399542,Klein_relajada,0,0.10599192106450953,-0.14294755852680385,5.537052441473196,71485.23903557367,0.05,0.05,0.9748331763157035,1.0000018808842401,True,True,False
H1L1V1-GSTLAL_AllSky-1239886944-1.xml,1239886944.0,44.76107061380949,35.975002099324485,80.73607271313398,774.7463147226567,0.3882036610882437,9.067984101225305,0.0421484733103999,-0.33927324296578715,0.23143097326089337,Klein_extrema,1,0.34976873101014655,-0.025403538320628805,5.654596461679371,53530.91256017389,0.05,0.05,0.9955275460703118,1.0000014231351948,True,True,False
H1L1V1-GSTLAL_AllSky-1239891926-1.xml,1239891926.0,27.77759519012242,11.273232013522025,39.050827203644445,1023.9421657358113,0.24854780054600306,9.097826171343161,0.026233560805192714,-0.4295774157995662,0.06990148134399542,Klein_relajada,0,0.10599192106450953,-0.14294755852680385,5.537052441473196,71485.23903557367,0.05,0.05,0.9748331763157035,1.0000018808842401,True,True,False
H1L1V1-GSTLAL_AllSky-1239917954-1.xml,1239917954.0,27.77759519012242,11.273232013522025,39.050827203644445,1023.9421657358113,0.24854780054600306,9.097826171343161,0.026233560805192714,-0.4295774157995662,0.06990148134399542,Klein_relajada,0,0.10599192106450953,-0.14294755852680385,5.537052441473196,71485.23903557367,0.05,0.05,0.9748331763157035,1.0000018808842401,True,True,False
H1L1V1-GSTLAL_AllSky-1239937367-1.xml,1239937367.0,17.374234471506487,12.618151123523592,29.99238559503008,1959.8854924115137,0.3089197432361779,6.279368416514441,0.03905026093487386,0.4553373869611047,0.05515846589598615,Klein_relajada,-1,0.057726721441774057,-0.1520930207609945,5.527906979239005,136975.36082868793,0.05,0.05,0.973223059725177,1.0000036001229937,True,True,False
H1L1V1-GSTLAL_AllSky-1239976056-1.xml,1239976056.0,44.76107061380949,35.975002099324485,80.73607271313398,774.7463147226567,0.3882036610882437,9.067984101225305,0.0421484733103999,-0.33927324296578715,0.23143097326089337,Klein_extrema,1,0.34976873101014655,-0.025403538320628805,5.654596461679371,53530.91256017389,0.05,0.05,0.9955275460703118,1.0000014231351948,True,True,False
H1L1V1-GSTLAL_AllSky-1239990500-1.xml,1239990500.0,17.374234471506487,12.618151123523592,29.99238559503008,1959.8854924115137,0.3089197432361779,6.279368416514441,0.03905026093487386,0.4553373869611047,0.05515846589598615,Klein_relajada,-1,0.057726721441774057,-0.1520930207609945,5.527906979239005,136975.36082868793,0.05,0.05,0.973223059725177,1.0000036001229937,True,True,False
H1L1V1-GSTLAL_AllSky-1240055015-1.xml,1240055015.0,27.77759519012242,11.273232013522025,39.050827203644445,1023.9421657358113,0.24854780054600306,9.097826171343161,0.026233560805192714,-0.4295774157995662,0.06990148134399542,Klein_relajada,0,0.10599192106450953,-0.14294755852680385,5.537052441473196,71485.23903557367,0.05,0.05,0.9748331763157035,1.0000018808842401,True,True,False
H1L1V1-GSTLAL_AllSky-1240155151-1.xml,1240155151.0,17.374234471506487,12.618151123523592,29.99238559503008,1959.8854924115137,0.3089197432361779,6.279368416514441,0.03905026093487386,0.4553373869611047,0.05515846589598615,Klein_relajada,-1,0.057726721441774057,-0.1520930207609945,5.527906979239005,136975.36082868793,0.05,0.05,0.973223059725177,1.0000036001229937,True,True,False
H1L1V1-GSTLAL_AllSky-1240215503-1.xml,1240215503.0,49.60636146253375,13.868950363660607,63.47531182619436,500.0,0.33700539589986533,7.941163431489404,0.02118320308506031,0.22041268781361423,0.08008328330431069,Klein_relajada,0,0.10599240680829967,-0.09516134845244206,5.584838651547558,34347.12365288002,0.05,0.05,0.9832462414696405,1.000000918452381,True,True,False
H1L1V1-GSTLAL_AllSky-1240164426-1.xml,1240164426.0,17.374234471506487,12.618151123523592,29.99238559503008,1959.8854924115137,0.3089197432361779,6.279368416514441,0.03905026093487386,0.4553373869611047,0.05515846589598615,Klein_relajada,-1,0.057726721441774057,-0.1520930207609945,5.527906979239005,136975.36082868793,0.05,0.05,0.973223059725177,1.0000036001229937,True,True,False
H1L1V1-GSTLAL_AllSky-1240290694-1.xml,1240290694.0,49.60636146253375,13.868950363660607,63.47531182619436,500.0,0.33700539589986533,7.941163431489404,0.02118320308506031,0.22041268781361423,0.08008328330431069,Klein_relajada,0,0.10599240680829967,-0.09516134845244206,5.584838651547558,34347.12365288002,0.05,0.05,0.9832462414696405,1.000000918452381,True,True,False
H1L1V1-GSTLAL_AllSky-1240233548-1.xml,1240233548.0,27.77759519012242,11.273232013522025,39.050827203644445,1023.9421657358113,0.24854780054600306,9.097826171343161,0.026233560805192714,-0.4295774157995662,0.06990148134399542,Klein_relajada,0,0.10599192106450953,-0.14294755852680385,5.537052441473196,71485.23903557367,0.05,0.05,0.9748331763157035,1.0000018808842401,True,True,False
H1L1V1-GSTLAL_AllSky-1240327333-1.xml,1240327333.0,49.60636146253375,13.868950363660607,63.47531182619436,500.0,0.33700539589986533,7.941163431489404,0.02118320308506031,0.22041268781361423,0.08008328330431069,Klein_relajada,0,0.10599240680829967,-0.09516134845244206,5.584838651547558,34347.12365288002,0.05,0.05,0.9832462414696405,1.000000918452381,True,True,False
H1L1V1-GSTLAL_AllSky-1240325074-1.xml,1240325074.0,17.374234471506487,12.618151123523592,29.99238559503008,1959.8854924115137,0.3089197432361779,6.279368416514441,0.03905026093487386,0.4553373869611047,0.05515846589598615,Klein_relajada,-1,0.057726721441774057,-0.1520930207609945,5.527906979239005,136975.36082868793,0.05,0.05,0.973223059725177,1.0000036001229937,True,True,False
H1L1V1-GSTLAL_AllSky-1240352617-1.xml,1240352617.0,26.872374982841606,21.617114312121082,48.48948929496269,4835.142133552021,0.3292517742571606,7.375995319908757,0.04217745260837409,0.2123127744626755,0.11313835293797235,Klein_deformada,0,0.13908466029544483,-0.09930600615355445,5.580693993846445,337873.8019991485,0.05,0.05,0.9825165482124023,1.0000088816956096,True,True,False
H1L1V1-GSTLAL_AllSky-1240399040-1.xml,1240399040.0,49.60636146253375,13.868950363660607,63.47531182619436,500.0,0.33700539589986533,7.941163431489404,0.02118320308506031,0.22041268781361423,0.08008328330431069,Klein_relajada,0,0.10599240680829967,-0.09516134845244206,5.584838651547558,34347.12365288002,0.05,0.05,0.9832462414696405,1.000000918452381,True,True,False
H1L1V1-GSTLAL_AllSky-1240620590-1.xml,1240620590.0,26.872374982841606,21.617114312121082,48.48948929496269,4835.142133552021,0.3292517742571606,7.375995319908757,0.04217745260837409,0.2123127744626755,0.11313835293797235,Klein_deformada,0,0.13908466029544483,-0.09930600615355445,5.580693993846445,337873.8019991485,0.05,0.05,0.9825165482124023,1.0000088816956096,True,True,False
H1L1V1-GSTLAL_AllSky-1240630609-1.xml,1240630609.0,17.374234471506487,12.618151123523592,29.99238559503008,1959.8854924115137,0.3089197432361779,6.279368416514441,0.03905026093487386,0.4553373869611047,0.05515846589598615,Klein_relajada,-1,0.057726721441774057,-0.1520930207609945,5.527906979239005,136975.36082868793,0.05,0.05,0.973223059725177,1.0000036001229937,True,True,False
H1L1V1-GSTLAL_AllSky-1240651041-1.xml,1240651041.0,49.60636146253375,13.868950363660607,63.47531182619436,500.0,0.33700539589986533,7.941163431489404,0.02118320308506031,0.22041268781361423,0.08008328330431069,Klein_relajada,0,0.10599240680829967,-0.09516134845244206,5.584838651547558,34347.12365288002,0.05,0.05,0.9832462414696405,1.000000918452381,True,True,False
H1L1V1-GSTLAL_AllSky-1240630634-1.xml,1240630634.0,26.872374982841606,21.617114312121082,48.48948929496269,4835.142133552021,0.3292517742571606,7.375995319908757,0.04217745260837409,0.2123127744626755,0.11313835293797235,Klein_deformada,0,0.13908466029544483,-0.09930600615355445,5.580693993846445,337873.8019991485,0.05,0.05,0.9825165482124023,1.0000088816956096,True,True,False
H1L1V1-GSTLAL_AllSky-1240837251-1.xml,1240837251.0,62.10486975977705,13.716770485235696,75.82164024501274,1272.4431761920534,0.3853131152416162,6.532663491188389,0.018834586104627515,0.4022037641983567,0.0699682170205706,Klein_relajada,-1,0.07617980281230462,-0.11113596892043986,5.56886403107956,88732.05743361496,0.05,0.05,0.9804338082886549,1.0000023373569296,True,True,False
H1L1V1-GSTLAL_AllSky-1240842666-1.xml,1240842666.0,26.872374982841606,21.617114312121082,48.48948929496269,4835.142133552021,0.3292517742571606,7.375995319908757,0.04217745260837409,0.2123127744626755,0.11313835293797235,Klein_deformada,0,0.13908466029544483,-0.09930600615355445,5.580693993846445,337873.8019991485,0.05,0.05,0.9825165482124023,1.0000088816956096,True,True,False
H1L1V1-GSTLAL_AllSky-1240935112-1.xml,1240935112.0,62.10486975977705,13.716770485235696,75.82164024501274,1272.4431761920534,0.3853131152416162,6.532663491188389,0.018834586104627515,0.4022037641983567,0.0699682170205706,Klein_relajada,-1,0.07617980281230462,-0.11113596892043986,5.56886403107956,88732.05743361496,0.05,0.05,0.9804338082886549,1.0000023373569296,True,True,False
H1L1V1-GSTLAL_AllSky-1240935340-1.xml,1240935340.0,49.60636146253375,13.868950363660607,63.47531182619436,500.0,0.33700539589986533,7.941163431489404,0.02118320308506031,0.22041268781361423,0.08008328330431069,Klein_relajada,0,0.10599240680829967,-0.09516134845244206,5.584838651547558,34347.12365288002,0.05,0.05,0.9832462414696405,1.000000918452381,True,True,False
H1L1V1-GSTLAL_AllSky-1240944862-1.xml,1240944862.0,26.872374982841606,21.617114312121082,48.48948929496269,4835.142133552021,0.3292517742571606,7.375995319908757,0.04217745260837409,0.2123127744626755,0.11313835293797235,Klein_deformada,0,0.13908466029544483,-0.09930600615355445,5.580693993846445,337873.8019991485,0.05,0.05,0.9825165482124023,1.0000088816956096,True,True,False
H1L1V1-GSTLAL_AllSky-1240978573-1.xml,1240978573.0,62.10486975977705,13.716770485235696,75.82164024501274,1272.4431761920534,0.3853131152416162,6.532663491188389,0.018834586104627515,0.4022037641983567,0.0699682170205706,Klein_relajada,-1,0.07617980281230462,-0.11113596892043986,5.56886403107956,88732.05743361496,0.05,0.05,0.9804338082886549,1.0000023373569296,True,True,False
H1L1V1-GSTLAL_AllSky-1241108686-1.xml,1241108686.0,35.93305617612925,10.286727192999736,46.21978336912898,2093.6434232531496,1.2006119325142406,7.991276378700398,0.021450990578233454,0.7915381281737883,0.05942273983394629,Klein_relajada,-1,0.0791439228654457,0.32605666048034454,6.006056660480344,147525.30670025432,0.05,0.05,1.0574043416338634,1.0000038458235738,True,True,False
H1L1V1-GSTLAL_AllSky-1241208674-1.xml,1241208674.0,62.10486975977705,13.716770485235696,75.82164024501274,1272.4431761920534,0.3853131152416162,6.532663491188389,0.018834586104627515,0.4022037641983567,0.0699682170205706,Klein_relajada,-1,0.07617980281230462,-0.11113596892043986,5.56886403107956,88732.05743361496,0.05,0.05,0.9804338082886549,1.0000023373569296,True,True,False
H1L1V1-GSTLAL_AllSky-1241228096-1.xml,1241228096.0,35.93305617612925,10.286727192999736,46.21978336912898,2093.6434232531496,1.2006119325142406,7.991276378700398,0.021450990578233454,0.7915381281737883,0.05942273983394629,Klein_relajada,-1,0.0791439228654457,0.32605666048034454,6.006056660480344,147525.30670025432,0.05,0.05,1.0574043416338634,1.0000038458235738,True,True,False
H1L1V1-GSTLAL_AllSky-1241263448-1.xml,1241263448.0,26.872374982841606,21.617114312121082,48.48948929496269,4835.142133552021,0.3292517742571606,7.375995319908757,0.04217745260837409,0.2123127744626755,0.11313835293797235,Klein_deformada,0,0.13908466029544483,-0.09930600615355445,5.580693993846445,337873.8019991485,0.05,0.05,0.9825165482124023,1.0000088816956096,True,True,False
H1L1V1-GSTLAL_AllSky-1241264117-1.xml,1241264117.0,62.10486975977705,13.716770485235696,75.82164024501274,1272.4431761920534,0.3853131152416162,6.532663491188389,0.018834586104627515,0.4022037641983567,0.0699682170205706,Klein_relajada,-1,0.07617980281230462,-0.11113596892043986,5.56886403107956,88732.05743361496,0.05,0.05,0.9804338082886549,1.0000023373569296,True,True,False
H1L1V1-GSTLAL_AllSky-1241318316-1.xml,1241318316.0,35.93305617612925,10.286727192999736,46.21978336912898,2093.6434232531496,1.2006119325142406,7.991276378700398,0.021450990578233454,0.7915381281737883,0.05942273983394629,Klein_relajada,-1,0.0791439228654457,0.32605666048034454,6.006056660480344,147525.30670025432,0.05,0.05,1.0574043416338634,1.0000038458235738,True,True,False
H1L1V1-GSTLAL_AllSky-1241418140-1.xml,1241418140.0,30.33877268820805,11.020059550834707,41.358832239042755,1028.5833399768962,1.0120492731647366,6.7441959638983375,0.02452934126780671,0.7060187123007251,0.05131514941704977,Klein_relajada,-1,0.057679903930884534,0.22493295244757316,5.904932952447573,73005.33153708998,0.05,0.05,1.039600871909784,1.0000018894096352,True,True,False
H1L1V1-GSTLAL_AllSky-1241419760-1.xml,1241419760.0,35.93305617612925,10.286727192999736,46.21978336912898,2093.6434232531496,1.2006119325142406,7.991276378700398,0.021450990578233454,0.7915381281737883,0.05942273983394629,Klein_relajada,-1,0.0791439228654457,0.32605666048034454,6.006056660480344,147525.30670025432,0.05,0.05,1.0574043416338634,1.0000038458235738,True,True,False
H1L1V1-GSTLAL_AllSky-1241577622-1.xml,1241577622.0,30.33877268820805,11.020059550834707,41.358832239042755,1028.5833399768962,1.0120492731647366,6.7441959638983375,0.02452934126780671,0.7060187123007251,0.05131514941704977,Klein_relajada,-1,0.057679903930884534,0.22493295244757316,5.904932952447573,73005.33153708998,0.05,0.05,1.039600871909784,1.0000018894096352,True,True,False
H1L1V1-GSTLAL_AllSky-1241587773-1.xml,1241587773.0,62.10486975977705,13.716770485235696,75.82164024501274,1272.4431761920534,0.3853131152416162,6.532663491188389,0.018834586104627515,0.4022037641983567,0.0699682170205706,Klein_relajada,-1,0.07617980281230462,-0.11113596892043986,5.56886403107956,88732.05743361496,0.05,0.05,0.9804338082886549,1.0000023373569296,True,True,False
H1L1V1-GSTLAL_AllSky-1241634009-1.xml,1241634009.0,35.93305617612925,10.286727192999736,46.21978336912898,2093.6434232531496,1.2006119325142406,7.991276378700398,0.021450990578233454,0.7915381281737883,0.05942273983394629,Klein_relajada,-1,0.0791439228654457,0.32605666048034454,6.006056660480344,147525.30670025432,0.05,0.05,1.0574043416338634,1.0000038458235738,True,True,False
H1L1V1-GSTLAL_AllSky-1241676985-1.xml,1241676985.0,30.33877268820805,11.020059550834707,41.358832239042755,1028.5833399768962,1.0120492731647366,6.7441959638983375,0.02452934126780671,0.7060187123007251,0.05131514941704977,Klein_relajada,-1,0.057679903930884534,0.22493295244757316,5.904932952447573,73005.33153708998,0.05,0.05,1.039600871909784,1.0000018894096352,True,True,False
H1L1V1-GSTLAL_AllSky-1241710671-1.xml,1241710671.0,47.984708865604055,15.846105248926474,63.830814114530526,1404.9579915993854,0.3888910709597381,8.645593756860464,0.02320929573069485,0.683626985862779,0.09606129434872838,Klein_relajada,0,0.13841782111621692,-0.06711941941075672,5.612880580589243,97899.90661706057,0.05,0.05,0.9881832008079653,1.0000025807740252,True,True,False
H1L1V1-GSTLAL_AllSky-1241852074-1.xml,1241852074.0,30.33877268820805,11.020059550834707,41.358832239042755,1028.5833399768962,1.0120492731647366,6.7441959638983375,0.02452934126780671,0.7060187123007251,0.05131514941704977,Klein_relajada,-1,0.057679903930884534,0.22493295244757316,5.904932952447573,73005.33153708998,0.05,0.05,1.039600871909784,1.0000018894096352,True,True,False
H1L1V1-GSTLAL_AllSky-1241719652-1.xml,1241719652.0,30.33877268820805,11.020059550834707,41.358832239042755,1028.5833399768962,1.0120492731647366,6.7441959638983375,0.02452934126780671,0.7060187123007251,0.05131514941704977,Klein_relajada,-1,0.057679903930884534,0.22493295244757316,5.904932952447573,73005.33153708998,0.05,0.05,1.039600871909784,1.0000018894096352,True,True,False
H1L1V1-GSTLAL_AllSky-1241850801-1.xml,1241850801.0,35.93305617612925,10.286727192999736,46.21978336912898,2093.6434232531496,1.2006119325142406,7.991276378700398,0.021450990578233454,0.7915381281737883,0.05942273983394629,Klein_relajada,-1,0.0791439228654457,0.32605666048034454,6.006056660480344,147525.30670025432,0.05,0.05,1.0574043416338634,1.0000038458235738,True,True,False
H1L1V1-GSTLAL_AllSky-1241956664-1.xml,1241956664.0,47.984708865604055,15.846105248926474,63.830814114530526,1404.9579915993854,0.3888910709597381,8.645593756860464,0.02320929573069485,0.683626985862779,0.09606129434872838,Klein_relajada,0,0.13841782111621692,-0.06711941941075672,5.612880580589243,97899.90661706057,0.05,0.05,0.9881832008079653,1.0000025807740252,True,True,False
H1L1V1-GSTLAL_AllSky-1241912955-1.xml,1241912955.0,47.984708865604055,15.846105248926474,63.830814114530526,1404.9579915993854,0.3888910709597381,8.645593756860464,0.02320929573069485,0.683626985862779,0.09606129434872838,Klein_relajada,0,0.13841782111621692,-0.06711941941075672,5.612880580589243,97899.90661706057,0.05,0.05,0.9881832008079653,1.0000025807740252,True,True,False
H1L1V1-GSTLAL_AllSky-1241816086-1.xml,1241816086.0,47.984708865604055,15.846105248926474,63.830814114530526,1404.9579915993854,0.3888910709597381,8.645593756860464,0.02320929573069485,0.683626985862779,0.09606129434872838,Klein_relajada,0,0.13841782111621692,-0.06711941941075672,5.612880580589243,97899.90661706057,0.05,0.05,0.9881832008079653,1.0000025807740252,True,True,False
H1L1V1-GSTLAL_AllSky-1241940902-1.xml,1241940902.0,41.38641407008592,25.90375488641846,67.29016895650437,2056.960771213075,1.0060695108139799,7.624952464095054,0.03503599837623205,0.6663488033021034,0.13482316566671232,Klein_deformada,0,0.17133670487791564,0.2663351180125204,5.94633511801252,143698.95033344283,0.05,0.05,1.0468899855655847,1.0000037784410356,True,True,False
H1L1V1-GSTLAL_AllSky-1241959580-1.xml,1241959580.0,47.984708865604055,15.846105248926474,63.830814114530526,1404.9579915993854,0.3888910709597381,8.645593756860464,0.02320929573069485,0.683626985862779,0.09606129434872838,Klein_relajada,0,0.13841782111621692,-0.06711941941075672,5.612880580589243,97899.90661706057,0.05,0.05,0.9881832008079653,1.0000025807740252,True,True,False
H1L1V1-GSTLAL_AllSky-1242107479-1.xml,1242107479.0,30.33877268820805,11.020059550834707,41.358832239042755,1028.5833399768962,1.0120492731647366,6.7441959638983375,0.02452934126780671,0.7060187123007251,0.05131514941704977,Klein_relajada,-1,0.057679903930884534,0.22493295244757316,5.904932952447573,73005.33153708998,0.05,0.05,1.039600871909784,1.0000018894096352,True,True,False
H1L1V1-GSTLAL_AllSky-1242139414-1.xml,1242139414.0,41.38641407008592,25.90375488641846,67.29016895650437,2056.960771213075,1.0060695108139799,7.624952464095054,0.03503599837623205,0.6663488033021034,0.13482316566671232,Klein_deformada,0,0.17133670487791564,0.2663351180125204,5.94633511801252,143698.95033344283,0.05,0.05,1.0468899855655847,1.0000037784410356,True,True,False
H1L1V1-GSTLAL_AllSky-1242279434-1.xml,1242279434.0,41.38641407008592,25.90375488641846,67.29016895650437,2056.960771213075,1.0060695108139799,7.624952464095054,0.03503599837623205,0.6663488033021034,0.13482316566671232,Klein_deformada,0,0.17133670487791564,0.2663351180125204,5.94633511801252,143698.95033344283,0.05,0.05,1.0468899855655847,1.0000037784410356,True,True,False
H1L1V1-GSTLAL_AllSky-1242290807-1.xml,1242290807.0,41.38641407008592,25.90375488641846,67.29016895650437,2056.960771213075,1.0060695108139799,7.624952464095054,0.03503599837623205,0.6663488033021034,0.13482316566671232,Klein_deformada,0,0.17133670487791564,0.2663351180125204,5.94633511801252,143698.95033344283,0.05,0.05,1.0468899855655847,1.0000037784410356,True,True,False
H1L1V1-GSTLAL_AllSky-1242315362-1.xml,1242315362.0,41.57238008569028,22.643581483412653,64.21596156910293,1326.80574634086,0.6505345769841694,8.487042691833166,0.03178713986232109,0.6237572602882289,0.12993079418848774,Klein_deformada,0,0.18378803287691398,0.07423976532382337,5.754239765323823,92997.1853735662,0.05,0.05,1.013070381218983,1.0000024372157936,True,True,False
H1L1V1-GSTLAL_AllSky-1242369559-1.xml,1242369559.0,41.38641407008592,25.90375488641846,67.29016895650437,2056.960771213075,1.0060695108139799,7.624952464095054,0.03503599837623205,0.6663488033021034,0.13482316566671232,Klein_deformada,0,0.17133670487791564,0.2663351180125204,5.94633511801252,143698.95033344283,0.05,0.05,1.0468899855655847,1.0000037784410356,True,True,False
H1L1V1-GSTLAL_AllSky-1242420354-1.xml,1242420354.0,47.984708865604055,15.846105248926474,63.830814114530526,1404.9579915993854,0.3888910709597381,8.645593756860464,0.02320929573069485,0.683626985862779,0.09606129434872838,Klein_relajada,0,0.13841782111621692,-0.06711941941075672,5.612880580589243,97899.90661706057,0.05,0.05,0.9881832008079653,1.0000025807740252,True,True,False
H1L1V1-GSTLAL_AllSky-1242456568-1.xml,1242456568.0,41.57238008569028,22.643581483412653,64.21596156910293,1326.80574634086,0.6505345769841694,8.487042691833166,0.03178713986232109,0.6237572602882289,0.12993079418848774,Klein_deformada,0,0.18378803287691398,0.07423976532382337,5.754239765323823,92997.1853735662,0.05,0.05,1.013070381218983,1.0000024372157936,True,True,False
H1L1V1-GSTLAL_AllSky-1242442967-1.xml,1242442967.0,41.57238008569028,22.643581483412653,64.21596156910293,1326.80574634086,0.6505345769841694,8.487042691833166,0.03178713986232109,0.6237572602882289,0.12993079418848774,Klein_deformada,0,0.18378803287691398,0.07423976532382337,5.754239765323823,92997.1853735662,0.05,0.05,1.013070381218983,1.0000024372157936,True,True,False
H1L1V1-GSTLAL_AllSky-1242510975-1.xml,1242510975.0,28.018500428138765,15.49907330247981,43.51757373061857,500.0,0.6326038182582647,8.76157638735431,0.032126913383150525,0.029025270236029965,0.09187073507823382,Klein_relajada,0,0.13415541052505614,0.06454346268932998,5.74454346268933,35785.09537218234,0.05,0.05,1.0113632856847412,1.000000918452381,True,True,False
H1L1V1-GSTLAL_AllSky-1242459857-1.xml,1242459857.0,41.57238008569028,22.643581483412653,64.21596156910293,1326.80574634086,0.6505345769841694,8.487042691833166,0.03178713986232109,0.6237572602882289,0.12993079418848774,Klein_deformada,0,0.18378803287691398,0.07423976532382337,5.754239765323823,92997.1853735662,0.05,0.05,1.013070381218983,1.0000024372157936,True,True,False
H1L1V1-GSTLAL_AllSky-1242566558-1.xml,1242566558.0,41.38641407008592,25.90375488641846,67.29016895650437,2056.960771213075,1.0060695108139799,7.624952464095054,0.03503599837623205,0.6663488033021034,0.13482316566671232,Klein_deformada,0,0.17133670487791564,0.2663351180125204,5.94633511801252,143698.95033344283,0.05,0.05,1.0468899855655847,1.0000037784410356,True,True,False
H1L1V1-GSTLAL_AllSky-1242565015-1.xml,1242565015.0,41.57238008569028,22.643581483412653,64.21596156910293,1326.80574634086,0.6505345769841694,8.487042691833166,0.03178713986232109,0.6237572602882289,0.12993079418848774,Klein_deformada,0,0.18378803287691398,0.07423976532382337,5.754239765323823,92997.1853735662,0.05,0.05,1.013070381218983,1.0000024372157936,True,True,False
H1L1V1-GSTLAL_AllSky-1242588150-1.xml,1242588150.0,28.018500428138765,15.49907330247981,43.51757373061857,500.0,0.6326038182582647,8.76157638735431,0.032126913383150525,0.029025270236029965,0.09187073507823382,Klein_relajada,0,0.13415541052505614,0.06454346268932998,5.74454346268933,35785.09537218234,0.05,0.05,1.0113632856847412,1.000000918452381,True,True,False
H1L1V1-GSTLAL_AllSky-1242571165-1.xml,1242571165.0,28.018500428138765,15.49907330247981,43.51757373061857,500.0,0.6326038182582647,8.76157638735431,0.032126913383150525,0.029025270236029965,0.09187073507823382,Klein_relajada,0,0.13415541052505614,0.06454346268932998,5.74454346268933,35785.09537218234,0.05,0.05,1.0113632856847412,1.000000918452381,True,True,False
H1L1V1-GSTLAL_AllSky-1242632879-1.xml,1242632879.0,27.351092552117496,11.123219521446023,38.47431207356352,1142.2494296055484,0.24256590741322184,8.806285075999428,0.026267312905692133,0.5542231228557482,0.06674834693363557,Klein_relajada,-1,0.09796749524155117,-0.18768189715061645,5.492318102849383,80403.82489129934,0.05,0.05,0.966957412473483,1.0000020982034166,True,True,False
H1L1V1-GSTLAL_AllSky-1242717927-1.xml,1242717927.0,28.018500428138765,15.49907330247981,43.51757373061857,500.0,0.6326038182582647,8.76157638735431,0.032126913383150525,0.029025270236029965,0.09187073507823382,Klein_relajada,0,0.13415541052505614,0.06454346268932998,5.74454346268933,35785.09537218234,0.05,0.05,1.0113632856847412,1.000000918452381,True,True,False
H1L1V1-GSTLAL_AllSky-1242729611-1.xml,1242729611.0,41.57238008569028,22.643581483412653,64.21596156910293,1326.80574634086,0.6505345769841694,8.487042691833166,0.03178713986232109,0.6237572602882289,0.12993079418848774,Klein_deformada,0,0.18378803287691398,0.07423976532382337,5.754239765323823,92997.1853735662,0.05,0.05,1.013070381218983,1.0000024372157936,True,True,False
H1L1V1-GSTLAL_AllSky-1242753325-1.xml,1242753325.0,28.018500428138765,15.49907330247981,43.51757373061857,500.0,0.6326038182582647,8.76157638735431,0.032126913383150525,0.029025270236029965,0.09187073507823382,Klein_relajada,0,0.13415541052505614,0.06454346268932998,5.74454346268933,35785.09537218234,0.05,0.05,1.0113632856847412,1.000000918452381,True,True,False
H1L1V1-GSTLAL_AllSky-1242755794-1.xml,1242755794.0,27.351092552117496,11.123219521446023,38.47431207356352,1142.2494296055484,0.24256590741322184,8.806285075999428,0.026267312905692133,0.5542231228557482,0.06674834693363557,Klein_relajada,-1,0.09796749524155117,-0.18768189715061645,5.492318102849383,80403.82489129934,0.05,0.05,0.966957412473483,1.0000020982034166,True,True,False
H1L1V1-GSTLAL_AllSky-1242794162-1.xml,1242794162.0,27.351092552117496,11.123219521446023,38.47431207356352,1142.2494296055484,0.24256590741322184,8.806285075999428,0.026267312905692133,0.5542231228557482,0.06674834693363557,Klein_relajada,-1,0.09796749524155117,-0.18768189715061645,5.492318102849383,80403.82489129934,0.05,0.05,0.966957412473483,1.0000020982034166,True,True,False
H1L1V1-GSTLAL_AllSky-1242808754-1.xml,1242808754.0,44.591600512261806,21.024536917347483,65.6161374296093,500.0,0.4538069539142591,8.579520658744897,0.028859638744356035,0.5320497919717553,0.12185008590379559,Klein_deformada,0,0.1742358882135758,-0.0320562391121193,5.64794376088788,34860.58381741284,0.05,0.05,0.9943562959309649,1.000000918452381,True,True,False
H1L1V1-GSTLAL_AllSky-1242837242-1.xml,1242837242.0,27.351092552117496,11.123219521446023,38.47431207356352,1142.2494296055484,0.24256590741322184,8.806285075999428,0.026267312905692133,0.5542231228557482,0.06674834693363557,Klein_relajada,-1,0.09796749524155117,-0.18768189715061645,5.492318102849383,80403.82489129934,0.05,0.05,0.966957412473483,1.0000020982034166,True,True,False
H1L1V1-GSTLAL_AllSky-1242841854-1.xml,1242841854.0,28.018500428138765,15.49907330247981,43.51757373061857,500.0,0.6326038182582647,8.76157638735431,0.032126913383150525,0.029025270236029965,0.09187073507823382,Klein_relajada,0,0.13415541052505614,0.06454346268932998,5.74454346268933,35785.09537218234,0.05,0.05,1.0113632856847412,1.000000918452381,True,True,False
H1L1V1-GSTLAL_AllSky-1242850387-1.xml,1242850387.0,27.351092552117496,11.123219521446023,38.47431207356352,1142.2494296055484,0.24256590741322184,8.806285075999428,0.026267312905692133,0.5542231228557482,0.06674834693363557,Klein_relajada,-1,0.09796749524155117,-0.18768189715061645,5.492318102849383,80403.82489129934,0.05,0.05,0.966957412473483,1.0000020982034166,True,True,False
H1L1V1-GSTLAL_AllSky-1242960785-1.xml,1242960785.0,44.591600512261806,21.024536917347483,65.6161374296093,500.0,0.4538069539142591,8.579520658744897,0.028859638744356035,0.5320497919717553,0.12185008590379559,Klein_deformada,0,0.1742358882135758,-0.0320562391121193,5.64794376088788,34860.58381741284,0.05,0.05,0.9943562959309649,1.000000918452381,True,True,False
H1L1V1-GSTLAL_AllSky-1242967497-1.xml,1242967497.0,44.591600512261806,21.024536917347483,65.6161374296093,500.0,0.4538069539142591,8.579520658744897,0.028859638744356035,0.5320497919717553,0.12185008590379559,Klein_deformada,0,0.1742358882135758,-0.0320562391121193,5.64794376088788,34860.58381741284,0.05,0.05,0.9943562959309649,1.000000918452381,True,True,False
H1L1V1-GSTLAL_AllSky-1242984073-1.xml,1242984073.0,44.591600512261806,21.024536917347483,65.6161374296093,500.0,0.4538069539142591,8.579520658744897,0.028859638744356035,0.5320497919717553,0.12185008590379559,Klein_deformada,0,0.1742358882135758,-0.0320562391121193,5.64794376088788,34860.58381741284,0.05,0.05,0.9943562959309649,1.000000918452381,True,True,False
H1L1V1-GSTLAL_AllSky-1242969291-1.xml,1242969291.0,66.40607247686762,39.96369030858075,106.36976278544837,1524.4787583258887,0.18868617328763862,6.690386263881031,0.03407231074989535,0.7269196815991168,0.18185792614899085,Klein_deformada,1,0.20278329518084984,-0.13399897731307941,5.54600102268692,107212.79997073894,0.05,0.05,0.9764086307547395,1.0000028003222905,True,True,False
H1L1V1-GSTLAL_AllSky-1243058210-1.xml,1243058210.0,27.351092552117496,11.123219521446023,38.47431207356352,1142.2494296055484,0.24256590741322184,8.806285075999428,0.026267312905692133,0.5542231228557482,0.06674834693363557,Klein_relajada,-1,0.09796749524155117,-0.18768189715061645,5.492318102849383,80403.82489129934,0.05,0.05,0.966957412473483,1.0000020982034166,True,True,False
H1L1V1-GSTLAL_AllSky-1243058459-1.xml,1243058459.0,44.591600512261806,21.024536917347483,65.6161374296093,500.0,0.4538069539142591,8.579520658744897,0.028859638744356035,0.5320497919717553,0.12185008590379559,Klein_deformada,0,0.1742358882135758,-0.0320562391121193,5.64794376088788,34860.58381741284,0.05,0.05,0.9943562959309649,1.000000918452381,True,True,False
H1L1V1-GSTLAL_AllSky-1243134883-1.xml,1243134883.0,66.40607247686762,39.96369030858075,106.36976278544837,1524.4787583258887,0.18868617328763862,6.690386263881031,0.03407231074989535,0.7269196815991168,0.18185792614899085,Klein_deformada,1,0.20278329518084984,-0.13399897731307941,5.54600102268692,107212.79997073894,0.05,0.05,0.9764086307547395,1.0000028003222905,True,True,False
H1L1V1-GSTLAL_AllSky-1243139732-1.xml,1243139732.0,66.40607247686762,39.96369030858075,106.36976278544837,1524.4787583258887,0.18868617328763862,6.690386263881031,0.03407231074989535,0.7269196815991168,0.18185792614899085,Klein_deformada,1,0.20278329518084984,-0.13399897731307941,5.54600102268692,107212.79997073894,0.05,0.05,0.9764086307547395,1.0000028003222905,True,True,False
H1L1V1-GSTLAL_AllSky-1243241875-1.xml,1243241875.0,66.40607247686762,39.96369030858075,106.36976278544837,1524.4787583258887,0.18868617328763862,6.690386263881031,0.03407231074989535,0.7269196815991168,0.18185792614899085,Klein_deformada,1,0.20278329518084984,-0.13399897731307941,5.54600102268692,107212.79997073894,0.05,0.05,0.9764086307547395,1.0000028003222905,True,True,False
H1L1V1-GSTLAL_AllSky-1243305426-1.xml,1243305426.0,39.64240039025217,28.934692167536095,68.57709255778826,5000.0,0.1700052148151127,7.796783511422007,0.03919570145368994,-0.00504119456291191,0.15717890126309134,Klein_deformada,1,0.20424831095191634,-0.14413222970947626,5.5358677702905235,350038.04285446,0.05,0.05,0.9746246074455147,1.0000091845238095,True,True,False
H1L1V1-GSTLAL_AllSky-1243407873-1.xml,1243407873.0,44.591600512261806,21.024536917347483,65.6161374296093,500.0,0.4538069539142591,8.579520658744897,0.028859638744356035,0.5320497919717553,0.12185008590379559,Klein_deformada,0,0.1742358882135758,-0.0320562391121193,5.64794376088788,34860.58381741284,0.05,0.05,0.9943562959309649,1.000000918452381,True,True,False
H1L1V1-GSTLAL_AllSky-1243497876-1.xml,1243497876.0,66.40607247686762,39.96369030858075,106.36976278544837,1524.4787583258887,0.18868617328763862,6.690386263881031,0.03407231074989535,0.7269196815991168,0.18185792614899085,Klein_deformada,1,0.20278329518084984,-0.13399897731307941,5.54600102268692,107212.79997073894,0.05,0.05,0.9764086307547395,1.0000028003222905,True,True,False
H1L1V1-GSTLAL_AllSky-1243533585-1.xml,1243533585.0,39.64240039025217,28.934692167536095,68.57709255778826,5000.0,0.1700052148151127,7.796783511422007,0.03919570145368994,-0.00504119456291191,0.15717890126309134,Klein_deformada,1,0.20424831095191634,-0.14413222970947626,5.5358677702905235,350038.04285446,0.05,0.05,0.9746246074455147,1.0000091845238095,True,True,False
H1L1V1-GSTLAL_AllSky-1243536309-1.xml,1243536309.0,39.64240039025217,28.934692167536095,68.57709255778826,5000.0,0.1700052148151127,7.796783511422007,0.03919570145368994,-0.00504119456291191,0.15717890126309134,Klein_deformada,1,0.20424831095191634,-0.14413222970947626,5.5358677702905235,350038.04285446,0.05,0.05,0.9746246074455147,1.0000091845238095,True,True,False
H1L1V1-GSTLAL_AllSky-1243605087-1.xml,1243605087.0,19.631415925400624,12.180877082207095,31.81229300760772,1093.7441491583456,0.5864903765298359,9.335620304304818,0.034819151361255705,0.6329804100054894,0.07755639236599987,Klein_relajada,0,0.12067283855010993,0.03963570280953288,5.719635702809533,76191.55588963129,0.05,0.05,1.0069781166918192,1.000002009103836,True,True,False
H1L1V1-GSTLAL_AllSky-1243557850-1.xml,1243557850.0,39.64240039025217,28.934692167536095,68.57709255778826,5000.0,0.1700052148151127,7.796783511422007,0.03919570145368994,-0.00504119456291191,0.15717890126309134,Klein_deformada,1,0.20424831095191634,-0.14413222970947626,5.5358677702905235,350038.04285446,0.05,0.05,0.9746246074455147,1.0000091845238095,True,True,False
H1L1V1-GSTLAL_AllSky-1243734617-1.xml,1243734617.0,66.40607247686762,39.96369030858075,106.36976278544837,1524.4787583258887,0.18868617328763862,6.690386263881031,0.03407231074989535,0.7269196815991168,0.18185792614899085,Klein_deformada,1,0.20278329518084984,-0.13399897731307941,5.54600102268692,107212.79997073894,0.05,0.05,0.9764086307547395,1.0000028003222905,True,True,False
H1L1V1-GSTLAL_AllSky-1243926576-1.xml,1243926576.0,39.64240039025217,28.934692167536095,68.57709255778826,5000.0,0.1700052148151127,7.796783511422007,0.03919570145368994,-0.00504119456291191,0.15717890126309134,Klein_deformada,1,0.20424831095191634,-0.14413222970947626,5.5358677702905235,350038.04285446,0.05,0.05,0.9746246074455147,1.0000091845238095,True,True,False
H1L1V1-GSTLAL_AllSky-1243983869-1.xml,1243983869.0,19.631415925400624,12.180877082207095,31.81229300760772,1093.7441491583456,0.5864903765298359,9.335620304304818,0.034819151361255705,0.6329804100054894,0.07755639236599987,Klein_relajada,0,0.12067283855010993,0.03963570280953288,5.719635702809533,76191.55588963129,0.05,0.05,1.0069781166918192,1.000002009103836,True,True,False
H1L1V1-GSTLAL_AllSky-1243931925-1.xml,1243931925.0,19.631415925400624,12.180877082207095,31.81229300760772,1093.7441491583456,0.5864903765298359,9.335620304304818,0.034819151361255705,0.6329804100054894,0.07755639236599987,Klein_relajada,0,0.12067283855010993,0.03963570280953288,5.719635702809533,76191.55588963129,0.05,0.05,1.0069781166918192,1.000002009103836,True,True,False
H1L1V1-GSTLAL_AllSky-1243985856-1.xml,1243985856.0,73.8499167320162,48.77778124929536,122.62769798131156,1218.7232479180136,0.5438591887711469,7.125417407136572,0.03641995192834047,-0.07812412709371724,0.23867092572751333,Klein_extrema,1,0.2834383281260372,0.05932889939941344,5.739328899399413,85672.53544331934,0.05,0.05,1.0104452287675023,1.0000022386785374,True,True,False
H1L1V1-GSTLAL_AllSky-1243985990-1.xml,1243985990.0,19.631415925400624,12.180877082207095,31.81229300760772,1093.7441491583456,0.5864903765298359,9.335620304304818,0.034819151361255705,0.6329804100054894,0.07755639236599987,Klein_relajada,0,0.12067283855010993,0.03963570280953288,5.719635702809533,76191.55588963129,0.05,0.05,1.0069781166918192,1.000002009103836,True,True,False
H1L1V1-GSTLAL_AllSky-1243993298-1.xml,1243993298.0,39.64240039025217,28.934692167536095,68.57709255778826,5000.0,0.1700052148151127,7.796783511422007,0.03919570145368994,-0.00504119456291191,0.15717890126309134,Klein_deformada,1,0.20424831095191634,-0.14413222970947626,5.5358677702905235,350038.04285446,0.05,0.05,0.9746246074455147,1.0000091845238095,True,True,False
H1L1V1-GSTLAL_AllSky-1244069790-1.xml,1244069790.0,19.631415925400624,12.180877082207095,31.81229300760772,1093.7441491583456,0.5864903765298359,9.335620304304818,0.034819151361255705,0.6329804100054894,0.07755639236599987,Klein_relajada,0,0.12067283855010993,0.03963570280953288,5.719635702809533,76191.55588963129,0.05,0.05,1.0069781166918192,1.000002009103836,True,True,False
H1L1V1-GSTLAL_AllSky-1244070823-1.xml,1244070823.0,73.8499167320162,48.77778124929536,122.62769798131156,1218.7232479180136,0.5438591887711469,7.125417407136572,0.03641995192834047,-0.07812412709371724,0.23867092572751333,Klein_extrema,1,0.2834383281260372,0.05932889939941344,5.739328899399413,85672.53544331934,0.05,0.05,1.0104452287675023,1.0000022386785374,True,True,False
H1L1V1-GSTLAL_AllSky-1244154241-1.xml,1244154241.0,73.8499167320162,48.77778124929536,122.62769798131156,1218.7232479180136,0.5438591887711469,7.125417407136572,0.03641995192834047,-0.07812412709371724,0.23867092572751333,Klein_extrema,1,0.2834383281260372,0.05932889939941344,5.739328899399413,85672.53544331934,0.05,0.05,1.0104452287675023,1.0000022386785374,True,True,False
H1L1V1-GSTLAL_AllSky-1244161081-1.xml,1244161081.0,24.088226314020574,22.62044546335833,46.7086717773789,500.0,0.33533076737153633,7.015973284465081,0.04756265848464249,0.008701446119058764,0.11689954721150633,Klein_deformada,0,0.13669401670033215,-0.09606611049655456,5.583933889503445,35249.12294622495,0.05,0.05,0.9830869523773671,1.000000918452381,True,True,False
H1L1V1-GSTLAL_AllSky-1244170446-1.xml,1244170446.0,73.8499167320162,48.77778124929536,122.62769798131156,1218.7232479180136,0.5438591887711469,7.125417407136572,0.03641995192834047,-0.07812412709371724,0.23867092572751333,Klein_extrema,1,0.2834383281260372,0.05932889939941344,5.739328899399413,85672.53544331934,0.05,0.05,1.0104452287675023,1.0000022386785374,True,True,False
H1L1V1-GSTLAL_AllSky-1244178825-1.xml,1244178825.0,19.631415925400624,12.180877082207095,31.81229300760772,1093.7441491583456,0.5864903765298359,9.335620304304818,0.034819151361255705,0.6329804100054894,0.07755639236599987,Klein_relajada,0,0.12067283855010993,0.03963570280953288,5.719635702809533,76191.55588963129,0.05,0.05,1.0069781166918192,1.000002009103836,True,True,False
H1L1V1-GSTLAL_AllSky-1244255684-1.xml,1244255684.0,73.8499167320162,48.77778124929536,122.62769798131156,1218.7232479180136,0.5438591887711469,7.125417407136572,0.03641995192834047,-0.07812412709371724,0.23867092572751333,Klein_extrema,1,0.2834383281260372,0.05932889939941344,5.739328899399413,85672.53544331934,0.05,0.05,1.0104452287675023,1.0000022386785374,True,True,False
H1L1V1-GSTLAL_AllSky-1244268714-1.xml,1244268714.0,24.088226314020574,22.62044546335833,46.7086717773789,500.0,0.33533076737153633,7.015973284465081,0.04756265848464249,0.008701446119058764,0.11689954721150633,Klein_deformada,0,0.13669401670033215,-0.09606611049655456,5.583933889503445,35249.12294622495,0.05,0.05,0.9830869523773671,1.000000918452381,True,True,False
H1L1V1-GSTLAL_AllSky-1244344703-1.xml,1244344703.0,24.088226314020574,22.62044546335833,46.7086717773789,500.0,0.33533076737153633,7.015973284465081,0.04756265848464249,0.008701446119058764,0.11689954721150633,Klein_deformada,0,0.13669401670033215,-0.09606611049655456,5.583933889503445,35249.12294622495,0.05,0.05,0.9830869523773671,1.000000918452381,True,True,False
H1L1V1-GSTLAL_AllSky-1244479509-1.xml,1244479509.0,24.088226314020574,22.62044546335833,46.7086717773789,500.0,0.33533076737153633,7.015973284465081,0.04756265848464249,0.008701446119058764,0.11689954721150633,Klein_deformada,0,0.13669401670033215,-0.09606611049655456,5.583933889503445,35249.12294622495,0.05,0.05,0.9830869523773671,1.000000918452381,True,True,False
H1L1V1-GSTLAL_AllSky-1244433614-1.xml,1244433614.0,31.680746476500662,22.674851228117593,54.355597704618255,1198.6834644430753,0.33631805846317936,8.40531880602882,0.03862918807160907,0.7194738081338659,0.13236565393854052,Klein_deformada,0,0.18542925338698626,-0.09552553337211034,5.584474466627889,84896.01489716087,0.05,0.05,0.9831821244063186,1.0000022018673638,True,True,False
H1L1V1-GSTLAL_AllSky-1244579776-1.xml,1244579776.0,24.088226314020574,22.62044546335833,46.7086717773789,500.0,0.33533076737153633,7.015973284465081,0.04756265848464249,0.008701446119058764,0.11689954721150633,Klein_deformada,0,0.13669401670033215,-0.09606611049655456,5.583933889503445,35249.12294622495,0.05,0.05,0.9830869523773671,1.000000918452381,True,True,False
H1L1V1-GSTLAL_AllSky-1244562300-1.xml,1244562300.0,73.8499167320162,48.77778124929536,122.62769798131156,1218.7232479180136,0.5438591887711469,7.125417407136572,0.03641995192834047,-0.07812412709371724,0.23867092572751333,Klein_extrema,1,0.2834383281260372,0.05932889939941344,5.739328899399413,85672.53544331934,0.05,0.05,1.0104452287675023,1.0000022386785374,True,True,False
H1L1V1-GSTLAL_AllSky-1244580182-1.xml,1244580182.0,31.680746476500662,22.674851228117593,54.355597704618255,1198.6834644430753,0.33631805846317936,8.40531880602882,0.03862918807160907,0.7194738081338659,0.13236565393854052,Klein_deformada,0,0.18542925338698626,-0.09552553337211034,5.584474466627889,84896.01489716087,0.05,0.05,0.9831821244063186,1.0000022018673638,True,True,False
H1L1V1-GSTLAL_AllSky-1244629354-1.xml,1244629354.0,31.680746476500662,22.674851228117593,54.355597704618255,1198.6834644430753,0.33631805846317936,8.40531880602882,0.03862918807160907,0.7194738081338659,0.13236565393854052,Klein_deformada,0,0.18542925338698626,-0.09552553337211034,5.584474466627889,84896.01489716087,0.05,0.05,0.9831821244063186,1.0000022018673638,True,True,False
H1L1V1-GSTLAL_AllSky-1244635864-1.xml,1244635864.0,31.680746476500662,22.674851228117593,54.355597704618255,1198.6834644430753,0.33631805846317936,8.40531880602882,0.03862918807160907,0.7194738081338659,0.13236565393854052,Klein_deformada,0,0.18542925338698626,-0.09552553337211034,5.584474466627889,84896.01489716087,0.05,0.05,0.9831821244063186,1.0000022018673638,True,True,False
H1L1V1-GSTLAL_AllSky-1244671674-1.xml,1244671674.0,61.85161172623195,54.52172253150551,116.37333425773747,1431.1894992263576,0.5632948803312892,8.581017033528594,0.04525969397391289,-0.3606234473881745,0.33897300874891456,Klein_extrema,1,0.48478886033014534,0.06991055507399135,5.749910555073991,100224.90668955914,0.05,0.05,1.0123081963158436,1.0000026289588064,True,True,False
H1L1V1-GSTLAL_AllSky-1244713996-1.xml,1244713996.0,24.088226314020574,22.62044546335833,46.7086717773789,500.0,0.33533076737153633,7.015973284465081,0.04756265848464249,0.008701446119058764,0.11689954721150633,Klein_deformada,0,0.13669401670033215,-0.09606611049655456,5.583933889503445,35249.12294622495,0.05,0.05,0.9830869523773671,1.000000918452381,True,True,False
H1L1V1-GSTLAL_AllSky-1244711923-1.xml,1244711923.0,31.680746476500662,22.674851228117593,54.355597704618255,1198.6834644430753,0.33631805846317936,8.40531880602882,0.03862918807160907,0.7194738081338659,0.13236565393854052,Klein_deformada,0,0.18542925338698626,-0.09552553337211034,5.584474466627889,84896.01489716087,0.05,0.05,0.9831821244063186,1.0000022018673638,True,True,False
H1L1V1-GSTLAL_AllSky-1244746871-1.xml,1244746871.0,61.85161172623195,54.52172253150551,116.37333425773747,1431.1894992263576,0.5632948803312892,8.581017033528594,0.04525969397391289,-0.3606234473881745,0.33897300874891456,Klein_extrema,1,0.48478886033014534,0.06991055507399135,5.749910555073991,100224.90668955914,0.05,0.05,1.0123081963158436,1.0000026289588064,True,True,False
H1L1V1-GSTLAL_AllSky-1244806663-1.xml,1244806663.0,61.85161172623195,54.52172253150551,116.37333425773747,1431.1894992263576,0.5632948803312892,8.581017033528594,0.04525969397391289,-0.3606234473881745,0.33897300874891456,Klein_extrema,1,0.48478886033014534,0.06991055507399135,5.749910555073991,100224.90668955914,0.05,0.05,1.0123081963158436,1.0000026289588064,True,True,False
H1L1V1-GSTLAL_AllSky-1244840357-1.xml,1244840357.0,61.85161172623195,54.52172253150551,116.37333425773747,1431.1894992263576,0.5632948803312892,8.581017033528594,0.04525969397391289,-0.3606234473881745,0.33897300874891456,Klein_extrema,1,0.48478886033014534,0.06991055507399135,5.749910555073991,100224.90668955914,0.05,0.05,1.0123081963158436,1.0000026289588064,True,True,False
H1L1V1-GSTLAL_AllSky-1245035079-1.xml,1245035079.0,30.476751529315152,27.997628662277226,58.474380191592374,1343.537962075811,0.29738391460252567,9.29057205671739,0.04674621113781987,0.446685677543472,0.19046525515921986,Klein_deformada,1,0.29492186289296585,-0.07483346835340488,5.605166531646595,94401.8074839427,0.05,0.05,0.9868250935997527,1.0000024679512802,True,True,False
H1L1V1-GSTLAL_AllSky-1245051768-1.xml,1245051768.0,31.680746476500662,22.674851228117593,54.355597704618255,1198.6834644430753,0.33631805846317936,8.40531880602882,0.03862918807160907,0.7194738081338659,0.13236565393854052,Klein_deformada,0,0.18542925338698626,-0.09552553337211034,5.584474466627889,84896.01489716087,0.05,0.05,0.9831821244063186,1.0000022018673638,True,True,False
H1L1V1-GSTLAL_AllSky-1245063791-1.xml,1245063791.0,61.85161172623195,54.52172253150551,116.37333425773747,1431.1894992263576,0.5632948803312892,8.581017033528594,0.04525969397391289,-0.3606234473881745,0.33897300874891456,Klein_extrema,1,0.48478886033014534,0.06991055507399135,5.749910555073991,100224.90668955914,0.05,0.05,1.0123081963158436,1.0000026289588064,True,True,False
H1L1V1-GSTLAL_AllSky-1245085972-1.xml,1245085972.0,30.476751529315152,27.997628662277226,58.474380191592374,1343.537962075811,0.29738391460252567,9.29057205671739,0.04674621113781987,0.446685677543472,0.19046525515921986,Klein_deformada,1,0.29492186289296585,-0.07483346835340488,5.605166531646595,94401.8074839427,0.05,0.05,0.9868250935997527,1.0000024679512802,True,True,False
H1L1V1-GSTLAL_AllSky-1245113233-1.xml,1245113233.0,30.476751529315152,27.997628662277226,58.474380191592374,1343.537962075811,0.29738391460252567,9.29057205671739,0.04674621113781987,0.446685677543472,0.19046525515921986,Klein_deformada,1,0.29492186289296585,-0.07483346835340488,5.605166531646595,94401.8074839427,0.05,0.05,0.9868250935997527,1.0000024679512802,True,True,False
H1L1V1-GSTLAL_AllSky-1245130483-1.xml,1245130483.0,30.476751529315152,27.997628662277226,58.474380191592374,1343.537962075811,0.29738391460252567,9.29057205671739,0.04674621113781987,0.446685677543472,0.19046525515921986,Klein_deformada,1,0.29492186289296585,-0.07483346835340488,5.605166531646595,94401.8074839427,0.05,0.05,0.9868250935997527,1.0000024679512802,True,True,False
H1L1V1-GSTLAL_AllSky-1245132209-1.xml,1245132209.0,60.58970940504006,30.899645363783222,91.48935476882329,898.5195671219192,0.9771988402868229,9.238685414946389,0.030399269557290783,0.735974962667495,0.19271040129287442,Klein_deformada,1,0.29673179562215735,0.2952047475260864,5.975204747526086,63704.52974941624,0.05,0.05,1.051972666817973,1.0000016504948714,True,True,False
H1L1V1-GSTLAL_AllSky-1245194108-1.xml,1245194108.0,61.85161172623195,54.52172253150551,116.37333425773747,1431.1894992263576,0.5632948803312892,8.581017033528594,0.04525969397391289,-0.3606234473881745,0.33897300874891456,Klein_extrema,1,0.48478886033014534,0.06991055507399135,5.749910555073991,100224.90668955914,0.05,0.05,1.0123081963158436,1.0000026289588064,True,True,False
H1L1V1-GSTLAL_AllSky-1245195141-1.xml,1245195141.0,30.476751529315152,27.997628662277226,58.474380191592374,1343.537962075811,0.29738391460252567,9.29057205671739,0.04674621113781987,0.446685677543472,0.19046525515921986,Klein_deformada,1,0.29492186289296585,-0.07483346835340488,5.605166531646595,94401.8074839427,0.05,0.05,0.9868250935997527,1.0000024679512802,True,True,False
H1L1V1-GSTLAL_AllSky-1245221073-1.xml,1245221073.0,60.58970940504006,30.899645363783222,91.48935476882329,898.5195671219192,0.9771988402868229,9.238685414946389,0.030399269557290783,0.735974962667495,0.19271040129287442,Klein_deformada,1,0.29673179562215735,0.2952047475260864,5.975204747526086,63704.52974941624,0.05,0.05,1.051972666817973,1.0000016504948714,True,True,False
H1L1V1-GSTLAL_AllSky-1245274355-1.xml,1245274355.0,60.58970940504006,30.899645363783222,91.48935476882329,898.5195671219192,0.9771988402868229,9.238685414946389,0.030399269557290783,0.735974962667495,0.19271040129287442,Klein_deformada,1,0.29673179562215735,0.2952047475260864,5.975204747526086,63704.52974941624,0.05,0.05,1.051972666817973,1.0000016504948714,True,True,False
H1L1V1-GSTLAL_AllSky-1245349914-1.xml,1245349914.0,60.58970940504006,30.899645363783222,91.48935476882329,898.5195671219192,0.9771988402868229,9.238685414946389,0.030399269557290783,0.735974962667495,0.19271040129287442,Klein_deformada,1,0.29673179562215735,0.2952047475260864,5.975204747526086,63704.52974941624,0.05,0.05,1.051972666817973,1.0000016504948714,True,True,False
H1L1V1-GSTLAL_AllSky-1245337537-1.xml,1245337537.0,48.320346675204306,20.024266172554842,68.34461284775915,2308.0275117555498,0.5264768726901534,7.513898636035744,0.026576260354382215,-0.4423208523184644,0.10235869795318646,Klein_deformada,0,0.1281854801561404,0.007224481260251103,5.687224481260251,161301.7140867877,0.05,0.05,1.0012719157148329,1.000004239626727,True,True,False
H1L1V1-GSTLAL_AllSky-1245339394-1.xml,1245339394.0,30.476751529315152,27.997628662277226,58.474380191592374,1343.537962075811,0.29738391460252567,9.29057205671739,0.04674621113781987,0.446685677543472,0.19046525515921986,Klein_deformada,1,0.29492186289296585,-0.07483346835340488,5.605166531646595,94401.8074839427,0.05,0.05,0.9868250935997527,1.0000024679512802,True,True,False
H1L1V1-GSTLAL_AllSky-1245334932-1.xml,1245334932.0,60.58970940504006,30.899645363783222,91.48935476882329,898.5195671219192,0.9771988402868229,9.238685414946389,0.030399269557290783,0.735974962667495,0.19271040129287442,Klein_deformada,1,0.29673179562215735,0.2952047475260864,5.975204747526086,63704.52974941624,0.05,0.05,1.051972666817973,1.0000016504948714,True,True,False
H1L1V1-GSTLAL_AllSky-1245365349-1.xml,1245365349.0,48.320346675204306,20.024266172554842,68.34461284775915,2308.0275117555498,0.5264768726901534,7.513898636035744,0.026576260354382215,-0.4423208523184644,0.10235869795318646,Klein_deformada,0,0.1281854801561404,0.007224481260251103,5.687224481260251,161301.7140867877,0.05,0.05,1.0012719157148329,1.000004239626727,True,True,False
H1L1V1-GSTLAL_AllSky-1245410848-1.xml,1245410848.0,48.320346675204306,20.024266172554842,68.34461284775915,2308.0275117555498,0.5264768726901534,7.513898636035744,0.026576260354382215,-0.4423208523184644,0.10235869795318646,Klein_deformada,0,0.1281854801561404,0.007224481260251103,5.687224481260251,161301.7140867877,0.05,0.05,1.0012719157148329,1.000004239626727,True,True,False
H1L1V1-GSTLAL_AllSky-1245569257-1.xml,1245569257.0,46.624190880081215,13.153556514598222,59.77774739467944,539.3677266885811,0.7345978499657733,7.297254419840457,0.021284748338843716,0.5319116328263345,0.06963519831772827,Klein_relajada,-1,0.08469095978341823,0.07615147017070889,5.756151470170709,38767.604263106834,0.05,0.05,1.0134069489737163,1.0000009907671457,True,True,False
H1L1V1-GSTLAL_AllSky-1245456234-1.xml,1245456234.0,48.320346675204306,20.024266172554842,68.34461284775915,2308.0275117555498,0.5264768726901534,7.513898636035744,0.026576260354382215,-0.4423208523184644,0.10235869795318646,Klein_deformada,0,0.1281854801561404,0.007224481260251103,5.687224481260251,161301.7140867877,0.05,0.05,1.0012719157148329,1.000004239626727,True,True,False
H1L1V1-GSTLAL_AllSky-1245573475-1.xml,1245573475.0,60.58970940504006,30.899645363783222,91.48935476882329,898.5195671219192,0.9771988402868229,9.238685414946389,0.030399269557290783,0.735974962667495,0.19271040129287442,Klein_deformada,1,0.29673179562215735,0.2952047475260864,5.975204747526086,63704.52974941624,0.05,0.05,1.051972666817973,1.0000016504948714,True,True,False
H1L1V1-GSTLAL_AllSky-1245642076-1.xml,1245642076.0,48.320346675204306,20.024266172554842,68.34461284775915,2308.0275117555498,0.5264768726901534,7.513898636035744,0.026576260354382215,-0.4423208523184644,0.10235869795318646,Klein_deformada,0,0.1281854801561404,0.007224481260251103,5.687224481260251,161301.7140867877,0.05,0.05,1.0012719157148329,1.000004239626727,True,True,False
H1L1V1-GSTLAL_AllSky-1245646385-1.xml,1245646385.0,46.624190880081215,13.153556514598222,59.77774739467944,539.3677266885811,0.7345978499657733,7.297254419840457,0.021284748338843716,0.5319116328263345,0.06963519831772827,Klein_relajada,-1,0.08469095978341823,0.07615147017070889,5.756151470170709,38767.604263106834,0.05,0.05,1.0134069489737163,1.0000009907671457,True,True,False
H1L1V1-GSTLAL_AllSky-1245688592-1.xml,1245688592.0,46.624190880081215,13.153556514598222,59.77774739467944,539.3677266885811,0.7345978499657733,7.297254419840457,0.021284748338843716,0.5319116328263345,0.06963519831772827,Klein_relajada,-1,0.08469095978341823,0.07615147017070889,5.756151470170709,38767.604263106834,0.05,0.05,1.0134069489737163,1.0000009907671457,True,True,False
H1L1V1-GSTLAL_AllSky-1245691227-1.xml,1245691227.0,43.80482129607805,17.42219916806079,61.227020464138846,1667.73131612159,0.4060961718769941,6.380347406204072,0.025908932991922186,0.43214475338409053,0.0759098692166583,Klein_relajada,-1,0.080721889526966,-0.09998752369316133,5.580012476306838,117490.47807168953,0.05,0.05,0.9823965627300772,1.0000030634635961,True,True,False
H1L1V1-GSTLAL_AllSky-1245764060-1.xml,1245764060.0,46.624190880081215,13.153556514598222,59.77774739467944,539.3677266885811,0.7345978499657733,7.297254419840457,0.021284748338843716,0.5319116328263345,0.06963519831772827,Klein_relajada,-1,0.08469095978341823,0.07615147017070889,5.756151470170709,38767.604263106834,0.05,0.05,1.0134069489737163,1.0000009907671457,True,True,False
H1L1V1-GSTLAL_AllSky-1245874666-1.xml,1245874666.0,48.320346675204306,20.024266172554842,68.34461284775915,2308.0275117555498,0.5264768726901534,7.513898636035744,0.026576260354382215,-0.4423208523184644,0.10235869795318646,Klein_deformada,0,0.1281854801561404,0.007224481260251103,5.687224481260251,161301.7140867877,0.05,0.05,1.0012719157148329,1.000004239626727,True,True,False
H1L1V1-GSTLAL_AllSky-1246048404-1.xml,1246048404.0,43.80482129607805,17.42219916806079,61.227020464138846,1667.73131612159,0.4060961718769941,6.380347406204072,0.025908932991922186,0.43214475338409053,0.0759098692166583,Klein_relajada,-1,0.080721889526966,-0.09998752369316133,5.580012476306838,117490.47807168953,0.05,0.05,0.9823965627300772,1.0000030634635961,True,True,False
H1L1V1-GSTLAL_AllSky-1245878163-1.xml,1245878163.0,46.624190880081215,13.153556514598222,59.77774739467944,539.3677266885811,0.7345978499657733,7.297254419840457,0.021284748338843716,0.5319116328263345,0.06963519831772827,Klein_relajada,-1,0.08469095978341823,0.07615147017070889,5.756151470170709,38767.604263106834,0.05,0.05,1.0134069489737163,1.0000009907671457,True,True,False
H1L1V1-GSTLAL_AllSky-1245955943-1.xml,1245955943.0,43.80482129607805,17.42219916806079,61.227020464138846,1667.73131612159,0.4060961718769941,6.380347406204072,0.025908932991922186,0.43214475338409053,0.0759098692166583,Klein_relajada,-1,0.080721889526966,-0.09998752369316133,5.580012476306838,117490.47807168953,0.05,0.05,0.9823965627300772,1.0000030634635961,True,True,False
H1L1V1-GSTLAL_AllSky-1246016029-1.xml,1246016029.0,24.204485645230598,21.95322391707012,46.15770956230072,1686.2912214877229,0.5482579882094407,6.081460962521703,0.046279595838296064,0.13726928176067787,0.09743230891175544,Klein_relajada,-1,0.09875513052253271,-0.02375656230650236,5.656243437693497,118727.1652204551,0.05,0.05,0.9958175066361792,1.0000030975563747,True,True,False
H1L1V1-GSTLAL_AllSky-1245898498-1.xml,1245898498.0,43.80482129607805,17.42219916806079,61.227020464138846,1667.73131612159,0.4060961718769941,6.380347406204072,0.025908932991922186,0.43214475338409053,0.0759098692166583,Klein_relajada,-1,0.080721889526966,-0.09998752369316133,5.580012476306838,117490.47807168953,0.05,0.05,0.9823965627300772,1.0000030634635961,True,True,False
H1L1V1-GSTLAL_AllSky-1246191236-1.xml,1246191236.0,46.624190880081215,13.153556514598222,59.77774739467944,539.3677266885811,0.7345978499657733,7.297254419840457,0.021284748338843716,0.5319116328263345,0.06963519831772827,Klein_relajada,-1,0.08469095978341823,0.07615147017070889,5.756151470170709,38767.604263106834,0.05,0.05,1.0134069489737163,1.0000009907671457,True,True,False
H1L1V1-GSTLAL_AllSky-1246212043-1.xml,1246212043.0,24.204485645230598,21.95322391707012,46.15770956230072,1686.2912214877229,0.5482579882094407,6.081460962521703,0.046279595838296064,0.13726928176067787,0.09743230891175544,Klein_relajada,-1,0.09875513052253271,-0.02375656230650236,5.656243437693497,118727.1652204551,0.05,0.05,0.9958175066361792,1.0000030975563747,True,True,False
H1L1V1-GSTLAL_AllSky-1246272532-1.xml,1246272532.0,43.80482129607805,17.42219916806079,61.227020464138846,1667.73131612159,0.4060961718769941,6.380347406204072,0.025908932991922186,0.43214475338409053,0.0759098692166583,Klein_relajada,-1,0.080721889526966,-0.09998752369316133,5.580012476306838,117490.47807168953,0.05,0.05,0.9823965627300772,1.0000030634635961,True,True,False
H1L1V1-GSTLAL_AllSky-1246296410-1.xml,1246296410.0,24.204485645230598,21.95322391707012,46.15770956230072,1686.2912214877229,0.5482579882094407,6.081460962521703,0.046279595838296064,0.13726928176067787,0.09743230891175544,Klein_relajada,-1,0.09875513052253271,-0.02375656230650236,5.656243437693497,118727.1652204551,0.05,0.05,0.9958175066361792,1.0000030975563747,True,True,False
H1L1V1-GSTLAL_AllSky-1246385767-1.xml,1246385767.0,20.789583599886807,13.823983835573825,34.61356743546063,1155.8470552830072,0.2756544461159921,8.593764601448337,0.03659790422286109,0.26805469197155596,0.08164832789043848,Klein_relajada,0,0.1169444183320495,-0.12830112209054878,5.551698877909451,81495.99670401704,0.05,0.05,0.977411774279833,1.00000212318096,True,True,False
H1L1V1-GSTLAL_AllSky-1246393733-1.xml,1246393733.0,24.204485645230598,21.95322391707012,46.15770956230072,1686.2912214877229,0.5482579882094407,6.081460962521703,0.046279595838296064,0.13726928176067787,0.09743230891175544,Klein_relajada,-1,0.09875513052253271,-0.02375656230650236,5.656243437693497,118727.1652204551,0.05,0.05,0.9958175066361792,1.0000030975563747,True,True,False
H1L1V1-GSTLAL_AllSky-1246457131-1.xml,1246457131.0,43.80482129607805,17.42219916806079,61.227020464138846,1667.73131612159,0.4060961718769941,6.380347406204072,0.025908932991922186,0.43214475338409053,0.0759098692166583,Klein_relajada,-1,0.080721889526966,-0.09998752369316133,5.580012476306838,117490.47807168953,0.05,0.05,0.9823965627300772,1.0000030634635961,True,True,False
H1L1V1-GSTLAL_AllSky-1246487219-1.xml,1246487219.0,20.789583599886807,13.823983835573825,34.61356743546063,1155.8470552830072,0.2756544461159921,8.593764601448337,0.03659790422286109,0.26805469197155596,0.08164832789043848,Klein_relajada,0,0.1169444183320495,-0.12830112209054878,5.551698877909451,81495.99670401704,0.05,0.05,0.977411774279833,1.00000212318096,True,True,False
H1L1V1-GSTLAL_AllSky-1246514951-1.xml,1246514951.0,24.204485645230598,21.95322391707012,46.15770956230072,1686.2912214877229,0.5482579882094407,6.081460962521703,0.046279595838296064,0.13726928176067787,0.09743230891175544,Klein_relajada,-1,0.09875513052253271,-0.02375656230650236,5.656243437693497,118727.1652204551,0.05,0.05,0.9958175066361792,1.0000030975563747,True,True,False
H1L1V1-GSTLAL_AllSky-1246523564-1.xml,1246523564.0,20.789583599886807,13.823983835573825,34.61356743546063,1155.8470552830072,0.2756544461159921,8.593764601448337,0.03659790422286109,0.26805469197155596,0.08164832789043848,Klein_relajada,0,0.1169444183320495,-0.12830112209054878,5.551698877909451,81495.99670401704,0.05,0.05,0.977411774279833,1.00000212318096,True,True,False
H1L1V1-GSTLAL_AllSky-1246527224-1.xml,1246527224.0,29.68123711564765,20.392146074687545,50.07338319033519,2331.4404123930713,0.24452636056952104,7.094548685523183,0.03748153117099962,0.2691329574617116,0.09986430782173052,Klein_relajada,0,0.11808203229789012,-0.14510695581134847,5.534893044188651,163713.0759771938,0.05,0.05,0.9744530007374387,1.0000042826339957,True,True,False
H1L1V1-GSTLAL_AllSky-1246546020-1.xml,1246546020.0,20.789583599886807,13.823983835573825,34.61356743546063,1155.8470552830072,0.2756544461159921,8.593764601448337,0.03659790422286109,0.26805469197155596,0.08164832789043848,Klein_relajada,0,0.1169444183320495,-0.12830112209054878,5.551698877909451,81495.99670401704,0.05,0.05,0.977411774279833,1.00000212318096,True,True,False
H1L1V1-GSTLAL_AllSky-1246600287-1.xml,1246600287.0,24.204485645230598,21.95322391707012,46.15770956230072,1686.2912214877229,0.5482579882094407,6.081460962521703,0.046279595838296064,0.13726928176067787,0.09743230891175544,Klein_relajada,-1,0.09875513052253271,-0.02375656230650236,5.656243437693497,118727.1652204551,0.05,0.05,0.9958175066361792,1.0000030975563747,True,True,False
H1L1V1-GSTLAL_AllSky-1246602484-1.xml,1246602484.0,29.68123711564765,20.392146074687545,50.07338319033519,2331.4404123930713,0.24452636056952104,7.094548685523183,0.03748153117099962,0.2691329574617116,0.09986430782173052,Klein_relajada,0,0.11808203229789012,-0.14510695581134847,5.534893044188651,163713.0759771938,0.05,0.05,0.9744530007374387,1.0000042826339957,True,True,False
H1L1V1-GSTLAL_AllSky-1246626158-1.xml,1246626158.0,20.789583599886807,13.823983835573825,34.61356743546063,1155.8470552830072,0.2756544461159921,8.593764601448337,0.03659790422286109,0.26805469197155596,0.08164832789043848,Klein_relajada,0,0.1169444183320495,-0.12830112209054878,5.551698877909451,81495.99670401704,0.05,0.05,0.977411774279833,1.00000212318096,True,True,False
H1L1V1-GSTLAL_AllSky-1246663515-1.xml,1246663515.0,29.68123711564765,20.392146074687545,50.07338319033519,2331.4404123930713,0.24452636056952104,7.094548685523183,0.03748153117099962,0.2691329574617116,0.09986430782173052,Klein_relajada,0,0.11808203229789012,-0.14510695581134847,5.534893044188651,163713.0759771938,0.05,0.05,0.9744530007374387,1.0000042826339957,True,True,False
H1L1V1-GSTLAL_AllSky-1246677756-1.xml,1246677756.0,62.35053556812605,33.25475822764355,95.6052937957696,937.1795108563125,1.369116905709939,6.4732402207484006,0.031334064206270315,0.604048974297613,0.1454392601801614,Klein_deformada,0,0.15691054477901867,0.4624689343751127,6.142468934375112,65111.40587785265,0.05,0.05,1.081420587037872,1.0000017215095063,True,True,False
H1L1V1-GSTLAL_AllSky-1246684845-1.xml,1246684845.0,29.68123711564765,20.392146074687545,50.07338319033519,2331.4404123930713,0.24452636056952104,7.094548685523183,0.03748153117099962,0.2691329574617116,0.09986430782173052,Klein_relajada,0,0.11808203229789012,-0.14510695581134847,5.534893044188651,163713.0759771938,0.05,0.05,0.9744530007374387,1.0000042826339957,True,True,False
H1L1V1-GSTLAL_AllSky-1246779793-1.xml,1246779793.0,20.789583599886807,13.823983835573825,34.61356743546063,1155.8470552830072,0.2756544461159921,8.593764601448337,0.03659790422286109,0.26805469197155596,0.08164832789043848,Klein_relajada,0,0.1169444183320495,-0.12830112209054878,5.551698877909451,81495.99670401704,0.05,0.05,0.977411774279833,1.00000212318096,True,True,False
H1L1V1-GSTLAL_AllSky-1246835605-1.xml,1246835605.0,62.35053556812605,33.25475822764355,95.6052937957696,937.1795108563125,1.369116905709939,6.4732402207484006,0.031334064206270315,0.604048974297613,0.1454392601801614,Klein_deformada,0,0.15691054477901867,0.4624689343751127,6.142468934375112,65111.40587785265,0.05,0.05,1.081420587037872,1.0000017215095063,True,True,False
H1L1V1-GSTLAL_AllSky-1246852494-1.xml,1246852494.0,62.35053556812605,33.25475822764355,95.6052937957696,937.1795108563125,1.369116905709939,6.4732402207484006,0.031334064206270315,0.604048974297613,0.1454392601801614,Klein_deformada,0,0.15691054477901867,0.4624689343751127,6.142468934375112,65111.40587785265,0.05,0.05,1.081420587037872,1.0000017215095063,True,True,False
H1L1V1-GSTLAL_AllSky-1246849694-1.xml,1246849694.0,29.68123711564765,20.392146074687545,50.07338319033519,2331.4404123930713,0.24452636056952104,7.094548685523183,0.03748153117099962,0.2691329574617116,0.09986430782173052,Klein_relajada,0,0.11808203229789012,-0.14510695581134847,5.534893044188651,163713.0759771938,0.05,0.05,0.9744530007374387,1.0000042826339957,True,True,False
H1L1V1-GSTLAL_AllSky-1246853186-1.xml,1246853186.0,60.00019145804133,57.35696811886426,117.35715957690559,1024.5680013055232,1.056317602675746,8.017013247560275,0.048237856730156944,-0.23857327577547843,0.3403858183356403,Klein_extrema,1,0.4548129358130789,0.33827275675441104,6.018272756754411,71216.08784780373,0.05,0.05,1.0595550628088752,1.0000018820338406,True,True,False
H1L1V1-GSTLAL_AllSky-1247305773-1.xml,1247305773.0,62.35053556812605,33.25475822764355,95.6052937957696,937.1795108563125,1.369116905709939,6.4732402207484006,0.031334064206270315,0.604048974297613,0.1454392601801614,Klein_deformada,0,0.15691054477901867,0.4624689343751127,6.142468934375112,65111.40587785265,0.05,0.05,1.081420587037872,1.0000017215095063,True,True,False
H1L1V1-GSTLAL_AllSky-1247473474-1.xml,1247473474.0,29.68123711564765,20.392146074687545,50.07338319033519,2331.4404123930713,0.24452636056952104,7.094548685523183,0.03748153117099962,0.2691329574617116,0.09986430782173052,Klein_relajada,0,0.11808203229789012,-0.14510695581134847,5.534893044188651,163713.0759771938,0.05,0.05,0.9744530007374387,1.0000042826339957,True,True,False
H1L1V1-GSTLAL_AllSky-1247529518-1.xml,1247529518.0,60.00019145804133,57.35696811886426,117.35715957690559,1024.5680013055232,1.056317602675746,8.017013247560275,0.048237856730156944,-0.23857327577547843,0.3403858183356403,Klein_extrema,1,0.4548129358130789,0.33827275675441104,6.018272756754411,71216.08784780373,0.05,0.05,1.0595550628088752,1.0000018820338406,True,True,False
H1L1V1-GSTLAL_AllSky-1247571986-1.xml,1247571986.0,60.00019145804133,57.35696811886426,117.35715957690559,1024.5680013055232,1.056317602675746,8.017013247560275,0.048237856730156944,-0.23857327577547843,0.3403858183356403,Klein_extrema,1,0.4548129358130789,0.33827275675441104,6.018272756754411,71216.08784780373,0.05,0.05,1.0595550628088752,1.0000018820338406,True,True,False
H1L1V1-GSTLAL_AllSky-1247606192-1.xml,1247606192.0,62.35053556812605,33.25475822764355,95.6052937957696,937.1795108563125,1.369116905709939,6.4732402207484006,0.031334064206270315,0.604048974297613,0.1454392601801614,Klein_deformada,0,0.15691054477901867,0.4624689343751127,6.142468934375112,65111.40587785265,0.05,0.05,1.081420587037872,1.0000017215095063,True,True,False
H1L1V1-GSTLAL_AllSky-1247625885-1.xml,1247625885.0,60.00019145804133,57.35696811886426,117.35715957690559,1024.5680013055232,1.056317602675746,8.017013247560275,0.048237856730156944,-0.23857327577547843,0.3403858183356403,Klein_extrema,1,0.4548129358130789,0.33827275675441104,6.018272756754411,71216.08784780373,0.05,0.05,1.0595550628088752,1.0000018820338406,True,True,False
H1L1V1-GSTLAL_AllSky-1247616534-1.xml,1247616534.0,26.886150066447517,18.625426641038764,45.511576707486284,724.4954330835714,0.725887719515298,7.032932725444486,0.03771006870824887,-0.3825545665347589,0.09052675055711851,Klein_relajada,0,0.1061114244202181,0.11494493000669692,5.794944930006697,50870.00124078643,0.05,0.05,1.0202367834518833,1.000001330829111,True,True,False
H1L1V1-GSTLAL_AllSky-1247679044-1.xml,1247679044.0,62.35053556812605,33.25475822764355,95.6052937957696,937.1795108563125,1.369116905709939,6.4732402207484006,0.031334064206270315,0.604048974297613,0.1454392601801614,Klein_deformada,0,0.15691054477901867,0.4624689343751127,6.142468934375112,65111.40587785265,0.05,0.05,1.081420587037872,1.0000017215095063,True,True,False
H1L1V1-GSTLAL_AllSky-1247712250-1.xml,1247712250.0,26.886150066447517,18.625426641038764,45.511576707486284,724.4954330835714,0.725887719515298,7.032932725444486,0.03771006870824887,-0.3825545665347589,0.09052675055711851,Klein_relajada,0,0.1061114244202181,0.11494493000669692,5.794944930006697,50870.00124078643,0.05,0.05,1.0202367834518833,1.000001330829111,True,True,False
H1L1V1-GSTLAL_AllSky-1247758272-1.xml,1247758272.0,26.886150066447517,18.625426641038764,45.511576707486284,724.4954330835714,0.725887719515298,7.032932725444486,0.03771006870824887,-0.3825545665347589,0.09052675055711851,Klein_relajada,0,0.1061114244202181,0.11494493000669692,5.794944930006697,50870.00124078643,0.05,0.05,1.0202367834518833,1.000001330829111,True,True,False
H1L1V1-GSTLAL_AllSky-1247788484-1.xml,1247788484.0,60.00019145804133,57.35696811886426,117.35715957690559,1024.5680013055232,1.056317602675746,8.017013247560275,0.048237856730156944,-0.23857327577547843,0.3403858183356403,Klein_extrema,1,0.4548129358130789,0.33827275675441104,6.018272756754411,71216.08784780373,0.05,0.05,1.0595550628088752,1.0000018820338406,True,True,False
H1L1V1-GSTLAL_AllSky-1247793417-1.xml,1247793417.0,26.886150066447517,18.625426641038764,45.511576707486284,724.4954330835714,0.725887719515298,7.032932725444486,0.03771006870824887,-0.3825545665347589,0.09052675055711851,Klein_relajada,0,0.1061114244202181,0.11494493000669692,5.794944930006697,50870.00124078643,0.05,0.05,1.0202367834518833,1.000001330829111,True,True,False
H1L1V1-GSTLAL_AllSky-1247825375-1.xml,1247825375.0,55.62500908500901,11.536380220148647,67.16138930515766,3461.9788934689327,0.4234143858156739,9.311825711652391,0.01829582262361029,0.6604290224560543,0.0858158907472843,Klein_relajada,0,0.1331837696548191,-0.048445981867870636,5.631554018132129,243033.66660684347,0.05,0.05,0.9914707778401636,1.000006359325515,True,True,False
H1L1V1-GSTLAL_AllSky-1247855210-1.xml,1247855210.0,60.00019145804133,57.35696811886426,117.35715957690559,1024.5680013055232,1.056317602675746,8.017013247560275,0.048237856730156944,-0.23857327577547843,0.3403858183356403,Klein_extrema,1,0.4548129358130789,0.33827275675441104,6.018272756754411,71216.08784780373,0.05,0.05,1.0595550628088752,1.0000018820338406,True,True,False
H1L1V1-GSTLAL_AllSky-1247864269-1.xml,1247864269.0,55.62500908500901,11.536380220148647,67.16138930515766,3461.9788934689327,0.4234143858156739,9.311825711652391,0.01829582262361029,0.6604290224560543,0.0858158907472843,Klein_relajada,0,0.1331837696548191,-0.048445981867870636,5.631554018132129,243033.66660684347,0.05,0.05,0.9914707778401636,1.000006359325515,True,True,False
H1L1V1-GSTLAL_AllSky-1247877553-1.xml,1247877553.0,55.62500908500901,11.536380220148647,67.16138930515766,3461.9788934689327,0.4234143858156739,9.311825711652391,0.01829582262361029,0.6604290224560543,0.0858158907472843,Klein_relajada,0,0.1331837696548191,-0.048445981867870636,5.631554018132129,243033.66660684347,0.05,0.05,0.9914707778401636,1.000006359325515,True,True,False
H1L1V1-GSTLAL_AllSky-1248055112-1.xml,1248055112.0,26.886150066447517,18.625426641038764,45.511576707486284,724.4954330835714,0.725887719515298,7.032932725444486,0.03771006870824887,-0.3825545665347589,0.09052675055711851,Klein_relajada,0,0.1061114244202181,0.11494493000669692,5.794944930006697,50870.00124078643,0.05,0.05,1.0202367834518833,1.000001330829111,True,True,False
H1L1V1-GSTLAL_AllSky-1248104724-1.xml,1248104724.0,56.40582798127988,51.165271786960595,107.57109976824047,2991.5305645390213,0.5160064575717327,6.519377149968636,0.046283677497964554,-0.43393805765575266,0.2434393820119374,Klein_extrema,1,0.2645121907485185,0.044186489156010644,5.72418648915601,208974.53283114577,0.05,0.05,1.0077793114711286,1.0000054951567394,True,True,False
H1L1V1-GSTLAL_AllSky-1248093189-1.xml,1248093189.0,55.62500908500901,11.536380220148647,67.16138930515766,3461.9788934689327,0.4234143858156739,9.311825711652391,0.01829582262361029,0.6604290224560543,0.0858158907472843,Klein_relajada,0,0.1331837696548191,-0.048445981867870636,5.631554018132129,243033.66660684347,0.05,0.05,0.9914707778401636,1.000006359325515,True,True,False
H1L1V1-GSTLAL_AllSky-1248199254-1.xml,1248199254.0,56.40582798127988,51.165271786960595,107.57109976824047,2991.5305645390213,0.5160064575717327,6.519377149968636,0.046283677497964554,-0.43393805765575266,0.2434393820119374,Klein_extrema,1,0.2645121907485185,0.044186489156010644,5.72418648915601,208974.53283114577,0.05,0.05,1.0077793114711286,1.0000054951567394,True,True,False
H1L1V1-GSTLAL_AllSky-1248192749-1.xml,1248192749.0,26.886150066447517,18.625426641038764,45.511576707486284,724.4954330835714,0.725887719515298,7.032932725444486,0.03771006870824887,-0.3825545665347589,0.09052675055711851,Klein_relajada,0,0.1061114244202181,0.11494493000669692,5.794944930006697,50870.00124078643,0.05,0.05,1.0202367834518833,1.000001330829111,True,True,False
H1L1V1-GSTLAL_AllSky-1248208249-1.xml,1248208249.0,56.40582798127988,51.165271786960595,107.57109976824047,2991.5305645390213,0.5160064575717327,6.519377149968636,0.046283677497964554,-0.43393805765575266,0.2434393820119374,Klein_extrema,1,0.2645121907485185,0.044186489156010644,5.72418648915601,208974.53283114577,0.05,0.05,1.0077793114711286,1.0000054951567394,True,True,False
H1L1V1-GSTLAL_AllSky-1248242631-1.xml,1248242631.0,55.62500908500901,11.536380220148647,67.16138930515766,3461.9788934689327,0.4234143858156739,9.311825711652391,0.01829582262361029,0.6604290224560543,0.0858158907472843,Klein_relajada,0,0.1331837696548191,-0.048445981867870636,5.631554018132129,243033.66660684347,0.05,0.05,0.9914707778401636,1.000006359325515,True,True,False
H1L1V1-GSTLAL_AllSky-1248331528-1.xml,1248331528.0,16.236532969230808,12.723932993718986,28.960465962949794,500.0,0.3890632614987708,7.485248324091014,0.04134642849635842,-0.09268448686149244,0.06722193699274191,Klein_relajada,-1,0.08386214853617885,-0.1091329514434678,5.570867048556532,34743.62771484557,0.05,0.05,0.9807864522106571,1.000000918452381,True,True,False
H1L1V1-GSTLAL_AllSky-1248365183-1.xml,1248365183.0,56.40582798127988,51.165271786960595,107.57109976824047,2991.5305645390213,0.5160064575717327,6.519377149968636,0.046283677497964554,-0.43393805765575266,0.2434393820119374,Klein_extrema,1,0.2645121907485185,0.044186489156010644,5.72418648915601,208974.53283114577,0.05,0.05,1.0077793114711286,1.0000054951567394,True,True,False
H1L1V1-GSTLAL_AllSky-1248388469-1.xml,1248388469.0,55.62500908500901,11.536380220148647,67.16138930515766,3461.9788934689327,0.4234143858156739,9.311825711652391,0.01829582262361029,0.6604290224560543,0.0858158907472843,Klein_relajada,0,0.1331837696548191,-0.048445981867870636,5.631554018132129,243033.66660684347,0.05,0.05,0.9914707778401636,1.000006359325515,True,True,False
H1L1V1-GSTLAL_AllSky-1248387022-1.xml,1248387022.0,16.236532969230808,12.723932993718986,28.960465962949794,500.0,0.3890632614987708,7.485248324091014,0.04134642849635842,-0.09268448686149244,0.06722193699274191,Klein_relajada,-1,0.08386214853617885,-0.1091329514434678,5.570867048556532,34743.62771484557,0.05,0.05,0.9807864522106571,1.000000918452381,True,True,False
H1L1V1-GSTLAL_AllSky-1248447227-1.xml,1248447227.0,16.236532969230808,12.723932993718986,28.960465962949794,500.0,0.3890632614987708,7.485248324091014,0.04134642849635842,-0.09268448686149244,0.06722193699274191,Klein_relajada,-1,0.08386214853617885,-0.1091329514434678,5.570867048556532,34743.62771484557,0.05,0.05,0.9807864522106571,1.000000918452381,True,True,False
H1L1V1-GSTLAL_AllSky-1248515038-1.xml,1248515038.0,56.40582798127988,51.165271786960595,107.57109976824047,2991.5305645390213,0.5160064575717327,6.519377149968636,0.046283677497964554,-0.43393805765575266,0.2434393820119374,Klein_extrema,1,0.2645121907485185,0.044186489156010644,5.72418648915601,208974.53283114577,0.05,0.05,1.0077793114711286,1.0000054951567394,True,True,False
H1L1V1-GSTLAL_AllSky-1248524521-1.xml,1248524521.0,43.81034577406655,10.088527237492048,53.89887301155859,4251.514187822645,0.4745544996122151,7.521806373247937,0.019211091178799995,-0.24801885552034886,0.05841375579403578,Klein_relajada,-1,0.0732294934361545,-0.06325177571125185,5.616748224288748,297579.57868447545,0.05,0.05,0.988864123994498,1.000007809626657,True,True,False
H1L1V1-GSTLAL_AllSky-1248617394-1.xml,1248617394.0,16.236532969230808,12.723932993718986,28.960465962949794,500.0,0.3890632614987708,7.485248324091014,0.04134642849635842,-0.09268448686149244,0.06722193699274191,Klein_relajada,-1,0.08386214853617885,-0.1091329514434678,5.570867048556532,34743.62771484557,0.05,0.05,0.9807864522106571,1.000000918452381,True,True,False
H1L1V1-GSTLAL_AllSky-1248711176-1.xml,1248711176.0,56.40582798127988,51.165271786960595,107.57109976824047,2991.5305645390213,0.5160064575717327,6.519377149968636,0.046283677497964554,-0.43393805765575266,0.2434393820119374,Klein_extrema,1,0.2645121907485185,0.044186489156010644,5.72418648915601,208974.53283114577,0.05,0.05,1.0077793114711286,1.0000054951567394,True,True,False
H1L1V1-GSTLAL_AllSky-1248741664-1.xml,1248741664.0,43.81034577406655,10.088527237492048,53.89887301155859,4251.514187822645,0.4745544996122151,7.521806373247937,0.019211091178799995,-0.24801885552034886,0.05841375579403578,Klein_relajada,-1,0.0732294934361545,-0.06325177571125185,5.616748224288748,297579.57868447545,0.05,0.05,0.988864123994498,1.000007809626657,True,True,False
H1L1V1-GSTLAL_AllSky-1248756237-1.xml,1248756237.0,43.81034577406655,10.088527237492048,53.89887301155859,4251.514187822645,0.4745544996122151,7.521806373247937,0.019211091178799995,-0.24801885552034886,0.05841375579403578,Klein_relajada,-1,0.0732294934361545,-0.06325177571125185,5.616748224288748,297579.57868447545,0.05,0.05,0.988864123994498,1.000007809626657,True,True,False
H1L1V1-GSTLAL_AllSky-1248798387-1.xml,1248798387.0,16.236532969230808,12.723932993718986,28.960465962949794,500.0,0.3890632614987708,7.485248324091014,0.04134642849635842,-0.09268448686149244,0.06722193699274191,Klein_relajada,-1,0.08386214853617885,-0.1091329514434678,5.570867048556532,34743.62771484557,0.05,0.05,0.9807864522106571,1.000000918452381,True,True,False
H1L1V1-GSTLAL_AllSky-1248810728-1.xml,1248810728.0,39.40411693619001,38.16260836856701,77.56672530475701,1152.600656800977,0.09274331931033196,6.6624265826291875,0.048739716898481986,-0.22194459212898537,0.18890878677059963,Klein_deformada,1,0.2097651537787786,-0.18622724241706123,5.4937727575829385,81337.87539214126,0.05,0.05,0.9672135136589681,1.000002117217635,True,True,False
H1L1V1-GSTLAL_AllSky-1248834439-1.xml,1248834439.0,43.81034577406655,10.088527237492048,53.89887301155859,4251.514187822645,0.4745544996122151,7.521806373247937,0.019211091178799995,-0.24801885552034886,0.05841375579403578,Klein_relajada,-1,0.0732294934361545,-0.06325177571125185,5.616748224288748,297579.57868447545,0.05,0.05,0.988864123994498,1.000007809626657,True,True,False
H1L1V1-GSTLAL_AllSky-1248845595-1.xml,1248845595.0,16.236532969230808,12.723932993718986,28.960465962949794,500.0,0.3890632614987708,7.485248324091014,0.04134642849635842,-0.09268448686149244,0.06722193699274191,Klein_relajada,-1,0.08386214853617885,-0.1091329514434678,5.570867048556532,34743.62771484557,0.05,0.05,0.9807864522106571,1.000000918452381,True,True,False
H1L1V1-GSTLAL_AllSky-1248858246-1.xml,1248858246.0,39.40411693619001,38.16260836856701,77.56672530475701,1152.600656800977,0.09274331931033196,6.6624265826291875,0.048739716898481986,-0.22194459212898537,0.18890878677059963,Klein_deformada,1,0.2097651537787786,-0.18622724241706123,5.4937727575829385,81337.87539214126,0.05,0.05,0.9672135136589681,1.000002117217635,True,True,False
H1L1V1-GSTLAL_AllSky-1248893557-1.xml,1248893557.0,39.40411693619001,38.16260836856701,77.56672530475701,1152.600656800977,0.09274331931033196,6.6624265826291875,0.048739716898481986,-0.22194459212898537,0.18890878677059963,Klein_deformada,1,0.2097651537787786,-0.18622724241706123,5.4937727575829385,81337.87539214126,0.05,0.05,0.9672135136589681,1.000002117217635,True,True,False
H1L1V1-GSTLAL_AllSky-1248922975-1.xml,1248922975.0,43.81034577406655,10.088527237492048,53.89887301155859,4251.514187822645,0.4745544996122151,7.521806373247937,0.019211091178799995,-0.24801885552034886,0.05841375579403578,Klein_relajada,-1,0.0732294934361545,-0.06325177571125185,5.616748224288748,297579.57868447545,0.05,0.05,0.988864123994498,1.000007809626657,True,True,False
H1L1V1-GSTLAL_AllSky-1248938850-1.xml,1248938850.0,67.42925881905732,27.644957976327408,95.07421679538473,500.0,0.24024692356705996,8.018172063476072,0.02639938416082023,0.5230505977912783,0.15093612194946607,Klein_deformada,1,0.20170529939743773,-0.10594343675842222,5.5740565632415775,35656.26819814678,0.05,0.05,0.9813479864861933,1.000000918452381,True,True,False
H1L1V1-GSTLAL_AllSky-1249010427-1.xml,1249010427.0,39.40411693619001,38.16260836856701,77.56672530475701,1152.600656800977,0.09274331931033196,6.6624265826291875,0.048739716898481986,-0.22194459212898537,0.18890878677059963,Klein_deformada,1,0.2097651537787786,-0.18622724241706123,5.4937727575829385,81337.87539214126,0.05,0.05,0.9672135136589681,1.000002117217635,True,True,False
H1L1V1-GSTLAL_AllSky-1249032684-1.xml,1249032684.0,43.81034577406655,10.088527237492048,53.89887301155859,4251.514187822645,0.4745544996122151,7.521806373247937,0.019211091178799995,-0.24801885552034886,0.05841375579403578,Klein_relajada,-1,0.0732294934361545,-0.06325177571125185,5.616748224288748,297579.57868447545,0.05,0.05,0.988864123994498,1.000007809626657,True,True,False
H1L1V1-GSTLAL_AllSky-1249059066-1.xml,1249059066.0,67.42925881905732,27.644957976327408,95.07421679538473,500.0,0.24024692356705996,8.018172063476072,0.02639938416082023,0.5230505977912783,0.15093612194946607,Klein_deformada,1,0.20170529939743773,-0.10594343675842222,5.5740565632415775,35656.26819814678,0.05,0.05,0.9813479864861933,1.000000918452381,True,True,False
H1L1V1-GSTLAL_AllSky-1249064938-1.xml,1249064938.0,67.42925881905732,27.644957976327408,95.07421679538473,500.0,0.24024692356705996,8.018172063476072,0.02639938416082023,0.5230505977912783,0.15093612194946607,Klein_deformada,1,0.20170529939743773,-0.10594343675842222,5.5740565632415775,35656.26819814678,0.05,0.05,0.9813479864861933,1.000000918452381,True,True,False
H1L1V1-GSTLAL_AllSky-1249208954-1.xml,1249208954.0,39.40411693619001,38.16260836856701,77.56672530475701,1152.600656800977,0.09274331931033196,6.6624265826291875,0.048739716898481986,-0.22194459212898537,0.18890878677059963,Klein_deformada,1,0.2097651537787786,-0.18622724241706123,5.4937727575829385,81337.87539214126,0.05,0.05,0.9672135136589681,1.000002117217635,True,True,False
H1L1V1-GSTLAL_AllSky-1249288507-1.xml,1249288507.0,53.081165659742446,33.506274591899555,86.587440251642,2322.996907716863,0.2551530586448809,8.550463840342037,0.0352490872613306,0.7925450528762288,0.1957283409597708,Klein_deformada,1,0.2789280169844429,-0.09781091222358107,5.582189087776419,162630.16160168135,0.05,0.05,0.9827797689747216,1.0000042671240816,True,True,False
H1L1V1-GSTLAL_AllSky-1249368804-1.xml,1249368804.0,67.42925881905732,27.644957976327408,95.07421679538473,500.0,0.24024692356705996,8.018172063476072,0.02639938416082023,0.5230505977912783,0.15093612194946607,Klein_deformada,1,0.20170529939743773,-0.10594343675842222,5.5740565632415775,35656.26819814678,0.05,0.05,0.9813479864861933,1.000000918452381,True,True,False
H1L1V1-GSTLAL_AllSky-1249416034-1.xml,1249416034.0,39.40411693619001,38.16260836856701,77.56672530475701,1152.600656800977,0.09274331931033196,6.6624265826291875,0.048739716898481986,-0.22194459212898537,0.18890878677059963,Klein_deformada,1,0.2097651537787786,-0.18622724241706123,5.4937727575829385,81337.87539214126,0.05,0.05,0.9672135136589681,1.000002117217635,True,True,False
H1L1V1-GSTLAL_AllSky-1249445272-1.xml,1249445272.0,53.081165659742446,33.506274591899555,86.587440251642,2322.996907716863,0.2551530586448809,8.550463840342037,0.0352490872613306,0.7925450528762288,0.1957283409597708,Klein_deformada,1,0.2789280169844429,-0.09781091222358107,5.582189087776419,162630.16160168135,0.05,0.05,0.9827797689747216,1.0000042671240816,True,True,False
H1L1V1-GSTLAL_AllSky-1249479778-1.xml,1249479778.0,53.081165659742446,33.506274591899555,86.587440251642,2322.996907716863,0.2551530586448809,8.550463840342037,0.0352490872613306,0.7925450528762288,0.1957283409597708,Klein_deformada,1,0.2789280169844429,-0.09781091222358107,5.582189087776419,162630.16160168135,0.05,0.05,0.9827797689747216,1.0000042671240816,True,True,False
H1L1V1-GSTLAL_AllSky-1249495257-1.xml,1249495257.0,67.42925881905732,27.644957976327408,95.07421679538473,500.0,0.24024692356705996,8.018172063476072,0.02639938416082023,0.5230505977912783,0.15093612194946607,Klein_deformada,1,0.20170529939743773,-0.10594343675842222,5.5740565632415775,35656.26819814678,0.05,0.05,0.9813479864861933,1.000000918452381,True,True,False
H1L1V1-GSTLAL_AllSky-1249522885-1.xml,1249522885.0,49.5840893162675,16.685686087442228,66.26977540370973,1899.5165474965813,0.5626977903543713,8.635329470709994,0.023460516320881995,0.6543259951758129,0.10069159960412175,Klein_deformada,0,0.14491752291906723,0.026789565975460228,5.70678956597546,134010.9034056199,0.05,0.05,1.0047164728830036,1.0000034892309915,True,True,False
H1L1V1-GSTLAL_AllSky-1249545668-1.xml,1249545668.0,53.081165659742446,33.506274591899555,86.587440251642,2322.996907716863,0.2551530586448809,8.550463840342037,0.0352490872613306,0.7925450528762288,0.1957283409597708,Klein_deformada,1,0.2789280169844429,-0.09781091222358107,5.582189087776419,162630.16160168135,0.05,0.05,0.9827797689747216,1.0000042671240816,True,True,False
H1L1V1-GSTLAL_AllSky-1249597807-1.xml,1249597807.0,67.42925881905732,27.644957976327408,95.07421679538473,500.0,0.24024692356705996,8.018172063476072,0.02639938416082023,0.5230505977912783,0.15093612194946607,Klein_deformada,1,0.20170529939743773,-0.10594343675842222,5.5740565632415775,35656.26819814678,0.05,0.05,0.9813479864861933,1.000000918452381,True,True,False
H1L1V1-GSTLAL_AllSky-1249631843-1.xml,1249631843.0,49.5840893162675,16.685686087442228,66.26977540370973,1899.5165474965813,0.5626977903543713,8.635329470709994,0.023460516320881995,0.6543259951758129,0.10069159960412175,Klein_deformada,0,0.14491752291906723,0.026789565975460228,5.70678956597546,134010.9034056199,0.05,0.05,1.0047164728830036,1.0000034892309915,True,True,False
H1L1V1-GSTLAL_AllSky-1249639075-1.xml,1249639075.0,49.5840893162675,16.685686087442228,66.26977540370973,1899.5165474965813,0.5626977903543713,8.635329470709994,0.023460516320881995,0.6543259951758129,0.10069159960412175,Klein_deformada,0,0.14491752291906723,0.026789565975460228,5.70678956597546,134010.9034056199,0.05,0.05,1.0047164728830036,1.0000034892309915,True,True,False
H1L1V1-GSTLAL_AllSky-1249701924-1.xml,1249701924.0,53.081165659742446,33.506274591899555,86.587440251642,2322.996907716863,0.2551530586448809,8.550463840342037,0.0352490872613306,0.7925450528762288,0.1957283409597708,Klein_deformada,1,0.2789280169844429,-0.09781091222358107,5.582189087776419,162630.16160168135,0.05,0.05,0.9827797689747216,1.0000042671240816,True,True,False
H1L1V1-GSTLAL_AllSky-1249702996-1.xml,1249702996.0,34.11057224566441,32.922411368578196,67.0329836142426,2893.811521753965,2.0,7.901427395031667,0.04860669487626409,0.7009344654095289,0.19308629912813188,Klein_deformada,1,0.2542762289227167,0.5680000000000005,6.248,202623.826645757,0.05,0.05,1.1,1.0000053156561644,True,True,False
H1L1V1-GSTLAL_AllSky-1249783724-1.xml,1249783724.0,49.5840893162675,16.685686087442228,66.26977540370973,1899.5165474965813,0.5626977903543713,8.635329470709994,0.023460516320881995,0.6543259951758129,0.10069159960412175,Klein_deformada,0,0.14491752291906723,0.026789565975460228,5.70678956597546,134010.9034056199,0.05,0.05,1.0047164728830036,1.0000034892309915,True,True,False
H1L1V1-GSTLAL_AllSky-1249792679-1.xml,1249792679.0,53.081165659742446,33.506274591899555,86.587440251642,2322.996907716863,0.2551530586448809,8.550463840342037,0.0352490872613306,0.7925450528762288,0.1957283409597708,Klein_deformada,1,0.2789280169844429,-0.09781091222358107,5.582189087776419,162630.16160168135,0.05,0.05,0.9827797689747216,1.0000042671240816,True,True,False
H1L1V1-GSTLAL_AllSky-1249852257-1.xml,1249852257.0,34.11057224566441,32.922411368578196,67.0329836142426,2893.811521753965,2.0,7.901427395031667,0.04860669487626409,0.7009344654095289,0.19308629912813188,Klein_deformada,1,0.2542762289227167,0.5680000000000005,6.248,202623.826645757,0.05,0.05,1.1,1.0000053156561644,True,True,False
H1L1V1-GSTLAL_AllSky-1249990224-1.xml,1249990224.0,34.11057224566441,32.922411368578196,67.0329836142426,2893.811521753965,2.0,7.901427395031667,0.04860669487626409,0.7009344654095289,0.19308629912813188,Klein_deformada,1,0.2542762289227167,0.5680000000000005,6.248,202623.826645757,0.05,0.05,1.1,1.0000053156561644,True,True,False
H1L1V1-GSTLAL_AllSky-1250035141-1.xml,1250035141.0,49.5840893162675,16.685686087442228,66.26977540370973,1899.5165474965813,0.5626977903543713,8.635329470709994,0.023460516320881995,0.6543259951758129,0.10069159960412175,Klein_deformada,0,0.14491752291906723,0.026789565975460228,5.70678956597546,134010.9034056199,0.05,0.05,1.0047164728830036,1.0000034892309915,True,True,False
H1L1V1-GSTLAL_AllSky-1250088168-1.xml,1250088168.0,49.009370087516494,46.25793212397924,95.26730221149573,500.0,0.24917792060393382,8.676003970945086,0.047754357618860245,0.2922621419050717,0.2960314687563007,Klein_extrema,1,0.4280616997423952,-0.10108204200678728,5.578917957993212,35230.467918922164,0.05,0.05,0.9822038658438754,1.000000918452381,True,True,False
H1L1V1-GSTLAL_AllSky-1250115195-1.xml,1250115195.0,34.11057224566441,32.922411368578196,67.0329836142426,2893.811521753965,2.0,7.901427395031667,0.04860669487626409,0.7009344654095289,0.19308629912813188,Klein_deformada,1,0.2542762289227167,0.5680000000000005,6.248,202623.826645757,0.05,0.05,1.1,1.0000053156561644,True,True,False
H1L1V1-GSTLAL_AllSky-1250164956-1.xml,1250164956.0,49.5840893162675,16.685686087442228,66.26977540370973,1899.5165474965813,0.5626977903543713,8.635329470709994,0.023460516320881995,0.6543259951758129,0.10069159960412175,Klein_deformada,0,0.14491752291906723,0.026789565975460228,5.70678956597546,134010.9034056199,0.05,0.05,1.0047164728830036,1.0000034892309915,True,True,False
H1L1V1-GSTLAL_AllSky-1250205962-1.xml,1250205962.0,49.009370087516494,46.25793212397924,95.26730221149573,500.0,0.24917792060393382,8.676003970945086,0.047754357618860245,0.2922621419050717,0.2960314687563007,Klein_extrema,1,0.4280616997423952,-0.10108204200678728,5.578917957993212,35230.467918922164,0.05,0.05,0.9822038658438754,1.000000918452381,True,True,False
H1L1V1-GSTLAL_AllSky-1250207104-1.xml,1250207104.0,34.11057224566441,32.922411368578196,67.0329836142426,2893.811521753965,2.0,7.901427395031667,0.04860669487626409,0.7009344654095289,0.19308629912813188,Klein_deformada,1,0.2542762289227167,0.5680000000000005,6.248,202623.826645757,0.05,0.05,1.1,1.0000053156561644,True,True,False
H1L1V1-GSTLAL_AllSky-1250206646-1.xml,1250206646.0,49.009370087516494,46.25793212397924,95.26730221149573,500.0,0.24917792060393382,8.676003970945086,0.047754357618860245,0.2922621419050717,0.2960314687563007,Klein_extrema,1,0.4280616997423952,-0.10108204200678728,5.578917957993212,35230.467918922164,0.05,0.05,0.9822038658438754,1.000000918452381,True,True,False
H1L1V1-GSTLAL_AllSky-1250208518-1.xml,1250208518.0,76.52951280410174,54.79780490504665,131.3273177091484,612.2678202497916,0.4864766367086935,6.205569613493164,0.03864139749344368,-0.33388851918001783,0.23618418514276118,Klein_extrema,1,0.24427623375159374,0.028087550302777764,5.7080875503027775,42444.93803697313,0.05,0.05,1.004944991250489,1.0000011246776745,True,True,False
H1L1V1-GSTLAL_AllSky-1250229883-1.xml,1250229883.0,49.009370087516494,46.25793212397924,95.26730221149573,500.0,0.24917792060393382,8.676003970945086,0.047754357618860245,0.2922621419050717,0.2960314687563007,Klein_extrema,1,0.4280616997423952,-0.10108204200678728,5.578917957993212,35230.467918922164,0.05,0.05,0.9822038658438754,1.000000918452381,True,True,False
H1L1V1-GSTLAL_AllSky-1250330787-1.xml,1250330787.0,76.52951280410174,54.79780490504665,131.3273177091484,612.2678202497916,0.4864766367086935,6.205569613493164,0.03864139749344368,-0.33388851918001783,0.23618418514276118,Klein_extrema,1,0.24427623375159374,0.028087550302777764,5.7080875503027775,42444.93803697313,0.05,0.05,1.004944991250489,1.0000011246776745,True,True,False
H1L1V1-GSTLAL_AllSky-1250277603-1.xml,1250277603.0,76.52951280410174,54.79780490504665,131.3273177091484,612.2678202497916,0.4864766367086935,6.205569613493164,0.03864139749344368,-0.33388851918001783,0.23618418514276118,Klein_extrema,1,0.24427623375159374,0.028087550302777764,5.7080875503027775,42444.93803697313,0.05,0.05,1.004944991250489,1.0000011246776745,True,True,False
H1L1V1-GSTLAL_AllSky-1250279095-1.xml,1250279095.0,49.009370087516494,46.25793212397924,95.26730221149573,500.0,0.24917792060393382,8.676003970945086,0.047754357618860245,0.2922621419050717,0.2960314687563007,Klein_extrema,1,0.4280616997423952,-0.10108204200678728,5.578917957993212,35230.467918922164,0.05,0.05,0.9822038658438754,1.000000918452381,True,True,False
H1L1V1-GSTLAL_AllSky-1250272597-1.xml,1250272597.0,34.11057224566441,32.922411368578196,67.0329836142426,2893.811521753965,2.0,7.901427395031667,0.04860669487626409,0.7009344654095289,0.19308629912813188,Klein_deformada,1,0.2542762289227167,0.5680000000000005,6.248,202623.826645757,0.05,0.05,1.1,1.0000053156561644,True,True,False
H1L1V1-GSTLAL_AllSky-1250367605-1.xml,1250367605.0,76.52951280410174,54.79780490504665,131.3273177091484,612.2678202497916,0.4864766367086935,6.205569613493164,0.03864139749344368,-0.33388851918001783,0.23618418514276118,Klein_extrema,1,0.24427623375159374,0.028087550302777764,5.7080875503027775,42444.93803697313,0.05,0.05,1.004944991250489,1.0000011246776745,True,True,False
H1L1V1-GSTLAL_AllSky-1250332698-1.xml,1250332698.0,39.429990169785896,18.519652510481365,57.94964268026726,712.1182300244753,0.4396365719569418,6.762646696784374,0.028787377253441424,-0.3612232994598981,0.08461177854342501,Klein_relajada,-1,0.095366594112624,-0.08201213772540328,5.597987862274596,49838.18564430308,0.05,0.05,0.9855612433582036,1.0000013080933678,True,True,False
H1L1V1-GSTLAL_AllSky-1250400368-1.xml,1250400368.0,39.429990169785896,18.519652510481365,57.94964268026726,712.1182300244753,0.4396365719569418,6.762646696784374,0.028787377253441424,-0.3612232994598981,0.08461177854342501,Klein_relajada,-1,0.095366594112624,-0.08201213772540328,5.597987862274596,49838.18564430308,0.05,0.05,0.9855612433582036,1.0000013080933678,True,True,False
H1L1V1-GSTLAL_AllSky-1250433136-1.xml,1250433136.0,39.429990169785896,18.519652510481365,57.94964268026726,712.1182300244753,0.4396365719569418,6.762646696784374,0.028787377253441424,-0.3612232994598981,0.08461177854342501,Klein_relajada,-1,0.095366594112624,-0.08201213772540328,5.597987862274596,49838.18564430308,0.05,0.05,0.9855612433582036,1.0000013080933678,True,True,False
H1L1V1-GSTLAL_AllSky-1250474892-1.xml,1250474892.0,76.52951280410174,54.79780490504665,131.3273177091484,612.2678202497916,0.4864766367086935,6.205569613493164,0.03864139749344368,-0.33388851918001783,0.23618418514276118,Klein_extrema,1,0.24427623375159374,0.028087550302777764,5.7080875503027775,42444.93803697313,0.05,0.05,1.004944991250489,1.0000011246776745,True,True,False
H1L1V1-GSTLAL_AllSky-1250480331-1.xml,1250480331.0,49.009370087516494,46.25793212397924,95.26730221149573,500.0,0.24917792060393382,8.676003970945086,0.047754357618860245,0.2922621419050717,0.2960314687563007,Klein_extrema,1,0.4280616997423952,-0.10108204200678728,5.578917957993212,35230.467918922164,0.05,0.05,0.9822038658438754,1.000000918452381,True,True,False
H1L1V1-GSTLAL_AllSky-1250482056-1.xml,1250482056.0,39.429990169785896,18.519652510481365,57.94964268026726,712.1182300244753,0.4396365719569418,6.762646696784374,0.028787377253441424,-0.3612232994598981,0.08461177854342501,Klein_relajada,-1,0.095366594112624,-0.08201213772540328,5.597987862274596,49838.18564430308,0.05,0.05,0.9855612433582036,1.0000013080933678,True,True,False
H1L1V1-GSTLAL_AllSky-1250605428-1.xml,1250605428.0,39.429990169785896,18.519652510481365,57.94964268026726,712.1182300244753,0.4396365719569418,6.762646696784374,0.028787377253441424,-0.3612232994598981,0.08461177854342501,Klein_relajada,-1,0.095366594112624,-0.08201213772540328,5.597987862274596,49838.18564430308,0.05,0.05,0.9855612433582036,1.0000013080933678,True,True,False
H1L1V1-GSTLAL_AllSky-1250496091-1.xml,1250496091.0,48.83655380652488,40.43846337969039,89.27501718621528,643.3663331819952,0.5062752706276124,6.058515019784881,0.043121471707356675,0.7982399534863358,0.1749246321772997,Klein_deformada,0,0.17663058522941935,-0.00370735815209855,5.676292641847901,45248.38126772484,0.05,0.05,0.9993472960999826,1.000001181802681,True,True,False
H1L1V1-GSTLAL_AllSky-1250603346-1.xml,1250603346.0,48.83655380652488,40.43846337969039,89.27501718621528,643.3663331819952,0.5062752706276124,6.058515019784881,0.043121471707356675,0.7982399534863358,0.1749246321772997,Klein_deformada,0,0.17663058522941935,-0.00370735815209855,5.676292641847901,45248.38126772484,0.05,0.05,0.9993472960999826,1.000001181802681,True,True,False
H1L1V1-GSTLAL_AllSky-1250606086-1.xml,1250606086.0,76.52951280410174,54.79780490504665,131.3273177091484,612.2678202497916,0.4864766367086935,6.205569613493164,0.03864139749344368,-0.33388851918001783,0.23618418514276118,Klein_extrema,1,0.24427623375159374,0.028087550302777764,5.7080875503027775,42444.93803697313,0.05,0.05,1.004944991250489,1.0000011246776745,True,True,False
H1L1V1-GSTLAL_AllSky-1250500389-1.xml,1250500389.0,48.83655380652488,40.43846337969039,89.27501718621528,643.3663331819952,0.5062752706276124,6.058515019784881,0.043121471707356675,0.7982399534863358,0.1749246321772997,Klein_deformada,0,0.17663058522941935,-0.00370735815209855,5.676292641847901,45248.38126772484,0.05,0.05,0.9993472960999826,1.000001181802681,True,True,False
H1L1V1-GSTLAL_AllSky-1250609143-1.xml,1250609143.0,48.83655380652488,40.43846337969039,89.27501718621528,643.3663331819952,0.5062752706276124,6.058515019784881,0.043121471707356675,0.7982399534863358,0.1749246321772997,Klein_deformada,0,0.17663058522941935,-0.00370735815209855,5.676292641847901,45248.38126772484,0.05,0.05,0.9993472960999826,1.000001181802681,True,True,False
H1L1V1-GSTLAL_AllSky-1250610068-1.xml,1250610068.0,48.83655380652488,40.43846337969039,89.27501718621528,643.3663331819952,0.5062752706276124,6.058515019784881,0.043121471707356675,0.7982399534863358,0.1749246321772997,Klein_deformada,0,0.17663058522941935,-0.00370735815209855,5.676292641847901,45248.38126772484,0.05,0.05,0.9993472960999826,1.000001181802681,True,True,False
H1L1V1-GSTLAL_AllSky-1250610917-1.xml,1250610917.0,68.22356546445417,18.513113320206383,86.73667878466055,1101.3804683564547,1.088833987041167,8.827994376030125,0.02085438041484483,-0.21206891588652643,0.11976319992906657,Klein_deformada,0,0.17621147590486186,0.31104041175715746,5.991040411757157,76253.4268681963,0.05,0.05,1.054760635872739,1.000002023131027,True,True,False
H1L1V1-GSTLAL_AllSky-1250620378-1.xml,1250620378.0,68.22356546445417,18.513113320206383,86.73667878466055,1101.3804683564547,1.088833987041167,8.827994376030125,0.02085438041484483,-0.21206891588652643,0.11976319992906657,Klein_deformada,0,0.17621147590486186,0.31104041175715746,5.991040411757157,76253.4268681963,0.05,0.05,1.054760635872739,1.000002023131027,True,True,False
H1L1V1-GSTLAL_AllSky-1250649160-1.xml,1250649160.0,39.429990169785896,18.519652510481365,57.94964268026726,712.1182300244753,0.4396365719569418,6.762646696784374,0.028787377253441424,-0.3612232994598981,0.08461177854342501,Klein_relajada,-1,0.095366594112624,-0.08201213772540328,5.597987862274596,49838.18564430308,0.05,0.05,0.9855612433582036,1.0000013080933678,True,True,False
H1L1V1-GSTLAL_AllSky-1250652369-1.xml,1250652369.0,68.22356546445417,18.513113320206383,86.73667878466055,1101.3804683564547,1.088833987041167,8.827994376030125,0.02085438041484483,-0.21206891588652643,0.11976319992906657,Klein_deformada,0,0.17621147590486186,0.31104041175715746,5.991040411757157,76253.4268681963,0.05,0.05,1.054760635872739,1.000002023131027,True,True,False
H1L1V1-GSTLAL_AllSky-1250664542-1.xml,1250664542.0,68.22356546445417,18.513113320206383,86.73667878466055,1101.3804683564547,1.088833987041167,8.827994376030125,0.02085438041484483,-0.21206891588652643,0.11976319992906657,Klein_deformada,0,0.17621147590486186,0.31104041175715746,5.991040411757157,76253.4268681963,0.05,0.05,1.054760635872739,1.000002023131027,True,True,False
H1L1V1-GSTLAL_AllSky-1250684089-1.xml,1250684089.0,68.22356546445417,18.513113320206383,86.73667878466055,1101.3804683564547,1.088833987041167,8.827994376030125,0.02085438041484483,-0.21206891588652643,0.11976319992906657,Klein_deformada,0,0.17621147590486186,0.31104041175715746,5.991040411757157,76253.4268681963,0.05,0.05,1.054760635872739,1.000002023131027,True,True,False
H1L1V1-GSTLAL_AllSky-1250809756-1.xml,1250809756.0,17.650242885844808,11.605828882120745,29.25607176796555,3464.97017808101,2.0,8.850034553169202,0.036301799827193136,0.7817330427759228,0.07049371528068664,Klein_relajada,0,0.1039786360025581,0.5680000000000005,6.248,242924.23799699327,0.05,0.05,1.1,1.00000636482022,True,True,False
H1L1V1-GSTLAL_AllSky-1250724941-1.xml,1250724941.0,17.650242885844808,11.605828882120745,29.25607176796555,3464.97017808101,2.0,8.850034553169202,0.036301799827193136,0.7817330427759228,0.07049371528068664,Klein_relajada,0,0.1039786360025581,0.5680000000000005,6.248,242924.23799699327,0.05,0.05,1.1,1.00000636482022,True,True,False
H1L1V1-GSTLAL_AllSky-1250728185-1.xml,1250728185.0,48.83655380652488,40.43846337969039,89.27501718621528,643.3663331819952,0.5062752706276124,6.058515019784881,0.043121471707356675,0.7982399534863358,0.1749246321772997,Klein_deformada,0,0.17663058522941935,-0.00370735815209855,5.676292641847901,45248.38126772484,0.05,0.05,0.9993472960999826,1.000001181802681,True,True,False
H1L1V1-GSTLAL_AllSky-1250725634-1.xml,1250725634.0,17.650242885844808,11.605828882120745,29.25607176796555,3464.97017808101,2.0,8.850034553169202,0.036301799827193136,0.7817330427759228,0.07049371528068664,Klein_relajada,0,0.1039786360025581,0.5680000000000005,6.248,242924.23799699327,0.05,0.05,1.1,1.00000636482022,True,True,False
H1L1V1-GSTLAL_AllSky-1250869903-1.xml,1250869903.0,17.650242885844808,11.605828882120745,29.25607176796555,3464.97017808101,2.0,8.850034553169202,0.036301799827193136,0.7817330427759228,0.07049371528068664,Klein_relajada,0,0.1039786360025581,0.5680000000000005,6.248,242924.23799699327,0.05,0.05,1.1,1.00000636482022,True,True,False
H1L1V1-GSTLAL_AllSky-1250896579-1.xml,1250896579.0,17.650242885844808,11.605828882120745,29.25607176796555,3464.97017808101,2.0,8.850034553169202,0.036301799827193136,0.7817330427759228,0.07049371528068664,Klein_relajada,0,0.1039786360025581,0.5680000000000005,6.248,242924.23799699327,0.05,0.05,1.1,1.00000636482022,True,True,False
H1L1V1-GSTLAL_AllSky-1250899130-1.xml,1250899130.0,37.940729292972065,10.837957245450921,48.77868653842299,3454.00933246546,1.0160689378155758,9.086259388296918,0.02142619812261594,0.6786226835433724,0.07122322132438004,Klein_relajada,0,0.10785877723723289,0.2717528600815129,5.951752860081513,242811.72759755966,0.05,0.05,1.0478438133946326,1.0000063446861904,True,True,False
H1L1V1-GSTLAL_AllSky-1250901185-1.xml,1250901185.0,37.940729292972065,10.837957245450921,48.77868653842299,3454.00933246546,1.0160689378155758,9.086259388296918,0.02142619812261594,0.6786226835433724,0.07122322132438004,Klein_relajada,0,0.10785877723723289,0.2717528600815129,5.951752860081513,242811.72759755966,0.05,0.05,1.0478438133946326,1.0000063446861904,True,True,False
H1L1V1-GSTLAL_AllSky-1250942448-1.xml,1250942448.0,68.22356546445417,18.513113320206383,86.73667878466055,1101.3804683564547,1.088833987041167,8.827994376030125,0.02085438041484483,-0.21206891588652643,0.11976319992906657,Klein_deformada,0,0.17621147590486186,0.31104041175715746,5.991040411757157,76253.4268681963,0.05,0.05,1.054760635872739,1.000002023131027,True,True,False
H1L1V1-GSTLAL_AllSky-1250946868-1.xml,1250946868.0,37.940729292972065,10.837957245450921,48.77868653842299,3454.00933246546,1.0160689378155758,9.086259388296918,0.02142619812261594,0.6786226835433724,0.07122322132438004,Klein_relajada,0,0.10785877723723289,0.2717528600815129,5.951752860081513,242811.72759755966,0.05,0.05,1.0478438133946326,1.0000063446861904,True,True,False
H1L1V1-GSTLAL_AllSky-1251009263-1.xml,1251009263.0,37.940729292972065,10.837957245450921,48.77868653842299,3454.00933246546,1.0160689378155758,9.086259388296918,0.02142619812261594,0.6786226835433724,0.07122322132438004,Klein_relajada,0,0.10785877723723289,0.2717528600815129,5.951752860081513,242811.72759755966,0.05,0.05,1.0478438133946326,1.0000063446861904,True,True,False
H1L1V1-GSTLAL_AllSky-1251010527-1.xml,1251010527.0,37.940729292972065,10.837957245450921,48.77868653842299,3454.00933246546,1.0160689378155758,9.086259388296918,0.02142619812261594,0.6786226835433724,0.07122322132438004,Klein_relajada,0,0.10785877723723289,0.2717528600815129,5.951752860081513,242811.72759755966,0.05,0.05,1.0478438133946326,1.0000063446861904,True,True,False
H1L1V1-GSTLAL_AllSky-1251088785-1.xml,1251088785.0,58.913693217026584,14.407060850499894,73.32075406752648,1048.4283725651194,0.25011043802414923,6.1130638624405,0.019781807972843995,-0.2306130868927289,0.06649869165935018,Klein_relajada,-1,0.06775179148039118,-0.1836372797934862,5.4963627202065135,73677.91696145611,0.05,0.05,0.9676694929941045,1.0000019258630701,True,True,False
H1L1V1-GSTLAL_AllSky-1251176709-1.xml,1251176709.0,58.913693217026584,14.407060850499894,73.32075406752648,1048.4283725651194,0.25011043802414923,6.1130638624405,0.019781807972843995,-0.2306130868927289,0.06649869165935018,Klein_relajada,-1,0.06775179148039118,-0.1836372797934862,5.4963627202065135,73677.91696145611,0.05,0.05,0.9676694929941045,1.0000019258630701,True,True,False
H1L1V1-GSTLAL_AllSky-1251200191-1.xml,1251200191.0,17.650242885844808,11.605828882120745,29.25607176796555,3464.97017808101,2.0,8.850034553169202,0.036301799827193136,0.7817330427759228,0.07049371528068664,Klein_relajada,0,0.1039786360025581,0.5680000000000005,6.248,242924.23799699327,0.05,0.05,1.1,1.00000636482022,True,True,False
H1L1V1-GSTLAL_AllSky-1251211824-1.xml,1251211824.0,58.913693217026584,14.407060850499894,73.32075406752648,1048.4283725651194,0.25011043802414923,6.1130638624405,0.019781807972843995,-0.2306130868927289,0.06649869165935018,Klein_relajada,-1,0.06775179148039118,-0.1836372797934862,5.4963627202065135,73677.91696145611,0.05,0.05,0.9676694929941045,1.0000019258630701,True,True,False
H1L1V1-GSTLAL_AllSky-1251216775-1.xml,1251216775.0,58.913693217026584,14.407060850499894,73.32075406752648,1048.4283725651194,0.25011043802414923,6.1130638624405,0.019781807972843995,-0.2306130868927289,0.06649869165935018,Klein_relajada,-1,0.06775179148039118,-0.1836372797934862,5.4963627202065135,73677.91696145611,0.05,0.05,0.9676694929941045,1.0000019258630701,True,True,False
H1L1V1-GSTLAL_AllSky-1251225232-1.xml,1251225232.0,58.913693217026584,14.407060850499894,73.32075406752648,1048.4283725651194,0.25011043802414923,6.1130638624405,0.019781807972843995,-0.2306130868927289,0.06649869165935018,Klein_relajada,-1,0.06775179148039118,-0.1836372797934862,5.4963627202065135,73677.91696145611,0.05,0.05,0.9676694929941045,1.0000019258630701,True,True,False
H1L1V1-GSTLAL_AllSky-1251234216-1.xml,1251234216.0,48.61571615581287,23.347697667849776,71.96341382366265,3560.9637110489098,0.30896166711988343,9.195085045317928,0.029209999986852517,0.03807344763707177,0.1449640547099576,Klein_deformada,1,0.22215946859536348,-0.0685085032542645,5.611491496745735,248555.20456478067,0.05,0.05,0.9879386437932633,1.0000065411511978,True,True,False
H1L1V1-GSTLAL_AllSky-1251252685-1.xml,1251252685.0,48.61571615581287,23.347697667849776,71.96341382366265,3560.9637110489098,0.30896166711988343,9.195085045317928,0.029209999986852517,0.03807344763707177,0.1449640547099576,Klein_deformada,1,0.22215946859536348,-0.0685085032542645,5.611491496745735,248555.20456478067,0.05,0.05,0.9879386437932633,1.0000065411511978,True,True,False
H1L1V1-GSTLAL_AllSky-1251255499-1.xml,1251255499.0,37.940729292972065,10.837957245450921,48.77868653842299,3454.00933246546,1.0160689378155758,9.086259388296918,0.02142619812261594,0.6786226835433724,0.07122322132438004,Klein_relajada,0,0.10785877723723289,0.2717528600815129,5.951752860081513,242811.72759755966,0.05,0.05,1.0478438133946326,1.0000063446861904,True,True,False
H1L1V1-GSTLAL_AllSky-1251266690-1.xml,1251266690.0,48.61571615581287,23.347697667849776,71.96341382366265,3560.9637110489098,0.30896166711988343,9.195085045317928,0.029209999986852517,0.03807344763707177,0.1449640547099576,Klein_deformada,1,0.22215946859536348,-0.0685085032542645,5.611491496745735,248555.20456478067,0.05,0.05,0.9879386437932633,1.0000065411511978,True,True,False
H1L1V1-GSTLAL_AllSky-1251268203-1.xml,1251268203.0,48.61571615581287,23.347697667849776,71.96341382366265,3560.9637110489098,0.30896166711988343,9.195085045317928,0.029209999986852517,0.03807344763707177,0.1449640547099576,Klein_deformada,1,0.22215946859536348,-0.0685085032542645,5.611491496745735,248555.20456478067,0.05,0.05,0.9879386437932633,1.0000065411511978,True,True,False
H1L1V1-GSTLAL_AllSky-1251307115-1.xml,1251307115.0,48.61571615581287,23.347697667849776,71.96341382366265,3560.9637110489098,0.30896166711988343,9.195085045317928,0.029209999986852517,0.03807344763707177,0.1449640547099576,Klein_deformada,1,0.22215946859536348,-0.0685085032542645,5.611491496745735,248555.20456478067,0.05,0.05,0.9879386437932633,1.0000065411511978,True,True,False
H1L1V1-GSTLAL_AllSky-1251316981-1.xml,1251316981.0,59.01377269791912,25.247614466403196,84.26138716432231,2303.3811262606587,0.3488970308120208,6.502370060817701,0.02711303196671814,0.17744930665229586,0.11141396656413237,Klein_deformada,0,0.12074247342392645,-0.08871805855228665,5.591281941447713,161727.40592163615,0.05,0.05,0.9843806234943157,1.0000042310917594,True,True,False
H1L1V1-GSTLAL_AllSky-1251415879-1.xml,1251415879.0,59.01377269791912,25.247614466403196,84.26138716432231,2303.3811262606587,0.3488970308120208,6.502370060817701,0.02711303196671814,0.17744930665229586,0.11141396656413237,Klein_deformada,0,0.12074247342392645,-0.08871805855228665,5.591281941447713,161727.40592163615,0.05,0.05,0.9843806234943157,1.0000042310917594,True,True,False
H1L1V1-GSTLAL_AllSky-1251428988-1.xml,1251428988.0,58.913693217026584,14.407060850499894,73.32075406752648,1048.4283725651194,0.25011043802414923,6.1130638624405,0.019781807972843995,-0.2306130868927289,0.06649869165935018,Klein_relajada,-1,0.06775179148039118,-0.1836372797934862,5.4963627202065135,73677.91696145611,0.05,0.05,0.9676694929941045,1.0000019258630701,True,True,False
H1L1V1-GSTLAL_AllSky-1251461584-1.xml,1251461584.0,59.01377269791912,25.247614466403196,84.26138716432231,2303.3811262606587,0.3488970308120208,6.502370060817701,0.02711303196671814,0.17744930665229586,0.11141396656413237,Klein_deformada,0,0.12074247342392645,-0.08871805855228665,5.591281941447713,161727.40592163615,0.05,0.05,0.9843806234943157,1.0000042310917594,True,True,False
H1L1V1-GSTLAL_AllSky-1251461683-1.xml,1251461683.0,59.01377269791912,25.247614466403196,84.26138716432231,2303.3811262606587,0.3488970308120208,6.502370060817701,0.02711303196671814,0.17744930665229586,0.11141396656413237,Klein_deformada,0,0.12074247342392645,-0.08871805855228665,5.591281941447713,161727.40592163615,0.05,0.05,0.9843806234943157,1.0000042310917594,True,True,False
H1L1V1-GSTLAL_AllSky-1251474164-1.xml,1251474164.0,59.01377269791912,25.247614466403196,84.26138716432231,2303.3811262606587,0.3488970308120208,6.502370060817701,0.02711303196671814,0.17744930665229586,0.11141396656413237,Klein_deformada,0,0.12074247342392645,-0.08871805855228665,5.591281941447713,161727.40592163615,0.05,0.05,0.9843806234943157,1.0000042310917594,True,True,False
H1L1V1-GSTLAL_AllSky-1251502439-1.xml,1251502439.0,32.36209084533806,13.095420830672564,45.457511676010625,841.9762700690895,0.8776052623646076,8.570583201821133,0.026186124553270677,0.18067852288628783,0.07651534255920474,Klein_relajada,0,0.10929685160325162,0.196915619216826,5.876915619216826,58878.91708220122,0.05,0.05,1.0346682428198637,1.00000154663022,True,True,False
H1L1V1-GSTLAL_AllSky-1251588283-1.xml,1251588283.0,32.36209084533806,13.095420830672564,45.457511676010625,841.9762700690895,0.8776052623646076,8.570583201821133,0.026186124553270677,0.18067852288628783,0.07651534255920474,Klein_relajada,0,0.10929685160325162,0.196915619216826,5.876915619216826,58878.91708220122,0.05,0.05,1.0346682428198637,1.00000154663022,True,True,False
H1L1V1-GSTLAL_AllSky-1251692745-1.xml,1251692745.0,48.61571615581287,23.347697667849776,71.96341382366265,3560.9637110489098,0.30896166711988343,9.195085045317928,0.029209999986852517,0.03807344763707177,0.1449640547099576,Klein_deformada,1,0.22215946859536348,-0.0685085032542645,5.611491496745735,248555.20456478067,0.05,0.05,0.9879386437932633,1.0000065411511978,True,True,False
H1L1V1-GSTLAL_AllSky-1251710792-1.xml,1251710792.0,32.36209084533806,13.095420830672564,45.457511676010625,841.9762700690895,0.8776052623646076,8.570583201821133,0.026186124553270677,0.18067852288628783,0.07651534255920474,Klein_relajada,0,0.10929685160325162,0.196915619216826,5.876915619216826,58878.91708220122,0.05,0.05,1.0346682428198637,1.00000154663022,True,True,False
H1L1V1-GSTLAL_AllSky-1251750952-1.xml,1251750952.0,32.36209084533806,13.095420830672564,45.457511676010625,841.9762700690895,0.8776052623646076,8.570583201821133,0.026186124553270677,0.18067852288628783,0.07651534255920474,Klein_relajada,0,0.10929685160325162,0.196915619216826,5.876915619216826,58878.91708220122,0.05,0.05,1.0346682428198637,1.00000154663022,True,True,False
H1L1V1-GSTLAL_AllSky-1251755572-1.xml,1251755572.0,32.36209084533806,13.095420830672564,45.457511676010625,841.9762700690895,0.8776052623646076,8.570583201821133,0.026186124553270677,0.18067852288628783,0.07651534255920474,Klein_relajada,0,0.10929685160325162,0.196915619216826,5.876915619216826,58878.91708220122,0.05,0.05,1.0346682428198637,1.00000154663022,True,True,False
H1L1V1-GSTLAL_AllSky-1251783833-1.xml,1251783833.0,31.521397134005273,24.875725363203777,56.397122497209054,1992.0140170068169,0.580631051291833,8.351647317321868,0.04156678018737672,0.3413967552858794,0.14683741836451217,Klein_deformada,1,0.20438905519440775,0.07935307345427667,5.759353073454276,139571.7731971117,0.05,0.05,1.0139706115236402,1.0000036591400336,True,True,False
H1L1V1-GSTLAL_AllSky-1251787804-1.xml,1251787804.0,31.521397134005273,24.875725363203777,56.397122497209054,1992.0140170068169,0.580631051291833,8.351647317321868,0.04156678018737672,0.3413967552858794,0.14683741836451217,Klein_deformada,1,0.20438905519440775,0.07935307345427667,5.759353073454276,139571.7731971117,0.05,0.05,1.0139706115236402,1.0000036591400336,True,True,False
H1L1V1-GSTLAL_AllSky-1251835519-1.xml,1251835519.0,59.01377269791912,25.247614466403196,84.26138716432231,2303.3811262606587,0.3488970308120208,6.502370060817701,0.02711303196671814,0.17744930665229586,0.11141396656413237,Klein_deformada,0,0.12074247342392645,-0.08871805855228665,5.591281941447713,161727.40592163615,0.05,0.05,0.9843806234943157,1.0000042310917594,True,True,False
H1L1V1-GSTLAL_AllSky-1251848820-1.xml,1251848820.0,31.521397134005273,24.875725363203777,56.397122497209054,1992.0140170068169,0.580631051291833,8.351647317321868,0.04156678018737672,0.3413967552858794,0.14683741836451217,Klein_deformada,1,0.20438905519440775,0.07935307345427667,5.759353073454276,139571.7731971117,0.05,0.05,1.0139706115236402,1.0000036591400336,True,True,False
H1L1V1-GSTLAL_AllSky-1251849513-1.xml,1251849513.0,31.521397134005273,24.875725363203777,56.397122497209054,1992.0140170068169,0.580631051291833,8.351647317321868,0.04156678018737672,0.3413967552858794,0.14683741836451217,Klein_deformada,1,0.20438905519440775,0.07935307345427667,5.759353073454276,139571.7731971117,0.05,0.05,1.0139706115236402,1.0000036591400336,True,True,False
H1L1V1-GSTLAL_AllSky-1251851317-1.xml,1251851317.0,31.521397134005273,24.875725363203777,56.397122497209054,1992.0140170068169,0.580631051291833,8.351647317321868,0.04156678018737672,0.3413967552858794,0.14683741836451217,Klein_deformada,1,0.20438905519440775,0.07935307345427667,5.759353073454276,139571.7731971117,0.05,0.05,1.0139706115236402,1.0000036591400336,True,True,False
H1L1V1-GSTLAL_AllSky-1251855654-1.xml,1251855654.0,49.19061745428327,29.144477753116234,78.3350952073995,500.0,0.4024538819122918,6.191963007728409,0.03369921685183359,0.27695889430298204,0.12259303598157853,Klein_deformada,0,0.12651525730050867,-0.05980108497493131,5.620198915025068,35799.28259282287,0.05,0.05,0.9894716399692023,1.000000918452381,True,True,False
H1L1V1-GSTLAL_AllSky-1251926900-1.xml,1251926900.0,49.19061745428327,29.144477753116234,78.3350952073995,500.0,0.4024538819122918,6.191963007728409,0.03369921685183359,0.27695889430298204,0.12259303598157853,Klein_deformada,0,0.12651525730050867,-0.05980108497493131,5.620198915025068,35799.28259282287,0.05,0.05,0.9894716399692023,1.000000918452381,True,True,False
H1L1V1-GSTLAL_AllSky-1251895583-1.xml,1251895583.0,32.36209084533806,13.095420830672564,45.457511676010625,841.9762700690895,0.8776052623646076,8.570583201821133,0.026186124553270677,0.18067852288628783,0.07651534255920474,Klein_relajada,0,0.10929685160325162,0.196915619216826,5.876915619216826,58878.91708220122,0.05,0.05,1.0346682428198637,1.00000154663022,True,True,False
H1L1V1-GSTLAL_AllSky-1251898102-1.xml,1251898102.0,49.19061745428327,29.144477753116234,78.3350952073995,500.0,0.4024538819122918,6.191963007728409,0.03369921685183359,0.27695889430298204,0.12259303598157853,Klein_deformada,0,0.12651525730050867,-0.05980108497493131,5.620198915025068,35799.28259282287,0.05,0.05,0.9894716399692023,1.000000918452381,True,True,False
H1L1V1-GSTLAL_AllSky-1251903802-1.xml,1251903802.0,49.19061745428327,29.144477753116234,78.3350952073995,500.0,0.4024538819122918,6.191963007728409,0.03369921685183359,0.27695889430298204,0.12259303598157853,Klein_deformada,0,0.12651525730050867,-0.05980108497493131,5.620198915025068,35799.28259282287,0.05,0.05,0.9894716399692023,1.000000918452381,True,True,False
H1L1V1-GSTLAL_AllSky-1251858279-1.xml,1251858279.0,49.19061745428327,29.144477753116234,78.3350952073995,500.0,0.4024538819122918,6.191963007728409,0.03369921685183359,0.27695889430298204,0.12259303598157853,Klein_deformada,0,0.12651525730050867,-0.05980108497493131,5.620198915025068,35799.28259282287,0.05,0.05,0.9894716399692023,1.000000918452381,True,True,False
H1L1V1-GSTLAL_AllSky-1251937748-1.xml,1251937748.0,66.702740831574,63.35405716107604,130.05679799265005,746.6806460636685,0.8176672230027981,7.876689578969671,0.047991876418419774,0.5388339105690523,0.3687277146376468,Klein_extrema,1,0.4840589578939425,0.20836546191479322,5.888365461914793,52362.39134316953,0.05,0.05,1.0366840601962664,1.0000013715812344,True,True,False
H1L1V1-GSTLAL_AllSky-1251941333-1.xml,1251941333.0,66.702740831574,63.35405716107604,130.05679799265005,746.6806460636685,0.8176672230027981,7.876689578969671,0.047991876418419774,0.5388339105690523,0.3687277146376468,Klein_extrema,1,0.4840589578939425,0.20836546191479322,5.888365461914793,52362.39134316953,0.05,0.05,1.0366840601962664,1.0000013715812344,True,True,False
H1L1V1-GSTLAL_AllSky-1252028477-1.xml,1252028477.0,31.521397134005273,24.875725363203777,56.397122497209054,1992.0140170068169,0.580631051291833,8.351647317321868,0.04156678018737672,0.3413967552858794,0.14683741836451217,Klein_deformada,1,0.20438905519440775,0.07935307345427667,5.759353073454276,139571.7731971117,0.05,0.05,1.0139706115236402,1.0000036591400336,True,True,False
H1L1V1-GSTLAL_AllSky-1252029826-1.xml,1252029826.0,66.702740831574,63.35405716107604,130.05679799265005,746.6806460636685,0.8176672230027981,7.876689578969671,0.047991876418419774,0.5388339105690523,0.3687277146376468,Klein_extrema,1,0.4840589578939425,0.20836546191479322,5.888365461914793,52362.39134316953,0.05,0.05,1.0366840601962664,1.0000013715812344,True,True,False
H1L1V1-GSTLAL_AllSky-1252034360-1.xml,1252034360.0,66.702740831574,63.35405716107604,130.05679799265005,746.6806460636685,0.8176672230027981,7.876689578969671,0.047991876418419774,0.5388339105690523,0.3687277146376468,Klein_extrema,1,0.4840589578939425,0.20836546191479322,5.888365461914793,52362.39134316953,0.05,0.05,1.0366840601962664,1.0000013715812344,True,True,False
H1L1V1-GSTLAL_AllSky-1252064527-1.xml,1252064527.0,66.702740831574,63.35405716107604,130.05679799265005,746.6806460636685,0.8176672230027981,7.876689578969671,0.047991876418419774,0.5388339105690523,0.3687277146376468,Klein_extrema,1,0.4840589578939425,0.20836546191479322,5.888365461914793,52362.39134316953,0.05,0.05,1.0366840601962664,1.0000013715812344,True,True,False
H1L1V1-GSTLAL_AllSky-1252081065-1.xml,1252081065.0,35.550823845257604,28.416477500957175,63.96730134621478,1070.8880164419138,1.5766557608599878,6.000151224346335,0.041972792107036215,0.15499936050731045,0.12082292599862726,Klein_deformada,0,0.12082597122662835,0.5680000000000005,6.248,75536.2038466398,0.05,0.05,1.1,1.0000019671192968,True,True,False
H1L1V1-GSTLAL_AllSky-1252091831-1.xml,1252091831.0,35.550823845257604,28.416477500957175,63.96730134621478,1070.8880164419138,1.5766557608599878,6.000151224346335,0.041972792107036215,0.15499936050731045,0.12082292599862726,Klein_deformada,0,0.12082597122662835,0.5680000000000005,6.248,75536.2038466398,0.05,0.05,1.1,1.0000019671192968,True,True,False
H1L1V1-GSTLAL_AllSky-1252113997-1.xml,1252113997.0,49.19061745428327,29.144477753116234,78.3350952073995,500.0,0.4024538819122918,6.191963007728409,0.03369921685183359,0.27695889430298204,0.12259303598157853,Klein_deformada,0,0.12651525730050867,-0.05980108497493131,5.620198915025068,35799.28259282287,0.05,0.05,0.9894716399692023,1.000000918452381,True,True,False
H1L1V1-GSTLAL_AllSky-1252150105-1.xml,1252150105.0,35.550823845257604,28.416477500957175,63.96730134621478,1070.8880164419138,1.5766557608599878,6.000151224346335,0.041972792107036215,0.15499936050731045,0.12082292599862726,Klein_deformada,0,0.12082597122662835,0.5680000000000005,6.248,75536.2038466398,0.05,0.05,1.1,1.0000019671192968,True,True,False
H1L1V1-GSTLAL_AllSky-1252217514-1.xml,1252217514.0,35.550823845257604,28.416477500957175,63.96730134621478,1070.8880164419138,1.5766557608599878,6.000151224346335,0.041972792107036215,0.15499936050731045,0.12082292599862726,Klein_deformada,0,0.12082597122662835,0.5680000000000005,6.248,75536.2038466398,0.05,0.05,1.1,1.0000019671192968,True,True,False
H1L1V1-GSTLAL_AllSky-1252261903-1.xml,1252261903.0,35.550823845257604,28.416477500957175,63.96730134621478,1070.8880164419138,1.5766557608599878,6.000151224346335,0.041972792107036215,0.15499936050731045,0.12082292599862726,Klein_deformada,0,0.12082597122662835,0.5680000000000005,6.248,75536.2038466398,0.05,0.05,1.1,1.0000019671192968,True,True,False
H1L1V1-GSTLAL_AllSky-1252263825-1.xml,1252263825.0,18.793304131673843,11.634654905858065,30.427959037531906,662.07707121408,0.4553639358650029,6.5078865002723,0.03476340471976774,0.5320609420819618,0.051629314757077535,Klein_relajada,-1,0.05599962008764906,-0.07357925678859356,5.606420743211406,46691.30747786617,0.05,0.05,0.987045905494966,1.000001216172525,True,True,False
H1L1V1-GSTLAL_AllSky-1252264062-1.xml,1252264062.0,18.793304131673843,11.634654905858065,30.427959037531906,662.07707121408,0.4553639358650029,6.5078865002723,0.03476340471976774,0.5320609420819618,0.051629314757077535,Klein_relajada,-1,0.05599962008764906,-0.07357925678859356,5.606420743211406,46691.30747786617,0.05,0.05,0.987045905494966,1.000001216172525,True,True,False
H1L1V1-GSTLAL_AllSky-1252367731-1.xml,1252367731.0,66.702740831574,63.35405716107604,130.05679799265005,746.6806460636685,0.8176672230027981,7.876689578969671,0.047991876418419774,0.5388339105690523,0.3687277146376468,Klein_extrema,1,0.4840589578939425,0.20836546191479322,5.888365461914793,52362.39134316953,0.05,0.05,1.0366840601962664,1.0000013715812344,True,True,False
H1L1V1-GSTLAL_AllSky-1252402886-1.xml,1252402886.0,18.793304131673843,11.634654905858065,30.427959037531906,662.07707121408,0.4553639358650029,6.5078865002723,0.03476340471976774,0.5320609420819618,0.051629314757077535,Klein_relajada,-1,0.05599962008764906,-0.07357925678859356,5.606420743211406,46691.30747786617,0.05,0.05,0.987045905494966,1.000001216172525,True,True,False
H1L1V1-GSTLAL_AllSky-1252423668-1.xml,1252423668.0,18.793304131673843,11.634654905858065,30.427959037531906,662.07707121408,0.4553639358650029,6.5078865002723,0.03476340471976774,0.5320609420819618,0.051629314757077535,Klein_relajada,-1,0.05599962008764906,-0.07357925678859356,5.606420743211406,46691.30747786617,0.05,0.05,0.987045905494966,1.000001216172525,True,True,False
H1L1V1-GSTLAL_AllSky-1252424254-1.xml,1252424254.0,18.793304131673843,11.634654905858065,30.427959037531906,662.07707121408,0.4553639358650029,6.5078865002723,0.03476340471976774,0.5320609420819618,0.051629314757077535,Klein_relajada,-1,0.05599962008764906,-0.07357925678859356,5.606420743211406,46691.30747786617,0.05,0.05,0.987045905494966,1.000001216172525,True,True,False
H1L1V1-GSTLAL_AllSky-1252463616-1.xml,1252463616.0,22.583607822405494,21.850735883103614,44.43434370550911,1048.746438254667,0.9743227014755061,9.356164292850814,0.048701940017617934,-0.043021551507350986,0.15185326503757873,Klein_deformada,1,0.23679401601623418,0.29364083096580984,5.97364083096581,73911.62524598761,0.05,0.05,1.051697329395389,1.0000019264473266,True,True,False
H1L1V1-GSTLAL_AllSky-1252542789-1.xml,1252542789.0,22.583607822405494,21.850735883103614,44.43434370550911,1048.746438254667,0.9743227014755061,9.356164292850814,0.048701940017617934,-0.043021551507350986,0.15185326503757873,Klein_deformada,1,0.23679401601623418,0.29364083096580984,5.97364083096581,73911.62524598761,0.05,0.05,1.051697329395389,1.0000019264473266,True,True,False
H1L1V1-GSTLAL_AllSky-1252582064-1.xml,1252582064.0,35.550823845257604,28.416477500957175,63.96730134621478,1070.8880164419138,1.5766557608599878,6.000151224346335,0.041972792107036215,0.15499936050731045,0.12082292599862726,Klein_deformada,0,0.12082597122662835,0.5680000000000005,6.248,75536.2038466398,0.05,0.05,1.1,1.0000019671192968,True,True,False
H1L1V1-GSTLAL_AllSky-1252612027-1.xml,1252612027.0,22.583607822405494,21.850735883103614,44.43434370550911,1048.746438254667,0.9743227014755061,9.356164292850814,0.048701940017617934,-0.043021551507350986,0.15185326503757873,Klein_deformada,1,0.23679401601623418,0.29364083096580984,5.97364083096581,73911.62524598761,0.05,0.05,1.051697329395389,1.0000019264473266,True,True,False
H1L1V1-GSTLAL_AllSky-1252616870-1.xml,1252616870.0,22.583607822405494,21.850735883103614,44.43434370550911,1048.746438254667,0.9743227014755061,9.356164292850814,0.048701940017617934,-0.043021551507350986,0.15185326503757873,Klein_deformada,1,0.23679401601623418,0.29364083096580984,5.97364083096581,73911.62524598761,0.05,0.05,1.051697329395389,1.0000019264473266,True,True,False
H1L1V1-GSTLAL_AllSky-1252627040-1.xml,1252627040.0,22.583607822405494,21.850735883103614,44.43434370550911,1048.746438254667,0.9743227014755061,9.356164292850814,0.048701940017617934,-0.043021551507350986,0.15185326503757873,Klein_deformada,1,0.23679401601623418,0.29364083096580984,5.97364083096581,73911.62524598761,0.05,0.05,1.051697329395389,1.0000019264473266,True,True,False
H1L1V1-GSTLAL_AllSky-1252674856-1.xml,1252674856.0,46.881497211410725,36.717505937116,83.59900314852672,981.1939342486103,0.2615707972262768,8.342691910905085,0.0413279294571498,0.4121911121900954,0.21617835884633352,Klein_extrema,1,0.30058490761000717,-0.09433131089746372,5.585668689102536,68814.2803994286,0.05,0.05,0.9833923748419958,1.00000180235981,True,True,False
H1L1V1-GSTLAL_AllSky-1252680614-1.xml,1252680614.0,46.881497211410725,36.717505937116,83.59900314852672,981.1939342486103,0.2615707972262768,8.342691910905085,0.0413279294571498,0.4121911121900954,0.21617835884633352,Klein_extrema,1,0.30058490761000717,-0.09433131089746372,5.585668689102536,68814.2803994286,0.05,0.05,0.9833923748419958,1.00000180235981,True,True,False
H1L1V1-GSTLAL_AllSky-1252699636-1.xml,1252699636.0,18.793304131673843,11.634654905858065,30.427959037531906,662.07707121408,0.4553639358650029,6.5078865002723,0.03476340471976774,0.5320609420819618,0.051629314757077535,Klein_relajada,-1,0.05599962008764906,-0.07357925678859356,5.606420743211406,46691.30747786617,0.05,0.05,0.987045905494966,1.000001216172525,True,True,False
H1L1V1-GSTLAL_AllSky-1252745146-1.xml,1252745146.0,46.881497211410725,36.717505937116,83.59900314852672,981.1939342486103,0.2615707972262768,8.342691910905085,0.0413279294571498,0.4121911121900954,0.21617835884633352,Klein_extrema,1,0.30058490761000717,-0.09433131089746372,5.585668689102536,68814.2803994286,0.05,0.05,0.9833923748419958,1.00000180235981,True,True,False
H1L1V1-GSTLAL_AllSky-1252756008-1.xml,1252756008.0,46.881497211410725,36.717505937116,83.59900314852672,981.1939342486103,0.2615707972262768,8.342691910905085,0.0413279294571498,0.4121911121900954,0.21617835884633352,Klein_extrema,1,0.30058490761000717,-0.09433131089746372,5.585668689102536,68814.2803994286,0.05,0.05,0.9833923748419958,1.00000180235981,True,True,False
H1L1V1-GSTLAL_AllSky-1252812489-1.xml,1252812489.0,46.881497211410725,36.717505937116,83.59900314852672,981.1939342486103,0.2615707972262768,8.342691910905085,0.0413279294571498,0.4121911121900954,0.21617835884633352,Klein_extrema,1,0.30058490761000717,-0.09433131089746372,5.585668689102536,68814.2803994286,0.05,0.05,0.9833923748419958,1.00000180235981,True,True,False
H1L1V1-GSTLAL_AllSky-1252813043-1.xml,1252813043.0,48.65502879206932,19.804447551021514,68.45947634309083,1597.2389775606491,0.43440918728995664,8.887191109059744,0.026281521596180503,0.6842457647360993,0.11992503697937275,Klein_deformada,0,0.17763278706612373,-0.04252502955506632,5.637474970444933,111515.32568623497,0.05,0.05,0.9925131990219954,1.0000029339758838,True,True,False
H1L1V1-GSTLAL_AllSky-1252829409-1.xml,1252829409.0,48.65502879206932,19.804447551021514,68.45947634309083,1597.2389775606491,0.43440918728995664,8.887191109059744,0.026281521596180503,0.6842457647360993,0.11992503697937275,Klein_deformada,0,0.17763278706612373,-0.04252502955506632,5.637474970444933,111515.32568623497,0.05,0.05,0.9925131990219954,1.0000029339758838,True,True,False
H1L1V1-GSTLAL_AllSky-1252919116-1.xml,1252919116.0,22.583607822405494,21.850735883103614,44.43434370550911,1048.746438254667,0.9743227014755061,9.356164292850814,0.048701940017617934,-0.043021551507350986,0.15185326503757873,Klein_deformada,1,0.23679401601623418,0.29364083096580984,5.97364083096581,73911.62524598761,0.05,0.05,1.051697329395389,1.0000019264473266,True,True,False
H1L1V1-GSTLAL_AllSky-1252939489-1.xml,1252939489.0,48.65502879206932,19.804447551021514,68.45947634309083,1597.2389775606491,0.43440918728995664,8.887191109059744,0.026281521596180503,0.6842457647360993,0.11992503697937275,Klein_deformada,0,0.17763278706612373,-0.04252502955506632,5.637474970444933,111515.32568623497,0.05,0.05,0.9925131990219954,1.0000029339758838,True,True,False
H1L1V1-GSTLAL_AllSky-1252962002-1.xml,1252962002.0,48.65502879206932,19.804447551021514,68.45947634309083,1597.2389775606491,0.43440918728995664,8.887191109059744,0.026281521596180503,0.6842457647360993,0.11992503697937275,Klein_deformada,0,0.17763278706612373,-0.04252502955506632,5.637474970444933,111515.32568623497,0.05,0.05,0.9925131990219954,1.0000029339758838,True,True,False
H1L1V1-GSTLAL_AllSky-1252987339-1.xml,1252987339.0,48.65502879206932,19.804447551021514,68.45947634309083,1597.2389775606491,0.43440918728995664,8.887191109059744,0.026281521596180503,0.6842457647360993,0.11992503697937275,Klein_deformada,0,0.17763278706612373,-0.04252502955506632,5.637474970444933,111515.32568623497,0.05,0.05,0.9925131990219954,1.0000029339758838,True,True,False
H1L1V1-GSTLAL_AllSky-1253103017-1.xml,1253103017.0,21.58193116683271,14.762491274375904,36.344422441208614,3433.144337178731,0.6906426164010583,7.763231225787539,0.03736083469131441,0.6226593639287166,0.0790602397932302,Klein_relajada,0,0.10229382038017586,0.09593156767531408,5.775931567675314,240092.10584186114,0.05,0.05,1.0168893605062173,1.0000063063591813,True,True,False
H1L1V1-GSTLAL_AllSky-1253106426-1.xml,1253106426.0,21.58193116683271,14.762491274375904,36.344422441208614,3433.144337178731,0.6906426164010583,7.763231225787539,0.03736083469131441,0.6226593639287166,0.0790602397932302,Klein_relajada,0,0.10229382038017586,0.09593156767531408,5.775931567675314,240092.10584186114,0.05,0.05,1.0168893605062173,1.0000063063591813,True,True,False
H1L1V1-GSTLAL_AllSky-1253202092-1.xml,1253202092.0,46.881497211410725,36.717505937116,83.59900314852672,981.1939342486103,0.2615707972262768,8.342691910905085,0.0413279294571498,0.4121911121900954,0.21617835884633352,Klein_extrema,1,0.30058490761000717,-0.09433131089746372,5.585668689102536,68814.2803994286,0.05,0.05,0.9833923748419958,1.00000180235981,True,True,False
H1L1V1-GSTLAL_AllSky-1253203571-1.xml,1253203571.0,21.58193116683271,14.762491274375904,36.344422441208614,3433.144337178731,0.6906426164010583,7.763231225787539,0.03736083469131441,0.6226593639287166,0.0790602397932302,Klein_relajada,0,0.10229382038017586,0.09593156767531408,5.775931567675314,240092.10584186114,0.05,0.05,1.0168893605062173,1.0000063063591813,True,True,False
H1L1V1-GSTLAL_AllSky-1253203662-1.xml,1253203662.0,21.58193116683271,14.762491274375904,36.344422441208614,3433.144337178731,0.6906426164010583,7.763231225787539,0.03736083469131441,0.6226593639287166,0.0790602397932302,Klein_relajada,0,0.10229382038017586,0.09593156767531408,5.775931567675314,240092.10584186114,0.05,0.05,1.0168893605062173,1.0000063063591813,True,True,False
H1L1V1-GSTLAL_AllSky-1253212855-1.xml,1253212855.0,21.58193116683271,14.762491274375904,36.344422441208614,3433.144337178731,0.6906426164010583,7.763231225787539,0.03736083469131441,0.6226593639287166,0.0790602397932302,Klein_relajada,0,0.10229382038017586,0.09593156767531408,5.775931567675314,240092.10584186114,0.05,0.05,1.0168893605062173,1.0000063063591813,True,True,False
H1L1V1-GSTLAL_AllSky-1253247782-1.xml,1253247782.0,42.356298679728816,21.551734953051152,63.90803363277997,827.440176511412,0.9171262504486156,7.913665562860678,0.030352802888667457,-0.2834615886728651,0.11513124811662627,Klein_deformada,0,0.15185169890495226,0.218267726911602,5.898267726911602,57803.739471302746,0.05,0.05,1.038427416709789,1.0000015199288004,True,True,False
H1L1V1-GSTLAL_AllSky-1253255057-1.xml,1253255057.0,42.356298679728816,21.551734953051152,63.90803363277997,827.440176511412,0.9171262504486156,7.913665562860678,0.030352802888667457,-0.2834615886728651,0.11513124811662627,Klein_deformada,0,0.15185169890495226,0.218267726911602,5.898267726911602,57803.739471302746,0.05,0.05,1.038427416709789,1.0000015199288004,True,True,False
H1L1V1-GSTLAL_AllSky-1253326744-1.xml,1253326744.0,48.65502879206932,19.804447551021514,68.45947634309083,1597.2389775606491,0.43440918728995664,8.887191109059744,0.026281521596180503,0.6842457647360993,0.11992503697937275,Klein_deformada,0,0.17763278706612373,-0.04252502955506632,5.637474970444933,111515.32568623497,0.05,0.05,0.9925131990219954,1.0000029339758838,True,True,False
H1L1V1-GSTLAL_AllSky-1253509434-1.xml,1253509434.0,66.01766079671582,31.801145681272757,97.81880647798857,803.2441685361557,0.42346262881572583,8.30892647298148,0.029268265671633598,-0.15169182952671123,0.17841260208449686,Klein_deformada,1,0.2470695320955644,-0.006210776409013796,5.673789223590986,55886.980632887586,0.05,0.05,0.9989065534491173,1.0000014754830382,True,True,False
H1L1V1-GSTLAL_AllSky-1253422507-1.xml,1253422507.0,42.356298679728816,21.551734953051152,63.90803363277997,827.440176511412,0.9171262504486156,7.913665562860678,0.030352802888667457,-0.2834615886728651,0.11513124811662627,Klein_deformada,0,0.15185169890495226,0.218267726911602,5.898267726911602,57803.739471302746,0.05,0.05,1.038427416709789,1.0000015199288004,True,True,False
H1L1V1-GSTLAL_AllSky-1253466644-1.xml,1253466644.0,42.356298679728816,21.551734953051152,63.90803363277997,827.440176511412,0.9171262504486156,7.913665562860678,0.030352802888667457,-0.2834615886728651,0.11513124811662627,Klein_deformada,0,0.15185169890495226,0.218267726911602,5.898267726911602,57803.739471302746,0.05,0.05,1.038427416709789,1.0000015199288004,True,True,False
H1L1V1-GSTLAL_AllSky-1253504994-1.xml,1253504994.0,66.01766079671582,31.801145681272757,97.81880647798857,803.2441685361557,0.42346262881572583,8.30892647298148,0.029268265671633598,-0.15169182952671123,0.17841260208449686,Klein_deformada,1,0.2470695320955644,-0.006210776409013796,5.673789223590986,55886.980632887586,0.05,0.05,0.9989065534491173,1.0000014754830382,True,True,False
H1L1V1-GSTLAL_AllSky-1253463599-1.xml,1253463599.0,42.356298679728816,21.551734953051152,63.90803363277997,827.440176511412,0.9171262504486156,7.913665562860678,0.030352802888667457,-0.2834615886728651,0.11513124811662627,Klein_deformada,0,0.15185169890495226,0.218267726911602,5.898267726911602,57803.739471302746,0.05,0.05,1.038427416709789,1.0000015199288004,True,True,False
H1L1V1-GSTLAL_AllSky-1253519609-1.xml,1253519609.0,21.58193116683271,14.762491274375904,36.344422441208614,3433.144337178731,0.6906426164010583,7.763231225787539,0.03736083469131441,0.6226593639287166,0.0790602397932302,Klein_relajada,0,0.10229382038017586,0.09593156767531408,5.775931567675314,240092.10584186114,0.05,0.05,1.0168893605062173,1.0000063063591813,True,True,False
H1L1V1-GSTLAL_AllSky-1253597011-1.xml,1253597011.0,40.190032753908234,37.56741271181015,77.75744546571838,5000.0,0.45156634570716003,6.277703769299277,0.04738978063724713,0.46015006984535056,0.17349571965793356,Klein_deformada,0,0.18152578887565007,-0.03322011028511174,5.646779889714888,350824.56607705273,0.05,0.05,0.9941513890343113,1.0000091845238095,True,True,False
H1L1V1-GSTLAL_AllSky-1253600861-1.xml,1253600861.0,66.01766079671582,31.801145681272757,97.81880647798857,803.2441685361557,0.42346262881572583,8.30892647298148,0.029268265671633598,-0.15169182952671123,0.17841260208449686,Klein_deformada,1,0.2470695320955644,-0.006210776409013796,5.673789223590986,55886.980632887586,0.05,0.05,0.9989065534491173,1.0000014754830382,True,True,False
H1L1V1-GSTLAL_AllSky-1253755327-1.xml,1253755327.0,66.01766079671582,31.801145681272757,97.81880647798857,803.2441685361557,0.42346262881572583,8.30892647298148,0.029268265671633598,-0.15169182952671123,0.17841260208449686,Klein_deformada,1,0.2470695320955644,-0.006210776409013796,5.673789223590986,55886.980632887586,0.05,0.05,0.9989065534491173,1.0000014754830382,True,True,False
H1L1V1-GSTLAL_AllSky-1253854047-1.xml,1253854047.0,66.01766079671582,31.801145681272757,97.81880647798857,803.2441685361557,0.42346262881572583,8.30892647298148,0.029268265671633598,-0.15169182952671123,0.17841260208449686,Klein_deformada,1,0.2470695320955644,-0.006210776409013796,5.673789223590986,55886.980632887586,0.05,0.05,0.9989065534491173,1.0000014754830382,True,True,False
H1L1V1-GSTLAL_AllSky-1253800416-1.xml,1253800416.0,40.190032753908234,37.56741271181015,77.75744546571838,5000.0,0.45156634570716003,6.277703769299277,0.04738978063724713,0.46015006984535056,0.17349571965793356,Klein_deformada,0,0.18152578887565007,-0.03322011028511174,5.646779889714888,350824.56607705273,0.05,0.05,0.9941513890343113,1.0000091845238095,True,True,False
H1L1V1-GSTLAL_AllSky-1253885759-1.xml,1253885759.0,42.356298679728816,21.551734953051152,63.90803363277997,827.440176511412,0.9171262504486156,7.913665562860678,0.030352802888667457,-0.2834615886728651,0.11513124811662627,Klein_deformada,0,0.15185169890495226,0.218267726911602,5.898267726911602,57803.739471302746,0.05,0.05,1.038427416709789,1.0000015199288004,True,True,False
H1L1V1-GSTLAL_AllSky-1253943498-1.xml,1253943498.0,56.55997799773055,45.504870582101354,102.0648485798319,1753.342686033176,0.8617863195758252,8.851966118734422,0.04218167488249534,-0.4142026776211883,0.2858255329741601,Klein_extrema,1,0.4216863222927456,0.23239168001744392,5.912391680017444,121842.12125690246,0.05,0.05,1.0409140281720852,1.0000032207235292,True,True,False
H1L1V1-GSTLAL_AllSky-1253958821-1.xml,1253958821.0,40.190032753908234,37.56741271181015,77.75744546571838,5000.0,0.45156634570716003,6.277703769299277,0.04738978063724713,0.46015006984535056,0.17349571965793356,Klein_deformada,0,0.18152578887565007,-0.03322011028511174,5.646779889714888,350824.56607705273,0.05,0.05,0.9941513890343113,1.0000091845238095,True,True,False
