event_id,gps_time,mass_1,mass_2,mass_total,distance_mpc,redshift,snr,efficiency,chi_eff,max_epsilon,final_state,mode_parity,doppler_shift_hz,frequency_observed,v_total_kms,topology_conserved
H1L1V1-GSTLAL_AllSky-1238393111-1.xml,1238393111.0,44.59150205610907,21.93049704526046,66.52199910136953,2833.346569251917,0.01,6.08893493076608,0.029672355524301933,0.3691137377710596,0.09014048954672581,Klein_relajada,-1,50.0,55.68,198636.59956647112,True
H1L1V1-GSTLAL_AllSky-1238515766-1.xml,1238515766.0,51.27142893748504,17.596141943258033,68.86757088074307,1331.9753481174707,0.01,8.943900546201492,0.02372783424055757,0.1010443106646387,0.1096127539291475,Klein_deformada,0,50.0,55.68,92797.21915787968,True
H1L1V1-GSTLAL_AllSky-1238533958-1.xml,1238533958.0,50.901934987422536,21.799952968563197,72.70188795598574,768.5257247291579,0.01,8.747863096668853,0.02713094244762978,0.7400257010358535,0.1294117798344631,Klein_deformada,0,38.29373758044105,43.973737580441046,53628.87081095485,True
H1L1V1-GSTLAL_AllSky-1238573777-1.xml,1238573777.0,28.303325328101266,22.351199467215437,50.6545247953167,2886.213583323623,0.01,8.648250607352129,0.04158808967937602,0.6474323140014475,0.13663965181941615,Klein_deformada,0,50.0,55.68,201809.33887177144,True
H1L1V1-GSTLAL_AllSky-1238662706-1.xml,1238662706.0,44.304082409191544,24.498106871678104,68.80218928086964,500.0,0.01,7.784408719902897,0.03211814852221889,0.04279979080441021,0.12901483568160757,Klein_deformada,0,24.835772276115627,30.515772276115626,35459.63130289878,True
H1L1V1-GSTLAL_AllSky-1238674117-1.xml,1238674117.0,20.90133915177381,11.960235341674773,32.861574493448586,1006.8019943657075,0.01,7.4115299692980825,0.03288893597644868,0.6553104709485238,0.06007687358139259,Klein_relajada,-1,49.81629401824674,55.496294018246736,71237.08450993059,True
H1L1V1-GSTLAL_AllSky-1238729030-1.xml,1238729030.0,74.5167867210611,16.6090621337709,91.125848854832,872.8975951484451,0.01,8.793534587618423,0.018915608342557042,0.6495963699764158,0.11368067393324056,Klein_deformada,0,43.524644273894985,49.204644273894985,61711.543539826445,True
H1L1V1-GSTLAL_AllSky-1238750282-1.xml,1238750282.0,68.11687604025872,10.036624420207414,78.15350046046613,1050.0880961943792,0.01,6.224344231989544,0.015893766716063448,0.29667240520806726,0.05798693250092806,Klein_relajada,-1,50.0,55.68,73375.60594647155,True
H1L1V1-GSTLAL_AllSky-1238754998-1.xml,1238754998.0,31.568872170907536,27.927262765516552,59.496134936424085,500.0,0.01,9.055399587105422,0.04538582260946664,0.36136212362606546,0.1833909276710965,Klein_deformada,1,25.0646405681865,30.7446405681865,34683.56814555828,True
H1L1V1-GSTLAL_AllSky-1238782700-1.xml,1238782700.0,23.58355854851681,23.506723777403135,47.090282325919944,1791.2980725858572,0.01,6.758287574418326,0.04986968078467784,0.29418093519187616,0.11903257086521514,Klein_deformada,0,50.0,55.68,124768.47707165188,True
H1L1V1-GSTLAL_AllSky-1238839513-1.xml,1238839513.0,63.65143093354979,20.37502753877377,84.02645847232355,1226.6694130408696,0.01,8.34978814547119,0.022804128510508868,-0.2577074045279988,0.1199958590118579,Klein_deformada,0,50.0,55.68,85885.4967177036,True
H1L1V1-GSTLAL_AllSky-1238845539-1.xml,1238845539.0,78.60228405519331,34.790185917373506,113.39246997256681,500.0,0.01,7.161810105435163,0.027704414743441486,0.31046419123691615,0.16873969527449537,Klein_deformada,0,24.835772276115627,30.515772276115626,34377.46800831791,True
H1L1V1-GSTLAL_AllSky-1238899272-1.xml,1238899272.0,35.536052548200345,15.818227585750094,51.35428013395044,3128.2602027113753,0.01,6.06196765154108,0.027805272619174107,0.31354423027473377,0.06492002542340715,Klein_relajada,-1,50.0,55.68,219036.6576581838,True
H1L1V1-GSTLAL_AllSky-1238919052-1.xml,1238919052.0,26.867706356783213,19.643031011230747,46.51073736801396,1209.2150129535432,0.01,6.933937389312141,0.039244075769454774,-0.24709675089365374,0.09492235611441159,Klein_relajada,-1,50.0,55.68,84117.46250663551,True
H1L1V1-GSTLAL_AllSky-1239082262-1.xml,1239082262.0,26.555778276633056,25.25021745366776,51.805995730300815,500.0,0.01,7.948075476868555,0.04803348136233825,0.7033074618804267,0.14833626375072134,Klein_deformada,0,24.835772276115627,30.515772276115626,34998.783373953025,True
H1L1V1-GSTLAL_AllSky-1239092652-1.xml,1239092652.0,30.160843801315007,10.528772581172298,40.6896163824873,1352.793369672206,0.01,8.026540887468746,0.023963498701204435,0.23543365230661828,0.058698027451682074,Klein_relajada,-1,50.0,55.68,94315.90177968983,True
H1L1V1-GSTLAL_AllSky-1239174401-1.xml,1239174401.0,62.82610682133066,13.294211463572598,76.12031828490326,1155.169285529908,0.01,8.5692563803577,0.018464131957996135,0.7198652015976432,0.09033039113020426,Klein_relajada,0,50.0,55.68,80714.1908062595,True
H1L1V1-GSTLAL_AllSky-1239179057-1.xml,1239179057.0,13.067266015733313,10.504492619187289,23.571758634920602,2431.41444192714,0.01,9.142749439619156,0.04215513514927949,0.7678285923692736,0.06813661477572872,Klein_relajada,-1,50.0,55.68,170385.21095451465,True
H1L1V1-GSTLAL_AllSky-1239198206-1.xml,1239198206.0,50.111152897376456,12.995885531218143,63.1070384285946,3761.074198200197,0.01,7.6768334289609585,0.02037364720610811,-0.1604729948163659,0.07402696800016056,Klein_relajada,-1,50.0,55.68,263818.87571308756,True
H1L1V1-GSTLAL_AllSky-1239227262-1.xml,1239227262.0,29.210760930126316,12.788543299760406,41.99930422988672,3426.8898770120018,0.01,9.024952732287215,0.027512098819132136,-0.03085595092146165,0.07821175261989063,Klein_relajada,-1,50.0,55.68,239399.2357893743,True
H1L1V1-GSTLAL_AllSky-1239283789-1.xml,1239283789.0,40.518186105122005,17.278825330504567,57.79701143562657,624.2976548115848,0.01,7.220075878424508,0.02705784684998059,0.050009291691985425,0.08468405430418144,Klein_relajada,-1,30.789729022852207,36.469729022852206,43921.163976697295,True
H1L1V1-GSTLAL_AllSky-1239393890-1.xml,1239393890.0,42.26286221184872,26.115847497328197,68.37870970917692,500.0,0.01,8.398493477550836,0.034717537933345574,0.3102556498110025,0.14953142527484334,Klein_deformada,0,24.835772276115627,30.515772276115626,35952.55207117281,True
H1L1V1-GSTLAL_AllSky-1239491655-1.xml,1239491655.0,28.442197540808518,11.858692014275356,40.30088955508387,500.0,0.01,8.87626591860913,0.02667760305406873,0.38887840303710275,0.07157362383909822,Klein_relajada,-1,24.606903984044767,30.286903984044766,35569.309220096635,True
H1L1V1-GSTLAL_AllSky-1239534693-1.xml,1239534693.0,29.69597616566058,17.75814534085801,47.45412150651859,2605.103219863972,0.01,6.784909726276174,0.03391993479762141,0.539112333086895,0.0819095016848202,Klein_relajada,-1,50.0,55.68,182033.35673686693,True
H1L1V1-GSTLAL_AllSky-1239543370-1.xml,1239543370.0,50.809644910782104,27.523620486549582,78.33326539733169,823.7723187592841,0.01,8.93944369207189,0.0316680282138393,-0.462751289425592,0.16631790685338801,Klein_deformada,0,41.062584946515614,46.74258494651561,58101.02876721048,True
H1L1V1-GSTLAL_AllSky-1239550519-1.xml,1239550519.0,36.86200819820591,23.15608123893302,60.01808943713893,1498.538896146736,0.01,6.001314867434185,0.03512731386138646,0.7853426882752625,0.09489313268466186,Klein_relajada,-1,50.0,55.68,104774.24232366637,True
H1L1V1-GSTLAL_AllSky-1239788217-1.xml,1239788217.0,72.23060165206678,23.8771921876915,96.10779383975827,500.0,0.01,6.057417293416898,0.023222756915528633,-0.24274152960402018,0.10139607426414332,Klein_deformada,-1,24.606903984044767,30.286903984044766,35107.11634461009,True
H1L1V1-GSTLAL_AllSky-1239855472-1.xml,1239855472.0,51.02407387973955,39.41436070235666,90.4384345820962,1290.2562234424875,0.01,6.617580684709916,0.04089863878392287,0.3542767341657952,0.18357874591760098,Klein_deformada,0,50.0,55.68,90224.24040630065,True
H1L1V1-GSTLAL_AllSky-1239883947-1.xml,1239883947.0,58.293793625121104,56.44547972512799,114.73927335024909,2976.2914411161346,0.01,6.300715864838775,0.048731725087662436,-0.28632217296482954,0.2642256891668925,Klein_extrema,1,50.0,55.68,208141.21736191987,True
H1L1V1-GSTLAL_AllSky-1239883999-1.xml,1239883999.0,68.52864104647504,34.417283148320095,102.94592419479514,505.5503232737348,0.01,9.413005089910348,0.030089283909761955,0.3260153018429388,0.21868075564053946,Klein_extrema,1,25.344897808184495,31.024897808184495,36186.0579732403,True
H1L1V1-GSTLAL_AllSky-1239886944-1.xml,1239886944.0,15.516120213062964,12.776677371220789,28.292797584283754,1577.605883061462,0.01,6.0041800450568585,0.04293781485519596,0.7396537978878976,0.05470547605780482,Klein_relajada,-1,50.0,55.68,110826.81286063688,True
H1L1V1-GSTLAL_AllSky-1239891926-1.xml,1239891926.0,43.8421592794473,27.52043288003508,71.36259215948238,1988.932243482785,0.01,8.904847256678545,0.03510864732242907,0.22844731392105222,0.16732947632857825,Klein_deformada,0,50.0,55.68,139183.27009121925,True
H1L1V1-GSTLAL_AllSky-1239917954-1.xml,1239917954.0,30.78369046361187,12.20976635550777,42.993456819119636,1055.3355551996292,0.01,9.015086546398454,0.025865240549946968,-0.140825587234507,0.07518826281422045,Klein_relajada,-1,50.0,55.68,74386.90866108313,True
H1L1V1-GSTLAL_AllSky-1239937367-1.xml,1239937367.0,53.42603453720214,36.02429254499376,89.45032708219591,2712.1782261341714,0.01,8.284774465141624,0.036971339240915564,-0.007734322952924422,0.2054892320751053,Klein_extrema,1,50.0,55.68,190463.33619317465,True
H1L1V1-GSTLAL_AllSky-1239976056-1.xml,1239976056.0,65.51194409567746,40.25176327959379,105.76370737527125,924.9237815866068,0.01,8.596351347000265,0.03457674784970983,0.24088322323392009,0.23577417270744286,Klein_extrema,1,46.52068202085672,52.20068202085672,64870.17714838921,True
H1L1V1-GSTLAL_AllSky-1239990500-1.xml,1239990500.0,18.871375250631537,17.682088441066092,36.55346369169763,2036.537867362071,0.01,8.46730851891118,0.047479172993445416,-0.11446744569939771,0.11021439700426627,Klein_deformada,0,50.0,55.68,141924.48439926826,True
H1L1V1-GSTLAL_AllSky-1240055015-1.xml,1240055015.0,70.87425066119458,29.163068706644687,100.03731936783927,1621.5634261990272,0.01,7.993355018947147,0.026459048771354243,0.24643223780258072,0.15868162460708032,Klein_deformada,0,50.0,55.68,114162.55014447847,True
H1L1V1-GSTLAL_AllSky-1240155151-1.xml,1240155151.0,41.39667672558187,17.314141577440502,58.71081830302237,1261.682523610091,0.01,7.261030828562283,0.02672998215988763,0.0054427089391752,0.0854626482985241,Klein_relajada,-1,50.0,55.68,87546.15558598418,True
H1L1V1-GSTLAL_AllSky-1240164426-1.xml,1240164426.0,20.94479576224766,20.67835598588945,41.62315174813711,1279.631863128302,0.01,8.864533143551,0.049491158033942814,0.38418847820795654,0.13695557315921353,Klein_deformada,0,50.0,55.68,89606.77834165012,True
H1L1V1-GSTLAL_AllSky-1240215503-1.xml,1240215503.0,36.409195371224804,34.72780027754527,71.13699564877007,2461.905586250687,0.01,8.654709252513864,0.0481527797288172,0.23337658451791665,0.22234666943133094,Klein_extrema,1,50.0,55.68,173068.0475422546,True
H1L1V1-GSTLAL_AllSky-1240233548-1.xml,1240233548.0,18.38680999877202,13.818696532566655,32.20550653133867,2541.605951559459,0.01,6.578888637208748,0.04006219465690797,0.19388706009824175,0.06366176416152262,Klein_relajada,-1,50.0,55.68,177738.02744519888,True
H1L1V1-GSTLAL_AllSky-1240290694-1.xml,1240290694.0,63.71812303783968,47.41730366854409,111.13542670638378,704.2359275539836,0.01,9.400203366726135,0.03976691804960095,0.3555512294098423,0.31158243600472807,Klein_extrema,1,35.37730066774761,41.05730066774761,49025.02271893317,True
H1L1V1-GSTLAL_AllSky-1240325074-1.xml,1240325074.0,47.47495820251724,41.84843767422488,89.32339587674213,2600.996248335244,0.01,7.167421032220055,0.045259378214265365,-0.4272785760605148,0.21731914563153593,Klein_extrema,1,50.0,55.68,181799.48698808032,True
H1L1V1-GSTLAL_AllSky-1240327333-1.xml,1240327333.0,37.70182620577414,10.50281953138836,48.2046457371625,2056.4274591782937,0.01,9.101750821667101,0.021143035325731592,-0.19619593351746117,0.06957327319721845,Klein_relajada,-1,50.0,55.68,143385.29825031507,True
H1L1V1-GSTLAL_AllSky-1240352617-1.xml,1240352617.0,38.7729333842675,18.550528588831227,57.32346197309873,1103.8342805376953,0.01,9.168830838220707,0.029137606541122095,0.010270773338819095,0.11485806864411371,Klein_deformada,0,50.0,55.68,76507.81030977871,True
H1L1V1-GSTLAL_AllSky-1240399040-1.xml,1240399040.0,59.579106173060936,26.04082424192676,85.61993041498769,500.0,0.01,7.164170947277288,0.02748319228978382,0.5986226514674564,0.12643556411613613,Klein_deformada,0,24.835772276115627,30.515772276115626,35794.39945848608,True
H1L1V1-GSTLAL_AllSky-1240620590-1.xml,1240620590.0,28.723455429854244,16.36797547763757,45.09143090749181,1194.9864681221195,0.01,6.556473080418738,0.03279388079558871,-0.0888961756174339,0.07271405706752782,Klein_relajada,-1,50.0,55.68,83364.5102677212,True
H1L1V1-GSTLAL_AllSky-1240630609-1.xml,1240630609.0,17.93139551413533,17.055986475329505,34.987381989464836,750.0928744854804,0.01,7.642945452708818,0.04804720377035744,0.2636710408372718,0.09636106426475992,Klein_relajada,-1,37.047046066693596,42.727046066693596,53299.90985743747,True
H1L1V1-GSTLAL_AllSky-1240630634-1.xml,1240630634.0,20.038993180991067,16.60396092800792,36.642954108998985,1144.2525227097276,0.01,7.748967636739517,0.04314330371399775,0.5315600551538093,0.09187746149385204,Klein_relajada,-1,50.0,55.68,79654.0993734855,True
H1L1V1-GSTLAL_AllSky-1240651041-1.xml,1240651041.0,35.4544248669442,30.310771471775244,65.76519633871945,3112.2525736876687,0.01,7.14604649677856,0.044196884124368216,0.7342892334703341,0.1557811389716902,Klein_deformada,0,50.0,55.68,217469.66298853484,True
H1L1V1-GSTLAL_AllSky-1240837251-1.xml,1240837251.0,53.249626561098125,21.855549488432708,75.10517604953083,1356.5151811864914,0.01,7.31230601555084,0.026417429304114164,-0.22414629522020996,0.1088118123258373,Klein_deformada,0,50.0,55.68,95512.2399544482,True
H1L1V1-GSTLAL_AllSky-1240842666-1.xml,1240842666.0,17.212473557584296,15.807580156401027,33.02005371398532,2205.201982573211,0.01,6.098216064143374,0.046735173718098794,-0.11393500094347009,0.07058065880643073,Klein_relajada,-1,50.0,55.68,154684.31798478094,True
H1L1V1-GSTLAL_AllSky-1240935112-1.xml,1240935112.0,65.94522359844545,28.04945984180813,93.99468344025358,2119.3548181684423,0.01,8.760844647730782,0.027013793152090758,-0.4301108714305179,0.16683843305866825,Klein_deformada,0,50.0,55.68,147398.86669857515,True
H1L1V1-GSTLAL_AllSky-1240935340-1.xml,1240935340.0,15.107096152807637,14.93926859881378,30.046364751621418,1514.3674755234413,0.01,7.558708761080622,0.049555632525810946,-0.43842925642467345,0.08440998722057869,Klein_relajada,-1,50.0,55.68,105760.58530787421,True
H1L1V1-GSTLAL_AllSky-1240944862-1.xml,1240944862.0,15.911382602051114,10.510059492257486,26.421442094308603,1084.4332725507525,0.01,7.819188803450455,0.03642148644179457,0.2927608621417126,0.05643352097921167,Klein_relajada,-1,50.0,55.68,76094.3710136253,True
H1L1V1-GSTLAL_AllSky-1240978573-1.xml,1240978573.0,16.12737589700291,12.243273727480515,28.370649624483427,2557.6244430864417,0.01,6.598221256160431,0.040366437306780426,0.5420953434940918,0.05667321352126752,Klein_relajada,-1,50.0,55.68,179157.4260534786,True
H1L1V1-GSTLAL_AllSky-1241108686-1.xml,1241108686.0,49.68282844561516,17.230931621473047,66.9137600670882,500.0,0.01,8.0200567520116,0.023872746106099595,0.3812021575908161,0.0960852045098737,Klein_relajada,0,24.835772276115627,30.515772276115626,35242.733465366124,True
H1L1V1-GSTLAL_AllSky-1241208674-1.xml,1241208674.0,27.537314395320056,13.639931950027195,41.17724634534725,3469.0803076915377,0.01,6.396635211535223,0.029813016991003728,-0.0291659799095077,0.058894681296703916,Klein_relajada,-1,50.0,55.68,243556.0733962129,True
H1L1V1-GSTLAL_AllSky-1241228096-1.xml,1241228096.0,44.54354634708102,27.49181826583161,72.03536461291263,1221.4670100879744,0.01,7.710856012410925,0.03468758823252804,0.7770170399850136,0.14450528163296114,Klein_deformada,0,50.0,55.68,85470.07276759502,True
H1L1V1-GSTLAL_AllSky-1241263448-1.xml,1241263448.0,28.74689453759137,25.68957118316688,54.43646572075825,5000.0,0.01,8.393595619711277,0.04574587321016324,-0.29573207606287405,0.1567657370033632,Klein_deformada,0,50.0,55.68,350431.9131730649,True
H1L1V1-GSTLAL_AllSky-1241264117-1.xml,1241264117.0,38.892001484296095,32.199446772822256,71.09144825711834,1230.092559661807,0.01,8.692155627667848,0.04311678035991419,0.5078172614042626,0.19982620569103013,Klein_deformada,1,50.0,55.68,86429.48185222695,True
H1L1V1-GSTLAL_AllSky-1241318316-1.xml,1241318316.0,47.19950785646127,26.020750731987007,73.22025858844827,1236.909445274425,0.01,8.801507415944327,0.03205171359931878,0.6539058609296424,0.15491762644536647,Klein_deformada,0,50.0,55.68,86144.42129141421,True
H1L1V1-GSTLAL_AllSky-1241418140-1.xml,1241418140.0,66.08887581637696,50.162450821666766,116.25132663804372,1177.9119914268902,0.01,8.959226256054752,0.04036060166073299,-0.04251131350197168,0.31527339042879743,Klein_extrema,1,50.0,55.68,83017.34010206949,True
H1L1V1-GSTLAL_AllSky-1241419760-1.xml,1241419760.0,69.8225447275571,54.72307111560685,124.54561584316394,500.0,0.01,9.422234042636262,0.04134980045722058,0.4892953502922609,0.3639292928720291,Klein_extrema,1,25.0646405681865,30.7446405681865,35416.98004152925,True
H1L1V1-GSTLAL_AllSky-1241577622-1.xml,1241577622.0,21.986247129606483,14.626638718664772,36.612885848271254,1167.024545323183,0.01,7.57280364019898,0.03661052362859812,0.04114520675003397,0.07613035612338064,Klein_relajada,-1,50.0,55.68,81262.67654463813,True
H1L1V1-GSTLAL_AllSky-1241587773-1.xml,1241587773.0,22.043918730270974,17.977042534954997,40.02096126522597,597.2126655857357,0.01,7.22313400086977,0.04262041156097841,-0.47278501756621005,0.0924042805672038,Klein_relajada,-1,29.44246507153104,35.12246507153104,41323.44358232405,True
H1L1V1-GSTLAL_AllSky-1241634009-1.xml,1241634009.0,49.671546141013145,28.342190476864797,78.01373661787794,712.808983080136,0.01,8.55939163518055,0.032823682916093506,-0.03538297298028603,0.1643851376868144,Klein_deformada,0,35.50132736820198,41.18132736820198,49597.037676662534,True
H1L1V1-GSTLAL_AllSky-1241676985-1.xml,1241676985.0,64.80169959513638,60.73520518581799,125.53690478095437,1772.0308945908691,0.01,8.64440920573996,0.04748988410197587,-0.34446910672773867,0.3865174510023904,Klein_extrema,1,50.0,55.68,124195.7718960235,True
H1L1V1-GSTLAL_AllSky-1241710671-1.xml,1241710671.0,66.93833024945633,64.99445514256729,131.93278539202362,1299.4341022194997,0.01,8.543176859484326,0.048838408368033756,0.45299639003840264,0.4128524763886301,Klein_extrema,1,50.0,55.68,91786.7041100989,True
H1L1V1-GSTLAL_AllSky-1241719652-1.xml,1241719652.0,47.57171356236876,13.32821300092269,60.899926563291444,1722.8656784684913,0.01,7.668499742361121,0.021206838688666345,0.4800145514705022,0.07427871338940105,Klein_relajada,-1,50.0,55.68,120526.73662925087,True
H1L1V1-GSTLAL_AllSky-1241816086-1.xml,1241816086.0,55.69139435526209,22.840608325907837,78.53200268116993,2128.906731707598,0.01,6.972451719206237,0.0264051258477781,0.34712141374736594,0.10843804856921785,Klein_deformada,0,50.0,55.68,149411.92545096335,True
H1L1V1-GSTLAL_AllSky-1241850801-1.xml,1241850801.0,62.62914903228647,40.600008886397006,103.22915791868348,849.7832482991957,0.01,7.8475801585721525,0.035930423461744285,-0.33822507825346027,0.21830402551835465,Klein_extrema,1,42.72654653855768,48.40654653855768,60110.50019296735,True
H1L1V1-GSTLAL_AllSky-1241852074-1.xml,1241852074.0,70.94561673318621,38.77166295340152,109.71727968658773,822.7696839392364,0.01,7.749099070874289,0.03185993426441823,-0.215674809935674,0.2031572770772824,Klein_extrema,1,41.362527432525276,47.042527432525276,57774.290708802786,True
H1L1V1-GSTLAL_AllSky-1241912955-1.xml,1241912955.0,20.689902706532514,17.038131869554388,37.7280345760869,1710.1644392218832,0.01,8.854769519947798,0.042939994182137675,0.5530750505315045,0.10758821137262037,Klein_deformada,0,50.0,55.68,119651.12640806065,True
H1L1V1-GSTLAL_AllSky-1241940902-1.xml,1241940902.0,53.354786163713754,15.5159578632674,68.87074402698116,787.5585726713301,0.01,6.424235209985761,0.021632289418728627,0.22297625278861322,0.0717827275402935,Klein_relajada,-1,38.910668169548316,44.590668169548316,54943.82813033466,True
H1L1V1-GSTLAL_AllSky-1241956664-1.xml,1241956664.0,28.750664556033577,28.33856415446493,57.0892287104985,1772.4999646051465,0.01,7.404125984067317,0.049426656172394924,-0.29236147422731007,0.1566933152511889,Klein_deformada,0,50.0,55.68,124570.42220606704,True
H1L1V1-GSTLAL_AllSky-1241959580-1.xml,1241959580.0,22.13836510045582,14.852031536359494,36.99039663681532,5000.0,0.01,9.163001735220996,0.03683492022823979,-0.10615934974666097,0.0936370566950842,Klein_relajada,0,50.0,55.68,350640.5819087241,True
H1L1V1-GSTLAL_AllSky-1242107479-1.xml,1242107479.0,54.63160065054743,39.048241608053345,93.67984225860079,1993.2985250171012,0.01,6.5043387428052934,0.038590223345515005,-0.2891830534741704,0.1763550325075191,Klein_deformada,0,50.0,55.68,138989.76560073826,True
H1L1V1-GSTLAL_AllSky-1242139414-1.xml,1242139414.0,49.66711729336117,26.654102285069758,76.32121957843093,500.0,0.01,9.307449029538216,0.03146619633882598,-0.4351628247974053,0.16764147746819463,Klein_deformada,1,25.0646405681865,30.7446405681865,35494.420003333435,True
H1L1V1-GSTLAL_AllSky-1242279434-1.xml,1242279434.0,43.07644069863087,35.17123032349103,78.24767102212189,5000.0,0.01,7.237303034389999,0.042659365307875965,-0.3849419704373079,0.18118566340365377,Klein_deformada,0,50.0,55.68,350494.5672685984,True
H1L1V1-GSTLAL_AllSky-1242290807-1.xml,1242290807.0,34.57715186409491,16.190967881725676,50.768119745820584,4212.640095708513,0.01,8.46374197043832,0.0287302504791188,-0.3208173375811324,0.09258788629419891,Klein_relajada,0,50.0,55.68,295237.1979564947,True
H1L1V1-GSTLAL_AllSky-1242315362-1.xml,1242315362.0,42.69449327243409,35.529117196286464,78.22361046872055,615.8242247309039,0.01,8.066640469611446,0.04328683815926774,-0.17691595099967394,0.2048555270942984,Klein_extrema,1,30.91305262403928,36.59305262403928,43416.7595211866,True
H1L1V1-GSTLAL_AllSky-1242369559-1.xml,1242369559.0,18.138876861448953,14.662984445836955,32.801861307285904,691.6386167782601,0.01,7.345289534595398,0.042334933541559226,-0.4125310858461721,0.07650107766906733,Klein_relajada,-1,34.13940916296483,39.81940916296483,48007.742357554795,True
H1L1V1-GSTLAL_AllSky-1242420354-1.xml,1242420354.0,15.808071178615089,15.304062209711962,31.112133388327052,1111.2735969051566,0.01,6.39863053996874,0.048724679404063054,0.7575010780683598,0.07274900876779604,Klein_relajada,-1,50.0,55.68,77837.2477905918,True
H1L1V1-GSTLAL_AllSky-1242442967-1.xml,1242442967.0,19.891849115522504,17.098342491933487,36.99019160745599,2928.7915100049368,0.01,9.136727577688214,0.044382610470518565,0.3173414146525708,0.11249969969956292,Klein_deformada,0,50.0,55.68,204397.66210803803,True
H1L1V1-GSTLAL_AllSky-1242456568-1.xml,1242456568.0,41.89460789929985,21.16691542405399,63.06152332335384,5000.0,0.01,6.302471767310596,0.03020967994251856,0.0684396732091126,0.09004980025866173,Klein_relajada,-1,50.0,55.68,349384.2178384469,True
H1L1V1-GSTLAL_AllSky-1242459857-1.xml,1242459857.0,61.1192185935553,48.69959363975963,109.81881223331493,1755.0668185224608,0.01,7.610644920148152,0.04187186928132274,0.2592895523230322,0.262471295711744,Klein_extrema,1,50.0,55.68,123136.30508280356,True
H1L1V1-GSTLAL_AllSky-1242510975-1.xml,1242510975.0,17.308257054242166,17.159959977442618,34.46821703168479,790.9348263459502,0.01,6.467703746463282,0.0496572801609433,0.7911696276170896,0.08302581160193392,Klein_relajada,-1,39.07861008115115,44.75861008115115,55385.44514271439,True
H1L1V1-GSTLAL_AllSky-1242565015-1.xml,1242565015.0,12.687487499570214,11.330525849199562,24.018013348769777,4115.070899312154,0.01,6.21697348214581,0.045721890089218634,-0.33014297507428847,0.05120372253103513,Klein_relajada,-1,50.0,55.68,287680.60672225105,True
H1L1V1-GSTLAL_AllSky-1242566558-1.xml,1242566558.0,15.549568486493483,15.42949601957317,30.979064506066653,4254.370875030428,0.01,8.3018833160118,0.04969112334654275,-0.40205698588376826,0.09584842969813169,Klein_relajada,0,50.0,55.68,297029.7493240064,True
H1L1V1-GSTLAL_AllSky-1242571165-1.xml,1242571165.0,50.55869475411067,35.55970714567984,86.11840189979051,2541.6933142780545,0.01,7.970476411121879,0.038133405989709546,0.2559312302041895,0.19631211563663803,Klein_deformada,1,50.0,55.68,177365.12335518093,True
H1L1V1-GSTLAL_AllSky-1242588150-1.xml,1242588150.0,24.447626813334015,16.595821189779585,41.043448003113596,1420.286512060022,0.01,7.750252744363906,0.037153263286443874,-0.28915260494914585,0.08863758855500244,Klein_relajada,-1,50.0,55.68,98498.94710342193,True
H1L1V1-GSTLAL_AllSky-1242632879-1.xml,1242632879.0,28.21522555682782,10.591397301543699,38.80662285837152,1694.9148102744248,0.01,8.46570920281895,0.02501515170270284,0.5574092796853793,0.061635879964080084,Klein_relajada,-1,50.0,55.68,118603.2898685076,True
H1L1V1-GSTLAL_AllSky-1242717927-1.xml,1242717927.0,67.68131043828842,48.36712281166733,116.04843324995575,2169.5408526292026,0.01,6.041128942573365,0.038585216508636194,0.03117284728882519,0.20288016613919202,Klein_extrema,0,50.0,55.68,151825.51523035447,True
H1L1V1-GSTLAL_AllSky-1242729611-1.xml,1242729611.0,63.56834520376864,10.951843327424632,74.52018853119327,741.9864859840093,0.01,7.183060622344358,0.016891381735559385,0.5546892863260684,0.06781252520128543,Klein_relajada,-1,36.64381736638408,42.32381736638408,52790.54471213424,True
H1L1V1-GSTLAL_AllSky-1242753325-1.xml,1242753325.0,51.26343811030075,18.24054189610127,69.50398000640202,1634.5780827069975,0.01,8.518180217563232,0.024232788567051695,-0.1543013771923657,0.1076022009979543,Klein_deformada,0,50.0,55.68,114837.79133030547,True
H1L1V1-GSTLAL_AllSky-1242755794-1.xml,1242755794.0,76.72277829480895,10.067141213437852,86.7899195082468,881.9611854709473,0.01,9.261763520112932,0.015248580115154143,0.5766098911052673,0.09192923430783297,Klein_relajada,0,43.97889305849796,49.65889305849796,61664.608817318716,True
H1L1V1-GSTLAL_AllSky-1242794162-1.xml,1242794162.0,17.061422713227127,16.5667925122155,33.62821522544263,1135.955583113946,0.01,7.831333388625146,0.04884035415023589,0.6204902748933401,0.09646718350871913,Klein_relajada,0,50.0,55.68,80237.47678819014,True
H1L1V1-GSTLAL_AllSky-1242808754-1.xml,1242808754.0,70.03531015242034,52.36710788092586,122.4024180333462,1137.9723322944767,0.01,8.632124784457698,0.03990897463976811,0.01511666220472141,0.3162565582632371,Klein_extrema,1,50.0,55.68,79929.17399970372,True
H1L1V1-GSTLAL_AllSky-1242837242-1.xml,1242837242.0,32.2371899182016,11.405577541978836,43.64276746018044,885.9232154911915,0.01,7.964005353493671,0.024152074136634442,0.702342541107825,0.0629592465295708,Klein_relajada,-1,43.80353101142476,49.48353101142476,61761.26591994649,True
H1L1V1-GSTLAL_AllSky-1242841854-1.xml,1242841854.0,60.53782989795906,54.42017934134031,114.95800923929937,921.9041394948923,0.01,6.625722206785563,0.04595779989673862,0.05645247543274934,0.26253847070175446,Klein_extrema,1,46.36820863927723,52.04820863927723,65003.19539932481,True
H1L1V1-GSTLAL_AllSky-1242850387-1.xml,1242850387.0,60.22650031412338,52.17282391902254,112.39932423314592,500.0,0.01,6.216441978719581,0.044651074624562095,-0.49815721888870956,0.23399078998589914,Klein_extrema,0,24.835772276115627,30.515772276115626,34749.805167515835,True
H1L1V1-GSTLAL_AllSky-1242960785-1.xml,1242960785.0,25.373803200724154,12.564620652084391,37.93842385280855,689.9618880042896,0.01,8.397020703951178,0.02980723276316071,0.5967582243190579,0.07121761582737872,Klein_relajada,-1,34.056005170647275,39.736005170647275,48420.341239043686,True
H1L1V1-GSTLAL_AllSky-1242967497-1.xml,1242967497.0,55.147273513019606,43.34203760842267,98.48931112144228,1918.9467984159387,0.01,7.74431515778549,0.041437302225423814,0.6672979010827516,0.23704175536341818,Klein_extrema,1,50.0,55.68,134571.21345781928,True
H1L1V1-GSTLAL_AllSky-1242969291-1.xml,1242969291.0,76.955115912191,52.85577933145993,129.81089524365092,500.0,0.01,7.300915518523809,0.037473562325223746,-0.10461185392139433,0.2663634992577537,Klein_extrema,1,25.0646405681865,30.7446405681865,34195.43614757526,True
H1L1V1-GSTLAL_AllSky-1242984073-1.xml,1242984073.0,66.56479136043446,22.807242756643646,89.3720341170781,1130.4740659102629,0.01,7.732953940140286,0.02370528911186527,0.6043439877814192,0.12287218628170536,Klein_deformada,0,50.0,55.68,79055.07469741805,True
H1L1V1-GSTLAL_AllSky-1243058210-1.xml,1243058210.0,51.97353822606317,17.805771531236026,69.77930975729919,500.0,0.01,6.734180279689292,0.023703720884876732,-0.30447901631545315,0.08353898529787972,Klein_relajada,-1,24.606903984044767,30.286903984044766,34914.206956240334,True
H1L1V1-GSTLAL_AllSky-1243058459-1.xml,1243058459.0,25.73518485907565,16.90295892203643,42.63814378111208,968.2057613755902,0.01,8.502378189286254,0.03627213911941342,-0.24120842531728198,0.09862184893338996,Klein_relajada,0,48.30129647583025,53.98129647583025,67571.08735381489,True
H1L1V1-GSTLAL_AllSky-1243134883-1.xml,1243134883.0,74.66943737599186,47.387475701034894,122.05691307702676,500.0,0.01,7.1601932235612225,0.035385205710025174,-0.09827612918801504,0.2319370411022563,Klein_extrema,1,25.0646405681865,30.7446405681865,34165.811047857045,True
H1L1V1-GSTLAL_AllSky-1243139732-1.xml,1243139732.0,31.474863406428135,21.496680240227285,52.97154364665542,2429.4783543367603,0.01,6.947256087317284,0.03731917208045707,-0.4558677459246823,0.10300284034651092,Klein_deformada,-1,50.0,55.68,169286.72172027355,True
H1L1V1-GSTLAL_AllSky-1243241875-1.xml,1243241875.0,37.40629364456788,11.892298917886633,49.298592562454516,2057.9613441193187,0.01,6.1497572096727335,0.02271689628583518,-0.022468151140854986,0.05165385625690299,Klein_relajada,-1,50.0,55.68,144324.25258153988,True
H1L1V1-GSTLAL_AllSky-1243305426-1.xml,1243305426.0,46.13916663606598,21.62880202094445,67.76796865701043,2096.458596716888,0.01,8.025831755964498,0.02875092559997621,-0.08923186810402217,0.11728098736123765,Klein_deformada,0,50.0,55.68,146705.05495272166,True
H1L1V1-GSTLAL_AllSky-1243407873-1.xml,1243407873.0,50.96403566366735,22.336291830161045,73.3003274938284,1033.097639569003,0.01,8.940836263092109,0.027531022839374357,-0.37166670668067203,0.13532176905286805,Klein_deformada,0,50.0,55.68,71392.13891914961,True
H1L1V1-GSTLAL_AllSky-1243497876-1.xml,1243497876.0,53.61369114134568,46.81200760477556,100.42569874612124,734.8160015421032,0.01,6.859752191569334,0.044925412974355115,0.002156883993251313,0.2321168299385109,Klein_extrema,1,36.92140660755858,42.60140660755858,51948.031879686205,True
H1L1V1-GSTLAL_AllSky-1243533585-1.xml,1243533585.0,47.654082158433745,15.437489066562836,63.091571224996585,659.3134728177183,0.01,7.333938728245956,0.02295795731852595,-0.3281491512026944,0.07967152461212308,Klein_relajada,-1,32.53148896716347,38.21148896716347,46488.77522734296,True
H1L1V1-GSTLAL_AllSky-1243536309-1.xml,1243536309.0,14.091325906687006,13.610449691495182,27.701775598182188,5000.0,0.01,7.034124430239326,0.04863497241245801,0.3755507475915214,0.07107675479134316,Klein_relajada,-1,50.0,55.68,350068.2081088974,True
H1L1V1-GSTLAL_AllSky-1243557850-1.xml,1243557850.0,67.34847645731632,33.90535643003339,101.25383288734972,1392.8186855879817,0.01,6.519197873467886,0.030137267070337787,0.5992979164450132,0.1492006672456999,Klein_deformada,0,50.0,55.68,98175.09935516083,True
H1L1V1-GSTLAL_AllSky-1243605087-1.xml,1243605087.0,51.037580826646774,40.661794088162424,91.6993749148092,857.2320635825154,0.01,8.268964783845087,0.04186812025928381,0.4154056912269196,0.2381015616841081,Klein_extrema,1,43.10266596612991,48.78266596612991,59957.007498734594,True
H1L1V1-GSTLAL_AllSky-1243734617-1.xml,1243734617.0,30.42983896580897,21.02760075106479,51.45743971687376,1585.018672739932,0.01,6.177945965001811,0.03764076507232449,0.6717477970304178,0.08974535605889467,Klein_relajada,-1,50.0,55.68,111655.80218913383,True
H1L1V1-GSTLAL_AllSky-1243926576-1.xml,1243926576.0,29.631189605117672,22.574962644620985,52.20615224973866,2147.3154270011155,0.01,9.024760927096235,0.04047459510801687,0.4374838517020223,0.14302144706586004,Klein_deformada,0,50.0,55.68,150402.55906500723,True
H1L1V1-GSTLAL_AllSky-1243931925-1.xml,1243931925.0,26.195656200603374,12.325263272028259,38.52091947263163,500.0,0.01,9.425227681463397,0.028820316128205056,0.5614743424474191,0.07847810337701358,Klein_relajada,-1,24.606903984044767,30.286903984044766,35910.69990535195,True
H1L1V1-GSTLAL_AllSky-1243983869-1.xml,1243983869.0,78.61821646401839,17.016820454726854,95.63503691874524,504.2372553330596,0.01,7.708670510153388,0.01865795293767064,-0.34208231641151343,0.10316247898801899,Klein_deformada,0,25.048134928950468,30.728134928950467,34597.24118883105,True
H1L1V1-GSTLAL_AllSky-1243985856-1.xml,1243985856.0,20.362666352475465,18.09050115475746,38.453167507232926,770.4075618455703,0.01,7.924470008174922,0.04553660575017618,0.3944032724315043,0.10406969095860343,Klein_deformada,0,38.388051444211875,44.068051444211875,53827.79376644586,True
H1L1V1-GSTLAL_AllSky-1243985990-1.xml,1243985990.0,57.6455057197263,36.67281157810155,94.31831729782786,3520.0806292891307,0.01,7.960423127842013,0.03544712627305626,0.7194761897169122,0.19960641406323554,Klein_deformada,1,50.0,55.68,246271.90289423455,True
H1L1V1-GSTLAL_AllSky-1243993298-1.xml,1243993298.0,52.94698412059156,39.96556741759518,92.91255153818673,986.5339037884403,0.01,9.324084177747952,0.04019289433110674,0.6866778882693563,0.2611506535806762,Klein_extrema,1,49.63161483551535,55.31161483551535,69536.53463113512,True
H1L1V1-GSTLAL_AllSky-1244069790-1.xml,1244069790.0,45.34242861224424,43.25836124651839,88.60078985876262,1172.7819407803277,0.01,6.327983990190557,0.048161485893445884,0.6257655713586918,0.20251822212016307,Klein_extrema,0,50.0,55.68,82941.12377045774,True
H1L1V1-GSTLAL_AllSky-1244070823-1.xml,1244070823.0,29.089404514015463,28.127435916443705,57.21684043045917,500.0,0.01,7.568149941636609,0.04867722476462759,0.44021580342568156,0.15808864351347546,Klein_deformada,0,24.835772276115627,30.515772276115626,34971.96017130363,True
H1L1V1-GSTLAL_AllSky-1244154241-1.xml,1244154241.0,26.460997345318173,23.703307844784554,50.16430519010272,1974.8845821336733,0.01,9.462055390135092,0.045831314346098835,-0.2838182256701102,0.16315630559150532,Klein_deformada,1,50.0,55.68,137468.8236014218,True
H1L1V1-GSTLAL_AllSky-1244161081-1.xml,1244161081.0,24.205140869893498,22.297661674606672,46.50280254450017,1232.652634642192,0.01,9.12347757246642,0.046847811453707575,0.4648625968962732,0.14906995016534638,Klein_deformada,0,50.0,55.68,86863.89838699551,True
H1L1V1-GSTLAL_AllSky-1244170446-1.xml,1244170446.0,24.865739773328244,15.619011522692446,40.48475129602069,1224.7895343692235,0.01,6.7479043814144415,0.03512535185371139,0.7816723493667685,0.07196848198915187,Klein_relajada,-1,50.0,55.68,86612.52795989419,True
H1L1V1-GSTLAL_AllSky-1244178825-1.xml,1244178825.0,37.0309429459041,33.66436391042102,70.69530685632512,2972.9723188350727,0.01,8.052228007544329,0.04636349628968284,0.28986150647464715,0.19794479667174483,Klein_deformada,1,50.0,55.68,208685.31483931467,True
H1L1V1-GSTLAL_AllSky-1244255684-1.xml,1244255684.0,37.38930906391853,12.81930832417674,50.20861738809527,4721.385954873795,0.01,6.176466742625254,0.02371441050409529,0.16314348241717047,0.05515589882471049,Klein_relajada,-1,50.0,55.68,330479.8404348417,True
H1L1V1-GSTLAL_AllSky-1244268714-1.xml,1244268714.0,27.112309813106876,26.58781935065342,53.700129163760295,1902.547430530721,0.01,7.846646777415939,0.049226195826074695,0.07702839291661934,0.15556681908857292,Klein_deformada,0,50.0,55.68,133068.65816937113,True
H1L1V1-GSTLAL_AllSky-1244344703-1.xml,1244344703.0,39.491682374058875,17.391616080746694,56.88329845480557,711.3899979261739,0.01,6.3917483596806335,0.027615472459254685,0.2128112146946569,0.07530402353380079,Klein_relajada,-1,35.121884126772166,40.801884126772165,50126.0235093049,True
H1L1V1-GSTLAL_AllSky-1244433614-1.xml,1244433614.0,19.58127370229852,14.824645797575668,34.40591949987419,2190.7265303538334,0.01,6.421879946963086,0.04028331256272772,0.570370900212098,0.06675469113287204,Klein_relajada,-1,50.0,55.68,154051.9018903845,True
H1L1V1-GSTLAL_AllSky-1244479509-1.xml,1244479509.0,20.593112809460443,17.057918640843432,37.651031450303876,2577.1367694678765,0.01,7.116573297588435,0.04313324954546367,0.6547537989491004,0.08668046777245902,Klein_relajada,-1,50.0,55.68,180411.31379730618,True
H1L1V1-GSTLAL_AllSky-1244562300-1.xml,1244562300.0,66.02432295907528,27.833659472331863,93.85798243140714,1087.1125961294913,0.01,6.635087848042826,0.02686267013420758,0.5896735486578408,0.12546665918947597,Klein_deformada,0,50.0,55.68,77117.3906803312,True
H1L1V1-GSTLAL_AllSky-1244579776-1.xml,1244579776.0,58.62107712386197,12.871158216424654,71.49223534028663,667.7186083573924,0.01,8.668068356248863,0.0187826146143503,0.5146549171549333,0.08729683831299544,Klein_relajada,0,33.24148913784332,38.92148913784332,46464.395277405245,True
H1L1V1-GSTLAL_AllSky-1244580182-1.xml,1244580182.0,38.46874638335639,19.095951615599052,57.56469799895544,1247.8828422364884,0.01,7.350680631295593,0.029856068534493206,-0.3246252429318339,0.09474966150115745,Klein_relajada,-1,50.0,55.68,87005.37172618427,True
H1L1V1-GSTLAL_AllSky-1244629354-1.xml,1244629354.0,65.74416482672414,51.73888633422153,117.48305116094568,2273.2102342232047,0.01,7.119127604829527,0.04147892225604202,0.6887679498120904,0.260190072127338,Klein_extrema,1,50.0,55.68,159025.7253107964,True
H1L1V1-GSTLAL_AllSky-1244635864-1.xml,1244635864.0,60.280989815034005,26.953595862098748,87.23458567713276,500.0,0.01,6.595428804279346,0.027885304103202738,0.042691510017900614,0.12032846811112376,Klein_deformada,0,24.835772276115627,30.515772276115626,34522.70290147007,True
H1L1V1-GSTLAL_AllSky-1244671674-1.xml,1244671674.0,36.20526017930576,24.52829884436471,60.733559023670466,500.0,0.01,7.032203703619409,0.03709915489946913,0.7630043960338821,0.1188352965986411,Klein_deformada,0,24.835772276115627,30.515772276115626,35892.79612456396,True
H1L1V1-GSTLAL_AllSky-1244711923-1.xml,1244711923.0,20.611002485521407,19.341463321214697,39.9524658067361,1664.942356793029,0.01,7.673609641262858,0.04753619133237499,-0.3596901942680941,0.10930220848871947,Klein_deformada,0,50.0,55.68,116608.49587263829,True
H1L1V1-GSTLAL_AllSky-1244713996-1.xml,1244713996.0,15.197818307177236,11.432249036251113,26.63006734342835,500.0,0.01,8.443240309294858,0.040089184658437936,0.3158910104185675,0.0676036122138624,Klein_relajada,-1,24.606903984044767,30.286903984044766,34877.075688032375,True
H1L1V1-GSTLAL_AllSky-1244746871-1.xml,1244746871.0,50.7223021938589,24.169729052563348,74.89203124642225,500.0,0.01,9.194174942454332,0.029060435356571532,0.23405484981208746,0.15007617506306078,Klein_deformada,0,24.835772276115627,30.515772276115626,34762.12300669426,True
H1L1V1-GSTLAL_AllSky-1244806663-1.xml,1244806663.0,41.43300697185782,29.24398353353812,70.67699050539593,1693.740561972969,0.01,7.850738682492837,0.03823254759511059,-0.3658938257039238,0.1591047229187165,Klein_deformada,0,50.0,55.68,117926.3945118765,True
H1L1V1-GSTLAL_AllSky-1244840357-1.xml,1244840357.0,47.66819715245667,39.40190770314781,87.07010485560448,754.980426955821,0.01,9.430439407721117,0.04306347632752221,-0.33000063557232073,0.26519867229518607,Klein_extrema,1,37.93958625834338,43.61958625834338,52719.377666454675,True
H1L1V1-GSTLAL_AllSky-1245035079-1.xml,1245035079.0,29.756023073590796,15.245580656079321,45.001603729670116,500.0,0.01,9.01848235685595,0.030494110544779282,0.3063886419265446,0.09281938462335218,Klein_relajada,0,24.835772276115627,30.515772276115626,35863.52893932559,True
H1L1V1-GSTLAL_AllSky-1245051768-1.xml,1245051768.0,44.83762356580933,41.77158518933131,86.60920875514064,678.3700673315334,0.01,7.654533477849899,0.04726476281957458,0.6176387780888104,0.23500740345297444,Klein_extrema,1,34.07123357244489,39.75123357244489,47803.76224337991,True
H1L1V1-GSTLAL_AllSky-1245063791-1.xml,1245063791.0,60.663497212564295,10.132314266575413,70.7958114791397,1346.728020110982,0.01,7.731664001287052,0.01668099580943834,-0.029956272116179627,0.06848000339191468,Klein_relajada,-1,50.0,55.68,93456.7218254095,True
H1L1V1-GSTLAL_AllSky-1245085972-1.xml,1245085972.0,44.28738721871868,18.92140504422126,63.20879226293994,1082.2733286534724,0.01,6.460101726166937,0.027089655753025653,0.38118638108223835,0.08296245568901991,Klein_relajada,-1,50.0,55.68,75964.0209987699,True
H1L1V1-GSTLAL_AllSky-1245113233-1.xml,1245113233.0,26.662640488355922,24.129993109011743,50.79263359736767,2174.253877403175,0.01,7.58621334671862,0.04620045526931178,0.36240980079911467,0.1335159967723844,Klein_deformada,0,50.0,55.68,151634.43967478262,True
H1L1V1-GSTLAL_AllSky-1245130483-1.xml,1245130483.0,46.44506821549541,22.686332611276395,69.13140082677181,500.0,0.01,6.415650215424739,0.029538205870226354,-0.45900319992113114,0.09825652749563595,Klein_relajada,-1,24.606903984044767,30.286903984044766,34201.40801564576,True
H1L1V1-GSTLAL_AllSky-1245132209-1.xml,1245132209.0,59.57585379768728,51.25889074399319,110.83474454168046,1679.9351214383346,0.01,9.39066503409551,0.04441588326576903,0.13600785266007054,0.34671436892078333,Klein_extrema,1,50.0,55.68,116967.51459006032,True
H1L1V1-GSTLAL_AllSky-1245194108-1.xml,1245194108.0,28.011793441275692,18.39692790801671,46.408721349292406,500.0,0.01,6.2929157335132295,0.03627026069799391,0.1998201415410762,0.07944443116152851,Klein_relajada,-1,24.606903984044767,30.286903984044766,35345.020164098096,True
H1L1V1-GSTLAL_AllSky-1245195141-1.xml,1245195141.0,53.489634500673034,16.46901369682087,69.9586481974939,1231.3165770305905,0.01,6.353900834759037,0.022315667400280067,-0.4470257365504539,0.07439658228700627,Klein_relajada,-1,50.0,55.68,85733.29854229509,True
H1L1V1-GSTLAL_AllSky-1245221073-1.xml,1245221073.0,67.37055883195015,63.207789140772334,130.5783479727225,968.5688799091022,0.01,7.327694479503253,0.04752843392523344,0.6792821713016923,0.34107767285345664,Klein_extrema,1,48.72449145537871,54.40449145537871,67598.65717717595,True
H1L1V1-GSTLAL_AllSky-1245274355-1.xml,1245274355.0,70.52361217065703,11.995647912360896,82.51926008301793,1645.6678891183913,0.01,8.397335748039467,0.016803762622557193,-0.017097467980133063,0.08733023809930637,Klein_relajada,-1,50.0,55.68,115167.7465990101,True
H1L1V1-GSTLAL_AllSky-1245334932-1.xml,1245334932.0,13.522356060887352,11.359988906787061,24.882344967674413,4919.232530989181,0.01,7.03340674433155,0.04360357871257417,0.5145601022597381,0.057232199767369374,Klein_relajada,-1,50.0,55.68,344506.1785655894,True
H1L1V1-GSTLAL_AllSky-1245337537-1.xml,1245337537.0,50.93997367538959,27.277892976531362,78.21786665192096,3897.737654286917,0.01,9.431752886805569,0.03141963649243896,0.318625820408055,0.17384443780525116,Klein_deformada,1,50.0,55.68,273120.96574162634,True
H1L1V1-GSTLAL_AllSky-1245339394-1.xml,1245339394.0,33.6987749888568,28.354000654751058,62.05277564360786,500.0,0.01,8.220005971149268,0.043655823588990283,-0.07956494099883366,0.1670078152135939,Klein_deformada,0,24.835772276115627,30.515772276115626,34204.561332902456,True
H1L1V1-GSTLAL_AllSky-1245349914-1.xml,1245349914.0,45.866234194569486,16.431821157928525,62.29805535249801,1394.635331478582,0.01,7.1102871826740435,0.024330211709313633,0.21930622709868652,0.08082929367671382,Klein_relajada,-1,50.0,55.68,97380.93901891298,True
H1L1V1-GSTLAL_AllSky-1245365349-1.xml,1245365349.0,21.878930221071418,11.711784459512103,33.59071468058352,585.3748492227379,0.01,8.118796103856763,0.03141198740737804,0.1511038974300426,0.06424917519636764,Klein_relajada,-1,28.85362735351542,34.53362735351542,40374.15508637399,True
H1L1V1-GSTLAL_AllSky-1245410848-1.xml,1245410848.0,29.433649114736955,19.45054614137969,48.88419525611664,1435.6054979301468,0.01,6.3220737598706105,0.03643307469700196,0.3170699990747792,0.0844471731379283,Klein_relajada,-1,50.0,55.68,101094.69088674542,True
H1L1V1-GSTLAL_AllSky-1245456234-1.xml,1245456234.0,50.49343745553667,19.257412598298124,69.7508500538348,1144.7919672337093,0.01,6.975666392569351,0.025255378574893617,0.3551067068937064,0.09216167378761077,Klein_relajada,-1,50.0,55.68,80853.6125116641,True
H1L1V1-GSTLAL_AllSky-1245569257-1.xml,1245569257.0,75.05387670848806,23.490788139344644,98.5446648478327,808.6438331041177,0.01,8.345878381749694,0.022519426934112255,0.4120043844450634,0.13890688314156066,Klein_deformada,0,40.30437589500083,45.98437589500083,56177.12032385649,True
H1L1V1-GSTLAL_AllSky-1245573475-1.xml,1245573475.0,19.818041766052982,15.40352533481684,35.22156710086982,652.4057225280344,0.01,6.021835613468232,0.041089903869719516,0.4334070685959105,0.06536329835318991,Klein_relajada,-1,32.18788303575931,37.86788303575931,45303.25378748548,True
H1L1V1-GSTLAL_AllSky-1245642076-1.xml,1245642076.0,26.42093836143416,11.84842792536108,38.26936628679524,1521.3741541707357,0.01,6.971590865561459,0.027937936591466213,0.5078833838204577,0.05590346841236705,Klein_relajada,-1,50.0,55.68,106959.78691903091,True
H1L1V1-GSTLAL_AllSky-1245646385-1.xml,1245646385.0,68.29471621647333,32.2476452174718,100.54236143394513,1980.6665397447339,0.01,8.75967850605516,0.02888734414841502,0.6488664159010002,0.1908121949058195,Klein_deformada,1,50.0,55.68,139070.46611108648,True
H1L1V1-GSTLAL_AllSky-1245688592-1.xml,1245688592.0,12.508570816939468,11.999559698098476,24.508130515037944,2407.7797626692022,0.01,7.018135739521054,0.04837228049058435,-0.17806463985669435,0.06240074490811463,Klein_relajada,-1,50.0,55.68,168678.99479321207,True
H1L1V1-GSTLAL_AllSky-1245691227-1.xml,1245691227.0,32.78695720784767,16.113210369961298,48.90016757780897,3586.88192112315,0.01,7.416126260033519,0.029658073505039434,-0.39737473461386824,0.08066621194519724,Klein_relajada,-1,50.0,55.68,250440.367689883,True
H1L1V1-GSTLAL_AllSky-1245764060-1.xml,1245764060.0,69.90437522902546,50.251126581925675,120.15550181095114,1775.7525600648742,0.01,6.073557915901911,0.03875420968561096,0.5718084156617813,0.21211285369295432,Klein_extrema,0,50.0,55.68,124325.29204574207,True
H1L1V1-GSTLAL_AllSky-1245874666-1.xml,1245874666.0,53.18398608525005,42.216086612493896,95.40007269774395,3101.4107615731277,0.01,6.418520804024185,0.041750975975982395,-0.0681109106154863,0.19173948400670002,Klein_deformada,0,50.0,55.68,216903.35553967737,True
H1L1V1-GSTLAL_AllSky-1245878163-1.xml,1245878163.0,35.751374479956596,22.92767861883901,58.679053098795606,3107.3495772565225,0.01,6.37970130580163,0.035652360450301596,-0.19704334783350208,0.10009975046461073,Klein_deformada,-1,50.0,55.68,217886.32739318835,True
H1L1V1-GSTLAL_AllSky-1245898498-1.xml,1245898498.0,49.35330050913497,19.022698091392453,68.37599860052742,1923.0995899799318,0.01,7.680365564478851,0.02541756915557976,-0.32174812045560763,0.10011078136589999,Klein_deformada,0,50.0,55.68,133919.52548979595,True
H1L1V1-GSTLAL_AllSky-1245955943-1.xml,1245955943.0,70.29380527764404,59.59826030753106,129.8920655851751,500.0,0.01,8.812220579400543,0.0439138051053756,0.15915538370675408,0.3769904217018309,Klein_extrema,1,25.0646405681865,30.7446405681865,34617.71999342434,True
H1L1V1-GSTLAL_AllSky-1246016029-1.xml,1246016029.0,39.00630339167273,36.336120642420724,75.34242403409345,3137.2722917694755,0.01,8.049983435498863,0.04726179359018978,0.06854571396304077,0.2149839500081994,Klein_extrema,1,50.0,55.68,220102.30485423832,True
H1L1V1-GSTLAL_AllSky-1246048404-1.xml,1246048404.0,21.871777916565858,12.07348385379335,33.94526177035921,500.0,0.01,6.970857042114852,0.03208047996802089,0.3098826652518484,0.05693344443672443,Klein_relajada,-1,24.606903984044767,30.286903984044766,35365.521414433315,True
H1L1V1-GSTLAL_AllSky-1246191236-1.xml,1246191236.0,33.292664084076975,19.181266834615244,52.47393091869222,2013.2243617109027,0.01,7.62344877179374,0.033045637665012395,-0.48712590557785246,0.09914492430183929,Klein_relajada,0,50.0,55.68,139901.95398926103,True
H1L1V1-GSTLAL_AllSky-1246212043-1.xml,1246212043.0,65.0620736511033,27.15344568107465,92.21551933217796,500.0,0.01,7.164489442822747,0.02669387042699288,-0.4979199161901182,0.13227021970807532,Klein_deformada,0,24.835772276115627,30.515772276115626,35295.74524516735,True
H1L1V1-GSTLAL_AllSky-1246272532-1.xml,1246272532.0,22.03693485570961,15.008484000699092,37.0454188564087,1755.786636030097,0.01,7.600832869878542,0.037242416604613235,-0.1686501315164755,0.0786492906587238,Klein_relajada,-1,50.0,55.68,123237.24933662964,True
H1L1V1-GSTLAL_AllSky-1246296410-1.xml,1246296410.0,59.21124932634647,13.524422046926066,72.73567137327254,891.3572704006584,0.01,7.626516310661073,0.019136386886475155,0.159579783723523,0.07961499301520021,Klein_relajada,-1,44.07383225570356,49.75383225570356,62677.37111246799,True
H1L1V1-GSTLAL_AllSky-1246385767-1.xml,1246385767.0,19.44719374452882,19.0023369738379,38.44953071836672,4147.953244628765,0.01,7.46264888057306,0.04908499544657218,0.34246456067078535,0.10563165164484263,Klein_deformada,0,50.0,55.68,290804.02175371774,True
H1L1V1-GSTLAL_AllSky-1246393733-1.xml,1246393733.0,63.142651241152905,30.58728376828393,93.72993500943683,593.9433294582572,0.01,6.8715618815908766,0.02937662303818426,0.5644322151119014,0.14190474302843267,Klein_deformada,0,29.544021624282294,35.224021624282294,41626.93612013303,True
H1L1V1-GSTLAL_AllSky-1246457131-1.xml,1246457131.0,25.115987650639667,17.406330504073694,42.52231815471336,583.8930853343477,0.01,9.395042844999596,0.03772151467215804,0.21726849723568276,0.1130228056888334,Klein_deformada,0,29.040323750061866,34.720323750061866,41640.22974486663,True
H1L1V1-GSTLAL_AllSky-1246487219-1.xml,1246487219.0,70.45412186069755,20.691676911062835,91.14579877176038,1364.5068445693598,0.01,9.256692036006779,0.021747603328006605,-0.26353491985616095,0.13761479798387904,Klein_deformada,0,50.0,55.68,95476.29861048539,True
H1L1V1-GSTLAL_AllSky-1246514951-1.xml,1246514951.0,16.803697208587824,11.85905102531455,28.662748233902374,4134.228440733201,0.01,8.350882756793284,0.038229623226616515,-0.11365916257590108,0.06862960457158065,Klein_relajada,-1,50.0,55.68,289767.2468184324,True
H1L1V1-GSTLAL_AllSky-1246523564-1.xml,1246523564.0,77.89912347961848,26.24205897412333,104.1411824537418,500.0,0.01,6.64057992077882,0.023474893067822154,0.08719184728016194,0.12175684848453451,Klein_deformada,0,24.835772276115627,30.515772276115626,34487.57314456128,True
H1L1V1-GSTLAL_AllSky-1246527224-1.xml,1246527224.0,27.8790871184227,14.138765450547815,42.01785256897051,1813.5494351930045,0.01,8.683763890929221,0.030285837036901853,-0.44245272332935126,0.08287865682189698,Klein_relajada,-1,50.0,55.68,127128.58261396861,True
H1L1V1-GSTLAL_AllSky-1246546020-1.xml,1246546020.0,42.33990730494098,24.476566322728626,66.81647362766961,1034.8099254416697,0.01,7.717627128516185,0.03312387332021604,-0.4922965576360356,0.12810607397472723,Klein_deformada,0,50.0,55.68,72906.02057239249,True
H1L1V1-GSTLAL_AllSky-1246600287-1.xml,1246600287.0,47.73647434601566,11.142756031095235,58.8792303771109,680.3352500290459,0.01,6.834517415992799,0.019336890655415793,0.08434939700450961,0.0583603494855005,Klein_relajada,-1,33.57715608533596,39.25715608533596,47092.09348217822,True
H1L1V1-GSTLAL_AllSky-1246602484-1.xml,1246602484.0,56.6947804634485,48.64697935200709,105.34175981545559,604.5486390410938,0.01,8.458494564487275,0.04432201620984853,-0.42061694368108477,0.296192744231724,Klein_extrema,1,30.34370479168127,36.02370479168127,41757.58354690071,True
H1L1V1-GSTLAL_AllSky-1246626158-1.xml,1246626158.0,15.926205218956575,11.87178686092676,27.797992079883336,1603.13542962985,0.01,8.22288043295772,0.039816988284933214,-0.18838504429069253,0.06826012400790206,Klein_relajada,-1,50.0,55.68,111362.06588109255,True
H1L1V1-GSTLAL_AllSky-1246663515-1.xml,1246663515.0,52.857167782117415,12.089293556196559,64.94646133831398,2800.214691543972,0.01,7.704723832012924,0.019148650268988945,-0.4186696038285905,0.07186410153988446,Klein_relajada,-1,50.0,55.68,196485.3128966758,True
H1L1V1-GSTLAL_AllSky-1246677756-1.xml,1246677756.0,20.288278607599263,20.030502927207294,40.31878153480656,2157.5502480647506,0.01,7.584427306307485,0.04949177417093353,0.5223429001511735,0.11350747898517222,Klein_deformada,0,50.0,55.68,152012.43818332066,True
H1L1V1-GSTLAL_AllSky-1246684845-1.xml,1246684845.0,13.642773363102428,11.638802038342797,25.281575401445224,1768.2188099881137,0.01,7.852296100469678,0.04412444589842862,-0.16044248340962308,0.06569636327940037,Klein_relajada,-1,50.0,55.68,124033.0348543865,True
H1L1V1-GSTLAL_AllSky-1246779793-1.xml,1246779793.0,56.26678910616564,18.37068292732858,74.63747203349422,1652.8010241953764,0.01,7.776630056345996,0.02305969878086791,-0.0232452920900027,0.10038371277317243,Klein_deformada,0,50.0,55.68,115536.8891869173,True
H1L1V1-GSTLAL_AllSky-1246835605-1.xml,1246835605.0,42.385366579626805,15.136788129914606,57.52215470954141,500.0,0.01,6.281778505049881,0.02428491892500497,0.5582854933727164,0.06581360590252837,Klein_relajada,-1,24.606903984044767,30.286903984044766,35568.16415250778,True
H1L1V1-GSTLAL_AllSky-1246849694-1.xml,1246849694.0,69.08415197296974,49.90761870732088,118.99177068029061,500.0,0.01,7.475758730075184,0.03889671062436897,-0.26372396961413047,0.2595053663775423,Klein_extrema,1,25.0646405681865,30.7446405681865,35231.73525282708,True
H1L1V1-GSTLAL_AllSky-1246852494-1.xml,1246852494.0,44.350874665454825,36.21131884253187,80.56219350798669,500.0,0.01,6.248812012577396,0.04265894448817903,0.4556680446556698,0.1610646046892115,Klein_deformada,0,24.835772276115627,30.515772276115626,34537.75268582717,True
H1L1V1-GSTLAL_AllSky-1246853186-1.xml,1246853186.0,43.60012631844027,11.258985428617354,54.859111747057625,1302.2618809443547,0.01,7.764776519658649,0.020329314503710942,-0.4208215622177345,0.06494739405587675,Klein_relajada,-1,50.0,55.68,91604.36390654405,True
H1L1V1-GSTLAL_AllSky-1247305773-1.xml,1247305773.0,18.780308813029414,16.923867379359294,35.70417619238871,631.7979504033563,0.01,9.030638796303235,0.04604598315788683,0.5243481773772334,0.11135007210174071,Klein_deformada,0,31.44121853456481,37.12121853456481,44791.61339879406,True
H1L1V1-GSTLAL_AllSky-1247473474-1.xml,1247473474.0,46.64935988911744,16.245237908164903,62.894597797282344,1154.8976689132373,0.01,7.979211594752607,0.02392965558093727,0.7196104157848786,0.09006810748535046,Klein_relajada,-1,50.0,55.68,81131.40078194406,True
H1L1V1-GSTLAL_AllSky-1247529518-1.xml,1247529518.0,23.81965943935721,20.321034304542692,44.1406937438999,598.0443061288711,0.01,9.216931827358572,0.04412481082070596,0.14635541455807166,0.13463861937589675,Klein_deformada,0,29.749554266648808,35.42955426664881,42268.9877489847,True
H1L1V1-GSTLAL_AllSky-1247571986-1.xml,1247571986.0,73.56888316551002,50.77181529683233,124.34069846234235,750.0539919810699,0.01,8.544125356667234,0.037605048826205245,0.6443470110641345,0.29963209750168046,Klein_extrema,1,37.690831546057154,43.370831546057154,52723.377774596745,True
H1L1V1-GSTLAL_AllSky-1247606192-1.xml,1247606192.0,63.54781580196273,31.71834060753387,95.2661564094966,2248.298757653082,0.01,7.55505798793536,0.0299650233181133,0.5273001325188307,0.16175299436321514,Klein_deformada,0,50.0,55.68,157511.63675115808,True
H1L1V1-GSTLAL_AllSky-1247616534-1.xml,1247616534.0,56.1278756062434,26.53454104504347,82.66241665128686,1201.921093226308,0.01,8.1809791861589,0.028910062608599345,0.10445366967469671,0.1466302858252723,Klein_deformada,0,50.0,55.68,84708.81029793684,True
H1L1V1-GSTLAL_AllSky-1247625885-1.xml,1247625885.0,73.11299904835936,55.79935663513454,128.9123556834939,1047.216585621755,0.01,8.821064345793548,0.040527735073883096,-0.4524996986072747,0.345644086862058,Klein_extrema,1,50.0,55.68,73477.61980495282,True
H1L1V1-GSTLAL_AllSky-1247679044-1.xml,1247679044.0,75.88090037722463,45.38646102245484,121.26736139967947,500.0,0.01,8.144849022892085,0.03392510410225834,0.13728410780004174,0.25130979672126785,Klein_extrema,1,25.0646405681865,30.7446405681865,34772.60857341854,True
H1L1V1-GSTLAL_AllSky-1247712250-1.xml,1247712250.0,65.6982517134019,23.157985535957785,88.85623724935968,1070.5035482059568,0.01,9.29861112273974,0.02409960535143662,0.45650449708512975,0.14934036142209267,Klein_deformada,0,50.0,55.68,75699.17899228843,True
H1L1V1-GSTLAL_AllSky-1247758272-1.xml,1247758272.0,23.592145892802666,23.49908628755113,47.0912321803538,1661.3748669437302,0.01,9.168740276056214,0.04984221934592237,0.08914013035296564,0.16140179500244692,Klein_deformada,0,50.0,55.68,116804.92773031056,True
H1L1V1-GSTLAL_AllSky-1247788484-1.xml,1247788484.0,49.88463392273715,33.03837947137447,82.92301339411162,1658.2339839062047,0.01,7.803085675612706,0.03649182874433464,-0.38141521554786906,0.17709175531399687,Klein_deformada,0,50.0,55.68,115976.1545599575,True
H1L1V1-GSTLAL_AllSky-1247793417-1.xml,1247793417.0,39.34255991466988,30.397347011430863,69.73990692610074,1423.3029090670054,0.01,8.714704449239658,0.04090530669825218,0.14035774301212756,0.186455390323015,Klein_deformada,1,50.0,55.68,99009.44325230585,True
H1L1V1-GSTLAL_AllSky-1247825375-1.xml,1247825375.0,32.16713828688216,31.46966517138599,63.63680345826815,500.0,0.01,9.096232308519735,0.04913268863487232,-0.23589325190507943,0.21330532299825394,Klein_extrema,1,25.0646405681865,30.7446405681865,34943.2227751816,True
H1L1V1-GSTLAL_AllSky-1247855210-1.xml,1247855210.0,57.57458346503678,40.94698199666173,98.52156546169851,500.0,0.01,8.15826479433795,0.038447957089626214,-0.4682843728101566,0.23177342220180563,Klein_extrema,1,25.0646405681865,30.7446405681865,35252.464074378164,True
H1L1V1-GSTLAL_AllSky-1247864269-1.xml,1247864269.0,18.921551858530233,14.806818772381892,33.728370630912124,1473.5247891235147,0.01,8.608974867880715,0.041301489186695156,0.33261864230586846,0.0899443268826564,Klein_relajada,0,50.0,55.68,104009.39132478177,True
H1L1V1-GSTLAL_AllSky-1247877553-1.xml,1247877553.0,20.304832660038812,13.971222736455132,34.276055396493945,1619.5766720226434,0.01,7.980965788105454,0.03752295075832145,0.16572293189404275,0.07698471955032322,Klein_relajada,-1,50.0,55.68,114161.71809358869,True
H1L1V1-GSTLAL_AllSky-1248055112-1.xml,1248055112.0,25.767789497771034,13.825345675530187,39.59313517330122,500.0,0.01,7.711837180737157,0.031461438400412434,0.10312208938162848,0.07204727878890108,Klein_relajada,-1,24.606903984044767,30.286903984044766,34683.298796804535,True
H1L1V1-GSTLAL_AllSky-1248093189-1.xml,1248093189.0,37.107100364291355,12.625232779805168,49.73233314409652,1320.399082534721,0.01,7.373660089025313,0.023609506165514993,0.4199314052534272,0.06493369464304756,Klein_relajada,-1,50.0,55.68,91842.60107457357,True
H1L1V1-GSTLAL_AllSky-1248104724-1.xml,1248104724.0,63.28293104697196,57.104965326931826,120.38789637390379,1254.8288759143782,0.01,6.803482095415398,0.0460950192300957,0.44279119108299125,0.2831583258007068,Klein_extrema,1,50.0,55.68,87629.47192176427,True
H1L1V1-GSTLAL_AllSky-1248192749-1.xml,1248192749.0,14.110580507862911,12.259593940570348,26.37017444843326,4806.963575719988,0.01,8.071553944976632,0.04475291164311453,0.5709002652319075,0.07144185389099454,Klein_relajada,-1,50.0,55.68,336253.58524686546,True
H1L1V1-GSTLAL_AllSky-1248199254-1.xml,1248199254.0,49.620347690496736,28.209686458531262,77.830034149028,1392.7251694163451,0.01,8.68429919163415,0.03274041821269541,-0.011859539991731727,0.16596919378706287,Klein_deformada,0,50.0,55.68,96959.55707220336,True
H1L1V1-GSTLAL_AllSky-1248208249-1.xml,1248208249.0,69.65592955311583,47.501808189934174,117.15773774305,1171.4219292676246,0.01,7.9225292484186784,0.03727796958259634,-0.06924887128325574,0.25950656033229635,Klein_extrema,1,50.0,55.68,81322.99038290641,True
H1L1V1-GSTLAL_AllSky-1248242631-1.xml,1248242631.0,20.727518140683877,14.773615940912578,35.501134081596454,3656.037119289297,0.01,6.359225203482617,0.038510149339905764,0.46420359363380037,0.06520530012187252,Klein_relajada,-1,50.0,55.68,255379.56264922564,True
H1L1V1-GSTLAL_AllSky-1248331528-1.xml,1248331528.0,25.794156631877005,18.220245870827156,44.01440250270416,2147.1316741796463,0.01,9.483083108222537,0.03825484256897186,0.15637556898144567,0.11975455733858023,Klein_deformada,0,50.0,55.68,150626.26746401662,True
H1L1V1-GSTLAL_AllSky-1248365183-1.xml,1248365183.0,47.47588485802759,28.09770059963895,75.57358545766654,681.8432242720748,0.01,8.107600053112666,0.03367324015858799,-0.33677184854042785,0.1547421102260646,Klein_deformada,0,33.94938627175273,39.62938627175273,47012.65671268314,True
H1L1V1-GSTLAL_AllSky-1248387022-1.xml,1248387022.0,36.88203719944666,32.934193015885604,69.81623021533227,981.5945525213232,0.01,9.29995682255376,0.045718409845733485,0.08648786179193069,0.222633086492609,Klein_extrema,1,49.38220792978546,55.06220792978546,68638.66463025809,True
H1L1V1-GSTLAL_AllSky-1248388469-1.xml,1248388469.0,71.0363201812028,55.36983429337007,126.40615447457287,1265.5624397213026,0.01,7.937238862545096,0.04117832351232727,0.7228792727320708,0.30986148237791405,Klein_extrema,1,50.0,55.68,89178.92017287841,True
H1L1V1-GSTLAL_AllSky-1248447227-1.xml,1248447227.0,73.72647262893415,29.981703263539877,103.70817589247403,500.0,0.01,6.691795850526156,0.026266452032467635,-0.21611371198465001,0.13671568923601712,Klein_deformada,0,24.835772276115627,30.515772276115626,34616.0273506698,True
H1L1V1-GSTLAL_AllSky-1248515038-1.xml,1248515038.0,48.63429467005988,21.949071956882655,70.58336662694254,1354.4175580739493,0.01,7.392905633900666,0.02805234113564302,0.07619165748143142,0.10978623882869722,Klein_deformada,0,50.0,55.68,95099.06087939654,True
H1L1V1-GSTLAL_AllSky-1248524521-1.xml,1248524521.0,71.17919748474884,38.32199204280596,109.5011895275548,525.2560004860934,0.01,8.030196309763067,0.03153550104355531,0.10360378485098598,0.20797254113380803,Klein_extrema,1,26.339913492038676,32.019913492038675,36099.60776933333,True
H1L1V1-GSTLAL_AllSky-1248617394-1.xml,1248617394.0,38.24069950277835,23.329632080850267,61.570331583628615,4016.51296842601,0.01,6.786246854787702,0.03440293444857647,0.4239054798123302,0.10780971480406679,Klein_deformada,-1,50.0,55.68,281011.9506907956,True
H1L1V1-GSTLAL_AllSky-1248711176-1.xml,1248711176.0,26.80481521671144,15.533161718476975,42.337976935188415,2252.489591002539,0.01,7.7950700245831825,0.03317965871862133,0.7537817396570303,0.08212649736631146,Klein_relajada,-1,50.0,55.68,158696.16814515184,True
H1L1V1-GSTLAL_AllSky-1248741664-1.xml,1248741664.0,28.248846714359008,11.111413026387265,39.36025974074627,1636.0296660783567,0.01,6.219932523620661,0.025733616510070535,-0.413182229864959,0.04725042477308512,Klein_relajada,-1,50.0,55.68,113845.75089735194,True
H1L1V1-GSTLAL_AllSky-1248756237-1.xml,1248756237.0,63.54962490340683,25.528209182119856,89.07783408552669,1398.1888648634795,0.01,7.260834602427924,0.026068204475429603,-0.19605071598259366,0.12645283629028506,Klein_deformada,0,50.0,55.68,98056.836946404,True
H1L1V1-GSTLAL_AllSky-1248798387-1.xml,1248798387.0,32.35106964396774,19.39855243380893,51.74962207777667,5000.0,0.01,6.213742835801761,0.033985052299408014,-0.04647091717551016,0.08196145583765622,Klein_relajada,-1,50.0,55.68,350211.4791120139,True
H1L1V1-GSTLAL_AllSky-1248810728-1.xml,1248810728.0,28.82685928270803,10.451851529132215,39.27871081184024,1673.0909460119203,0.01,8.635835767135399,0.024502934817324094,-0.39845848188869515,0.06233629236201704,Klein_relajada,-1,50.0,55.68,117242.34921553804,True
H1L1V1-GSTLAL_AllSky-1248834439-1.xml,1248834439.0,74.20898312788084,33.969096104406105,108.17807923228695,907.4100219513596,0.01,7.567746151355401,0.028309964466630012,0.6047052999315823,0.17382266717214095,Klein_deformada,0,45.25433718488207,50.93433718488207,63913.720754340124,True
H1L1V1-GSTLAL_AllSky-1248845595-1.xml,1248845595.0,40.805664506246906,36.04282941731536,76.84849392356227,726.2546637293677,0.01,6.882687665847918,0.045331202031323466,-0.32645530108320053,0.17982576690189553,Klein_deformada,0,36.17519764209441,41.85519764209441,49983.855295822796,True
H1L1V1-GSTLAL_AllSky-1248858246-1.xml,1248858246.0,30.717464649176577,23.099178676099374,53.81664332527595,2928.3542047222963,0.01,6.939725319001255,0.040079538060728045,0.535206264796249,0.1122646064009036,Klein_deformada,0,50.0,55.68,204983.07918410594,True
H1L1V1-GSTLAL_AllSky-1248893557-1.xml,1248893557.0,64.1962589423486,37.84320837305532,102.03946731540393,1388.0931644904424,0.01,8.561653352729437,0.03357969700822622,0.07548622271059235,0.22002086071327015,Klein_extrema,1,50.0,55.68,97316.10225546651,True
H1L1V1-GSTLAL_AllSky-1248922975-1.xml,1248922975.0,21.740540366885615,10.701066388818264,32.44160675570388,2347.2939562866763,0.01,8.9758875753573,0.029688685208795883,0.754626820597482,0.06483835504860394,Klein_relajada,-1,50.0,55.68,164273.43365051658,True
H1L1V1-GSTLAL_AllSky-1248938850-1.xml,1248938850.0,23.538944688999877,13.15834283233696,36.69728752133683,500.0,0.01,9.360835757207251,0.03236012362692889,0.14961817828795354,0.08337196266253782,Klein_relajada,0,24.835772276115627,30.515772276115626,35796.19838579394,True
H1L1V1-GSTLAL_AllSky-1249010427-1.xml,1249010427.0,59.00604245116092,12.408524019323616,71.41456647048454,658.6295927563648,0.01,9.063674547256742,0.018411697178026543,0.177063681151292,0.08938120258128918,Klein_relajada,0,32.785966089790925,38.465966089790925,46118.393106927615,True
H1L1V1-GSTLAL_AllSky-1249032684-1.xml,1249032684.0,36.660190580628424,32.950185496777635,69.61037607740606,623.462185903103,0.01,8.088880538224679,0.045952006768004976,0.3410057905464291,0.19405647900288855,Klein_deformada,1,31.298722757428102,36.9787227574281,44369.99615490059,True
H1L1V1-GSTLAL_AllSky-1249059066-1.xml,1249059066.0,52.8443744873938,29.75898557590182,82.60336006329563,2581.3484235943374,0.01,6.7110702516114795,0.03252575481464043,0.13493873021451708,0.1352315873526131,Klein_deformada,0,50.0,55.68,180593.0405298258,True
H1L1V1-GSTLAL_AllSky-1249064938-1.xml,1249064938.0,23.715364456395836,16.447470867215376,40.16283532361121,5000.0,0.01,7.867826728011377,0.037741460009955076,-0.4158120755300121,0.08944562674447182,Klein_relajada,-1,50.0,55.68,349494.8554570269,True
H1L1V1-GSTLAL_AllSky-1249208954-1.xml,1249208954.0,22.402846349962363,12.284999249391936,34.6878455993543,500.0,0.01,6.318508742245822,0.03193471143350956,0.2239539857562023,0.05249478697577743,Klein_relajada,-1,24.606903984044767,30.286903984044766,34407.30911822307,True
H1L1V1-GSTLAL_AllSky-1249288507-1.xml,1249288507.0,37.756399847788174,16.304189024286178,54.06058887207435,500.0,0.01,6.489690966874853,0.027273033541349467,0.46021531027818185,0.07176282036306039,Klein_relajada,-1,24.606903984044767,30.286903984044766,34513.170632398695,True
H1L1V1-GSTLAL_AllSky-1249368804-1.xml,1249368804.0,40.98713299090476,21.34211155460406,62.32924454550882,727.930433887236,0.01,8.78165832342797,0.030828108723135114,-0.29563989446125366,0.12655419452759625,Klein_deformada,0,36.2591838473839,41.9391838473839,50021.23597539325,True
H1L1V1-GSTLAL_AllSky-1249416034-1.xml,1249416034.0,35.99043606400393,16.457553561010027,52.44798962501396,2165.670165752703,0.01,7.722995936398759,0.02829102990777059,0.7020827339630569,0.0859458029844967,Klein_relajada,-1,50.0,55.68,151282.79452877946,True
H1L1V1-GSTLAL_AllSky-1249445272-1.xml,1249445272.0,27.49190964956011,13.977222363026218,41.46913201258633,1409.8619568624708,0.01,7.758678993903298,0.030336488139520515,-0.11071871148163048,0.07320475582247733,Klein_relajada,-1,50.0,55.68,97872.56219691632,True
H1L1V1-GSTLAL_AllSky-1249479778-1.xml,1249479778.0,63.2313559615066,60.91761561824752,124.14897157975412,500.0,0.01,9.308288517782037,0.048536333559148964,0.5080024690656149,0.4206696618629182,Klein_extrema,1,25.0646405681865,30.7446405681865,35586.56303942465,True
H1L1V1-GSTLAL_AllSky-1249495257-1.xml,1249495257.0,35.26119037144287,28.473787595374905,63.73497796681778,4927.106501081139,0.01,7.038625115820629,0.042300426951479314,0.7458363983074179,0.14232188563911308,Klein_deformada,0,50.0,55.68,345951.7395104074,True
H1L1V1-GSTLAL_AllSky-1249522885-1.xml,1249522885.0,60.56982389645688,33.41182411387445,93.98164801033133,1272.9801348237247,0.01,7.469205431792997,0.03206499670264283,-0.18151422414954177,0.168814568748986,Klein_deformada,0,50.0,55.68,88980.02710677762,True
H1L1V1-GSTLAL_AllSky-1249545668-1.xml,1249545668.0,31.842929374299292,20.715908264048572,52.55883763834787,1324.6004704641166,0.01,6.0804489827877894,0.03602261622420777,0.17740311818603371,0.08634116725347654,Klein_relajada,-1,50.0,55.68,92374.08331998593,True
H1L1V1-GSTLAL_AllSky-1249597807-1.xml,1249597807.0,14.670019337949743,13.20490546467989,27.874924802629632,911.4913857758971,0.01,7.615672105181548,0.04600514807917189,-0.04020004763532892,0.07324696560203389,Klein_relajada,-1,45.0753452196043,50.7553452196043,63140.384420381044,True
H1L1V1-GSTLAL_AllSky-1249631843-1.xml,1249631843.0,73.72120988582532,21.049401229112846,94.77061111493816,1220.316241738862,0.01,6.993321887083722,0.021421082894169975,0.40765045248176546,0.10647799989014065,Klein_deformada,-1,50.0,55.68,85873.8632282464,True
H1L1V1-GSTLAL_AllSky-1249639075-1.xml,1249639075.0,32.053376440753546,21.57591987453695,53.629296315290496,2122.714573182324,0.01,7.671801089586853,0.03692498859134819,-0.1928750918944227,0.11394127262668899,Klein_deformada,0,50.0,55.68,148923.6771778544,True
H1L1V1-GSTLAL_AllSky-1249701924-1.xml,1249701924.0,56.50076907469778,20.45200018404458,76.95276925874236,1010.3648376529096,0.01,7.283230032030197,0.02447909507709934,0.6234914896764563,0.10289751878257464,Klein_deformada,-1,49.99351728701117,55.67351728701117,71245.22075399438,True
H1L1V1-GSTLAL_AllSky-1249702996-1.xml,1249702996.0,14.857748193153302,14.455365902156823,29.313114095310127,1209.114242047854,0.01,7.70475264980838,0.0489167072001344,0.7438918543202775,0.08285889508652072,Klein_relajada,-1,50.0,55.68,84363.40688260524,True
H1L1V1-GSTLAL_AllSky-1249783724-1.xml,1249783724.0,38.12628723363791,18.77763602951489,56.903923263152805,2137.986910072116,0.01,6.510524393636453,0.02970046116942416,-0.29387277982954785,0.08252444964193811,Klein_relajada,-1,50.0,55.68,149078.78759749682,True
H1L1V1-GSTLAL_AllSky-1249792679-1.xml,1249792679.0,64.24544634578304,38.6775057998897,102.92295214567274,780.4581614951203,0.01,8.860068814175623,0.03408108776564111,-0.0827729501772333,0.23309021403554836,Klein_extrema,1,39.22605539018206,44.90605539018206,54853.47331542722,True
H1L1V1-GSTLAL_AllSky-1249852257-1.xml,1249852257.0,63.400846035583825,35.712959476787205,99.11380551237103,801.155366687956,0.01,7.234085164165266,0.03253153496200555,-0.41762739698700113,0.17493777053419712,Klein_deformada,0,39.92906912946483,45.60906912946483,55107.6907666548,True
H1L1V1-GSTLAL_AllSky-1249990224-1.xml,1249990224.0,22.892604110916988,21.395377037430016,44.287981148347,500.0,0.01,8.899832766202492,0.04738391129950485,0.1282970080084872,0.14007476407372077,Klein_deformada,0,24.835772276115627,30.515772276115626,35099.94378494135,True
H1L1V1-GSTLAL_AllSky-1250035141-1.xml,1250035141.0,55.88316494291546,10.352138687989925,66.23530363090538,1508.819347326101,0.01,8.212855043129572,0.01740984423381504,-0.40806474076866367,0.07102967671059093,Klein_relajada,-1,50.0,55.68,105327.64062623875,True
H1L1V1-GSTLAL_AllSky-1250088168-1.xml,1250088168.0,59.55630293488145,12.73841364296948,72.29471657785093,2552.281386559146,0.01,7.552521022871076,0.018555543588323536,0.18670143846597265,0.07598597620606788,Klein_relajada,-1,50.0,55.68,178518.6475432538,True
H1L1V1-GSTLAL_AllSky-1250115195-1.xml,1250115195.0,58.174731563987045,45.45742246582126,103.6321540298083,933.694025054868,0.01,7.918846256702683,0.041255784938739,-0.15089739126219542,0.2539233004684241,Klein_extrema,1,46.96352545668985,52.64352545668985,64656.09754729349,True
H1L1V1-GSTLAL_AllSky-1250164956-1.xml,1250164956.0,58.64053303300392,25.14349975157971,83.78403278458363,2572.7928987578734,0.01,9.062059408308487,0.027150935335071735,0.06564895175292562,0.15460880527651322,Klein_deformada,0,50.0,55.68,180321.99604484704,True
H1L1V1-GSTLAL_AllSky-1250205962-1.xml,1250205962.0,68.59951564275386,28.247290605586333,96.84680624834019,596.2337633171659,0.01,7.731429979647368,0.026470839679212856,0.33945337818936405,0.14865314832158605,Klein_deformada,0,29.658813528991367,35.338813528991366,41968.07555340628,True
H1L1V1-GSTLAL_AllSky-1250206646-1.xml,1250206646.0,52.2997314692494,10.328342306899074,62.628073776148476,1560.312973664348,0.01,7.411308642245008,0.01789934633830525,0.5124927557784413,0.06231066540156049,Klein_relajada,-1,50.0,55.68,109554.20528067337,True
H1L1V1-GSTLAL_AllSky-1250207104-1.xml,1250207104.0,29.261321466532696,16.496758828975608,45.75808029550831,2728.364903230763,0.01,6.3073377591888775,0.03255094165565091,0.6830640978155935,0.0704593616576613,Klein_relajada,-1,50.0,55.68,190812.42309639533,True
H1L1V1-GSTLAL_AllSky-1250208518-1.xml,1250208518.0,20.725395247337747,18.30499425275577,39.03038950009352,3652.6488982309274,0.01,8.619847982375877,0.0453286275784914,0.6820172862327667,0.11437637433159344,Klein_deformada,0,50.0,55.68,255560.19889338966,True
H1L1V1-GSTLAL_AllSky-1250229883-1.xml,1250229883.0,15.217117381092674,13.722968473752662,28.940085854845336,696.2555277838749,0.01,9.332421401085826,0.04607245217363836,0.25082770538013766,0.09332473112837833,Klein_relajada,0,34.671701725189635,40.351701725189635,48492.868149046444,True
H1L1V1-GSTLAL_AllSky-1250272597-1.xml,1250272597.0,20.427449486069982,12.709203867692452,33.13665335376243,500.0,0.01,7.120707732901663,0.03488652120052324,-0.44893570080678186,0.06173774085414312,Klein_relajada,-1,24.606903984044767,30.286903984044766,34209.65198371175,True
H1L1V1-GSTLAL_AllSky-1250277603-1.xml,1250277603.0,63.64577909418741,22.144755701072366,85.79053479525977,1684.0049854395172,0.01,9.409136793095824,0.023917501531908993,-0.3376204020534823,0.1447992230083911,Klein_deformada,0,50.0,55.68,117143.66309036128,True
H1L1V1-GSTLAL_AllSky-1250279095-1.xml,1250279095.0,68.12969919171911,54.88832248494898,123.0180216766681,1145.7296607093062,0.01,7.349553243729149,0.04222578296169576,-0.27402929074798166,0.28633118696471266,Klein_extrema,1,50.0,55.68,79312.24017098836,True
H1L1V1-GSTLAL_AllSky-1250330787-1.xml,1250330787.0,76.85953746561746,58.93840501011843,135.7979424757359,552.09415277892,0.01,6.001980345656235,0.040673307154097345,0.331661503751544,0.24863285022197318,Klein_extrema,0,27.44662567336114,33.12662567336114,38218.220799810304,True
H1L1V1-GSTLAL_AllSky-1250332698-1.xml,1250332698.0,43.64511679240558,38.37057143528519,82.01568822769077,1338.9749507997583,0.01,9.451410922268163,0.04516596976270374,0.5105878043165564,0.262582743738544,Klein_extrema,1,50.0,55.68,93761.20029913694,True
H1L1V1-GSTLAL_AllSky-1250367605-1.xml,1250367605.0,46.61922397956193,25.738900359000624,72.35812433856256,2934.470823572519,0.01,8.308609906421497,0.032084366200762736,0.2969758400176643,0.14466730719222853,Klein_deformada,0,50.0,55.68,205230.02307523967,True
H1L1V1-GSTLAL_AllSky-1250400368-1.xml,1250400368.0,13.602867451791338,13.140590585204741,26.74345803699608,2167.5724932401304,0.01,9.039160395918277,0.04864064876549034,0.7419525093214083,0.08818734701451224,Klein_relajada,0,50.0,55.68,152295.52046057527,True
H1L1V1-GSTLAL_AllSky-1250433136-1.xml,1250433136.0,21.982929035489672,10.657274525247418,32.64020356073709,1186.494043569243,0.01,9.298242461090094,0.029391909982590773,-0.16255691280139545,0.06690256944311482,Klein_relajada,-1,50.0,55.68,82925.24937029868,True
H1L1V1-GSTLAL_AllSky-1250474892-1.xml,1250474892.0,67.30397972081522,17.473148903966145,84.77712862478137,2229.684462316165,0.01,6.105438042436582,0.02038461557634292,0.40175794091185457,0.0791333079474141,Klein_relajada,-1,50.0,55.68,156002.54020832822,True
H1L1V1-GSTLAL_AllSky-1250480331-1.xml,1250480331.0,15.034608341560144,11.492084429546068,26.526692771106212,500.0,0.01,9.306145696765718,0.040575015107719214,0.17283565881271068,0.07512299752301387,Klein_relajada,-1,24.606903984044767,30.286903984044766,35499.19096461779,True
H1L1V1-GSTLAL_AllSky-1250482056-1.xml,1250482056.0,56.18989276400794,22.50024705221901,78.69013981622695,1789.3981717243764,0.01,7.806493602650913,0.02601729132797448,-0.4289220036963053,0.11986700895025754,Klein_deformada,0,50.0,55.68,124337.50309880672,True
H1L1V1-GSTLAL_AllSky-1250496091-1.xml,1250496091.0,34.91967407927592,34.13749245124957,69.05716653052549,1941.1868390176128,0.01,7.267732026654343,0.04910402184596499,-0.30034078069434456,0.18483575610442593,Klein_deformada,0,50.0,55.68,135705.7866366244,True
H1L1V1-GSTLAL_AllSky-1250500389-1.xml,1250500389.0,44.94539877997876,12.186017950400535,57.13141673037929,1415.2706896745378,0.01,9.174629573032552,0.020845175062350438,0.7211836956095306,0.08194648740013881,Klein_relajada,0,50.0,55.68,98783.71635700081,True
H1L1V1-GSTLAL_AllSky-1250603346-1.xml,1250603346.0,25.04909513817415,18.878863673521852,43.927958811696,500.0,0.01,6.943940936920183,0.04014697907350908,-0.2453070825686794,0.09184619661530605,Klein_relajada,-1,24.606903984044767,30.286903984044766,34471.75588311216,True
H1L1V1-GSTLAL_AllSky-1250605428-1.xml,1250605428.0,47.70707520997841,45.15449445929058,92.86156966926899,2920.358917583661,0.01,7.58964872864347,0.04785978852029568,-0.06320594303144922,0.2529820660153716,Klein_extrema,1,50.0,55.68,204319.8658258567,True
H1L1V1-GSTLAL_AllSky-1250606086-1.xml,1250606086.0,38.24844117622645,37.357916290085086,75.60635746631154,3158.003885530489,0.01,8.546994768365298,0.04906869419118197,0.1071072162813903,0.2378140546590208,Klein_extrema,1,50.0,55.68,221694.04267154,True
H1L1V1-GSTLAL_AllSky-1250609143-1.xml,1250609143.0,70.71317756849972,13.561749107728033,84.27492667622775,780.6613235641673,0.01,6.842436762082747,0.01767141264135149,-0.26979005791819355,0.07642610157426562,Klein_relajada,-1,38.5675845889023,44.2475845889023,54741.720005752395,True
H1L1V1-GSTLAL_AllSky-1250610068-1.xml,1250610068.0,57.9534737617269,32.76916147362455,90.72263523535145,1631.907899287752,0.01,7.556953360262254,0.03261756498556306,0.7683252390340853,0.16771627122755797,Klein_deformada,0,50.0,55.68,115328.50211582649,True
H1L1V1-GSTLAL_AllSky-1250610917-1.xml,1250610917.0,53.570422350437596,52.370720467016916,105.9411428174545,2045.443236713222,0.01,9.251648700646918,0.049104205768195984,-0.1404539339166278,0.3609638760189032,Klein_extrema,1,50.0,55.68,143834.85229916728,True
H1L1V1-GSTLAL_AllSky-1250620378-1.xml,1250620378.0,45.35259124545211,19.437294897635965,64.78988614308807,586.605511726077,0.01,7.415704247960865,0.027143271741576713,0.2532355016195239,0.09780995875138676,Klein_relajada,-1,28.914843077589225,34.594843077589225,41795.11579978502,True
H1L1V1-GSTLAL_AllSky-1250649160-1.xml,1250649160.0,19.173344158969428,13.718167862129297,32.89151202109873,2232.649151212864,0.01,6.155291513968141,0.038619249200117944,0.01933779430523186,0.058640485069261575,Klein_relajada,-1,50.0,55.68,156551.36968134093,True
H1L1V1-GSTLAL_AllSky-1250652369-1.xml,1250652369.0,26.426084732538456,23.93676542414061,50.362850156679066,882.1153953858732,0.01,7.75594479994437,0.04623202705418901,-0.2919521054443285,0.1354407058380001,Klein_deformada,0,43.986621747012805,49.666621747012805,62228.20416725961,True
H1L1V1-GSTLAL_AllSky-1250664542-1.xml,1250664542.0,77.44455030112354,68.45346922997174,145.8980195310953,741.0694681050446,0.01,6.354975847959333,0.04535611942418556,0.5180936400054079,0.31539910351376865,Klein_extrema,1,37.23716826555846,42.91716826555846,51441.04912214188,True
H1L1V1-GSTLAL_AllSky-1250684089-1.xml,1250684089.0,45.0570846304851,37.36051936777582,82.41760399826092,898.4325104410515,0.01,6.808892101542109,0.04316727628888633,0.6253052889897484,0.1816821862482359,Klein_deformada,0,44.80440249595507,50.48440249595507,63623.07817253356,True
H1L1V1-GSTLAL_AllSky-1250724941-1.xml,1250724941.0,14.989449461118888,11.286093883431064,26.275543344549952,1163.9861705732278,0.01,8.82990228512254,0.04011743403306719,0.21123066416325742,0.06980748851430985,Klein_relajada,-1,50.0,55.68,81374.52373743318,True
H1L1V1-GSTLAL_AllSky-1250725634-1.xml,1250725634.0,54.50061389671963,31.16734907094247,85.6679629676621,1484.4865605823495,0.01,7.53739572932075,0.03287486091808476,-0.3843766547884072,0.15920802140005363,Klein_deformada,0,50.0,55.68,103023.86159164262,True
H1L1V1-GSTLAL_AllSky-1250728185-1.xml,1250728185.0,77.92899747119694,65.24098650115835,143.16998397235528,500.0,0.01,6.275222352645033,0.04348739936005046,0.13420680664507623,0.2930257562098914,Klein_extrema,1,25.0646405681865,30.7446405681865,35456.86141547488,True
H1L1V1-GSTLAL_AllSky-1250809756-1.xml,1250809756.0,65.38403002981215,39.122263050052894,104.50629307986505,982.173858890959,0.01,8.37820833012023,0.03393383401556308,-0.33975957222587494,0.22283725142465527,Klein_extrema,1,49.41145934384915,55.09145934384915,68808.09908013171,True
H1L1V1-GSTLAL_AllSky-1250869903-1.xml,1250869903.0,22.91155857926345,15.312520520707015,38.22407909997047,1413.074317176563,0.01,6.4169719338190765,0.03673326734666739,0.18686532568853143,0.06757530179557536,Klein_relajada,-1,50.0,55.68,99622.83070286558,True
H1L1V1-GSTLAL_AllSky-1250896579-1.xml,1250896579.0,34.11296390474925,27.361323584352444,61.4742874891017,2504.72154045798,0.01,7.593940879896196,0.04208319706344035,-0.24091597943521031,0.14734340597199286,Klein_deformada,0,50.0,55.68,175651.604625654,True
H1L1V1-GSTLAL_AllSky-1250899130-1.xml,1250899130.0,36.35695422095594,35.883860786712575,72.24081500766852,1483.9757815074072,0.01,7.6186177378320545,0.049479501576102126,0.7339449548636385,0.20424216247586116,Klein_extrema,1,50.0,55.68,105031.02613759598,True
H1L1V1-GSTLAL_AllSky-1250901185-1.xml,1250901185.0,48.48349615661597,13.24224577957322,61.725741936189195,508.6765760031613,0.01,8.641884349048294,0.020925157490125603,-0.385538056276598,0.08371528643857833,Klein_relajada,-1,25.038495001950768,30.718495001950767,34909.23721794808,True
H1L1V1-GSTLAL_AllSky-1250942448-1.xml,1250942448.0,52.42009082455161,15.228442747822758,67.64853357237436,500.0,0.01,8.625902571443273,0.02162031008209572,0.7305774401308316,0.09462069138550494,Klein_relajada,0,24.835772276115627,30.515772276115626,34963.5404826597,True
H1L1V1-GSTLAL_AllSky-1250946868-1.xml,1250946868.0,37.42687707336918,13.597685916037477,51.024562989406654,1019.7324224529888,0.01,8.688588234847597,0.024532535952044805,-0.08405567566101163,0.08157032957142393,Klein_relajada,-1,50.0,55.68,71161.71129596757,True
H1L1V1-GSTLAL_AllSky-1251009263-1.xml,1251009263.0,36.656786183325174,15.930082432173137,52.58686861549831,1446.3239086720685,0.01,7.4505007222797515,0.027382955889809657,0.1242660972223929,0.08046450835837166,Klein_relajada,-1,50.0,55.68,101943.89275095372,True
H1L1V1-GSTLAL_AllSky-1251010527-1.xml,1251010527.0,33.6014890648945,18.995804123570544,52.597293188465045,749.1191772103344,0.01,9.069288713498988,0.03261305037629014,0.6145702782387807,0.11667808884497693,Klein_deformada,0,37.321120735449774,43.001120735449774,52367.22472403957,True
H1L1V1-GSTLAL_AllSky-1251088785-1.xml,1251088785.0,47.37099636717367,38.9097037559385,86.28070012311217,500.0,0.01,7.449117269692887,0.042855296903065755,-0.3777016920193052,0.2065780832583949,Klein_extrema,1,25.0646405681865,30.7446405681865,35081.58089562263,True
H1L1V1-GSTLAL_AllSky-1251176709-1.xml,1251176709.0,66.36815841858201,23.011075459769714,89.37923387835173,576.7581697186291,0.01,6.579774515882523,0.0238687442942982,-0.0031680791588694635,0.105278205573981,Klein_deformada,-1,28.425015712610858,34.10501571261086,40787.17046113549,True
H1L1V1-GSTLAL_AllSky-1251200191-1.xml,1251200191.0,67.07282559625352,13.41296299480204,80.48578859105557,583.5921198879532,0.01,9.340576382187603,0.017999044546321452,0.22217065889517573,0.10148540635362573,Klein_deformada,0,29.025239971628856,34.705239971628856,40520.9470003322,True
H1L1V1-GSTLAL_AllSky-1251211824-1.xml,1251211824.0,67.3832758969291,14.133293508527395,81.5165694054565,612.525719473059,0.01,8.526947309136288,0.0183897930579368,-0.48108730735516575,0.09586886353237016,Klein_relajada,0,30.47533336487208,36.15533336487208,42802.907542142784,True
H1L1V1-GSTLAL_AllSky-1251216775-1.xml,1251216775.0,27.560921480242254,24.970615636171463,52.531537116413716,1915.711446531069,0.01,7.082303580121879,0.04624061068360473,0.46156778370955864,0.12902666495739107,Klein_deformada,0,50.0,55.68,134870.22129842508,True
H1L1V1-GSTLAL_AllSky-1251225232-1.xml,1251225232.0,65.34708616968985,31.947609856988425,97.29469602667827,500.0,0.01,7.711909445289771,0.02955564462294681,-0.04388679454666683,0.16632318245678795,Klein_deformada,0,24.835772276115627,30.515772276115626,34846.50601664914,True
H1L1V1-GSTLAL_AllSky-1251234216-1.xml,1251234216.0,14.655837157264815,13.56367507178152,28.219512229046334,1717.1374246098055,0.01,7.885908695878889,0.04701917516204957,0.48761925943384943,0.07847611895079742,Klein_relajada,-1,50.0,55.68,120527.46267960737,True
H1L1V1-GSTLAL_AllSky-1251252685-1.xml,1251252685.0,68.57751392050871,31.305276213273082,99.88279013378178,1328.0541284353496,0.01,6.838410325801121,0.028259790665237844,0.6445427663032499,0.1447691503706734,Klein_deformada,0,50.0,55.68,93550.98441532545,True
H1L1V1-GSTLAL_AllSky-1251255499-1.xml,1251255499.0,34.69219760783405,23.562772139618396,58.25496974745245,856.5662924807418,0.01,6.724726837474714,0.03716780574811155,-0.4211483294790602,0.10920331317851938,Klein_deformada,-1,42.34325632702715,48.02325632702715,59047.402827328675,True
H1L1V1-GSTLAL_AllSky-1251266690-1.xml,1251266690.0,42.048315894494465,26.43459955185667,68.48291544635114,2396.7822674260947,0.01,9.058850597877658,0.03514688066764438,0.4648063767313495,0.1635322409864107,Klein_deformada,0,50.0,55.68,168447.98447401964,True
H1L1V1-GSTLAL_AllSky-1251268203-1.xml,1251268203.0,35.74648402965906,25.565198221195317,61.311682250854375,1113.3977164535809,0.01,6.538355638984313,0.038607231077589316,0.27607023629445826,0.11607580121547087,Klein_deformada,0,50.0,55.68,78348.81569494077,True
H1L1V1-GSTLAL_AllSky-1251307115-1.xml,1251307115.0,15.63588288655791,13.857299755831608,29.49318264238952,718.1840238454779,0.01,8.709364572652326,0.0454499962844942,0.588749783523602,0.08755949057584073,Klein_relajada,0,35.77071352180892,41.45071352180892,50725.3207264989,True
H1L1V1-GSTLAL_AllSky-1251316981-1.xml,1251316981.0,19.58516995067187,17.25027793990535,36.835447890577214,5000.0,0.01,6.693678586255167,0.04523130610222472,0.699029317636946,0.08364330826547618,Klein_relajada,-1,50.0,55.68,350631.3630546998,True
H1L1V1-GSTLAL_AllSky-1251415879-1.xml,1251415879.0,71.9693129667672,17.404148586280105,89.3734615530473,1156.8692885121436,0.01,8.304810000961059,0.019673094194641933,0.3993410957021417,0.10951464881784373,Klein_deformada,0,50.0,55.68,80640.61772375887,True
H1L1V1-GSTLAL_AllSky-1251428988-1.xml,1251428988.0,48.395571970603065,37.331564658080374,85.72713662868344,2366.032141563876,0.01,7.011174336544229,0.040855355676553795,-0.03579832057870819,0.1841701930833003,Klein_deformada,0,50.0,55.68,165910.9740004286,True
H1L1V1-GSTLAL_AllSky-1251461584-1.xml,1251461584.0,14.696877408029728,10.37326776785236,25.07014517588209,3475.242030416844,0.01,7.026936757962638,0.03823257615848347,-0.36282181477990494,0.050514693182035164,Klein_relajada,-1,50.0,55.68,243761.66311596186,True
H1L1V1-GSTLAL_AllSky-1251461683-1.xml,1251461683.0,40.642456838185865,29.769169618214473,70.41162645640034,568.8027024801393,0.01,8.266979634827,0.03929859258925968,0.573311618352152,0.171565319997163,Klein_deformada,0,28.284024333736816,33.964024333736816,39365.34627008897,True
H1L1V1-GSTLAL_AllSky-1251474164-1.xml,1251474164.0,51.23317496571774,10.358463375476536,61.59163834119427,3192.9327856959653,0.01,8.799537700353365,0.018087309351729863,-0.09385522094410353,0.07352192045914567,Klein_relajada,-1,50.0,55.68,223076.5019929064,True
H1L1V1-GSTLAL_AllSky-1251502439-1.xml,1251502439.0,31.774335469400718,22.065222719365806,53.839558188766524,1182.6236133280152,0.01,6.105363565821307,0.03777741519172293,0.06653647111757699,0.09313362791424837,Klein_relajada,-1,50.0,55.68,82307.49393950247,True
H1L1V1-GSTLAL_AllSky-1251588283-1.xml,1251588283.0,58.971874192766016,24.872689632166946,83.84456382493296,590.7322457985559,0.01,6.468831201276731,0.026870882923519523,0.13675227365878706,0.10930598158582853,Klein_deformada,-1,29.12011545212033,34.80011545212033,41192.85866396624,True
H1L1V1-GSTLAL_AllSky-1251692745-1.xml,1251692745.0,34.86600574604265,13.929490952825086,48.79549669886774,4765.915296712098,0.01,7.991174759682748,0.02598059847094026,0.14262779007126214,0.07598026184026507,Klein_relajada,-1,50.0,55.68,333867.52878097125,True
H1L1V1-GSTLAL_AllSky-1251710792-1.xml,1251710792.0,36.95070282137553,26.29027922499941,63.24098204637494,1864.403451595148,0.01,8.005693712070439,0.03845984213300626,0.1651066361932657,0.1460381546297686,Klein_deformada,0,50.0,55.68,129829.63161472247,True
H1L1V1-GSTLAL_AllSky-1251750952-1.xml,1251750952.0,47.41316752732025,28.20751834639587,75.62068587371611,500.0,0.01,7.431360669568447,0.03379720218451318,0.22993339664546364,0.14244623172049398,Klein_deformada,0,24.835772276115627,30.515772276115626,35457.48068324991,True
H1L1V1-GSTLAL_AllSky-1251755572-1.xml,1251755572.0,19.615890114838912,16.729840699606243,36.345730814445155,1285.5375149705262,0.01,8.596314212601918,0.04411487442407837,0.5927915531747594,0.10337416103543694,Klein_deformada,0,50.0,55.68,91025.00323697244,True
H1L1V1-GSTLAL_AllSky-1251783833-1.xml,1251783833.0,43.13373231941798,42.24475617380388,85.37848849322185,2820.900411091839,0.01,8.750000714754837,0.04917560934534394,-0.37687480385097266,0.275529157286356,Klein_extrema,1,50.0,55.68,197396.9614817381,True
H1L1V1-GSTLAL_AllSky-1251787804-1.xml,1251787804.0,22.056545224445642,14.025760861490383,36.082306085936025,500.0,0.01,7.710992963131128,0.035436006806624266,-0.2253305620650648,0.07394530982336389,Klein_relajada,-1,24.606903984044767,30.286903984044766,34137.04727829879,True
H1L1V1-GSTLAL_AllSky-1251835519-1.xml,1251835519.0,54.13717715085547,18.293307439964778,72.43048459082024,943.7781312709863,0.01,6.770827329359157,0.02351626250403838,-0.027021699631571527,0.08649533641083856,Klein_relajada,-1,46.68135539551018,52.36135539551018,65835.47218220422,True
H1L1V1-GSTLAL_AllSky-1251848820-1.xml,1251848820.0,26.200306742078453,10.732738451566945,36.9330451936454,3058.995812504387,0.01,8.875242408291196,0.026385668392698403,0.17524295711146842,0.0648671331835072,Klein_relajada,-1,50.0,55.68,214511.0832920702,True
H1L1V1-GSTLAL_AllSky-1251849513-1.xml,1251849513.0,52.99193136855984,15.83316630495094,68.82509767351078,500.0,0.01,8.114574859038429,0.021951378933393453,0.040516851500529416,0.09194660066059167,Klein_relajada,-1,24.606903984044767,30.286903984044766,35532.53163339053,True
H1L1V1-GSTLAL_AllSky-1251851317-1.xml,1251851317.0,17.290733656386717,17.05728333167465,34.34801698806137,611.9415369054057,0.01,6.3824988536792935,0.04945994119312379,0.46926400574312,0.08132185442945859,Klein_relajada,-1,30.175109903218896,35.855109903218896,42332.440327188386,True
H1L1V1-GSTLAL_AllSky-1251855654-1.xml,1251855654.0,62.83645896058639,57.817051769010085,120.65351072959648,998.105589634488,0.01,9.127747708700939,0.046804780361843955,-0.4999474652702922,0.38659396135171364,Klein_extrema,1,50.0,55.68,69669.73959562065,True
H1L1V1-GSTLAL_AllSky-1251858279-1.xml,1251858279.0,41.481682186359436,36.0682993898735,77.54998157623294,1336.956274917372,0.01,8.141402140126992,0.044779977560055625,-0.17718080483209547,0.2120440257899805,Klein_extrema,1,50.0,55.68,93296.90570962019,True
H1L1V1-GSTLAL_AllSky-1251895583-1.xml,1251895583.0,74.27947181558343,52.928201997919366,127.2076738135028,850.5318583540723,0.01,7.731821260606145,0.03850219620803244,-0.3032469035661123,0.28401539590949504,Klein_extrema,1,42.76434674900798,48.44434674900798,60100.43258157925,True
H1L1V1-GSTLAL_AllSky-1251898102-1.xml,1251898102.0,14.23453448868953,11.029447528262452,25.26398201695198,1543.1766928990205,0.01,6.258080498666273,0.040993489915743225,0.020594136707148936,0.048609270673194836,Klein_relajada,-1,50.0,55.68,108770.37578443122,True
H1L1V1-GSTLAL_AllSky-1251903802-1.xml,1251903802.0,54.68307515260691,24.822831507904993,79.5059066605119,1139.3613381348803,0.01,8.154847162704115,0.02815759734698945,0.1325010679096198,0.1369216355099669,Klein_deformada,0,50.0,55.68,79524.95894637503,True
H1L1V1-GSTLAL_AllSky-1251926900-1.xml,1251926900.0,19.173010244330264,12.462768546482069,31.63577879081233,500.0,0.01,7.915967184170433,0.03600065068064623,0.3785251928308986,0.06761672453736733,Klein_relajada,-1,24.606903984044767,30.286903984044766,35441.282543946705,True
H1L1V1-GSTLAL_AllSky-1251937748-1.xml,1251937748.0,57.95516309539707,50.597069113661014,108.55223220905808,1212.9942379562044,0.01,8.64580160362032,0.04492152651205604,-0.3771178106187128,0.31619849120690247,Klein_extrema,1,50.0,55.68,84527.12412059134,True
H1L1V1-GSTLAL_AllSky-1251941333-1.xml,1251941333.0,71.54179565910822,17.179856219175566,88.72165187828378,1015.8985063887218,0.01,7.299402645394789,0.019605493438289646,-0.15028792775854527,0.09522609613262317,Klein_relajada,-1,50.0,55.68,71529.29217623512,True
H1L1V1-GSTLAL_AllSky-1252028477-1.xml,1252028477.0,30.826991243402087,26.264243580884266,57.09123482428635,1786.8204861975014,0.01,6.728351861723693,0.04407954201369634,-0.24219358633569493,0.126992030821838,Klein_deformada,0,50.0,55.68,124277.43207979387,True
H1L1V1-GSTLAL_AllSky-1252029826-1.xml,1252029826.0,38.434073327300254,16.742644731414536,55.17671805871479,500.0,0.01,8.15523028071279,0.02742479345224333,-0.027280029801885652,0.09255432597797601,Klein_relajada,0,24.835772276115627,30.515772276115626,35418.33272397443,True
H1L1V1-GSTLAL_AllSky-1252034360-1.xml,1252034360.0,20.20806447823421,15.509195604315407,35.717260082549615,5000.0,0.01,7.869855245201288,0.04069902240468427,-0.28141538153923973,0.08580055979157655,Klein_relajada,-1,50.0,55.68,350279.15798784525,True
H1L1V1-GSTLAL_AllSky-1252064527-1.xml,1252064527.0,17.485101151949436,13.34299530153381,30.828096453483248,2578.3680905014053,0.01,6.723252126058784,0.04052426219460831,-0.1860139473330928,0.0629944787908782,Klein_relajada,-1,50.0,55.68,180971.7732477236,True
H1L1V1-GSTLAL_AllSky-1252081065-1.xml,1252081065.0,59.371195545595825,14.30416667506951,73.67536222066533,1814.4480318298808,0.01,7.072446007951827,0.019637108731680643,0.3941606367594932,0.07674157861453784,Klein_relajada,-1,50.0,55.68,126566.5968724559,True
H1L1V1-GSTLAL_AllSky-1252091831-1.xml,1252091831.0,16.650649620645975,11.183146845294775,27.83379646594075,2445.3973020094654,0.01,7.472196032380548,0.03686537066140226,-0.4358249100682067,0.057504333273209626,Klein_relajada,-1,50.0,55.68,170550.70623936315,True
H1L1V1-GSTLAL_AllSky-1252113997-1.xml,1252113997.0,35.381840556744635,25.449874053966195,60.83171461071083,700.9365763210716,0.01,7.727447324503009,0.03877167909131266,0.044769544437798015,0.1366916493675382,Klein_deformada,0,34.906306394313965,40.586306394313965,48985.288627032074,True
H1L1V1-GSTLAL_AllSky-1252150105-1.xml,1252150105.0,17.889619228687614,16.432359380882094,34.32197860956971,851.7660311699966,0.01,7.0081432146366645,0.046741663801387855,0.01943074351823071,0.08432196436258022,Klein_relajada,-1,42.10448130050002,47.78448130050002,59006.61633562901,True
H1L1V1-GSTLAL_AllSky-1252217514-1.xml,1252217514.0,45.393465037861375,37.454430254963285,82.84789529282466,500.0,0.01,6.822916079249261,0.04300424871617413,0.5014855834616085,0.18231572876322832,Klein_deformada,0,24.835772276115627,30.515772276115626,34960.29965906261,True
H1L1V1-GSTLAL_AllSky-1252261903-1.xml,1252261903.0,27.764677970875685,20.20729775242259,47.97197572329827,1048.8071938542078,0.01,9.219495616409004,0.0391122378925042,-0.044085038271250876,0.12973844745957372,Klein_deformada,0,50.0,55.68,73594.02131461677,True
H1L1V1-GSTLAL_AllSky-1252263825-1.xml,1252263825.0,72.05245092945265,10.058824217114937,82.11127514656758,846.2839501416707,0.01,7.967917289397832,0.015584167693039972,-0.006890748313651995,0.07647024647497015,Klein_relajada,-1,41.831791136730786,47.511791136730785,59674.535142763976,True
H1L1V1-GSTLAL_AllSky-1252264062-1.xml,1252264062.0,53.160689232360404,28.64856347805164,81.80925271041204,2561.244957695829,0.01,8.071900144030518,0.03155620169093854,0.13040384259671,0.15628748153013716,Klein_deformada,0,50.0,55.68,179582.6642714233,True
H1L1V1-GSTLAL_AllSky-1252367731-1.xml,1252367731.0,68.07570532109813,57.00867087584535,125.08437619694348,1899.580470893842,0.01,6.405489497391764,0.04349721937184374,-0.2624261406291174,0.2613834878276151,Klein_extrema,1,50.0,55.68,133194.05425928865,True
H1L1V1-GSTLAL_AllSky-1252402886-1.xml,1252402886.0,47.001233531220855,42.41101942675132,89.41225295797217,810.2233791553698,0.01,9.349433825822548,0.046093537331167736,-0.17546121667528264,0.2889905568311795,Klein_extrema,1,40.729016089584334,46.409016089584334,56391.62069155264,True
H1L1V1-GSTLAL_AllSky-1252423668-1.xml,1252423668.0,19.91508731832437,18.414733248877457,38.32982056720183,5000.0,0.01,8.105746193141343,0.04698649763274419,-0.11932916435325397,0.1094873954334883,Klein_deformada,0,50.0,55.68,350151.2311969495,True
H1L1V1-GSTLAL_AllSky-1252424254-1.xml,1252424254.0,22.840500210274005,13.255815691744028,36.096315902018034,1176.6343827052879,0.01,7.502429912003825,0.03321458036331684,0.09523156466851146,0.06746132377416032,Klein_relajada,-1,50.0,55.68,81697.9312089574,True
H1L1V1-GSTLAL_AllSky-1252463616-1.xml,1252463616.0,71.96936441738134,39.89631870059564,111.86568311797699,500.0,0.01,8.209648434266384,0.032174056432800885,0.7417552508013334,0.2216095751606118,Klein_extrema,1,25.0646405681865,30.7446405681865,35686.42504984719,True
H1L1V1-GSTLAL_AllSky-1252542789-1.xml,1252542789.0,50.632869471342794,47.58706088756741,98.2199303589102,2449.54926319554,0.01,6.29234469372261,0.047593809226633504,0.30402077706345665,0.22060931997007086,Klein_extrema,0,50.0,55.68,171623.33979180065,True
H1L1V1-GSTLAL_AllSky-1252582064-1.xml,1252582064.0,18.886608122873554,10.539520950904242,29.426129073777794,1102.287446993237,0.01,9.074361529136723,0.03232168080649662,0.3599546717448996,0.06472982217827891,Klein_relajada,-1,50.0,55.68,76842.56179042615,True
H1L1V1-GSTLAL_AllSky-1252612027-1.xml,1252612027.0,26.994037016835033,22.29016499346891,49.28420201030394,1061.9937684139663,0.01,8.097105822492257,0.04302976132035009,-0.029291435503163765,0.12878573020468637,Klein_deformada,0,50.0,55.68,74165.75176510868,True
H1L1V1-GSTLAL_AllSky-1252616870-1.xml,1252616870.0,26.898019273480546,24.735619870490012,51.633639143970555,4155.01851941755,0.01,7.221513329788501,0.046784299422192026,-0.3886793853526046,0.13083452027044043,Klein_deformada,0,50.0,55.68,290516.8006856833,True
H1L1V1-GSTLAL_AllSky-1252627040-1.xml,1252627040.0,37.75952527341345,16.66978470497031,54.42930997838376,553.1785361339552,0.01,7.055224468941176,0.02765889224958825,0.7655028174853613,0.07965989145176752,Klein_relajada,-1,27.252115474434845,32.932115474434845,39785.84066693275,True
H1L1V1-GSTLAL_AllSky-1252674856-1.xml,1252674856.0,19.150885488002203,12.070422616396165,31.221308104398368,1845.2146919136449,0.01,6.038550361628938,0.03521120524470399,0.20581687003721016,0.049788144571916625,Klein_relajada,-1,50.0,55.68,128961.30868659173,True
H1L1V1-GSTLAL_AllSky-1252680614-1.xml,1252680614.0,73.5003449438822,50.65829553939335,124.15864048327555,1270.2934550109155,0.01,6.846648620477708,0.037569011045088925,0.22903587528902525,0.23952233386040078,Klein_extrema,1,50.0,55.68,89176.05703562475,True
H1L1V1-GSTLAL_AllSky-1252699636-1.xml,1252699636.0,49.50458669930084,18.392516365984342,67.89710306528518,1577.6946157936507,0.01,9.300489598514467,0.024861262434290037,0.1464708763795387,0.11774473526938765,Klein_deformada,0,50.0,55.68,110497.09936045212,True
H1L1V1-GSTLAL_AllSky-1252745146-1.xml,1252745146.0,76.4418779559098,18.747044440774907,95.18892239668472,500.0,0.01,8.236556206676914,0.01980982934594456,0.3611688534120161,0.11648609175700524,Klein_deformada,0,24.835772276115627,30.515772276115626,35003.305321088206,True
H1L1V1-GSTLAL_AllSky-1252756008-1.xml,1252756008.0,52.04512252861623,20.88273750664715,72.92786003526338,1083.369483954375,0.01,8.87838779227706,0.02604971723923992,0.5612377984199888,0.12650038790447843,Klein_deformada,0,50.0,55.68,75675.35463180815,True
H1L1V1-GSTLAL_AllSky-1252812489-1.xml,1252812489.0,30.824399331047672,12.768649201303184,43.593048532350856,3210.161976099824,0.01,7.182338552851962,0.026569535145415858,0.2894823802168387,0.06239191750315248,Klein_relajada,-1,50.0,55.68,225312.60413150908,True
H1L1V1-GSTLAL_AllSky-1252813043-1.xml,1252813043.0,38.43943915079428,11.158396239005999,49.59783538980028,1290.3836930660723,0.01,9.225543091375057,0.02161140379310184,-0.42113767340543057,0.07416498374837799,Klein_relajada,-1,50.0,55.68,90826.02143727017,True
H1L1V1-GSTLAL_AllSky-1252829409-1.xml,1252829409.0,42.41829942939621,15.831143112843696,58.249442542239905,2580.5099589264896,0.01,9.162634713070737,0.02492859763432439,0.5972204109241019,0.09978637764413534,Klein_relajada,0,50.0,55.68,181041.66676981212,True
H1L1V1-GSTLAL_AllSky-1252919116-1.xml,1252919116.0,42.2338526450725,30.113062627886062,72.34691527295857,3605.8027734026646,0.01,7.488084344074531,0.03852030846529878,-0.13198156765114416,0.15650988256880308,Klein_deformada,0,50.0,55.68,253089.7365522324,True
H1L1V1-GSTLAL_AllSky-1252939489-1.xml,1252939489.0,64.20994850847431,21.83976325168463,86.04971176015894,1289.1099799073022,0.01,7.293333092672086,0.02360522084754655,0.7848177596884935,0.11110786434688152,Klein_deformada,0,50.0,55.68,89846.88672720357,True
H1L1V1-GSTLAL_AllSky-1252962002-1.xml,1252962002.0,50.68008735843574,14.976813348478458,65.6569007069142,1482.4896795375557,0.01,8.428502013061678,0.021820668928650186,-0.2946948156725062,0.090564938516715,Klein_relajada,0,50.0,55.68,103069.57966132688,True
H1L1V1-GSTLAL_AllSky-1252987339-1.xml,1252987339.0,42.653304971152494,18.80642398866334,61.459728959815834,801.2014812627957,0.01,9.459584823945715,0.027636545633575267,0.36645795581237284,0.12050574122387003,Klein_deformada,0,39.931380298530065,45.611380298530065,57037.323617362126,True
H1L1V1-GSTLAL_AllSky-1253103017-1.xml,1253103017.0,27.268603572285375,18.334389819474758,45.60299339176014,1071.9828582853513,0.01,9.473599819006184,0.03689450491422896,0.7692422674612345,0.11954497803850697,Klein_deformada,0,50.0,55.68,76040.15702129269,True
H1L1V1-GSTLAL_AllSky-1253106426-1.xml,1253106426.0,77.3221795098031,27.171338159690254,104.49351766949336,863.1831825543534,0.01,8.248323465919462,0.024056167755201675,0.06555157958542557,0.1555044209565137,Klein_deformada,0,43.03777759557186,48.71777759557186,60006.58093269652,True
H1L1V1-GSTLAL_AllSky-1253202092-1.xml,1253202092.0,19.517585852258144,11.715136348601154,31.2327222008593,2954.854288937503,0.01,8.486888615336127,0.03400939632038711,0.6556194634137786,0.06761118181407488,Klein_relajada,-1,50.0,55.68,207224.44771791194,True
H1L1V1-GSTLAL_AllSky-1253203571-1.xml,1253203571.0,45.018063846785054,42.36668434116823,87.38474818795328,500.0,0.01,9.263174955657552,0.04764416389417319,0.5444053057447724,0.2892454121620233,Klein_extrema,1,25.0646405681865,30.7446405681865,34665.56080570692,True
H1L1V1-GSTLAL_AllSky-1253203662-1.xml,1253203662.0,73.21098995423071,22.85706933860689,96.0680592928376,871.3313118963439,0.01,8.1059314948971,0.022488326877096697,-0.2458485576808691,0.13134101108252075,Klein_deformada,0,43.44614533050777,49.12614533050777,60752.19865458687,True
H1L1V1-GSTLAL_AllSky-1253212855-1.xml,1253212855.0,53.442592492556436,44.77151935429182,98.21411184684825,2093.9035310945937,0.01,6.580357124859976,0.04350999063941568,0.427485359786009,0.21089855829844195,Klein_extrema,0,50.0,55.68,147271.49701053003,True
H1L1V1-GSTLAL_AllSky-1253247782-1.xml,1253247782.0,57.540422935363026,17.940630642499098,75.48105357786213,733.2929743135742,0.01,8.00135731844819,0.022471671028662668,0.22565177566653893,0.1017883912719764,Klein_deformada,0,36.52794350932501,42.20794350932501,52154.31529157271,True
H1L1V1-GSTLAL_AllSky-1253255057-1.xml,1253255057.0,20.166532072427536,12.809975815342373,32.97650788776991,5000.0,0.01,8.761492555017924,0.035408386071210864,-0.323435870228418,0.07672734222004361,Klein_relajada,-1,50.0,55.68,349094.62207506155,True
H1L1V1-GSTLAL_AllSky-1253326744-1.xml,1253326744.0,65.11461093215945,50.774621634606774,115.88923256676622,865.6256582847172,0.01,7.311003416622594,0.04119092376210741,0.7311507026094368,0.2617476968033627,Klein_extrema,1,43.52649095233076,49.20649095233076,60712.37450229623,True
H1L1V1-GSTLAL_AllSky-1253422507-1.xml,1253422507.0,51.59018948948547,43.44062123810756,95.03081072759304,670.387484669777,0.01,8.976843427354918,0.04368130388198023,0.14846891982646826,0.2794762720974356,Klein_extrema,1,33.66816217020308,39.34816217020308,47580.2930853304,True
H1L1V1-GSTLAL_AllSky-1253463599-1.xml,1253463599.0,35.355300870292865,12.27491990442202,47.630220774714886,500.0,0.01,6.817319980927652,0.02388750156527274,-0.03866047330864064,0.05817391140590874,Klein_relajada,-1,24.606903984044767,30.286903984044766,35559.4714734657,True
H1L1V1-GSTLAL_AllSky-1253466644-1.xml,1253466644.0,41.375455887125796,13.608712355877648,54.984168243003445,651.6404394677159,0.01,6.602352977249668,0.023156314113374713,0.6340473524993491,0.06304738734035267,Klein_relajada,-1,32.149816257473866,37.829816257473865,46208.02549857665,True
H1L1V1-GSTLAL_AllSky-1253504994-1.xml,1253504994.0,31.732909507272485,16.891230131161745,48.62413963843423,669.7488981613895,0.01,6.554059966671561,0.03129175092159847,0.0419042775499493,0.07479171100326765,Klein_relajada,-1,33.050568825936814,38.730568825936814,47130.151183869224,True
H1L1V1-GSTLAL_AllSky-1253509434-1.xml,1253509434.0,45.927677947043435,22.780230049107974,68.7079079961514,2045.577164153642,0.01,9.012127242915893,0.029840088650137764,0.22879841711121296,0.1385783585303962,Klein_deformada,0,50.0,55.68,143264.87820157682,True
H1L1V1-GSTLAL_AllSky-1253519609-1.xml,1253519609.0,22.533199967279376,21.78017356026713,44.3133735275465,987.807122960523,0.01,6.787268991657205,0.04866325882146216,0.15006175830442403,0.109772189661751,Klein_deformada,-1,48.87144942957831,54.55144942957831,69280.43822445607,True
H1L1V1-GSTLAL_AllSky-1253597011-1.xml,1253597011.0,47.16110705191255,43.42911564216001,90.59022269407257,4162.57210529818,0.01,7.001288983475707,0.046834687187775684,-0.005008453596102247,0.22278616536509052,Klein_extrema,1,50.0,55.68,290981.4567708519,True
H1L1V1-GSTLAL_AllSky-1253600861-1.xml,1253600861.0,37.41234342401883,18.41229250998761,55.82463593400644,3966.2484086596014,0.01,9.118854105740244,0.029685794392838666,0.03672526683991029,0.11333814633613619,Klein_deformada,0,50.0,55.68,277138.7236221516,True
H1L1V1-GSTLAL_AllSky-1253755327-1.xml,1253755327.0,50.81446280232089,50.62360372009456,101.43806652241545,500.0,0.01,8.449307592705027,0.04984976003153369,0.5520817157817222,0.32043977547370767,Klein_extrema,1,25.0646405681865,30.7446405681865,34496.23370814969,True
H1L1V1-GSTLAL_AllSky-1253800416-1.xml,1253800416.0,25.018459730992486,12.69319412931534,37.71165386030783,1302.3402026298484,0.01,6.354878722940411,0.030294125642900717,0.7953334589018637,0.054450582678795774,Klein_relajada,-1,50.0,55.68,92248.71053016454,True
H1L1V1-GSTLAL_AllSky-1253854047-1.xml,1253854047.0,26.28655474331314,15.739654229825762,42.0262089731389,500.0,0.01,7.8412124415829245,0.033950881937207335,-0.388114815484765,0.08391039389760528,Klein_relajada,-1,24.606903984044767,30.286903984044766,34669.8284574251,True
H1L1V1-GSTLAL_AllSky-1253885759-1.xml,1253885759.0,63.39208543074846,51.43200069642333,114.8240861271718,963.8975281671902,0.01,7.205350151206056,0.04245326311443677,0.09797433419698132,0.26342708671833953,Klein_extrema,1,48.488616879848415,54.168616879848415,66909.48230578756,True
H1L1V1-GSTLAL_AllSky-1253943498-1.xml,1253943498.0,40.29676701281174,17.621246696098073,57.91801370890981,1836.5713048511168,0.01,8.900080080812343,0.027491474381054606,-0.17212712601149427,0.10628374995384995,Klein_deformada,0,50.0,55.68,128147.26079861246,True
H1L1V1-GSTLAL_AllSky-1253958821-1.xml,1253958821.0,32.29570947553195,27.535460826475447,59.83117030200739,679.4771689634099,0.01,6.489096989448357,0.04410417206946578,-0.4501699774360306,0.12842592439048053,Klein_deformada,0,33.83080437318698,39.51080437318698,47529.28087634284,True
