event_id,gps_time,mass_1,mass_2,mass_total,mass_ratio,distance_mpc,redshift,snr,efficiency,radiated_energy,chi_eff,max_epsilon,max_elevation,final_epsilon,final_elevation,final_state,regime_classification,mode_parity,klein_temperature,scale_factor,v_hubble_kms,v_peculiar_cosmo_kms,v_spin_kick_kms,v_total_kms,v_peculiar_c,beta_raw,beta,doppler_factor,twist_factor,klein_scale_correction,cosmological_factor,frequency_observed,doppler_shift_hz,direction,energy_initial,distance_km,topology_conserved,doppler_realistic,energy_positive,beta_physical,redshift_physical,all_checks_passed
H1L1V1-GSTLAL_AllSky-1238393111-1.xml,1238393111.0,54.78953390127267,44.652553807996384,99.44208770926906,1.2270190443499551,1245.733293242663,0.05,6.86086817915685,0.04847144708524848,4.820101892446473,0.6797199682805026,0.33070083694179725,277788.7030311097,2.2117995580417906e-20,1.8579116287551042e-14,Klein_extrema,extrema,1,1.854979115005232,8.830270853572284,87201.3305269864,141.35462306566,339.8599841402513,87682.54513419232,0.2924774883235799,0.2924774883235799,0.15,0.8409017665697742,1.027,1.0000082378563062,0.9523809523809523,4.776322034116317,-0.9036779658836824,recede,2.204672246278648,3.844332942946858e+22,True,True,True,True,True,True
H1L1V1-GSTLAL_AllSky-1238533958-1.xml,1238533958.0,54.78953390127267,44.652553807996384,99.44208770926906,1.2270190443499551,1245.733293242663,0.05,6.86086817915685,0.04847144708524848,4.820101892446473,0.6797199682805026,0.33070083694179725,277788.7030311097,2.2117995580417906e-20,1.8579116287551042e-14,Klein_extrema,extrema,1,1.854979115005232,8.830270853572284,87201.3305269864,141.35462306566,339.8599841402513,87682.54513419232,0.2924774883235799,0.2924774883235799,0.15,0.8409017665697742,1.027,1.0000082378563062,0.9523809523809523,4.776322034116317,-0.9036779658836824,recede,2.204672246278648,3.844332942946858e+22,True,True,True,True,True,True
H1L1V1-GSTLAL_AllSky-1238515766-1.xml,1238515766.0,54.78953390127267,44.652553807996384,99.44208770926906,1.2270190443499551,1245.733293242663,0.05,6.86086817915685,0.04847144708524848,4.820101892446473,0.6797199682805026,0.33070083694179725,277788.7030311097,2.2117995580417906e-20,1.8579116287551042e-14,Klein_extrema,extrema,1,1.854979115005232,8.830270853572284,87201.3305269864,141.35462306566,339.8599841402513,87682.54513419232,0.2924774883235799,0.2924774883235799,0.15,0.8409017665697742,1.027,1.0000082378563062,0.9523809523809523,4.776322034116317,-0.9036779658836824,recede,2.204672246278648,3.844332942946858e+22,True,True,True,True,True,True
H1L1V1-GSTLAL_AllSky-1238754998-1.xml,1238754998.0,44.792914297709466,43.82236856996805,88.61528286767751,1.0221472676948489,1284.482237524418,0.05,7.536357120507337,0.05,4.430764143383875,0.7763340727614201,0.3339182090127966,280491.29557074915,2.1602648156789444e-20,1.8146224451703132e-14,Klein_extrema,extrema,1,2.3088080751147007,8.836922369331756,89913.75662670926,492.17876757836257,388.16703638071004,90794.10243066832,0.3028565262661422,0.3028565262661422,0.15,0.8409019820417049,1.027,1.0000084940975393,0.9523809523809523,4.776323257996883,-0.9036767420031167,recede,2.226121393418644,3.963912185000354e+22,True,True,True,True,True,True
H1L1V1-GSTLAL_AllSky-1238573777-1.xml,1238573777.0,54.78953390127267,44.652553807996384,99.44208770926906,1.2270190443499551,1245.733293242663,0.05,6.86086817915685,0.04847144708524848,4.820101892446473,0.6797199682805026,0.33070083694179725,277788.7030311097,2.2117995580417906e-20,1.8579116287551042e-14,Klein_extrema,extrema,1,1.854979115005232,8.830270853572284,87201.3305269864,141.35462306566,339.8599841402513,87682.54513419232,0.2924774883235799,0.2924774883235799,0.15,0.8409017665697742,1.027,1.0000082378563062,0.9523809523809523,4.776322034116317,-0.9036779658836824,recede,2.204672246278648,3.844332942946858e+22,True,True,True,True,True,True
H1L1V1-GSTLAL_AllSky-1238839513-1.xml,1238839513.0,44.792914297709466,43.82236856996805,88.61528286767751,1.0221472676948489,1284.482237524418,0.05,7.536357120507337,0.05,4.430764143383875,0.7763340727614201,0.3339182090127966,280491.29557074915,2.1602648156789444e-20,1.8146224451703132e-14,Klein_extrema,extrema,1,2.3088080751147007,8.836922369331756,89913.75662670926,492.17876757836257,388.16703638071004,90794.10243066832,0.3028565262661422,0.3028565262661422,0.15,0.8409019820417049,1.027,1.0000084940975393,0.9523809523809523,4.776323257996883,-0.9036767420031167,recede,2.226121393418644,3.963912185000354e+22,True,True,True,True,True,True
H1L1V1-GSTLAL_AllSky-1238662706-1.xml,1238662706.0,54.78953390127267,44.652553807996384,99.44208770926906,1.2270190443499551,1245.733293242663,0.05,6.86086817915685,0.04847144708524848,4.820101892446473,0.6797199682805026,0.33070083694179725,277788.7030311097,2.2117995580417906e-20,1.8579116287551042e-14,Klein_extrema,extrema,1,1.854979115005232,8.830270853572284,87201.3305269864,141.35462306566,339.8599841402513,87682.54513419232,0.2924774883235799,0.2924774883235799,0.15,0.8409017665697742,1.027,1.0000082378563062,0.9523809523809523,4.776322034116317,-0.9036779658836824,recede,2.204672246278648,3.844332942946858e+22,True,True,True,True,True,True
H1L1V1-GSTLAL_AllSky-1238674117-1.xml,1238674117.0,54.78953390127267,44.652553807996384,99.44208770926906,1.2270190443499551,1245.733293242663,0.05,6.86086817915685,0.04847144708524848,4.820101892446473,0.6797199682805026,0.33070083694179725,277788.7030311097,2.2117995580417906e-20,1.8579116287551042e-14,Klein_extrema,extrema,1,1.854979115005232,8.830270853572284,87201.3305269864,141.35462306566,339.8599841402513,87682.54513419232,0.2924774883235799,0.2924774883235799,0.15,0.8409017665697742,1.027,1.0000082378563062,0.9523809523809523,4.776322034116317,-0.9036779658836824,recede,2.204672246278648,3.844332942946858e+22,True,True,True,True,True,True
H1L1V1-GSTLAL_AllSky-1238845539-1.xml,1238845539.0,43.390464584245095,42.48151157854276,85.87197616278786,1.021396437460136,2657.600544250277,0.05,6.6790024274179824,0.05,4.293598808139393,0.525938562918717,0.28676956861921965,240886.4376401445,8.424927080619032e-21,7.0769387477199865e-15,Klein_extrema,extrema,1,1.8133769685144434,8.994803169855892,186032.0380975194,-385.17657002625117,262.9692814593585,185909.8308089525,0.6201284450222978,0.6201284450222978,0.15,0.8409096175646272,1.027,1.000017574332742,0.9523809523809523,4.776366627767082,-0.9036333722329175,recede,1.9117971241281309,8.201355279556355e+22,True,True,True,True,True,True
H1L1V1-GSTLAL_AllSky-1238782700-1.xml,1238782700.0,44.792914297709466,43.82236856996805,88.61528286767751,1.0221472676948489,1284.482237524418,0.05,7.536357120507337,0.05,4.430764143383875,0.7763340727614201,0.3339182090127966,280491.29557074915,2.1602648156789444e-20,1.8146224451703132e-14,Klein_extrema,extrema,1,2.3088080751147007,8.836922369331756,89913.75662670926,492.17876757836257,388.16703638071004,90794.10243066832,0.3028565262661422,0.3028565262661422,0.15,0.8409019820417049,1.027,1.0000084940975393,0.9523809523809523,4.776323257996883,-0.9036767420031167,recede,2.226121393418644,3.963912185000354e+22,True,True,True,True,True,True
H1L1V1-GSTLAL_AllSky-1238750282-1.xml,1238750282.0,54.78953390127267,44.652553807996384,99.44208770926906,1.2270190443499551,1245.733293242663,0.05,6.86086817915685,0.04847144708524848,4.820101892446473,0.6797199682805026,0.33070083694179725,277788.7030311097,2.2117995580417906e-20,1.8579116287551042e-14,Klein_extrema,extrema,1,1.854979115005232,8.830270853572284,87201.3305269864,141.35462306566,339.8599841402513,87682.54513419232,0.2924774883235799,0.2924774883235799,0.15,0.8409017665697742,1.027,1.0000082378563062,0.9523809523809523,4.776322034116317,-0.9036779658836824,recede,2.204672246278648,3.844332942946858e+22,True,True,True,True,True,True
H1L1V1-GSTLAL_AllSky-1238899272-1.xml,1238899272.0,44.792914297709466,43.82236856996805,88.61528286767751,1.0221472676948489,1284.482237524418,0.05,7.536357120507337,0.05,4.430764143383875,0.7763340727614201,0.3339182090127966,280491.29557074915,2.1602648156789444e-20,1.8146224451703132e-14,Klein_extrema,extrema,1,2.3088080751147007,8.836922369331756,89913.75662670926,492.17876757836257,388.16703638071004,90794.10243066832,0.3028565262661422,0.3028565262661422,0.15,0.8409019820417049,1.027,1.0000084940975393,0.9523809523809523,4.776323257996883,-0.9036767420031167,recede,2.226121393418644,3.963912185000354e+22,True,True,True,True,True,True
H1L1V1-GSTLAL_AllSky-1238729030-1.xml,1238729030.0,54.78953390127267,44.652553807996384,99.44208770926906,1.2270190443499551,1245.733293242663,0.05,6.86086817915685,0.04847144708524848,4.820101892446473,0.6797199682805026,0.33070083694179725,277788.7030311097,2.2117995580417906e-20,1.8579116287551042e-14,Klein_extrema,extrema,1,1.854979115005232,8.830270853572284,87201.3305269864,141.35462306566,339.8599841402513,87682.54513419232,0.2924774883235799,0.2924774883235799,0.15,0.8409017665697742,1.027,1.0000082378563062,0.9523809523809523,4.776322034116317,-0.9036779658836824,recede,2.204672246278648,3.844332942946858e+22,True,True,True,True,True,True
H1L1V1-GSTLAL_AllSky-1238919052-1.xml,1238919052.0,43.390464584245095,42.48151157854276,85.87197616278786,1.021396437460136,2657.600544250277,0.05,6.6790024274179824,0.05,4.293598808139393,0.525938562918717,0.28676956861921965,240886.4376401445,8.424927080619032e-21,7.0769387477199865e-15,Klein_extrema,extrema,1,1.8133769685144434,8.994803169855892,186032.0380975194,-385.17657002625117,262.9692814593585,185909.8308089525,0.6201284450222978,0.6201284450222978,0.15,0.8409096175646272,1.027,1.000017574332742,0.9523809523809523,4.776366627767082,-0.9036333722329175,recede,1.9117971241281309,8.201355279556355e+22,True,True,True,True,True,True
H1L1V1-GSTLAL_AllSky-1239092652-1.xml,1239092652.0,44.792914297709466,43.82236856996805,88.61528286767751,1.0221472676948489,1284.482237524418,0.05,7.536357120507337,0.05,4.430764143383875,0.7763340727614201,0.3339182090127966,280491.29557074915,2.1602648156789444e-20,1.8146224451703132e-14,Klein_extrema,extrema,1,2.3088080751147007,8.836922369331756,89913.75662670926,492.17876757836257,388.16703638071004,90794.10243066832,0.3028565262661422,0.3028565262661422,0.15,0.8409019820417049,1.027,1.0000084940975393,0.9523809523809523,4.776323257996883,-0.9036767420031167,recede,2.226121393418644,3.963912185000354e+22,True,True,True,True,True,True
H1L1V1-GSTLAL_AllSky-1239082262-1.xml,1239082262.0,44.792914297709466,43.82236856996805,88.61528286767751,1.0221472676948489,1284.482237524418,0.05,7.536357120507337,0.05,4.430764143383875,0.7763340727614201,0.3339182090127966,280491.29557074915,2.1602648156789444e-20,1.8146224451703132e-14,Klein_extrema,extrema,1,2.3088080751147007,8.836922369331756,89913.75662670926,492.17876757836257,388.16703638071004,90794.10243066832,0.3028565262661422,0.3028565262661422,0.15,0.8409019820417049,1.027,1.0000084940975393,0.9523809523809523,4.776323257996883,-0.9036767420031167,recede,2.226121393418644,3.963912185000354e+22,True,True,True,True,True,True
H1L1V1-GSTLAL_AllSky-1239179057-1.xml,1239179057.0,43.390464584245095,42.48151157854276,85.87197616278786,1.021396437460136,2657.600544250277,0.05,6.6790024274179824,0.05,4.293598808139393,0.525938562918717,0.28676956861921965,240886.4376401445,8.424927080619032e-21,7.0769387477199865e-15,Klein_extrema,extrema,1,1.8133769685144434,8.994803169855892,186032.0380975194,-385.17657002625117,262.9692814593585,185909.8308089525,0.6201284450222978,0.6201284450222978,0.15,0.8409096175646272,1.027,1.000017574332742,0.9523809523809523,4.776366627767082,-0.9036333722329175,recede,1.9117971241281309,8.201355279556355e+22,True,True,True,True,True,True
H1L1V1-GSTLAL_AllSky-1239174401-1.xml,1239174401.0,58.94611217079212,54.59221686633112,113.53832903712325,1.0797530408981466,500.0,0.05,7.468709243304188,0.05,5.676916451856163,0.6609031174402611,0.4239923837744374,356153.6023705274,7.640365735490142e-20,6.41790721781172e-14,Klein_extrema,extrema,1,2.267545437439733,8.632043320000633,35000.0,748.1428635296365,330.45155872013055,36078.59442224977,0.1203452370447884,0.1203452370447884,0.1203452370447884,0.8621827851955686,1.0216621426680619,1.000002652752868,0.9523809523809523,4.8971982199108295,-0.7828017800891702,recede,2.8266158918295825,1.543e+22,True,True,True,True,True,True
H1L1V1-GSTLAL_AllSky-1239198206-1.xml,1239198206.0,44.792914297709466,43.82236856996805,88.61528286767751,1.0221472676948489,1284.482237524418,0.05,7.536357120507337,0.05,4.430764143383875,0.7763340727614201,0.3339182090127966,280491.29557074915,2.1602648156789444e-20,1.8146224451703132e-14,Klein_extrema,extrema,1,2.3088080751147007,8.836922369331756,89913.75662670926,492.17876757836257,388.16703638071004,90794.10243066832,0.3028565262661422,0.3028565262661422,0.15,0.8409019820417049,1.027,1.0000084940975393,0.9523809523809523,4.776323257996883,-0.9036767420031167,recede,2.226121393418644,3.963912185000354e+22,True,True,True,True,True,True
H1L1V1-GSTLAL_AllSky-1239227262-1.xml,1239227262.0,43.390464584245095,42.48151157854276,85.87197616278786,1.021396437460136,2657.600544250277,0.05,6.6790024274179824,0.05,4.293598808139393,0.525938562918717,0.28676956861921965,240886.4376401445,8.424927080619032e-21,7.0769387477199865e-15,Klein_extrema,extrema,1,1.8133769685144434,8.994803169855892,186032.0380975194,-385.17657002625117,262.9692814593585,185909.8308089525,0.6201284450222978,0.6201284450222978,0.15,0.8409096175646272,1.027,1.000017574332742,0.9523809523809523,4.776366627767082,-0.9036333722329175,recede,1.9117971241281309,8.201355279556355e+22,True,True,True,True,True,True
H1L1V1-GSTLAL_AllSky-1239283789-1.xml,1239283789.0,44.792914297709466,43.82236856996805,88.61528286767751,1.0221472676948489,1284.482237524418,0.05,7.536357120507337,0.05,4.430764143383875,0.7763340727614201,0.3339182090127966,280491.29557074915,2.1602648156789444e-20,1.8146224451703132e-14,Klein_extrema,extrema,1,2.3088080751147007,8.836922369331756,89913.75662670926,492.17876757836257,388.16703638071004,90794.10243066832,0.3028565262661422,0.3028565262661422,0.15,0.8409019820417049,1.027,1.0000084940975393,0.9523809523809523,4.776323257996883,-0.9036767420031167,recede,2.226121393418644,3.963912185000354e+22,True,True,True,True,True,True
H1L1V1-GSTLAL_AllSky-1239491655-1.xml,1239491655.0,43.390464584245095,42.48151157854276,85.87197616278786,1.021396437460136,2657.600544250277,0.05,6.6790024274179824,0.05,4.293598808139393,0.525938562918717,0.28676956861921965,240886.4376401445,8.424927080619032e-21,7.0769387477199865e-15,Klein_extrema,extrema,1,1.8133769685144434,8.994803169855892,186032.0380975194,-385.17657002625117,262.9692814593585,185909.8308089525,0.6201284450222978,0.6201284450222978,0.15,0.8409096175646272,1.027,1.000017574332742,0.9523809523809523,4.776366627767082,-0.9036333722329175,recede,1.9117971241281309,8.201355279556355e+22,True,True,True,True,True,True
H1L1V1-GSTLAL_AllSky-1239550519-1.xml,1239550519.0,46.73431825622013,29.356853678708518,76.09117193492864,1.591938930775639,1678.7335108552425,0.05,9.37300196160068,0.03991042314048385,3.036830869178311,0.6643007142261679,0.28464221693857805,239099.46222840558,1.3770363322205596e-20,1.15671051906527e-14,Klein_extrema,extrema,1,2.850615463575923,8.89504919778054,117511.34575986698,596.6726565614476,332.15035711308394,118440.16877354152,0.395073877320628,0.395073877320628,0.15,0.8409041743616382,1.027,1.0000111012248882,0.9523809523809523,4.776335710374105,-0.9036642896258948,recede,1.8976147795905203,5.1805716144992786e+22,True,True,True,True,True,True
H1L1V1-GSTLAL_AllSky-1239534693-1.xml,1239534693.0,43.390464584245095,42.48151157854276,85.87197616278786,1.021396437460136,2657.600544250277,0.05,6.6790024274179824,0.05,4.293598808139393,0.525938562918717,0.28676956861921965,240886.4376401445,8.424927080619032e-21,7.0769387477199865e-15,Klein_extrema,extrema,1,1.8133769685144434,8.994803169855892,186032.0380975194,-385.17657002625117,262.9692814593585,185909.8308089525,0.6201284450222978,0.6201284450222978,0.15,0.8409096175646272,1.027,1.000017574332742,0.9523809523809523,4.776366627767082,-0.9036333722329175,recede,1.9117971241281309,8.201355279556355e+22,True,True,True,True,True,True
H1L1V1-GSTLAL_AllSky-1239543370-1.xml,1239543370.0,58.94611217079212,54.59221686633112,113.53832903712325,1.0797530408981466,500.0,0.05,7.468709243304188,0.05,5.676916451856163,0.6609031174402611,0.4239923837744374,356153.6023705274,7.640365735490142e-20,6.41790721781172e-14,Klein_extrema,extrema,1,2.267545437439733,8.632043320000633,35000.0,748.1428635296365,330.45155872013055,36078.59442224977,0.1203452370447884,0.1203452370447884,0.1203452370447884,0.8621827851955686,1.0216621426680619,1.000002652752868,0.9523809523809523,4.8971982199108295,-0.7828017800891702,recede,2.8266158918295825,1.543e+22,True,True,True,True,True,True
H1L1V1-GSTLAL_AllSky-1239855472-1.xml,1239855472.0,58.94611217079212,54.59221686633112,113.53832903712325,1.0797530408981466,500.0,0.05,7.468709243304188,0.05,5.676916451856163,0.6609031174402611,0.4239923837744374,356153.6023705274,7.640365735490142e-20,6.41790721781172e-14,Klein_extrema,extrema,1,2.267545437439733,8.632043320000633,35000.0,748.1428635296365,330.45155872013055,36078.59442224977,0.1203452370447884,0.1203452370447884,0.1203452370447884,0.8621827851955686,1.0216621426680619,1.000002652752868,0.9523809523809523,4.8971982199108295,-0.7828017800891702,recede,2.8266158918295825,1.543e+22,True,True,True,True,True,True
H1L1V1-GSTLAL_AllSky-1239788217-1.xml,1239788217.0,43.390464584245095,42.48151157854276,85.87197616278786,1.021396437460136,2657.600544250277,0.05,6.6790024274179824,0.05,4.293598808139393,0.525938562918717,0.28676956861921965,240886.4376401445,8.424927080619032e-21,7.0769387477199865e-15,Klein_extrema,extrema,1,1.8133769685144434,8.994803169855892,186032.0380975194,-385.17657002625117,262.9692814593585,185909.8308089525,0.6201284450222978,0.6201284450222978,0.15,0.8409096175646272,1.027,1.000017574332742,0.9523809523809523,4.776366627767082,-0.9036333722329175,recede,1.9117971241281309,8.201355279556355e+22,True,True,True,True,True,True
H1L1V1-GSTLAL_AllSky-1239883947-1.xml,1239883947.0,43.390464584245095,42.48151157854276,85.87197616278786,1.021396437460136,2657.600544250277,0.05,6.6790024274179824,0.05,4.293598808139393,0.525938562918717,0.28676956861921965,240886.4376401445,8.424927080619032e-21,7.0769387477199865e-15,Klein_extrema,extrema,1,1.8133769685144434,8.994803169855892,186032.0380975194,-385.17657002625117,262.9692814593585,185909.8308089525,0.6201284450222978,0.6201284450222978,0.15,0.8409096175646272,1.027,1.000017574332742,0.9523809523809523,4.776366627767082,-0.9036333722329175,recede,1.9117971241281309,8.201355279556355e+22,True,True,True,True,True,True
H1L1V1-GSTLAL_AllSky-1239393890-1.xml,1239393890.0,58.94611217079212,54.59221686633112,113.53832903712325,1.0797530408981466,500.0,0.05,7.468709243304188,0.05,5.676916451856163,0.6609031174402611,0.4239923837744374,356153.6023705274,7.640365735490142e-20,6.41790721781172e-14,Klein_extrema,extrema,1,2.267545437439733,8.632043320000633,35000.0,748.1428635296365,330.45155872013055,36078.59442224977,0.1203452370447884,0.1203452370447884,0.1203452370447884,0.8621827851955686,1.0216621426680619,1.000002652752868,0.9523809523809523,4.8971982199108295,-0.7828017800891702,recede,2.8266158918295825,1.543e+22,True,True,True,True,True,True
H1L1V1-GSTLAL_AllSky-1239883999-1.xml,1239883999.0,58.94611217079212,54.59221686633112,113.53832903712325,1.0797530408981466,500.0,0.05,7.468709243304188,0.05,5.676916451856163,0.6609031174402611,0.4239923837744374,356153.6023705274,7.640365735490142e-20,6.41790721781172e-14,Klein_extrema,extrema,1,2.267545437439733,8.632043320000633,35000.0,748.1428635296365,330.45155872013055,36078.59442224977,0.1203452370447884,0.1203452370447884,0.1203452370447884,0.8621827851955686,1.0216621426680619,1.000002652752868,0.9523809523809523,4.8971982199108295,-0.7828017800891702,recede,2.8266158918295825,1.543e+22,True,True,True,True,True,True
H1L1V1-GSTLAL_AllSky-1239886944-1.xml,1239886944.0,57.828217648508485,54.797079880814806,112.62529752932329,1.0553156805852884,1891.8601306726166,0.05,9.38278948295455,0.05,5.631264876466165,0.7917419063917475,0.528369728586381,443830.5720125601,2.2450520631189362e-20,1.8858437330199064e-14,Klein_extrema,extrema,1,3.5787292065627048,8.921002830291911,132430.20914708317,-726.9381399129229,395.8709531958737,132099.1419603661,0.4406353076446176,0.4406353076446176,0.15,0.840905359498551,1.027,1.0000125106007784,0.9523809523809523,4.77634244195177,-0.9036575580482298,recede,3.5224648572425394,5.838280363255695e+22,True,True,True,True,True,True
H1L1V1-GSTLAL_AllSky-1239917954-1.xml,1239917954.0,46.73431825622013,29.356853678708518,76.09117193492864,1.591938930775639,1678.7335108552425,0.05,9.37300196160068,0.03991042314048385,3.036830869178311,0.6643007142261679,0.28464221693857805,239099.46222840558,1.3770363322205596e-20,1.15671051906527e-14,Klein_extrema,extrema,1,2.850615463575923,8.89504919778054,117511.34575986698,596.6726565614476,332.15035711308394,118440.16877354152,0.395073877320628,0.395073877320628,0.15,0.8409041743616382,1.027,1.0000111012248882,0.9523809523809523,4.776335710374105,-0.9036642896258948,recede,1.8976147795905203,5.1805716144992786e+22,True,True,True,True,True,True
H1L1V1-GSTLAL_AllSky-1239891926-1.xml,1239891926.0,58.94611217079212,54.59221686633112,113.53832903712325,1.0797530408981466,500.0,0.05,7.468709243304188,0.05,5.676916451856163,0.6609031174402611,0.4239923837744374,356153.6023705274,7.640365735490142e-20,6.41790721781172e-14,Klein_extrema,extrema,1,2.267545437439733,8.632043320000633,35000.0,748.1428635296365,330.45155872013055,36078.59442224977,0.1203452370447884,0.1203452370447884,0.1203452370447884,0.8621827851955686,1.0216621426680619,1.000002652752868,0.9523809523809523,4.8971982199108295,-0.7828017800891702,recede,2.8266158918295825,1.543e+22,True,True,True,True,True,True
H1L1V1-GSTLAL_AllSky-1239976056-1.xml,1239976056.0,58.94611217079212,54.59221686633112,113.53832903712325,1.0797530408981466,500.0,0.05,7.468709243304188,0.05,5.676916451856163,0.6609031174402611,0.4239923837744374,356153.6023705274,7.640365735490142e-20,6.41790721781172e-14,Klein_extrema,extrema,1,2.267545437439733,8.632043320000633,35000.0,748.1428635296365,330.45155872013055,36078.59442224977,0.1203452370447884,0.1203452370447884,0.1203452370447884,0.8621827851955686,1.0216621426680619,1.000002652752868,0.9523809523809523,4.8971982199108295,-0.7828017800891702,recede,2.8266158918295825,1.543e+22,True,True,True,True,True,True
H1L1V1-GSTLAL_AllSky-1239937367-1.xml,1239937367.0,46.73431825622013,29.356853678708518,76.09117193492864,1.591938930775639,1678.7335108552425,0.05,9.37300196160068,0.03991042314048385,3.036830869178311,0.6643007142261679,0.28464221693857805,239099.46222840558,1.3770363322205596e-20,1.15671051906527e-14,Klein_extrema,extrema,1,2.850615463575923,8.89504919778054,117511.34575986698,596.6726565614476,332.15035711308394,118440.16877354152,0.395073877320628,0.395073877320628,0.15,0.8409041743616382,1.027,1.0000111012248882,0.9523809523809523,4.776335710374105,-0.9036642896258948,recede,1.8976147795905203,5.1805716144992786e+22,True,True,True,True,True,True
H1L1V1-GSTLAL_AllSky-1239990500-1.xml,1239990500.0,58.94611217079212,54.59221686633112,113.53832903712325,1.0797530408981466,500.0,0.05,7.468709243304188,0.05,5.676916451856163,0.6609031174402611,0.4239923837744374,356153.6023705274,7.640365735490142e-20,6.41790721781172e-14,Klein_extrema,extrema,1,2.267545437439733,8.632043320000633,35000.0,748.1428635296365,330.45155872013055,36078.59442224977,0.1203452370447884,0.1203452370447884,0.1203452370447884,0.8621827851955686,1.0216621426680619,1.000002652752868,0.9523809523809523,4.8971982199108295,-0.7828017800891702,recede,2.8266158918295825,1.543e+22,True,True,True,True,True,True
H1L1V1-GSTLAL_AllSky-1240055015-1.xml,1240055015.0,46.73431825622013,29.356853678708518,76.09117193492864,1.591938930775639,1678.7335108552425,0.05,9.37300196160068,0.03991042314048385,3.036830869178311,0.6643007142261679,0.28464221693857805,239099.46222840558,1.3770363322205596e-20,1.15671051906527e-14,Klein_extrema,extrema,1,2.850615463575923,8.89504919778054,117511.34575986698,596.6726565614476,332.15035711308394,118440.16877354152,0.395073877320628,0.395073877320628,0.15,0.8409041743616382,1.027,1.0000111012248882,0.9523809523809523,4.776335710374105,-0.9036642896258948,recede,1.8976147795905203,5.1805716144992786e+22,True,True,True,True,True,True
H1L1V1-GSTLAL_AllSky-1240155151-1.xml,1240155151.0,46.73431825622013,29.356853678708518,76.09117193492864,1.591938930775639,1678.7335108552425,0.05,9.37300196160068,0.03991042314048385,3.036830869178311,0.6643007142261679,0.28464221693857805,239099.46222840558,1.3770363322205596e-20,1.15671051906527e-14,Klein_extrema,extrema,1,2.850615463575923,8.89504919778054,117511.34575986698,596.6726565614476,332.15035711308394,118440.16877354152,0.395073877320628,0.395073877320628,0.15,0.8409041743616382,1.027,1.0000111012248882,0.9523809523809523,4.776335710374105,-0.9036642896258948,recede,1.8976147795905203,5.1805716144992786e+22,True,True,True,True,True,True
H1L1V1-GSTLAL_AllSky-1240164426-1.xml,1240164426.0,58.004382900013475,54.394171768468894,112.39855466848238,1.066371286006736,851.9358579152745,0.05,8.169836284540246,0.047199185771882965,5.305120262288843,-0.21682868634474406,0.4334196401269706,364072.49770665535,4.379104060567193e-20,3.678447410876442e-14,Klein_extrema,extrema,1,2.5612743653586607,8.747761766857943,59635.510054069215,-60.755934418412494,-108.41434317237203,59466.33977647843,0.1983583582228691,0.1983583582228691,0.15,0.8408995767735059,1.027,1.0000056337301233,0.9523809523809523,4.776309596073514,-0.9036904039264861,recede,2.889464267513137,2.6290740575265373e+22,True,True,True,True,True,True
H1L1V1-GSTLAL_AllSky-1240215503-1.xml,1240215503.0,57.828217648508485,54.797079880814806,112.62529752932329,1.0553156805852884,1891.8601306726166,0.05,9.38278948295455,0.05,5.631264876466165,0.7917419063917475,0.528369728586381,443830.5720125601,2.2450520631189362e-20,1.8858437330199064e-14,Klein_extrema,extrema,1,3.5787292065627048,8.921002830291911,132430.20914708317,-726.9381399129229,395.8709531958737,132099.1419603661,0.4406353076446176,0.4406353076446176,0.15,0.840905359498551,1.027,1.0000125106007784,0.9523809523809523,4.77634244195177,-0.9036575580482298,recede,3.5224648572425394,5.838280363255695e+22,True,True,True,True,True,True
H1L1V1-GSTLAL_AllSky-1240290694-1.xml,1240290694.0,46.73431825622013,29.356853678708518,76.09117193492864,1.591938930775639,1678.7335108552425,0.05,9.37300196160068,0.03991042314048385,3.036830869178311,0.6643007142261679,0.28464221693857805,239099.46222840558,1.3770363322205596e-20,1.15671051906527e-14,Klein_extrema,extrema,1,2.850615463575923,8.89504919778054,117511.34575986698,596.6726565614476,332.15035711308394,118440.16877354152,0.395073877320628,0.395073877320628,0.15,0.8409041743616382,1.027,1.0000111012248882,0.9523809523809523,4.776335710374105,-0.9036642896258948,recede,1.8976147795905203,5.1805716144992786e+22,True,True,True,True,True,True
H1L1V1-GSTLAL_AllSky-1240233548-1.xml,1240233548.0,46.73431825622013,29.356853678708518,76.09117193492864,1.591938930775639,1678.7335108552425,0.05,9.37300196160068,0.03991042314048385,3.036830869178311,0.6643007142261679,0.28464221693857805,239099.46222840558,1.3770363322205596e-20,1.15671051906527e-14,Klein_extrema,extrema,1,2.850615463575923,8.89504919778054,117511.34575986698,596.6726565614476,332.15035711308394,118440.16877354152,0.395073877320628,0.395073877320628,0.15,0.8409041743616382,1.027,1.0000111012248882,0.9523809523809523,4.776335710374105,-0.9036642896258948,recede,1.8976147795905203,5.1805716144992786e+22,True,True,True,True,True,True
H1L1V1-GSTLAL_AllSky-1240327333-1.xml,1240327333.0,46.73431825622013,29.356853678708518,76.09117193492864,1.591938930775639,1678.7335108552425,0.05,9.37300196160068,0.03991042314048385,3.036830869178311,0.6643007142261679,0.28464221693857805,239099.46222840558,1.3770363322205596e-20,1.15671051906527e-14,Klein_extrema,extrema,1,2.850615463575923,8.89504919778054,117511.34575986698,596.6726565614476,332.15035711308394,118440.16877354152,0.395073877320628,0.395073877320628,0.15,0.8409041743616382,1.027,1.0000111012248882,0.9523809523809523,4.776335710374105,-0.9036642896258948,recede,1.8976147795905203,5.1805716144992786e+22,True,True,True,True,True,True
H1L1V1-GSTLAL_AllSky-1240325074-1.xml,1240325074.0,57.828217648508485,54.797079880814806,112.62529752932329,1.0553156805852884,1891.8601306726166,0.05,9.38278948295455,0.05,5.631264876466165,0.7917419063917475,0.528369728586381,443830.5720125601,2.2450520631189362e-20,1.8858437330199064e-14,Klein_extrema,extrema,1,3.5787292065627048,8.921002830291911,132430.20914708317,-726.9381399129229,395.8709531958737,132099.1419603661,0.4406353076446176,0.4406353076446176,0.15,0.840905359498551,1.027,1.0000125106007784,0.9523809523809523,4.77634244195177,-0.9036575580482298,recede,3.5224648572425394,5.838280363255695e+22,True,True,True,True,True,True
H1L1V1-GSTLAL_AllSky-1240399040-1.xml,1240399040.0,57.828217648508485,54.797079880814806,112.62529752932329,1.0553156805852884,1891.8601306726166,0.05,9.38278948295455,0.05,5.631264876466165,0.7917419063917475,0.528369728586381,443830.5720125601,2.2450520631189362e-20,1.8858437330199064e-14,Klein_extrema,extrema,1,3.5787292065627048,8.921002830291911,132430.20914708317,-726.9381399129229,395.8709531958737,132099.1419603661,0.4406353076446176,0.4406353076446176,0.15,0.840905359498551,1.027,1.0000125106007784,0.9523809523809523,4.77634244195177,-0.9036575580482298,recede,3.5224648572425394,5.838280363255695e+22,True,True,True,True,True,True
H1L1V1-GSTLAL_AllSky-1240352617-1.xml,1240352617.0,57.828217648508485,54.797079880814806,112.62529752932329,1.0553156805852884,1891.8601306726166,0.05,9.38278948295455,0.05,5.631264876466165,0.7917419063917475,0.528369728586381,443830.5720125601,2.2450520631189362e-20,1.8858437330199064e-14,Klein_extrema,extrema,1,3.5787292065627048,8.921002830291911,132430.20914708317,-726.9381399129229,395.8709531958737,132099.1419603661,0.4406353076446176,0.4406353076446176,0.15,0.840905359498551,1.027,1.0000125106007784,0.9523809523809523,4.77634244195177,-0.9036575580482298,recede,3.5224648572425394,5.838280363255695e+22,True,True,True,True,True,True
H1L1V1-GSTLAL_AllSky-1240630609-1.xml,1240630609.0,58.004382900013475,54.394171768468894,112.39855466848238,1.066371286006736,851.9358579152745,0.05,8.169836284540246,0.047199185771882965,5.305120262288843,-0.21682868634474406,0.4334196401269706,364072.49770665535,4.379104060567193e-20,3.678447410876442e-14,Klein_extrema,extrema,1,2.5612743653586607,8.747761766857943,59635.510054069215,-60.755934418412494,-108.41434317237203,59466.33977647843,0.1983583582228691,0.1983583582228691,0.15,0.8408995767735059,1.027,1.0000056337301233,0.9523809523809523,4.776309596073514,-0.9036904039264861,recede,2.889464267513137,2.6290740575265373e+22,True,True,True,True,True,True
H1L1V1-GSTLAL_AllSky-1240620590-1.xml,1240620590.0,35.28897021932417,16.247626689457686,51.53659690878186,2.1719461490472027,500.0,0.05,6.037284850717283,0.030537067890835073,1.5737765586660726,0.48183221614620103,0.0950133737604866,79811.23395880876,1.712146144773997e-20,1.4382027616101578e-14,Klein_deformada,extrema,1,0.9049103542236114,8.632043320000633,35000.0,-26.662532277672767,240.9161080731005,35214.253575795425,0.11746210632088491,0.11746210632088491,0.11746210632088491,0.8642686195481996,1.0211431791377592,1.0000025892004294,0.9523809523809523,4.9090457590337735,-0.7709542409662262,recede,0.6334224917365774,1.543e+22,True,True,True,True,True,True
H1L1V1-GSTLAL_AllSky-1240630634-1.xml,1240630634.0,57.828217648508485,54.797079880814806,112.62529752932329,1.0553156805852884,1891.8601306726166,0.05,9.38278948295455,0.05,5.631264876466165,0.7917419063917475,0.528369728586381,443830.5720125601,2.2450520631189362e-20,1.8858437330199064e-14,Klein_extrema,extrema,1,3.5787292065627048,8.921002830291911,132430.20914708317,-726.9381399129229,395.8709531958737,132099.1419603661,0.4406353076446176,0.4406353076446176,0.15,0.840905359498551,1.027,1.0000125106007784,0.9523809523809523,4.77634244195177,-0.9036575580482298,recede,3.5224648572425394,5.838280363255695e+22,True,True,True,True,True,True
H1L1V1-GSTLAL_AllSky-1240651041-1.xml,1240651041.0,57.828217648508485,54.797079880814806,112.62529752932329,1.0553156805852884,1891.8601306726166,0.05,9.38278948295455,0.05,5.631264876466165,0.7917419063917475,0.528369728586381,443830.5720125601,2.2450520631189362e-20,1.8858437330199064e-14,Klein_extrema,extrema,1,3.5787292065627048,8.921002830291911,132430.20914708317,-726.9381399129229,395.8709531958737,132099.1419603661,0.4406353076446176,0.4406353076446176,0.15,0.840905359498551,1.027,1.0000125106007784,0.9523809523809523,4.77634244195177,-0.9036575580482298,recede,3.5224648572425394,5.838280363255695e+22,True,True,True,True,True,True
H1L1V1-GSTLAL_AllSky-1240837251-1.xml,1240837251.0,57.828217648508485,54.797079880814806,112.62529752932329,1.0553156805852884,1891.8601306726166,0.05,9.38278948295455,0.05,5.631264876466165,0.7917419063917475,0.528369728586381,443830.5720125601,2.2450520631189362e-20,1.8858437330199064e-14,Klein_extrema,extrema,1,3.5787292065627048,8.921002830291911,132430.20914708317,-726.9381399129229,395.8709531958737,132099.1419603661,0.4406353076446176,0.4406353076446176,0.15,0.840905359498551,1.027,1.0000125106007784,0.9523809523809523,4.77634244195177,-0.9036575580482298,recede,3.5224648572425394,5.838280363255695e+22,True,True,True,True,True,True
H1L1V1-GSTLAL_AllSky-1240842666-1.xml,1240842666.0,58.004382900013475,54.394171768468894,112.39855466848238,1.066371286006736,851.9358579152745,0.05,8.169836284540246,0.047199185771882965,5.305120262288843,-0.21682868634474406,0.4334196401269706,364072.49770665535,4.379104060567193e-20,3.678447410876442e-14,Klein_extrema,extrema,1,2.5612743653586607,8.747761766857943,59635.510054069215,-60.755934418412494,-108.41434317237203,59466.33977647843,0.1983583582228691,0.1983583582228691,0.15,0.8408995767735059,1.027,1.0000056337301233,0.9523809523809523,4.776309596073514,-0.9036904039264861,recede,2.889464267513137,2.6290740575265373e+22,True,True,True,True,True,True
H1L1V1-GSTLAL_AllSky-1240935112-1.xml,1240935112.0,58.004382900013475,54.394171768468894,112.39855466848238,1.066371286006736,851.9358579152745,0.05,8.169836284540246,0.047199185771882965,5.305120262288843,-0.21682868634474406,0.4334196401269706,364072.49770665535,4.379104060567193e-20,3.678447410876442e-14,Klein_extrema,extrema,1,2.5612743653586607,8.747761766857943,59635.510054069215,-60.755934418412494,-108.41434317237203,59466.33977647843,0.1983583582228691,0.1983583582228691,0.15,0.8408995767735059,1.027,1.0000056337301233,0.9523809523809523,4.776309596073514,-0.9036904039264861,recede,2.889464267513137,2.6290740575265373e+22,True,True,True,True,True,True
H1L1V1-GSTLAL_AllSky-1240935340-1.xml,1240935340.0,58.004382900013475,54.394171768468894,112.39855466848238,1.066371286006736,851.9358579152745,0.05,8.169836284540246,0.047199185771882965,5.305120262288843,-0.21682868634474406,0.4334196401269706,364072.49770665535,4.379104060567193e-20,3.678447410876442e-14,Klein_extrema,extrema,1,2.5612743653586607,8.747761766857943,59635.510054069215,-60.755934418412494,-108.41434317237203,59466.33977647843,0.1983583582228691,0.1983583582228691,0.15,0.8408995767735059,1.027,1.0000056337301233,0.9523809523809523,4.776309596073514,-0.9036904039264861,recede,2.889464267513137,2.6290740575265373e+22,True,True,True,True,True,True
H1L1V1-GSTLAL_AllSky-1240944862-1.xml,1240944862.0,35.28897021932417,16.247626689457686,51.53659690878186,2.1719461490472027,500.0,0.05,6.037284850717283,0.030537067890835073,1.5737765586660726,0.48183221614620103,0.0950133737604866,79811.23395880876,1.712146144773997e-20,1.4382027616101578e-14,Klein_deformada,extrema,1,0.9049103542236114,8.632043320000633,35000.0,-26.662532277672767,240.9161080731005,35214.253575795425,0.11746210632088491,0.11746210632088491,0.11746210632088491,0.8642686195481996,1.0211431791377592,1.0000025892004294,0.9523809523809523,4.9090457590337735,-0.7709542409662262,recede,0.6334224917365774,1.543e+22,True,True,True,True,True,True
H1L1V1-GSTLAL_AllSky-1240978573-1.xml,1240978573.0,20.662438508629318,15.054283094015666,35.71672160264498,1.3725288929130732,4806.174810902099,0.05,6.51093926140139,0.04426791018414936,1.5811046239781552,0.6481715130366992,0.10294476172642653,86473.59985019828,1.5895226129751023e-21,1.335198994899086e-15,Klein_deformada,extrema,1,1.525707203124688,9.123458099321814,336432.23676314694,-361.83697982303363,324.08575651834957,336394.4855398423,1.1220912219874535,1.1220912219874535,0.15,0.8409215651790338,1.027,1.000031782547428,0.9523809523809523,4.776434490216912,-0.9035655097830881,recede,0.6862984115095101,1.4831855466443878e+23,True,True,True,True,True,True
H1L1V1-GSTLAL_AllSky-1241108686-1.xml,1241108686.0,58.004382900013475,54.394171768468894,112.39855466848238,1.066371286006736,851.9358579152745,0.05,8.169836284540246,0.047199185771882965,5.305120262288843,-0.21682868634474406,0.4334196401269706,364072.49770665535,4.379104060567193e-20,3.678447410876442e-14,Klein_extrema,extrema,1,2.5612743653586607,8.747761766857943,59635.510054069215,-60.755934418412494,-108.41434317237203,59466.33977647843,0.1983583582228691,0.1983583582228691,0.15,0.8408995767735059,1.027,1.0000056337301233,0.9523809523809523,4.776309596073514,-0.9036904039264861,recede,2.889464267513137,2.6290740575265373e+22,True,True,True,True,True,True
H1L1V1-GSTLAL_AllSky-1241208674-1.xml,1241208674.0,58.004382900013475,54.394171768468894,112.39855466848238,1.066371286006736,851.9358579152745,0.05,8.169836284540246,0.047199185771882965,5.305120262288843,-0.21682868634474406,0.4334196401269706,364072.49770665535,4.379104060567193e-20,3.678447410876442e-14,Klein_extrema,extrema,1,2.5612743653586607,8.747761766857943,59635.510054069215,-60.755934418412494,-108.41434317237203,59466.33977647843,0.1983583582228691,0.1983583582228691,0.15,0.8408995767735059,1.027,1.0000056337301233,0.9523809523809523,4.776309596073514,-0.9036904039264861,recede,2.889464267513137,2.6290740575265373e+22,True,True,True,True,True,True
H1L1V1-GSTLAL_AllSky-1241228096-1.xml,1241228096.0,58.004382900013475,54.394171768468894,112.39855466848238,1.066371286006736,851.9358579152745,0.05,8.169836284540246,0.047199185771882965,5.305120262288843,-0.21682868634474406,0.4334196401269706,364072.49770665535,4.379104060567193e-20,3.678447410876442e-14,Klein_extrema,extrema,1,2.5612743653586607,8.747761766857943,59635.510054069215,-60.755934418412494,-108.41434317237203,59466.33977647843,0.1983583582228691,0.1983583582228691,0.15,0.8408995767735059,1.027,1.0000056337301233,0.9523809523809523,4.776309596073514,-0.9036904039264861,recede,2.889464267513137,2.6290740575265373e+22,True,True,True,True,True,True
H1L1V1-GSTLAL_AllSky-1241577622-1.xml,1241577622.0,35.28897021932417,16.247626689457686,51.53659690878186,2.1719461490472027,500.0,0.05,6.037284850717283,0.030537067890835073,1.5737765586660726,0.48183221614620103,0.0950133737604866,79811.23395880876,1.712146144773997e-20,1.4382027616101578e-14,Klein_deformada,extrema,1,0.9049103542236114,8.632043320000633,35000.0,-26.662532277672767,240.9161080731005,35214.253575795425,0.11746210632088491,0.11746210632088491,0.11746210632088491,0.8642686195481996,1.0211431791377592,1.0000025892004294,0.9523809523809523,4.9090457590337735,-0.7709542409662262,recede,0.6334224917365774,1.543e+22,True,True,True,True,True,True
H1L1V1-GSTLAL_AllSky-1241587773-1.xml,1241587773.0,35.28897021932417,16.247626689457686,51.53659690878186,2.1719461490472027,500.0,0.05,6.037284850717283,0.030537067890835073,1.5737765586660726,0.48183221614620103,0.0950133737604866,79811.23395880876,1.712146144773997e-20,1.4382027616101578e-14,Klein_deformada,extrema,1,0.9049103542236114,8.632043320000633,35000.0,-26.662532277672767,240.9161080731005,35214.253575795425,0.11746210632088491,0.11746210632088491,0.11746210632088491,0.8642686195481996,1.0211431791377592,1.0000025892004294,0.9523809523809523,4.9090457590337735,-0.7709542409662262,recede,0.6334224917365774,1.543e+22,True,True,True,True,True,True
H1L1V1-GSTLAL_AllSky-1241318316-1.xml,1241318316.0,35.28897021932417,16.247626689457686,51.53659690878186,2.1719461490472027,500.0,0.05,6.037284850717283,0.030537067890835073,1.5737765586660726,0.48183221614620103,0.0950133737604866,79811.23395880876,1.712146144773997e-20,1.4382027616101578e-14,Klein_deformada,extrema,1,0.9049103542236114,8.632043320000633,35000.0,-26.662532277672767,240.9161080731005,35214.253575795425,0.11746210632088491,0.11746210632088491,0.11746210632088491,0.8642686195481996,1.0211431791377592,1.0000025892004294,0.9523809523809523,4.9090457590337735,-0.7709542409662262,recede,0.6334224917365774,1.543e+22,True,True,True,True,True,True
H1L1V1-GSTLAL_AllSky-1241418140-1.xml,1241418140.0,20.662438508629318,15.054283094015666,35.71672160264498,1.3725288929130732,4806.174810902099,0.05,6.51093926140139,0.04426791018414936,1.5811046239781552,0.6481715130366992,0.10294476172642653,86473.59985019828,1.5895226129751023e-21,1.335198994899086e-15,Klein_deformada,extrema,1,1.525707203124688,9.123458099321814,336432.23676314694,-361.83697982303363,324.08575651834957,336394.4855398423,1.1220912219874535,1.1220912219874535,0.15,0.8409215651790338,1.027,1.000031782547428,0.9523809523809523,4.776434490216912,-0.9035655097830881,recede,0.6862984115095101,1.4831855466443878e+23,True,True,True,True,True,True
H1L1V1-GSTLAL_AllSky-1241419760-1.xml,1241419760.0,44.778878593391894,19.639961981122497,64.41884057451439,2.2799880486750626,3276.5842797572645,0.05,8.053356622248533,0.0298948305658437,1.925790324223205,0.5157885003278047,0.15509076260645097,130276.24058941883,3.629871460282692e-21,3.049092026637462e-15,Klein_deformada,extrema,1,1.5763216744594906,9.040268989475845,229360.89958300852,85.92876317345724,257.8942501639023,229704.72259634588,0.7662124795559263,0.7662124795559263,0.15,0.8409130595582835,1.027,1.0000216675837585,0.9523809523809523,4.77638617829105,-0.9036138217089498,recede,1.0339384173763397,1.0111539087330918e+23,True,True,True,True,True,True
H1L1V1-GSTLAL_AllSky-1241263448-1.xml,1241263448.0,35.28897021932417,16.247626689457686,51.53659690878186,2.1719461490472027,500.0,0.05,6.037284850717283,0.030537067890835073,1.5737765586660726,0.48183221614620103,0.0950133737604866,79811.23395880876,1.712146144773997e-20,1.4382027616101578e-14,Klein_deformada,extrema,1,0.9049103542236114,8.632043320000633,35000.0,-26.662532277672767,240.9161080731005,35214.253575795425,0.11746210632088491,0.11746210632088491,0.11746210632088491,0.8642686195481996,1.0211431791377592,1.0000025892004294,0.9523809523809523,4.9090457590337735,-0.7709542409662262,recede,0.6334224917365774,1.543e+22,True,True,True,True,True,True
H1L1V1-GSTLAL_AllSky-1241264117-1.xml,1241264117.0,35.28897021932417,16.247626689457686,51.53659690878186,2.1719461490472027,500.0,0.05,6.037284850717283,0.030537067890835073,1.5737765586660726,0.48183221614620103,0.0950133737604866,79811.23395880876,1.712146144773997e-20,1.4382027616101578e-14,Klein_deformada,extrema,1,0.9049103542236114,8.632043320000633,35000.0,-26.662532277672767,240.9161080731005,35214.253575795425,0.11746210632088491,0.11746210632088491,0.11746210632088491,0.8642686195481996,1.0211431791377592,1.0000025892004294,0.9523809523809523,4.9090457590337735,-0.7709542409662262,recede,0.6334224917365774,1.543e+22,True,True,True,True,True,True
H1L1V1-GSTLAL_AllSky-1241634009-1.xml,1241634009.0,35.28897021932417,16.247626689457686,51.53659690878186,2.1719461490472027,500.0,0.05,6.037284850717283,0.030537067890835073,1.5737765586660726,0.48183221614620103,0.0950133737604866,79811.23395880876,1.712146144773997e-20,1.4382027616101578e-14,Klein_deformada,extrema,1,0.9049103542236114,8.632043320000633,35000.0,-26.662532277672767,240.9161080731005,35214.253575795425,0.11746210632088491,0.11746210632088491,0.11746210632088491,0.8642686195481996,1.0211431791377592,1.0000025892004294,0.9523809523809523,4.9090457590337735,-0.7709542409662262,recede,0.6334224917365774,1.543e+22,True,True,True,True,True,True
H1L1V1-GSTLAL_AllSky-1241676985-1.xml,1241676985.0,20.662438508629318,15.054283094015666,35.71672160264498,1.3725288929130732,4806.174810902099,0.05,6.51093926140139,0.04426791018414936,1.5811046239781552,0.6481715130366992,0.10294476172642653,86473.59985019828,1.5895226129751023e-21,1.335198994899086e-15,Klein_deformada,extrema,1,1.525707203124688,9.123458099321814,336432.23676314694,-361.83697982303363,324.08575651834957,336394.4855398423,1.1220912219874535,1.1220912219874535,0.15,0.8409215651790338,1.027,1.000031782547428,0.9523809523809523,4.776434490216912,-0.9035655097830881,recede,0.6862984115095101,1.4831855466443878e+23,True,True,True,True,True,True
H1L1V1-GSTLAL_AllSky-1241710671-1.xml,1241710671.0,20.662438508629318,15.054283094015666,35.71672160264498,1.3725288929130732,4806.174810902099,0.05,6.51093926140139,0.04426791018414936,1.5811046239781552,0.6481715130366992,0.10294476172642653,86473.59985019828,1.5895226129751023e-21,1.335198994899086e-15,Klein_deformada,extrema,1,1.525707203124688,9.123458099321814,336432.23676314694,-361.83697982303363,324.08575651834957,336394.4855398423,1.1220912219874535,1.1220912219874535,0.15,0.8409215651790338,1.027,1.000031782547428,0.9523809523809523,4.776434490216912,-0.9035655097830881,recede,0.6862984115095101,1.4831855466443878e+23,True,True,True,True,True,True
H1L1V1-GSTLAL_AllSky-1241719652-1.xml,1241719652.0,20.662438508629318,15.054283094015666,35.71672160264498,1.3725288929130732,4806.174810902099,0.05,6.51093926140139,0.04426791018414936,1.5811046239781552,0.6481715130366992,0.10294476172642653,86473.59985019828,1.5895226129751023e-21,1.335198994899086e-15,Klein_deformada,extrema,1,1.525707203124688,9.123458099321814,336432.23676314694,-361.83697982303363,324.08575651834957,336394.4855398423,1.1220912219874535,1.1220912219874535,0.15,0.8409215651790338,1.027,1.000031782547428,0.9523809523809523,4.776434490216912,-0.9035655097830881,recede,0.6862984115095101,1.4831855466443878e+23,True,True,True,True,True,True
H1L1V1-GSTLAL_AllSky-1241816086-1.xml,1241816086.0,44.778878593391894,19.639961981122497,64.41884057451439,2.2799880486750626,3276.5842797572645,0.05,8.053356622248533,0.0298948305658437,1.925790324223205,0.5157885003278047,0.15509076260645097,130276.24058941883,3.629871460282692e-21,3.049092026637462e-15,Klein_deformada,extrema,1,1.5763216744594906,9.040268989475845,229360.89958300852,85.92876317345724,257.8942501639023,229704.72259634588,0.7662124795559263,0.7662124795559263,0.15,0.8409130595582835,1.027,1.0000216675837585,0.9523809523809523,4.77638617829105,-0.9036138217089498,recede,1.0339384173763397,1.0111539087330918e+23,True,True,True,True,True,True
H1L1V1-GSTLAL_AllSky-1241850801-1.xml,1241850801.0,14.908335467736602,14.534320067668524,29.442655535405127,1.025733257443537,1319.4146390039416,0.05,6.818797014428441,0.049978163782819794,1.4714898605496232,0.11071089316251204,0.10033790667877493,84283.84161017094,6.304920722176351e-21,5.2961334066281345e-15,Klein_deformada,extrema,1,1.8892555606534804,8.84274896698306,92359.02473027591,-11.758736414754594,55.35544658125602,92402.62144044242,0.30822196814718544,0.30822196814718544,0.15,0.840902176290919,1.027,1.0000087251005199,0.9523809523809523,4.77632436133242,-0.9036756386675799,recede,0.6689193778584995,4.071713575966164e+22,True,True,True,True,True,True
H1L1V1-GSTLAL_AllSky-1241852074-1.xml,1241852074.0,20.662438508629318,15.054283094015666,35.71672160264498,1.3725288929130732,4806.174810902099,0.05,6.51093926140139,0.04426791018414936,1.5811046239781552,0.6481715130366992,0.10294476172642653,86473.59985019828,1.5895226129751023e-21,1.335198994899086e-15,Klein_deformada,extrema,1,1.525707203124688,9.123458099321814,336432.23676314694,-361.83697982303363,324.08575651834957,336394.4855398423,1.1220912219874535,1.1220912219874535,0.15,0.8409215651790338,1.027,1.000031782547428,0.9523809523809523,4.776434490216912,-0.9035655097830881,recede,0.6862984115095101,1.4831855466443878e+23,True,True,True,True,True,True
H1L1V1-GSTLAL_AllSky-1241912955-1.xml,1241912955.0,20.662438508629318,15.054283094015666,35.71672160264498,1.3725288929130732,4806.174810902099,0.05,6.51093926140139,0.04426791018414936,1.5811046239781552,0.6481715130366992,0.10294476172642653,86473.59985019828,1.5895226129751023e-21,1.335198994899086e-15,Klein_deformada,extrema,1,1.525707203124688,9.123458099321814,336432.23676314694,-361.83697982303363,324.08575651834957,336394.4855398423,1.1220912219874535,1.1220912219874535,0.15,0.8409215651790338,1.027,1.000031782547428,0.9523809523809523,4.776434490216912,-0.9035655097830881,recede,0.6862984115095101,1.4831855466443878e+23,True,True,True,True,True,True
H1L1V1-GSTLAL_AllSky-1241940902-1.xml,1241940902.0,20.662438508629318,15.054283094015666,35.71672160264498,1.3725288929130732,4806.174810902099,0.05,6.51093926140139,0.04426791018414936,1.5811046239781552,0.6481715130366992,0.10294476172642653,86473.59985019828,1.5895226129751023e-21,1.335198994899086e-15,Klein_deformada,extrema,1,1.525707203124688,9.123458099321814,336432.23676314694,-361.83697982303363,324.08575651834957,336394.4855398423,1.1220912219874535,1.1220912219874535,0.15,0.8409215651790338,1.027,1.000031782547428,0.9523809523809523,4.776434490216912,-0.9035655097830881,recede,0.6862984115095101,1.4831855466443878e+23,True,True,True,True,True,True
H1L1V1-GSTLAL_AllSky-1241956664-1.xml,1241956664.0,44.778878593391894,19.639961981122497,64.41884057451439,2.2799880486750626,3276.5842797572645,0.05,8.053356622248533,0.0298948305658437,1.925790324223205,0.5157885003278047,0.15509076260645097,130276.24058941883,3.629871460282692e-21,3.049092026637462e-15,Klein_deformada,extrema,1,1.5763216744594906,9.040268989475845,229360.89958300852,85.92876317345724,257.8942501639023,229704.72259634588,0.7662124795559263,0.7662124795559263,0.15,0.8409130595582835,1.027,1.0000216675837585,0.9523809523809523,4.77638617829105,-0.9036138217089498,recede,1.0339384173763397,1.0111539087330918e+23,True,True,True,True,True,True
H1L1V1-GSTLAL_AllSky-1241959580-1.xml,1241959580.0,44.778878593391894,19.639961981122497,64.41884057451439,2.2799880486750626,3276.5842797572645,0.05,8.053356622248533,0.0298948305658437,1.925790324223205,0.5157885003278047,0.15509076260645097,130276.24058941883,3.629871460282692e-21,3.049092026637462e-15,Klein_deformada,extrema,1,1.5763216744594906,9.040268989475845,229360.89958300852,85.92876317345724,257.8942501639023,229704.72259634588,0.7662124795559263,0.7662124795559263,0.15,0.8409130595582835,1.027,1.0000216675837585,0.9523809523809523,4.77638617829105,-0.9036138217089498,recede,1.0339384173763397,1.0111539087330918e+23,True,True,True,True,True,True
H1L1V1-GSTLAL_AllSky-1242107479-1.xml,1242107479.0,44.778878593391894,19.639961981122497,64.41884057451439,2.2799880486750626,3276.5842797572645,0.05,8.053356622248533,0.0298948305658437,1.925790324223205,0.5157885003278047,0.15509076260645097,130276.24058941883,3.629871460282692e-21,3.049092026637462e-15,Klein_deformada,extrema,1,1.5763216744594906,9.040268989475845,229360.89958300852,85.92876317345724,257.8942501639023,229704.72259634588,0.7662124795559263,0.7662124795559263,0.15,0.8409130595582835,1.027,1.0000216675837585,0.9523809523809523,4.77638617829105,-0.9036138217089498,recede,1.0339384173763397,1.0111539087330918e+23,True,True,True,True,True,True
H1L1V1-GSTLAL_AllSky-1242139414-1.xml,1242139414.0,14.908335467736602,14.534320067668524,29.442655535405127,1.025733257443537,1319.4146390039416,0.05,6.818797014428441,0.049978163782819794,1.4714898605496232,0.11071089316251204,0.10033790667877493,84283.84161017094,6.304920722176351e-21,5.2961334066281345e-15,Klein_deformada,extrema,1,1.8892555606534804,8.84274896698306,92359.02473027591,-11.758736414754594,55.35544658125602,92402.62144044242,0.30822196814718544,0.30822196814718544,0.15,0.840902176290919,1.027,1.0000087251005199,0.9523809523809523,4.77632436133242,-0.9036756386675799,recede,0.6689193778584995,4.071713575966164e+22,True,True,True,True,True,True
H1L1V1-GSTLAL_AllSky-1242279434-1.xml,1242279434.0,55.218757276350914,48.98621966999569,104.2049769463466,1.1272304261962203,2525.8355566789346,0.05,6.813361902961196,0.05,5.210248847317331,0.7917775865584844,0.35499311001259387,298194.21241057885,1.1021256135221059e-20,9.25785515358569e-15,Klein_extrema,extrema,1,1.8870691227936185,8.983760854134747,176808.48896752542,332.4421037152217,395.8887932792422,177536.8198645199,0.5921990868246589,0.5921990868246589,0.15,0.8409088848567622,1.027,1.0000167029897027,0.9523809523809523,4.776362465986409,-0.9036375340135905,recede,2.3666207334172924,7.794728527911192e+22,True,True,True,True,True,True
H1L1V1-GSTLAL_AllSky-1242290807-1.xml,1242290807.0,44.778878593391894,19.639961981122497,64.41884057451439,2.2799880486750626,3276.5842797572645,0.05,8.053356622248533,0.0298948305658437,1.925790324223205,0.5157885003278047,0.15509076260645097,130276.24058941883,3.629871460282692e-21,3.049092026637462e-15,Klein_deformada,extrema,1,1.5763216744594906,9.040268989475845,229360.89958300852,85.92876317345724,257.8942501639023,229704.72259634588,0.7662124795559263,0.7662124795559263,0.15,0.8409130595582835,1.027,1.0000216675837585,0.9523809523809523,4.77638617829105,-0.9036138217089498,recede,1.0339384173763397,1.0111539087330918e+23,True,True,True,True,True,True
H1L1V1-GSTLAL_AllSky-1242315362-1.xml,1242315362.0,44.778878593391894,19.639961981122497,64.41884057451439,2.2799880486750626,3276.5842797572645,0.05,8.053356622248533,0.0298948305658437,1.925790324223205,0.5157885003278047,0.15509076260645097,130276.24058941883,3.629871460282692e-21,3.049092026637462e-15,Klein_deformada,extrema,1,1.5763216744594906,9.040268989475845,229360.89958300852,85.92876317345724,257.8942501639023,229704.72259634588,0.7662124795559263,0.7662124795559263,0.15,0.8409130595582835,1.027,1.0000216675837585,0.9523809523809523,4.77638617829105,-0.9036138217089498,recede,1.0339384173763397,1.0111539087330918e+23,True,True,True,True,True,True
H1L1V1-GSTLAL_AllSky-1242369559-1.xml,1242369559.0,44.778878593391894,19.639961981122497,64.41884057451439,2.2799880486750626,3276.5842797572645,0.05,8.053356622248533,0.0298948305658437,1.925790324223205,0.5157885003278047,0.15509076260645097,130276.24058941883,3.629871460282692e-21,3.049092026637462e-15,Klein_deformada,extrema,1,1.5763216744594906,9.040268989475845,229360.89958300852,85.92876317345724,257.8942501639023,229704.72259634588,0.7662124795559263,0.7662124795559263,0.15,0.8409130595582835,1.027,1.0000216675837585,0.9523809523809523,4.77638617829105,-0.9036138217089498,recede,1.0339384173763397,1.0111539087330918e+23,True,True,True,True,True,True
H1L1V1-GSTLAL_AllSky-1242420354-1.xml,1242420354.0,14.908335467736602,14.534320067668524,29.442655535405127,1.025733257443537,1319.4146390039416,0.05,6.818797014428441,0.049978163782819794,1.4714898605496232,0.11071089316251204,0.10033790667877493,84283.84161017094,6.304920722176351e-21,5.2961334066281345e-15,Klein_deformada,extrema,1,1.8892555606534804,8.84274896698306,92359.02473027591,-11.758736414754594,55.35544658125602,92402.62144044242,0.30822196814718544,0.30822196814718544,0.15,0.840902176290919,1.027,1.0000087251005199,0.9523809523809523,4.77632436133242,-0.9036756386675799,recede,0.6689193778584995,4.071713575966164e+22,True,True,True,True,True,True
H1L1V1-GSTLAL_AllSky-1242442967-1.xml,1242442967.0,14.908335467736602,14.534320067668524,29.442655535405127,1.025733257443537,1319.4146390039416,0.05,6.818797014428441,0.049978163782819794,1.4714898605496232,0.11071089316251204,0.10033790667877493,84283.84161017094,6.304920722176351e-21,5.2961334066281345e-15,Klein_deformada,extrema,1,1.8892555606534804,8.84274896698306,92359.02473027591,-11.758736414754594,55.35544658125602,92402.62144044242,0.30822196814718544,0.30822196814718544,0.15,0.840902176290919,1.027,1.0000087251005199,0.9523809523809523,4.77632436133242,-0.9036756386675799,recede,0.6689193778584995,4.071713575966164e+22,True,True,True,True,True,True
H1L1V1-GSTLAL_AllSky-1242456568-1.xml,1242456568.0,14.908335467736602,14.534320067668524,29.442655535405127,1.025733257443537,1319.4146390039416,0.05,6.818797014428441,0.049978163782819794,1.4714898605496232,0.11071089316251204,0.10033790667877493,84283.84161017094,6.304920722176351e-21,5.2961334066281345e-15,Klein_deformada,extrema,1,1.8892555606534804,8.84274896698306,92359.02473027591,-11.758736414754594,55.35544658125602,92402.62144044242,0.30822196814718544,0.30822196814718544,0.15,0.840902176290919,1.027,1.0000087251005199,0.9523809523809523,4.77632436133242,-0.9036756386675799,recede,0.6689193778584995,4.071713575966164e+22,True,True,True,True,True,True
H1L1V1-GSTLAL_AllSky-1242510975-1.xml,1242510975.0,71.48170497654195,34.866522132860624,106.34822710940257,2.0501530007540567,942.7723420834559,0.05,7.460523447692578,0.031733456514851294,3.374796840407756,0.47838751989940037,0.2517775095906089,211493.1080561115,2.2788791192776836e-20,1.914258460193254e-14,Klein_extrema,extrema,1,1.4359881873831482,8.769761734448666,65994.06394584192,-63.889904284554746,239.1937599497002,66169.36780150706,0.2207172530054344,0.2207172530054344,0.15,0.8409000818895281,1.027,1.0000062344188165,0.9523809523809523,4.77631246513252,-0.9036875348674798,recede,1.6785167306040596,2.9093954476695448e+22,True,True,True,True,True,True
H1L1V1-GSTLAL_AllSky-1242459857-1.xml,1242459857.0,55.218757276350914,48.98621966999569,104.2049769463466,1.1272304261962203,2525.8355566789346,0.05,6.813361902961196,0.05,5.210248847317331,0.7917775865584844,0.35499311001259387,298194.21241057885,1.1021256135221059e-20,9.25785515358569e-15,Klein_extrema,extrema,1,1.8870691227936185,8.983760854134747,176808.48896752542,332.4421037152217,395.8887932792422,177536.8198645199,0.5921990868246589,0.5921990868246589,0.15,0.8409088848567622,1.027,1.0000167029897027,0.9523809523809523,4.776362465986409,-0.9036375340135905,recede,2.3666207334172924,7.794728527911192e+22,True,True,True,True,True,True
H1L1V1-GSTLAL_AllSky-1242565015-1.xml,1242565015.0,14.908335467736602,14.534320067668524,29.442655535405127,1.025733257443537,1319.4146390039416,0.05,6.818797014428441,0.049978163782819794,1.4714898605496232,0.11071089316251204,0.10033790667877493,84283.84161017094,6.304920722176351e-21,5.2961334066281345e-15,Klein_deformada,extrema,1,1.8892555606534804,8.84274896698306,92359.02473027591,-11.758736414754594,55.35544658125602,92402.62144044242,0.30822196814718544,0.30822196814718544,0.15,0.840902176290919,1.027,1.0000087251005199,0.9523809523809523,4.77632436133242,-0.9036756386675799,recede,0.6689193778584995,4.071713575966164e+22,True,True,True,True,True,True
H1L1V1-GSTLAL_AllSky-1242566558-1.xml,1242566558.0,14.908335467736602,14.534320067668524,29.442655535405127,1.025733257443537,1319.4146390039416,0.05,6.818797014428441,0.049978163782819794,1.4714898605496232,0.11071089316251204,0.10033790667877493,84283.84161017094,6.304920722176351e-21,5.2961334066281345e-15,Klein_deformada,extrema,1,1.8892555606534804,8.84274896698306,92359.02473027591,-11.758736414754594,55.35544658125602,92402.62144044242,0.30822196814718544,0.30822196814718544,0.15,0.840902176290919,1.027,1.0000087251005199,0.9523809523809523,4.77632436133242,-0.9036756386675799,recede,0.6689193778584995,4.071713575966164e+22,True,True,True,True,True,True
H1L1V1-GSTLAL_AllSky-1242571165-1.xml,1242571165.0,14.908335467736602,14.534320067668524,29.442655535405127,1.025733257443537,1319.4146390039416,0.05,6.818797014428441,0.049978163782819794,1.4714898605496232,0.11071089316251204,0.10033790667877493,84283.84161017094,6.304920722176351e-21,5.2961334066281345e-15,Klein_deformada,extrema,1,1.8892555606534804,8.84274896698306,92359.02473027591,-11.758736414754594,55.35544658125602,92402.62144044242,0.30822196814718544,0.30822196814718544,0.15,0.840902176290919,1.027,1.0000087251005199,0.9523809523809523,4.77632436133242,-0.9036756386675799,recede,0.6689193778584995,4.071713575966164e+22,True,True,True,True,True,True
H1L1V1-GSTLAL_AllSky-1242588150-1.xml,1242588150.0,55.218757276350914,48.98621966999569,104.2049769463466,1.1272304261962203,2525.8355566789346,0.05,6.813361902961196,0.05,5.210248847317331,0.7917775865584844,0.35499311001259387,298194.21241057885,1.1021256135221059e-20,9.25785515358569e-15,Klein_extrema,extrema,1,1.8870691227936185,8.983760854134747,176808.48896752542,332.4421037152217,395.8887932792422,177536.8198645199,0.5921990868246589,0.5921990868246589,0.15,0.8409088848567622,1.027,1.0000167029897027,0.9523809523809523,4.776362465986409,-0.9036375340135905,recede,2.3666207334172924,7.794728527911192e+22,True,True,True,True,True,True
H1L1V1-GSTLAL_AllSky-1242632879-1.xml,1242632879.0,55.218757276350914,48.98621966999569,104.2049769463466,1.1272304261962203,2525.8355566789346,0.05,6.813361902961196,0.05,5.210248847317331,0.7917775865584844,0.35499311001259387,298194.21241057885,1.1021256135221059e-20,9.25785515358569e-15,Klein_extrema,extrema,1,1.8870691227936185,8.983760854134747,176808.48896752542,332.4421037152217,395.8887932792422,177536.8198645199,0.5921990868246589,0.5921990868246589,0.15,0.8409088848567622,1.027,1.0000167029897027,0.9523809523809523,4.776362465986409,-0.9036375340135905,recede,2.3666207334172924,7.794728527911192e+22,True,True,True,True,True,True
H1L1V1-GSTLAL_AllSky-1242717927-1.xml,1242717927.0,55.218757276350914,48.98621966999569,104.2049769463466,1.1272304261962203,2525.8355566789346,0.05,6.813361902961196,0.05,5.210248847317331,0.7917775865584844,0.35499311001259387,298194.21241057885,1.1021256135221059e-20,9.25785515358569e-15,Klein_extrema,extrema,1,1.8870691227936185,8.983760854134747,176808.48896752542,332.4421037152217,395.8887932792422,177536.8198645199,0.5921990868246589,0.5921990868246589,0.15,0.8409088848567622,1.027,1.0000167029897027,0.9523809523809523,4.776362465986409,-0.9036375340135905,recede,2.3666207334172924,7.794728527911192e+22,True,True,True,True,True,True
H1L1V1-GSTLAL_AllSky-1242753325-1.xml,1242753325.0,71.48170497654195,34.866522132860624,106.34822710940257,2.0501530007540567,942.7723420834559,0.05,7.460523447692578,0.031733456514851294,3.374796840407756,0.47838751989940037,0.2517775095906089,211493.1080561115,2.2788791192776836e-20,1.914258460193254e-14,Klein_extrema,extrema,1,1.4359881873831482,8.769761734448666,65994.06394584192,-63.889904284554746,239.1937599497002,66169.36780150706,0.2207172530054344,0.2207172530054344,0.15,0.8409000818895281,1.027,1.0000062344188165,0.9523809523809523,4.77631246513252,-0.9036875348674798,recede,1.6785167306040596,2.9093954476695448e+22,True,True,True,True,True,True
H1L1V1-GSTLAL_AllSky-1242729611-1.xml,1242729611.0,13.912352400646625,10.712023514409907,24.624375915056532,1.298760442593466,1719.0886564858022,0.05,7.624218526858924,0.04675250232788311,1.1512511922913493,0.7104080244638495,0.08777390669336133,73730.08162242352,4.1381907044212565e-21,3.4760801917138554e-15,Klein_deformada,extrema,1,2.209481758438962,8.900207455137673,120336.20595400615,-232.56835317159937,355.20401223192476,120458.84161306647,0.40180744511280025,0.40180744511280025,0.15,0.8409043987652004,1.027,1.0000113680877012,0.9523809523809523,4.776336984986338,-0.9036630150136613,recede,0.5851593779557421,5.305107593915186e+22,True,True,True,True,True,True
H1L1V1-GSTLAL_AllSky-1242755794-1.xml,1242755794.0,55.218757276350914,48.98621966999569,104.2049769463466,1.1272304261962203,2525.8355566789346,0.05,6.813361902961196,0.05,5.210248847317331,0.7917775865584844,0.35499311001259387,298194.21241057885,1.1021256135221059e-20,9.25785515358569e-15,Klein_extrema,extrema,1,1.8870691227936185,8.983760854134747,176808.48896752542,332.4421037152217,395.8887932792422,177536.8198645199,0.5921990868246589,0.5921990868246589,0.15,0.8409088848567622,1.027,1.0000167029897027,0.9523809523809523,4.776362465986409,-0.9036375340135905,recede,2.3666207334172924,7.794728527911192e+22,True,True,True,True,True,True
H1L1V1-GSTLAL_AllSky-1242794162-1.xml,1242794162.0,55.218757276350914,48.98621966999569,104.2049769463466,1.1272304261962203,2525.8355566789346,0.05,6.813361902961196,0.05,5.210248847317331,0.7917775865584844,0.35499311001259387,298194.21241057885,1.1021256135221059e-20,9.25785515358569e-15,Klein_extrema,extrema,1,1.8870691227936185,8.983760854134747,176808.48896752542,332.4421037152217,395.8887932792422,177536.8198645199,0.5921990868246589,0.5921990868246589,0.15,0.8409088848567622,1.027,1.0000167029897027,0.9523809523809523,4.776362465986409,-0.9036375340135905,recede,2.3666207334172924,7.794728527911192e+22,True,True,True,True,True,True
H1L1V1-GSTLAL_AllSky-1242808754-1.xml,1242808754.0,55.218757276350914,48.98621966999569,104.2049769463466,1.1272304261962203,2525.8355566789346,0.05,6.813361902961196,0.05,5.210248847317331,0.7917775865584844,0.35499311001259387,298194.21241057885,1.1021256135221059e-20,9.25785515358569e-15,Klein_extrema,extrema,1,1.8870691227936185,8.983760854134747,176808.48896752542,332.4421037152217,395.8887932792422,177536.8198645199,0.5921990868246589,0.5921990868246589,0.15,0.8409088848567622,1.027,1.0000167029897027,0.9523809523809523,4.776362465986409,-0.9036375340135905,recede,2.3666207334172924,7.794728527911192e+22,True,True,True,True,True,True
H1L1V1-GSTLAL_AllSky-1242837242-1.xml,1242837242.0,71.48170497654195,34.866522132860624,106.34822710940257,2.0501530007540567,942.7723420834559,0.05,7.460523447692578,0.031733456514851294,3.374796840407756,0.47838751989940037,0.2517775095906089,211493.1080561115,2.2788791192776836e-20,1.914258460193254e-14,Klein_extrema,extrema,1,1.4359881873831482,8.769761734448666,65994.06394584192,-63.889904284554746,239.1937599497002,66169.36780150706,0.2207172530054344,0.2207172530054344,0.15,0.8409000818895281,1.027,1.0000062344188165,0.9523809523809523,4.77631246513252,-0.9036875348674798,recede,1.6785167306040596,2.9093954476695448e+22,True,True,True,True,True,True
H1L1V1-GSTLAL_AllSky-1242969291-1.xml,1242969291.0,71.48170497654195,34.866522132860624,106.34822710940257,2.0501530007540567,942.7723420834559,0.05,7.460523447692578,0.031733456514851294,3.374796840407756,0.47838751989940037,0.2517775095906089,211493.1080561115,2.2788791192776836e-20,1.914258460193254e-14,Klein_extrema,extrema,1,1.4359881873831482,8.769761734448666,65994.06394584192,-63.889904284554746,239.1937599497002,66169.36780150706,0.2207172530054344,0.2207172530054344,0.15,0.8409000818895281,1.027,1.0000062344188165,0.9523809523809523,4.77631246513252,-0.9036875348674798,recede,1.6785167306040596,2.9093954476695448e+22,True,True,True,True,True,True
H1L1V1-GSTLAL_AllSky-1242850387-1.xml,1242850387.0,71.48170497654195,34.866522132860624,106.34822710940257,2.0501530007540567,942.7723420834559,0.05,7.460523447692578,0.031733456514851294,3.374796840407756,0.47838751989940037,0.2517775095906089,211493.1080561115,2.2788791192776836e-20,1.914258460193254e-14,Klein_extrema,extrema,1,1.4359881873831482,8.769761734448666,65994.06394584192,-63.889904284554746,239.1937599497002,66169.36780150706,0.2207172530054344,0.2207172530054344,0.15,0.8409000818895281,1.027,1.0000062344188165,0.9523809523809523,4.77631246513252,-0.9036875348674798,recede,1.6785167306040596,2.9093954476695448e+22,True,True,True,True,True,True
H1L1V1-GSTLAL_AllSky-1242960785-1.xml,1242960785.0,13.912352400646625,10.712023514409907,24.624375915056532,1.298760442593466,1719.0886564858022,0.05,7.624218526858924,0.04675250232788311,1.1512511922913493,0.7104080244638495,0.08777390669336133,73730.08162242352,4.1381907044212565e-21,3.4760801917138554e-15,Klein_deformada,extrema,1,2.209481758438962,8.900207455137673,120336.20595400615,-232.56835317159937,355.20401223192476,120458.84161306647,0.40180744511280025,0.40180744511280025,0.15,0.8409043987652004,1.027,1.0000113680877012,0.9523809523809523,4.776336984986338,-0.9036630150136613,recede,0.5851593779557421,5.305107593915186e+22,True,True,True,True,True,True
H1L1V1-GSTLAL_AllSky-1242967497-1.xml,1242967497.0,53.73826446072019,48.76828775762488,102.50655221834506,1.1019100102057253,852.0757294893774,0.05,8.75229676518283,0.05,5.125327610917253,0.7351507002094575,0.44858388269533317,376810.46146407985,4.5315099105849876e-20,3.8064683248913895e-14,Klein_extrema,extrema,1,3.113930840074384,8.747797415355521,59645.30106425642,44.346584380697436,367.5753501047287,60057.22299874185,0.20032933249688972,0.20032933249688972,0.15,0.8408995775512923,1.027,1.000005634655074,0.9523809523809523,4.77630960049134,-0.90369039950866,recede,2.990559217968888,2.6295057012042188e+22,True,True,True,True,True,True
H1L1V1-GSTLAL_AllSky-1242984073-1.xml,1242984073.0,71.48170497654195,34.866522132860624,106.34822710940257,2.0501530007540567,942.7723420834559,0.05,7.460523447692578,0.031733456514851294,3.374796840407756,0.47838751989940037,0.2517775095906089,211493.1080561115,2.2788791192776836e-20,1.914258460193254e-14,Klein_extrema,extrema,1,1.4359881873831482,8.769761734448666,65994.06394584192,-63.889904284554746,239.1937599497002,66169.36780150706,0.2207172530054344,0.2207172530054344,0.15,0.8409000818895281,1.027,1.0000062344188165,0.9523809523809523,4.77631246513252,-0.9036875348674798,recede,1.6785167306040596,2.9093954476695448e+22,True,True,True,True,True,True
H1L1V1-GSTLAL_AllSky-1242841854-1.xml,1242841854.0,71.48170497654195,34.866522132860624,106.34822710940257,2.0501530007540567,942.7723420834559,0.05,7.460523447692578,0.031733456514851294,3.374796840407756,0.47838751989940037,0.2517775095906089,211493.1080561115,2.2788791192776836e-20,1.914258460193254e-14,Klein_extrema,extrema,1,1.4359881873831482,8.769761734448666,65994.06394584192,-63.889904284554746,239.1937599497002,66169.36780150706,0.2207172530054344,0.2207172530054344,0.15,0.8409000818895281,1.027,1.0000062344188165,0.9523809523809523,4.77631246513252,-0.9036875348674798,recede,1.6785167306040596,2.9093954476695448e+22,True,True,True,True,True,True
H1L1V1-GSTLAL_AllSky-1243058210-1.xml,1243058210.0,71.48170497654195,34.866522132860624,106.34822710940257,2.0501530007540567,942.7723420834559,0.05,7.460523447692578,0.031733456514851294,3.374796840407756,0.47838751989940037,0.2517775095906089,211493.1080561115,2.2788791192776836e-20,1.914258460193254e-14,Klein_extrema,extrema,1,1.4359881873831482,8.769761734448666,65994.06394584192,-63.889904284554746,239.1937599497002,66169.36780150706,0.2207172530054344,0.2207172530054344,0.15,0.8409000818895281,1.027,1.0000062344188165,0.9523809523809523,4.77631246513252,-0.9036875348674798,recede,1.6785167306040596,2.9093954476695448e+22,True,True,True,True,True,True
H1L1V1-GSTLAL_AllSky-1243058459-1.xml,1243058459.0,13.912352400646625,10.712023514409907,24.624375915056532,1.298760442593466,1719.0886564858022,0.05,7.624218526858924,0.04675250232788311,1.1512511922913493,0.7104080244638495,0.08777390669336133,73730.08162242352,4.1381907044212565e-21,3.4760801917138554e-15,Klein_deformada,extrema,1,2.209481758438962,8.900207455137673,120336.20595400615,-232.56835317159937,355.20401223192476,120458.84161306647,0.40180744511280025,0.40180744511280025,0.15,0.8409043987652004,1.027,1.0000113680877012,0.9523809523809523,4.776336984986338,-0.9036630150136613,recede,0.5851593779557421,5.305107593915186e+22,True,True,True,True,True,True
H1L1V1-GSTLAL_AllSky-1243134883-1.xml,1243134883.0,13.912352400646625,10.712023514409907,24.624375915056532,1.298760442593466,1719.0886564858022,0.05,7.624218526858924,0.04675250232788311,1.1512511922913493,0.7104080244638495,0.08777390669336133,73730.08162242352,4.1381907044212565e-21,3.4760801917138554e-15,Klein_deformada,extrema,1,2.209481758438962,8.900207455137673,120336.20595400615,-232.56835317159937,355.20401223192476,120458.84161306647,0.40180744511280025,0.40180744511280025,0.15,0.8409043987652004,1.027,1.0000113680877012,0.9523809523809523,4.776336984986338,-0.9036630150136613,recede,0.5851593779557421,5.305107593915186e+22,True,True,True,True,True,True
H1L1V1-GSTLAL_AllSky-1243139732-1.xml,1243139732.0,13.912352400646625,10.712023514409907,24.624375915056532,1.298760442593466,1719.0886564858022,0.05,7.624218526858924,0.04675250232788311,1.1512511922913493,0.7104080244638495,0.08777390669336133,73730.08162242352,4.1381907044212565e-21,3.4760801917138554e-15,Klein_deformada,extrema,1,2.209481758438962,8.900207455137673,120336.20595400615,-232.56835317159937,355.20401223192476,120458.84161306647,0.40180744511280025,0.40180744511280025,0.15,0.8409043987652004,1.027,1.0000113680877012,0.9523809523809523,4.776336984986338,-0.9036630150136613,recede,0.5851593779557421,5.305107593915186e+22,True,True,True,True,True,True
H1L1V1-GSTLAL_AllSky-1243241875-1.xml,1243241875.0,53.73826446072019,48.76828775762488,102.50655221834506,1.1019100102057253,852.0757294893774,0.05,8.75229676518283,0.05,5.125327610917253,0.7351507002094575,0.44858388269533317,376810.46146407985,4.5315099105849876e-20,3.8064683248913895e-14,Klein_extrema,extrema,1,3.113930840074384,8.747797415355521,59645.30106425642,44.346584380697436,367.5753501047287,60057.22299874185,0.20032933249688972,0.20032933249688972,0.15,0.8408995775512923,1.027,1.000005634655074,0.9523809523809523,4.77630960049134,-0.90369039950866,recede,2.990559217968888,2.6295057012042188e+22,True,True,True,True,True,True
H1L1V1-GSTLAL_AllSky-1243305426-1.xml,1243305426.0,34.63455398297421,20.7263459883161,55.36089997129031,1.6710400377615269,1672.1252344898758,0.05,7.761151295650617,0.037036393779936706,2.0503680913483944,0.5107056969862069,0.15913216968729274,133671.02253732592,7.731502336138938e-21,6.494461962356709e-15,Klein_deformada,extrema,1,1.8137435491676392,8.894192718322854,117048.7664142913,411.2890179568501,255.35284849310347,117715.40828074125,0.3926563365404651,0.3926563365404651,0.15,0.8409041376148806,1.027,1.0000110575253007,0.9523809523809523,4.776335501652522,-0.903664498347478,recede,1.0608811312486182,5.160178473635756e+22,True,True,True,True,True,True
H1L1V1-GSTLAL_AllSky-1243407873-1.xml,1243407873.0,13.912352400646625,10.712023514409907,24.624375915056532,1.298760442593466,1719.0886564858022,0.05,7.624218526858924,0.04675250232788311,1.1512511922913493,0.7104080244638495,0.08777390669336133,73730.08162242352,4.1381907044212565e-21,3.4760801917138554e-15,Klein_deformada,extrema,1,2.209481758438962,8.900207455137673,120336.20595400615,-232.56835317159937,355.20401223192476,120458.84161306647,0.40180744511280025,0.40180744511280025,0.15,0.8409043987652004,1.027,1.0000113680877012,0.9523809523809523,4.776336984986338,-0.9036630150136613,recede,0.5851593779557421,5.305107593915186e+22,True,True,True,True,True,True
H1L1V1-GSTLAL_AllSky-1243497876-1.xml,1243497876.0,13.912352400646625,10.712023514409907,24.624375915056532,1.298760442593466,1719.0886564858022,0.05,7.624218526858924,0.04675250232788311,1.1512511922913493,0.7104080244638495,0.08777390669336133,73730.08162242352,4.1381907044212565e-21,3.4760801917138554e-15,Klein_deformada,extrema,1,2.209481758438962,8.900207455137673,120336.20595400615,-232.56835317159937,355.20401223192476,120458.84161306647,0.40180744511280025,0.40180744511280025,0.15,0.8409043987652004,1.027,1.0000113680877012,0.9523809523809523,4.776336984986338,-0.9036630150136613,recede,0.5851593779557421,5.305107593915186e+22,True,True,True,True,True,True
H1L1V1-GSTLAL_AllSky-1243533585-1.xml,1243533585.0,13.912352400646625,10.712023514409907,24.624375915056532,1.298760442593466,1719.0886564858022,0.05,7.624218526858924,0.04675250232788311,1.1512511922913493,0.7104080244638495,0.08777390669336133,73730.08162242352,4.1381907044212565e-21,3.4760801917138554e-15,Klein_deformada,extrema,1,2.209481758438962,8.900207455137673,120336.20595400615,-232.56835317159937,355.20401223192476,120458.84161306647,0.40180744511280025,0.40180744511280025,0.15,0.8409043987652004,1.027,1.0000113680877012,0.9523809523809523,4.776336984986338,-0.9036630150136613,recede,0.5851593779557421,5.305107593915186e+22,True,True,True,True,True,True
H1L1V1-GSTLAL_AllSky-1243536309-1.xml,1243536309.0,53.73826446072019,48.76828775762488,102.50655221834506,1.1019100102057253,852.0757294893774,0.05,8.75229676518283,0.05,5.125327610917253,0.7351507002094575,0.44858388269533317,376810.46146407985,4.5315099105849876e-20,3.8064683248913895e-14,Klein_extrema,extrema,1,3.113930840074384,8.747797415355521,59645.30106425642,44.346584380697436,367.5753501047287,60057.22299874185,0.20032933249688972,0.20032933249688972,0.15,0.8408995775512923,1.027,1.000005634655074,0.9523809523809523,4.77630960049134,-0.90369039950866,recede,2.990559217968888,2.6295057012042188e+22,True,True,True,True,True,True
H1L1V1-GSTLAL_AllSky-1243557850-1.xml,1243557850.0,53.73826446072019,48.76828775762488,102.50655221834506,1.1019100102057253,852.0757294893774,0.05,8.75229676518283,0.05,5.125327610917253,0.7351507002094575,0.44858388269533317,376810.46146407985,4.5315099105849876e-20,3.8064683248913895e-14,Klein_extrema,extrema,1,3.113930840074384,8.747797415355521,59645.30106425642,44.346584380697436,367.5753501047287,60057.22299874185,0.20032933249688972,0.20032933249688972,0.15,0.8408995775512923,1.027,1.000005634655074,0.9523809523809523,4.77630960049134,-0.90369039950866,recede,2.990559217968888,2.6295057012042188e+22,True,True,True,True,True,True
H1L1V1-GSTLAL_AllSky-1243605087-1.xml,1243605087.0,53.73826446072019,48.76828775762488,102.50655221834506,1.1019100102057253,852.0757294893774,0.05,8.75229676518283,0.05,5.125327610917253,0.7351507002094575,0.44858388269533317,376810.46146407985,4.5315099105849876e-20,3.8064683248913895e-14,Klein_extrema,extrema,1,3.113930840074384,8.747797415355521,59645.30106425642,44.346584380697436,367.5753501047287,60057.22299874185,0.20032933249688972,0.20032933249688972,0.15,0.8408995775512923,1.027,1.000005634655074,0.9523809523809523,4.77630960049134,-0.90369039950866,recede,2.990559217968888,2.6295057012042188e+22,True,True,True,True,True,True
H1L1V1-GSTLAL_AllSky-1243734617-1.xml,1243734617.0,34.63455398297421,20.7263459883161,55.36089997129031,1.6710400377615269,1672.1252344898758,0.05,7.761151295650617,0.037036393779936706,2.0503680913483944,0.5107056969862069,0.15913216968729274,133671.02253732592,7.731502336138938e-21,6.494461962356709e-15,Klein_deformada,extrema,1,1.8137435491676392,8.894192718322854,117048.7664142913,411.2890179568501,255.35284849310347,117715.40828074125,0.3926563365404651,0.3926563365404651,0.15,0.8409041376148806,1.027,1.0000110575253007,0.9523809523809523,4.776335501652522,-0.903664498347478,recede,1.0608811312486182,5.160178473635756e+22,True,True,True,True,True,True
H1L1V1-GSTLAL_AllSky-1243926576-1.xml,1243926576.0,34.32863399605013,20.783446498950738,55.11208049500087,1.6517296107641832,1178.2971860547082,0.05,6.530315552746316,0.03321447271375679,1.830518693799574,0.0970304112105062,0.11953864695712231,100412.46344398275,8.493003509375408e-21,7.134122947875343e-15,Klein_deformada,extrema,1,1.1515706452337147,8.818185738094654,82480.80302382958,-161.1993119922406,48.5152056052531,82368.11891744258,0.2747504705987053,0.2747504705987053,0.15,0.8409013915766366,1.027,1.0000077919109631,0.9523809523809523,4.7763199041552955,-0.9036800958447042,recede,0.796924313047482,3.6362251161648295e+22,True,True,True,True,True,True
H1L1V1-GSTLAL_AllSky-1243931925-1.xml,1243931925.0,53.73826446072019,48.76828775762488,102.50655221834506,1.1019100102057253,852.0757294893774,0.05,8.75229676518283,0.05,5.125327610917253,0.7351507002094575,0.44858388269533317,376810.46146407985,4.5315099105849876e-20,3.8064683248913895e-14,Klein_extrema,extrema,1,3.113930840074384,8.747797415355521,59645.30106425642,44.346584380697436,367.5753501047287,60057.22299874185,0.20032933249688972,0.20032933249688972,0.15,0.8408995775512923,1.027,1.000005634655074,0.9523809523809523,4.77630960049134,-0.90369039950866,recede,2.990559217968888,2.6295057012042188e+22,True,True,True,True,True,True
H1L1V1-GSTLAL_AllSky-1243983869-1.xml,1243983869.0,53.73826446072019,48.76828775762488,102.50655221834506,1.1019100102057253,852.0757294893774,0.05,8.75229676518283,0.05,5.125327610917253,0.7351507002094575,0.44858388269533317,376810.46146407985,4.5315099105849876e-20,3.8064683248913895e-14,Klein_extrema,extrema,1,3.113930840074384,8.747797415355521,59645.30106425642,44.346584380697436,367.5753501047287,60057.22299874185,0.20032933249688972,0.20032933249688972,0.15,0.8408995775512923,1.027,1.000005634655074,0.9523809523809523,4.77630960049134,-0.90369039950866,recede,2.990559217968888,2.6295057012042188e+22,True,True,True,True,True,True
H1L1V1-GSTLAL_AllSky-1243985856-1.xml,1243985856.0,53.73826446072019,48.76828775762488,102.50655221834506,1.1019100102057253,852.0757294893774,0.05,8.75229676518283,0.05,5.125327610917253,0.7351507002094575,0.44858388269533317,376810.46146407985,4.5315099105849876e-20,3.8064683248913895e-14,Klein_extrema,extrema,1,3.113930840074384,8.747797415355521,59645.30106425642,44.346584380697436,367.5753501047287,60057.22299874185,0.20032933249688972,0.20032933249688972,0.15,0.8408995775512923,1.027,1.000005634655074,0.9523809523809523,4.77630960049134,-0.90369039950866,recede,2.990559217968888,2.6295057012042188e+22,True,True,True,True,True,True
H1L1V1-GSTLAL_AllSky-1243985990-1.xml,1243985990.0,34.63455398297421,20.7263459883161,55.36089997129031,1.6710400377615269,1672.1252344898758,0.05,7.761151295650617,0.037036393779936706,2.0503680913483944,0.5107056969862069,0.15913216968729274,133671.02253732592,7.731502336138938e-21,6.494461962356709e-15,Klein_deformada,extrema,1,1.8137435491676392,8.894192718322854,117048.7664142913,411.2890179568501,255.35284849310347,117715.40828074125,0.3926563365404651,0.3926563365404651,0.15,0.8409041376148806,1.027,1.0000110575253007,0.9523809523809523,4.776335501652522,-0.903664498347478,recede,1.0608811312486182,5.160178473635756e+22,True,True,True,True,True,True
H1L1V1-GSTLAL_AllSky-1243993298-1.xml,1243993298.0,34.63455398297421,20.7263459883161,55.36089997129031,1.6710400377615269,1672.1252344898758,0.05,7.761151295650617,0.037036393779936706,2.0503680913483944,0.5107056969862069,0.15913216968729274,133671.02253732592,7.731502336138938e-21,6.494461962356709e-15,Klein_deformada,extrema,1,1.8137435491676392,8.894192718322854,117048.7664142913,411.2890179568501,255.35284849310347,117715.40828074125,0.3926563365404651,0.3926563365404651,0.15,0.8409041376148806,1.027,1.0000110575253007,0.9523809523809523,4.776335501652522,-0.903664498347478,recede,1.0608811312486182,5.160178473635756e+22,True,True,True,True,True,True
H1L1V1-GSTLAL_AllSky-1244069790-1.xml,1244069790.0,34.63455398297421,20.7263459883161,55.36089997129031,1.6710400377615269,1672.1252344898758,0.05,7.761151295650617,0.037036393779936706,2.0503680913483944,0.5107056969862069,0.15913216968729274,133671.02253732592,7.731502336138938e-21,6.494461962356709e-15,Klein_deformada,extrema,1,1.8137435491676392,8.894192718322854,117048.7664142913,411.2890179568501,255.35284849310347,117715.40828074125,0.3926563365404651,0.3926563365404651,0.15,0.8409041376148806,1.027,1.0000110575253007,0.9523809523809523,4.776335501652522,-0.903664498347478,recede,1.0608811312486182,5.160178473635756e+22,True,True,True,True,True,True
H1L1V1-GSTLAL_AllSky-1244070823-1.xml,1244070823.0,34.32863399605013,20.783446498950738,55.11208049500087,1.6517296107641832,1178.2971860547082,0.05,6.530315552746316,0.03321447271375679,1.830518693799574,0.0970304112105062,0.11953864695712231,100412.46344398275,8.493003509375408e-21,7.134122947875343e-15,Klein_deformada,extrema,1,1.1515706452337147,8.818185738094654,82480.80302382958,-161.1993119922406,48.5152056052531,82368.11891744258,0.2747504705987053,0.2747504705987053,0.15,0.8409013915766366,1.027,1.0000077919109631,0.9523809523809523,4.7763199041552955,-0.9036800958447042,recede,0.796924313047482,3.6362251161648295e+22,True,True,True,True,True,True
H1L1V1-GSTLAL_AllSky-1244154241-1.xml,1244154241.0,64.5567986003106,16.70341848090714,81.26021708121775,3.8648854229511356,500.0,0.05,7.816872866217929,0.023309918622428632,1.8941690474040707,0.6666623912377676,0.14806478630682743,124374.42049773503,2.668135474181503e-20,2.2412337983124622e-14,Klein_deformada,extrema,1,1.1579818254744947,8.632043320000633,35000.0,273.2779556995522,333.3311956188838,35606.60915131844,0.11877086364633775,0.11877086364633775,0.11877086364633775,0.8633214043621105,1.0213787554563407,1.0000026180491801,0.9523809523809523,4.903665576776787,-0.7763344232232123,recede,0.9870985753788496,1.543e+22,True,True,True,True,True,True
H1L1V1-GSTLAL_AllSky-1244161081-1.xml,1244161081.0,34.63455398297421,20.7263459883161,55.36089997129031,1.6710400377615269,1672.1252344898758,0.05,7.761151295650617,0.037036393779936706,2.0503680913483944,0.5107056969862069,0.15913216968729274,133671.02253732592,7.731502336138938e-21,6.494461962356709e-15,Klein_deformada,extrema,1,1.8137435491676392,8.894192718322854,117048.7664142913,411.2890179568501,255.35284849310347,117715.40828074125,0.3926563365404651,0.3926563365404651,0.15,0.8409041376148806,1.027,1.0000110575253007,0.9523809523809523,4.776335501652522,-0.903664498347478,recede,1.0608811312486182,5.160178473635756e+22,True,True,True,True,True,True
H1L1V1-GSTLAL_AllSky-1244170446-1.xml,1244170446.0,34.63455398297421,20.7263459883161,55.36089997129031,1.6710400377615269,1672.1252344898758,0.05,7.761151295650617,0.037036393779936706,2.0503680913483944,0.5107056969862069,0.15913216968729274,133671.02253732592,7.731502336138938e-21,6.494461962356709e-15,Klein_deformada,extrema,1,1.8137435491676392,8.894192718322854,117048.7664142913,411.2890179568501,255.35284849310347,117715.40828074125,0.3926563365404651,0.3926563365404651,0.15,0.8409041376148806,1.027,1.0000110575253007,0.9523809523809523,4.776335501652522,-0.903664498347478,recede,1.0608811312486182,5.160178473635756e+22,True,True,True,True,True,True
H1L1V1-GSTLAL_AllSky-1244178825-1.xml,1244178825.0,34.63455398297421,20.7263459883161,55.36089997129031,1.6710400377615269,1672.1252344898758,0.05,7.761151295650617,0.037036393779936706,2.0503680913483944,0.5107056969862069,0.15913216968729274,133671.02253732592,7.731502336138938e-21,6.494461962356709e-15,Klein_deformada,extrema,1,1.8137435491676392,8.894192718322854,117048.7664142913,411.2890179568501,255.35284849310347,117715.40828074125,0.3926563365404651,0.3926563365404651,0.15,0.8409041376148806,1.027,1.0000110575253007,0.9523809523809523,4.776335501652522,-0.903664498347478,recede,1.0608811312486182,5.160178473635756e+22,True,True,True,True,True,True
H1L1V1-GSTLAL_AllSky-1244255684-1.xml,1244255684.0,34.32863399605013,20.783446498950738,55.11208049500087,1.6517296107641832,1178.2971860547082,0.05,6.530315552746316,0.03321447271375679,1.830518693799574,0.0970304112105062,0.11953864695712231,100412.46344398275,8.493003509375408e-21,7.134122947875343e-15,Klein_deformada,extrema,1,1.1515706452337147,8.818185738094654,82480.80302382958,-161.1993119922406,48.5152056052531,82368.11891744258,0.2747504705987053,0.2747504705987053,0.15,0.8409013915766366,1.027,1.0000077919109631,0.9523809523809523,4.7763199041552955,-0.9036800958447042,recede,0.796924313047482,3.6362251161648295e+22,True,True,True,True,True,True
H1L1V1-GSTLAL_AllSky-1244268714-1.xml,1244268714.0,34.32863399605013,20.783446498950738,55.11208049500087,1.6517296107641832,1178.2971860547082,0.05,6.530315552746316,0.03321447271375679,1.830518693799574,0.0970304112105062,0.11953864695712231,100412.46344398275,8.493003509375408e-21,7.134122947875343e-15,Klein_deformada,extrema,1,1.1515706452337147,8.818185738094654,82480.80302382958,-161.1993119922406,48.5152056052531,82368.11891744258,0.2747504705987053,0.2747504705987053,0.15,0.8409013915766366,1.027,1.0000077919109631,0.9523809523809523,4.7763199041552955,-0.9036800958447042,recede,0.796924313047482,3.6362251161648295e+22,True,True,True,True,True,True
H1L1V1-GSTLAL_AllSky-1244344703-1.xml,1244344703.0,34.32863399605013,20.783446498950738,55.11208049500087,1.6517296107641832,1178.2971860547082,0.05,6.530315552746316,0.03321447271375679,1.830518693799574,0.0970304112105062,0.11953864695712231,100412.46344398275,8.493003509375408e-21,7.134122947875343e-15,Klein_deformada,extrema,1,1.1515706452337147,8.818185738094654,82480.80302382958,-161.1993119922406,48.5152056052531,82368.11891744258,0.2747504705987053,0.2747504705987053,0.15,0.8409013915766366,1.027,1.0000077919109631,0.9523809523809523,4.7763199041552955,-0.9036800958447042,recede,0.796924313047482,3.6362251161648295e+22,True,True,True,True,True,True
H1L1V1-GSTLAL_AllSky-1244433614-1.xml,1244433614.0,64.5567986003106,16.70341848090714,81.26021708121775,3.8648854229511356,500.0,0.05,7.816872866217929,0.023309918622428632,1.8941690474040707,0.6666623912377676,0.14806478630682743,124374.42049773503,2.668135474181503e-20,2.2412337983124622e-14,Klein_deformada,extrema,1,1.1579818254744947,8.632043320000633,35000.0,273.2779556995522,333.3311956188838,35606.60915131844,0.11877086364633775,0.11877086364633775,0.11877086364633775,0.8633214043621105,1.0213787554563407,1.0000026180491801,0.9523809523809523,4.903665576776787,-0.7763344232232123,recede,0.9870985753788496,1.543e+22,True,True,True,True,True,True
H1L1V1-GSTLAL_AllSky-1244479509-1.xml,1244479509.0,59.13406128678688,18.907819299641957,78.04188058642885,3.127492406694761,1596.9482516612982,0.05,8.595340369104033,0.02738781468699853,2.1373965633259813,0.7999290544246895,0.18371650965540032,154321.86811053628,9.383068462060324e-21,7.881777508130673e-15,Klein_extrema,extrema,1,1.6450474428050608,8.884203739464148,111786.37761629088,-67.66908625272481,399.96452721234476,112118.6730572505,0.37398763733159196,0.37398763733159196,0.15,0.8409037195769207,1.027,1.0000105603906528,0.9523809523809523,4.776333127196909,-0.9036668728030905,recede,1.224776731036002,4.928182304626766e+22,True,True,True,True,True,True
H1L1V1-GSTLAL_AllSky-1244562300-1.xml,1244562300.0,34.32863399605013,20.783446498950738,55.11208049500087,1.6517296107641832,1178.2971860547082,0.05,6.530315552746316,0.03321447271375679,1.830518693799574,0.0970304112105062,0.11953864695712231,100412.46344398275,8.493003509375408e-21,7.134122947875343e-15,Klein_deformada,extrema,1,1.1515706452337147,8.818185738094654,82480.80302382958,-161.1993119922406,48.5152056052531,82368.11891744258,0.2747504705987053,0.2747504705987053,0.15,0.8409013915766366,1.027,1.0000077919109631,0.9523809523809523,4.7763199041552955,-0.9036800958447042,recede,0.796924313047482,3.6362251161648295e+22,True,True,True,True,True,True
H1L1V1-GSTLAL_AllSky-1244579776-1.xml,1244579776.0,34.32863399605013,20.783446498950738,55.11208049500087,1.6517296107641832,1178.2971860547082,0.05,6.530315552746316,0.03321447271375679,1.830518693799574,0.0970304112105062,0.11953864695712231,100412.46344398275,8.493003509375408e-21,7.134122947875343e-15,Klein_deformada,extrema,1,1.1515706452337147,8.818185738094654,82480.80302382958,-161.1993119922406,48.5152056052531,82368.11891744258,0.2747504705987053,0.2747504705987053,0.15,0.8409013915766366,1.027,1.0000077919109631,0.9523809523809523,4.7763199041552955,-0.9036800958447042,recede,0.796924313047482,3.6362251161648295e+22,True,True,True,True,True,True
H1L1V1-GSTLAL_AllSky-1244580182-1.xml,1244580182.0,34.32863399605013,20.783446498950738,55.11208049500087,1.6517296107641832,1178.2971860547082,0.05,6.530315552746316,0.03321447271375679,1.830518693799574,0.0970304112105062,0.11953864695712231,100412.46344398275,8.493003509375408e-21,7.134122947875343e-15,Klein_deformada,extrema,1,1.1515706452337147,8.818185738094654,82480.80302382958,-161.1993119922406,48.5152056052531,82368.11891744258,0.2747504705987053,0.2747504705987053,0.15,0.8409013915766366,1.027,1.0000077919109631,0.9523809523809523,4.7763199041552955,-0.9036800958447042,recede,0.796924313047482,3.6362251161648295e+22,True,True,True,True,True,True
H1L1V1-GSTLAL_AllSky-1244629354-1.xml,1244629354.0,64.5567986003106,16.70341848090714,81.26021708121775,3.8648854229511356,500.0,0.05,7.816872866217929,0.023309918622428632,1.8941690474040707,0.6666623912377676,0.14806478630682743,124374.42049773503,2.668135474181503e-20,2.2412337983124622e-14,Klein_deformada,extrema,1,1.1579818254744947,8.632043320000633,35000.0,273.2779556995522,333.3311956188838,35606.60915131844,0.11877086364633775,0.11877086364633775,0.11877086364633775,0.8633214043621105,1.0213787554563407,1.0000026180491801,0.9523809523809523,4.903665576776787,-0.7763344232232123,recede,0.9870985753788496,1.543e+22,True,True,True,True,True,True
H1L1V1-GSTLAL_AllSky-1244671674-1.xml,1244671674.0,64.5567986003106,16.70341848090714,81.26021708121775,3.8648854229511356,500.0,0.05,7.816872866217929,0.023309918622428632,1.8941690474040707,0.6666623912377676,0.14806478630682743,124374.42049773503,2.668135474181503e-20,2.2412337983124622e-14,Klein_deformada,extrema,1,1.1579818254744947,8.632043320000633,35000.0,273.2779556995522,333.3311956188838,35606.60915131844,0.11877086364633775,0.11877086364633775,0.11877086364633775,0.8633214043621105,1.0213787554563407,1.0000026180491801,0.9523809523809523,4.903665576776787,-0.7763344232232123,recede,0.9870985753788496,1.543e+22,True,True,True,True,True,True
H1L1V1-GSTLAL_AllSky-1244635864-1.xml,1244635864.0,64.5567986003106,16.70341848090714,81.26021708121775,3.8648854229511356,500.0,0.05,7.816872866217929,0.023309918622428632,1.8941690474040707,0.6666623912377676,0.14806478630682743,124374.42049773503,2.668135474181503e-20,2.2412337983124622e-14,Klein_deformada,extrema,1,1.1579818254744947,8.632043320000633,35000.0,273.2779556995522,333.3311956188838,35606.60915131844,0.11877086364633775,0.11877086364633775,0.11877086364633775,0.8633214043621105,1.0213787554563407,1.0000026180491801,0.9523809523809523,4.903665576776787,-0.7763344232232123,recede,0.9870985753788496,1.543e+22,True,True,True,True,True,True
H1L1V1-GSTLAL_AllSky-1244711923-1.xml,1244711923.0,59.13406128678688,18.907819299641957,78.04188058642885,3.127492406694761,1596.9482516612982,0.05,8.595340369104033,0.02738781468699853,2.1373965633259813,0.7999290544246895,0.18371650965540032,154321.86811053628,9.383068462060324e-21,7.881777508130673e-15,Klein_extrema,extrema,1,1.6450474428050608,8.884203739464148,111786.37761629088,-67.66908625272481,399.96452721234476,112118.6730572505,0.37398763733159196,0.37398763733159196,0.15,0.8409037195769207,1.027,1.0000105603906528,0.9523809523809523,4.776333127196909,-0.9036668728030905,recede,1.224776731036002,4.928182304626766e+22,True,True,True,True,True,True
H1L1V1-GSTLAL_AllSky-1244713996-1.xml,1244713996.0,24.123900120327193,12.768651817536963,36.892551937864155,1.8893067541550854,1392.4966660058885,0.05,7.735882675524658,0.03046589576755242,1.1239646419379834,0.1647635497729591,0.08694858601470322,73036.8122523507,5.152961785053003e-21,4.328487899444523e-15,Klein_deformada,extrema,1,1.482274336462512,8.85445539984995,97474.76662041219,799.5987217099123,82.38177488647955,98356.74711700859,0.32808279358718423,0.32808279358718423,0.15,0.8409025826794215,1.027,1.0000092083815242,0.9523809523809523,4.776326669619114,-0.9036733303808857,recede,0.5796572400980213,4.297244711294172e+22,True,True,True,True,True,True
H1L1V1-GSTLAL_AllSky-1244746871-1.xml,1244746871.0,64.5567986003106,16.70341848090714,81.26021708121775,3.8648854229511356,500.0,0.05,7.816872866217929,0.023309918622428632,1.8941690474040707,0.6666623912377676,0.14806478630682743,124374.42049773503,2.668135474181503e-20,2.2412337983124622e-14,Klein_deformada,extrema,1,1.1579818254744947,8.632043320000633,35000.0,273.2779556995522,333.3311956188838,35606.60915131844,0.11877086364633775,0.11877086364633775,0.11877086364633775,0.8633214043621105,1.0213787554563407,1.0000026180491801,0.9523809523809523,4.903665576776787,-0.7763344232232123,recede,0.9870985753788496,1.543e+22,True,True,True,True,True,True
H1L1V1-GSTLAL_AllSky-1244806663-1.xml,1244806663.0,64.5567986003106,16.70341848090714,81.26021708121775,3.8648854229511356,500.0,0.05,7.816872866217929,0.023309918622428632,1.8941690474040707,0.6666623912377676,0.14806478630682743,124374.42049773503,2.668135474181503e-20,2.2412337983124622e-14,Klein_deformada,extrema,1,1.1579818254744947,8.632043320000633,35000.0,273.2779556995522,333.3311956188838,35606.60915131844,0.11877086364633775,0.11877086364633775,0.11877086364633775,0.8633214043621105,1.0213787554563407,1.0000026180491801,0.9523809523809523,4.903665576776787,-0.7763344232232123,recede,0.9870985753788496,1.543e+22,True,True,True,True,True,True
H1L1V1-GSTLAL_AllSky-1244840357-1.xml,1244840357.0,64.5567986003106,16.70341848090714,81.26021708121775,3.8648854229511356,500.0,0.05,7.816872866217929,0.023309918622428632,1.8941690474040707,0.6666623912377676,0.14806478630682743,124374.42049773503,2.668135474181503e-20,2.2412337983124622e-14,Klein_deformada,extrema,1,1.1579818254744947,8.632043320000633,35000.0,273.2779556995522,333.3311956188838,35606.60915131844,0.11877086364633775,0.11877086364633775,0.11877086364633775,0.8633214043621105,1.0213787554563407,1.0000026180491801,0.9523809523809523,4.903665576776787,-0.7763344232232123,recede,0.9870985753788496,1.543e+22,True,True,True,True,True,True
H1L1V1-GSTLAL_AllSky-1245035079-1.xml,1245035079.0,59.13406128678688,18.907819299641957,78.04188058642885,3.127492406694761,1596.9482516612982,0.05,8.595340369104033,0.02738781468699853,2.1373965633259813,0.7999290544246895,0.18371650965540032,154321.86811053628,9.383068462060324e-21,7.881777508130673e-15,Klein_extrema,extrema,1,1.6450474428050608,8.884203739464148,111786.37761629088,-67.66908625272481,399.96452721234476,112118.6730572505,0.37398763733159196,0.37398763733159196,0.15,0.8409037195769207,1.027,1.0000105603906528,0.9523809523809523,4.776333127196909,-0.9036668728030905,recede,1.224776731036002,4.928182304626766e+22,True,True,True,True,True,True
H1L1V1-GSTLAL_AllSky-1245051768-1.xml,1245051768.0,59.13406128678688,18.907819299641957,78.04188058642885,3.127492406694761,1596.9482516612982,0.05,8.595340369104033,0.02738781468699853,2.1373965633259813,0.7999290544246895,0.18371650965540032,154321.86811053628,9.383068462060324e-21,7.881777508130673e-15,Klein_extrema,extrema,1,1.6450474428050608,8.884203739464148,111786.37761629088,-67.66908625272481,399.96452721234476,112118.6730572505,0.37398763733159196,0.37398763733159196,0.15,0.8409037195769207,1.027,1.0000105603906528,0.9523809523809523,4.776333127196909,-0.9036668728030905,recede,1.224776731036002,4.928182304626766e+22,True,True,True,True,True,True
H1L1V1-GSTLAL_AllSky-1245063791-1.xml,1245063791.0,59.13406128678688,18.907819299641957,78.04188058642885,3.127492406694761,1596.9482516612982,0.05,8.595340369104033,0.02738781468699853,2.1373965633259813,0.7999290544246895,0.18371650965540032,154321.86811053628,9.383068462060324e-21,7.881777508130673e-15,Klein_extrema,extrema,1,1.6450474428050608,8.884203739464148,111786.37761629088,-67.66908625272481,399.96452721234476,112118.6730572505,0.37398763733159196,0.37398763733159196,0.15,0.8409037195769207,1.027,1.0000105603906528,0.9523809523809523,4.776333127196909,-0.9036668728030905,recede,1.224776731036002,4.928182304626766e+22,True,True,True,True,True,True
H1L1V1-GSTLAL_AllSky-1245085972-1.xml,1245085972.0,24.123900120327193,12.768651817536963,36.892551937864155,1.8893067541550854,1392.4966660058885,0.05,7.735882675524658,0.03046589576755242,1.1239646419379834,0.1647635497729591,0.08694858601470322,73036.8122523507,5.152961785053003e-21,4.328487899444523e-15,Klein_deformada,extrema,1,1.482274336462512,8.85445539984995,97474.76662041219,799.5987217099123,82.38177488647955,98356.74711700859,0.32808279358718423,0.32808279358718423,0.15,0.8409025826794215,1.027,1.0000092083815242,0.9523809523809523,4.776326669619114,-0.9036733303808857,recede,0.5796572400980213,4.297244711294172e+22,True,True,True,True,True,True
H1L1V1-GSTLAL_AllSky-1245113233-1.xml,1245113233.0,62.107671788253796,41.72645970190935,103.83413149016314,1.488448150932197,1599.2091734719238,0.05,6.533042133882913,0.03523283005982912,3.6583703092028697,-0.03222547244529578,0.23900287371368606,200762.4139194963,1.218800753851364e-20,1.0237926332351459e-14,Klein_extrema,extrema,1,1.2225688773673458,8.884510954003215,111944.64214303467,-77.18821761922334,-16.11273622264789,111851.34118919278,0.3730959142047289,0.3730959142047289,0.15,0.8409037321492681,1.027,1.0000105753418058,0.9523809523809523,4.776333198607842,-0.9036668013921574,recede,1.5933524914245738,4.935159509334357e+22,True,True,True,True,True,True
H1L1V1-GSTLAL_AllSky-1245130483-1.xml,1245130483.0,59.13406128678688,18.907819299641957,78.04188058642885,3.127492406694761,1596.9482516612982,0.05,8.595340369104033,0.02738781468699853,2.1373965633259813,0.7999290544246895,0.18371650965540032,154321.86811053628,9.383068462060324e-21,7.881777508130673e-15,Klein_extrema,extrema,1,1.6450474428050608,8.884203739464148,111786.37761629088,-67.66908625272481,399.96452721234476,112118.6730572505,0.37398763733159196,0.37398763733159196,0.15,0.8409037195769207,1.027,1.0000105603906528,0.9523809523809523,4.776333127196909,-0.9036668728030905,recede,1.224776731036002,4.928182304626766e+22,True,True,True,True,True,True
H1L1V1-GSTLAL_AllSky-1245132209-1.xml,1245132209.0,59.13406128678688,18.907819299641957,78.04188058642885,3.127492406694761,1596.9482516612982,0.05,8.595340369104033,0.02738781468699853,2.1373965633259813,0.7999290544246895,0.18371650965540032,154321.86811053628,9.383068462060324e-21,7.881777508130673e-15,Klein_extrema,extrema,1,1.6450474428050608,8.884203739464148,111786.37761629088,-67.66908625272481,399.96452721234476,112118.6730572505,0.37398763733159196,0.37398763733159196,0.15,0.8409037195769207,1.027,1.0000105603906528,0.9523809523809523,4.776333127196909,-0.9036668728030905,recede,1.224776731036002,4.928182304626766e+22,True,True,True,True,True,True
H1L1V1-GSTLAL_AllSky-1245194108-1.xml,1245194108.0,59.13406128678688,18.907819299641957,78.04188058642885,3.127492406694761,1596.9482516612982,0.05,8.595340369104033,0.02738781468699853,2.1373965633259813,0.7999290544246895,0.18371650965540032,154321.86811053628,9.383068462060324e-21,7.881777508130673e-15,Klein_extrema,extrema,1,1.6450474428050608,8.884203739464148,111786.37761629088,-67.66908625272481,399.96452721234476,112118.6730572505,0.37398763733159196,0.37398763733159196,0.15,0.8409037195769207,1.027,1.0000105603906528,0.9523809523809523,4.776333127196909,-0.9036668728030905,recede,1.224776731036002,4.928182304626766e+22,True,True,True,True,True,True
H1L1V1-GSTLAL_AllSky-1245195141-1.xml,1245195141.0,24.123900120327193,12.768651817536963,36.892551937864155,1.8893067541550854,1392.4966660058885,0.05,7.735882675524658,0.03046589576755242,1.1239646419379834,0.1647635497729591,0.08694858601470322,73036.8122523507,5.152961785053003e-21,4.328487899444523e-15,Klein_deformada,extrema,1,1.482274336462512,8.85445539984995,97474.76662041219,799.5987217099123,82.38177488647955,98356.74711700859,0.32808279358718423,0.32808279358718423,0.15,0.8409025826794215,1.027,1.0000092083815242,0.9523809523809523,4.776326669619114,-0.9036733303808857,recede,0.5796572400980213,4.297244711294172e+22,True,True,True,True,True,True
H1L1V1-GSTLAL_AllSky-1245221073-1.xml,1245221073.0,24.123900120327193,12.768651817536963,36.892551937864155,1.8893067541550854,1392.4966660058885,0.05,7.735882675524658,0.03046589576755242,1.1239646419379834,0.1647635497729591,0.08694858601470322,73036.8122523507,5.152961785053003e-21,4.328487899444523e-15,Klein_deformada,extrema,1,1.482274336462512,8.85445539984995,97474.76662041219,799.5987217099123,82.38177488647955,98356.74711700859,0.32808279358718423,0.32808279358718423,0.15,0.8409025826794215,1.027,1.0000092083815242,0.9523809523809523,4.776326669619114,-0.9036733303808857,recede,0.5796572400980213,4.297244711294172e+22,True,True,True,True,True,True
H1L1V1-GSTLAL_AllSky-1245274355-1.xml,1245274355.0,24.123900120327193,12.768651817536963,36.892551937864155,1.8893067541550854,1392.4966660058885,0.05,7.735882675524658,0.03046589576755242,1.1239646419379834,0.1647635497729591,0.08694858601470322,73036.8122523507,5.152961785053003e-21,4.328487899444523e-15,Klein_deformada,extrema,1,1.482274336462512,8.85445539984995,97474.76662041219,799.5987217099123,82.38177488647955,98356.74711700859,0.32808279358718423,0.32808279358718423,0.15,0.8409025826794215,1.027,1.0000092083815242,0.9523809523809523,4.776326669619114,-0.9036733303808857,recede,0.5796572400980213,4.297244711294172e+22,True,True,True,True,True,True
H1L1V1-GSTLAL_AllSky-1245334932-1.xml,1245334932.0,62.107671788253796,41.72645970190935,103.83413149016314,1.488448150932197,1599.2091734719238,0.05,6.533042133882913,0.03523283005982912,3.6583703092028697,-0.03222547244529578,0.23900287371368606,200762.4139194963,1.218800753851364e-20,1.0237926332351459e-14,Klein_extrema,extrema,1,1.2225688773673458,8.884510954003215,111944.64214303467,-77.18821761922334,-16.11273622264789,111851.34118919278,0.3730959142047289,0.3730959142047289,0.15,0.8409037321492681,1.027,1.0000105753418058,0.9523809523809523,4.776333198607842,-0.9036668013921574,recede,1.5933524914245738,4.935159509334357e+22,True,True,True,True,True,True
H1L1V1-GSTLAL_AllSky-1245337537-1.xml,1245337537.0,67.03307957251829,29.01020771534452,96.04328728786281,2.3106721685781704,621.709362143762,0.05,8.036226223914557,0.02452018529175618,2.354999200327767,0.004533264414329108,0.18925306330971814,158972.57318016325,2.6919653821305327e-20,2.2612509209896475e-14,Klein_extrema,extrema,1,1.2874279813333862,8.679352021499621,43519.65535006334,-724.0125174007959,2.266632207164554,42797.90946486971,0.14275845947021693,0.14275845947021693,0.14275845947021693,0.8460687705540543,1.025696522704639,1.0000039127954232,0.9523809523809523,4.805670616747028,-0.8743293832529719,recede,1.2616870887314542,1.9185950915756493e+22,True,True,True,True,True,True
H1L1V1-GSTLAL_AllSky-1245339394-1.xml,1245339394.0,24.123900120327193,12.768651817536963,36.892551937864155,1.8893067541550854,1392.4966660058885,0.05,7.735882675524658,0.03046589576755242,1.1239646419379834,0.1647635497729591,0.08694858601470322,73036.8122523507,5.152961785053003e-21,4.328487899444523e-15,Klein_deformada,extrema,1,1.482274336462512,8.85445539984995,97474.76662041219,799.5987217099123,82.38177488647955,98356.74711700859,0.32808279358718423,0.32808279358718423,0.15,0.8409025826794215,1.027,1.0000092083815242,0.9523809523809523,4.776326669619114,-0.9036733303808857,recede,0.5796572400980213,4.297244711294172e+22,True,True,True,True,True,True
H1L1V1-GSTLAL_AllSky-1245349914-1.xml,1245349914.0,24.123900120327193,12.768651817536963,36.892551937864155,1.8893067541550854,1392.4966660058885,0.05,7.735882675524658,0.03046589576755242,1.1239646419379834,0.1647635497729591,0.08694858601470322,73036.8122523507,5.152961785053003e-21,4.328487899444523e-15,Klein_deformada,extrema,1,1.482274336462512,8.85445539984995,97474.76662041219,799.5987217099123,82.38177488647955,98356.74711700859,0.32808279358718423,0.32808279358718423,0.15,0.8409025826794215,1.027,1.0000092083815242,0.9523809523809523,4.776326669619114,-0.9036733303808857,recede,0.5796572400980213,4.297244711294172e+22,True,True,True,True,True,True
H1L1V1-GSTLAL_AllSky-1245365349-1.xml,1245365349.0,24.123900120327193,12.768651817536963,36.892551937864155,1.8893067541550854,1392.4966660058885,0.05,7.735882675524658,0.03046589576755242,1.1239646419379834,0.1647635497729591,0.08694858601470322,73036.8122523507,5.152961785053003e-21,4.328487899444523e-15,Klein_deformada,extrema,1,1.482274336462512,8.85445539984995,97474.76662041219,799.5987217099123,82.38177488647955,98356.74711700859,0.32808279358718423,0.32808279358718423,0.15,0.8409025826794215,1.027,1.0000092083815242,0.9523809523809523,4.776326669619114,-0.9036733303808857,recede,0.5796572400980213,4.297244711294172e+22,True,True,True,True,True,True
H1L1V1-GSTLAL_AllSky-1245410848-1.xml,1245410848.0,62.107671788253796,41.72645970190935,103.83413149016314,1.488448150932197,1599.2091734719238,0.05,6.533042133882913,0.03523283005982912,3.6583703092028697,-0.03222547244529578,0.23900287371368606,200762.4139194963,1.218800753851364e-20,1.0237926332351459e-14,Klein_extrema,extrema,1,1.2225688773673458,8.884510954003215,111944.64214303467,-77.18821761922334,-16.11273622264789,111851.34118919278,0.3730959142047289,0.3730959142047289,0.15,0.8409037321492681,1.027,1.0000105753418058,0.9523809523809523,4.776333198607842,-0.9036668013921574,recede,1.5933524914245738,4.935159509334357e+22,True,True,True,True,True,True
H1L1V1-GSTLAL_AllSky-1245456234-1.xml,1245456234.0,62.107671788253796,41.72645970190935,103.83413149016314,1.488448150932197,1599.2091734719238,0.05,6.533042133882913,0.03523283005982912,3.6583703092028697,-0.03222547244529578,0.23900287371368606,200762.4139194963,1.218800753851364e-20,1.0237926332351459e-14,Klein_extrema,extrema,1,1.2225688773673458,8.884510954003215,111944.64214303467,-77.18821761922334,-16.11273622264789,111851.34118919278,0.3730959142047289,0.3730959142047289,0.15,0.8409037321492681,1.027,1.0000105753418058,0.9523809523809523,4.776333198607842,-0.9036668013921574,recede,1.5933524914245738,4.935159509334357e+22,True,True,True,True,True,True
H1L1V1-GSTLAL_AllSky-1245569257-1.xml,1245569257.0,62.107671788253796,41.72645970190935,103.83413149016314,1.488448150932197,1599.2091734719238,0.05,6.533042133882913,0.03523283005982912,3.6583703092028697,-0.03222547244529578,0.23900287371368606,200762.4139194963,1.218800753851364e-20,1.0237926332351459e-14,Klein_extrema,extrema,1,1.2225688773673458,8.884510954003215,111944.64214303467,-77.18821761922334,-16.11273622264789,111851.34118919278,0.3730959142047289,0.3730959142047289,0.15,0.8409037321492681,1.027,1.0000105753418058,0.9523809523809523,4.776333198607842,-0.9036668013921574,recede,1.5933524914245738,4.935159509334357e+22,True,True,True,True,True,True
H1L1V1-GSTLAL_AllSky-1245573475-1.xml,1245573475.0,67.03307957251829,29.01020771534452,96.04328728786281,2.3106721685781704,621.709362143762,0.05,8.036226223914557,0.02452018529175618,2.354999200327767,0.004533264414329108,0.18925306330971814,158972.57318016325,2.6919653821305327e-20,2.2612509209896475e-14,Klein_extrema,extrema,1,1.2874279813333862,8.679352021499621,43519.65535006334,-724.0125174007959,2.266632207164554,42797.90946486971,0.14275845947021693,0.14275845947021693,0.14275845947021693,0.8460687705540543,1.025696522704639,1.0000039127954232,0.9523809523809523,4.805670616747028,-0.8743293832529719,recede,1.2616870887314542,1.9185950915756493e+22,True,True,True,True,True,True
H1L1V1-GSTLAL_AllSky-1245642076-1.xml,1245642076.0,20.43227304248448,15.609911654858148,36.04218469734263,1.3089294477925828,500.0,0.05,6.909541615536355,0.04522380451088881,1.6299647148979712,0.5844564227243787,0.11262309029443383,94603.39584732443,2.0294741911410798e-20,1.7047583205585072e-14,Klein_deformada,extrema,1,1.7553367988597328,8.632043320000633,35000.0,-757.9881736688433,292.22821136218937,34534.24003769335,0.1151938253152898,0.1151938253152898,0.1151938253152898,0.865911798415961,1.0207348885567522,1.0000025392010352,0.9523809523809523,4.9183790150026585,-0.7616209849973412,recede,0.7508206019628922,1.543e+22,True,True,True,True,True,True
H1L1V1-GSTLAL_AllSky-1245646385-1.xml,1245646385.0,62.107671788253796,41.72645970190935,103.83413149016314,1.488448150932197,1599.2091734719238,0.05,6.533042133882913,0.03523283005982912,3.6583703092028697,-0.03222547244529578,0.23900287371368606,200762.4139194963,1.218800753851364e-20,1.0237926332351459e-14,Klein_extrema,extrema,1,1.2225688773673458,8.884510954003215,111944.64214303467,-77.18821761922334,-16.11273622264789,111851.34118919278,0.3730959142047289,0.3730959142047289,0.15,0.8409037321492681,1.027,1.0000105753418058,0.9523809523809523,4.776333198607842,-0.9036668013921574,recede,1.5933524914245738,4.935159509334357e+22,True,True,True,True,True,True
H1L1V1-GSTLAL_AllSky-1245688592-1.xml,1245688592.0,62.107671788253796,41.72645970190935,103.83413149016314,1.488448150932197,1599.2091734719238,0.05,6.533042133882913,0.03523283005982912,3.6583703092028697,-0.03222547244529578,0.23900287371368606,200762.4139194963,1.218800753851364e-20,1.0237926332351459e-14,Klein_extrema,extrema,1,1.2225688773673458,8.884510954003215,111944.64214303467,-77.18821761922334,-16.11273622264789,111851.34118919278,0.3730959142047289,0.3730959142047289,0.15,0.8409037321492681,1.027,1.0000105753418058,0.9523809523809523,4.776333198607842,-0.9036668013921574,recede,1.5933524914245738,4.935159509334357e+22,True,True,True,True,True,True
H1L1V1-GSTLAL_AllSky-1245691227-1.xml,1245691227.0,62.107671788253796,41.72645970190935,103.83413149016314,1.488448150932197,1599.2091734719238,0.05,6.533042133882913,0.03523283005982912,3.6583703092028697,-0.03222547244529578,0.23900287371368606,200762.4139194963,1.218800753851364e-20,1.0237926332351459e-14,Klein_extrema,extrema,1,1.2225688773673458,8.884510954003215,111944.64214303467,-77.18821761922334,-16.11273622264789,111851.34118919278,0.3730959142047289,0.3730959142047289,0.15,0.8409037321492681,1.027,1.0000105753418058,0.9523809523809523,4.776333198607842,-0.9036668013921574,recede,1.5933524914245738,4.935159509334357e+22,True,True,True,True,True,True
H1L1V1-GSTLAL_AllSky-1245764060-1.xml,1245764060.0,67.03307957251829,29.01020771534452,96.04328728786281,2.3106721685781704,621.709362143762,0.05,8.036226223914557,0.02452018529175618,2.354999200327767,0.004533264414329108,0.18925306330971814,158972.57318016325,2.6919653821305327e-20,2.2612509209896475e-14,Klein_extrema,extrema,1,1.2874279813333862,8.679352021499621,43519.65535006334,-724.0125174007959,2.266632207164554,42797.90946486971,0.14275845947021693,0.14275845947021693,0.14275845947021693,0.8460687705540543,1.025696522704639,1.0000039127954232,0.9523809523809523,4.805670616747028,-0.8743293832529719,recede,1.2616870887314542,1.9185950915756493e+22,True,True,True,True,True,True
H1L1V1-GSTLAL_AllSky-1245874666-1.xml,1245874666.0,67.03307957251829,29.01020771534452,96.04328728786281,2.3106721685781704,621.709362143762,0.05,8.036226223914557,0.02452018529175618,2.354999200327767,0.004533264414329108,0.18925306330971814,158972.57318016325,2.6919653821305327e-20,2.2612509209896475e-14,Klein_extrema,extrema,1,1.2874279813333862,8.679352021499621,43519.65535006334,-724.0125174007959,2.266632207164554,42797.90946486971,0.14275845947021693,0.14275845947021693,0.14275845947021693,0.8460687705540543,1.025696522704639,1.0000039127954232,0.9523809523809523,4.805670616747028,-0.8743293832529719,recede,1.2616870887314542,1.9185950915756493e+22,True,True,True,True,True,True
H1L1V1-GSTLAL_AllSky-1245878163-1.xml,1245878163.0,67.03307957251829,29.01020771534452,96.04328728786281,2.3106721685781704,621.709362143762,0.05,8.036226223914557,0.02452018529175618,2.354999200327767,0.004533264414329108,0.18925306330971814,158972.57318016325,2.6919653821305327e-20,2.2612509209896475e-14,Klein_extrema,extrema,1,1.2874279813333862,8.679352021499621,43519.65535006334,-724.0125174007959,2.266632207164554,42797.90946486971,0.14275845947021693,0.14275845947021693,0.14275845947021693,0.8460687705540543,1.025696522704639,1.0000039127954232,0.9523809523809523,4.805670616747028,-0.8743293832529719,recede,1.2616870887314542,1.9185950915756493e+22,True,True,True,True,True,True
H1L1V1-GSTLAL_AllSky-1245898498-1.xml,1245898498.0,20.43227304248448,15.609911654858148,36.04218469734263,1.3089294477925828,500.0,0.05,6.909541615536355,0.04522380451088881,1.6299647148979712,0.5844564227243787,0.11262309029443383,94603.39584732443,2.0294741911410798e-20,1.7047583205585072e-14,Klein_deformada,extrema,1,1.7553367988597328,8.632043320000633,35000.0,-757.9881736688433,292.22821136218937,34534.24003769335,0.1151938253152898,0.1151938253152898,0.1151938253152898,0.865911798415961,1.0207348885567522,1.0000025392010352,0.9523809523809523,4.9183790150026585,-0.7616209849973412,recede,0.7508206019628922,1.543e+22,True,True,True,True,True,True
H1L1V1-GSTLAL_AllSky-1245955943-1.xml,1245955943.0,37.371387787154326,20.976167486904238,58.347555274058564,1.7816118130485892,5000.0,0.05,7.528961581378811,0.03415230543498688,1.9927035291044277,0.3894278029455341,0.1500298831370521,126025.10183512376,2.2192062103939752e-21,1.864133216730939e-15,Klein_deformada,extrema,1,1.5739287791490508,9.132043320000633,350000.0,-301.39141251064814,194.71390147276705,349893.3224889621,1.1671184953190588,1.1671184953190588,0.15,0.8409226429861442,1.027,1.0000330642857143,0.9523809523809523,4.776440612161299,-0.9035593878387012,recede,1.0001992209136807,1.543e+23,True,True,True,True,True,True
H1L1V1-GSTLAL_AllSky-1246016029-1.xml,1246016029.0,67.03307957251829,29.01020771534452,96.04328728786281,2.3106721685781704,621.709362143762,0.05,8.036226223914557,0.02452018529175618,2.354999200327767,0.004533264414329108,0.18925306330971814,158972.57318016325,2.6919653821305327e-20,2.2612509209896475e-14,Klein_extrema,extrema,1,1.2874279813333862,8.679352021499621,43519.65535006334,-724.0125174007959,2.266632207164554,42797.90946486971,0.14275845947021693,0.14275845947021693,0.14275845947021693,0.8460687705540543,1.025696522704639,1.0000039127954232,0.9523809523809523,4.805670616747028,-0.8743293832529719,recede,1.2616870887314542,1.9185950915756493e+22,True,True,True,True,True,True
H1L1V1-GSTLAL_AllSky-1246048404-1.xml,1246048404.0,67.03307957251829,29.01020771534452,96.04328728786281,2.3106721685781704,621.709362143762,0.05,8.036226223914557,0.02452018529175618,2.354999200327767,0.004533264414329108,0.18925306330971814,158972.57318016325,2.6919653821305327e-20,2.2612509209896475e-14,Klein_extrema,extrema,1,1.2874279813333862,8.679352021499621,43519.65535006334,-724.0125174007959,2.266632207164554,42797.90946486971,0.14275845947021693,0.14275845947021693,0.14275845947021693,0.8460687705540543,1.025696522704639,1.0000039127954232,0.9523809523809523,4.805670616747028,-0.8743293832529719,recede,1.2616870887314542,1.9185950915756493e+22,True,True,True,True,True,True
H1L1V1-GSTLAL_AllSky-1246191236-1.xml,1246191236.0,67.03307957251829,29.01020771534452,96.04328728786281,2.3106721685781704,621.709362143762,0.05,8.036226223914557,0.02452018529175618,2.354999200327767,0.004533264414329108,0.18925306330971814,158972.57318016325,2.6919653821305327e-20,2.2612509209896475e-14,Klein_extrema,extrema,1,1.2874279813333862,8.679352021499621,43519.65535006334,-724.0125174007959,2.266632207164554,42797.90946486971,0.14275845947021693,0.14275845947021693,0.14275845947021693,0.8460687705540543,1.025696522704639,1.0000039127954232,0.9523809523809523,4.805670616747028,-0.8743293832529719,recede,1.2616870887314542,1.9185950915756493e+22,True,True,True,True,True,True
H1L1V1-GSTLAL_AllSky-1246212043-1.xml,1246212043.0,20.43227304248448,15.609911654858148,36.04218469734263,1.3089294477925828,500.0,0.05,6.909541615536355,0.04522380451088881,1.6299647148979712,0.5844564227243787,0.11262309029443383,94603.39584732443,2.0294741911410798e-20,1.7047583205585072e-14,Klein_deformada,extrema,1,1.7553367988597328,8.632043320000633,35000.0,-757.9881736688433,292.22821136218937,34534.24003769335,0.1151938253152898,0.1151938253152898,0.1151938253152898,0.865911798415961,1.0207348885567522,1.0000025392010352,0.9523809523809523,4.9183790150026585,-0.7616209849973412,recede,0.7508206019628922,1.543e+22,True,True,True,True,True,True
H1L1V1-GSTLAL_AllSky-1246272532-1.xml,1246272532.0,20.43227304248448,15.609911654858148,36.04218469734263,1.3089294477925828,500.0,0.05,6.909541615536355,0.04522380451088881,1.6299647148979712,0.5844564227243787,0.11262309029443383,94603.39584732443,2.0294741911410798e-20,1.7047583205585072e-14,Klein_deformada,extrema,1,1.7553367988597328,8.632043320000633,35000.0,-757.9881736688433,292.22821136218937,34534.24003769335,0.1151938253152898,0.1151938253152898,0.1151938253152898,0.865911798415961,1.0207348885567522,1.0000025392010352,0.9523809523809523,4.9183790150026585,-0.7616209849973412,recede,0.7508206019628922,1.543e+22,True,True,True,True,True,True
H1L1V1-GSTLAL_AllSky-1246296410-1.xml,1246296410.0,20.43227304248448,15.609911654858148,36.04218469734263,1.3089294477925828,500.0,0.05,6.909541615536355,0.04522380451088881,1.6299647148979712,0.5844564227243787,0.11262309029443383,94603.39584732443,2.0294741911410798e-20,1.7047583205585072e-14,Klein_deformada,extrema,1,1.7553367988597328,8.632043320000633,35000.0,-757.9881736688433,292.22821136218937,34534.24003769335,0.1151938253152898,0.1151938253152898,0.1151938253152898,0.865911798415961,1.0207348885567522,1.0000025392010352,0.9523809523809523,4.9183790150026585,-0.7616209849973412,recede,0.7508206019628922,1.543e+22,True,True,True,True,True,True
H1L1V1-GSTLAL_AllSky-1246385767-1.xml,1246385767.0,37.371387787154326,20.976167486904238,58.347555274058564,1.7816118130485892,5000.0,0.05,7.528961581378811,0.03415230543498688,1.9927035291044277,0.3894278029455341,0.1500298831370521,126025.10183512376,2.2192062103939752e-21,1.864133216730939e-15,Klein_deformada,extrema,1,1.5739287791490508,9.132043320000633,350000.0,-301.39141251064814,194.71390147276705,349893.3224889621,1.1671184953190588,1.1671184953190588,0.15,0.8409226429861442,1.027,1.0000330642857143,0.9523809523809523,4.776440612161299,-0.9035593878387012,recede,1.0001992209136807,1.543e+23,True,True,True,True,True,True
H1L1V1-GSTLAL_AllSky-1246393733-1.xml,1246393733.0,24.458317633498567,13.998265952623157,38.456583586121724,1.7472391020628726,2068.5053876305383,0.05,7.936406696602852,0.0337779406103561,1.2989841964492148,0.3023022495902911,0.10309266875480823,86597.84175403892,3.9758029357853415e-21,3.339674466059687e-15,Klein_deformada,extrema,1,1.7297203150445504,8.940386646030976,144795.37713413767,656.463496270527,151.15112479514556,145602.99175520334,0.485679302029684,0.485679302029684,0.15,0.8409063417729131,1.027,1.0000136787306277,0.9523809523809523,4.776348021270146,-0.9036519787298536,recede,0.6872844583653882,6.383407626227841e+22,True,True,True,True,True,True
H1L1V1-GSTLAL_AllSky-1246457131-1.xml,1246457131.0,20.43227304248448,15.609911654858148,36.04218469734263,1.3089294477925828,500.0,0.05,6.909541615536355,0.04522380451088881,1.6299647148979712,0.5844564227243787,0.11262309029443383,94603.39584732443,2.0294741911410798e-20,1.7047583205585072e-14,Klein_deformada,extrema,1,1.7553367988597328,8.632043320000633,35000.0,-757.9881736688433,292.22821136218937,34534.24003769335,0.1151938253152898,0.1151938253152898,0.1151938253152898,0.865911798415961,1.0207348885567522,1.0000025392010352,0.9523809523809523,4.9183790150026585,-0.7616209849973412,recede,0.7508206019628922,1.543e+22,True,True,True,True,True,True
H1L1V1-GSTLAL_AllSky-1246487219-1.xml,1246487219.0,20.43227304248448,15.609911654858148,36.04218469734263,1.3089294477925828,500.0,0.05,6.909541615536355,0.04522380451088881,1.6299647148979712,0.5844564227243787,0.11262309029443383,94603.39584732443,2.0294741911410798e-20,1.7047583205585072e-14,Klein_deformada,extrema,1,1.7553367988597328,8.632043320000633,35000.0,-757.9881736688433,292.22821136218937,34534.24003769335,0.1151938253152898,0.1151938253152898,0.1151938253152898,0.865911798415961,1.0207348885567522,1.0000025392010352,0.9523809523809523,4.9183790150026585,-0.7616209849973412,recede,0.7508206019628922,1.543e+22,True,True,True,True,True,True
H1L1V1-GSTLAL_AllSky-1246514951-1.xml,1246514951.0,20.43227304248448,15.609911654858148,36.04218469734263,1.3089294477925828,500.0,0.05,6.909541615536355,0.04522380451088881,1.6299647148979712,0.5844564227243787,0.11262309029443383,94603.39584732443,2.0294741911410798e-20,1.7047583205585072e-14,Klein_deformada,extrema,1,1.7553367988597328,8.632043320000633,35000.0,-757.9881736688433,292.22821136218937,34534.24003769335,0.1151938253152898,0.1151938253152898,0.1151938253152898,0.865911798415961,1.0207348885567522,1.0000025392010352,0.9523809523809523,4.9183790150026585,-0.7616209849973412,recede,0.7508206019628922,1.543e+22,True,True,True,True,True,True
H1L1V1-GSTLAL_AllSky-1246523564-1.xml,1246523564.0,37.371387787154326,20.976167486904238,58.347555274058564,1.7816118130485892,5000.0,0.05,7.528961581378811,0.03415230543498688,1.9927035291044277,0.3894278029455341,0.1500298831370521,126025.10183512376,2.2192062103939752e-21,1.864133216730939e-15,Klein_deformada,extrema,1,1.5739287791490508,9.132043320000633,350000.0,-301.39141251064814,194.71390147276705,349893.3224889621,1.1671184953190588,1.1671184953190588,0.15,0.8409226429861442,1.027,1.0000330642857143,0.9523809523809523,4.776440612161299,-0.9035593878387012,recede,1.0001992209136807,1.543e+23,True,True,True,True,True,True
H1L1V1-GSTLAL_AllSky-1246527224-1.xml,1246527224.0,37.371387787154326,20.976167486904238,58.347555274058564,1.7816118130485892,5000.0,0.05,7.528961581378811,0.03415230543498688,1.9927035291044277,0.3894278029455341,0.1500298831370521,126025.10183512376,2.2192062103939752e-21,1.864133216730939e-15,Klein_deformada,extrema,1,1.5739287791490508,9.132043320000633,350000.0,-301.39141251064814,194.71390147276705,349893.3224889621,1.1671184953190588,1.1671184953190588,0.15,0.8409226429861442,1.027,1.0000330642857143,0.9523809523809523,4.776440612161299,-0.9035593878387012,recede,1.0001992209136807,1.543e+23,True,True,True,True,True,True
H1L1V1-GSTLAL_AllSky-1246546020-1.xml,1246546020.0,37.371387787154326,20.976167486904238,58.347555274058564,1.7816118130485892,5000.0,0.05,7.528961581378811,0.03415230543498688,1.9927035291044277,0.3894278029455341,0.1500298831370521,126025.10183512376,2.2192062103939752e-21,1.864133216730939e-15,Klein_deformada,extrema,1,1.5739287791490508,9.132043320000633,350000.0,-301.39141251064814,194.71390147276705,349893.3224889621,1.1671184953190588,1.1671184953190588,0.15,0.8409226429861442,1.027,1.0000330642857143,0.9523809523809523,4.776440612161299,-0.9035593878387012,recede,1.0001992209136807,1.543e+23,True,True,True,True,True,True
H1L1V1-GSTLAL_AllSky-1246602484-1.xml,1246602484.0,64.47751597239082,40.77987304329956,105.25738901569038,1.5811112482848928,599.4580756316033,0.05,6.4759614031837085,0.039411435760533915,4.148344825513409,0.5950440337970417,0.268645209771217,225661.9762078223,3.975496078830544e-20,3.3394167062176575e-14,Klein_extrema,extrema,1,1.3437721885846918,8.671437725429517,41962.065294212225,43.223236550135084,297.52201689852086,42302.810547660876,0.14110698724669343,0.14110698724669343,0.14110698724669343,0.8472501837373343,1.0253992577044049,1.0000037291101898,0.9523809523809523,4.812381043628059,-0.867618956371941,recede,1.7909680651414464,1.8499276213991277e+22,True,True,True,True,True,True
H1L1V1-GSTLAL_AllSky-1246600287-1.xml,1246600287.0,24.458317633498567,13.998265952623157,38.456583586121724,1.7472391020628726,2068.5053876305383,0.05,7.936406696602852,0.0337779406103561,1.2989841964492148,0.3023022495902911,0.10309266875480823,86597.84175403892,3.9758029357853415e-21,3.339674466059687e-15,Klein_deformada,extrema,1,1.7297203150445504,8.940386646030976,144795.37713413767,656.463496270527,151.15112479514556,145602.99175520334,0.485679302029684,0.485679302029684,0.15,0.8409063417729131,1.027,1.0000136787306277,0.9523809523809523,4.776348021270146,-0.9036519787298536,recede,0.6872844583653882,6.383407626227841e+22,True,True,True,True,True,True
H1L1V1-GSTLAL_AllSky-1246626158-1.xml,1246626158.0,37.371387787154326,20.976167486904238,58.347555274058564,1.7816118130485892,5000.0,0.05,7.528961581378811,0.03415230543498688,1.9927035291044277,0.3894278029455341,0.1500298831370521,126025.10183512376,2.2192062103939752e-21,1.864133216730939e-15,Klein_deformada,extrema,1,1.5739287791490508,9.132043320000633,350000.0,-301.39141251064814,194.71390147276705,349893.3224889621,1.1671184953190588,1.1671184953190588,0.15,0.8409226429861442,1.027,1.0000330642857143,0.9523809523809523,4.776440612161299,-0.9035593878387012,recede,1.0001992209136807,1.543e+23,True,True,True,True,True,True
H1L1V1-GSTLAL_AllSky-1246663515-1.xml,1246663515.0,37.371387787154326,20.976167486904238,58.347555274058564,1.7816118130485892,5000.0,0.05,7.528961581378811,0.03415230543498688,1.9927035291044277,0.3894278029455341,0.1500298831370521,126025.10183512376,2.2192062103939752e-21,1.864133216730939e-15,Klein_deformada,extrema,1,1.5739287791490508,9.132043320000633,350000.0,-301.39141251064814,194.71390147276705,349893.3224889621,1.1671184953190588,1.1671184953190588,0.15,0.8409226429861442,1.027,1.0000330642857143,0.9523809523809523,4.776440612161299,-0.9035593878387012,recede,1.0001992209136807,1.543e+23,True,True,True,True,True,True
H1L1V1-GSTLAL_AllSky-1246677756-1.xml,1246677756.0,37.371387787154326,20.976167486904238,58.347555274058564,1.7816118130485892,5000.0,0.05,7.528961581378811,0.03415230543498688,1.9927035291044277,0.3894278029455341,0.1500298831370521,126025.10183512376,2.2192062103939752e-21,1.864133216730939e-15,Klein_deformada,extrema,1,1.5739287791490508,9.132043320000633,350000.0,-301.39141251064814,194.71390147276705,349893.3224889621,1.1671184953190588,1.1671184953190588,0.15,0.8409226429861442,1.027,1.0000330642857143,0.9523809523809523,4.776440612161299,-0.9035593878387012,recede,1.0001992209136807,1.543e+23,True,True,True,True,True,True
H1L1V1-GSTLAL_AllSky-1246684845-1.xml,1246684845.0,24.458317633498567,13.998265952623157,38.456583586121724,1.7472391020628726,2068.5053876305383,0.05,7.936406696602852,0.0337779406103561,1.2989841964492148,0.3023022495902911,0.10309266875480823,86597.84175403892,3.9758029357853415e-21,3.339674466059687e-15,Klein_deformada,extrema,1,1.7297203150445504,8.940386646030976,144795.37713413767,656.463496270527,151.15112479514556,145602.99175520334,0.485679302029684,0.485679302029684,0.15,0.8409063417729131,1.027,1.0000136787306277,0.9523809523809523,4.776348021270146,-0.9036519787298536,recede,0.6872844583653882,6.383407626227841e+22,True,True,True,True,True,True
H1L1V1-GSTLAL_AllSky-1246779793-1.xml,1246779793.0,24.458317633498567,13.998265952623157,38.456583586121724,1.7472391020628726,2068.5053876305383,0.05,7.936406696602852,0.0337779406103561,1.2989841964492148,0.3023022495902911,0.10309266875480823,86597.84175403892,3.9758029357853415e-21,3.339674466059687e-15,Klein_deformada,extrema,1,1.7297203150445504,8.940386646030976,144795.37713413767,656.463496270527,151.15112479514556,145602.99175520334,0.485679302029684,0.485679302029684,0.15,0.8409063417729131,1.027,1.0000136787306277,0.9523809523809523,4.776348021270146,-0.9036519787298536,recede,0.6872844583653882,6.383407626227841e+22,True,True,True,True,True,True
H1L1V1-GSTLAL_AllSky-1246835605-1.xml,1246835605.0,24.458317633498567,13.998265952623157,38.456583586121724,1.7472391020628726,2068.5053876305383,0.05,7.936406696602852,0.0337779406103561,1.2989841964492148,0.3023022495902911,0.10309266875480823,86597.84175403892,3.9758029357853415e-21,3.339674466059687e-15,Klein_deformada,extrema,1,1.7297203150445504,8.940386646030976,144795.37713413767,656.463496270527,151.15112479514556,145602.99175520334,0.485679302029684,0.485679302029684,0.15,0.8409063417729131,1.027,1.0000136787306277,0.9523809523809523,4.776348021270146,-0.9036519787298536,recede,0.6872844583653882,6.383407626227841e+22,True,True,True,True,True,True
H1L1V1-GSTLAL_AllSky-1246849694-1.xml,1246849694.0,66.01245103572244,15.345858570195285,81.35830960591773,4.301645993527646,1370.6751221944699,0.05,8.201334335101942,0.018415545673825997,1.4982576664930543,0.2954433795324602,0.122877120430392,103216.78116152929,7.408208142160782e-21,6.222894839415057e-15,Klein_deformada,extrema,1,1.0070441569462205,8.851025583025404,95947.25855361289,309.151150454715,147.7216897662301,96404.13139383383,0.3215695686174795,0.3215695686174795,0.15,0.8409024613359822,1.027,1.0000090640787724,0.9523809523809523,4.776325980388378,-0.9036740196116213,recede,0.81918080286928,4.229903427092134e+22,True,True,True,True,True,True
H1L1V1-GSTLAL_AllSky-1246852494-1.xml,1246852494.0,64.47751597239082,40.77987304329956,105.25738901569038,1.5811112482848928,599.4580756316033,0.05,6.4759614031837085,0.039411435760533915,4.148344825513409,0.5950440337970417,0.268645209771217,225661.9762078223,3.975496078830544e-20,3.3394167062176575e-14,Klein_extrema,extrema,1,1.3437721885846918,8.671437725429517,41962.065294212225,43.223236550135084,297.52201689852086,42302.810547660876,0.14110698724669343,0.14110698724669343,0.14110698724669343,0.8472501837373343,1.0253992577044049,1.0000037291101898,0.9523809523809523,4.812381043628059,-0.867618956371941,recede,1.7909680651414464,1.8499276213991277e+22,True,True,True,True,True,True
H1L1V1-GSTLAL_AllSky-1246853186-1.xml,1246853186.0,24.458317633498567,13.998265952623157,38.456583586121724,1.7472391020628726,2068.5053876305383,0.05,7.936406696602852,0.0337779406103561,1.2989841964492148,0.3023022495902911,0.10309266875480823,86597.84175403892,3.9758029357853415e-21,3.339674466059687e-15,Klein_deformada,extrema,1,1.7297203150445504,8.940386646030976,144795.37713413767,656.463496270527,151.15112479514556,145602.99175520334,0.485679302029684,0.485679302029684,0.15,0.8409063417729131,1.027,1.0000136787306277,0.9523809523809523,4.776348021270146,-0.9036519787298536,recede,0.6872844583653882,6.383407626227841e+22,True,True,True,True,True,True
H1L1V1-GSTLAL_AllSky-1247305773-1.xml,1247305773.0,24.458317633498567,13.998265952623157,38.456583586121724,1.7472391020628726,2068.5053876305383,0.05,7.936406696602852,0.0337779406103561,1.2989841964492148,0.3023022495902911,0.10309266875480823,86597.84175403892,3.9758029357853415e-21,3.339674466059687e-15,Klein_deformada,extrema,1,1.7297203150445504,8.940386646030976,144795.37713413767,656.463496270527,151.15112479514556,145602.99175520334,0.485679302029684,0.485679302029684,0.15,0.8409063417729131,1.027,1.0000136787306277,0.9523809523809523,4.776348021270146,-0.9036519787298536,recede,0.6872844583653882,6.383407626227841e+22,True,True,True,True,True,True
H1L1V1-GSTLAL_AllSky-1247473474-1.xml,1247473474.0,24.458317633498567,13.998265952623157,38.456583586121724,1.7472391020628726,2068.5053876305383,0.05,7.936406696602852,0.0337779406103561,1.2989841964492148,0.3023022495902911,0.10309266875480823,86597.84175403892,3.9758029357853415e-21,3.339674466059687e-15,Klein_deformada,extrema,1,1.7297203150445504,8.940386646030976,144795.37713413767,656.463496270527,151.15112479514556,145602.99175520334,0.485679302029684,0.485679302029684,0.15,0.8409063417729131,1.027,1.0000136787306277,0.9523809523809523,4.776348021270146,-0.9036519787298536,recede,0.6872844583653882,6.383407626227841e+22,True,True,True,True,True,True
H1L1V1-GSTLAL_AllSky-1247529518-1.xml,1247529518.0,64.47751597239082,40.77987304329956,105.25738901569038,1.5811112482848928,599.4580756316033,0.05,6.4759614031837085,0.039411435760533915,4.148344825513409,0.5950440337970417,0.268645209771217,225661.9762078223,3.975496078830544e-20,3.3394167062176575e-14,Klein_extrema,extrema,1,1.3437721885846918,8.671437725429517,41962.065294212225,43.223236550135084,297.52201689852086,42302.810547660876,0.14110698724669343,0.14110698724669343,0.14110698724669343,0.8472501837373343,1.0253992577044049,1.0000037291101898,0.9523809523809523,4.812381043628059,-0.867618956371941,recede,1.7909680651414464,1.8499276213991277e+22,True,True,True,True,True,True
H1L1V1-GSTLAL_AllSky-1247606192-1.xml,1247606192.0,64.47751597239082,40.77987304329956,105.25738901569038,1.5811112482848928,599.4580756316033,0.05,6.4759614031837085,0.039411435760533915,4.148344825513409,0.5950440337970417,0.268645209771217,225661.9762078223,3.975496078830544e-20,3.3394167062176575e-14,Klein_extrema,extrema,1,1.3437721885846918,8.671437725429517,41962.065294212225,43.223236550135084,297.52201689852086,42302.810547660876,0.14110698724669343,0.14110698724669343,0.14110698724669343,0.8472501837373343,1.0253992577044049,1.0000037291101898,0.9523809523809523,4.812381043628059,-0.867618956371941,recede,1.7909680651414464,1.8499276213991277e+22,True,True,True,True,True,True
H1L1V1-GSTLAL_AllSky-1247571986-1.xml,1247571986.0,64.47751597239082,40.77987304329956,105.25738901569038,1.5811112482848928,599.4580756316033,0.05,6.4759614031837085,0.039411435760533915,4.148344825513409,0.5950440337970417,0.268645209771217,225661.9762078223,3.975496078830544e-20,3.3394167062176575e-14,Klein_extrema,extrema,1,1.3437721885846918,8.671437725429517,41962.065294212225,43.223236550135084,297.52201689852086,42302.810547660876,0.14110698724669343,0.14110698724669343,0.14110698724669343,0.8472501837373343,1.0253992577044049,1.0000037291101898,0.9523809523809523,4.812381043628059,-0.867618956371941,recede,1.7909680651414464,1.8499276213991277e+22,True,True,True,True,True,True
H1L1V1-GSTLAL_AllSky-1247616534-1.xml,1247616534.0,52.38597670270519,49.69032877682463,102.07630547952982,1.0542489452623185,773.8006363260004,0.05,9.321985627511857,0.04938683931822354,5.04122609691544,0.17024238372072475,0.46994237220483437,394751.5926520609,5.2708537972066446e-20,4.427517189653582e-14,Klein_extrema,extrema,1,3.4891768266602465,8.726872859093831,54166.044542820026,793.4463006484918,85.12119186036237,55044.612035328886,0.1836090620909779,0.1836090620909779,0.15,0.8408991422856161,1.027,1.000005117033065,0.9523809523809523,4.7763071281822995,-0.9036928718177002,recede,3.1329491480322287,2.387948763702037e+22,True,True,True,True,True,True
H1L1V1-GSTLAL_AllSky-1247625885-1.xml,1247625885.0,66.01245103572244,15.345858570195285,81.35830960591773,4.301645993527646,1370.6751221944699,0.05,8.201334335101942,0.018415545673825997,1.4982576664930543,0.2954433795324602,0.122877120430392,103216.78116152929,7.408208142160782e-21,6.222894839415057e-15,Klein_deformada,extrema,1,1.0070441569462205,8.851025583025404,95947.25855361289,309.151150454715,147.7216897662301,96404.13139383383,0.3215695686174795,0.3215695686174795,0.15,0.8409024613359822,1.027,1.0000090640787724,0.9523809523809523,4.776325980388378,-0.9036740196116213,recede,0.81918080286928,4.229903427092134e+22,True,True,True,True,True,True
H1L1V1-GSTLAL_AllSky-1247679044-1.xml,1247679044.0,64.47751597239082,40.77987304329956,105.25738901569038,1.5811112482848928,599.4580756316033,0.05,6.4759614031837085,0.039411435760533915,4.148344825513409,0.5950440337970417,0.268645209771217,225661.9762078223,3.975496078830544e-20,3.3394167062176575e-14,Klein_extrema,extrema,1,1.3437721885846918,8.671437725429517,41962.065294212225,43.223236550135084,297.52201689852086,42302.810547660876,0.14110698724669343,0.14110698724669343,0.14110698724669343,0.8472501837373343,1.0253992577044049,1.0000037291101898,0.9523809523809523,4.812381043628059,-0.867618956371941,recede,1.7909680651414464,1.8499276213991277e+22,True,True,True,True,True,True
H1L1V1-GSTLAL_AllSky-1247712250-1.xml,1247712250.0,64.47751597239082,40.77987304329956,105.25738901569038,1.5811112482848928,599.4580756316033,0.05,6.4759614031837085,0.039411435760533915,4.148344825513409,0.5950440337970417,0.268645209771217,225661.9762078223,3.975496078830544e-20,3.3394167062176575e-14,Klein_extrema,extrema,1,1.3437721885846918,8.671437725429517,41962.065294212225,43.223236550135084,297.52201689852086,42302.810547660876,0.14110698724669343,0.14110698724669343,0.14110698724669343,0.8472501837373343,1.0253992577044049,1.0000037291101898,0.9523809523809523,4.812381043628059,-0.867618956371941,recede,1.7909680651414464,1.8499276213991277e+22,True,True,True,True,True,True
H1L1V1-GSTLAL_AllSky-1247758272-1.xml,1247758272.0,64.47751597239082,40.77987304329956,105.25738901569038,1.5811112482848928,599.4580756316033,0.05,6.4759614031837085,0.039411435760533915,4.148344825513409,0.5950440337970417,0.268645209771217,225661.9762078223,3.975496078830544e-20,3.3394167062176575e-14,Klein_extrema,extrema,1,1.3437721885846918,8.671437725429517,41962.065294212225,43.223236550135084,297.52201689852086,42302.810547660876,0.14110698724669343,0.14110698724669343,0.14110698724669343,0.8472501837373343,1.0253992577044049,1.0000037291101898,0.9523809523809523,4.812381043628059,-0.867618956371941,recede,1.7909680651414464,1.8499276213991277e+22,True,True,True,True,True,True
H1L1V1-GSTLAL_AllSky-1247788484-1.xml,1247788484.0,66.01245103572244,15.345858570195285,81.35830960591773,4.301645993527646,1370.6751221944699,0.05,8.201334335101942,0.018415545673825997,1.4982576664930543,0.2954433795324602,0.122877120430392,103216.78116152929,7.408208142160782e-21,6.222894839415057e-15,Klein_deformada,extrema,1,1.0070441569462205,8.851025583025404,95947.25855361289,309.151150454715,147.7216897662301,96404.13139383383,0.3215695686174795,0.3215695686174795,0.15,0.8409024613359822,1.027,1.0000090640787724,0.9523809523809523,4.776325980388378,-0.9036740196116213,recede,0.81918080286928,4.229903427092134e+22,True,True,True,True,True,True
H1L1V1-GSTLAL_AllSky-1247793417-1.xml,1247793417.0,66.01245103572244,15.345858570195285,81.35830960591773,4.301645993527646,1370.6751221944699,0.05,8.201334335101942,0.018415545673825997,1.4982576664930543,0.2954433795324602,0.122877120430392,103216.78116152929,7.408208142160782e-21,6.222894839415057e-15,Klein_deformada,extrema,1,1.0070441569462205,8.851025583025404,95947.25855361289,309.151150454715,147.7216897662301,96404.13139383383,0.3215695686174795,0.3215695686174795,0.15,0.8409024613359822,1.027,1.0000090640787724,0.9523809523809523,4.776325980388378,-0.9036740196116213,recede,0.81918080286928,4.229903427092134e+22,True,True,True,True,True,True
H1L1V1-GSTLAL_AllSky-1247825375-1.xml,1247825375.0,66.01245103572244,15.345858570195285,81.35830960591773,4.301645993527646,1370.6751221944699,0.05,8.201334335101942,0.018415545673825997,1.4982576664930543,0.2954433795324602,0.122877120430392,103216.78116152929,7.408208142160782e-21,6.222894839415057e-15,Klein_deformada,extrema,1,1.0070441569462205,8.851025583025404,95947.25855361289,309.151150454715,147.7216897662301,96404.13139383383,0.3215695686174795,0.3215695686174795,0.15,0.8409024613359822,1.027,1.0000090640787724,0.9523809523809523,4.776325980388378,-0.9036740196116213,recede,0.81918080286928,4.229903427092134e+22,True,True,True,True,True,True
H1L1V1-GSTLAL_AllSky-1247855210-1.xml,1247855210.0,68.71979087121429,12.246903049445914,80.9666939206602,5.61119742630145,500.0,0.05,8.917979496831357,0.013019678614242091,1.0541603333047047,-0.1726859175432341,0.09400980238784265,78968.23400578783,1.6940617342465975e-20,1.423011856767142e-14,Klein_deformada,extrema,1,0.8418371587141423,8.632043320000633,35000.0,189.0309050101274,-86.34295877161705,35102.68794623851,0.11708996343810128,0.11708996343810128,0.11708996343810128,0.8645380743717356,1.0210761934188581,1.000002580997337,0.9523809523809523,4.910576262431458,-0.769423737568542,recede,0.626732015918951,1.543e+22,True,True,True,True,True,True
H1L1V1-GSTLAL_AllSky-1247864269-1.xml,1247864269.0,52.38597670270519,49.69032877682463,102.07630547952982,1.0542489452623185,773.8006363260004,0.05,9.321985627511857,0.04938683931822354,5.04122609691544,0.17024238372072475,0.46994237220483437,394751.5926520609,5.2708537972066446e-20,4.427517189653582e-14,Klein_extrema,extrema,1,3.4891768266602465,8.726872859093831,54166.044542820026,793.4463006484918,85.12119186036237,55044.612035328886,0.1836090620909779,0.1836090620909779,0.15,0.8408991422856161,1.027,1.000005117033065,0.9523809523809523,4.7763071281822995,-0.9036928718177002,recede,3.1329491480322287,2.387948763702037e+22,True,True,True,True,True,True
H1L1V1-GSTLAL_AllSky-1247877553-1.xml,1247877553.0,66.01245103572244,15.345858570195285,81.35830960591773,4.301645993527646,1370.6751221944699,0.05,8.201334335101942,0.018415545673825997,1.4982576664930543,0.2954433795324602,0.122877120430392,103216.78116152929,7.408208142160782e-21,6.222894839415057e-15,Klein_deformada,extrema,1,1.0070441569462205,8.851025583025404,95947.25855361289,309.151150454715,147.7216897662301,96404.13139383383,0.3215695686174795,0.3215695686174795,0.15,0.8409024613359822,1.027,1.0000090640787724,0.9523809523809523,4.776325980388378,-0.9036740196116213,recede,0.81918080286928,4.229903427092134e+22,True,True,True,True,True,True
H1L1V1-GSTLAL_AllSky-1248055112-1.xml,1248055112.0,66.01245103572244,15.345858570195285,81.35830960591773,4.301645993527646,1370.6751221944699,0.05,8.201334335101942,0.018415545673825997,1.4982576664930543,0.2954433795324602,0.122877120430392,103216.78116152929,7.408208142160782e-21,6.222894839415057e-15,Klein_deformada,extrema,1,1.0070441569462205,8.851025583025404,95947.25855361289,309.151150454715,147.7216897662301,96404.13139383383,0.3215695686174795,0.3215695686174795,0.15,0.8409024613359822,1.027,1.0000090640787724,0.9523809523809523,4.776325980388378,-0.9036740196116213,recede,0.81918080286928,4.229903427092134e+22,True,True,True,True,True,True
H1L1V1-GSTLAL_AllSky-1248093189-1.xml,1248093189.0,66.01245103572244,15.345858570195285,81.35830960591773,4.301645993527646,1370.6751221944699,0.05,8.201334335101942,0.018415545673825997,1.4982576664930543,0.2954433795324602,0.122877120430392,103216.78116152929,7.408208142160782e-21,6.222894839415057e-15,Klein_deformada,extrema,1,1.0070441569462205,8.851025583025404,95947.25855361289,309.151150454715,147.7216897662301,96404.13139383383,0.3215695686174795,0.3215695686174795,0.15,0.8409024613359822,1.027,1.0000090640787724,0.9523809523809523,4.776325980388378,-0.9036740196116213,recede,0.81918080286928,4.229903427092134e+22,True,True,True,True,True,True
H1L1V1-GSTLAL_AllSky-1248104724-1.xml,1248104724.0,52.38597670270519,49.69032877682463,102.07630547952982,1.0542489452623185,773.8006363260004,0.05,9.321985627511857,0.04938683931822354,5.04122609691544,0.17024238372072475,0.46994237220483437,394751.5926520609,5.2708537972066446e-20,4.427517189653582e-14,Klein_extrema,extrema,1,3.4891768266602465,8.726872859093831,54166.044542820026,793.4463006484918,85.12119186036237,55044.612035328886,0.1836090620909779,0.1836090620909779,0.15,0.8408991422856161,1.027,1.000005117033065,0.9523809523809523,4.7763071281822995,-0.9036928718177002,recede,3.1329491480322287,2.387948763702037e+22,True,True,True,True,True,True
H1L1V1-GSTLAL_AllSky-1248199254-1.xml,1248199254.0,52.38597670270519,49.69032877682463,102.07630547952982,1.0542489452623185,773.8006363260004,0.05,9.321985627511857,0.04938683931822354,5.04122609691544,0.17024238372072475,0.46994237220483437,394751.5926520609,5.2708537972066446e-20,4.427517189653582e-14,Klein_extrema,extrema,1,3.4891768266602465,8.726872859093831,54166.044542820026,793.4463006484918,85.12119186036237,55044.612035328886,0.1836090620909779,0.1836090620909779,0.15,0.8408991422856161,1.027,1.000005117033065,0.9523809523809523,4.7763071281822995,-0.9036928718177002,recede,3.1329491480322287,2.387948763702037e+22,True,True,True,True,True,True
H1L1V1-GSTLAL_AllSky-1248192749-1.xml,1248192749.0,52.38597670270519,49.69032877682463,102.07630547952982,1.0542489452623185,773.8006363260004,0.05,9.321985627511857,0.04938683931822354,5.04122609691544,0.17024238372072475,0.46994237220483437,394751.5926520609,5.2708537972066446e-20,4.427517189653582e-14,Klein_extrema,extrema,1,3.4891768266602465,8.726872859093831,54166.044542820026,793.4463006484918,85.12119186036237,55044.612035328886,0.1836090620909779,0.1836090620909779,0.15,0.8408991422856161,1.027,1.000005117033065,0.9523809523809523,4.7763071281822995,-0.9036928718177002,recede,3.1329491480322287,2.387948763702037e+22,True,True,True,True,True,True
H1L1V1-GSTLAL_AllSky-1248208249-1.xml,1248208249.0,46.10065780109986,24.31785432996501,70.41851213106486,1.8957535140875315,841.6893185946659,0.05,7.383570168316337,0.03118166090409602,2.195766166641836,0.24443977706767467,0.16212593564614983,136185.78594276585,1.6597199211523973e-20,1.3941647337680138e-14,Klein_extrema,extrema,1,1.3820601532928094,8.74513422574466,58918.25230162661,-379.7040997810097,122.21988853383733,58660.76809037944,0.19567126031696047,0.19567126031696047,0.15,0.8408995197953959,1.027,1.0000055659712226,0.9523809523809523,4.776309272437849,-0.9036907275621511,recede,1.0808395709743321,2.597453237183139e+22,True,True,True,True,True,True
H1L1V1-GSTLAL_AllSky-1248242631-1.xml,1248242631.0,68.71979087121429,12.246903049445914,80.9666939206602,5.61119742630145,500.0,0.05,8.917979496831357,0.013019678614242091,1.0541603333047047,-0.1726859175432341,0.09400980238784265,78968.23400578783,1.6940617342465975e-20,1.423011856767142e-14,Klein_deformada,extrema,1,0.8418371587141423,8.632043320000633,35000.0,189.0309050101274,-86.34295877161705,35102.68794623851,0.11708996343810128,0.11708996343810128,0.11708996343810128,0.8645380743717356,1.0210761934188581,1.000002580997337,0.9523809523809523,4.910576262431458,-0.769423737568542,recede,0.626732015918951,1.543e+22,True,True,True,True,True,True
H1L1V1-GSTLAL_AllSky-1248365183-1.xml,1248365183.0,52.38597670270519,49.69032877682463,102.07630547952982,1.0542489452623185,773.8006363260004,0.05,9.321985627511857,0.04938683931822354,5.04122609691544,0.17024238372072475,0.46994237220483437,394751.5926520609,5.2708537972066446e-20,4.427517189653582e-14,Klein_extrema,extrema,1,3.4891768266602465,8.726872859093831,54166.044542820026,793.4463006484918,85.12119186036237,55044.612035328886,0.1836090620909779,0.1836090620909779,0.15,0.8408991422856161,1.027,1.000005117033065,0.9523809523809523,4.7763071281822995,-0.9036928718177002,recede,3.1329491480322287,2.387948763702037e+22,True,True,True,True,True,True
H1L1V1-GSTLAL_AllSky-1248331528-1.xml,1248331528.0,52.38597670270519,49.69032877682463,102.07630547952982,1.0542489452623185,773.8006363260004,0.05,9.321985627511857,0.04938683931822354,5.04122609691544,0.17024238372072475,0.46994237220483437,394751.5926520609,5.2708537972066446e-20,4.427517189653582e-14,Klein_extrema,extrema,1,3.4891768266602465,8.726872859093831,54166.044542820026,793.4463006484918,85.12119186036237,55044.612035328886,0.1836090620909779,0.1836090620909779,0.15,0.8408991422856161,1.027,1.000005117033065,0.9523809523809523,4.7763071281822995,-0.9036928718177002,recede,3.1329491480322287,2.387948763702037e+22,True,True,True,True,True,True
H1L1V1-GSTLAL_AllSky-1248387022-1.xml,1248387022.0,52.38597670270519,49.69032877682463,102.07630547952982,1.0542489452623185,773.8006363260004,0.05,9.321985627511857,0.04938683931822354,5.04122609691544,0.17024238372072475,0.46994237220483437,394751.5926520609,5.2708537972066446e-20,4.427517189653582e-14,Klein_extrema,extrema,1,3.4891768266602465,8.726872859093831,54166.044542820026,793.4463006484918,85.12119186036237,55044.612035328886,0.1836090620909779,0.1836090620909779,0.15,0.8408991422856161,1.027,1.000005117033065,0.9523809523809523,4.7763071281822995,-0.9036928718177002,recede,3.1329491480322287,2.387948763702037e+22,True,True,True,True,True,True
H1L1V1-GSTLAL_AllSky-1248388469-1.xml,1248388469.0,68.71979087121429,12.246903049445914,80.9666939206602,5.61119742630145,500.0,0.05,8.917979496831357,0.013019678614242091,1.0541603333047047,-0.1726859175432341,0.09400980238784265,78968.23400578783,1.6940617342465975e-20,1.423011856767142e-14,Klein_deformada,extrema,1,0.8418371587141423,8.632043320000633,35000.0,189.0309050101274,-86.34295877161705,35102.68794623851,0.11708996343810128,0.11708996343810128,0.11708996343810128,0.8645380743717356,1.0210761934188581,1.000002580997337,0.9523809523809523,4.910576262431458,-0.769423737568542,recede,0.626732015918951,1.543e+22,True,True,True,True,True,True
H1L1V1-GSTLAL_AllSky-1248515038-1.xml,1248515038.0,68.71979087121429,12.246903049445914,80.9666939206602,5.61119742630145,500.0,0.05,8.917979496831357,0.013019678614242091,1.0541603333047047,-0.1726859175432341,0.09400980238784265,78968.23400578783,1.6940617342465975e-20,1.423011856767142e-14,Klein_deformada,extrema,1,0.8418371587141423,8.632043320000633,35000.0,189.0309050101274,-86.34295877161705,35102.68794623851,0.11708996343810128,0.11708996343810128,0.11708996343810128,0.8645380743717356,1.0210761934188581,1.000002580997337,0.9523809523809523,4.910576262431458,-0.769423737568542,recede,0.626732015918951,1.543e+22,True,True,True,True,True,True
H1L1V1-GSTLAL_AllSky-1248447227-1.xml,1248447227.0,68.71979087121429,12.246903049445914,80.9666939206602,5.61119742630145,500.0,0.05,8.917979496831357,0.013019678614242091,1.0541603333047047,-0.1726859175432341,0.09400980238784265,78968.23400578783,1.6940617342465975e-20,1.423011856767142e-14,Klein_deformada,extrema,1,0.8418371587141423,8.632043320000633,35000.0,189.0309050101274,-86.34295877161705,35102.68794623851,0.11708996343810128,0.11708996343810128,0.11708996343810128,0.8645380743717356,1.0210761934188581,1.000002580997337,0.9523809523809523,4.910576262431458,-0.769423737568542,recede,0.626732015918951,1.543e+22,True,True,True,True,True,True
H1L1V1-GSTLAL_AllSky-1248617394-1.xml,1248617394.0,46.10065780109986,24.31785432996501,70.41851213106486,1.8957535140875315,841.6893185946659,0.05,7.383570168316337,0.03118166090409602,2.195766166641836,0.24443977706767467,0.16212593564614983,136185.78594276585,1.6597199211523973e-20,1.3941647337680138e-14,Klein_extrema,extrema,1,1.3820601532928094,8.74513422574466,58918.25230162661,-379.7040997810097,122.21988853383733,58660.76809037944,0.19567126031696047,0.19567126031696047,0.15,0.8408995197953959,1.027,1.0000055659712226,0.9523809523809523,4.776309272437849,-0.9036907275621511,recede,1.0808395709743321,2.597453237183139e+22,True,True,True,True,True,True
H1L1V1-GSTLAL_AllSky-1248524521-1.xml,1248524521.0,36.71814055825198,23.135646019891396,59.85378657814338,1.5870808416883075,909.4029658258924,0.05,7.121347267693615,0.03796253278521199,2.2722013352918493,0.4608589609809653,0.16181134770730396,135921.53207413535,1.5230200101751328e-20,1.2793368085471119e-14,Klein_extrema,extrema,1,1.5652164273300813,8.761936500948233,63658.20760781247,-367.12539411006304,230.42948049048266,63521.511694192886,0.21188495573892285,0.21188495573892285,0.15,0.8408998963318552,1.027,1.0000060137518982,0.9523809523809523,4.776311411164937,-0.9036885888350623,recede,1.078742318048693,2.806417552538704e+22,True,True,True,True,True,True
H1L1V1-GSTLAL_AllSky-1248741664-1.xml,1248741664.0,68.71979087121429,12.246903049445914,80.9666939206602,5.61119742630145,500.0,0.05,8.917979496831357,0.013019678614242091,1.0541603333047047,-0.1726859175432341,0.09400980238784265,78968.23400578783,1.6940617342465975e-20,1.423011856767142e-14,Klein_deformada,extrema,1,0.8418371587141423,8.632043320000633,35000.0,189.0309050101274,-86.34295877161705,35102.68794623851,0.11708996343810128,0.11708996343810128,0.11708996343810128,0.8645380743717356,1.0210761934188581,1.000002580997337,0.9523809523809523,4.910576262431458,-0.769423737568542,recede,0.626732015918951,1.543e+22,True,True,True,True,True,True
H1L1V1-GSTLAL_AllSky-1248711176-1.xml,1248711176.0,68.71979087121429,12.246903049445914,80.9666939206602,5.61119742630145,500.0,0.05,8.917979496831357,0.013019678614242091,1.0541603333047047,-0.1726859175432341,0.09400980238784265,78968.23400578783,1.6940617342465975e-20,1.423011856767142e-14,Klein_deformada,extrema,1,0.8418371587141423,8.632043320000633,35000.0,189.0309050101274,-86.34295877161705,35102.68794623851,0.11708996343810128,0.11708996343810128,0.11708996343810128,0.8645380743717356,1.0210761934188581,1.000002580997337,0.9523809523809523,4.910576262431458,-0.769423737568542,recede,0.626732015918951,1.543e+22,True,True,True,True,True,True
H1L1V1-GSTLAL_AllSky-1248756237-1.xml,1248756237.0,68.71979087121429,12.246903049445914,80.9666939206602,5.61119742630145,500.0,0.05,8.917979496831357,0.013019678614242091,1.0541603333047047,-0.1726859175432341,0.09400980238784265,78968.23400578783,1.6940617342465975e-20,1.423011856767142e-14,Klein_deformada,extrema,1,0.8418371587141423,8.632043320000633,35000.0,189.0309050101274,-86.34295877161705,35102.68794623851,0.11708996343810128,0.11708996343810128,0.11708996343810128,0.8645380743717356,1.0210761934188581,1.000002580997337,0.9523809523809523,4.910576262431458,-0.769423737568542,recede,0.626732015918951,1.543e+22,True,True,True,True,True,True
H1L1V1-GSTLAL_AllSky-1248798387-1.xml,1248798387.0,46.10065780109986,24.31785432996501,70.41851213106486,1.8957535140875315,841.6893185946659,0.05,7.383570168316337,0.03118166090409602,2.195766166641836,0.24443977706767467,0.16212593564614983,136185.78594276585,1.6597199211523973e-20,1.3941647337680138e-14,Klein_extrema,extrema,1,1.3820601532928094,8.74513422574466,58918.25230162661,-379.7040997810097,122.21988853383733,58660.76809037944,0.19567126031696047,0.19567126031696047,0.15,0.8408995197953959,1.027,1.0000055659712226,0.9523809523809523,4.776309272437849,-0.9036907275621511,recede,1.0808395709743321,2.597453237183139e+22,True,True,True,True,True,True
H1L1V1-GSTLAL_AllSky-1248810728-1.xml,1248810728.0,46.10065780109986,24.31785432996501,70.41851213106486,1.8957535140875315,841.6893185946659,0.05,7.383570168316337,0.03118166090409602,2.195766166641836,0.24443977706767467,0.16212593564614983,136185.78594276585,1.6597199211523973e-20,1.3941647337680138e-14,Klein_extrema,extrema,1,1.3820601532928094,8.74513422574466,58918.25230162661,-379.7040997810097,122.21988853383733,58660.76809037944,0.19567126031696047,0.19567126031696047,0.15,0.8408995197953959,1.027,1.0000055659712226,0.9523809523809523,4.776309272437849,-0.9036907275621511,recede,1.0808395709743321,2.597453237183139e+22,True,True,True,True,True,True
H1L1V1-GSTLAL_AllSky-1248834439-1.xml,1248834439.0,46.10065780109986,24.31785432996501,70.41851213106486,1.8957535140875315,841.6893185946659,0.05,7.383570168316337,0.03118166090409602,2.195766166641836,0.24443977706767467,0.16212593564614983,136185.78594276585,1.6597199211523973e-20,1.3941647337680138e-14,Klein_extrema,extrema,1,1.3820601532928094,8.74513422574466,58918.25230162661,-379.7040997810097,122.21988853383733,58660.76809037944,0.19567126031696047,0.19567126031696047,0.15,0.8408995197953959,1.027,1.0000055659712226,0.9523809523809523,4.776309272437849,-0.9036907275621511,recede,1.0808395709743321,2.597453237183139e+22,True,True,True,True,True,True
H1L1V1-GSTLAL_AllSky-1248845595-1.xml,1248845595.0,36.71814055825198,23.135646019891396,59.85378657814338,1.5870808416883075,909.4029658258924,0.05,7.121347267693615,0.03796253278521199,2.2722013352918493,0.4608589609809653,0.16181134770730396,135921.53207413535,1.5230200101751328e-20,1.2793368085471119e-14,Klein_extrema,extrema,1,1.5652164273300813,8.761936500948233,63658.20760781247,-367.12539411006304,230.42948049048266,63521.511694192886,0.21188495573892285,0.21188495573892285,0.15,0.8408998963318552,1.027,1.0000060137518982,0.9523809523809523,4.776311411164937,-0.9036885888350623,recede,1.078742318048693,2.806417552538704e+22,True,True,True,True,True,True
H1L1V1-GSTLAL_AllSky-1248858246-1.xml,1248858246.0,47.68397367451908,43.83159250946633,91.51556618398541,1.0878905133145857,1045.2205212904146,0.05,7.050623015553498,0.048747413827852706,4.4611471764609805,0.23829571575817615,0.3145386695812729,264212.48244826926,2.5452839015688524e-20,2.138038477317836e-14,Klein_extrema,extrema,1,1.97015981894137,8.792162281752777,73165.43649032903,-360.7187473151896,119.14785787908808,72923.86560089292,0.24324783247513496,0.24324783247513496,0.15,0.8409006515749053,1.027,1.00000691189399,0.9523809523809523,4.776315700945462,-0.9036842990545377,recede,2.0969244638751525,3.2255505287022192e+22,True,True,True,True,True,True
H1L1V1-GSTLAL_AllSky-1248893557-1.xml,1248893557.0,46.10065780109986,24.31785432996501,70.41851213106486,1.8957535140875315,841.6893185946659,0.05,7.383570168316337,0.03118166090409602,2.195766166641836,0.24443977706767467,0.16212593564614983,136185.78594276585,1.6597199211523973e-20,1.3941647337680138e-14,Klein_extrema,extrema,1,1.3820601532928094,8.74513422574466,58918.25230162661,-379.7040997810097,122.21988853383733,58660.76809037944,0.19567126031696047,0.19567126031696047,0.15,0.8408995197953959,1.027,1.0000055659712226,0.9523809523809523,4.776309272437849,-0.9036907275621511,recede,1.0808395709743321,2.597453237183139e+22,True,True,True,True,True,True
H1L1V1-GSTLAL_AllSky-1248922975-1.xml,1248922975.0,46.10065780109986,24.31785432996501,70.41851213106486,1.8957535140875315,841.6893185946659,0.05,7.383570168316337,0.03118166090409602,2.195766166641836,0.24443977706767467,0.16212593564614983,136185.78594276585,1.6597199211523973e-20,1.3941647337680138e-14,Klein_extrema,extrema,1,1.3820601532928094,8.74513422574466,58918.25230162661,-379.7040997810097,122.21988853383733,58660.76809037944,0.19567126031696047,0.19567126031696047,0.15,0.8408995197953959,1.027,1.0000055659712226,0.9523809523809523,4.776309272437849,-0.9036907275621511,recede,1.0808395709743321,2.597453237183139e+22,True,True,True,True,True,True
H1L1V1-GSTLAL_AllSky-1248938850-1.xml,1248938850.0,46.10065780109986,24.31785432996501,70.41851213106486,1.8957535140875315,841.6893185946659,0.05,7.383570168316337,0.03118166090409602,2.195766166641836,0.24443977706767467,0.16212593564614983,136185.78594276585,1.6597199211523973e-20,1.3941647337680138e-14,Klein_extrema,extrema,1,1.3820601532928094,8.74513422574466,58918.25230162661,-379.7040997810097,122.21988853383733,58660.76809037944,0.19567126031696047,0.19567126031696047,0.15,0.8408995197953959,1.027,1.0000055659712226,0.9523809523809523,4.776309272437849,-0.9036907275621511,recede,1.0808395709743321,2.597453237183139e+22,True,True,True,True,True,True
H1L1V1-GSTLAL_AllSky-1249010427-1.xml,1249010427.0,36.71814055825198,23.135646019891396,59.85378657814338,1.5870808416883075,909.4029658258924,0.05,7.121347267693615,0.03796253278521199,2.2722013352918493,0.4608589609809653,0.16181134770730396,135921.53207413535,1.5230200101751328e-20,1.2793368085471119e-14,Klein_extrema,extrema,1,1.5652164273300813,8.761936500948233,63658.20760781247,-367.12539411006304,230.42948049048266,63521.511694192886,0.21188495573892285,0.21188495573892285,0.15,0.8408998963318552,1.027,1.0000060137518982,0.9523809523809523,4.776311411164937,-0.9036885888350623,recede,1.078742318048693,2.806417552538704e+22,True,True,True,True,True,True
H1L1V1-GSTLAL_AllSky-1249032684-1.xml,1249032684.0,36.71814055825198,23.135646019891396,59.85378657814338,1.5870808416883075,909.4029658258924,0.05,7.121347267693615,0.03796253278521199,2.2722013352918493,0.4608589609809653,0.16181134770730396,135921.53207413535,1.5230200101751328e-20,1.2793368085471119e-14,Klein_extrema,extrema,1,1.5652164273300813,8.761936500948233,63658.20760781247,-367.12539411006304,230.42948049048266,63521.511694192886,0.21188495573892285,0.21188495573892285,0.15,0.8408998963318552,1.027,1.0000060137518982,0.9523809523809523,4.776311411164937,-0.9036885888350623,recede,1.078742318048693,2.806417552538704e+22,True,True,True,True,True,True
H1L1V1-GSTLAL_AllSky-1249059066-1.xml,1249059066.0,36.71814055825198,23.135646019891396,59.85378657814338,1.5870808416883075,909.4029658258924,0.05,7.121347267693615,0.03796253278521199,2.2722013352918493,0.4608589609809653,0.16181134770730396,135921.53207413535,1.5230200101751328e-20,1.2793368085471119e-14,Klein_extrema,extrema,1,1.5652164273300813,8.761936500948233,63658.20760781247,-367.12539411006304,230.42948049048266,63521.511694192886,0.21188495573892285,0.21188495573892285,0.15,0.8408998963318552,1.027,1.0000060137518982,0.9523809523809523,4.776311411164937,-0.9036885888350623,recede,1.078742318048693,2.806417552538704e+22,True,True,True,True,True,True
H1L1V1-GSTLAL_AllSky-1249208954-1.xml,1249208954.0,24.61144144454289,23.393444551783823,48.00488599632671,1.052065735341493,1802.0393616389656,0.05,7.993807706257301,0.05,2.400244299816336,0.5434791750476675,0.19187091380771987,161171.5675984847,8.59475578063401e-21,7.21959485573257e-15,Klein_extrema,extrema,1,2.5976000668544157,8.910440454316161,126142.75531472759,-596.046115924129,271.73958752383373,125818.4487863273,0.41968517028646296,0.41968517028646296,0.15,0.8409048600306337,1.027,1.0000119166288644,0.9523809523809523,4.776339604973999,-0.9036603950260007,recede,1.279139425384799,5.561093470017848e+22,True,True,True,True,True,True
H1L1V1-GSTLAL_AllSky-1249064938-1.xml,1249064938.0,47.68397367451908,43.83159250946633,91.51556618398541,1.0878905133145857,1045.2205212904146,0.05,7.050623015553498,0.048747413827852706,4.4611471764609805,0.23829571575817615,0.3145386695812729,264212.48244826926,2.5452839015688524e-20,2.138038477317836e-14,Klein_extrema,extrema,1,1.97015981894137,8.792162281752777,73165.43649032903,-360.7187473151896,119.14785787908808,72923.86560089292,0.24324783247513496,0.24324783247513496,0.15,0.8409006515749053,1.027,1.00000691189399,0.9523809523809523,4.776315700945462,-0.9036842990545377,recede,2.0969244638751525,3.2255505287022192e+22,True,True,True,True,True,True
H1L1V1-GSTLAL_AllSky-1249288507-1.xml,1249288507.0,36.71814055825198,23.135646019891396,59.85378657814338,1.5870808416883075,909.4029658258924,0.05,7.121347267693615,0.03796253278521199,2.2722013352918493,0.4608589609809653,0.16181134770730396,135921.53207413535,1.5230200101751328e-20,1.2793368085471119e-14,Klein_extrema,extrema,1,1.5652164273300813,8.761936500948233,63658.20760781247,-367.12539411006304,230.42948049048266,63521.511694192886,0.21188495573892285,0.21188495573892285,0.15,0.8408998963318552,1.027,1.0000060137518982,0.9523809523809523,4.776311411164937,-0.9036885888350623,recede,1.078742318048693,2.806417552538704e+22,True,True,True,True,True,True
H1L1V1-GSTLAL_AllSky-1249368804-1.xml,1249368804.0,36.71814055825198,23.135646019891396,59.85378657814338,1.5870808416883075,909.4029658258924,0.05,7.121347267693615,0.03796253278521199,2.2722013352918493,0.4608589609809653,0.16181134770730396,135921.53207413535,1.5230200101751328e-20,1.2793368085471119e-14,Klein_extrema,extrema,1,1.5652164273300813,8.761936500948233,63658.20760781247,-367.12539411006304,230.42948049048266,63521.511694192886,0.21188495573892285,0.21188495573892285,0.15,0.8408998963318552,1.027,1.0000060137518982,0.9523809523809523,4.776311411164937,-0.9036885888350623,recede,1.078742318048693,2.806417552538704e+22,True,True,True,True,True,True
H1L1V1-GSTLAL_AllSky-1249416034-1.xml,1249416034.0,36.71814055825198,23.135646019891396,59.85378657814338,1.5870808416883075,909.4029658258924,0.05,7.121347267693615,0.03796253278521199,2.2722013352918493,0.4608589609809653,0.16181134770730396,135921.53207413535,1.5230200101751328e-20,1.2793368085471119e-14,Klein_extrema,extrema,1,1.5652164273300813,8.761936500948233,63658.20760781247,-367.12539411006304,230.42948049048266,63521.511694192886,0.21188495573892285,0.21188495573892285,0.15,0.8408998963318552,1.027,1.0000060137518982,0.9523809523809523,4.776311411164937,-0.9036885888350623,recede,1.078742318048693,2.806417552538704e+22,True,True,True,True,True,True
H1L1V1-GSTLAL_AllSky-1249445272-1.xml,1249445272.0,47.68397367451908,43.83159250946633,91.51556618398541,1.0878905133145857,1045.2205212904146,0.05,7.050623015553498,0.048747413827852706,4.4611471764609805,0.23829571575817615,0.3145386695812729,264212.48244826926,2.5452839015688524e-20,2.138038477317836e-14,Klein_extrema,extrema,1,1.97015981894137,8.792162281752777,73165.43649032903,-360.7187473151896,119.14785787908808,72923.86560089292,0.24324783247513496,0.24324783247513496,0.15,0.8409006515749053,1.027,1.00000691189399,0.9523809523809523,4.776315700945462,-0.9036842990545377,recede,2.0969244638751525,3.2255505287022192e+22,True,True,True,True,True,True
H1L1V1-GSTLAL_AllSky-1249479778-1.xml,1249479778.0,47.68397367451908,43.83159250946633,91.51556618398541,1.0878905133145857,1045.2205212904146,0.05,7.050623015553498,0.048747413827852706,4.4611471764609805,0.23829571575817615,0.3145386695812729,264212.48244826926,2.5452839015688524e-20,2.138038477317836e-14,Klein_extrema,extrema,1,1.97015981894137,8.792162281752777,73165.43649032903,-360.7187473151896,119.14785787908808,72923.86560089292,0.24324783247513496,0.24324783247513496,0.15,0.8409006515749053,1.027,1.00000691189399,0.9523809523809523,4.776315700945462,-0.9036842990545377,recede,2.0969244638751525,3.2255505287022192e+22,True,True,True,True,True,True
H1L1V1-GSTLAL_AllSky-1249495257-1.xml,1249495257.0,47.68397367451908,43.83159250946633,91.51556618398541,1.0878905133145857,1045.2205212904146,0.05,7.050623015553498,0.048747413827852706,4.4611471764609805,0.23829571575817615,0.3145386695812729,264212.48244826926,2.5452839015688524e-20,2.138038477317836e-14,Klein_extrema,extrema,1,1.97015981894137,8.792162281752777,73165.43649032903,-360.7187473151896,119.14785787908808,72923.86560089292,0.24324783247513496,0.24324783247513496,0.15,0.8409006515749053,1.027,1.00000691189399,0.9523809523809523,4.776315700945462,-0.9036842990545377,recede,2.0969244638751525,3.2255505287022192e+22,True,True,True,True,True,True
H1L1V1-GSTLAL_AllSky-1249522885-1.xml,1249522885.0,48.26101942620567,45.27420354307113,93.5352229692768,1.0659716935780674,500.0,0.05,8.888840673708494,0.05,4.67676114846384,0.3852972701403485,0.41570984717685033,349196.27162855427,7.49111397709815e-20,6.292535740762446e-14,Klein_extrema,extrema,1,3.211849126933922,8.632043320000633,35000.0,-36.59493057963164,192.64863507017424,35156.05370449054,0.11726797244676031,0.11726797244676031,0.11726797244676031,0.8644091782536604,1.0211082350404168,1.000002584921164,0.9523809523809523,4.90984413248079,-0.7701558675192093,recede,2.771398981179002,1.543e+22,True,True,True,True,True,True
H1L1V1-GSTLAL_AllSky-1249545668-1.xml,1249545668.0,24.61144144454289,23.393444551783823,48.00488599632671,1.052065735341493,1802.0393616389656,0.05,7.993807706257301,0.05,2.400244299816336,0.5434791750476675,0.19187091380771987,161171.5675984847,8.59475578063401e-21,7.21959485573257e-15,Klein_extrema,extrema,1,2.5976000668544157,8.910440454316161,126142.75531472759,-596.046115924129,271.73958752383373,125818.4487863273,0.41968517028646296,0.41968517028646296,0.15,0.8409048600306337,1.027,1.0000119166288644,0.9523809523809523,4.776339604973999,-0.9036603950260007,recede,1.279139425384799,5.561093470017848e+22,True,True,True,True,True,True
H1L1V1-GSTLAL_AllSky-1249597807-1.xml,1249597807.0,47.68397367451908,43.83159250946633,91.51556618398541,1.0878905133145857,1045.2205212904146,0.05,7.050623015553498,0.048747413827852706,4.4611471764609805,0.23829571575817615,0.3145386695812729,264212.48244826926,2.5452839015688524e-20,2.138038477317836e-14,Klein_extrema,extrema,1,1.97015981894137,8.792162281752777,73165.43649032903,-360.7187473151896,119.14785787908808,72923.86560089292,0.24324783247513496,0.24324783247513496,0.15,0.8409006515749053,1.027,1.00000691189399,0.9523809523809523,4.776315700945462,-0.9036842990545377,recede,2.0969244638751525,3.2255505287022192e+22,True,True,True,True,True,True
H1L1V1-GSTLAL_AllSky-1249631843-1.xml,1249631843.0,47.68397367451908,43.83159250946633,91.51556618398541,1.0878905133145857,1045.2205212904146,0.05,7.050623015553498,0.048747413827852706,4.4611471764609805,0.23829571575817615,0.3145386695812729,264212.48244826926,2.5452839015688524e-20,2.138038477317836e-14,Klein_extrema,extrema,1,1.97015981894137,8.792162281752777,73165.43649032903,-360.7187473151896,119.14785787908808,72923.86560089292,0.24324783247513496,0.24324783247513496,0.15,0.8409006515749053,1.027,1.00000691189399,0.9523809523809523,4.776315700945462,-0.9036842990545377,recede,2.0969244638751525,3.2255505287022192e+22,True,True,True,True,True,True
H1L1V1-GSTLAL_AllSky-1249639075-1.xml,1249639075.0,47.68397367451908,43.83159250946633,91.51556618398541,1.0878905133145857,1045.2205212904146,0.05,7.050623015553498,0.048747413827852706,4.4611471764609805,0.23829571575817615,0.3145386695812729,264212.48244826926,2.5452839015688524e-20,2.138038477317836e-14,Klein_extrema,extrema,1,1.97015981894137,8.792162281752777,73165.43649032903,-360.7187473151896,119.14785787908808,72923.86560089292,0.24324783247513496,0.24324783247513496,0.15,0.8409006515749053,1.027,1.00000691189399,0.9523809523809523,4.776315700945462,-0.9036842990545377,recede,2.0969244638751525,3.2255505287022192e+22,True,True,True,True,True,True
H1L1V1-GSTLAL_AllSky-1249701924-1.xml,1249701924.0,24.61144144454289,23.393444551783823,48.00488599632671,1.052065735341493,1802.0393616389656,0.05,7.993807706257301,0.05,2.400244299816336,0.5434791750476675,0.19187091380771987,161171.5675984847,8.59475578063401e-21,7.21959485573257e-15,Klein_extrema,extrema,1,2.5976000668544157,8.910440454316161,126142.75531472759,-596.046115924129,271.73958752383373,125818.4487863273,0.41968517028646296,0.41968517028646296,0.15,0.8409048600306337,1.027,1.0000119166288644,0.9523809523809523,4.776339604973999,-0.9036603950260007,recede,1.279139425384799,5.561093470017848e+22,True,True,True,True,True,True
H1L1V1-GSTLAL_AllSky-1249702996-1.xml,1249702996.0,24.61144144454289,23.393444551783823,48.00488599632671,1.052065735341493,1802.0393616389656,0.05,7.993807706257301,0.05,2.400244299816336,0.5434791750476675,0.19187091380771987,161171.5675984847,8.59475578063401e-21,7.21959485573257e-15,Klein_extrema,extrema,1,2.5976000668544157,8.910440454316161,126142.75531472759,-596.046115924129,271.73958752383373,125818.4487863273,0.41968517028646296,0.41968517028646296,0.15,0.8409048600306337,1.027,1.0000119166288644,0.9523809523809523,4.776339604973999,-0.9036603950260007,recede,1.279139425384799,5.561093470017848e+22,True,True,True,True,True,True
H1L1V1-GSTLAL_AllSky-1249783724-1.xml,1249783724.0,24.61144144454289,23.393444551783823,48.00488599632671,1.052065735341493,1802.0393616389656,0.05,7.993807706257301,0.05,2.400244299816336,0.5434791750476675,0.19187091380771987,161171.5675984847,8.59475578063401e-21,7.21959485573257e-15,Klein_extrema,extrema,1,2.5976000668544157,8.910440454316161,126142.75531472759,-596.046115924129,271.73958752383373,125818.4487863273,0.41968517028646296,0.41968517028646296,0.15,0.8409048600306337,1.027,1.0000119166288644,0.9523809523809523,4.776339604973999,-0.9036603950260007,recede,1.279139425384799,5.561093470017848e+22,True,True,True,True,True,True
H1L1V1-GSTLAL_AllSky-1249792679-1.xml,1249792679.0,56.837697796858414,55.24915010091437,112.08684789777278,1.0287524367893897,1122.5994166432256,0.05,6.800209038855138,0.04874230222038597,5.463371015163674,-0.09090473032903176,0.3715206495993519,312077.3456634556,2.782075990602608e-20,2.3369438321061907e-14,Klein_extrema,extrema,1,1.8325062013636353,8.807670723934304,78581.9591650258,769.0975544787711,-45.45236516451588,79305.60435434004,0.26453502160598064,0.26453502160598064,0.15,0.8409010818570786,1.027,1.0000074235895708,0.9523809523809523,4.776318144948206,-0.9036818550517935,recede,2.476804330662346,3.4643417997609942e+22,True,True,True,True,True,True
H1L1V1-GSTLAL_AllSky-1249852257-1.xml,1249852257.0,48.26101942620567,45.27420354307113,93.5352229692768,1.0659716935780674,500.0,0.05,8.888840673708494,0.05,4.67676114846384,0.3852972701403485,0.41570984717685033,349196.27162855427,7.49111397709815e-20,6.292535740762446e-14,Klein_extrema,extrema,1,3.211849126933922,8.632043320000633,35000.0,-36.59493057963164,192.64863507017424,35156.05370449054,0.11726797244676031,0.11726797244676031,0.11726797244676031,0.8644091782536604,1.0211082350404168,1.000002584921164,0.9523809523809523,4.90984413248079,-0.7701558675192093,recede,2.771398981179002,1.543e+22,True,True,True,True,True,True
H1L1V1-GSTLAL_AllSky-1249990224-1.xml,1249990224.0,24.61144144454289,23.393444551783823,48.00488599632671,1.052065735341493,1802.0393616389656,0.05,7.993807706257301,0.05,2.400244299816336,0.5434791750476675,0.19187091380771987,161171.5675984847,8.59475578063401e-21,7.21959485573257e-15,Klein_extrema,extrema,1,2.5976000668544157,8.910440454316161,126142.75531472759,-596.046115924129,271.73958752383373,125818.4487863273,0.41968517028646296,0.41968517028646296,0.15,0.8409048600306337,1.027,1.0000119166288644,0.9523809523809523,4.776339604973999,-0.9036603950260007,recede,1.279139425384799,5.561093470017848e+22,True,True,True,True,True,True
H1L1V1-GSTLAL_AllSky-1250035141-1.xml,1250035141.0,24.61144144454289,23.393444551783823,48.00488599632671,1.052065735341493,1802.0393616389656,0.05,7.993807706257301,0.05,2.400244299816336,0.5434791750476675,0.19187091380771987,161171.5675984847,8.59475578063401e-21,7.21959485573257e-15,Klein_extrema,extrema,1,2.5976000668544157,8.910440454316161,126142.75531472759,-596.046115924129,271.73958752383373,125818.4487863273,0.41968517028646296,0.41968517028646296,0.15,0.8409048600306337,1.027,1.0000119166288644,0.9523809523809523,4.776339604973999,-0.9036603950260007,recede,1.279139425384799,5.561093470017848e+22,True,True,True,True,True,True
H1L1V1-GSTLAL_AllSky-1250088168-1.xml,1250088168.0,24.61144144454289,23.393444551783823,48.00488599632671,1.052065735341493,1802.0393616389656,0.05,7.993807706257301,0.05,2.400244299816336,0.5434791750476675,0.19187091380771987,161171.5675984847,8.59475578063401e-21,7.21959485573257e-15,Klein_extrema,extrema,1,2.5976000668544157,8.910440454316161,126142.75531472759,-596.046115924129,271.73958752383373,125818.4487863273,0.41968517028646296,0.41968517028646296,0.15,0.8409048600306337,1.027,1.0000119166288644,0.9523809523809523,4.776339604973999,-0.9036603950260007,recede,1.279139425384799,5.561093470017848e+22,True,True,True,True,True,True
H1L1V1-GSTLAL_AllSky-1250115195-1.xml,1250115195.0,48.26101942620567,45.27420354307113,93.5352229692768,1.0659716935780674,500.0,0.05,8.888840673708494,0.05,4.67676114846384,0.3852972701403485,0.41570984717685033,349196.27162855427,7.49111397709815e-20,6.292535740762446e-14,Klein_extrema,extrema,1,3.211849126933922,8.632043320000633,35000.0,-36.59493057963164,192.64863507017424,35156.05370449054,0.11726797244676031,0.11726797244676031,0.11726797244676031,0.8644091782536604,1.0211082350404168,1.000002584921164,0.9523809523809523,4.90984413248079,-0.7701558675192093,recede,2.771398981179002,1.543e+22,True,True,True,True,True,True
H1L1V1-GSTLAL_AllSky-1250205962-1.xml,1250205962.0,48.26101942620567,45.27420354307113,93.5352229692768,1.0659716935780674,500.0,0.05,8.888840673708494,0.05,4.67676114846384,0.3852972701403485,0.41570984717685033,349196.27162855427,7.49111397709815e-20,6.292535740762446e-14,Klein_extrema,extrema,1,3.211849126933922,8.632043320000633,35000.0,-36.59493057963164,192.64863507017424,35156.05370449054,0.11726797244676031,0.11726797244676031,0.11726797244676031,0.8644091782536604,1.0211082350404168,1.000002584921164,0.9523809523809523,4.90984413248079,-0.7701558675192093,recede,2.771398981179002,1.543e+22,True,True,True,True,True,True
H1L1V1-GSTLAL_AllSky-1250164956-1.xml,1250164956.0,48.26101942620567,45.27420354307113,93.5352229692768,1.0659716935780674,500.0,0.05,8.888840673708494,0.05,4.67676114846384,0.3852972701403485,0.41570984717685033,349196.27162855427,7.49111397709815e-20,6.292535740762446e-14,Klein_extrema,extrema,1,3.211849126933922,8.632043320000633,35000.0,-36.59493057963164,192.64863507017424,35156.05370449054,0.11726797244676031,0.11726797244676031,0.11726797244676031,0.8644091782536604,1.0211082350404168,1.000002584921164,0.9523809523809523,4.90984413248079,-0.7701558675192093,recede,2.771398981179002,1.543e+22,True,True,True,True,True,True
H1L1V1-GSTLAL_AllSky-1250206646-1.xml,1250206646.0,23.074486726482853,13.257420717573103,36.33190744405596,1.7404959243615872,500.0,0.05,6.364774431148615,0.03615533911876305,1.3135924344713548,0.5300639104739189,0.0836071953987354,70230.04413493774,1.5066061924941583e-20,1.2655492016950928e-14,Klein_deformada,extrema,1,1.1907850168790337,8.632043320000633,35000.0,-792.0803526584415,265.03195523695945,34472.95160257852,0.1149893891012379,0.1149893891012379,0.1149893891012379,0.8660599897176813,1.0206980900382228,1.0000025346946768,0.9523809523809523,4.91922074159643,-0.76077925840357,recede,0.557381302658236,1.543e+22,True,True,True,True,True,True
H1L1V1-GSTLAL_AllSky-1250207104-1.xml,1250207104.0,56.837697796858414,55.24915010091437,112.08684789777278,1.0287524367893897,1122.5994166432256,0.05,6.800209038855138,0.04874230222038597,5.463371015163674,-0.09090473032903176,0.3715206495993519,312077.3456634556,2.782075990602608e-20,2.3369438321061907e-14,Klein_extrema,extrema,1,1.8325062013636353,8.807670723934304,78581.9591650258,769.0975544787711,-45.45236516451588,79305.60435434004,0.26453502160598064,0.26453502160598064,0.15,0.8409010818570786,1.027,1.0000074235895708,0.9523809523809523,4.776318144948206,-0.9036818550517935,recede,2.476804330662346,3.4643417997609942e+22,True,True,True,True,True,True
H1L1V1-GSTLAL_AllSky-1250208518-1.xml,1250208518.0,48.26101942620567,45.27420354307113,93.5352229692768,1.0659716935780674,500.0,0.05,8.888840673708494,0.05,4.67676114846384,0.3852972701403485,0.41570984717685033,349196.27162855427,7.49111397709815e-20,6.292535740762446e-14,Klein_extrema,extrema,1,3.211849126933922,8.632043320000633,35000.0,-36.59493057963164,192.64863507017424,35156.05370449054,0.11726797244676031,0.11726797244676031,0.11726797244676031,0.8644091782536604,1.0211082350404168,1.000002584921164,0.9523809523809523,4.90984413248079,-0.7701558675192093,recede,2.771398981179002,1.543e+22,True,True,True,True,True,True
H1L1V1-GSTLAL_AllSky-1250229883-1.xml,1250229883.0,48.26101942620567,45.27420354307113,93.5352229692768,1.0659716935780674,500.0,0.05,8.888840673708494,0.05,4.67676114846384,0.3852972701403485,0.41570984717685033,349196.27162855427,7.49111397709815e-20,6.292535740762446e-14,Klein_extrema,extrema,1,3.211849126933922,8.632043320000633,35000.0,-36.59493057963164,192.64863507017424,35156.05370449054,0.11726797244676031,0.11726797244676031,0.11726797244676031,0.8644091782536604,1.0211082350404168,1.000002584921164,0.9523809523809523,4.90984413248079,-0.7701558675192093,recede,2.771398981179002,1.543e+22,True,True,True,True,True,True
H1L1V1-GSTLAL_AllSky-1250272597-1.xml,1250272597.0,48.26101942620567,45.27420354307113,93.5352229692768,1.0659716935780674,500.0,0.05,8.888840673708494,0.05,4.67676114846384,0.3852972701403485,0.41570984717685033,349196.27162855427,7.49111397709815e-20,6.292535740762446e-14,Klein_extrema,extrema,1,3.211849126933922,8.632043320000633,35000.0,-36.59493057963164,192.64863507017424,35156.05370449054,0.11726797244676031,0.11726797244676031,0.11726797244676031,0.8644091782536604,1.0211082350404168,1.000002584921164,0.9523809523809523,4.90984413248079,-0.7701558675192093,recede,2.771398981179002,1.543e+22,True,True,True,True,True,True
H1L1V1-GSTLAL_AllSky-1250277603-1.xml,1250277603.0,56.837697796858414,55.24915010091437,112.08684789777278,1.0287524367893897,1122.5994166432256,0.05,6.800209038855138,0.04874230222038597,5.463371015163674,-0.09090473032903176,0.3715206495993519,312077.3456634556,2.782075990602608e-20,2.3369438321061907e-14,Klein_extrema,extrema,1,1.8325062013636353,8.807670723934304,78581.9591650258,769.0975544787711,-45.45236516451588,79305.60435434004,0.26453502160598064,0.26453502160598064,0.15,0.8409010818570786,1.027,1.0000074235895708,0.9523809523809523,4.776318144948206,-0.9036818550517935,recede,2.476804330662346,3.4643417997609942e+22,True,True,True,True,True,True
H1L1V1-GSTLAL_AllSky-1250279095-1.xml,1250279095.0,56.837697796858414,55.24915010091437,112.08684789777278,1.0287524367893897,1122.5994166432256,0.05,6.800209038855138,0.04874230222038597,5.463371015163674,-0.09090473032903176,0.3715206495993519,312077.3456634556,2.782075990602608e-20,2.3369438321061907e-14,Klein_extrema,extrema,1,1.8325062013636353,8.807670723934304,78581.9591650258,769.0975544787711,-45.45236516451588,79305.60435434004,0.26453502160598064,0.26453502160598064,0.15,0.8409010818570786,1.027,1.0000074235895708,0.9523809523809523,4.776318144948206,-0.9036818550517935,recede,2.476804330662346,3.4643417997609942e+22,True,True,True,True,True,True
H1L1V1-GSTLAL_AllSky-1250330787-1.xml,1250330787.0,56.837697796858414,55.24915010091437,112.08684789777278,1.0287524367893897,1122.5994166432256,0.05,6.800209038855138,0.04874230222038597,5.463371015163674,-0.09090473032903176,0.3715206495993519,312077.3456634556,2.782075990602608e-20,2.3369438321061907e-14,Klein_extrema,extrema,1,1.8325062013636353,8.807670723934304,78581.9591650258,769.0975544787711,-45.45236516451588,79305.60435434004,0.26453502160598064,0.26453502160598064,0.15,0.8409010818570786,1.027,1.0000074235895708,0.9523809523809523,4.776318144948206,-0.9036818550517935,recede,2.476804330662346,3.4643417997609942e+22,True,True,True,True,True,True
H1L1V1-GSTLAL_AllSky-1250332698-1.xml,1250332698.0,62.52428103010271,52.619187309312096,115.14346833941481,1.1882411003911058,1411.8000055023917,0.05,8.760439903316932,0.05,5.7571734169707405,0.7219252522322421,0.5043537173234596,423657.1225517061,2.944679214199969e-20,2.473530539927974e-14,Klein_extrema,extrema,1,3.1197279390092514,8.857444907458772,98826.00038516743,488.59602899041397,360.96262611612104,99675.55904027396,0.33248187664638973,0.33248187664638973,0.15,0.8409026900198381,1.027,1.0000093360317506,0.9523809523809523,4.77632727931268,-0.9036727206873199,recede,3.362358115489731,4.3568148169803805e+22,True,True,True,True,True,True
H1L1V1-GSTLAL_AllSky-1250367605-1.xml,1250367605.0,23.074486726482853,13.257420717573103,36.33190744405596,1.7404959243615872,500.0,0.05,6.364774431148615,0.03615533911876305,1.3135924344713548,0.5300639104739189,0.0836071953987354,70230.04413493774,1.5066061924941583e-20,1.2655492016950928e-14,Klein_deformada,extrema,1,1.1907850168790337,8.632043320000633,35000.0,-792.0803526584415,265.03195523695945,34472.95160257852,0.1149893891012379,0.1149893891012379,0.1149893891012379,0.8660599897176813,1.0206980900382228,1.0000025346946768,0.9523809523809523,4.91922074159643,-0.76077925840357,recede,0.557381302658236,1.543e+22,True,True,True,True,True,True
H1L1V1-GSTLAL_AllSky-1250400368-1.xml,1250400368.0,56.837697796858414,55.24915010091437,112.08684789777278,1.0287524367893897,1122.5994166432256,0.05,6.800209038855138,0.04874230222038597,5.463371015163674,-0.09090473032903176,0.3715206495993519,312077.3456634556,2.782075990602608e-20,2.3369438321061907e-14,Klein_extrema,extrema,1,1.8325062013636353,8.807670723934304,78581.9591650258,769.0975544787711,-45.45236516451588,79305.60435434004,0.26453502160598064,0.26453502160598064,0.15,0.8409010818570786,1.027,1.0000074235895708,0.9523809523809523,4.776318144948206,-0.9036818550517935,recede,2.476804330662346,3.4643417997609942e+22,True,True,True,True,True,True
H1L1V1-GSTLAL_AllSky-1250433136-1.xml,1250433136.0,56.837697796858414,55.24915010091437,112.08684789777278,1.0287524367893897,1122.5994166432256,0.05,6.800209038855138,0.04874230222038597,5.463371015163674,-0.09090473032903176,0.3715206495993519,312077.3456634556,2.782075990602608e-20,2.3369438321061907e-14,Klein_extrema,extrema,1,1.8325062013636353,8.807670723934304,78581.9591650258,769.0975544787711,-45.45236516451588,79305.60435434004,0.26453502160598064,0.26453502160598064,0.15,0.8409010818570786,1.027,1.0000074235895708,0.9523809523809523,4.776318144948206,-0.9036818550517935,recede,2.476804330662346,3.4643417997609942e+22,True,True,True,True,True,True
H1L1V1-GSTLAL_AllSky-1250474892-1.xml,1250474892.0,56.837697796858414,55.24915010091437,112.08684789777278,1.0287524367893897,1122.5994166432256,0.05,6.800209038855138,0.04874230222038597,5.463371015163674,-0.09090473032903176,0.3715206495993519,312077.3456634556,2.782075990602608e-20,2.3369438321061907e-14,Klein_extrema,extrema,1,1.8325062013636353,8.807670723934304,78581.9591650258,769.0975544787711,-45.45236516451588,79305.60435434004,0.26453502160598064,0.26453502160598064,0.15,0.8409010818570786,1.027,1.0000074235895708,0.9523809523809523,4.776318144948206,-0.9036818550517935,recede,2.476804330662346,3.4643417997609942e+22,True,True,True,True,True,True
H1L1V1-GSTLAL_AllSky-1250480331-1.xml,1250480331.0,23.074486726482853,13.257420717573103,36.33190744405596,1.7404959243615872,500.0,0.05,6.364774431148615,0.03615533911876305,1.3135924344713548,0.5300639104739189,0.0836071953987354,70230.04413493774,1.5066061924941583e-20,1.2655492016950928e-14,Klein_deformada,extrema,1,1.1907850168790337,8.632043320000633,35000.0,-792.0803526584415,265.03195523695945,34472.95160257852,0.1149893891012379,0.1149893891012379,0.1149893891012379,0.8660599897176813,1.0206980900382228,1.0000025346946768,0.9523809523809523,4.91922074159643,-0.76077925840357,recede,0.557381302658236,1.543e+22,True,True,True,True,True,True
H1L1V1-GSTLAL_AllSky-1250482056-1.xml,1250482056.0,23.074486726482853,13.257420717573103,36.33190744405596,1.7404959243615872,500.0,0.05,6.364774431148615,0.03615533911876305,1.3135924344713548,0.5300639104739189,0.0836071953987354,70230.04413493774,1.5066061924941583e-20,1.2655492016950928e-14,Klein_deformada,extrema,1,1.1907850168790337,8.632043320000633,35000.0,-792.0803526584415,265.03195523695945,34472.95160257852,0.1149893891012379,0.1149893891012379,0.1149893891012379,0.8660599897176813,1.0206980900382228,1.0000025346946768,0.9523809523809523,4.91922074159643,-0.76077925840357,recede,0.557381302658236,1.543e+22,True,True,True,True,True,True
H1L1V1-GSTLAL_AllSky-1250496091-1.xml,1250496091.0,23.074486726482853,13.257420717573103,36.33190744405596,1.7404959243615872,500.0,0.05,6.364774431148615,0.03615533911876305,1.3135924344713548,0.5300639104739189,0.0836071953987354,70230.04413493774,1.5066061924941583e-20,1.2655492016950928e-14,Klein_deformada,extrema,1,1.1907850168790337,8.632043320000633,35000.0,-792.0803526584415,265.03195523695945,34472.95160257852,0.1149893891012379,0.1149893891012379,0.1149893891012379,0.8660599897176813,1.0206980900382228,1.0000025346946768,0.9523809523809523,4.91922074159643,-0.76077925840357,recede,0.557381302658236,1.543e+22,True,True,True,True,True,True
H1L1V1-GSTLAL_AllSky-1250500389-1.xml,1250500389.0,24.672168685086962,21.09153530459232,45.763703989679286,1.1697663697206064,3570.8331963399896,0.05,6.072627533179117,0.04818383799125071,2.2050708989182604,0.47146178419759005,0.13390574253383053,112480.82372841766,2.8546587658388804e-21,2.39791336330466e-15,Klein_deformada,extrema,1,1.4446065083793171,9.058943099607667,249958.32374379926,-453.8553422560478,235.73089209879504,249740.199293642,0.8330436361198987,0.8330436361198987,0.15,0.8409146957933671,1.027,1.0000236134098084,0.9523809523809523,4.776395472106325,-0.9036045278936751,recede,0.8927049502255369,1.1019591243905207e+23,True,True,True,True,True,True
H1L1V1-GSTLAL_AllSky-1250603346-1.xml,1250603346.0,62.52428103010271,52.619187309312096,115.14346833941481,1.1882411003911058,1411.8000055023917,0.05,8.760439903316932,0.05,5.7571734169707405,0.7219252522322421,0.5043537173234596,423657.1225517061,2.944679214199969e-20,2.473530539927974e-14,Klein_extrema,extrema,1,3.1197279390092514,8.857444907458772,98826.00038516743,488.59602899041397,360.96262611612104,99675.55904027396,0.33248187664638973,0.33248187664638973,0.15,0.8409026900198381,1.027,1.0000093360317506,0.9523809523809523,4.77632727931268,-0.9036727206873199,recede,3.362358115489731,4.3568148169803805e+22,True,True,True,True,True,True
H1L1V1-GSTLAL_AllSky-1250605428-1.xml,1250605428.0,23.074486726482853,13.257420717573103,36.33190744405596,1.7404959243615872,500.0,0.05,6.364774431148615,0.03615533911876305,1.3135924344713548,0.5300639104739189,0.0836071953987354,70230.04413493774,1.5066061924941583e-20,1.2655492016950928e-14,Klein_deformada,extrema,1,1.1907850168790337,8.632043320000633,35000.0,-792.0803526584415,265.03195523695945,34472.95160257852,0.1149893891012379,0.1149893891012379,0.1149893891012379,0.8660599897176813,1.0206980900382228,1.0000025346946768,0.9523809523809523,4.91922074159643,-0.76077925840357,recede,0.557381302658236,1.543e+22,True,True,True,True,True,True
H1L1V1-GSTLAL_AllSky-1250606086-1.xml,1250606086.0,23.074486726482853,13.257420717573103,36.33190744405596,1.7404959243615872,500.0,0.05,6.364774431148615,0.03615533911876305,1.3135924344713548,0.5300639104739189,0.0836071953987354,70230.04413493774,1.5066061924941583e-20,1.2655492016950928e-14,Klein_deformada,extrema,1,1.1907850168790337,8.632043320000633,35000.0,-792.0803526584415,265.03195523695945,34472.95160257852,0.1149893891012379,0.1149893891012379,0.1149893891012379,0.8660599897176813,1.0206980900382228,1.0000025346946768,0.9523809523809523,4.91922074159643,-0.76077925840357,recede,0.557381302658236,1.543e+22,True,True,True,True,True,True
H1L1V1-GSTLAL_AllSky-1250609143-1.xml,1250609143.0,23.074486726482853,13.257420717573103,36.33190744405596,1.7404959243615872,500.0,0.05,6.364774431148615,0.03615533911876305,1.3135924344713548,0.5300639104739189,0.0836071953987354,70230.04413493774,1.5066061924941583e-20,1.2655492016950928e-14,Klein_deformada,extrema,1,1.1907850168790337,8.632043320000633,35000.0,-792.0803526584415,265.03195523695945,34472.95160257852,0.1149893891012379,0.1149893891012379,0.1149893891012379,0.8660599897176813,1.0206980900382228,1.0000025346946768,0.9523809523809523,4.91922074159643,-0.76077925840357,recede,0.557381302658236,1.543e+22,True,True,True,True,True,True
H1L1V1-GSTLAL_AllSky-1250610068-1.xml,1250610068.0,62.52428103010271,52.619187309312096,115.14346833941481,1.1882411003911058,1411.8000055023917,0.05,8.760439903316932,0.05,5.7571734169707405,0.7219252522322421,0.5043537173234596,423657.1225517061,2.944679214199969e-20,2.473530539927974e-14,Klein_extrema,extrema,1,3.1197279390092514,8.857444907458772,98826.00038516743,488.59602899041397,360.96262611612104,99675.55904027396,0.33248187664638973,0.33248187664638973,0.15,0.8409026900198381,1.027,1.0000093360317506,0.9523809523809523,4.77632727931268,-0.9036727206873199,recede,3.362358115489731,4.3568148169803805e+22,True,True,True,True,True,True
H1L1V1-GSTLAL_AllSky-1250610917-1.xml,1250610917.0,62.52428103010271,52.619187309312096,115.14346833941481,1.1882411003911058,1411.8000055023917,0.05,8.760439903316932,0.05,5.7571734169707405,0.7219252522322421,0.5043537173234596,423657.1225517061,2.944679214199969e-20,2.473530539927974e-14,Klein_extrema,extrema,1,3.1197279390092514,8.857444907458772,98826.00038516743,488.59602899041397,360.96262611612104,99675.55904027396,0.33248187664638973,0.33248187664638973,0.15,0.8409026900198381,1.027,1.0000093360317506,0.9523809523809523,4.77632727931268,-0.9036727206873199,recede,3.362358115489731,4.3568148169803805e+22,True,True,True,True,True,True
H1L1V1-GSTLAL_AllSky-1250620378-1.xml,1250620378.0,62.52428103010271,52.619187309312096,115.14346833941481,1.1882411003911058,1411.8000055023917,0.05,8.760439903316932,0.05,5.7571734169707405,0.7219252522322421,0.5043537173234596,423657.1225517061,2.944679214199969e-20,2.473530539927974e-14,Klein_extrema,extrema,1,3.1197279390092514,8.857444907458772,98826.00038516743,488.59602899041397,360.96262611612104,99675.55904027396,0.33248187664638973,0.33248187664638973,0.15,0.8409026900198381,1.027,1.0000093360317506,0.9523809523809523,4.77632727931268,-0.9036727206873199,recede,3.362358115489731,4.3568148169803805e+22,True,True,True,True,True,True
H1L1V1-GSTLAL_AllSky-1250649160-1.xml,1250649160.0,37.952581901994016,10.565916905931784,48.5184988079258,3.591981863939054,1169.1657384438113,0.05,8.371321094958233,0.02135355822646508,1.0360425893557201,0.3825655329246134,0.0867304518354869,72853.579541809,6.2143115010576115e-21,5.2200216608883935e-15,Klein_deformada,extrema,1,1.2166149327572768,8.816496357925747,81841.60169106678,712.2677512864591,191.2827664623067,82745.15220881555,0.27600811828566935,0.27600811828566935,0.15,0.8409013407992367,1.027,1.0000077315260048,0.9523809523809523,4.776319615739665,-0.9036803842603351,recede,0.5782030122365794,3.6080454688376017e+22,True,True,True,True,True,True
H1L1V1-GSTLAL_AllSky-1250652369-1.xml,1250652369.0,24.672168685086962,21.09153530459232,45.763703989679286,1.1697663697206064,3570.8331963399896,0.05,6.072627533179117,0.04818383799125071,2.2050708989182604,0.47146178419759005,0.13390574253383053,112480.82372841766,2.8546587658388804e-21,2.39791336330466e-15,Klein_deformada,extrema,1,1.4446065083793171,9.058943099607667,249958.32374379926,-453.8553422560478,235.73089209879504,249740.199293642,0.8330436361198987,0.8330436361198987,0.15,0.8409146957933671,1.027,1.0000236134098084,0.9523809523809523,4.776395472106325,-0.9036045278936751,recede,0.8927049502255369,1.1019591243905207e+23,True,True,True,True,True,True
H1L1V1-GSTLAL_AllSky-1250664542-1.xml,1250664542.0,62.52428103010271,52.619187309312096,115.14346833941481,1.1882411003911058,1411.8000055023917,0.05,8.760439903316932,0.05,5.7571734169707405,0.7219252522322421,0.5043537173234596,423657.1225517061,2.944679214199969e-20,2.473530539927974e-14,Klein_extrema,extrema,1,3.1197279390092514,8.857444907458772,98826.00038516743,488.59602899041397,360.96262611612104,99675.55904027396,0.33248187664638973,0.33248187664638973,0.15,0.8409026900198381,1.027,1.0000093360317506,0.9523809523809523,4.77632727931268,-0.9036727206873199,recede,3.362358115489731,4.3568148169803805e+22,True,True,True,True,True,True
H1L1V1-GSTLAL_AllSky-1250684089-1.xml,1250684089.0,62.52428103010271,52.619187309312096,115.14346833941481,1.1882411003911058,1411.8000055023917,0.05,8.760439903316932,0.05,5.7571734169707405,0.7219252522322421,0.5043537173234596,423657.1225517061,2.944679214199969e-20,2.473530539927974e-14,Klein_extrema,extrema,1,3.1197279390092514,8.857444907458772,98826.00038516743,488.59602899041397,360.96262611612104,99675.55904027396,0.33248187664638973,0.33248187664638973,0.15,0.8409026900198381,1.027,1.0000093360317506,0.9523809523809523,4.77632727931268,-0.9036727206873199,recede,3.362358115489731,4.3568148169803805e+22,True,True,True,True,True,True
H1L1V1-GSTLAL_AllSky-1250724941-1.xml,1250724941.0,62.52428103010271,52.619187309312096,115.14346833941481,1.1882411003911058,1411.8000055023917,0.05,8.760439903316932,0.05,5.7571734169707405,0.7219252522322421,0.5043537173234596,423657.1225517061,2.944679214199969e-20,2.473530539927974e-14,Klein_extrema,extrema,1,3.1197279390092514,8.857444907458772,98826.00038516743,488.59602899041397,360.96262611612104,99675.55904027396,0.33248187664638973,0.33248187664638973,0.15,0.8409026900198381,1.027,1.0000093360317506,0.9523809523809523,4.77632727931268,-0.9036727206873199,recede,3.362358115489731,4.3568148169803805e+22,True,True,True,True,True,True
H1L1V1-GSTLAL_AllSky-1250725634-1.xml,1250725634.0,24.672168685086962,21.09153530459232,45.763703989679286,1.1697663697206064,3570.8331963399896,0.05,6.072627533179117,0.04818383799125071,2.2050708989182604,0.47146178419759005,0.13390574253383053,112480.82372841766,2.8546587658388804e-21,2.39791336330466e-15,Klein_deformada,extrema,1,1.4446065083793171,9.058943099607667,249958.32374379926,-453.8553422560478,235.73089209879504,249740.199293642,0.8330436361198987,0.8330436361198987,0.15,0.8409146957933671,1.027,1.0000236134098084,0.9523809523809523,4.776395472106325,-0.9036045278936751,recede,0.8927049502255369,1.1019591243905207e+23,True,True,True,True,True,True
H1L1V1-GSTLAL_AllSky-1250728185-1.xml,1250728185.0,24.672168685086962,21.09153530459232,45.763703989679286,1.1697663697206064,3570.8331963399896,0.05,6.072627533179117,0.04818383799125071,2.2050708989182604,0.47146178419759005,0.13390574253383053,112480.82372841766,2.8546587658388804e-21,2.39791336330466e-15,Klein_deformada,extrema,1,1.4446065083793171,9.058943099607667,249958.32374379926,-453.8553422560478,235.73089209879504,249740.199293642,0.8330436361198987,0.8330436361198987,0.15,0.8409146957933671,1.027,1.0000236134098084,0.9523809523809523,4.776395472106325,-0.9036045278936751,recede,0.8927049502255369,1.1019591243905207e+23,True,True,True,True,True,True
H1L1V1-GSTLAL_AllSky-1250809756-1.xml,1250809756.0,24.672168685086962,21.09153530459232,45.763703989679286,1.1697663697206064,3570.8331963399896,0.05,6.072627533179117,0.04818383799125071,2.2050708989182604,0.47146178419759005,0.13390574253383053,112480.82372841766,2.8546587658388804e-21,2.39791336330466e-15,Klein_deformada,extrema,1,1.4446065083793171,9.058943099607667,249958.32374379926,-453.8553422560478,235.73089209879504,249740.199293642,0.8330436361198987,0.8330436361198987,0.15,0.8409146957933671,1.027,1.0000236134098084,0.9523809523809523,4.776395472106325,-0.9036045278936751,recede,0.8927049502255369,1.1019591243905207e+23,True,True,True,True,True,True
H1L1V1-GSTLAL_AllSky-1250869903-1.xml,1250869903.0,45.357093372265496,24.201902188029823,69.55899556029532,1.874112746174925,500.0,0.05,7.587898814436427,0.02901136222558929,2.0180012162478844,-0.2450990412651874,0.1531238903629859,128624.06790490817,2.7593008034708046e-20,2.3178126749154758e-14,Klein_deformada,extrema,1,1.3580197056863976,8.632043320000633,35000.0,588.0067097658093,-122.5495206325937,35465.457189133216,0.11830003138082018,0.11830003138082018,0.11830003138082018,0.8636620970523277,1.0212940056485476,1.0000026076706918,0.9523809523809523,4.905600711257221,-0.7743992887427789,recede,1.0208259357532394,1.543e+22,True,True,True,True,True,True
H1L1V1-GSTLAL_AllSky-1250896579-1.xml,1250896579.0,37.952581901994016,10.565916905931784,48.5184988079258,3.591981863939054,1169.1657384438113,0.05,8.371321094958233,0.02135355822646508,1.0360425893557201,0.3825655329246134,0.0867304518354869,72853.579541809,6.2143115010576115e-21,5.2200216608883935e-15,Klein_deformada,extrema,1,1.2166149327572768,8.816496357925747,81841.60169106678,712.2677512864591,191.2827664623067,82745.15220881555,0.27600811828566935,0.27600811828566935,0.15,0.8409013407992367,1.027,1.0000077315260048,0.9523809523809523,4.776319615739665,-0.9036803842603351,recede,0.5782030122365794,3.6080454688376017e+22,True,True,True,True,True,True
H1L1V1-GSTLAL_AllSky-1250899130-1.xml,1250899130.0,24.672168685086962,21.09153530459232,45.763703989679286,1.1697663697206064,3570.8331963399896,0.05,6.072627533179117,0.04818383799125071,2.2050708989182604,0.47146178419759005,0.13390574253383053,112480.82372841766,2.8546587658388804e-21,2.39791336330466e-15,Klein_deformada,extrema,1,1.4446065083793171,9.058943099607667,249958.32374379926,-453.8553422560478,235.73089209879504,249740.199293642,0.8330436361198987,0.8330436361198987,0.15,0.8409146957933671,1.027,1.0000236134098084,0.9523809523809523,4.776395472106325,-0.9036045278936751,recede,0.8927049502255369,1.1019591243905207e+23,True,True,True,True,True,True
H1L1V1-GSTLAL_AllSky-1250901185-1.xml,1250901185.0,24.672168685086962,21.09153530459232,45.763703989679286,1.1697663697206064,3570.8331963399896,0.05,6.072627533179117,0.04818383799125071,2.2050708989182604,0.47146178419759005,0.13390574253383053,112480.82372841766,2.8546587658388804e-21,2.39791336330466e-15,Klein_deformada,extrema,1,1.4446065083793171,9.058943099607667,249958.32374379926,-453.8553422560478,235.73089209879504,249740.199293642,0.8330436361198987,0.8330436361198987,0.15,0.8409146957933671,1.027,1.0000236134098084,0.9523809523809523,4.776395472106325,-0.9036045278936751,recede,0.8927049502255369,1.1019591243905207e+23,True,True,True,True,True,True
H1L1V1-GSTLAL_AllSky-1250942448-1.xml,1250942448.0,24.672168685086962,21.09153530459232,45.763703989679286,1.1697663697206064,3570.8331963399896,0.05,6.072627533179117,0.04818383799125071,2.2050708989182604,0.47146178419759005,0.13390574253383053,112480.82372841766,2.8546587658388804e-21,2.39791336330466e-15,Klein_deformada,extrema,1,1.4446065083793171,9.058943099607667,249958.32374379926,-453.8553422560478,235.73089209879504,249740.199293642,0.8330436361198987,0.8330436361198987,0.15,0.8409146957933671,1.027,1.0000236134098084,0.9523809523809523,4.776395472106325,-0.9036045278936751,recede,0.8927049502255369,1.1019591243905207e+23,True,True,True,True,True,True
H1L1V1-GSTLAL_AllSky-1250946868-1.xml,1250946868.0,37.952581901994016,10.565916905931784,48.5184988079258,3.591981863939054,1169.1657384438113,0.05,8.371321094958233,0.02135355822646508,1.0360425893557201,0.3825655329246134,0.0867304518354869,72853.579541809,6.2143115010576115e-21,5.2200216608883935e-15,Klein_deformada,extrema,1,1.2166149327572768,8.816496357925747,81841.60169106678,712.2677512864591,191.2827664623067,82745.15220881555,0.27600811828566935,0.27600811828566935,0.15,0.8409013407992367,1.027,1.0000077315260048,0.9523809523809523,4.776319615739665,-0.9036803842603351,recede,0.5782030122365794,3.6080454688376017e+22,True,True,True,True,True,True
H1L1V1-GSTLAL_AllSky-1251009263-1.xml,1251009263.0,37.952581901994016,10.565916905931784,48.5184988079258,3.591981863939054,1169.1657384438113,0.05,8.371321094958233,0.02135355822646508,1.0360425893557201,0.3825655329246134,0.0867304518354869,72853.579541809,6.2143115010576115e-21,5.2200216608883935e-15,Klein_deformada,extrema,1,1.2166149327572768,8.816496357925747,81841.60169106678,712.2677512864591,191.2827664623067,82745.15220881555,0.27600811828566935,0.27600811828566935,0.15,0.8409013407992367,1.027,1.0000077315260048,0.9523809523809523,4.776319615739665,-0.9036803842603351,recede,0.5782030122365794,3.6080454688376017e+22,True,True,True,True,True,True
H1L1V1-GSTLAL_AllSky-1251010527-1.xml,1251010527.0,37.952581901994016,10.565916905931784,48.5184988079258,3.591981863939054,1169.1657384438113,0.05,8.371321094958233,0.02135355822646508,1.0360425893557201,0.3825655329246134,0.0867304518354869,72853.579541809,6.2143115010576115e-21,5.2200216608883935e-15,Klein_deformada,extrema,1,1.2166149327572768,8.816496357925747,81841.60169106678,712.2677512864591,191.2827664623067,82745.15220881555,0.27600811828566935,0.27600811828566935,0.15,0.8409013407992367,1.027,1.0000077315260048,0.9523809523809523,4.776319615739665,-0.9036803842603351,recede,0.5782030122365794,3.6080454688376017e+22,True,True,True,True,True,True
H1L1V1-GSTLAL_AllSky-1251088785-1.xml,1251088785.0,66.80044620288078,53.38629317122022,120.186739374101,1.2512658631053248,2229.9759837275246,0.05,7.667907218020018,0.04456467229423804,5.356082654319807,0.36010922695090136,0.4106994484537066,344987.53670111357,1.4597514845552806e-20,1.2261912470264358e-14,Klein_extrema,extrema,1,2.130292823704503,8.956708410748906,156098.31886092672,439.04564114157824,180.05461347545068,156717.41911554374,0.5227530410906593,0.5227530410906593,0.15,0.8409072396652736,1.027,1.0000147465126124,0.9523809523809523,4.776353121298754,-0.9036468787012462,recede,2.737996323024711,6.881705885783141e+22,True,True,True,True,True,True
H1L1V1-GSTLAL_AllSky-1251176709-1.xml,1251176709.0,45.357093372265496,24.201902188029823,69.55899556029532,1.874112746174925,500.0,0.05,7.587898814436427,0.02901136222558929,2.0180012162478844,-0.2450990412651874,0.1531238903629859,128624.06790490817,2.7593008034708046e-20,2.3178126749154758e-14,Klein_deformada,extrema,1,1.3580197056863976,8.632043320000633,35000.0,588.0067097658093,-122.5495206325937,35465.457189133216,0.11830003138082018,0.11830003138082018,0.11830003138082018,0.8636620970523277,1.0212940056485476,1.0000026076706918,0.9523809523809523,4.905600711257221,-0.7743992887427789,recede,1.0208259357532394,1.543e+22,True,True,True,True,True,True
H1L1V1-GSTLAL_AllSky-1251200191-1.xml,1251200191.0,37.952581901994016,10.565916905931784,48.5184988079258,3.591981863939054,1169.1657384438113,0.05,8.371321094958233,0.02135355822646508,1.0360425893557201,0.3825655329246134,0.0867304518354869,72853.579541809,6.2143115010576115e-21,5.2200216608883935e-15,Klein_deformada,extrema,1,1.2166149327572768,8.816496357925747,81841.60169106678,712.2677512864591,191.2827664623067,82745.15220881555,0.27600811828566935,0.27600811828566935,0.15,0.8409013407992367,1.027,1.0000077315260048,0.9523809523809523,4.776319615739665,-0.9036803842603351,recede,0.5782030122365794,3.6080454688376017e+22,True,True,True,True,True,True
H1L1V1-GSTLAL_AllSky-1251211824-1.xml,1251211824.0,37.952581901994016,10.565916905931784,48.5184988079258,3.591981863939054,1169.1657384438113,0.05,8.371321094958233,0.02135355822646508,1.0360425893557201,0.3825655329246134,0.0867304518354869,72853.579541809,6.2143115010576115e-21,5.2200216608883935e-15,Klein_deformada,extrema,1,1.2166149327572768,8.816496357925747,81841.60169106678,712.2677512864591,191.2827664623067,82745.15220881555,0.27600811828566935,0.27600811828566935,0.15,0.8409013407992367,1.027,1.0000077315260048,0.9523809523809523,4.776319615739665,-0.9036803842603351,recede,0.5782030122365794,3.6080454688376017e+22,True,True,True,True,True,True
H1L1V1-GSTLAL_AllSky-1251216775-1.xml,1251216775.0,37.952581901994016,10.565916905931784,48.5184988079258,3.591981863939054,1169.1657384438113,0.05,8.371321094958233,0.02135355822646508,1.0360425893557201,0.3825655329246134,0.0867304518354869,72853.579541809,6.2143115010576115e-21,5.2200216608883935e-15,Klein_deformada,extrema,1,1.2166149327572768,8.816496357925747,81841.60169106678,712.2677512864591,191.2827664623067,82745.15220881555,0.27600811828566935,0.27600811828566935,0.15,0.8409013407992367,1.027,1.0000077315260048,0.9523809523809523,4.776319615739665,-0.9036803842603351,recede,0.5782030122365794,3.6080454688376017e+22,True,True,True,True,True,True
H1L1V1-GSTLAL_AllSky-1251225232-1.xml,1251225232.0,45.357093372265496,24.201902188029823,69.55899556029532,1.874112746174925,500.0,0.05,7.587898814436427,0.02901136222558929,2.0180012162478844,-0.2450990412651874,0.1531238903629859,128624.06790490817,2.7593008034708046e-20,2.3178126749154758e-14,Klein_deformada,extrema,1,1.3580197056863976,8.632043320000633,35000.0,588.0067097658093,-122.5495206325937,35465.457189133216,0.11830003138082018,0.11830003138082018,0.11830003138082018,0.8636620970523277,1.0212940056485476,1.0000026076706918,0.9523809523809523,4.905600711257221,-0.7743992887427789,recede,1.0208259357532394,1.543e+22,True,True,True,True,True,True
H1L1V1-GSTLAL_AllSky-1251234216-1.xml,1251234216.0,45.357093372265496,24.201902188029823,69.55899556029532,1.874112746174925,500.0,0.05,7.587898814436427,0.02901136222558929,2.0180012162478844,-0.2450990412651874,0.1531238903629859,128624.06790490817,2.7593008034708046e-20,2.3178126749154758e-14,Klein_deformada,extrema,1,1.3580197056863976,8.632043320000633,35000.0,588.0067097658093,-122.5495206325937,35465.457189133216,0.11830003138082018,0.11830003138082018,0.11830003138082018,0.8636620970523277,1.0212940056485476,1.0000026076706918,0.9523809523809523,4.905600711257221,-0.7743992887427789,recede,1.0208259357532394,1.543e+22,True,True,True,True,True,True
H1L1V1-GSTLAL_AllSky-1251252685-1.xml,1251252685.0,45.357093372265496,24.201902188029823,69.55899556029532,1.874112746174925,500.0,0.05,7.587898814436427,0.02901136222558929,2.0180012162478844,-0.2450990412651874,0.1531238903629859,128624.06790490817,2.7593008034708046e-20,2.3178126749154758e-14,Klein_deformada,extrema,1,1.3580197056863976,8.632043320000633,35000.0,588.0067097658093,-122.5495206325937,35465.457189133216,0.11830003138082018,0.11830003138082018,0.11830003138082018,0.8636620970523277,1.0212940056485476,1.0000026076706918,0.9523809523809523,4.905600711257221,-0.7743992887427789,recede,1.0208259357532394,1.543e+22,True,True,True,True,True,True
H1L1V1-GSTLAL_AllSky-1251255499-1.xml,1251255499.0,79.19231545683094,57.956572946196296,137.14888840302723,1.366407836611539,500.0,0.05,6.516677817741866,0.04183719050197435,5.73792417125147,0.3904124111201593,0.3739220316667934,314094.5066001065,6.738095276757826e-20,5.660000032476575e-14,Klein_extrema,extrema,1,1.4444745733339195,8.632043320000633,35000.0,-607.2555837299672,195.20620556007964,34587.95062183011,0.11537298453929122,0.11537298453929122,0.11537298453929122,0.8657819427305736,1.0207671372170724,1.0000025431502164,0.9523809523809523,4.917641434709658,-0.7623585652903415,recede,2.4928135444452892,1.543e+22,True,True,True,True,True,True
H1L1V1-GSTLAL_AllSky-1251266690-1.xml,1251266690.0,66.80044620288078,53.38629317122022,120.186739374101,1.2512658631053248,2229.9759837275246,0.05,7.667907218020018,0.04456467229423804,5.356082654319807,0.36010922695090136,0.4106994484537066,344987.53670111357,1.4597514845552806e-20,1.2261912470264358e-14,Klein_extrema,extrema,1,2.130292823704503,8.956708410748906,156098.31886092672,439.04564114157824,180.05461347545068,156717.41911554374,0.5227530410906593,0.5227530410906593,0.15,0.8409072396652736,1.027,1.0000147465126124,0.9523809523809523,4.776353121298754,-0.9036468787012462,recede,2.737996323024711,6.881705885783141e+22,True,True,True,True,True,True
H1L1V1-GSTLAL_AllSky-1251268203-1.xml,1251268203.0,45.357093372265496,24.201902188029823,69.55899556029532,1.874112746174925,500.0,0.05,7.587898814436427,0.02901136222558929,2.0180012162478844,-0.2450990412651874,0.1531238903629859,128624.06790490817,2.7593008034708046e-20,2.3178126749154758e-14,Klein_deformada,extrema,1,1.3580197056863976,8.632043320000633,35000.0,588.0067097658093,-122.5495206325937,35465.457189133216,0.11830003138082018,0.11830003138082018,0.11830003138082018,0.8636620970523277,1.0212940056485476,1.0000026076706918,0.9523809523809523,4.905600711257221,-0.7743992887427789,recede,1.0208259357532394,1.543e+22,True,True,True,True,True,True
H1L1V1-GSTLAL_AllSky-1251307115-1.xml,1251307115.0,45.357093372265496,24.201902188029823,69.55899556029532,1.874112746174925,500.0,0.05,7.587898814436427,0.02901136222558929,2.0180012162478844,-0.2450990412651874,0.1531238903629859,128624.06790490817,2.7593008034708046e-20,2.3178126749154758e-14,Klein_deformada,extrema,1,1.3580197056863976,8.632043320000633,35000.0,588.0067097658093,-122.5495206325937,35465.457189133216,0.11830003138082018,0.11830003138082018,0.11830003138082018,0.8636620970523277,1.0212940056485476,1.0000026076706918,0.9523809523809523,4.905600711257221,-0.7743992887427789,recede,1.0208259357532394,1.543e+22,True,True,True,True,True,True
H1L1V1-GSTLAL_AllSky-1251316981-1.xml,1251316981.0,45.357093372265496,24.201902188029823,69.55899556029532,1.874112746174925,500.0,0.05,7.587898814436427,0.02901136222558929,2.0180012162478844,-0.2450990412651874,0.1531238903629859,128624.06790490817,2.7593008034708046e-20,2.3178126749154758e-14,Klein_deformada,extrema,1,1.3580197056863976,8.632043320000633,35000.0,588.0067097658093,-122.5495206325937,35465.457189133216,0.11830003138082018,0.11830003138082018,0.11830003138082018,0.8636620970523277,1.0212940056485476,1.0000026076706918,0.9523809523809523,4.905600711257221,-0.7743992887427789,recede,1.0208259357532394,1.543e+22,True,True,True,True,True,True
H1L1V1-GSTLAL_AllSky-1251415879-1.xml,1251415879.0,66.80044620288078,53.38629317122022,120.186739374101,1.2512658631053248,2229.9759837275246,0.05,7.667907218020018,0.04456467229423804,5.356082654319807,0.36010922695090136,0.4106994484537066,344987.53670111357,1.4597514845552806e-20,1.2261912470264358e-14,Klein_extrema,extrema,1,2.130292823704503,8.956708410748906,156098.31886092672,439.04564114157824,180.05461347545068,156717.41911554374,0.5227530410906593,0.5227530410906593,0.15,0.8409072396652736,1.027,1.0000147465126124,0.9523809523809523,4.776353121298754,-0.9036468787012462,recede,2.737996323024711,6.881705885783141e+22,True,True,True,True,True,True
H1L1V1-GSTLAL_AllSky-1251428988-1.xml,1251428988.0,66.80044620288078,53.38629317122022,120.186739374101,1.2512658631053248,2229.9759837275246,0.05,7.667907218020018,0.04456467229423804,5.356082654319807,0.36010922695090136,0.4106994484537066,344987.53670111357,1.4597514845552806e-20,1.2261912470264358e-14,Klein_extrema,extrema,1,2.130292823704503,8.956708410748906,156098.31886092672,439.04564114157824,180.05461347545068,156717.41911554374,0.5227530410906593,0.5227530410906593,0.15,0.8409072396652736,1.027,1.0000147465126124,0.9523809523809523,4.776353121298754,-0.9036468787012462,recede,2.737996323024711,6.881705885783141e+22,True,True,True,True,True,True
H1L1V1-GSTLAL_AllSky-1251461584-1.xml,1251461584.0,66.80044620288078,53.38629317122022,120.186739374101,1.2512658631053248,2229.9759837275246,0.05,7.667907218020018,0.04456467229423804,5.356082654319807,0.36010922695090136,0.4106994484537066,344987.53670111357,1.4597514845552806e-20,1.2261912470264358e-14,Klein_extrema,extrema,1,2.130292823704503,8.956708410748906,156098.31886092672,439.04564114157824,180.05461347545068,156717.41911554374,0.5227530410906593,0.5227530410906593,0.15,0.8409072396652736,1.027,1.0000147465126124,0.9523809523809523,4.776353121298754,-0.9036468787012462,recede,2.737996323024711,6.881705885783141e+22,True,True,True,True,True,True
H1L1V1-GSTLAL_AllSky-1251461683-1.xml,1251461683.0,21.634554548086715,12.914064329453414,34.54861887754013,1.6752707742630855,1370.722852000268,0.05,8.588518503157497,0.03477993664878883,1.2015987758639957,0.29186073094797876,0.10319953319879324,86687.60788698633,6.221619742194376e-21,5.226160583443276e-15,Klein_deformada,extrema,1,2.0857400786968583,8.8510331444198,95950.59964001876,786.1685758023557,145.93036547398938,96882.6985812951,0.3231658969262499,0.3231658969262499,0.15,0.840902461601394,1.027,1.0000090643944026,0.9523809523809523,4.776325981895918,-0.9036740181040814,recede,0.687996887991955,4.230050721272827e+22,True,True,True,True,True,True
H1L1V1-GSTLAL_AllSky-1251474164-1.xml,1251474164.0,79.19231545683094,57.956572946196296,137.14888840302723,1.366407836611539,500.0,0.05,6.516677817741866,0.04183719050197435,5.73792417125147,0.3904124111201593,0.3739220316667934,314094.5066001065,6.738095276757826e-20,5.660000032476575e-14,Klein_extrema,extrema,1,1.4444745733339195,8.632043320000633,35000.0,-607.2555837299672,195.20620556007964,34587.95062183011,0.11537298453929122,0.11537298453929122,0.11537298453929122,0.8657819427305736,1.0207671372170724,1.0000025431502164,0.9523809523809523,4.917641434709658,-0.7623585652903415,recede,2.4928135444452892,1.543e+22,True,True,True,True,True,True
H1L1V1-GSTLAL_AllSky-1251502439-1.xml,1251502439.0,66.80044620288078,53.38629317122022,120.186739374101,1.2512658631053248,2229.9759837275246,0.05,7.667907218020018,0.04456467229423804,5.356082654319807,0.36010922695090136,0.4106994484537066,344987.53670111357,1.4597514845552806e-20,1.2261912470264358e-14,Klein_extrema,extrema,1,2.130292823704503,8.956708410748906,156098.31886092672,439.04564114157824,180.05461347545068,156717.41911554374,0.5227530410906593,0.5227530410906593,0.15,0.8409072396652736,1.027,1.0000147465126124,0.9523809523809523,4.776353121298754,-0.9036468787012462,recede,2.737996323024711,6.881705885783141e+22,True,True,True,True,True,True
H1L1V1-GSTLAL_AllSky-1251588283-1.xml,1251588283.0,66.80044620288078,53.38629317122022,120.186739374101,1.2512658631053248,2229.9759837275246,0.05,7.667907218020018,0.04456467229423804,5.356082654319807,0.36010922695090136,0.4106994484537066,344987.53670111357,1.4597514845552806e-20,1.2261912470264358e-14,Klein_extrema,extrema,1,2.130292823704503,8.956708410748906,156098.31886092672,439.04564114157824,180.05461347545068,156717.41911554374,0.5227530410906593,0.5227530410906593,0.15,0.8409072396652736,1.027,1.0000147465126124,0.9523809523809523,4.776353121298754,-0.9036468787012462,recede,2.737996323024711,6.881705885783141e+22,True,True,True,True,True,True
H1L1V1-GSTLAL_AllSky-1251692745-1.xml,1251692745.0,66.80044620288078,53.38629317122022,120.186739374101,1.2512658631053248,2229.9759837275246,0.05,7.667907218020018,0.04456467229423804,5.356082654319807,0.36010922695090136,0.4106994484537066,344987.53670111357,1.4597514845552806e-20,1.2261912470264358e-14,Klein_extrema,extrema,1,2.130292823704503,8.956708410748906,156098.31886092672,439.04564114157824,180.05461347545068,156717.41911554374,0.5227530410906593,0.5227530410906593,0.15,0.8409072396652736,1.027,1.0000147465126124,0.9523809523809523,4.776353121298754,-0.9036468787012462,recede,2.737996323024711,6.881705885783141e+22,True,True,True,True,True,True
H1L1V1-GSTLAL_AllSky-1251710792-1.xml,1251710792.0,79.19231545683094,57.956572946196296,137.14888840302723,1.366407836611539,500.0,0.05,6.516677817741866,0.04183719050197435,5.73792417125147,0.3904124111201593,0.3739220316667934,314094.5066001065,6.738095276757826e-20,5.660000032476575e-14,Klein_extrema,extrema,1,1.4444745733339195,8.632043320000633,35000.0,-607.2555837299672,195.20620556007964,34587.95062183011,0.11537298453929122,0.11537298453929122,0.11537298453929122,0.8657819427305736,1.0207671372170724,1.0000025431502164,0.9523809523809523,4.917641434709658,-0.7623585652903415,recede,2.4928135444452892,1.543e+22,True,True,True,True,True,True
H1L1V1-GSTLAL_AllSky-1251750952-1.xml,1251750952.0,79.19231545683094,57.956572946196296,137.14888840302723,1.366407836611539,500.0,0.05,6.516677817741866,0.04183719050197435,5.73792417125147,0.3904124111201593,0.3739220316667934,314094.5066001065,6.738095276757826e-20,5.660000032476575e-14,Klein_extrema,extrema,1,1.4444745733339195,8.632043320000633,35000.0,-607.2555837299672,195.20620556007964,34587.95062183011,0.11537298453929122,0.11537298453929122,0.11537298453929122,0.8657819427305736,1.0207671372170724,1.0000025431502164,0.9523809523809523,4.917641434709658,-0.7623585652903415,recede,2.4928135444452892,1.543e+22,True,True,True,True,True,True
H1L1V1-GSTLAL_AllSky-1251755572-1.xml,1251755572.0,79.19231545683094,57.956572946196296,137.14888840302723,1.366407836611539,500.0,0.05,6.516677817741866,0.04183719050197435,5.73792417125147,0.3904124111201593,0.3739220316667934,314094.5066001065,6.738095276757826e-20,5.660000032476575e-14,Klein_extrema,extrema,1,1.4444745733339195,8.632043320000633,35000.0,-607.2555837299672,195.20620556007964,34587.95062183011,0.11537298453929122,0.11537298453929122,0.11537298453929122,0.8657819427305736,1.0207671372170724,1.0000025431502164,0.9523809523809523,4.917641434709658,-0.7623585652903415,recede,2.4928135444452892,1.543e+22,True,True,True,True,True,True
H1L1V1-GSTLAL_AllSky-1251787804-1.xml,1251787804.0,21.634554548086715,12.914064329453414,34.54861887754013,1.6752707742630855,1370.722852000268,0.05,8.588518503157497,0.03477993664878883,1.2015987758639957,0.29186073094797876,0.10319953319879324,86687.60788698633,6.221619742194376e-21,5.226160583443276e-15,Klein_deformada,extrema,1,2.0857400786968583,8.8510331444198,95950.59964001876,786.1685758023557,145.93036547398938,96882.6985812951,0.3231658969262499,0.3231658969262499,0.15,0.840902461601394,1.027,1.0000090643944026,0.9523809523809523,4.776325981895918,-0.9036740181040814,recede,0.687996887991955,4.230050721272827e+22,True,True,True,True,True,True
H1L1V1-GSTLAL_AllSky-1251783833-1.xml,1251783833.0,20.8100172807138,20.05308982419814,40.86310710491194,1.0377461759335598,500.0,0.05,6.891876879278611,0.05,2.043155355245597,0.6178237298551763,0.14081175153591408,118281.87129016782,2.5374353945039253e-20,2.1314457313832974e-14,Klein_deformada,extrema,1,1.9308116633794754,8.632043320000633,35000.0,-9.883116444053485,308.91186492758817,35299.028748483535,0.11774488585861469,0.11774488585861469,0.11774488585861469,0.8640639037474083,1.0211940794545507,1.0000025954336982,0.9523809523809523,4.907882973285279,-0.7721170267147208,recede,0.9387450102394271,1.543e+22,True,True,True,True,True,True
H1L1V1-GSTLAL_AllSky-1251835519-1.xml,1251835519.0,79.19231545683094,57.956572946196296,137.14888840302723,1.366407836611539,500.0,0.05,6.516677817741866,0.04183719050197435,5.73792417125147,0.3904124111201593,0.3739220316667934,314094.5066001065,6.738095276757826e-20,5.660000032476575e-14,Klein_extrema,extrema,1,1.4444745733339195,8.632043320000633,35000.0,-607.2555837299672,195.20620556007964,34587.95062183011,0.11537298453929122,0.11537298453929122,0.11537298453929122,0.8657819427305736,1.0207671372170724,1.0000025431502164,0.9523809523809523,4.917641434709658,-0.7623585652903415,recede,2.4928135444452892,1.543e+22,True,True,True,True,True,True
H1L1V1-GSTLAL_AllSky-1251848820-1.xml,1251848820.0,79.19231545683094,57.956572946196296,137.14888840302723,1.366407836611539,500.0,0.05,6.516677817741866,0.04183719050197435,5.73792417125147,0.3904124111201593,0.3739220316667934,314094.5066001065,6.738095276757826e-20,5.660000032476575e-14,Klein_extrema,extrema,1,1.4444745733339195,8.632043320000633,35000.0,-607.2555837299672,195.20620556007964,34587.95062183011,0.11537298453929122,0.11537298453929122,0.11537298453929122,0.8657819427305736,1.0207671372170724,1.0000025431502164,0.9523809523809523,4.917641434709658,-0.7623585652903415,recede,2.4928135444452892,1.543e+22,True,True,True,True,True,True
H1L1V1-GSTLAL_AllSky-1251849513-1.xml,1251849513.0,79.19231545683094,57.956572946196296,137.14888840302723,1.366407836611539,500.0,0.05,6.516677817741866,0.04183719050197435,5.73792417125147,0.3904124111201593,0.3739220316667934,314094.5066001065,6.738095276757826e-20,5.660000032476575e-14,Klein_extrema,extrema,1,1.4444745733339195,8.632043320000633,35000.0,-607.2555837299672,195.20620556007964,34587.95062183011,0.11537298453929122,0.11537298453929122,0.11537298453929122,0.8657819427305736,1.0207671372170724,1.0000025431502164,0.9523809523809523,4.917641434709658,-0.7623585652903415,recede,2.4928135444452892,1.543e+22,True,True,True,True,True,True
H1L1V1-GSTLAL_AllSky-1251851317-1.xml,1251851317.0,21.634554548086715,12.914064329453414,34.54861887754013,1.6752707742630855,1370.722852000268,0.05,8.588518503157497,0.03477993664878883,1.2015987758639957,0.29186073094797876,0.10319953319879324,86687.60788698633,6.221619742194376e-21,5.226160583443276e-15,Klein_deformada,extrema,1,2.0857400786968583,8.8510331444198,95950.59964001876,786.1685758023557,145.93036547398938,96882.6985812951,0.3231658969262499,0.3231658969262499,0.15,0.840902461601394,1.027,1.0000090643944026,0.9523809523809523,4.776325981895918,-0.9036740181040814,recede,0.687996887991955,4.230050721272827e+22,True,True,True,True,True,True
H1L1V1-GSTLAL_AllSky-1251855654-1.xml,1251855654.0,21.634554548086715,12.914064329453414,34.54861887754013,1.6752707742630855,1370.722852000268,0.05,8.588518503157497,0.03477993664878883,1.2015987758639957,0.29186073094797876,0.10319953319879324,86687.60788698633,6.221619742194376e-21,5.226160583443276e-15,Klein_deformada,extrema,1,2.0857400786968583,8.8510331444198,95950.59964001876,786.1685758023557,145.93036547398938,96882.6985812951,0.3231658969262499,0.3231658969262499,0.15,0.840902461601394,1.027,1.0000090643944026,0.9523809523809523,4.776325981895918,-0.9036740181040814,recede,0.687996887991955,4.230050721272827e+22,True,True,True,True,True,True
H1L1V1-GSTLAL_AllSky-1251858279-1.xml,1251858279.0,21.634554548086715,12.914064329453414,34.54861887754013,1.6752707742630855,1370.722852000268,0.05,8.588518503157497,0.03477993664878883,1.2015987758639957,0.29186073094797876,0.10319953319879324,86687.60788698633,6.221619742194376e-21,5.226160583443276e-15,Klein_deformada,extrema,1,2.0857400786968583,8.8510331444198,95950.59964001876,786.1685758023557,145.93036547398938,96882.6985812951,0.3231658969262499,0.3231658969262499,0.15,0.840902461601394,1.027,1.0000090643944026,0.9523809523809523,4.776325981895918,-0.9036740181040814,recede,0.687996887991955,4.230050721272827e+22,True,True,True,True,True,True
H1L1V1-GSTLAL_AllSky-1251895583-1.xml,1251895583.0,20.8100172807138,20.05308982419814,40.86310710491194,1.0377461759335598,500.0,0.05,6.891876879278611,0.05,2.043155355245597,0.6178237298551763,0.14081175153591408,118281.87129016782,2.5374353945039253e-20,2.1314457313832974e-14,Klein_deformada,extrema,1,1.9308116633794754,8.632043320000633,35000.0,-9.883116444053485,308.91186492758817,35299.028748483535,0.11774488585861469,0.11774488585861469,0.11774488585861469,0.8640639037474083,1.0211940794545507,1.0000025954336982,0.9523809523809523,4.907882973285279,-0.7721170267147208,recede,0.9387450102394271,1.543e+22,True,True,True,True,True,True
H1L1V1-GSTLAL_AllSky-1251898102-1.xml,1251898102.0,60.137027697193155,34.48775865815887,94.62478635535203,1.7437209617844032,1178.0634231659915,0.05,6.767167103167873,0.03820486159052904,3.6151268657396054,0.7397980222336897,0.24464167599611436,205499.00783673607,1.7385090959063508e-20,1.4603476405613346e-14,Klein_extrema,extrema,1,1.4224182661442542,8.81814265388565,82464.4396216194,-419.17489911728205,369.89901111684486,82415.16373361896,0.27490739521412166,0.27490739521412166,0.15,0.8409013902767472,1.027,1.0000077903651226,0.9523809523809523,4.776319896771923,-0.9036801032280763,recede,1.6309445066407626,3.6355037238902496e+22,True,True,True,True,True,True
H1L1V1-GSTLAL_AllSky-1251903802-1.xml,1251903802.0,21.634554548086715,12.914064329453414,34.54861887754013,1.6752707742630855,1370.722852000268,0.05,8.588518503157497,0.03477993664878883,1.2015987758639957,0.29186073094797876,0.10319953319879324,86687.60788698633,6.221619742194376e-21,5.226160583443276e-15,Klein_deformada,extrema,1,2.0857400786968583,8.8510331444198,95950.59964001876,786.1685758023557,145.93036547398938,96882.6985812951,0.3231658969262499,0.3231658969262499,0.15,0.840902461601394,1.027,1.0000090643944026,0.9523809523809523,4.776325981895918,-0.9036740181040814,recede,0.687996887991955,4.230050721272827e+22,True,True,True,True,True,True
H1L1V1-GSTLAL_AllSky-1251926900-1.xml,1251926900.0,21.634554548086715,12.914064329453414,34.54861887754013,1.6752707742630855,1370.722852000268,0.05,8.588518503157497,0.03477993664878883,1.2015987758639957,0.29186073094797876,0.10319953319879324,86687.60788698633,6.221619742194376e-21,5.226160583443276e-15,Klein_deformada,extrema,1,2.0857400786968583,8.8510331444198,95950.59964001876,786.1685758023557,145.93036547398938,96882.6985812951,0.3231658969262499,0.3231658969262499,0.15,0.840902461601394,1.027,1.0000090643944026,0.9523809523809523,4.776325981895918,-0.9036740181040814,recede,0.687996887991955,4.230050721272827e+22,True,True,True,True,True,True
H1L1V1-GSTLAL_AllSky-1251937748-1.xml,1251937748.0,21.634554548086715,12.914064329453414,34.54861887754013,1.6752707742630855,1370.722852000268,0.05,8.588518503157497,0.03477993664878883,1.2015987758639957,0.29186073094797876,0.10319953319879324,86687.60788698633,6.221619742194376e-21,5.226160583443276e-15,Klein_deformada,extrema,1,2.0857400786968583,8.8510331444198,95950.59964001876,786.1685758023557,145.93036547398938,96882.6985812951,0.3231658969262499,0.3231658969262499,0.15,0.840902461601394,1.027,1.0000090643944026,0.9523809523809523,4.776325981895918,-0.9036740181040814,recede,0.687996887991955,4.230050721272827e+22,True,True,True,True,True,True
H1L1V1-GSTLAL_AllSky-1251941333-1.xml,1251941333.0,20.8100172807138,20.05308982419814,40.86310710491194,1.0377461759335598,500.0,0.05,6.891876879278611,0.05,2.043155355245597,0.6178237298551763,0.14081175153591408,118281.87129016782,2.5374353945039253e-20,2.1314457313832974e-14,Klein_deformada,extrema,1,1.9308116633794754,8.632043320000633,35000.0,-9.883116444053485,308.91186492758817,35299.028748483535,0.11774488585861469,0.11774488585861469,0.11774488585861469,0.8640639037474083,1.0211940794545507,1.0000025954336982,0.9523809523809523,4.907882973285279,-0.7721170267147208,recede,0.9387450102394271,1.543e+22,True,True,True,True,True,True
H1L1V1-GSTLAL_AllSky-1252028477-1.xml,1252028477.0,20.8100172807138,20.05308982419814,40.86310710491194,1.0377461759335598,500.0,0.05,6.891876879278611,0.05,2.043155355245597,0.6178237298551763,0.14081175153591408,118281.87129016782,2.5374353945039253e-20,2.1314457313832974e-14,Klein_deformada,extrema,1,1.9308116633794754,8.632043320000633,35000.0,-9.883116444053485,308.91186492758817,35299.028748483535,0.11774488585861469,0.11774488585861469,0.11774488585861469,0.8640639037474083,1.0211940794545507,1.0000025954336982,0.9523809523809523,4.907882973285279,-0.7721170267147208,recede,0.9387450102394271,1.543e+22,True,True,True,True,True,True
H1L1V1-GSTLAL_AllSky-1252029826-1.xml,1252029826.0,20.8100172807138,20.05308982419814,40.86310710491194,1.0377461759335598,500.0,0.05,6.891876879278611,0.05,2.043155355245597,0.6178237298551763,0.14081175153591408,118281.87129016782,2.5374353945039253e-20,2.1314457313832974e-14,Klein_deformada,extrema,1,1.9308116633794754,8.632043320000633,35000.0,-9.883116444053485,308.91186492758817,35299.028748483535,0.11774488585861469,0.11774488585861469,0.11774488585861469,0.8640639037474083,1.0211940794545507,1.0000025954336982,0.9523809523809523,4.907882973285279,-0.7721170267147208,recede,0.9387450102394271,1.543e+22,True,True,True,True,True,True
H1L1V1-GSTLAL_AllSky-1252034360-1.xml,1252034360.0,60.137027697193155,34.48775865815887,94.62478635535203,1.7437209617844032,1178.0634231659915,0.05,6.767167103167873,0.03820486159052904,3.6151268657396054,0.7397980222336897,0.24464167599611436,205499.00783673607,1.7385090959063508e-20,1.4603476405613346e-14,Klein_extrema,extrema,1,1.4224182661442542,8.81814265388565,82464.4396216194,-419.17489911728205,369.89901111684486,82415.16373361896,0.27490739521412166,0.27490739521412166,0.15,0.8409013902767472,1.027,1.0000077903651226,0.9523809523809523,4.776319896771923,-0.9036801032280763,recede,1.6309445066407626,3.6355037238902496e+22,True,True,True,True,True,True
H1L1V1-GSTLAL_AllSky-1252064527-1.xml,1252064527.0,41.64299059725072,39.538556690902794,81.18154728815352,1.0532248539773361,974.7883750728317,0.05,6.1865792179929775,0.04828461170102142,3.9198194880966013,0.05586925109599106,0.24250273783342305,203702.29978007538,2.116771686702961e-20,1.7780882168304875e-14,Klein_extrema,extrema,1,1.5024664689521252,8.777013488495294,68235.18625509822,479.23692788654125,27.93462554799553,68742.35780853275,0.2292998238419085,0.2292998238419085,0.15,0.8409002599216411,1.027,1.0000064461362688,0.9523809523809523,4.776313476354921,-0.9036865236450788,recede,1.616684918889487,3.008196925474759e+22,True,True,True,True,True,True
H1L1V1-GSTLAL_AllSky-1252081065-1.xml,1252081065.0,20.8100172807138,20.05308982419814,40.86310710491194,1.0377461759335598,500.0,0.05,6.891876879278611,0.05,2.043155355245597,0.6178237298551763,0.14081175153591408,118281.87129016782,2.5374353945039253e-20,2.1314457313832974e-14,Klein_deformada,extrema,1,1.9308116633794754,8.632043320000633,35000.0,-9.883116444053485,308.91186492758817,35299.028748483535,0.11774488585861469,0.11774488585861469,0.11774488585861469,0.8640639037474083,1.0211940794545507,1.0000025954336982,0.9523809523809523,4.907882973285279,-0.7721170267147208,recede,0.9387450102394271,1.543e+22,True,True,True,True,True,True
H1L1V1-GSTLAL_AllSky-1252091831-1.xml,1252091831.0,20.8100172807138,20.05308982419814,40.86310710491194,1.0377461759335598,500.0,0.05,6.891876879278611,0.05,2.043155355245597,0.6178237298551763,0.14081175153591408,118281.87129016782,2.5374353945039253e-20,2.1314457313832974e-14,Klein_deformada,extrema,1,1.9308116633794754,8.632043320000633,35000.0,-9.883116444053485,308.91186492758817,35299.028748483535,0.11774488585861469,0.11774488585861469,0.11774488585861469,0.8640639037474083,1.0211940794545507,1.0000025954336982,0.9523809523809523,4.907882973285279,-0.7721170267147208,recede,0.9387450102394271,1.543e+22,True,True,True,True,True,True
H1L1V1-GSTLAL_AllSky-1252113997-1.xml,1252113997.0,20.8100172807138,20.05308982419814,40.86310710491194,1.0377461759335598,500.0,0.05,6.891876879278611,0.05,2.043155355245597,0.6178237298551763,0.14081175153591408,118281.87129016782,2.5374353945039253e-20,2.1314457313832974e-14,Klein_deformada,extrema,1,1.9308116633794754,8.632043320000633,35000.0,-9.883116444053485,308.91186492758817,35299.028748483535,0.11774488585861469,0.11774488585861469,0.11774488585861469,0.8640639037474083,1.0211940794545507,1.0000025954336982,0.9523809523809523,4.907882973285279,-0.7721170267147208,recede,0.9387450102394271,1.543e+22,True,True,True,True,True,True
H1L1V1-GSTLAL_AllSky-1252150105-1.xml,1252150105.0,60.137027697193155,34.48775865815887,94.62478635535203,1.7437209617844032,1178.0634231659915,0.05,6.767167103167873,0.03820486159052904,3.6151268657396054,0.7397980222336897,0.24464167599611436,205499.00783673607,1.7385090959063508e-20,1.4603476405613346e-14,Klein_extrema,extrema,1,1.4224182661442542,8.81814265388565,82464.4396216194,-419.17489911728205,369.89901111684486,82415.16373361896,0.27490739521412166,0.27490739521412166,0.15,0.8409013902767472,1.027,1.0000077903651226,0.9523809523809523,4.776319896771923,-0.9036801032280763,recede,1.6309445066407626,3.6355037238902496e+22,True,True,True,True,True,True
H1L1V1-GSTLAL_AllSky-1252217514-1.xml,1252217514.0,60.137027697193155,34.48775865815887,94.62478635535203,1.7437209617844032,1178.0634231659915,0.05,6.767167103167873,0.03820486159052904,3.6151268657396054,0.7397980222336897,0.24464167599611436,205499.00783673607,1.7385090959063508e-20,1.4603476405613346e-14,Klein_extrema,extrema,1,1.4224182661442542,8.81814265388565,82464.4396216194,-419.17489911728205,369.89901111684486,82415.16373361896,0.27490739521412166,0.27490739521412166,0.15,0.8409013902767472,1.027,1.0000077903651226,0.9523809523809523,4.776319896771923,-0.9036801032280763,recede,1.6309445066407626,3.6355037238902496e+22,True,True,True,True,True,True
H1L1V1-GSTLAL_AllSky-1252261903-1.xml,1252261903.0,60.137027697193155,34.48775865815887,94.62478635535203,1.7437209617844032,1178.0634231659915,0.05,6.767167103167873,0.03820486159052904,3.6151268657396054,0.7397980222336897,0.24464167599611436,205499.00783673607,1.7385090959063508e-20,1.4603476405613346e-14,Klein_extrema,extrema,1,1.4224182661442542,8.81814265388565,82464.4396216194,-419.17489911728205,369.89901111684486,82415.16373361896,0.27490739521412166,0.27490739521412166,0.15,0.8409013902767472,1.027,1.0000077903651226,0.9523809523809523,4.776319896771923,-0.9036801032280763,recede,1.6309445066407626,3.6355037238902496e+22,True,True,True,True,True,True
H1L1V1-GSTLAL_AllSky-1252263825-1.xml,1252263825.0,41.64299059725072,39.538556690902794,81.18154728815352,1.0532248539773361,974.7883750728317,0.05,6.1865792179929775,0.04828461170102142,3.9198194880966013,0.05586925109599106,0.24250273783342305,203702.29978007538,2.116771686702961e-20,1.7780882168304875e-14,Klein_extrema,extrema,1,1.5024664689521252,8.777013488495294,68235.18625509822,479.23692788654125,27.93462554799553,68742.35780853275,0.2292998238419085,0.2292998238419085,0.15,0.8409002599216411,1.027,1.0000064461362688,0.9523809523809523,4.776313476354921,-0.9036865236450788,recede,1.616684918889487,3.008196925474759e+22,True,True,True,True,True,True
H1L1V1-GSTLAL_AllSky-1252264062-1.xml,1252264062.0,77.20319326093093,63.74531828697649,140.94851154790743,1.211119425482639,500.0,0.05,8.433751047679417,0.042206165330246244,5.948896181443103,0.0050457104307085054,0.5017150940278186,421440.67898336763,9.040933186733034e-20,7.59438387685575e-14,Klein_extrema,extrema,1,2.440688408748564,8.632043320000633,35000.0,-246.4872762551604,2.5228552153542525,34756.035578960196,0.1159336556057064,0.1159336556057064,0.1159336556057064,0.865375642608576,1.0208680580090272,1.0000025555090086,0.9523809523809523,4.915333650016712,-0.7646663499832878,recede,3.34476729351879,1.543e+22,True,True,True,True,True,True
H1L1V1-GSTLAL_AllSky-1252367731-1.xml,1252367731.0,60.137027697193155,34.48775865815887,94.62478635535203,1.7437209617844032,1178.0634231659915,0.05,6.767167103167873,0.03820486159052904,3.6151268657396054,0.7397980222336897,0.24464167599611436,205499.00783673607,1.7385090959063508e-20,1.4603476405613346e-14,Klein_extrema,extrema,1,1.4224182661442542,8.81814265388565,82464.4396216194,-419.17489911728205,369.89901111684486,82415.16373361896,0.27490739521412166,0.27490739521412166,0.15,0.8409013902767472,1.027,1.0000077903651226,0.9523809523809523,4.776319896771923,-0.9036801032280763,recede,1.6309445066407626,3.6355037238902496e+22,True,True,True,True,True,True
H1L1V1-GSTLAL_AllSky-1252402886-1.xml,1252402886.0,60.137027697193155,34.48775865815887,94.62478635535203,1.7437209617844032,1178.0634231659915,0.05,6.767167103167873,0.03820486159052904,3.6151268657396054,0.7397980222336897,0.24464167599611436,205499.00783673607,1.7385090959063508e-20,1.4603476405613346e-14,Klein_extrema,extrema,1,1.4224182661442542,8.81814265388565,82464.4396216194,-419.17489911728205,369.89901111684486,82415.16373361896,0.27490739521412166,0.27490739521412166,0.15,0.8409013902767472,1.027,1.0000077903651226,0.9523809523809523,4.776319896771923,-0.9036801032280763,recede,1.6309445066407626,3.6355037238902496e+22,True,True,True,True,True,True
H1L1V1-GSTLAL_AllSky-1252423668-1.xml,1252423668.0,60.137027697193155,34.48775865815887,94.62478635535203,1.7437209617844032,1178.0634231659915,0.05,6.767167103167873,0.03820486159052904,3.6151268657396054,0.7397980222336897,0.24464167599611436,205499.00783673607,1.7385090959063508e-20,1.4603476405613346e-14,Klein_extrema,extrema,1,1.4224182661442542,8.81814265388565,82464.4396216194,-419.17489911728205,369.89901111684486,82415.16373361896,0.27490739521412166,0.27490739521412166,0.15,0.8409013902767472,1.027,1.0000077903651226,0.9523809523809523,4.776319896771923,-0.9036801032280763,recede,1.6309445066407626,3.6355037238902496e+22,True,True,True,True,True,True
H1L1V1-GSTLAL_AllSky-1252424254-1.xml,1252424254.0,41.64299059725072,39.538556690902794,81.18154728815352,1.0532248539773361,974.7883750728317,0.05,6.1865792179929775,0.04828461170102142,3.9198194880966013,0.05586925109599106,0.24250273783342305,203702.29978007538,2.116771686702961e-20,1.7780882168304875e-14,Klein_extrema,extrema,1,1.5024664689521252,8.777013488495294,68235.18625509822,479.23692788654125,27.93462554799553,68742.35780853275,0.2292998238419085,0.2292998238419085,0.15,0.8409002599216411,1.027,1.0000064461362688,0.9523809523809523,4.776313476354921,-0.9036865236450788,recede,1.616684918889487,3.008196925474759e+22,True,True,True,True,True,True
H1L1V1-GSTLAL_AllSky-1252463616-1.xml,1252463616.0,41.64299059725072,39.538556690902794,81.18154728815352,1.0532248539773361,974.7883750728317,0.05,6.1865792179929775,0.04828461170102142,3.9198194880966013,0.05586925109599106,0.24250273783342305,203702.29978007538,2.116771686702961e-20,1.7780882168304875e-14,Klein_extrema,extrema,1,1.5024664689521252,8.777013488495294,68235.18625509822,479.23692788654125,27.93462554799553,68742.35780853275,0.2292998238419085,0.2292998238419085,0.15,0.8409002599216411,1.027,1.0000064461362688,0.9523809523809523,4.776313476354921,-0.9036865236450788,recede,1.616684918889487,3.008196925474759e+22,True,True,True,True,True,True
H1L1V1-GSTLAL_AllSky-1252542789-1.xml,1252542789.0,41.64299059725072,39.538556690902794,81.18154728815352,1.0532248539773361,974.7883750728317,0.05,6.1865792179929775,0.04828461170102142,3.9198194880966013,0.05586925109599106,0.24250273783342305,203702.29978007538,2.116771686702961e-20,1.7780882168304875e-14,Klein_extrema,extrema,1,1.5024664689521252,8.777013488495294,68235.18625509822,479.23692788654125,27.93462554799553,68742.35780853275,0.2292998238419085,0.2292998238419085,0.15,0.8409002599216411,1.027,1.0000064461362688,0.9523809523809523,4.776313476354921,-0.9036865236450788,recede,1.616684918889487,3.008196925474759e+22,True,True,True,True,True,True
H1L1V1-GSTLAL_AllSky-1252582064-1.xml,1252582064.0,77.20319326093093,63.74531828697649,140.94851154790743,1.211119425482639,500.0,0.05,8.433751047679417,0.042206165330246244,5.948896181443103,0.0050457104307085054,0.5017150940278186,421440.67898336763,9.040933186733034e-20,7.59438387685575e-14,Klein_extrema,extrema,1,2.440688408748564,8.632043320000633,35000.0,-246.4872762551604,2.5228552153542525,34756.035578960196,0.1159336556057064,0.1159336556057064,0.1159336556057064,0.865375642608576,1.0208680580090272,1.0000025555090086,0.9523809523809523,4.915333650016712,-0.7646663499832878,recede,3.34476729351879,1.543e+22,True,True,True,True,True,True
H1L1V1-GSTLAL_AllSky-1252612027-1.xml,1252612027.0,64.28072200491783,59.91928879873852,124.20001080365635,1.072788467513839,658.9894705509791,0.05,9.18237186749187,0.04881275453067882,6.062544640066535,0.1865994882631526,0.5566853934836058,467615.7305262289,7.433219385387268e-20,6.243904283725306e-14,Klein_extrema,extrema,1,3.3460926197727745,8.691997555540752,46129.26293856854,-367.96364962524973,93.29974413157629,45854.59903307487,0.15295447837141676,0.15295447837141676,0.15,0.8408985038531637,1.027,1.0000043578032274,0.9523809523809523,4.77630350188597,-0.9036964981140301,recede,3.711235956557372,2.0336415061203216e+22,True,True,True,True,True,True
H1L1V1-GSTLAL_AllSky-1252616870-1.xml,1252616870.0,41.64299059725072,39.538556690902794,81.18154728815352,1.0532248539773361,974.7883750728317,0.05,6.1865792179929775,0.04828461170102142,3.9198194880966013,0.05586925109599106,0.24250273783342305,203702.29978007538,2.116771686702961e-20,1.7780882168304875e-14,Klein_extrema,extrema,1,1.5024664689521252,8.777013488495294,68235.18625509822,479.23692788654125,27.93462554799553,68742.35780853275,0.2292998238419085,0.2292998238419085,0.15,0.8409002599216411,1.027,1.0000064461362688,0.9523809523809523,4.776313476354921,-0.9036865236450788,recede,1.616684918889487,3.008196925474759e+22,True,True,True,True,True,True
H1L1V1-GSTLAL_AllSky-1252627040-1.xml,1252627040.0,41.64299059725072,39.538556690902794,81.18154728815352,1.0532248539773361,974.7883750728317,0.05,6.1865792179929775,0.04828461170102142,3.9198194880966013,0.05586925109599106,0.24250273783342305,203702.29978007538,2.116771686702961e-20,1.7780882168304875e-14,Klein_extrema,extrema,1,1.5024664689521252,8.777013488495294,68235.18625509822,479.23692788654125,27.93462554799553,68742.35780853275,0.2292998238419085,0.2292998238419085,0.15,0.8409002599216411,1.027,1.0000064461362688,0.9523809523809523,4.776313476354921,-0.9036865236450788,recede,1.616684918889487,3.008196925474759e+22,True,True,True,True,True,True
H1L1V1-GSTLAL_AllSky-1252674856-1.xml,1252674856.0,41.64299059725072,39.538556690902794,81.18154728815352,1.0532248539773361,974.7883750728317,0.05,6.1865792179929775,0.04828461170102142,3.9198194880966013,0.05586925109599106,0.24250273783342305,203702.29978007538,2.116771686702961e-20,1.7780882168304875e-14,Klein_extrema,extrema,1,1.5024664689521252,8.777013488495294,68235.18625509822,479.23692788654125,27.93462554799553,68742.35780853275,0.2292998238419085,0.2292998238419085,0.15,0.8409002599216411,1.027,1.0000064461362688,0.9523809523809523,4.776313476354921,-0.9036865236450788,recede,1.616684918889487,3.008196925474759e+22,True,True,True,True,True,True
H1L1V1-GSTLAL_AllSky-1252680614-1.xml,1252680614.0,77.20319326093093,63.74531828697649,140.94851154790743,1.211119425482639,500.0,0.05,8.433751047679417,0.042206165330246244,5.948896181443103,0.0050457104307085054,0.5017150940278186,421440.67898336763,9.040933186733034e-20,7.59438387685575e-14,Klein_extrema,extrema,1,2.440688408748564,8.632043320000633,35000.0,-246.4872762551604,2.5228552153542525,34756.035578960196,0.1159336556057064,0.1159336556057064,0.1159336556057064,0.865375642608576,1.0208680580090272,1.0000025555090086,0.9523809523809523,4.915333650016712,-0.7646663499832878,recede,3.34476729351879,1.543e+22,True,True,True,True,True,True
H1L1V1-GSTLAL_AllSky-1252699636-1.xml,1252699636.0,77.20319326093093,63.74531828697649,140.94851154790743,1.211119425482639,500.0,0.05,8.433751047679417,0.042206165330246244,5.948896181443103,0.0050457104307085054,0.5017150940278186,421440.67898336763,9.040933186733034e-20,7.59438387685575e-14,Klein_extrema,extrema,1,2.440688408748564,8.632043320000633,35000.0,-246.4872762551604,2.5228552153542525,34756.035578960196,0.1159336556057064,0.1159336556057064,0.1159336556057064,0.865375642608576,1.0208680580090272,1.0000025555090086,0.9523809523809523,4.915333650016712,-0.7646663499832878,recede,3.34476729351879,1.543e+22,True,True,True,True,True,True
H1L1V1-GSTLAL_AllSky-1252745146-1.xml,1252745146.0,77.20319326093093,63.74531828697649,140.94851154790743,1.211119425482639,500.0,0.05,8.433751047679417,0.042206165330246244,5.948896181443103,0.0050457104307085054,0.5017150940278186,421440.67898336763,9.040933186733034e-20,7.59438387685575e-14,Klein_extrema,extrema,1,2.440688408748564,8.632043320000633,35000.0,-246.4872762551604,2.5228552153542525,34756.035578960196,0.1159336556057064,0.1159336556057064,0.1159336556057064,0.865375642608576,1.0208680580090272,1.0000025555090086,0.9523809523809523,4.915333650016712,-0.7646663499832878,recede,3.34476729351879,1.543e+22,True,True,True,True,True,True
H1L1V1-GSTLAL_AllSky-1252756008-1.xml,1252756008.0,64.28072200491783,59.91928879873852,124.20001080365635,1.072788467513839,658.9894705509791,0.05,9.18237186749187,0.04881275453067882,6.062544640066535,0.1865994882631526,0.5566853934836058,467615.7305262289,7.433219385387268e-20,6.243904283725306e-14,Klein_extrema,extrema,1,3.3460926197727745,8.691997555540752,46129.26293856854,-367.96364962524973,93.29974413157629,45854.59903307487,0.15295447837141676,0.15295447837141676,0.15,0.8408985038531637,1.027,1.0000043578032274,0.9523809523809523,4.77630350188597,-0.9036964981140301,recede,3.711235956557372,2.0336415061203216e+22,True,True,True,True,True,True
H1L1V1-GSTLAL_AllSky-1252812489-1.xml,1252812489.0,26.026161536638092,22.152193249397044,48.178354786035136,1.1748796718964383,5000.0,0.05,7.244718167340023,0.04699823846048921,2.264297806868131,0.369644375213154,0.1640419945768572,137795.27544456007,2.426470017295311e-21,2.038234814528062e-15,Klein_extrema,extrema,1,2.005485192014119,9.132043320000633,350000.0,407.63242854005944,184.82218760657702,350592.4546161466,1.1694505490733413,1.1694505490733413,0.15,0.8409226429861442,1.027,1.0000330642857143,0.9523809523809523,4.776440612161299,-0.9035593878387012,recede,1.093613297179048,1.543e+23,True,True,True,True,True,True
H1L1V1-GSTLAL_AllSky-1252813043-1.xml,1252813043.0,77.20319326093093,63.74531828697649,140.94851154790743,1.211119425482639,500.0,0.05,8.433751047679417,0.042206165330246244,5.948896181443103,0.0050457104307085054,0.5017150940278186,421440.67898336763,9.040933186733034e-20,7.59438387685575e-14,Klein_extrema,extrema,1,2.440688408748564,8.632043320000633,35000.0,-246.4872762551604,2.5228552153542525,34756.035578960196,0.1159336556057064,0.1159336556057064,0.1159336556057064,0.865375642608576,1.0208680580090272,1.0000025555090086,0.9523809523809523,4.915333650016712,-0.7646663499832878,recede,3.34476729351879,1.543e+22,True,True,True,True,True,True
H1L1V1-GSTLAL_AllSky-1252829409-1.xml,1252829409.0,77.20319326093093,63.74531828697649,140.94851154790743,1.211119425482639,500.0,0.05,8.433751047679417,0.042206165330246244,5.948896181443103,0.0050457104307085054,0.5017150940278186,421440.67898336763,9.040933186733034e-20,7.59438387685575e-14,Klein_extrema,extrema,1,2.440688408748564,8.632043320000633,35000.0,-246.4872762551604,2.5228552153542525,34756.035578960196,0.1159336556057064,0.1159336556057064,0.1159336556057064,0.865375642608576,1.0208680580090272,1.0000025555090086,0.9523809523809523,4.915333650016712,-0.7646663499832878,recede,3.34476729351879,1.543e+22,True,True,True,True,True,True
H1L1V1-GSTLAL_AllSky-1252919116-1.xml,1252919116.0,77.20319326093093,63.74531828697649,140.94851154790743,1.211119425482639,500.0,0.05,8.433751047679417,0.042206165330246244,5.948896181443103,0.0050457104307085054,0.5017150940278186,421440.67898336763,9.040933186733034e-20,7.59438387685575e-14,Klein_extrema,extrema,1,2.440688408748564,8.632043320000633,35000.0,-246.4872762551604,2.5228552153542525,34756.035578960196,0.1159336556057064,0.1159336556057064,0.1159336556057064,0.865375642608576,1.0208680580090272,1.0000025555090086,0.9523809523809523,4.915333650016712,-0.7646663499832878,recede,3.34476729351879,1.543e+22,True,True,True,True,True,True
H1L1V1-GSTLAL_AllSky-1252939489-1.xml,1252939489.0,64.28072200491783,59.91928879873852,124.20001080365635,1.072788467513839,658.9894705509791,0.05,9.18237186749187,0.04881275453067882,6.062544640066535,0.1865994882631526,0.5566853934836058,467615.7305262289,7.433219385387268e-20,6.243904283725306e-14,Klein_extrema,extrema,1,3.3460926197727745,8.691997555540752,46129.26293856854,-367.96364962524973,93.29974413157629,45854.59903307487,0.15295447837141676,0.15295447837141676,0.15,0.8408985038531637,1.027,1.0000043578032274,0.9523809523809523,4.77630350188597,-0.9036964981140301,recede,3.711235956557372,2.0336415061203216e+22,True,True,True,True,True,True
H1L1V1-GSTLAL_AllSky-1252962002-1.xml,1252962002.0,64.28072200491783,59.91928879873852,124.20001080365635,1.072788467513839,658.9894705509791,0.05,9.18237186749187,0.04881275453067882,6.062544640066535,0.1865994882631526,0.5566853934836058,467615.7305262289,7.433219385387268e-20,6.243904283725306e-14,Klein_extrema,extrema,1,3.3460926197727745,8.691997555540752,46129.26293856854,-367.96364962524973,93.29974413157629,45854.59903307487,0.15295447837141676,0.15295447837141676,0.15,0.8408985038531637,1.027,1.0000043578032274,0.9523809523809523,4.77630350188597,-0.9036964981140301,recede,3.711235956557372,2.0336415061203216e+22,True,True,True,True,True,True
H1L1V1-GSTLAL_AllSky-1252987339-1.xml,1252987339.0,64.28072200491783,59.91928879873852,124.20001080365635,1.072788467513839,658.9894705509791,0.05,9.18237186749187,0.04881275453067882,6.062544640066535,0.1865994882631526,0.5566853934836058,467615.7305262289,7.433219385387268e-20,6.243904283725306e-14,Klein_extrema,extrema,1,3.3460926197727745,8.691997555540752,46129.26293856854,-367.96364962524973,93.29974413157629,45854.59903307487,0.15295447837141676,0.15295447837141676,0.15,0.8408985038531637,1.027,1.0000043578032274,0.9523809523809523,4.77630350188597,-0.9036964981140301,recede,3.711235956557372,2.0336415061203216e+22,True,True,True,True,True,True
H1L1V1-GSTLAL_AllSky-1253106426-1.xml,1253106426.0,27.691129669170387,19.147401309937614,46.838530979108,1.4462082462750978,500.0,0.05,9.404911813655158,0.04373602421397628,2.0485311250493456,0.7620173425610564,0.1926625457861688,161836.5384603818,3.471789517143899e-20,2.9163031944008757e-14,Klein_extrema,extrema,1,3.1451665291841127,8.632043320000633,35000.0,-659.907864437538,381.0086712805282,34721.10080684299,0.11581712574918408,0.11581712574918408,0.11581712574918408,0.8654600783344709,1.0208470826348532,1.0000025529403576,0.9523809523809523,4.915813244939795,-0.7641867550602051,recede,1.284416971907792,1.543e+22,True,True,True,True,True,True
H1L1V1-GSTLAL_AllSky-1253103017-1.xml,1253103017.0,26.026161536638092,22.152193249397044,48.178354786035136,1.1748796718964383,5000.0,0.05,7.244718167340023,0.04699823846048921,2.264297806868131,0.369644375213154,0.1640419945768572,137795.27544456007,2.426470017295311e-21,2.038234814528062e-15,Klein_extrema,extrema,1,2.005485192014119,9.132043320000633,350000.0,407.63242854005944,184.82218760657702,350592.4546161466,1.1694505490733413,1.1694505490733413,0.15,0.8409226429861442,1.027,1.0000330642857143,0.9523809523809523,4.776440612161299,-0.9035593878387012,recede,1.093613297179048,1.543e+23,True,True,True,True,True,True
H1L1V1-GSTLAL_AllSky-1253202092-1.xml,1253202092.0,64.28072200491783,59.91928879873852,124.20001080365635,1.072788467513839,658.9894705509791,0.05,9.18237186749187,0.04881275453067882,6.062544640066535,0.1865994882631526,0.5566853934836058,467615.7305262289,7.433219385387268e-20,6.243904283725306e-14,Klein_extrema,extrema,1,3.3460926197727745,8.691997555540752,46129.26293856854,-367.96364962524973,93.29974413157629,45854.59903307487,0.15295447837141676,0.15295447837141676,0.15,0.8408985038531637,1.027,1.0000043578032274,0.9523809523809523,4.77630350188597,-0.9036964981140301,recede,3.711235956557372,2.0336415061203216e+22,True,True,True,True,True,True
H1L1V1-GSTLAL_AllSky-1253203571-1.xml,1253203571.0,64.28072200491783,59.91928879873852,124.20001080365635,1.072788467513839,658.9894705509791,0.05,9.18237186749187,0.04881275453067882,6.062544640066535,0.1865994882631526,0.5566853934836058,467615.7305262289,7.433219385387268e-20,6.243904283725306e-14,Klein_extrema,extrema,1,3.3460926197727745,8.691997555540752,46129.26293856854,-367.96364962524973,93.29974413157629,45854.59903307487,0.15295447837141676,0.15295447837141676,0.15,0.8408985038531637,1.027,1.0000043578032274,0.9523809523809523,4.77630350188597,-0.9036964981140301,recede,3.711235956557372,2.0336415061203216e+22,True,True,True,True,True,True
H1L1V1-GSTLAL_AllSky-1253203662-1.xml,1253203662.0,64.28072200491783,59.91928879873852,124.20001080365635,1.072788467513839,658.9894705509791,0.05,9.18237186749187,0.04881275453067882,6.062544640066535,0.1865994882631526,0.5566853934836058,467615.7305262289,7.433219385387268e-20,6.243904283725306e-14,Klein_extrema,extrema,1,3.3460926197727745,8.691997555540752,46129.26293856854,-367.96364962524973,93.29974413157629,45854.59903307487,0.15295447837141676,0.15295447837141676,0.15,0.8408985038531637,1.027,1.0000043578032274,0.9523809523809523,4.77630350188597,-0.9036964981140301,recede,3.711235956557372,2.0336415061203216e+22,True,True,True,True,True,True
H1L1V1-GSTLAL_AllSky-1253212855-1.xml,1253212855.0,26.026161536638092,22.152193249397044,48.178354786035136,1.1748796718964383,5000.0,0.05,7.244718167340023,0.04699823846048921,2.264297806868131,0.369644375213154,0.1640419945768572,137795.27544456007,2.426470017295311e-21,2.038234814528062e-15,Klein_extrema,extrema,1,2.005485192014119,9.132043320000633,350000.0,407.63242854005944,184.82218760657702,350592.4546161466,1.1694505490733413,1.1694505490733413,0.15,0.8409226429861442,1.027,1.0000330642857143,0.9523809523809523,4.776440612161299,-0.9035593878387012,recede,1.093613297179048,1.543e+23,True,True,True,True,True,True
H1L1V1-GSTLAL_AllSky-1253247782-1.xml,1253247782.0,26.026161536638092,22.152193249397044,48.178354786035136,1.1748796718964383,5000.0,0.05,7.244718167340023,0.04699823846048921,2.264297806868131,0.369644375213154,0.1640419945768572,137795.27544456007,2.426470017295311e-21,2.038234814528062e-15,Klein_extrema,extrema,1,2.005485192014119,9.132043320000633,350000.0,407.63242854005944,184.82218760657702,350592.4546161466,1.1694505490733413,1.1694505490733413,0.15,0.8409226429861442,1.027,1.0000330642857143,0.9523809523809523,4.776440612161299,-0.9035593878387012,recede,1.093613297179048,1.543e+23,True,True,True,True,True,True
H1L1V1-GSTLAL_AllSky-1253255057-1.xml,1253255057.0,26.026161536638092,22.152193249397044,48.178354786035136,1.1748796718964383,5000.0,0.05,7.244718167340023,0.04699823846048921,2.264297806868131,0.369644375213154,0.1640419945768572,137795.27544456007,2.426470017295311e-21,2.038234814528062e-15,Klein_extrema,extrema,1,2.005485192014119,9.132043320000633,350000.0,407.63242854005944,184.82218760657702,350592.4546161466,1.1694505490733413,1.1694505490733413,0.15,0.8409226429861442,1.027,1.0000330642857143,0.9523809523809523,4.776440612161299,-0.9035593878387012,recede,1.093613297179048,1.543e+23,True,True,True,True,True,True
H1L1V1-GSTLAL_AllSky-1253326744-1.xml,1253326744.0,73.64442863652688,44.76717049060929,118.41159912713617,1.645054351870979,938.5320818530599,0.05,6.185227465880154,0.032354719282569534,3.8311740495586464,-0.18288987019049668,0.2369668295789743,199052.13684633843,2.1553483476465785e-20,1.8104926120231262e-14,Klein_extrema,extrema,1,1.006338009030678,8.768782879184837,65697.2457297142,438.2762611663484,-91.44493509524834,66044.0770557853,0.22029932806310057,0.22029932806310057,0.15,0.840900058310639,1.027,1.0000062063785813,0.9523809523809523,4.776312331204429,-0.9036876687955706,recede,1.579778863859829,2.896310004598543e+22,True,True,True,True,True,True
H1L1V1-GSTLAL_AllSky-1253422507-1.xml,1253422507.0,27.691129669170387,19.147401309937614,46.838530979108,1.4462082462750978,500.0,0.05,9.404911813655158,0.04373602421397628,2.0485311250493456,0.7620173425610564,0.1926625457861688,161836.5384603818,3.471789517143899e-20,2.9163031944008757e-14,Klein_extrema,extrema,1,3.1451665291841127,8.632043320000633,35000.0,-659.907864437538,381.0086712805282,34721.10080684299,0.11581712574918408,0.11581712574918408,0.11581712574918408,0.8654600783344709,1.0208470826348532,1.0000025529403576,0.9523809523809523,4.915813244939795,-0.7641867550602051,recede,1.284416971907792,1.543e+22,True,True,True,True,True,True
H1L1V1-GSTLAL_AllSky-1253463599-1.xml,1253463599.0,26.026161536638092,22.152193249397044,48.178354786035136,1.1748796718964383,5000.0,0.05,7.244718167340023,0.04699823846048921,2.264297806868131,0.369644375213154,0.1640419945768572,137795.27544456007,2.426470017295311e-21,2.038234814528062e-15,Klein_extrema,extrema,1,2.005485192014119,9.132043320000633,350000.0,407.63242854005944,184.82218760657702,350592.4546161466,1.1694505490733413,1.1694505490733413,0.15,0.8409226429861442,1.027,1.0000330642857143,0.9523809523809523,4.776440612161299,-0.9035593878387012,recede,1.093613297179048,1.543e+23,True,True,True,True,True,True
H1L1V1-GSTLAL_AllSky-1253466644-1.xml,1253466644.0,26.026161536638092,22.152193249397044,48.178354786035136,1.1748796718964383,5000.0,0.05,7.244718167340023,0.04699823846048921,2.264297806868131,0.369644375213154,0.1640419945768572,137795.27544456007,2.426470017295311e-21,2.038234814528062e-15,Klein_extrema,extrema,1,2.005485192014119,9.132043320000633,350000.0,407.63242854005944,184.82218760657702,350592.4546161466,1.1694505490733413,1.1694505490733413,0.15,0.8409226429861442,1.027,1.0000330642857143,0.9523809523809523,4.776440612161299,-0.9035593878387012,recede,1.093613297179048,1.543e+23,True,True,True,True,True,True
H1L1V1-GSTLAL_AllSky-1253504994-1.xml,1253504994.0,26.026161536638092,22.152193249397044,48.178354786035136,1.1748796718964383,5000.0,0.05,7.244718167340023,0.04699823846048921,2.264297806868131,0.369644375213154,0.1640419945768572,137795.27544456007,2.426470017295311e-21,2.038234814528062e-15,Klein_extrema,extrema,1,2.005485192014119,9.132043320000633,350000.0,407.63242854005944,184.82218760657702,350592.4546161466,1.1694505490733413,1.1694505490733413,0.15,0.8409226429861442,1.027,1.0000330642857143,0.9523809523809523,4.776440612161299,-0.9035593878387012,recede,1.093613297179048,1.543e+23,True,True,True,True,True,True
H1L1V1-GSTLAL_AllSky-1253509434-1.xml,1253509434.0,27.691129669170387,19.147401309937614,46.838530979108,1.4462082462750978,500.0,0.05,9.404911813655158,0.04373602421397628,2.0485311250493456,0.7620173425610564,0.1926625457861688,161836.5384603818,3.471789517143899e-20,2.9163031944008757e-14,Klein_extrema,extrema,1,3.1451665291841127,8.632043320000633,35000.0,-659.907864437538,381.0086712805282,34721.10080684299,0.11581712574918408,0.11581712574918408,0.11581712574918408,0.8654600783344709,1.0208470826348532,1.0000025529403576,0.9523809523809523,4.915813244939795,-0.7641867550602051,recede,1.284416971907792,1.543e+22,True,True,True,True,True,True
H1L1V1-GSTLAL_AllSky-1253519609-1.xml,1253519609.0,27.691129669170387,19.147401309937614,46.838530979108,1.4462082462750978,500.0,0.05,9.404911813655158,0.04373602421397628,2.0485311250493456,0.7620173425610564,0.1926625457861688,161836.5384603818,3.471789517143899e-20,2.9163031944008757e-14,Klein_extrema,extrema,1,3.1451665291841127,8.632043320000633,35000.0,-659.907864437538,381.0086712805282,34721.10080684299,0.11581712574918408,0.11581712574918408,0.11581712574918408,0.8654600783344709,1.0208470826348532,1.0000025529403576,0.9523809523809523,4.915813244939795,-0.7641867550602051,recede,1.284416971907792,1.543e+22,True,True,True,True,True,True
H1L1V1-GSTLAL_AllSky-1253597011-1.xml,1253597011.0,27.691129669170387,19.147401309937614,46.838530979108,1.4462082462750978,500.0,0.05,9.404911813655158,0.04373602421397628,2.0485311250493456,0.7620173425610564,0.1926625457861688,161836.5384603818,3.471789517143899e-20,2.9163031944008757e-14,Klein_extrema,extrema,1,3.1451665291841127,8.632043320000633,35000.0,-659.907864437538,381.0086712805282,34721.10080684299,0.11581712574918408,0.11581712574918408,0.11581712574918408,0.8654600783344709,1.0208470826348532,1.0000025529403576,0.9523809523809523,4.915813244939795,-0.7641867550602051,recede,1.284416971907792,1.543e+22,True,True,True,True,True,True
H1L1V1-GSTLAL_AllSky-1253600861-1.xml,1253600861.0,26.22755521183989,11.329180260291796,37.556735472131685,2.315044390613692,1340.2521708372456,0.05,6.3580598730187985,0.024438072195268366,0.9178142128865504,-0.06717667131694882,0.05835517717840309,49018.3488298586,3.605000348719387e-21,3.028200292924286e-15,Klein_relajada,extrema,1,0.8031766212719939,8.846151577499958,93817.6519586072,329.33812755719555,-33.58833565847441,94113.40175050592,0.3139285170092769,0.3139285170092769,0.15,0.840902292162546,1.027,1.0000088628961412,0.9523809523809523,4.776325019483261,-0.9036749805167386,recede,0.3890345145226873,4.13601819920374e+22,True,True,True,True,True,True
H1L1V1-GSTLAL_AllSky-1253755327-1.xml,1253755327.0,73.64442863652688,44.76717049060929,118.41159912713617,1.645054351870979,938.5320818530599,0.05,6.185227465880154,0.032354719282569534,3.8311740495586464,-0.18288987019049668,0.2369668295789743,199052.13684633843,2.1553483476465785e-20,1.8104926120231262e-14,Klein_extrema,extrema,1,1.006338009030678,8.768782879184837,65697.2457297142,438.2762611663484,-91.44493509524834,66044.0770557853,0.22029932806310057,0.22029932806310057,0.15,0.840900058310639,1.027,1.0000062063785813,0.9523809523809523,4.776312331204429,-0.9036876687955706,recede,1.579778863859829,2.896310004598543e+22,True,True,True,True,True,True
H1L1V1-GSTLAL_AllSky-1253800416-1.xml,1253800416.0,27.691129669170387,19.147401309937614,46.838530979108,1.4462082462750978,500.0,0.05,9.404911813655158,0.04373602421397628,2.0485311250493456,0.7620173425610564,0.1926625457861688,161836.5384603818,3.471789517143899e-20,2.9163031944008757e-14,Klein_extrema,extrema,1,3.1451665291841127,8.632043320000633,35000.0,-659.907864437538,381.0086712805282,34721.10080684299,0.11581712574918408,0.11581712574918408,0.11581712574918408,0.8654600783344709,1.0208470826348532,1.0000025529403576,0.9523809523809523,4.915813244939795,-0.7641867550602051,recede,1.284416971907792,1.543e+22,True,True,True,True,True,True
H1L1V1-GSTLAL_AllSky-1253854047-1.xml,1253854047.0,27.691129669170387,19.147401309937614,46.838530979108,1.4462082462750978,500.0,0.05,9.404911813655158,0.04373602421397628,2.0485311250493456,0.7620173425610564,0.1926625457861688,161836.5384603818,3.471789517143899e-20,2.9163031944008757e-14,Klein_extrema,extrema,1,3.1451665291841127,8.632043320000633,35000.0,-659.907864437538,381.0086712805282,34721.10080684299,0.11581712574918408,0.11581712574918408,0.11581712574918408,0.8654600783344709,1.0208470826348532,1.0000025529403576,0.9523809523809523,4.915813244939795,-0.7641867550602051,recede,1.284416971907792,1.543e+22,True,True,True,True,True,True
H1L1V1-GSTLAL_AllSky-1253885759-1.xml,1253885759.0,27.691129669170387,19.147401309937614,46.838530979108,1.4462082462750978,500.0,0.05,9.404911813655158,0.04373602421397628,2.0485311250493456,0.7620173425610564,0.1926625457861688,161836.5384603818,3.471789517143899e-20,2.9163031944008757e-14,Klein_extrema,extrema,1,3.1451665291841127,8.632043320000633,35000.0,-659.907864437538,381.0086712805282,34721.10080684299,0.11581712574918408,0.11581712574918408,0.11581712574918408,0.8654600783344709,1.0208470826348532,1.0000025529403576,0.9523809523809523,4.915813244939795,-0.7641867550602051,recede,1.284416971907792,1.543e+22,True,True,True,True,True,True
H1L1V1-GSTLAL_AllSky-1253943498-1.xml,1253943498.0,73.64442863652688,44.76717049060929,118.41159912713617,1.645054351870979,938.5320818530599,0.05,6.185227465880154,0.032354719282569534,3.8311740495586464,-0.18288987019049668,0.2369668295789743,199052.13684633843,2.1553483476465785e-20,1.8104926120231262e-14,Klein_extrema,extrema,1,1.006338009030678,8.768782879184837,65697.2457297142,438.2762611663484,-91.44493509524834,66044.0770557853,0.22029932806310057,0.22029932806310057,0.15,0.840900058310639,1.027,1.0000062063785813,0.9523809523809523,4.776312331204429,-0.9036876687955706,recede,1.579778863859829,2.896310004598543e+22,True,True,True,True,True,True
H1L1V1-GSTLAL_AllSky-1253958821-1.xml,1253958821.0,73.64442863652688,44.76717049060929,118.41159912713617,1.645054351870979,938.5320818530599,0.05,6.185227465880154,0.032354719282569534,3.8311740495586464,-0.18288987019049668,0.2369668295789743,199052.13684633843,2.1553483476465785e-20,1.8104926120231262e-14,Klein_extrema,extrema,1,1.006338009030678,8.768782879184837,65697.2457297142,438.2762611663484,-91.44493509524834,66044.0770557853,0.22029932806310057,0.22029932806310057,0.15,0.840900058310639,1.027,1.0000062063785813,0.9523809523809523,4.776312331204429,-0.9036876687955706,recede,1.579778863859829,2.896310004598543e+22,True,True,True,True,True,True
