event_id,gps_time,mass_1,mass_2,mass_total,mass_ratio,distance_mpc,redshift,snr,efficiency,radiated_energy,chi_eff,max_epsilon,max_elevation,final_epsilon,final_elevation,final_state,regime_classification,mode_parity,klein_temperature,scale_factor,v_hubble_kms,v_peculiar_cosmo_kms,v_spin_kick_kms,v_total_kms,v_peculiar_c,beta_raw,beta,doppler_factor,twist_factor,klein_scale_correction,cosmological_factor,frequency_observed,doppler_shift_hz,direction,energy_initial,distance_km,topology_conserved,doppler_realistic,energy_positive,beta_physical,redshift_physical,all_checks_passed
H1L1V1-GSTLAL_AllSky-1238393111-1.xml,1238393111.0,49.43789439004945,21.416373342987914,70.85426773303736,2.308415790026198,1125.2772742883405,0.05,7.1414216021601735,0.024493888490291993,1.735496532914311,-0.17259335442635157,0.12393912430628344,104108.86441727809,9.257015778062966e-21,7.775893253572892e-15,Klein_deformada,extrema,1,1.0155983128828168,8.808188091881327,78769.40920018384,-268.1413686289867,-86.29667721317578,78414.97115434168,0.26156418903087175,0.26156418903087175,0.15,0.8409010967478884,1.027,1.000007441297861,0.9523809523809523,4.776318229528005,-0.9036817704719944,recede,0.8262608287085563,3.472605668453819e+22,True,True,True,True,True,True
H1L1V1-GSTLAL_AllSky-1238515766-1.xml,1238515766.0,49.43789439004945,21.416373342987914,70.85426773303736,2.308415790026198,1125.2772742883405,0.05,7.1414216021601735,0.024493888490291993,1.735496532914311,-0.17259335442635157,0.12393912430628344,104108.86441727809,9.257015778062966e-21,7.775893253572892e-15,Klein_deformada,extrema,1,1.0155983128828168,8.808188091881327,78769.40920018384,-268.1413686289867,-86.29667721317578,78414.97115434168,0.26156418903087175,0.26156418903087175,0.15,0.8409010967478884,1.027,1.000007441297861,0.9523809523809523,4.776318229528005,-0.9036817704719944,recede,0.8262608287085563,3.472605668453819e+22,True,True,True,True,True,True
H1L1V1-GSTLAL_AllSky-1238533958-1.xml,1238533958.0,49.43789439004945,21.416373342987914,70.85426773303736,2.308415790026198,1125.2772742883405,0.05,7.1414216021601735,0.024493888490291993,1.735496532914311,-0.17259335442635157,0.12393912430628344,104108.86441727809,9.257015778062966e-21,7.775893253572892e-15,Klein_deformada,extrema,1,1.0155983128828168,8.808188091881327,78769.40920018384,-268.1413686289867,-86.29667721317578,78414.97115434168,0.26156418903087175,0.26156418903087175,0.15,0.8409010967478884,1.027,1.000007441297861,0.9523809523809523,4.776318229528005,-0.9036817704719944,recede,0.8262608287085563,3.472605668453819e+22,True,True,True,True,True,True
H1L1V1-GSTLAL_AllSky-1238754998-1.xml,1238754998.0,16.618294571405972,14.714168127255462,31.332462698661434,1.1294076856865216,1499.8996990377946,0.05,8.625136540005357,0.04484389390147128,1.4050696329305798,-0.06286987378151368,0.12118917432241459,101798.90643082827,6.62557584867068e-21,5.565483712883372e-15,Klein_deformada,extrema,1,2.7122527781303076,8.870589426823512,104992.97893264562,789.6751992357188,-31.43493689075684,105751.21919499058,0.3527480974687848,0.3527480974687848,0.15,0.8409031799173409,1.027,1.0000099186224383,0.9523809523809523,4.776330061930496,-0.9036699380695037,recede,0.8079278288160973,4.628690471230634e+22,True,True,True,True,True,True
H1L1V1-GSTLAL_AllSky-1238573777-1.xml,1238573777.0,49.43789439004945,21.416373342987914,70.85426773303736,2.308415790026198,1125.2772742883405,0.05,7.1414216021601735,0.024493888490291993,1.735496532914311,-0.17259335442635157,0.12393912430628344,104108.86441727809,9.257015778062966e-21,7.775893253572892e-15,Klein_deformada,extrema,1,1.0155983128828168,8.808188091881327,78769.40920018384,-268.1413686289867,-86.29667721317578,78414.97115434168,0.26156418903087175,0.26156418903087175,0.15,0.8409010967478884,1.027,1.000007441297861,0.9523809523809523,4.776318229528005,-0.9036817704719944,recede,0.8262608287085563,3.472605668453819e+22,True,True,True,True,True,True
H1L1V1-GSTLAL_AllSky-1238782700-1.xml,1238782700.0,16.618294571405972,14.714168127255462,31.332462698661434,1.1294076856865216,1499.8996990377946,0.05,8.625136540005357,0.04484389390147128,1.4050696329305798,-0.06286987378151368,0.12118917432241459,101798.90643082827,6.62557584867068e-21,5.565483712883372e-15,Klein_deformada,extrema,1,2.7122527781303076,8.870589426823512,104992.97893264562,789.6751992357188,-31.43493689075684,105751.21919499058,0.3527480974687848,0.3527480974687848,0.15,0.8409031799173409,1.027,1.0000099186224383,0.9523809523809523,4.776330061930496,-0.9036699380695037,recede,0.8079278288160973,4.628690471230634e+22,True,True,True,True,True,True
H1L1V1-GSTLAL_AllSky-1238839513-1.xml,1238839513.0,16.618294571405972,14.714168127255462,31.332462698661434,1.1294076856865216,1499.8996990377946,0.05,8.625136540005357,0.04484389390147128,1.4050696329305798,-0.06286987378151368,0.12118917432241459,101798.90643082827,6.62557584867068e-21,5.565483712883372e-15,Klein_deformada,extrema,1,2.7122527781303076,8.870589426823512,104992.97893264562,789.6751992357188,-31.43493689075684,105751.21919499058,0.3527480974687848,0.3527480974687848,0.15,0.8409031799173409,1.027,1.0000099186224383,0.9523809523809523,4.776330061930496,-0.9036699380695037,recede,0.8079278288160973,4.628690471230634e+22,True,True,True,True,True,True
H1L1V1-GSTLAL_AllSky-1238845539-1.xml,1238845539.0,16.192676759512594,13.866126177996046,30.058802937508638,1.167786629924695,855.2670792792297,0.05,6.103313308363533,0.04353443672574144,1.3085930545345008,-0.04309749499361265,0.07986753404972506,67088.72860176906,8.0353867695769e-21,6.749724886444598e-15,Klein_deformada,extrema,1,1.3184362871941007,8.748609195632213,59868.69554954608,718.3762355213653,-21.548747496806325,60565.52303757064,0.20202483892230083,0.20202483892230083,0.15,0.8408995952974866,1.027,1.0000056557590142,0.9523809523809523,4.7763097012897235,-0.9036902987102762,recede,0.532450226998167,2.639354206655703e+22,True,True,True,True,True,True
H1L1V1-GSTLAL_AllSky-1238899272-1.xml,1238899272.0,16.618294571405972,14.714168127255462,31.332462698661434,1.1294076856865216,1499.8996990377946,0.05,8.625136540005357,0.04484389390147128,1.4050696329305798,-0.06286987378151368,0.12118917432241459,101798.90643082827,6.62557584867068e-21,5.565483712883372e-15,Klein_deformada,extrema,1,2.7122527781303076,8.870589426823512,104992.97893264562,789.6751992357188,-31.43493689075684,105751.21919499058,0.3527480974687848,0.3527480974687848,0.15,0.8409031799173409,1.027,1.0000099186224383,0.9523809523809523,4.776330061930496,-0.9036699380695037,recede,0.8079278288160973,4.628690471230634e+22,True,True,True,True,True,True
H1L1V1-GSTLAL_AllSky-1238919052-1.xml,1238919052.0,16.192676759512594,13.866126177996046,30.058802937508638,1.167786629924695,855.2670792792297,0.05,6.103313308363533,0.04353443672574144,1.3085930545345008,-0.04309749499361265,0.07986753404972506,67088.72860176906,8.0353867695769e-21,6.749724886444598e-15,Klein_deformada,extrema,1,1.3184362871941007,8.748609195632213,59868.69554954608,718.3762355213653,-21.548747496806325,60565.52303757064,0.20202483892230083,0.20202483892230083,0.15,0.8408995952974866,1.027,1.0000056557590142,0.9523809523809523,4.7763097012897235,-0.9036902987102762,recede,0.532450226998167,2.639354206655703e+22,True,True,True,True,True,True
H1L1V1-GSTLAL_AllSky-1239082262-1.xml,1239082262.0,16.192676759512594,13.866126177996046,30.058802937508638,1.167786629924695,855.2670792792297,0.05,6.103313308363533,0.04353443672574144,1.3085930545345008,-0.04309749499361265,0.07986753404972506,67088.72860176906,8.0353867695769e-21,6.749724886444598e-15,Klein_deformada,extrema,1,1.3184362871941007,8.748609195632213,59868.69554954608,718.3762355213653,-21.548747496806325,60565.52303757064,0.20202483892230083,0.20202483892230083,0.15,0.8408995952974866,1.027,1.0000056557590142,0.9523809523809523,4.7763097012897235,-0.9036902987102762,recede,0.532450226998167,2.639354206655703e+22,True,True,True,True,True,True
H1L1V1-GSTLAL_AllSky-1238662706-1.xml,1238662706.0,49.43789439004945,21.416373342987914,70.85426773303736,2.308415790026198,1125.2772742883405,0.05,7.1414216021601735,0.024493888490291993,1.735496532914311,-0.17259335442635157,0.12393912430628344,104108.86441727809,9.257015778062966e-21,7.775893253572892e-15,Klein_deformada,extrema,1,1.0155983128828168,8.808188091881327,78769.40920018384,-268.1413686289867,-86.29667721317578,78414.97115434168,0.26156418903087175,0.26156418903087175,0.15,0.8409010967478884,1.027,1.000007441297861,0.9523809523809523,4.776318229528005,-0.9036817704719944,recede,0.8262608287085563,3.472605668453819e+22,True,True,True,True,True,True
H1L1V1-GSTLAL_AllSky-1239174401-1.xml,1239174401.0,16.192676759512594,13.866126177996046,30.058802937508638,1.167786629924695,855.2670792792297,0.05,6.103313308363533,0.04353443672574144,1.3085930545345008,-0.04309749499361265,0.07986753404972506,67088.72860176906,8.0353867695769e-21,6.749724886444598e-15,Klein_deformada,extrema,1,1.3184362871941007,8.748609195632213,59868.69554954608,718.3762355213653,-21.548747496806325,60565.52303757064,0.20202483892230083,0.20202483892230083,0.15,0.8408995952974866,1.027,1.0000056557590142,0.9523809523809523,4.7763097012897235,-0.9036902987102762,recede,0.532450226998167,2.639354206655703e+22,True,True,True,True,True,True
H1L1V1-GSTLAL_AllSky-1239092652-1.xml,1239092652.0,63.75823658335134,28.781079746051955,92.53931632940329,2.2152829965351586,520.2720469990008,0.05,7.082141634014589,0.025835665903714573,2.390814859644622,0.05222341343276282,0.16932089456709923,142229.55143636334,2.922310172443134e-20,2.4547405448522327e-14,Klein_extrema,extrema,1,1.0535223758639953,8.640673564280352,36419.04328993006,197.62912125314574,26.111706716381413,36642.78411789958,0.12222717129828391,0.12222717129828391,0.12222717129828391,0.8608230146504365,1.022000890833691,1.0000028034714366,0.9523809523809523,4.889474723214479,-0.7905252767855204,recede,1.1288059637806616,1.6055595370389166e+22,True,True,True,True,True,True
H1L1V1-GSTLAL_AllSky-1239179057-1.xml,1239179057.0,63.75823658335134,28.781079746051955,92.53931632940329,2.2152829965351586,520.2720469990008,0.05,7.082141634014589,0.025835665903714573,2.390814859644622,0.05222341343276282,0.16932089456709923,142229.55143636334,2.922310172443134e-20,2.4547405448522327e-14,Klein_extrema,extrema,1,1.0535223758639953,8.640673564280352,36419.04328993006,197.62912125314574,26.111706716381413,36642.78411789958,0.12222717129828391,0.12222717129828391,0.12222717129828391,0.8608230146504365,1.022000890833691,1.0000028034714366,0.9523809523809523,4.889474723214479,-0.7905252767855204,recede,1.1288059637806616,1.6055595370389166e+22,True,True,True,True,True,True
H1L1V1-GSTLAL_AllSky-1239198206-1.xml,1239198206.0,63.75823658335134,28.781079746051955,92.53931632940329,2.2152829965351586,520.2720469990008,0.05,7.082141634014589,0.025835665903714573,2.390814859644622,0.05222341343276282,0.16932089456709923,142229.55143636334,2.922310172443134e-20,2.4547405448522327e-14,Klein_extrema,extrema,1,1.0535223758639953,8.640673564280352,36419.04328993006,197.62912125314574,26.111706716381413,36642.78411789958,0.12222717129828391,0.12222717129828391,0.12222717129828391,0.8608230146504365,1.022000890833691,1.0000028034714366,0.9523809523809523,4.889474723214479,-0.7905252767855204,recede,1.1288059637806616,1.6055595370389166e+22,True,True,True,True,True,True
H1L1V1-GSTLAL_AllSky-1238750282-1.xml,1238750282.0,49.43789439004945,21.416373342987914,70.85426773303736,2.308415790026198,1125.2772742883405,0.05,7.1414216021601735,0.024493888490291993,1.735496532914311,-0.17259335442635157,0.12393912430628344,104108.86441727809,9.257015778062966e-21,7.775893253572892e-15,Klein_deformada,extrema,1,1.0155983128828168,8.808188091881327,78769.40920018384,-268.1413686289867,-86.29667721317578,78414.97115434168,0.26156418903087175,0.26156418903087175,0.15,0.8409010967478884,1.027,1.000007441297861,0.9523809523809523,4.776318229528005,-0.9036817704719944,recede,0.8262608287085563,3.472605668453819e+22,True,True,True,True,True,True
H1L1V1-GSTLAL_AllSky-1239283789-1.xml,1239283789.0,22.299012278954745,14.189761954652333,36.488774233607074,1.571486001683324,1932.0287390851902,0.05,6.442563778682591,0.035189060723263506,1.284005692223852,0.15537436082542222,0.08272288564343656,69487.22394048671,3.4356372445414075e-21,2.8859352854147824e-15,Klein_deformada,extrema,1,1.1874628086192487,8.925565108979319,135242.01173596332,653.4487958663137,77.68718041271111,135973.14771224232,0.4535575998787879,0.4535575998787879,0.15,0.8409055828648326,1.027,1.0000127762300475,0.9523809523809523,4.776343710672249,-0.9036562893277509,recede,0.5514859042895771,5.962240688816897e+22,True,True,True,True,True,True
H1L1V1-GSTLAL_AllSky-1238674117-1.xml,1238674117.0,49.43789439004945,21.416373342987914,70.85426773303736,2.308415790026198,1125.2772742883405,0.05,7.1414216021601735,0.024493888490291993,1.735496532914311,-0.17259335442635157,0.12393912430628344,104108.86441727809,9.257015778062966e-21,7.775893253572892e-15,Klein_deformada,extrema,1,1.0155983128828168,8.808188091881327,78769.40920018384,-268.1413686289867,-86.29667721317578,78414.97115434168,0.26156418903087175,0.26156418903087175,0.15,0.8409010967478884,1.027,1.000007441297861,0.9523809523809523,4.776318229528005,-0.9036817704719944,recede,0.8262608287085563,3.472605668453819e+22,True,True,True,True,True,True
H1L1V1-GSTLAL_AllSky-1239491655-1.xml,1239491655.0,22.299012278954745,14.189761954652333,36.488774233607074,1.571486001683324,1932.0287390851902,0.05,6.442563778682591,0.035189060723263506,1.284005692223852,0.15537436082542222,0.08272288564343656,69487.22394048671,3.4356372445414075e-21,2.8859352854147824e-15,Klein_deformada,extrema,1,1.1874628086192487,8.925565108979319,135242.01173596332,653.4487958663137,77.68718041271111,135973.14771224232,0.4535575998787879,0.4535575998787879,0.15,0.8409055828648326,1.027,1.0000127762300475,0.9523809523809523,4.776343710672249,-0.9036562893277509,recede,0.5514859042895771,5.962240688816897e+22,True,True,True,True,True,True
H1L1V1-GSTLAL_AllSky-1239227262-1.xml,1239227262.0,63.75823658335134,28.781079746051955,92.53931632940329,2.2152829965351586,520.2720469990008,0.05,7.082141634014589,0.025835665903714573,2.390814859644622,0.05222341343276282,0.16932089456709923,142229.55143636334,2.922310172443134e-20,2.4547405448522327e-14,Klein_extrema,extrema,1,1.0535223758639953,8.640673564280352,36419.04328993006,197.62912125314574,26.111706716381413,36642.78411789958,0.12222717129828391,0.12222717129828391,0.12222717129828391,0.8608230146504365,1.022000890833691,1.0000028034714366,0.9523809523809523,4.889474723214479,-0.7905252767855204,recede,1.1288059637806616,1.6055595370389166e+22,True,True,True,True,True,True
H1L1V1-GSTLAL_AllSky-1239534693-1.xml,1239534693.0,22.299012278954745,14.189761954652333,36.488774233607074,1.571486001683324,1932.0287390851902,0.05,6.442563778682591,0.035189060723263506,1.284005692223852,0.15537436082542222,0.08272288564343656,69487.22394048671,3.4356372445414075e-21,2.8859352854147824e-15,Klein_deformada,extrema,1,1.1874628086192487,8.925565108979319,135242.01173596332,653.4487958663137,77.68718041271111,135973.14771224232,0.4535575998787879,0.4535575998787879,0.15,0.8409055828648326,1.027,1.0000127762300475,0.9523809523809523,4.776343710672249,-0.9036562893277509,recede,0.5514859042895771,5.962240688816897e+22,True,True,True,True,True,True
H1L1V1-GSTLAL_AllSky-1239393890-1.xml,1239393890.0,16.618294571405972,14.714168127255462,31.332462698661434,1.1294076856865216,1499.8996990377946,0.05,8.625136540005357,0.04484389390147128,1.4050696329305798,-0.06286987378151368,0.12118917432241459,101798.90643082827,6.62557584867068e-21,5.565483712883372e-15,Klein_deformada,extrema,1,2.7122527781303076,8.870589426823512,104992.97893264562,789.6751992357188,-31.43493689075684,105751.21919499058,0.3527480974687848,0.3527480974687848,0.15,0.8409031799173409,1.027,1.0000099186224383,0.9523809523809523,4.776330061930496,-0.9036699380695037,recede,0.8079278288160973,4.628690471230634e+22,True,True,True,True,True,True
H1L1V1-GSTLAL_AllSky-1238729030-1.xml,1238729030.0,49.43789439004945,21.416373342987914,70.85426773303736,2.308415790026198,1125.2772742883405,0.05,7.1414216021601735,0.024493888490291993,1.735496532914311,-0.17259335442635157,0.12393912430628344,104108.86441727809,9.257015778062966e-21,7.775893253572892e-15,Klein_deformada,extrema,1,1.0155983128828168,8.808188091881327,78769.40920018384,-268.1413686289867,-86.29667721317578,78414.97115434168,0.26156418903087175,0.26156418903087175,0.15,0.8409010967478884,1.027,1.000007441297861,0.9523809523809523,4.776318229528005,-0.9036817704719944,recede,0.8262608287085563,3.472605668453819e+22,True,True,True,True,True,True
H1L1V1-GSTLAL_AllSky-1239543370-1.xml,1239543370.0,16.618294571405972,14.714168127255462,31.332462698661434,1.1294076856865216,1499.8996990377946,0.05,8.625136540005357,0.04484389390147128,1.4050696329305798,-0.06286987378151368,0.12118917432241459,101798.90643082827,6.62557584867068e-21,5.565483712883372e-15,Klein_deformada,extrema,1,2.7122527781303076,8.870589426823512,104992.97893264562,789.6751992357188,-31.43493689075684,105751.21919499058,0.3527480974687848,0.3527480974687848,0.15,0.8409031799173409,1.027,1.0000099186224383,0.9523809523809523,4.776330061930496,-0.9036699380695037,recede,0.8079278288160973,4.628690471230634e+22,True,True,True,True,True,True
H1L1V1-GSTLAL_AllSky-1239550519-1.xml,1239550519.0,68.49930002947035,41.91100992776783,110.41030995723818,1.634398697323842,1719.48704796075,0.05,6.839786768412881,0.04051867884223041,4.473679890028449,0.798561724980329,0.30599016517931377,257031.7387506236,1.442259067402053e-20,1.2114976166177247e-14,Klein_extrema,extrema,1,1.5411158612751912,8.90025777225582,120364.0933572525,642.413439992645,399.28086249016445,121405.7876597353,0.4049661171253858,0.4049661171253858,0.15,0.8409044009805429,1.027,1.0000113707222071,0.9523809523809523,4.776336997569484,-0.9036630024305161,recede,2.0399344345287584,5.306337030006874e+22,True,True,True,True,True,True
H1L1V1-GSTLAL_AllSky-1239855472-1.xml,1239855472.0,68.49930002947035,41.91100992776783,110.41030995723818,1.634398697323842,1719.48704796075,0.05,6.839786768412881,0.04051867884223041,4.473679890028449,0.798561724980329,0.30599016517931377,257031.7387506236,1.442259067402053e-20,1.2114976166177247e-14,Klein_extrema,extrema,1,1.5411158612751912,8.90025777225582,120364.0933572525,642.413439992645,399.28086249016445,121405.7876597353,0.4049661171253858,0.4049661171253858,0.15,0.8409044009805429,1.027,1.0000113707222071,0.9523809523809523,4.776336997569484,-0.9036630024305161,recede,2.0399344345287584,5.306337030006874e+22,True,True,True,True,True,True
H1L1V1-GSTLAL_AllSky-1239883947-1.xml,1239883947.0,22.299012278954745,14.189761954652333,36.488774233607074,1.571486001683324,1932.0287390851902,0.05,6.442563778682591,0.035189060723263506,1.284005692223852,0.15537436082542222,0.08272288564343656,69487.22394048671,3.4356372445414075e-21,2.8859352854147824e-15,Klein_deformada,extrema,1,1.1874628086192487,8.925565108979319,135242.01173596332,653.4487958663137,77.68718041271111,135973.14771224232,0.4535575998787879,0.4535575998787879,0.15,0.8409055828648326,1.027,1.0000127762300475,0.9523809523809523,4.776343710672249,-0.9036562893277509,recede,0.5514859042895771,5.962240688816897e+22,True,True,True,True,True,True
H1L1V1-GSTLAL_AllSky-1239788217-1.xml,1239788217.0,16.618294571405972,14.714168127255462,31.332462698661434,1.1294076856865216,1499.8996990377946,0.05,8.625136540005357,0.04484389390147128,1.4050696329305798,-0.06286987378151368,0.12118917432241459,101798.90643082827,6.62557584867068e-21,5.565483712883372e-15,Klein_deformada,extrema,1,2.7122527781303076,8.870589426823512,104992.97893264562,789.6751992357188,-31.43493689075684,105751.21919499058,0.3527480974687848,0.3527480974687848,0.15,0.8409031799173409,1.027,1.0000099186224383,0.9523809523809523,4.776330061930496,-0.9036699380695037,recede,0.8079278288160973,4.628690471230634e+22,True,True,True,True,True,True
H1L1V1-GSTLAL_AllSky-1239883999-1.xml,1239883999.0,68.49930002947035,41.91100992776783,110.41030995723818,1.634398697323842,1719.48704796075,0.05,6.839786768412881,0.04051867884223041,4.473679890028449,0.798561724980329,0.30599016517931377,257031.7387506236,1.442259067402053e-20,1.2114976166177247e-14,Klein_extrema,extrema,1,1.5411158612751912,8.90025777225582,120364.0933572525,642.413439992645,399.28086249016445,121405.7876597353,0.4049661171253858,0.4049661171253858,0.15,0.8409044009805429,1.027,1.0000113707222071,0.9523809523809523,4.776336997569484,-0.9036630024305161,recede,2.0399344345287584,5.306337030006874e+22,True,True,True,True,True,True
H1L1V1-GSTLAL_AllSky-1239886944-1.xml,1239886944.0,16.192676759512594,13.866126177996046,30.058802937508638,1.167786629924695,855.2670792792297,0.05,6.103313308363533,0.04353443672574144,1.3085930545345008,-0.04309749499361265,0.07986753404972506,67088.72860176906,8.0353867695769e-21,6.749724886444598e-15,Klein_deformada,extrema,1,1.3184362871941007,8.748609195632213,59868.69554954608,718.3762355213653,-21.548747496806325,60565.52303757064,0.20202483892230083,0.20202483892230083,0.15,0.8408995952974866,1.027,1.0000056557590142,0.9523809523809523,4.7763097012897235,-0.9036902987102762,recede,0.532450226998167,2.639354206655703e+22,True,True,True,True,True,True
H1L1V1-GSTLAL_AllSky-1239976056-1.xml,1239976056.0,73.85606416738264,47.311213145823274,121.16727731320591,1.5610689148837182,687.1386031526014,0.05,7.730159857480551,0.03607562334432918,4.3711850580090985,0.22492214020728457,0.3378995926504073,283835.65782634215,4.311530349837553e-20,3.621685493863545e-14,Klein_extrema,extrema,1,1.7526116034373285,8.701080491684813,48099.7022206821,289.85247480453336,112.46107010364229,48502.01576559027,0.16178531004135627,0.16178531004135627,0.15,0.8408986603825365,1.027,1.00000454394942,0.9523809523809523,4.776304390972807,-0.903695609027193,recede,2.2526639510027153,2.120509729328928e+22,True,True,True,True,True,True
H1L1V1-GSTLAL_AllSky-1239937367-1.xml,1239937367.0,73.85606416738264,47.311213145823274,121.16727731320591,1.5610689148837182,687.1386031526014,0.05,7.730159857480551,0.03607562334432918,4.3711850580090985,0.22492214020728457,0.3378995926504073,283835.65782634215,4.311530349837553e-20,3.621685493863545e-14,Klein_extrema,extrema,1,1.7526116034373285,8.701080491684813,48099.7022206821,289.85247480453336,112.46107010364229,48502.01576559027,0.16178531004135627,0.16178531004135627,0.15,0.8408986603825365,1.027,1.00000454394942,0.9523809523809523,4.776304390972807,-0.903695609027193,recede,2.2526639510027153,2.120509729328928e+22,True,True,True,True,True,True
H1L1V1-GSTLAL_AllSky-1239891926-1.xml,1239891926.0,16.192676759512594,13.866126177996046,30.058802937508638,1.167786629924695,855.2670792792297,0.05,6.103313308363533,0.04353443672574144,1.3085930545345008,-0.04309749499361265,0.07986753404972506,67088.72860176906,8.0353867695769e-21,6.749724886444598e-15,Klein_deformada,extrema,1,1.3184362871941007,8.748609195632213,59868.69554954608,718.3762355213653,-21.548747496806325,60565.52303757064,0.20202483892230083,0.20202483892230083,0.15,0.8408995952974866,1.027,1.0000056557590142,0.9523809523809523,4.7763097012897235,-0.9036902987102762,recede,0.532450226998167,2.639354206655703e+22,True,True,True,True,True,True
H1L1V1-GSTLAL_AllSky-1240055015-1.xml,1240055015.0,16.192676759512594,13.866126177996046,30.058802937508638,1.167786629924695,855.2670792792297,0.05,6.103313308363533,0.04353443672574144,1.3085930545345008,-0.04309749499361265,0.07986753404972506,67088.72860176906,8.0353867695769e-21,6.749724886444598e-15,Klein_deformada,extrema,1,1.3184362871941007,8.748609195632213,59868.69554954608,718.3762355213653,-21.548747496806325,60565.52303757064,0.20202483892230083,0.20202483892230083,0.15,0.8408995952974866,1.027,1.0000056557590142,0.9523809523809523,4.7763097012897235,-0.9036902987102762,recede,0.532450226998167,2.639354206655703e+22,True,True,True,True,True,True
H1L1V1-GSTLAL_AllSky-1239990500-1.xml,1239990500.0,68.49930002947035,41.91100992776783,110.41030995723818,1.634398697323842,1719.48704796075,0.05,6.839786768412881,0.04051867884223041,4.473679890028449,0.798561724980329,0.30599016517931377,257031.7387506236,1.442259067402053e-20,1.2114976166177247e-14,Klein_extrema,extrema,1,1.5411158612751912,8.90025777225582,120364.0933572525,642.413439992645,399.28086249016445,121405.7876597353,0.4049661171253858,0.4049661171253858,0.15,0.8409044009805429,1.027,1.0000113707222071,0.9523809523809523,4.776336997569484,-0.9036630024305161,recede,2.0399344345287584,5.306337030006874e+22,True,True,True,True,True,True
H1L1V1-GSTLAL_AllSky-1240155151-1.xml,1240155151.0,73.85606416738264,47.311213145823274,121.16727731320591,1.5610689148837182,687.1386031526014,0.05,7.730159857480551,0.03607562334432918,4.3711850580090985,0.22492214020728457,0.3378995926504073,283835.65782634215,4.311530349837553e-20,3.621685493863545e-14,Klein_extrema,extrema,1,1.7526116034373285,8.701080491684813,48099.7022206821,289.85247480453336,112.46107010364229,48502.01576559027,0.16178531004135627,0.16178531004135627,0.15,0.8408986603825365,1.027,1.00000454394942,0.9523809523809523,4.776304390972807,-0.903695609027193,recede,2.2526639510027153,2.120509729328928e+22,True,True,True,True,True,True
H1L1V1-GSTLAL_AllSky-1239917954-1.xml,1239917954.0,16.618294571405972,14.714168127255462,31.332462698661434,1.1294076856865216,1499.8996990377946,0.05,8.625136540005357,0.04484389390147128,1.4050696329305798,-0.06286987378151368,0.12118917432241459,101798.90643082827,6.62557584867068e-21,5.565483712883372e-15,Klein_deformada,extrema,1,2.7122527781303076,8.870589426823512,104992.97893264562,789.6751992357188,-31.43493689075684,105751.21919499058,0.3527480974687848,0.3527480974687848,0.15,0.8409031799173409,1.027,1.0000099186224383,0.9523809523809523,4.776330061930496,-0.9036699380695037,recede,0.8079278288160973,4.628690471230634e+22,True,True,True,True,True,True
H1L1V1-GSTLAL_AllSky-1240215503-1.xml,1240215503.0,39.764235227932446,28.676979100931966,68.44121432886442,1.38662566541537,1380.521419420014,0.05,6.2839444708543875,0.03944380332277693,2.6995817971597504,0.1990920672202271,0.1696402210788116,142497.78570620177,1.0148359423762077e-20,8.524621915960148e-15,Klein_extrema,extrema,1,1.2663050840801662,8.852579892484972,96636.49935940097,248.97281067183008,99.54603361011355,96985.0182036829,0.323507198448878,0.323507198448878,0.15,0.8409025160884589,1.027,1.0000091291909292,0.9523809523809523,4.776326291382446,-0.9036737086175535,recede,1.1309348071920775,4.2602891003301626e+22,True,True,True,True,True,True
H1L1V1-GSTLAL_AllSky-1240164426-1.xml,1240164426.0,63.75823658335134,28.781079746051955,92.53931632940329,2.2152829965351586,520.2720469990008,0.05,7.082141634014589,0.025835665903714573,2.390814859644622,0.05222341343276282,0.16932089456709923,142229.55143636334,2.922310172443134e-20,2.4547405448522327e-14,Klein_extrema,extrema,1,1.0535223758639953,8.640673564280352,36419.04328993006,197.62912125314574,26.111706716381413,36642.78411789958,0.12222717129828391,0.12222717129828391,0.12222717129828391,0.8608230146504365,1.022000890833691,1.0000028034714366,0.9523809523809523,4.889474723214479,-0.7905252767855204,recede,1.1288059637806616,1.6055595370389166e+22,True,True,True,True,True,True
H1L1V1-GSTLAL_AllSky-1240233548-1.xml,1240233548.0,39.764235227932446,28.676979100931966,68.44121432886442,1.38662566541537,1380.521419420014,0.05,6.2839444708543875,0.03944380332277693,2.6995817971597504,0.1990920672202271,0.1696402210788116,142497.78570620177,1.0148359423762077e-20,8.524621915960148e-15,Klein_extrema,extrema,1,1.2663050840801662,8.852579892484972,96636.49935940097,248.97281067183008,99.54603361011355,96985.0182036829,0.323507198448878,0.323507198448878,0.15,0.8409025160884589,1.027,1.0000091291909292,0.9523809523809523,4.776326291382446,-0.9036737086175535,recede,1.1309348071920775,4.2602891003301626e+22,True,True,True,True,True,True
H1L1V1-GSTLAL_AllSky-1240290694-1.xml,1240290694.0,63.75823658335134,28.781079746051955,92.53931632940329,2.2152829965351586,520.2720469990008,0.05,7.082141634014589,0.025835665903714573,2.390814859644622,0.05222341343276282,0.16932089456709923,142229.55143636334,2.922310172443134e-20,2.4547405448522327e-14,Klein_extrema,extrema,1,1.0535223758639953,8.640673564280352,36419.04328993006,197.62912125314574,26.111706716381413,36642.78411789958,0.12222717129828391,0.12222717129828391,0.12222717129828391,0.8608230146504365,1.022000890833691,1.0000028034714366,0.9523809523809523,4.889474723214479,-0.7905252767855204,recede,1.1288059637806616,1.6055595370389166e+22,True,True,True,True,True,True
H1L1V1-GSTLAL_AllSky-1240325074-1.xml,1240325074.0,63.75823658335134,28.781079746051955,92.53931632940329,2.2152829965351586,520.2720469990008,0.05,7.082141634014589,0.025835665903714573,2.390814859644622,0.05222341343276282,0.16932089456709923,142229.55143636334,2.922310172443134e-20,2.4547405448522327e-14,Klein_extrema,extrema,1,1.0535223758639953,8.640673564280352,36419.04328993006,197.62912125314574,26.111706716381413,36642.78411789958,0.12222717129828391,0.12222717129828391,0.12222717129828391,0.8608230146504365,1.022000890833691,1.0000028034714366,0.9523809523809523,4.889474723214479,-0.7905252767855204,recede,1.1288059637806616,1.6055595370389166e+22,True,True,True,True,True,True
H1L1V1-GSTLAL_AllSky-1240327333-1.xml,1240327333.0,73.85606416738264,47.311213145823274,121.16727731320591,1.5610689148837182,687.1386031526014,0.05,7.730159857480551,0.03607562334432918,4.3711850580090985,0.22492214020728457,0.3378995926504073,283835.65782634215,4.311530349837553e-20,3.621685493863545e-14,Klein_extrema,extrema,1,1.7526116034373285,8.701080491684813,48099.7022206821,289.85247480453336,112.46107010364229,48502.01576559027,0.16178531004135627,0.16178531004135627,0.15,0.8408986603825365,1.027,1.00000454394942,0.9523809523809523,4.776304390972807,-0.903695609027193,recede,2.2526639510027153,2.120509729328928e+22,True,True,True,True,True,True
H1L1V1-GSTLAL_AllSky-1240352617-1.xml,1240352617.0,39.764235227932446,28.676979100931966,68.44121432886442,1.38662566541537,1380.521419420014,0.05,6.2839444708543875,0.03944380332277693,2.6995817971597504,0.1990920672202271,0.1696402210788116,142497.78570620177,1.0148359423762077e-20,8.524621915960148e-15,Klein_extrema,extrema,1,1.2663050840801662,8.852579892484972,96636.49935940097,248.97281067183008,99.54603361011355,96985.0182036829,0.323507198448878,0.323507198448878,0.15,0.8409025160884589,1.027,1.0000091291909292,0.9523809523809523,4.776326291382446,-0.9036737086175535,recede,1.1309348071920775,4.2602891003301626e+22,True,True,True,True,True,True
H1L1V1-GSTLAL_AllSky-1240399040-1.xml,1240399040.0,16.192676759512594,13.866126177996046,30.058802937508638,1.167786629924695,855.2670792792297,0.05,6.103313308363533,0.04353443672574144,1.3085930545345008,-0.04309749499361265,0.07986753404972506,67088.72860176906,8.0353867695769e-21,6.749724886444598e-15,Klein_deformada,extrema,1,1.3184362871941007,8.748609195632213,59868.69554954608,718.3762355213653,-21.548747496806325,60565.52303757064,0.20202483892230083,0.20202483892230083,0.15,0.8408995952974866,1.027,1.0000056557590142,0.9523809523809523,4.7763097012897235,-0.9036902987102762,recede,0.532450226998167,2.639354206655703e+22,True,True,True,True,True,True
H1L1V1-GSTLAL_AllSky-1240620590-1.xml,1240620590.0,36.20529809196038,10.21375837904414,46.419056471004524,3.5447576443793523,715.4876821377528,0.05,8.663011542138548,0.01982684174970905,0.9203432868214145,0.2132038743542179,0.07972944516463641,66972.7339382946,9.736421512501027e-21,8.178594070500864e-15,Klein_deformada,extrema,1,1.2097237717234406,8.709859398497816,50084.137749642694,615.0325499917819,106.60193717710895,50805.77223681159,0.16946981447015452,0.16946981447015452,0.15,0.8408988180237545,1.027,1.0000047314178295,0.9523809523809523,4.776305286374925,-0.9036947136250744,recede,0.5315296344309095,2.2079949870771053e+22,True,True,True,True,True,True
H1L1V1-GSTLAL_AllSky-1240630609-1.xml,1240630609.0,22.299012278954745,14.189761954652333,36.488774233607074,1.571486001683324,1932.0287390851902,0.05,6.442563778682591,0.035189060723263506,1.284005692223852,0.15537436082542222,0.08272288564343656,69487.22394048671,3.4356372445414075e-21,2.8859352854147824e-15,Klein_deformada,extrema,1,1.1874628086192487,8.925565108979319,135242.01173596332,653.4487958663137,77.68718041271111,135973.14771224232,0.4535575998787879,0.4535575998787879,0.15,0.8409055828648326,1.027,1.0000127762300475,0.9523809523809523,4.776343710672249,-0.9036562893277509,recede,0.5514859042895771,5.962240688816897e+22,True,True,True,True,True,True
H1L1V1-GSTLAL_AllSky-1240630634-1.xml,1240630634.0,36.20529809196038,10.21375837904414,46.419056471004524,3.5447576443793523,715.4876821377528,0.05,8.663011542138548,0.01982684174970905,0.9203432868214145,0.2132038743542179,0.07972944516463641,66972.7339382946,9.736421512501027e-21,8.178594070500864e-15,Klein_deformada,extrema,1,1.2097237717234406,8.709859398497816,50084.137749642694,615.0325499917819,106.60193717710895,50805.77223681159,0.16946981447015452,0.16946981447015452,0.15,0.8408988180237545,1.027,1.0000047314178295,0.9523809523809523,4.776305286374925,-0.9036947136250744,recede,0.5315296344309095,2.2079949870771053e+22,True,True,True,True,True,True
H1L1V1-GSTLAL_AllSky-1240651041-1.xml,1240651041.0,22.299012278954745,14.189761954652333,36.488774233607074,1.571486001683324,1932.0287390851902,0.05,6.442563778682591,0.035189060723263506,1.284005692223852,0.15537436082542222,0.08272288564343656,69487.22394048671,3.4356372445414075e-21,2.8859352854147824e-15,Klein_deformada,extrema,1,1.1874628086192487,8.925565108979319,135242.01173596332,653.4487958663137,77.68718041271111,135973.14771224232,0.4535575998787879,0.4535575998787879,0.15,0.8409055828648326,1.027,1.0000127762300475,0.9523809523809523,4.776343710672249,-0.9036562893277509,recede,0.5514859042895771,5.962240688816897e+22,True,True,True,True,True,True
H1L1V1-GSTLAL_AllSky-1240837251-1.xml,1240837251.0,22.299012278954745,14.189761954652333,36.488774233607074,1.571486001683324,1932.0287390851902,0.05,6.442563778682591,0.035189060723263506,1.284005692223852,0.15537436082542222,0.08272288564343656,69487.22394048671,3.4356372445414075e-21,2.8859352854147824e-15,Klein_deformada,extrema,1,1.1874628086192487,8.925565108979319,135242.01173596332,653.4487958663137,77.68718041271111,135973.14771224232,0.4535575998787879,0.4535575998787879,0.15,0.8409055828648326,1.027,1.0000127762300475,0.9523809523809523,4.776343710672249,-0.9036562893277509,recede,0.5514859042895771,5.962240688816897e+22,True,True,True,True,True,True
H1L1V1-GSTLAL_AllSky-1240842666-1.xml,1240842666.0,39.764235227932446,28.676979100931966,68.44121432886442,1.38662566541537,1380.521419420014,0.05,6.2839444708543875,0.03944380332277693,2.6995817971597504,0.1990920672202271,0.1696402210788116,142497.78570620177,1.0148359423762077e-20,8.524621915960148e-15,Klein_extrema,extrema,1,1.2663050840801662,8.852579892484972,96636.49935940097,248.97281067183008,99.54603361011355,96985.0182036829,0.323507198448878,0.323507198448878,0.15,0.8409025160884589,1.027,1.0000091291909292,0.9523809523809523,4.776326291382446,-0.9036737086175535,recede,1.1309348071920775,4.2602891003301626e+22,True,True,True,True,True,True
H1L1V1-GSTLAL_AllSky-1240935112-1.xml,1240935112.0,36.20529809196038,10.21375837904414,46.419056471004524,3.5447576443793523,715.4876821377528,0.05,8.663011542138548,0.01982684174970905,0.9203432868214145,0.2132038743542179,0.07972944516463641,66972.7339382946,9.736421512501027e-21,8.178594070500864e-15,Klein_deformada,extrema,1,1.2097237717234406,8.709859398497816,50084.137749642694,615.0325499917819,106.60193717710895,50805.77223681159,0.16946981447015452,0.16946981447015452,0.15,0.8408988180237545,1.027,1.0000047314178295,0.9523809523809523,4.776305286374925,-0.9036947136250744,recede,0.5315296344309095,2.2079949870771053e+22,True,True,True,True,True,True
H1L1V1-GSTLAL_AllSky-1240935340-1.xml,1240935340.0,63.75823658335134,28.781079746051955,92.53931632940329,2.2152829965351586,520.2720469990008,0.05,7.082141634014589,0.025835665903714573,2.390814859644622,0.05222341343276282,0.16932089456709923,142229.55143636334,2.922310172443134e-20,2.4547405448522327e-14,Klein_extrema,extrema,1,1.0535223758639953,8.640673564280352,36419.04328993006,197.62912125314574,26.111706716381413,36642.78411789958,0.12222717129828391,0.12222717129828391,0.12222717129828391,0.8608230146504365,1.022000890833691,1.0000028034714366,0.9523809523809523,4.889474723214479,-0.7905252767855204,recede,1.1288059637806616,1.6055595370389166e+22,True,True,True,True,True,True
H1L1V1-GSTLAL_AllSky-1240944862-1.xml,1240944862.0,47.153336480007304,41.71406208484876,88.86739856485607,1.1303942633084918,619.7263620066523,0.05,7.590558006516382,0.044809119225615895,3.982069857562963,-0.153446547032971,0.30226132239832104,253899.51081458968,4.314351460287137e-20,3.6240552266411953e-14,Klein_extrema,extrema,1,2.098981945204706,8.678658303143635,43380.84534046566,688.2215628838453,-76.7232735164855,43992.34362983302,0.1467426629853144,0.1467426629853144,0.1467426629853144,0.8432219517777669,1.0264136793373566,1.0000040091679365,0.9523809523809523,4.789500686097716,-0.8904993139022839,recede,2.0150754826554733,1.912475553152529e+22,True,True,True,True,True,True
H1L1V1-GSTLAL_AllSky-1240978573-1.xml,1240978573.0,68.49930002947035,41.91100992776783,110.41030995723818,1.634398697323842,1719.48704796075,0.05,6.839786768412881,0.04051867884223041,4.473679890028449,0.798561724980329,0.30599016517931377,257031.7387506236,1.442259067402053e-20,1.2114976166177247e-14,Klein_extrema,extrema,1,1.5411158612751912,8.90025777225582,120364.0933572525,642.413439992645,399.28086249016445,121405.7876597353,0.4049661171253858,0.4049661171253858,0.15,0.8409044009805429,1.027,1.0000113707222071,0.9523809523809523,4.776336997569484,-0.9036630024305161,recede,2.0399344345287584,5.306337030006874e+22,True,True,True,True,True,True
H1L1V1-GSTLAL_AllSky-1241108686-1.xml,1241108686.0,47.153336480007304,41.71406208484876,88.86739856485607,1.1303942633084918,619.7263620066523,0.05,7.590558006516382,0.044809119225615895,3.982069857562963,-0.153446547032971,0.30226132239832104,253899.51081458968,4.314351460287137e-20,3.6240552266411953e-14,Klein_extrema,extrema,1,2.098981945204706,8.678658303143635,43380.84534046566,688.2215628838453,-76.7232735164855,43992.34362983302,0.1467426629853144,0.1467426629853144,0.1467426629853144,0.8432219517777669,1.0264136793373566,1.0000040091679365,0.9523809523809523,4.789500686097716,-0.8904993139022839,recede,2.0150754826554733,1.912475553152529e+22,True,True,True,True,True,True
H1L1V1-GSTLAL_AllSky-1241208674-1.xml,1241208674.0,68.49930002947035,41.91100992776783,110.41030995723818,1.634398697323842,1719.48704796075,0.05,6.839786768412881,0.04051867884223041,4.473679890028449,0.798561724980329,0.30599016517931377,257031.7387506236,1.442259067402053e-20,1.2114976166177247e-14,Klein_extrema,extrema,1,1.5411158612751912,8.90025777225582,120364.0933572525,642.413439992645,399.28086249016445,121405.7876597353,0.4049661171253858,0.4049661171253858,0.15,0.8409044009805429,1.027,1.0000113707222071,0.9523809523809523,4.776336997569484,-0.9036630024305161,recede,2.0399344345287584,5.306337030006874e+22,True,True,True,True,True,True
H1L1V1-GSTLAL_AllSky-1241228096-1.xml,1241228096.0,68.49930002947035,41.91100992776783,110.41030995723818,1.634398697323842,1719.48704796075,0.05,6.839786768412881,0.04051867884223041,4.473679890028449,0.798561724980329,0.30599016517931377,257031.7387506236,1.442259067402053e-20,1.2114976166177247e-14,Klein_extrema,extrema,1,1.5411158612751912,8.90025777225582,120364.0933572525,642.413439992645,399.28086249016445,121405.7876597353,0.4049661171253858,0.4049661171253858,0.15,0.8409044009805429,1.027,1.0000113707222071,0.9523809523809523,4.776336997569484,-0.9036630024305161,recede,2.0399344345287584,5.306337030006874e+22,True,True,True,True,True,True
H1L1V1-GSTLAL_AllSky-1241263448-1.xml,1241263448.0,36.20529809196038,10.21375837904414,46.419056471004524,3.5447576443793523,715.4876821377528,0.05,8.663011542138548,0.01982684174970905,0.9203432868214145,0.2132038743542179,0.07972944516463641,66972.7339382946,9.736421512501027e-21,8.178594070500864e-15,Klein_deformada,extrema,1,1.2097237717234406,8.709859398497816,50084.137749642694,615.0325499917819,106.60193717710895,50805.77223681159,0.16946981447015452,0.16946981447015452,0.15,0.8408988180237545,1.027,1.0000047314178295,0.9523809523809523,4.776305286374925,-0.9036947136250744,recede,0.5315296344309095,2.2079949870771053e+22,True,True,True,True,True,True
H1L1V1-GSTLAL_AllSky-1241264117-1.xml,1241264117.0,47.153336480007304,41.71406208484876,88.86739856485607,1.1303942633084918,619.7263620066523,0.05,7.590558006516382,0.044809119225615895,3.982069857562963,-0.153446547032971,0.30226132239832104,253899.51081458968,4.314351460287137e-20,3.6240552266411953e-14,Klein_extrema,extrema,1,2.098981945204706,8.678658303143635,43380.84534046566,688.2215628838453,-76.7232735164855,43992.34362983302,0.1467426629853144,0.1467426629853144,0.1467426629853144,0.8432219517777669,1.0264136793373566,1.0000040091679365,0.9523809523809523,4.789500686097716,-0.8904993139022839,recede,2.0150754826554733,1.912475553152529e+22,True,True,True,True,True,True
H1L1V1-GSTLAL_AllSky-1241318316-1.xml,1241318316.0,22.299012278954745,14.189761954652333,36.488774233607074,1.571486001683324,1932.0287390851902,0.05,6.442563778682591,0.035189060723263506,1.284005692223852,0.15537436082542222,0.08272288564343656,69487.22394048671,3.4356372445414075e-21,2.8859352854147824e-15,Klein_deformada,extrema,1,1.1874628086192487,8.925565108979319,135242.01173596332,653.4487958663137,77.68718041271111,135973.14771224232,0.4535575998787879,0.4535575998787879,0.15,0.8409055828648326,1.027,1.0000127762300475,0.9523809523809523,4.776343710672249,-0.9036562893277509,recede,0.5514859042895771,5.962240688816897e+22,True,True,True,True,True,True
H1L1V1-GSTLAL_AllSky-1241418140-1.xml,1241418140.0,67.00519821713233,42.78153993415776,109.7867381512901,1.5662175396270352,1021.7895432456755,0.05,6.2374349067994865,0.033731640951177116,3.703286832520216,-0.26891491706835297,0.23099010559052502,194031.688696041,1.9157826499787253e-20,1.609257425982129e-14,Klein_extrema,extrema,1,1.0669508415489588,8.787239044783227,71525.2680271973,-392.8442048240866,-134.45745853417648,70997.96636383903,0.23682372411062802,0.23682372411062802,0.15,0.840900521281857,1.027,1.0000067569482796,0.9523809523809523,4.776314960880947,-0.9036850391190523,recede,1.5399340372701669,3.1532425304561546e+22,True,True,True,True,True,True
H1L1V1-GSTLAL_AllSky-1241419760-1.xml,1241419760.0,73.85606416738264,47.311213145823274,121.16727731320591,1.5610689148837182,687.1386031526014,0.05,7.730159857480551,0.03607562334432918,4.3711850580090985,0.22492214020728457,0.3378995926504073,283835.65782634215,4.311530349837553e-20,3.621685493863545e-14,Klein_extrema,extrema,1,1.7526116034373285,8.701080491684813,48099.7022206821,289.85247480453336,112.46107010364229,48502.01576559027,0.16178531004135627,0.16178531004135627,0.15,0.8408986603825365,1.027,1.00000454394942,0.9523809523809523,4.776304390972807,-0.903695609027193,recede,2.2526639510027153,2.120509729328928e+22,True,True,True,True,True,True
H1L1V1-GSTLAL_AllSky-1241577622-1.xml,1241577622.0,67.00519821713233,42.78153993415776,109.7867381512901,1.5662175396270352,1021.7895432456755,0.05,6.2374349067994865,0.033731640951177116,3.703286832520216,-0.26891491706835297,0.23099010559052502,194031.688696041,1.9157826499787253e-20,1.609257425982129e-14,Klein_extrema,extrema,1,1.0669508415489588,8.787239044783227,71525.2680271973,-392.8442048240866,-134.45745853417648,70997.96636383903,0.23682372411062802,0.23682372411062802,0.15,0.840900521281857,1.027,1.0000067569482796,0.9523809523809523,4.776314960880947,-0.9036850391190523,recede,1.5399340372701669,3.1532425304561546e+22,True,True,True,True,True,True
H1L1V1-GSTLAL_AllSky-1241587773-1.xml,1241587773.0,73.85606416738264,47.311213145823274,121.16727731320591,1.5610689148837182,687.1386031526014,0.05,7.730159857480551,0.03607562334432918,4.3711850580090985,0.22492214020728457,0.3378995926504073,283835.65782634215,4.311530349837553e-20,3.621685493863545e-14,Klein_extrema,extrema,1,1.7526116034373285,8.701080491684813,48099.7022206821,289.85247480453336,112.46107010364229,48502.01576559027,0.16178531004135627,0.16178531004135627,0.15,0.8408986603825365,1.027,1.00000454394942,0.9523809523809523,4.776304390972807,-0.903695609027193,recede,2.2526639510027153,2.120509729328928e+22,True,True,True,True,True,True
H1L1V1-GSTLAL_AllSky-1241634009-1.xml,1241634009.0,73.85606416738264,47.311213145823274,121.16727731320591,1.5610689148837182,687.1386031526014,0.05,7.730159857480551,0.03607562334432918,4.3711850580090985,0.22492214020728457,0.3378995926504073,283835.65782634215,4.311530349837553e-20,3.621685493863545e-14,Klein_extrema,extrema,1,1.7526116034373285,8.701080491684813,48099.7022206821,289.85247480453336,112.46107010364229,48502.01576559027,0.16178531004135627,0.16178531004135627,0.15,0.8408986603825365,1.027,1.00000454394942,0.9523809523809523,4.776304390972807,-0.903695609027193,recede,2.2526639510027153,2.120509729328928e+22,True,True,True,True,True,True
H1L1V1-GSTLAL_AllSky-1241676985-1.xml,1241676985.0,47.153336480007304,41.71406208484876,88.86739856485607,1.1303942633084918,619.7263620066523,0.05,7.590558006516382,0.044809119225615895,3.982069857562963,-0.153446547032971,0.30226132239832104,253899.51081458968,4.314351460287137e-20,3.6240552266411953e-14,Klein_extrema,extrema,1,2.098981945204706,8.678658303143635,43380.84534046566,688.2215628838453,-76.7232735164855,43992.34362983302,0.1467426629853144,0.1467426629853144,0.1467426629853144,0.8432219517777669,1.0264136793373566,1.0000040091679365,0.9523809523809523,4.789500686097716,-0.8904993139022839,recede,2.0150754826554733,1.912475553152529e+22,True,True,True,True,True,True
H1L1V1-GSTLAL_AllSky-1241710671-1.xml,1241710671.0,67.00519821713233,42.78153993415776,109.7867381512901,1.5662175396270352,1021.7895432456755,0.05,6.2374349067994865,0.033731640951177116,3.703286832520216,-0.26891491706835297,0.23099010559052502,194031.688696041,1.9157826499787253e-20,1.609257425982129e-14,Klein_extrema,extrema,1,1.0669508415489588,8.787239044783227,71525.2680271973,-392.8442048240866,-134.45745853417648,70997.96636383903,0.23682372411062802,0.23682372411062802,0.15,0.840900521281857,1.027,1.0000067569482796,0.9523809523809523,4.776314960880947,-0.9036850391190523,recede,1.5399340372701669,3.1532425304561546e+22,True,True,True,True,True,True
H1L1V1-GSTLAL_AllSky-1241719652-1.xml,1241719652.0,68.49930002947035,41.91100992776783,110.41030995723818,1.634398697323842,1719.48704796075,0.05,6.839786768412881,0.04051867884223041,4.473679890028449,0.798561724980329,0.30599016517931377,257031.7387506236,1.442259067402053e-20,1.2114976166177247e-14,Klein_extrema,extrema,1,1.5411158612751912,8.90025777225582,120364.0933572525,642.413439992645,399.28086249016445,121405.7876597353,0.4049661171253858,0.4049661171253858,0.15,0.8409044009805429,1.027,1.0000113707222071,0.9523809523809523,4.776336997569484,-0.9036630024305161,recede,2.0399344345287584,5.306337030006874e+22,True,True,True,True,True,True
H1L1V1-GSTLAL_AllSky-1241850801-1.xml,1241850801.0,39.764235227932446,28.676979100931966,68.44121432886442,1.38662566541537,1380.521419420014,0.05,6.2839444708543875,0.03944380332277693,2.6995817971597504,0.1990920672202271,0.1696402210788116,142497.78570620177,1.0148359423762077e-20,8.524621915960148e-15,Klein_extrema,extrema,1,1.2663050840801662,8.852579892484972,96636.49935940097,248.97281067183008,99.54603361011355,96985.0182036829,0.323507198448878,0.323507198448878,0.15,0.8409025160884589,1.027,1.0000091291909292,0.9523809523809523,4.776326291382446,-0.9036737086175535,recede,1.1309348071920775,4.2602891003301626e+22,True,True,True,True,True,True
H1L1V1-GSTLAL_AllSky-1241816086-1.xml,1241816086.0,26.378055427127016,18.240282347792927,44.618337774919944,1.4461429337643317,894.4884180046865,0.05,9.059500008789895,0.03611725608122589,1.6114919313354181,-0.20866165113131407,0.14599311166098067,122634.21379522377,1.3990278854251402e-20,1.1751834237571178e-14,Klein_deformada,extrema,1,2.4100058485449707,8.75834567864138,62614.18926032806,694.2303056694666,-104.33082556565704,63204.088740431864,0.21082614673525865,0.21082614673525865,0.15,0.8408998133962692,1.027,1.0000059151241243,0.9523809523809523,4.776310940090808,-0.9036890599091914,recede,0.9732874110732044,2.7603912579624626e+22,True,True,True,True,True,True
H1L1V1-GSTLAL_AllSky-1241852074-1.xml,1241852074.0,26.378055427127016,18.240282347792927,44.618337774919944,1.4461429337643317,894.4884180046865,0.05,9.059500008789895,0.03611725608122589,1.6114919313354181,-0.20866165113131407,0.14599311166098067,122634.21379522377,1.3990278854251402e-20,1.1751834237571178e-14,Klein_deformada,extrema,1,2.4100058485449707,8.75834567864138,62614.18926032806,694.2303056694666,-104.33082556565704,63204.088740431864,0.21082614673525865,0.21082614673525865,0.15,0.8408998133962692,1.027,1.0000059151241243,0.9523809523809523,4.776310940090808,-0.9036890599091914,recede,0.9732874110732044,2.7603912579624626e+22,True,True,True,True,True,True
H1L1V1-GSTLAL_AllSky-1241912955-1.xml,1241912955.0,39.764235227932446,28.676979100931966,68.44121432886442,1.38662566541537,1380.521419420014,0.05,6.2839444708543875,0.03944380332277693,2.6995817971597504,0.1990920672202271,0.1696402210788116,142497.78570620177,1.0148359423762077e-20,8.524621915960148e-15,Klein_extrema,extrema,1,1.2663050840801662,8.852579892484972,96636.49935940097,248.97281067183008,99.54603361011355,96985.0182036829,0.323507198448878,0.323507198448878,0.15,0.8409025160884589,1.027,1.0000091291909292,0.9523809523809523,4.776326291382446,-0.9036737086175535,recede,1.1309348071920775,4.2602891003301626e+22,True,True,True,True,True,True
H1L1V1-GSTLAL_AllSky-1241940902-1.xml,1241940902.0,39.764235227932446,28.676979100931966,68.44121432886442,1.38662566541537,1380.521419420014,0.05,6.2839444708543875,0.03944380332277693,2.6995817971597504,0.1990920672202271,0.1696402210788116,142497.78570620177,1.0148359423762077e-20,8.524621915960148e-15,Klein_extrema,extrema,1,1.2663050840801662,8.852579892484972,96636.49935940097,248.97281067183008,99.54603361011355,96985.0182036829,0.323507198448878,0.323507198448878,0.15,0.8409025160884589,1.027,1.0000091291909292,0.9523809523809523,4.776326291382446,-0.9036737086175535,recede,1.1309348071920775,4.2602891003301626e+22,True,True,True,True,True,True
H1L1V1-GSTLAL_AllSky-1241956664-1.xml,1241956664.0,67.00519821713233,42.78153993415776,109.7867381512901,1.5662175396270352,1021.7895432456755,0.05,6.2374349067994865,0.033731640951177116,3.703286832520216,-0.26891491706835297,0.23099010559052502,194031.688696041,1.9157826499787253e-20,1.609257425982129e-14,Klein_extrema,extrema,1,1.0669508415489588,8.787239044783227,71525.2680271973,-392.8442048240866,-134.45745853417648,70997.96636383903,0.23682372411062802,0.23682372411062802,0.15,0.840900521281857,1.027,1.0000067569482796,0.9523809523809523,4.776314960880947,-0.9036850391190523,recede,1.5399340372701669,3.1532425304561546e+22,True,True,True,True,True,True
H1L1V1-GSTLAL_AllSky-1241959580-1.xml,1241959580.0,26.378055427127016,18.240282347792927,44.618337774919944,1.4461429337643317,894.4884180046865,0.05,9.059500008789895,0.03611725608122589,1.6114919313354181,-0.20866165113131407,0.14599311166098067,122634.21379522377,1.3990278854251402e-20,1.1751834237571178e-14,Klein_deformada,extrema,1,2.4100058485449707,8.75834567864138,62614.18926032806,694.2303056694666,-104.33082556565704,63204.088740431864,0.21082614673525865,0.21082614673525865,0.15,0.8408998133962692,1.027,1.0000059151241243,0.9523809523809523,4.776310940090808,-0.9036890599091914,recede,0.9732874110732044,2.7603912579624626e+22,True,True,True,True,True,True
H1L1V1-GSTLAL_AllSky-1242107479-1.xml,1242107479.0,73.85606416738264,47.311213145823274,121.16727731320591,1.5610689148837182,687.1386031526014,0.05,7.730159857480551,0.03607562334432918,4.3711850580090985,0.22492214020728457,0.3378995926504073,283835.65782634215,4.311530349837553e-20,3.621685493863545e-14,Klein_extrema,extrema,1,1.7526116034373285,8.701080491684813,48099.7022206821,289.85247480453336,112.46107010364229,48502.01576559027,0.16178531004135627,0.16178531004135627,0.15,0.8408986603825365,1.027,1.00000454394942,0.9523809523809523,4.776304390972807,-0.903695609027193,recede,2.2526639510027153,2.120509729328928e+22,True,True,True,True,True,True
H1L1V1-GSTLAL_AllSky-1242139414-1.xml,1242139414.0,36.20529809196038,10.21375837904414,46.419056471004524,3.5447576443793523,715.4876821377528,0.05,8.663011542138548,0.01982684174970905,0.9203432868214145,0.2132038743542179,0.07972944516463641,66972.7339382946,9.736421512501027e-21,8.178594070500864e-15,Klein_deformada,extrema,1,1.2097237717234406,8.709859398497816,50084.137749642694,615.0325499917819,106.60193717710895,50805.77223681159,0.16946981447015452,0.16946981447015452,0.15,0.8408988180237545,1.027,1.0000047314178295,0.9523809523809523,4.776305286374925,-0.9036947136250744,recede,0.5315296344309095,2.2079949870771053e+22,True,True,True,True,True,True
H1L1V1-GSTLAL_AllSky-1242442967-1.xml,1242442967.0,23.696822383353727,21.33870164856353,45.035524031917255,1.1105091009578336,1814.0973773205783,0.05,8.369650554642138,0.04554378330124703,2.0510881473677425,0.002182813565072772,0.17166891050236344,144201.8848219853,7.63433838120063e-21,6.4128442402085286e-15,Klein_extrema,extrema,1,2.593812894108137,8.911888615561237,126986.81641244049,288.74494302615767,1.091406782536386,127276.65276224918,0.4245492151848903,0.4245492151848903,0.15,0.8409049270818518,1.027,1.0000119963667995,0.9523809523809523,4.776339985824918,-0.9036600141750819,recede,1.1444594033490894,5.5983045064113045e+22,True,True,True,True,True,True
H1L1V1-GSTLAL_AllSky-1242279434-1.xml,1242279434.0,23.696822383353727,21.33870164856353,45.035524031917255,1.1105091009578336,1814.0973773205783,0.05,8.369650554642138,0.04554378330124703,2.0510881473677425,0.002182813565072772,0.17166891050236344,144201.8848219853,7.63433838120063e-21,6.4128442402085286e-15,Klein_extrema,extrema,1,2.593812894108137,8.911888615561237,126986.81641244049,288.74494302615767,1.091406782536386,127276.65276224918,0.4245492151848903,0.4245492151848903,0.15,0.8409049270818518,1.027,1.0000119963667995,0.9523809523809523,4.776339985824918,-0.9036600141750819,recede,1.1444594033490894,5.5983045064113045e+22,True,True,True,True,True,True
H1L1V1-GSTLAL_AllSky-1242315362-1.xml,1242315362.0,36.20529809196038,10.21375837904414,46.419056471004524,3.5447576443793523,715.4876821377528,0.05,8.663011542138548,0.01982684174970905,0.9203432868214145,0.2132038743542179,0.07972944516463641,66972.7339382946,9.736421512501027e-21,8.178594070500864e-15,Klein_deformada,extrema,1,1.2097237717234406,8.709859398497816,50084.137749642694,615.0325499917819,106.60193717710895,50805.77223681159,0.16946981447015452,0.16946981447015452,0.15,0.8408988180237545,1.027,1.0000047314178295,0.9523809523809523,4.776305286374925,-0.9036947136250744,recede,0.5315296344309095,2.2079949870771053e+22,True,True,True,True,True,True
H1L1V1-GSTLAL_AllSky-1242369559-1.xml,1242369559.0,36.20529809196038,10.21375837904414,46.419056471004524,3.5447576443793523,715.4876821377528,0.05,8.663011542138548,0.01982684174970905,0.9203432868214145,0.2132038743542179,0.07972944516463641,66972.7339382946,9.736421512501027e-21,8.178594070500864e-15,Klein_deformada,extrema,1,1.2097237717234406,8.709859398497816,50084.137749642694,615.0325499917819,106.60193717710895,50805.77223681159,0.16946981447015452,0.16946981447015452,0.15,0.8408988180237545,1.027,1.0000047314178295,0.9523809523809523,4.776305286374925,-0.9036947136250744,recede,0.5315296344309095,2.2079949870771053e+22,True,True,True,True,True,True
H1L1V1-GSTLAL_AllSky-1242420354-1.xml,1242420354.0,26.378055427127016,18.240282347792927,44.618337774919944,1.4461429337643317,894.4884180046865,0.05,9.059500008789895,0.03611725608122589,1.6114919313354181,-0.20866165113131407,0.14599311166098067,122634.21379522377,1.3990278854251402e-20,1.1751834237571178e-14,Klein_deformada,extrema,1,2.4100058485449707,8.75834567864138,62614.18926032806,694.2303056694666,-104.33082556565704,63204.088740431864,0.21082614673525865,0.21082614673525865,0.15,0.8408998133962692,1.027,1.0000059151241243,0.9523809523809523,4.776310940090808,-0.9036890599091914,recede,0.9732874110732044,2.7603912579624626e+22,True,True,True,True,True,True
H1L1V1-GSTLAL_AllSky-1242456568-1.xml,1242456568.0,39.764235227932446,28.676979100931966,68.44121432886442,1.38662566541537,1380.521419420014,0.05,6.2839444708543875,0.03944380332277693,2.6995817971597504,0.1990920672202271,0.1696402210788116,142497.78570620177,1.0148359423762077e-20,8.524621915960148e-15,Klein_extrema,extrema,1,1.2663050840801662,8.852579892484972,96636.49935940097,248.97281067183008,99.54603361011355,96985.0182036829,0.323507198448878,0.323507198448878,0.15,0.8409025160884589,1.027,1.0000091291909292,0.9523809523809523,4.776326291382446,-0.9036737086175535,recede,1.1309348071920775,4.2602891003301626e+22,True,True,True,True,True,True
H1L1V1-GSTLAL_AllSky-1242290807-1.xml,1242290807.0,23.696822383353727,21.33870164856353,45.035524031917255,1.1105091009578336,1814.0973773205783,0.05,8.369650554642138,0.04554378330124703,2.0510881473677425,0.002182813565072772,0.17166891050236344,144201.8848219853,7.63433838120063e-21,6.4128442402085286e-15,Klein_extrema,extrema,1,2.593812894108137,8.911888615561237,126986.81641244049,288.74494302615767,1.091406782536386,127276.65276224918,0.4245492151848903,0.4245492151848903,0.15,0.8409049270818518,1.027,1.0000119963667995,0.9523809523809523,4.776339985824918,-0.9036600141750819,recede,1.1444594033490894,5.5983045064113045e+22,True,True,True,True,True,True
H1L1V1-GSTLAL_AllSky-1242510975-1.xml,1242510975.0,45.46885594268869,21.265308652946544,66.73416459563524,2.138170514463164,500.0,0.05,7.558670572279395,0.026046029629352672,1.7381600283480134,-0.07152874499456707,0.13138179056186447,110360.70407196617,2.3675069866590634e-20,1.9887058687936137e-14,Klein_deformada,extrema,1,1.2098380936525868,8.632043320000633,35000.0,288.7661566297893,-35.76437249728354,35253.00178413251,0.11759135643143001,0.11759135643143001,0.11759135643143001,0.8641750463711423,1.0211664441576573,1.000002592049471,0.9523809523809523,4.908514263388088,-0.7714857366119121,recede,0.8758786037457632,1.543e+22,True,True,True,True,True,True
H1L1V1-GSTLAL_AllSky-1242459857-1.xml,1242459857.0,47.153336480007304,41.71406208484876,88.86739856485607,1.1303942633084918,619.7263620066523,0.05,7.590558006516382,0.044809119225615895,3.982069857562963,-0.153446547032971,0.30226132239832104,253899.51081458968,4.314351460287137e-20,3.6240552266411953e-14,Klein_extrema,extrema,1,2.098981945204706,8.678658303143635,43380.84534046566,688.2215628838453,-76.7232735164855,43992.34362983302,0.1467426629853144,0.1467426629853144,0.1467426629853144,0.8432219517777669,1.0264136793373566,1.0000040091679365,0.9523809523809523,4.789500686097716,-0.8904993139022839,recede,2.0150754826554733,1.912475553152529e+22,True,True,True,True,True,True
H1L1V1-GSTLAL_AllSky-1242565015-1.xml,1242565015.0,45.46885594268869,21.265308652946544,66.73416459563524,2.138170514463164,500.0,0.05,7.558670572279395,0.026046029629352672,1.7381600283480134,-0.07152874499456707,0.13138179056186447,110360.70407196617,2.3675069866590634e-20,1.9887058687936137e-14,Klein_deformada,extrema,1,1.2098380936525868,8.632043320000633,35000.0,288.7661566297893,-35.76437249728354,35253.00178413251,0.11759135643143001,0.11759135643143001,0.11759135643143001,0.8641750463711423,1.0211664441576573,1.000002592049471,0.9523809523809523,4.908514263388088,-0.7714857366119121,recede,0.8758786037457632,1.543e+22,True,True,True,True,True,True
H1L1V1-GSTLAL_AllSky-1242566558-1.xml,1242566558.0,47.153336480007304,41.71406208484876,88.86739856485607,1.1303942633084918,619.7263620066523,0.05,7.590558006516382,0.044809119225615895,3.982069857562963,-0.153446547032971,0.30226132239832104,253899.51081458968,4.314351460287137e-20,3.6240552266411953e-14,Klein_extrema,extrema,1,2.098981945204706,8.678658303143635,43380.84534046566,688.2215628838453,-76.7232735164855,43992.34362983302,0.1467426629853144,0.1467426629853144,0.1467426629853144,0.8432219517777669,1.0264136793373566,1.0000040091679365,0.9523809523809523,4.789500686097716,-0.8904993139022839,recede,2.0150754826554733,1.912475553152529e+22,True,True,True,True,True,True
H1L1V1-GSTLAL_AllSky-1242571165-1.xml,1242571165.0,47.153336480007304,41.71406208484876,88.86739856485607,1.1303942633084918,619.7263620066523,0.05,7.590558006516382,0.044809119225615895,3.982069857562963,-0.153446547032971,0.30226132239832104,253899.51081458968,4.314351460287137e-20,3.6240552266411953e-14,Klein_extrema,extrema,1,2.098981945204706,8.678658303143635,43380.84534046566,688.2215628838453,-76.7232735164855,43992.34362983302,0.1467426629853144,0.1467426629853144,0.1467426629853144,0.8432219517777669,1.0264136793373566,1.0000040091679365,0.9523809523809523,4.789500686097716,-0.8904993139022839,recede,2.0150754826554733,1.912475553152529e+22,True,True,True,True,True,True
H1L1V1-GSTLAL_AllSky-1242588150-1.xml,1242588150.0,23.696822383353727,21.33870164856353,45.035524031917255,1.1105091009578336,1814.0973773205783,0.05,8.369650554642138,0.04554378330124703,2.0510881473677425,0.002182813565072772,0.17166891050236344,144201.8848219853,7.63433838120063e-21,6.4128442402085286e-15,Klein_extrema,extrema,1,2.593812894108137,8.911888615561237,126986.81641244049,288.74494302615767,1.091406782536386,127276.65276224918,0.4245492151848903,0.4245492151848903,0.15,0.8409049270818518,1.027,1.0000119963667995,0.9523809523809523,4.776339985824918,-0.9036600141750819,recede,1.1444594033490894,5.5983045064113045e+22,True,True,True,True,True,True
H1L1V1-GSTLAL_AllSky-1242717927-1.xml,1242717927.0,45.46885594268869,21.265308652946544,66.73416459563524,2.138170514463164,500.0,0.05,7.558670572279395,0.026046029629352672,1.7381600283480134,-0.07152874499456707,0.13138179056186447,110360.70407196617,2.3675069866590634e-20,1.9887058687936137e-14,Klein_deformada,extrema,1,1.2098380936525868,8.632043320000633,35000.0,288.7661566297893,-35.76437249728354,35253.00178413251,0.11759135643143001,0.11759135643143001,0.11759135643143001,0.8641750463711423,1.0211664441576573,1.000002592049471,0.9523809523809523,4.908514263388088,-0.7714857366119121,recede,0.8758786037457632,1.543e+22,True,True,True,True,True,True
H1L1V1-GSTLAL_AllSky-1242632879-1.xml,1242632879.0,36.20529809196038,10.21375837904414,46.419056471004524,3.5447576443793523,715.4876821377528,0.05,8.663011542138548,0.01982684174970905,0.9203432868214145,0.2132038743542179,0.07972944516463641,66972.7339382946,9.736421512501027e-21,8.178594070500864e-15,Klein_deformada,extrema,1,1.2097237717234406,8.709859398497816,50084.137749642694,615.0325499917819,106.60193717710895,50805.77223681159,0.16946981447015452,0.16946981447015452,0.15,0.8408988180237545,1.027,1.0000047314178295,0.9523809523809523,4.776305286374925,-0.9036947136250744,recede,0.5315296344309095,2.2079949870771053e+22,True,True,True,True,True,True
H1L1V1-GSTLAL_AllSky-1242753325-1.xml,1242753325.0,67.00519821713233,42.78153993415776,109.7867381512901,1.5662175396270352,1021.7895432456755,0.05,6.2374349067994865,0.033731640951177116,3.703286832520216,-0.26891491706835297,0.23099010559052502,194031.688696041,1.9157826499787253e-20,1.609257425982129e-14,Klein_extrema,extrema,1,1.0669508415489588,8.787239044783227,71525.2680271973,-392.8442048240866,-134.45745853417648,70997.96636383903,0.23682372411062802,0.23682372411062802,0.15,0.840900521281857,1.027,1.0000067569482796,0.9523809523809523,4.776314960880947,-0.9036850391190523,recede,1.5399340372701669,3.1532425304561546e+22,True,True,True,True,True,True
H1L1V1-GSTLAL_AllSky-1242729611-1.xml,1242729611.0,43.62847252866429,13.688012275843969,57.316484804508256,3.1873490211327464,2458.2524686493043,0.05,7.559021578538875,0.025690253294789668,1.47247501259478,0.6571937508962258,0.11130470394063248,93495.95131013129,3.558878246178128e-21,2.989457726789628e-15,Klein_deformada,extrema,1,1.1934231142826748,8.977871559815451,172077.6728054513,213.52501537756984,328.5968754481129,172619.79469627695,0.5757976563115439,0.5757976563115439,0.15,0.8409085090463054,1.027,1.0000162560723962,0.9523809523809523,4.776360331383015,-0.903639668616985,recede,0.7420313596042163,7.586167118251753e+22,True,True,True,True,True,True
H1L1V1-GSTLAL_AllSky-1242755794-1.xml,1242755794.0,43.62847252866429,13.688012275843969,57.316484804508256,3.1873490211327464,2458.2524686493043,0.05,7.559021578538875,0.025690253294789668,1.47247501259478,0.6571937508962258,0.11130470394063248,93495.95131013129,3.558878246178128e-21,2.989457726789628e-15,Klein_deformada,extrema,1,1.1934231142826748,8.977871559815451,172077.6728054513,213.52501537756984,328.5968754481129,172619.79469627695,0.5757976563115439,0.5757976563115439,0.15,0.8409085090463054,1.027,1.0000162560723962,0.9523809523809523,4.776360331383015,-0.903639668616985,recede,0.7420313596042163,7.586167118251753e+22,True,True,True,True,True,True
H1L1V1-GSTLAL_AllSky-1242794162-1.xml,1242794162.0,67.00519821713233,42.78153993415776,109.7867381512901,1.5662175396270352,1021.7895432456755,0.05,6.2374349067994865,0.033731640951177116,3.703286832520216,-0.26891491706835297,0.23099010559052502,194031.688696041,1.9157826499787253e-20,1.609257425982129e-14,Klein_extrema,extrema,1,1.0669508415489588,8.787239044783227,71525.2680271973,-392.8442048240866,-134.45745853417648,70997.96636383903,0.23682372411062802,0.23682372411062802,0.15,0.840900521281857,1.027,1.0000067569482796,0.9523809523809523,4.776314960880947,-0.9036850391190523,recede,1.5399340372701669,3.1532425304561546e+22,True,True,True,True,True,True
H1L1V1-GSTLAL_AllSky-1242808754-1.xml,1242808754.0,67.00519821713233,42.78153993415776,109.7867381512901,1.5662175396270352,1021.7895432456755,0.05,6.2374349067994865,0.033731640951177116,3.703286832520216,-0.26891491706835297,0.23099010559052502,194031.688696041,1.9157826499787253e-20,1.609257425982129e-14,Klein_extrema,extrema,1,1.0669508415489588,8.787239044783227,71525.2680271973,-392.8442048240866,-134.45745853417648,70997.96636383903,0.23682372411062802,0.23682372411062802,0.15,0.840900521281857,1.027,1.0000067569482796,0.9523809523809523,4.776314960880947,-0.9036850391190523,recede,1.5399340372701669,3.1532425304561546e+22,True,True,True,True,True,True
H1L1V1-GSTLAL_AllSky-1242837242-1.xml,1242837242.0,45.46885594268869,21.265308652946544,66.73416459563524,2.138170514463164,500.0,0.05,7.558670572279395,0.026046029629352672,1.7381600283480134,-0.07152874499456707,0.13138179056186447,110360.70407196617,2.3675069866590634e-20,1.9887058687936137e-14,Klein_deformada,extrema,1,1.2098380936525868,8.632043320000633,35000.0,288.7661566297893,-35.76437249728354,35253.00178413251,0.11759135643143001,0.11759135643143001,0.11759135643143001,0.8641750463711423,1.0211664441576573,1.000002592049471,0.9523809523809523,4.908514263388088,-0.7714857366119121,recede,0.8758786037457632,1.543e+22,True,True,True,True,True,True
H1L1V1-GSTLAL_AllSky-1242841854-1.xml,1242841854.0,43.62847252866429,13.688012275843969,57.316484804508256,3.1873490211327464,2458.2524686493043,0.05,7.559021578538875,0.025690253294789668,1.47247501259478,0.6571937508962258,0.11130470394063248,93495.95131013129,3.558878246178128e-21,2.989457726789628e-15,Klein_deformada,extrema,1,1.1934231142826748,8.977871559815451,172077.6728054513,213.52501537756984,328.5968754481129,172619.79469627695,0.5757976563115439,0.5757976563115439,0.15,0.8409085090463054,1.027,1.0000162560723962,0.9523809523809523,4.776360331383015,-0.903639668616985,recede,0.7420313596042163,7.586167118251753e+22,True,True,True,True,True,True
H1L1V1-GSTLAL_AllSky-1242850387-1.xml,1242850387.0,47.153336480007304,41.71406208484876,88.86739856485607,1.1303942633084918,619.7263620066523,0.05,7.590558006516382,0.044809119225615895,3.982069857562963,-0.153446547032971,0.30226132239832104,253899.51081458968,4.314351460287137e-20,3.6240552266411953e-14,Klein_extrema,extrema,1,2.098981945204706,8.678658303143635,43380.84534046566,688.2215628838453,-76.7232735164855,43992.34362983302,0.1467426629853144,0.1467426629853144,0.1467426629853144,0.8432219517777669,1.0264136793373566,1.0000040091679365,0.9523809523809523,4.789500686097716,-0.8904993139022839,recede,2.0150754826554733,1.912475553152529e+22,True,True,True,True,True,True
H1L1V1-GSTLAL_AllSky-1242960785-1.xml,1242960785.0,26.378055427127016,18.240282347792927,44.618337774919944,1.4461429337643317,894.4884180046865,0.05,9.059500008789895,0.03611725608122589,1.6114919313354181,-0.20866165113131407,0.14599311166098067,122634.21379522377,1.3990278854251402e-20,1.1751834237571178e-14,Klein_deformada,extrema,1,2.4100058485449707,8.75834567864138,62614.18926032806,694.2303056694666,-104.33082556565704,63204.088740431864,0.21082614673525865,0.21082614673525865,0.15,0.8408998133962692,1.027,1.0000059151241243,0.9523809523809523,4.776310940090808,-0.9036890599091914,recede,0.9732874110732044,2.7603912579624626e+22,True,True,True,True,True,True
H1L1V1-GSTLAL_AllSky-1242967497-1.xml,1242967497.0,56.0014831851786,36.754082289939994,92.7555654751186,1.5236806280021535,806.5344961780761,0.05,9.400297378258823,0.03691095408381293,3.4236964182702065,0.23772058868539075,0.3218376446461955,270343.6215028043,3.450933702276459e-20,2.898784309912226e-14,Klein_extrema,extrema,1,2.651754686663999,8.735869791469073,56457.414732465324,564.3507917065458,118.86029434269538,57140.62581851456,0.1906006115020898,0.1906006115020898,0.15,0.8408993243093615,1.027,1.000005333497404,0.9523809523809523,4.776308162077173,-0.9036918379228265,recede,2.1455842976413035,2.4889654552055427e+22,True,True,True,True,True,True
H1L1V1-GSTLAL_AllSky-1242969291-1.xml,1242969291.0,56.0014831851786,36.754082289939994,92.7555654751186,1.5236806280021535,806.5344961780761,0.05,9.400297378258823,0.03691095408381293,3.4236964182702065,0.23772058868539075,0.3218376446461955,270343.6215028043,3.450933702276459e-20,2.898784309912226e-14,Klein_extrema,extrema,1,2.651754686663999,8.735869791469073,56457.414732465324,564.3507917065458,118.86029434269538,57140.62581851456,0.1906006115020898,0.1906006115020898,0.15,0.8408993243093615,1.027,1.000005333497404,0.9523809523809523,4.776308162077173,-0.9036918379228265,recede,2.1455842976413035,2.4889654552055427e+22,True,True,True,True,True,True
H1L1V1-GSTLAL_AllSky-1242984073-1.xml,1242984073.0,26.378055427127016,18.240282347792927,44.618337774919944,1.4461429337643317,894.4884180046865,0.05,9.059500008789895,0.03611725608122589,1.6114919313354181,-0.20866165113131407,0.14599311166098067,122634.21379522377,1.3990278854251402e-20,1.1751834237571178e-14,Klein_deformada,extrema,1,2.4100058485449707,8.75834567864138,62614.18926032806,694.2303056694666,-104.33082556565704,63204.088740431864,0.21082614673525865,0.21082614673525865,0.15,0.8408998133962692,1.027,1.0000059151241243,0.9523809523809523,4.776310940090808,-0.9036890599091914,recede,0.9732874110732044,2.7603912579624626e+22,True,True,True,True,True,True
H1L1V1-GSTLAL_AllSky-1243058210-1.xml,1243058210.0,26.378055427127016,18.240282347792927,44.618337774919944,1.4461429337643317,894.4884180046865,0.05,9.059500008789895,0.03611725608122589,1.6114919313354181,-0.20866165113131407,0.14599311166098067,122634.21379522377,1.3990278854251402e-20,1.1751834237571178e-14,Klein_deformada,extrema,1,2.4100058485449707,8.75834567864138,62614.18926032806,694.2303056694666,-104.33082556565704,63204.088740431864,0.21082614673525865,0.21082614673525865,0.15,0.8408998133962692,1.027,1.0000059151241243,0.9523809523809523,4.776310940090808,-0.9036890599091914,recede,0.9732874110732044,2.7603912579624626e+22,True,True,True,True,True,True
H1L1V1-GSTLAL_AllSky-1243058459-1.xml,1243058459.0,43.62847252866429,13.688012275843969,57.316484804508256,3.1873490211327464,2458.2524686493043,0.05,7.559021578538875,0.025690253294789668,1.47247501259478,0.6571937508962258,0.11130470394063248,93495.95131013129,3.558878246178128e-21,2.989457726789628e-15,Klein_deformada,extrema,1,1.1934231142826748,8.977871559815451,172077.6728054513,213.52501537756984,328.5968754481129,172619.79469627695,0.5757976563115439,0.5757976563115439,0.15,0.8409085090463054,1.027,1.0000162560723962,0.9523809523809523,4.776360331383015,-0.903639668616985,recede,0.7420313596042163,7.586167118251753e+22,True,True,True,True,True,True
H1L1V1-GSTLAL_AllSky-1243134883-1.xml,1243134883.0,56.0014831851786,36.754082289939994,92.7555654751186,1.5236806280021535,806.5344961780761,0.05,9.400297378258823,0.03691095408381293,3.4236964182702065,0.23772058868539075,0.3218376446461955,270343.6215028043,3.450933702276459e-20,2.898784309912226e-14,Klein_extrema,extrema,1,2.651754686663999,8.735869791469073,56457.414732465324,564.3507917065458,118.86029434269538,57140.62581851456,0.1906006115020898,0.1906006115020898,0.15,0.8408993243093615,1.027,1.000005333497404,0.9523809523809523,4.776308162077173,-0.9036918379228265,recede,2.1455842976413035,2.4889654552055427e+22,True,True,True,True,True,True
H1L1V1-GSTLAL_AllSky-1243139732-1.xml,1243139732.0,67.00519821713233,42.78153993415776,109.7867381512901,1.5662175396270352,1021.7895432456755,0.05,6.2374349067994865,0.033731640951177116,3.703286832520216,-0.26891491706835297,0.23099010559052502,194031.688696041,1.9157826499787253e-20,1.609257425982129e-14,Klein_extrema,extrema,1,1.0669508415489588,8.787239044783227,71525.2680271973,-392.8442048240866,-134.45745853417648,70997.96636383903,0.23682372411062802,0.23682372411062802,0.15,0.840900521281857,1.027,1.0000067569482796,0.9523809523809523,4.776314960880947,-0.9036850391190523,recede,1.5399340372701669,3.1532425304561546e+22,True,True,True,True,True,True
H1L1V1-GSTLAL_AllSky-1243241875-1.xml,1243241875.0,23.696822383353727,21.33870164856353,45.035524031917255,1.1105091009578336,1814.0973773205783,0.05,8.369650554642138,0.04554378330124703,2.0510881473677425,0.002182813565072772,0.17166891050236344,144201.8848219853,7.63433838120063e-21,6.4128442402085286e-15,Klein_extrema,extrema,1,2.593812894108137,8.911888615561237,126986.81641244049,288.74494302615767,1.091406782536386,127276.65276224918,0.4245492151848903,0.4245492151848903,0.15,0.8409049270818518,1.027,1.0000119963667995,0.9523809523809523,4.776339985824918,-0.9036600141750819,recede,1.1444594033490894,5.5983045064113045e+22,True,True,True,True,True,True
H1L1V1-GSTLAL_AllSky-1243305426-1.xml,1243305426.0,46.65967036198622,24.273644586214218,70.93331494820043,1.922235871760508,3480.0563483618703,0.05,8.161104021433868,0.028410238390144123,2.015232387481548,-0.2908890880022893,0.16446521141599438,138150.77758943528,3.6055468877183775e-21,3.028659385683437e-15,Klein_extrema,extrema,1,1.5383940562088152,9.05335145583817,243603.94438533092,131.39313631437744,-145.44454400114464,243589.89297764417,0.8125284225050258,0.8125284225050258,0.15,0.8409141910089649,1.027,1.0000230131154808,0.9523809523809523,4.776392604930921,-0.9036073950690788,recede,1.096434742773296,1.0739453891044732e+23,True,True,True,True,True,True
H1L1V1-GSTLAL_AllSky-1243407873-1.xml,1243407873.0,46.65967036198622,24.273644586214218,70.93331494820043,1.922235871760508,3480.0563483618703,0.05,8.161104021433868,0.028410238390144123,2.015232387481548,-0.2908890880022893,0.16446521141599438,138150.77758943528,3.6055468877183775e-21,3.028659385683437e-15,Klein_extrema,extrema,1,1.5383940562088152,9.05335145583817,243603.94438533092,131.39313631437744,-145.44454400114464,243589.89297764417,0.8125284225050258,0.8125284225050258,0.15,0.8409141910089649,1.027,1.0000230131154808,0.9523809523809523,4.776392604930921,-0.9036073950690788,recede,1.096434742773296,1.0739453891044732e+23,True,True,True,True,True,True
H1L1V1-GSTLAL_AllSky-1243497876-1.xml,1243497876.0,23.696822383353727,21.33870164856353,45.035524031917255,1.1105091009578336,1814.0973773205783,0.05,8.369650554642138,0.04554378330124703,2.0510881473677425,0.002182813565072772,0.17166891050236344,144201.8848219853,7.63433838120063e-21,6.4128442402085286e-15,Klein_extrema,extrema,1,2.593812894108137,8.911888615561237,126986.81641244049,288.74494302615767,1.091406782536386,127276.65276224918,0.4245492151848903,0.4245492151848903,0.15,0.8409049270818518,1.027,1.0000119963667995,0.9523809523809523,4.776339985824918,-0.9036600141750819,recede,1.1444594033490894,5.5983045064113045e+22,True,True,True,True,True,True
H1L1V1-GSTLAL_AllSky-1243533585-1.xml,1243533585.0,23.696822383353727,21.33870164856353,45.035524031917255,1.1105091009578336,1814.0973773205783,0.05,8.369650554642138,0.04554378330124703,2.0510881473677425,0.002182813565072772,0.17166891050236344,144201.8848219853,7.63433838120063e-21,6.4128442402085286e-15,Klein_extrema,extrema,1,2.593812894108137,8.911888615561237,126986.81641244049,288.74494302615767,1.091406782536386,127276.65276224918,0.4245492151848903,0.4245492151848903,0.15,0.8409049270818518,1.027,1.0000119963667995,0.9523809523809523,4.776339985824918,-0.9036600141750819,recede,1.1444594033490894,5.5983045064113045e+22,True,True,True,True,True,True
H1L1V1-GSTLAL_AllSky-1243536309-1.xml,1243536309.0,56.0014831851786,36.754082289939994,92.7555654751186,1.5236806280021535,806.5344961780761,0.05,9.400297378258823,0.03691095408381293,3.4236964182702065,0.23772058868539075,0.3218376446461955,270343.6215028043,3.450933702276459e-20,2.898784309912226e-14,Klein_extrema,extrema,1,2.651754686663999,8.735869791469073,56457.414732465324,564.3507917065458,118.86029434269538,57140.62581851456,0.1906006115020898,0.1906006115020898,0.15,0.8408993243093615,1.027,1.000005333497404,0.9523809523809523,4.776308162077173,-0.9036918379228265,recede,2.1455842976413035,2.4889654552055427e+22,True,True,True,True,True,True
H1L1V1-GSTLAL_AllSky-1243931925-1.xml,1243931925.0,24.669954035565762,22.26476456245063,46.93471859801639,1.1080267193649767,4599.390638647949,0.05,8.704370604370293,0.05,2.3467359299008197,0.5427578883914623,0.2042685924444828,171585.61765336557,3.3082690264005195e-21,2.7789459821764363e-15,Klein_extrema,extrema,1,3.079921447895353,9.113908466303542,321957.34470535646,-252.14006539904335,271.37894419573115,321976.58358415315,1.0739982777824022,1.0739982777824022,0.15,0.8409204153106798,1.027,1.0000304151132375,0.9523809523809523,4.776427958964661,-0.9035720410353383,recede,1.361790616296552,1.4193719510867572e+23,True,True,True,True,True,True
H1L1V1-GSTLAL_AllSky-1243557850-1.xml,1243557850.0,46.65967036198622,24.273644586214218,70.93331494820043,1.922235871760508,3480.0563483618703,0.05,8.161104021433868,0.028410238390144123,2.015232387481548,-0.2908890880022893,0.16446521141599438,138150.77758943528,3.6055468877183775e-21,3.028659385683437e-15,Klein_extrema,extrema,1,1.5383940562088152,9.05335145583817,243603.94438533092,131.39313631437744,-145.44454400114464,243589.89297764417,0.8125284225050258,0.8125284225050258,0.15,0.8409141910089649,1.027,1.0000230131154808,0.9523809523809523,4.776392604930921,-0.9036073950690788,recede,1.096434742773296,1.0739453891044732e+23,True,True,True,True,True,True
H1L1V1-GSTLAL_AllSky-1243734617-1.xml,1243734617.0,45.46885594268869,21.265308652946544,66.73416459563524,2.138170514463164,500.0,0.05,7.558670572279395,0.026046029629352672,1.7381600283480134,-0.07152874499456707,0.13138179056186447,110360.70407196617,2.3675069866590634e-20,1.9887058687936137e-14,Klein_deformada,extrema,1,1.2098380936525868,8.632043320000633,35000.0,288.7661566297893,-35.76437249728354,35253.00178413251,0.11759135643143001,0.11759135643143001,0.11759135643143001,0.8641750463711423,1.0211664441576573,1.000002592049471,0.9523809523809523,4.908514263388088,-0.7714857366119121,recede,0.8758786037457632,1.543e+22,True,True,True,True,True,True
H1L1V1-GSTLAL_AllSky-1243926576-1.xml,1243926576.0,24.669954035565762,22.26476456245063,46.93471859801639,1.1080267193649767,4599.390638647949,0.05,8.704370604370293,0.05,2.3467359299008197,0.5427578883914623,0.2042685924444828,171585.61765336557,3.3082690264005195e-21,2.7789459821764363e-15,Klein_extrema,extrema,1,3.079921447895353,9.113908466303542,321957.34470535646,-252.14006539904335,271.37894419573115,321976.58358415315,1.0739982777824022,1.0739982777824022,0.15,0.8409204153106798,1.027,1.0000304151132375,0.9523809523809523,4.776427958964661,-0.9035720410353383,recede,1.361790616296552,1.4193719510867572e+23,True,True,True,True,True,True
H1L1V1-GSTLAL_AllSky-1243605087-1.xml,1243605087.0,26.378055427127016,18.240282347792927,44.618337774919944,1.4461429337643317,894.4884180046865,0.05,9.059500008789895,0.03611725608122589,1.6114919313354181,-0.20866165113131407,0.14599311166098067,122634.21379522377,1.3990278854251402e-20,1.1751834237571178e-14,Klein_deformada,extrema,1,2.4100058485449707,8.75834567864138,62614.18926032806,694.2303056694666,-104.33082556565704,63204.088740431864,0.21082614673525865,0.21082614673525865,0.15,0.8408998133962692,1.027,1.0000059151241243,0.9523809523809523,4.776310940090808,-0.9036890599091914,recede,0.9732874110732044,2.7603912579624626e+22,True,True,True,True,True,True
H1L1V1-GSTLAL_AllSky-1243983869-1.xml,1243983869.0,45.46885594268869,21.265308652946544,66.73416459563524,2.138170514463164,500.0,0.05,7.558670572279395,0.026046029629352672,1.7381600283480134,-0.07152874499456707,0.13138179056186447,110360.70407196617,2.3675069866590634e-20,1.9887058687936137e-14,Klein_deformada,extrema,1,1.2098380936525868,8.632043320000633,35000.0,288.7661566297893,-35.76437249728354,35253.00178413251,0.11759135643143001,0.11759135643143001,0.11759135643143001,0.8641750463711423,1.0211664441576573,1.000002592049471,0.9523809523809523,4.908514263388088,-0.7714857366119121,recede,0.8758786037457632,1.543e+22,True,True,True,True,True,True
H1L1V1-GSTLAL_AllSky-1243985990-1.xml,1243985990.0,46.65967036198622,24.273644586214218,70.93331494820043,1.922235871760508,3480.0563483618703,0.05,8.161104021433868,0.028410238390144123,2.015232387481548,-0.2908890880022893,0.16446521141599438,138150.77758943528,3.6055468877183775e-21,3.028659385683437e-15,Klein_extrema,extrema,1,1.5383940562088152,9.05335145583817,243603.94438533092,131.39313631437744,-145.44454400114464,243589.89297764417,0.8125284225050258,0.8125284225050258,0.15,0.8409141910089649,1.027,1.0000230131154808,0.9523809523809523,4.776392604930921,-0.9036073950690788,recede,1.096434742773296,1.0739453891044732e+23,True,True,True,True,True,True
H1L1V1-GSTLAL_AllSky-1243985856-1.xml,1243985856.0,45.46885594268869,21.265308652946544,66.73416459563524,2.138170514463164,500.0,0.05,7.558670572279395,0.026046029629352672,1.7381600283480134,-0.07152874499456707,0.13138179056186447,110360.70407196617,2.3675069866590634e-20,1.9887058687936137e-14,Klein_deformada,extrema,1,1.2098380936525868,8.632043320000633,35000.0,288.7661566297893,-35.76437249728354,35253.00178413251,0.11759135643143001,0.11759135643143001,0.11759135643143001,0.8641750463711423,1.0211664441576573,1.000002592049471,0.9523809523809523,4.908514263388088,-0.7714857366119121,recede,0.8758786037457632,1.543e+22,True,True,True,True,True,True
H1L1V1-GSTLAL_AllSky-1243993298-1.xml,1243993298.0,30.98963626038301,30.226141609205357,61.215777869588365,1.0252594148816245,5000.0,0.05,6.902151121654235,0.048891330668927,2.9929208379776284,-0.21771483696393706,0.20657591918869622,173523.77211850486,3.0556216748007414e-21,2.5667222068326233e-15,Klein_extrema,extrema,1,1.8936323918253066,9.132043320000633,350000.0,-669.1542125794396,-108.85741848196854,349221.9883689386,1.164879165735846,1.164879165735846,0.15,0.8409226429861442,1.027,1.0000330642857143,0.9523809523809523,4.776440612161299,-0.9035593878387012,recede,1.377172794591308,1.543e+23,True,True,True,True,True,True
H1L1V1-GSTLAL_AllSky-1244069790-1.xml,1244069790.0,24.669954035565762,22.26476456245063,46.93471859801639,1.1080267193649767,4599.390638647949,0.05,8.704370604370293,0.05,2.3467359299008197,0.5427578883914623,0.2042685924444828,171585.61765336557,3.3082690264005195e-21,2.7789459821764363e-15,Klein_extrema,extrema,1,3.079921447895353,9.113908466303542,321957.34470535646,-252.14006539904335,271.37894419573115,321976.58358415315,1.0739982777824022,1.0739982777824022,0.15,0.8409204153106798,1.027,1.0000304151132375,0.9523809523809523,4.776427958964661,-0.9035720410353383,recede,1.361790616296552,1.4193719510867572e+23,True,True,True,True,True,True
H1L1V1-GSTLAL_AllSky-1244154241-1.xml,1244154241.0,30.98963626038301,30.226141609205357,61.215777869588365,1.0252594148816245,5000.0,0.05,6.902151121654235,0.048891330668927,2.9929208379776284,-0.21771483696393706,0.20657591918869622,173523.77211850486,3.0556216748007414e-21,2.5667222068326233e-15,Klein_extrema,extrema,1,1.8936323918253066,9.132043320000633,350000.0,-669.1542125794396,-108.85741848196854,349221.9883689386,1.164879165735846,1.164879165735846,0.15,0.8409226429861442,1.027,1.0000330642857143,0.9523809523809523,4.776440612161299,-0.9035593878387012,recede,1.377172794591308,1.543e+23,True,True,True,True,True,True
H1L1V1-GSTLAL_AllSky-1244070823-1.xml,1244070823.0,43.62847252866429,13.688012275843969,57.316484804508256,3.1873490211327464,2458.2524686493043,0.05,7.559021578538875,0.025690253294789668,1.47247501259478,0.6571937508962258,0.11130470394063248,93495.95131013129,3.558878246178128e-21,2.989457726789628e-15,Klein_deformada,extrema,1,1.1934231142826748,8.977871559815451,172077.6728054513,213.52501537756984,328.5968754481129,172619.79469627695,0.5757976563115439,0.5757976563115439,0.15,0.8409085090463054,1.027,1.0000162560723962,0.9523809523809523,4.776360331383015,-0.903639668616985,recede,0.7420313596042163,7.586167118251753e+22,True,True,True,True,True,True
H1L1V1-GSTLAL_AllSky-1244161081-1.xml,1244161081.0,23.696822383353727,21.33870164856353,45.035524031917255,1.1105091009578336,1814.0973773205783,0.05,8.369650554642138,0.04554378330124703,2.0510881473677425,0.002182813565072772,0.17166891050236344,144201.8848219853,7.63433838120063e-21,6.4128442402085286e-15,Klein_extrema,extrema,1,2.593812894108137,8.911888615561237,126986.81641244049,288.74494302615767,1.091406782536386,127276.65276224918,0.4245492151848903,0.4245492151848903,0.15,0.8409049270818518,1.027,1.0000119963667995,0.9523809523809523,4.776339985824918,-0.9036600141750819,recede,1.1444594033490894,5.5983045064113045e+22,True,True,True,True,True,True
H1L1V1-GSTLAL_AllSky-1244170446-1.xml,1244170446.0,43.62847252866429,13.688012275843969,57.316484804508256,3.1873490211327464,2458.2524686493043,0.05,7.559021578538875,0.025690253294789668,1.47247501259478,0.6571937508962258,0.11130470394063248,93495.95131013129,3.558878246178128e-21,2.989457726789628e-15,Klein_deformada,extrema,1,1.1934231142826748,8.977871559815451,172077.6728054513,213.52501537756984,328.5968754481129,172619.79469627695,0.5757976563115439,0.5757976563115439,0.15,0.8409085090463054,1.027,1.0000162560723962,0.9523809523809523,4.776360331383015,-0.903639668616985,recede,0.7420313596042163,7.586167118251753e+22,True,True,True,True,True,True
H1L1V1-GSTLAL_AllSky-1244178825-1.xml,1244178825.0,24.669954035565762,22.26476456245063,46.93471859801639,1.1080267193649767,4599.390638647949,0.05,8.704370604370293,0.05,2.3467359299008197,0.5427578883914623,0.2042685924444828,171585.61765336557,3.3082690264005195e-21,2.7789459821764363e-15,Klein_extrema,extrema,1,3.079921447895353,9.113908466303542,321957.34470535646,-252.14006539904335,271.37894419573115,321976.58358415315,1.0739982777824022,1.0739982777824022,0.15,0.8409204153106798,1.027,1.0000304151132375,0.9523809523809523,4.776427958964661,-0.9035720410353383,recede,1.361790616296552,1.4193719510867572e+23,True,True,True,True,True,True
H1L1V1-GSTLAL_AllSky-1244255684-1.xml,1244255684.0,43.62847252866429,13.688012275843969,57.316484804508256,3.1873490211327464,2458.2524686493043,0.05,7.559021578538875,0.025690253294789668,1.47247501259478,0.6571937508962258,0.11130470394063248,93495.95131013129,3.558878246178128e-21,2.989457726789628e-15,Klein_deformada,extrema,1,1.1934231142826748,8.977871559815451,172077.6728054513,213.52501537756984,328.5968754481129,172619.79469627695,0.5757976563115439,0.5757976563115439,0.15,0.8409085090463054,1.027,1.0000162560723962,0.9523809523809523,4.776360331383015,-0.903639668616985,recede,0.7420313596042163,7.586167118251753e+22,True,True,True,True,True,True
H1L1V1-GSTLAL_AllSky-1244268714-1.xml,1244268714.0,31.467217109523425,17.96849991480674,49.43571702433016,1.7512434125674132,5000.0,0.05,6.288288493122385,0.03858799474672727,1.9076251888355482,0.7891966612050276,0.11995697524144996,100763.85920281797,1.774374936976524e-21,1.4904749470602803e-15,Klein_deformada,extrema,1,1.2405435506289413,9.132043320000633,350000.0,-597.4434896635854,394.59833060251384,349797.1548409389,1.166797714574057,1.166797714574057,0.15,0.8409226429861442,1.027,1.0000330642857143,0.9523809523809523,4.776440612161299,-0.9035593878387012,recede,0.7997131682763331,1.543e+23,True,True,True,True,True,True
H1L1V1-GSTLAL_AllSky-1244344703-1.xml,1244344703.0,30.98963626038301,30.226141609205357,61.215777869588365,1.0252594148816245,5000.0,0.05,6.902151121654235,0.048891330668927,2.9929208379776284,-0.21771483696393706,0.20657591918869622,173523.77211850486,3.0556216748007414e-21,2.5667222068326233e-15,Klein_extrema,extrema,1,1.8936323918253066,9.132043320000633,350000.0,-669.1542125794396,-108.85741848196854,349221.9883689386,1.164879165735846,1.164879165735846,0.15,0.8409226429861442,1.027,1.0000330642857143,0.9523809523809523,4.776440612161299,-0.9035593878387012,recede,1.377172794591308,1.543e+23,True,True,True,True,True,True
H1L1V1-GSTLAL_AllSky-1244433614-1.xml,1244433614.0,31.467217109523425,17.96849991480674,49.43571702433016,1.7512434125674132,5000.0,0.05,6.288288493122385,0.03858799474672727,1.9076251888355482,0.7891966612050276,0.11995697524144996,100763.85920281797,1.774374936976524e-21,1.4904749470602803e-15,Klein_deformada,extrema,1,1.2405435506289413,9.132043320000633,350000.0,-597.4434896635854,394.59833060251384,349797.1548409389,1.166797714574057,1.166797714574057,0.15,0.8409226429861442,1.027,1.0000330642857143,0.9523809523809523,4.776440612161299,-0.9035593878387012,recede,0.7997131682763331,1.543e+23,True,True,True,True,True,True
H1L1V1-GSTLAL_AllSky-1244479509-1.xml,1244479509.0,56.0014831851786,36.754082289939994,92.7555654751186,1.5236806280021535,806.5344961780761,0.05,9.400297378258823,0.03691095408381293,3.4236964182702065,0.23772058868539075,0.3218376446461955,270343.6215028043,3.450933702276459e-20,2.898784309912226e-14,Klein_extrema,extrema,1,2.651754686663999,8.735869791469073,56457.414732465324,564.3507917065458,118.86029434269538,57140.62581851456,0.1906006115020898,0.1906006115020898,0.15,0.8408993243093615,1.027,1.000005333497404,0.9523809523809523,4.776308162077173,-0.9036918379228265,recede,2.1455842976413035,2.4889654552055427e+22,True,True,True,True,True,True
H1L1V1-GSTLAL_AllSky-1244562300-1.xml,1244562300.0,45.46885594268869,21.265308652946544,66.73416459563524,2.138170514463164,500.0,0.05,7.558670572279395,0.026046029629352672,1.7381600283480134,-0.07152874499456707,0.13138179056186447,110360.70407196617,2.3675069866590634e-20,1.9887058687936137e-14,Klein_deformada,extrema,1,1.2098380936525868,8.632043320000633,35000.0,288.7661566297893,-35.76437249728354,35253.00178413251,0.11759135643143001,0.11759135643143001,0.11759135643143001,0.8641750463711423,1.0211664441576573,1.000002592049471,0.9523809523809523,4.908514263388088,-0.7714857366119121,recede,0.8758786037457632,1.543e+22,True,True,True,True,True,True
H1L1V1-GSTLAL_AllSky-1244579776-1.xml,1244579776.0,56.0014831851786,36.754082289939994,92.7555654751186,1.5236806280021535,806.5344961780761,0.05,9.400297378258823,0.03691095408381293,3.4236964182702065,0.23772058868539075,0.3218376446461955,270343.6215028043,3.450933702276459e-20,2.898784309912226e-14,Klein_extrema,extrema,1,2.651754686663999,8.735869791469073,56457.414732465324,564.3507917065458,118.86029434269538,57140.62581851456,0.1906006115020898,0.1906006115020898,0.15,0.8408993243093615,1.027,1.000005333497404,0.9523809523809523,4.776308162077173,-0.9036918379228265,recede,2.1455842976413035,2.4889654552055427e+22,True,True,True,True,True,True
H1L1V1-GSTLAL_AllSky-1244580182-1.xml,1244580182.0,30.98963626038301,30.226141609205357,61.215777869588365,1.0252594148816245,5000.0,0.05,6.902151121654235,0.048891330668927,2.9929208379776284,-0.21771483696393706,0.20657591918869622,173523.77211850486,3.0556216748007414e-21,2.5667222068326233e-15,Klein_extrema,extrema,1,1.8936323918253066,9.132043320000633,350000.0,-669.1542125794396,-108.85741848196854,349221.9883689386,1.164879165735846,1.164879165735846,0.15,0.8409226429861442,1.027,1.0000330642857143,0.9523809523809523,4.776440612161299,-0.9035593878387012,recede,1.377172794591308,1.543e+23,True,True,True,True,True,True
H1L1V1-GSTLAL_AllSky-1244629354-1.xml,1244629354.0,56.0014831851786,36.754082289939994,92.7555654751186,1.5236806280021535,806.5344961780761,0.05,9.400297378258823,0.03691095408381293,3.4236964182702065,0.23772058868539075,0.3218376446461955,270343.6215028043,3.450933702276459e-20,2.898784309912226e-14,Klein_extrema,extrema,1,2.651754686663999,8.735869791469073,56457.414732465324,564.3507917065458,118.86029434269538,57140.62581851456,0.1906006115020898,0.1906006115020898,0.15,0.8408993243093615,1.027,1.000005333497404,0.9523809523809523,4.776308162077173,-0.9036918379228265,recede,2.1455842976413035,2.4889654552055427e+22,True,True,True,True,True,True
H1L1V1-GSTLAL_AllSky-1244635864-1.xml,1244635864.0,52.79163639580381,10.710877064706853,63.50251346051067,4.928787444471399,817.4774956003035,0.05,8.280773994617206,0.014987406673471494,0.9517379940202709,0.08573720540081808,0.07881127230572205,66201.46873680652,8.327860716922013e-21,6.995403002214491e-15,Klein_deformada,extrema,1,0.8355323004153076,8.738796220718275,57223.424692021246,296.0904950754391,42.86860270040904,57562.383789797095,0.19200744466292444,0.19200744466292444,0.15,0.8408993851602895,1.027,1.000005405861896,0.9523809523809523,4.776308507710445,-0.9036914922895551,recede,0.525408482038147,2.522735551422537e+22,True,True,True,True,True,True
H1L1V1-GSTLAL_AllSky-1244671674-1.xml,1244671674.0,31.467217109523425,17.96849991480674,49.43571702433016,1.7512434125674132,5000.0,0.05,6.288288493122385,0.03858799474672727,1.9076251888355482,0.7891966612050276,0.11995697524144996,100763.85920281797,1.774374936976524e-21,1.4904749470602803e-15,Klein_deformada,extrema,1,1.2405435506289413,9.132043320000633,350000.0,-597.4434896635854,394.59833060251384,349797.1548409389,1.166797714574057,1.166797714574057,0.15,0.8409226429861442,1.027,1.0000330642857143,0.9523809523809523,4.776440612161299,-0.9035593878387012,recede,0.7997131682763331,1.543e+23,True,True,True,True,True,True
H1L1V1-GSTLAL_AllSky-1244711923-1.xml,1244711923.0,52.79163639580381,10.710877064706853,63.50251346051067,4.928787444471399,817.4774956003035,0.05,8.280773994617206,0.014987406673471494,0.9517379940202709,0.08573720540081808,0.07881127230572205,66201.46873680652,8.327860716922013e-21,6.995403002214491e-15,Klein_deformada,extrema,1,0.8355323004153076,8.738796220718275,57223.424692021246,296.0904950754391,42.86860270040904,57562.383789797095,0.19200744466292444,0.19200744466292444,0.15,0.8408993851602895,1.027,1.000005405861896,0.9523809523809523,4.776308507710445,-0.9036914922895551,recede,0.525408482038147,2.522735551422537e+22,True,True,True,True,True,True
H1L1V1-GSTLAL_AllSky-1244713996-1.xml,1244713996.0,46.65967036198622,24.273644586214218,70.93331494820043,1.922235871760508,3480.0563483618703,0.05,8.161104021433868,0.028410238390144123,2.015232387481548,-0.2908890880022893,0.16446521141599438,138150.77758943528,3.6055468877183775e-21,3.028659385683437e-15,Klein_extrema,extrema,1,1.5383940562088152,9.05335145583817,243603.94438533092,131.39313631437744,-145.44454400114464,243589.89297764417,0.8125284225050258,0.8125284225050258,0.15,0.8409141910089649,1.027,1.0000230131154808,0.9523809523809523,4.776392604930921,-0.9036073950690788,recede,1.096434742773296,1.0739453891044732e+23,True,True,True,True,True,True
H1L1V1-GSTLAL_AllSky-1244746871-1.xml,1244746871.0,43.62847252866429,13.688012275843969,57.316484804508256,3.1873490211327464,2458.2524686493043,0.05,7.559021578538875,0.025690253294789668,1.47247501259478,0.6571937508962258,0.11130470394063248,93495.95131013129,3.558878246178128e-21,2.989457726789628e-15,Klein_deformada,extrema,1,1.1934231142826748,8.977871559815451,172077.6728054513,213.52501537756984,328.5968754481129,172619.79469627695,0.5757976563115439,0.5757976563115439,0.15,0.8409085090463054,1.027,1.0000162560723962,0.9523809523809523,4.776360331383015,-0.903639668616985,recede,0.7420313596042163,7.586167118251753e+22,True,True,True,True,True,True
H1L1V1-GSTLAL_AllSky-1244806663-1.xml,1244806663.0,46.65967036198622,24.273644586214218,70.93331494820043,1.922235871760508,3480.0563483618703,0.05,8.161104021433868,0.028410238390144123,2.015232387481548,-0.2908890880022893,0.16446521141599438,138150.77758943528,3.6055468877183775e-21,3.028659385683437e-15,Klein_extrema,extrema,1,1.5383940562088152,9.05335145583817,243603.94438533092,131.39313631437744,-145.44454400114464,243589.89297764417,0.8125284225050258,0.8125284225050258,0.15,0.8409141910089649,1.027,1.0000230131154808,0.9523809523809523,4.776392604930921,-0.9036073950690788,recede,1.096434742773296,1.0739453891044732e+23,True,True,True,True,True,True
H1L1V1-GSTLAL_AllSky-1244840357-1.xml,1244840357.0,31.467217109523425,17.96849991480674,49.43571702433016,1.7512434125674132,5000.0,0.05,6.288288493122385,0.03858799474672727,1.9076251888355482,0.7891966612050276,0.11995697524144996,100763.85920281797,1.774374936976524e-21,1.4904749470602803e-15,Klein_deformada,extrema,1,1.2405435506289413,9.132043320000633,350000.0,-597.4434896635854,394.59833060251384,349797.1548409389,1.166797714574057,1.166797714574057,0.15,0.8409226429861442,1.027,1.0000330642857143,0.9523809523809523,4.776440612161299,-0.9035593878387012,recede,0.7997131682763331,1.543e+23,True,True,True,True,True,True
H1L1V1-GSTLAL_AllSky-1245035079-1.xml,1245035079.0,46.65967036198622,24.273644586214218,70.93331494820043,1.922235871760508,3480.0563483618703,0.05,8.161104021433868,0.028410238390144123,2.015232387481548,-0.2908890880022893,0.16446521141599438,138150.77758943528,3.6055468877183775e-21,3.028659385683437e-15,Klein_extrema,extrema,1,1.5383940562088152,9.05335145583817,243603.94438533092,131.39313631437744,-145.44454400114464,243589.89297764417,0.8125284225050258,0.8125284225050258,0.15,0.8409141910089649,1.027,1.0000230131154808,0.9523809523809523,4.776392604930921,-0.9036073950690788,recede,1.096434742773296,1.0739453891044732e+23,True,True,True,True,True,True
H1L1V1-GSTLAL_AllSky-1245051768-1.xml,1245051768.0,75.67372940340626,24.53321623555462,100.20694563896087,3.084541736265975,692.0129839880348,0.05,7.697267819484174,0.019588877002674386,1.962941532935283,-0.29619161439385816,0.15109286692991686,126918.00822113018,1.9131747686129764e-20,1.6070668056349004e-14,Klein_deformada,extrema,1,0.9435776019150267,8.702615439353963,48440.90887916243,394.34608710796056,-148.0958071969291,48687.15915907346,0.16240288192664762,0.16240288192664762,0.15,0.8408986874875909,1.027,1.000004576183004,0.9523809523809523,4.776304544929516,-0.9036954550704834,recede,1.0072857795327792,2.135552068587075e+22,True,True,True,True,True,True
H1L1V1-GSTLAL_AllSky-1245063791-1.xml,1245063791.0,52.79163639580381,10.710877064706853,63.50251346051067,4.928787444471399,817.4774956003035,0.05,8.280773994617206,0.014987406673471494,0.9517379940202709,0.08573720540081808,0.07881127230572205,66201.46873680652,8.327860716922013e-21,6.995403002214491e-15,Klein_deformada,extrema,1,0.8355323004153076,8.738796220718275,57223.424692021246,296.0904950754391,42.86860270040904,57562.383789797095,0.19200744466292444,0.19200744466292444,0.15,0.8408993851602895,1.027,1.000005405861896,0.9523809523809523,4.776308507710445,-0.9036914922895551,recede,0.525408482038147,2.522735551422537e+22,True,True,True,True,True,True
H1L1V1-GSTLAL_AllSky-1245085972-1.xml,1245085972.0,75.67372940340626,24.53321623555462,100.20694563896087,3.084541736265975,692.0129839880348,0.05,7.697267819484174,0.019588877002674386,1.962941532935283,-0.29619161439385816,0.15109286692991686,126918.00822113018,1.9131747686129764e-20,1.6070668056349004e-14,Klein_deformada,extrema,1,0.9435776019150267,8.702615439353963,48440.90887916243,394.34608710796056,-148.0958071969291,48687.15915907346,0.16240288192664762,0.16240288192664762,0.15,0.8408986874875909,1.027,1.000004576183004,0.9523809523809523,4.776304544929516,-0.9036954550704834,recede,1.0072857795327792,2.135552068587075e+22,True,True,True,True,True,True
H1L1V1-GSTLAL_AllSky-1245113233-1.xml,1245113233.0,24.669954035565762,22.26476456245063,46.93471859801639,1.1080267193649767,4599.390638647949,0.05,8.704370604370293,0.05,2.3467359299008197,0.5427578883914623,0.2042685924444828,171585.61765336557,3.3082690264005195e-21,2.7789459821764363e-15,Klein_extrema,extrema,1,3.079921447895353,9.113908466303542,321957.34470535646,-252.14006539904335,271.37894419573115,321976.58358415315,1.0739982777824022,1.0739982777824022,0.15,0.8409204153106798,1.027,1.0000304151132375,0.9523809523809523,4.776427958964661,-0.9035720410353383,recede,1.361790616296552,1.4193719510867572e+23,True,True,True,True,True,True
H1L1V1-GSTLAL_AllSky-1245132209-1.xml,1245132209.0,24.669954035565762,22.26476456245063,46.93471859801639,1.1080267193649767,4599.390638647949,0.05,8.704370604370293,0.05,2.3467359299008197,0.5427578883914623,0.2042685924444828,171585.61765336557,3.3082690264005195e-21,2.7789459821764363e-15,Klein_extrema,extrema,1,3.079921447895353,9.113908466303542,321957.34470535646,-252.14006539904335,271.37894419573115,321976.58358415315,1.0739982777824022,1.0739982777824022,0.15,0.8409204153106798,1.027,1.0000304151132375,0.9523809523809523,4.776427958964661,-0.9035720410353383,recede,1.361790616296552,1.4193719510867572e+23,True,True,True,True,True,True
H1L1V1-GSTLAL_AllSky-1245130483-1.xml,1245130483.0,56.0014831851786,36.754082289939994,92.7555654751186,1.5236806280021535,806.5344961780761,0.05,9.400297378258823,0.03691095408381293,3.4236964182702065,0.23772058868539075,0.3218376446461955,270343.6215028043,3.450933702276459e-20,2.898784309912226e-14,Klein_extrema,extrema,1,2.651754686663999,8.735869791469073,56457.414732465324,564.3507917065458,118.86029434269538,57140.62581851456,0.1906006115020898,0.1906006115020898,0.15,0.8408993243093615,1.027,1.000005333497404,0.9523809523809523,4.776308162077173,-0.9036918379228265,recede,2.1455842976413035,2.4889654552055427e+22,True,True,True,True,True,True
H1L1V1-GSTLAL_AllSky-1245195141-1.xml,1245195141.0,24.669954035565762,22.26476456245063,46.93471859801639,1.1080267193649767,4599.390638647949,0.05,8.704370604370293,0.05,2.3467359299008197,0.5427578883914623,0.2042685924444828,171585.61765336557,3.3082690264005195e-21,2.7789459821764363e-15,Klein_extrema,extrema,1,3.079921447895353,9.113908466303542,321957.34470535646,-252.14006539904335,271.37894419573115,321976.58358415315,1.0739982777824022,1.0739982777824022,0.15,0.8409204153106798,1.027,1.0000304151132375,0.9523809523809523,4.776427958964661,-0.9035720410353383,recede,1.361790616296552,1.4193719510867572e+23,True,True,True,True,True,True
H1L1V1-GSTLAL_AllSky-1245194108-1.xml,1245194108.0,52.79163639580381,10.710877064706853,63.50251346051067,4.928787444471399,817.4774956003035,0.05,8.280773994617206,0.014987406673471494,0.9517379940202709,0.08573720540081808,0.07881127230572205,66201.46873680652,8.327860716922013e-21,6.995403002214491e-15,Klein_deformada,extrema,1,0.8355323004153076,8.738796220718275,57223.424692021246,296.0904950754391,42.86860270040904,57562.383789797095,0.19200744466292444,0.19200744466292444,0.15,0.8408993851602895,1.027,1.000005405861896,0.9523809523809523,4.776308507710445,-0.9036914922895551,recede,0.525408482038147,2.522735551422537e+22,True,True,True,True,True,True
H1L1V1-GSTLAL_AllSky-1245221073-1.xml,1245221073.0,18.058124130089055,17.619638371827886,35.677762501916945,1.0248861951084232,1173.4199073077841,0.05,6.614698005430378,0.05,1.7838881250958474,0.18628736424499165,0.11799881222982436,99119.00227305247,8.42144150485587e-21,7.0740108640789305e-15,Klein_deformada,extrema,1,1.778627223701001,8.817285043751212,82139.39351154488,-257.8386818747472,93.14368212249582,81974.69851179262,0.2734381613822741,0.2734381613822741,0.15,0.8409013644554676,1.027,1.0000077596582155,0.9523809523809523,4.776319750107056,-0.9036802498929442,recede,0.7866587481988291,3.621173833951822e+22,True,True,True,True,True,True
H1L1V1-GSTLAL_AllSky-1245274355-1.xml,1245274355.0,75.67372940340626,24.53321623555462,100.20694563896087,3.084541736265975,692.0129839880348,0.05,7.697267819484174,0.019588877002674386,1.962941532935283,-0.29619161439385816,0.15109286692991686,126918.00822113018,1.9131747686129764e-20,1.6070668056349004e-14,Klein_deformada,extrema,1,0.9435776019150267,8.702615439353963,48440.90887916243,394.34608710796056,-148.0958071969291,48687.15915907346,0.16240288192664762,0.16240288192664762,0.15,0.8408986874875909,1.027,1.000004576183004,0.9523809523809523,4.776304544929516,-0.9036954550704834,recede,1.0072857795327792,2.135552068587075e+22,True,True,True,True,True,True
H1L1V1-GSTLAL_AllSky-1245337537-1.xml,1245337537.0,30.98963626038301,30.226141609205357,61.215777869588365,1.0252594148816245,5000.0,0.05,6.902151121654235,0.048891330668927,2.9929208379776284,-0.21771483696393706,0.20657591918869622,173523.77211850486,3.0556216748007414e-21,2.5667222068326233e-15,Klein_extrema,extrema,1,1.8936323918253066,9.132043320000633,350000.0,-669.1542125794396,-108.85741848196854,349221.9883689386,1.164879165735846,1.164879165735846,0.15,0.8409226429861442,1.027,1.0000330642857143,0.9523809523809523,4.776440612161299,-0.9035593878387012,recede,1.377172794591308,1.543e+23,True,True,True,True,True,True
H1L1V1-GSTLAL_AllSky-1245334932-1.xml,1245334932.0,18.058124130089055,17.619638371827886,35.677762501916945,1.0248861951084232,1173.4199073077841,0.05,6.614698005430378,0.05,1.7838881250958474,0.18628736424499165,0.11799881222982436,99119.00227305247,8.42144150485587e-21,7.0740108640789305e-15,Klein_deformada,extrema,1,1.778627223701001,8.817285043751212,82139.39351154488,-257.8386818747472,93.14368212249582,81974.69851179262,0.2734381613822741,0.2734381613822741,0.15,0.8409013644554676,1.027,1.0000077596582155,0.9523809523809523,4.776319750107056,-0.9036802498929442,recede,0.7866587481988291,3.621173833951822e+22,True,True,True,True,True,True
H1L1V1-GSTLAL_AllSky-1245339394-1.xml,1245339394.0,30.98963626038301,30.226141609205357,61.215777869588365,1.0252594148816245,5000.0,0.05,6.902151121654235,0.048891330668927,2.9929208379776284,-0.21771483696393706,0.20657591918869622,173523.77211850486,3.0556216748007414e-21,2.5667222068326233e-15,Klein_extrema,extrema,1,1.8936323918253066,9.132043320000633,350000.0,-669.1542125794396,-108.85741848196854,349221.9883689386,1.164879165735846,1.164879165735846,0.15,0.8409226429861442,1.027,1.0000330642857143,0.9523809523809523,4.776440612161299,-0.9035593878387012,recede,1.377172794591308,1.543e+23,True,True,True,True,True,True
H1L1V1-GSTLAL_AllSky-1245349914-1.xml,1245349914.0,46.65967036198622,24.273644586214218,70.93331494820043,1.922235871760508,3480.0563483618703,0.05,8.161104021433868,0.028410238390144123,2.015232387481548,-0.2908890880022893,0.16446521141599438,138150.77758943528,3.6055468877183775e-21,3.028659385683437e-15,Klein_extrema,extrema,1,1.5383940562088152,9.05335145583817,243603.94438533092,131.39313631437744,-145.44454400114464,243589.89297764417,0.8125284225050258,0.8125284225050258,0.15,0.8409141910089649,1.027,1.0000230131154808,0.9523809523809523,4.776392604930921,-0.9036073950690788,recede,1.096434742773296,1.0739453891044732e+23,True,True,True,True,True,True
H1L1V1-GSTLAL_AllSky-1245410848-1.xml,1245410848.0,75.67372940340626,24.53321623555462,100.20694563896087,3.084541736265975,692.0129839880348,0.05,7.697267819484174,0.019588877002674386,1.962941532935283,-0.29619161439385816,0.15109286692991686,126918.00822113018,1.9131747686129764e-20,1.6070668056349004e-14,Klein_deformada,extrema,1,0.9435776019150267,8.702615439353963,48440.90887916243,394.34608710796056,-148.0958071969291,48687.15915907346,0.16240288192664762,0.16240288192664762,0.15,0.8408986874875909,1.027,1.000004576183004,0.9523809523809523,4.776304544929516,-0.9036954550704834,recede,1.0072857795327792,2.135552068587075e+22,True,True,True,True,True,True
H1L1V1-GSTLAL_AllSky-1245365349-1.xml,1245365349.0,30.98963626038301,30.226141609205357,61.215777869588365,1.0252594148816245,5000.0,0.05,6.902151121654235,0.048891330668927,2.9929208379776284,-0.21771483696393706,0.20657591918869622,173523.77211850486,3.0556216748007414e-21,2.5667222068326233e-15,Klein_extrema,extrema,1,1.8936323918253066,9.132043320000633,350000.0,-669.1542125794396,-108.85741848196854,349221.9883689386,1.164879165735846,1.164879165735846,0.15,0.8409226429861442,1.027,1.0000330642857143,0.9523809523809523,4.776440612161299,-0.9035593878387012,recede,1.377172794591308,1.543e+23,True,True,True,True,True,True
H1L1V1-GSTLAL_AllSky-1245456234-1.xml,1245456234.0,51.06596970837108,35.509958849382386,86.57592855775346,1.4380745954950396,1732.401717311274,0.05,7.757616640544705,0.04047428889862489,3.504099144113222,0.41824490031365075,0.2718345783049119,228341.04577612603,1.2709023895436293e-20,1.0675580072166487e-14,Klein_extrema,extrema,1,1.9802988908290895,8.901882620617368,121268.12021178918,469.5004446235366,209.12245015682538,121946.74310656954,0.40677055026704356,0.40677055026704356,0.15,0.84090447279537,1.027,1.0000114561250706,0.9523809523809523,4.776337405477701,-0.9036625945222987,recede,1.812230522032746,5.346191699622592e+22,True,True,True,True,True,True
H1L1V1-GSTLAL_AllSky-1245569257-1.xml,1245569257.0,18.058124130089055,17.619638371827886,35.677762501916945,1.0248861951084232,1173.4199073077841,0.05,6.614698005430378,0.05,1.7838881250958474,0.18628736424499165,0.11799881222982436,99119.00227305247,8.42144150485587e-21,7.0740108640789305e-15,Klein_deformada,extrema,1,1.778627223701001,8.817285043751212,82139.39351154488,-257.8386818747472,93.14368212249582,81974.69851179262,0.2734381613822741,0.2734381613822741,0.15,0.8409013644554676,1.027,1.0000077596582155,0.9523809523809523,4.776319750107056,-0.9036802498929442,recede,0.7866587481988291,3.621173833951822e+22,True,True,True,True,True,True
H1L1V1-GSTLAL_AllSky-1245642076-1.xml,1245642076.0,51.06596970837108,35.509958849382386,86.57592855775346,1.4380745954950396,1732.401717311274,0.05,7.757616640544705,0.04047428889862489,3.504099144113222,0.41824490031365075,0.2718345783049119,228341.04577612603,1.2709023895436293e-20,1.0675580072166487e-14,Klein_extrema,extrema,1,1.9802988908290895,8.901882620617368,121268.12021178918,469.5004446235366,209.12245015682538,121946.74310656954,0.40677055026704356,0.40677055026704356,0.15,0.84090447279537,1.027,1.0000114561250706,0.9523809523809523,4.776337405477701,-0.9036625945222987,recede,1.812230522032746,5.346191699622592e+22,True,True,True,True,True,True
H1L1V1-GSTLAL_AllSky-1245573475-1.xml,1245573475.0,31.467217109523425,17.96849991480674,49.43571702433016,1.7512434125674132,5000.0,0.05,6.288288493122385,0.03858799474672727,1.9076251888355482,0.7891966612050276,0.11995697524144996,100763.85920281797,1.774374936976524e-21,1.4904749470602803e-15,Klein_deformada,extrema,1,1.2405435506289413,9.132043320000633,350000.0,-597.4434896635854,394.59833060251384,349797.1548409389,1.166797714574057,1.166797714574057,0.15,0.8409226429861442,1.027,1.0000330642857143,0.9523809523809523,4.776440612161299,-0.9035593878387012,recede,0.7997131682763331,1.543e+23,True,True,True,True,True,True
H1L1V1-GSTLAL_AllSky-1245646385-1.xml,1245646385.0,31.467217109523425,17.96849991480674,49.43571702433016,1.7512434125674132,5000.0,0.05,6.288288493122385,0.03858799474672727,1.9076251888355482,0.7891966612050276,0.11995697524144996,100763.85920281797,1.774374936976524e-21,1.4904749470602803e-15,Klein_deformada,extrema,1,1.2405435506289413,9.132043320000633,350000.0,-597.4434896635854,394.59833060251384,349797.1548409389,1.166797714574057,1.166797714574057,0.15,0.8409226429861442,1.027,1.0000330642857143,0.9523809523809523,4.776440612161299,-0.9035593878387012,recede,0.7997131682763331,1.543e+23,True,True,True,True,True,True
H1L1V1-GSTLAL_AllSky-1245688592-1.xml,1245688592.0,24.669954035565762,22.26476456245063,46.93471859801639,1.1080267193649767,4599.390638647949,0.05,8.704370604370293,0.05,2.3467359299008197,0.5427578883914623,0.2042685924444828,171585.61765336557,3.3082690264005195e-21,2.7789459821764363e-15,Klein_extrema,extrema,1,3.079921447895353,9.113908466303542,321957.34470535646,-252.14006539904335,271.37894419573115,321976.58358415315,1.0739982777824022,1.0739982777824022,0.15,0.8409204153106798,1.027,1.0000304151132375,0.9523809523809523,4.776427958964661,-0.9035720410353383,recede,1.361790616296552,1.4193719510867572e+23,True,True,True,True,True,True
H1L1V1-GSTLAL_AllSky-1245691227-1.xml,1245691227.0,18.058124130089055,17.619638371827886,35.677762501916945,1.0248861951084232,1173.4199073077841,0.05,6.614698005430378,0.05,1.7838881250958474,0.18628736424499165,0.11799881222982436,99119.00227305247,8.42144150485587e-21,7.0740108640789305e-15,Klein_deformada,extrema,1,1.778627223701001,8.817285043751212,82139.39351154488,-257.8386818747472,93.14368212249582,81974.69851179262,0.2734381613822741,0.2734381613822741,0.15,0.8409013644554676,1.027,1.0000077596582155,0.9523809523809523,4.776319750107056,-0.9036802498929442,recede,0.7866587481988291,3.621173833951822e+22,True,True,True,True,True,True
H1L1V1-GSTLAL_AllSky-1245764060-1.xml,1245764060.0,31.467217109523425,17.96849991480674,49.43571702433016,1.7512434125674132,5000.0,0.05,6.288288493122385,0.03858799474672727,1.9076251888355482,0.7891966612050276,0.11995697524144996,100763.85920281797,1.774374936976524e-21,1.4904749470602803e-15,Klein_deformada,extrema,1,1.2405435506289413,9.132043320000633,350000.0,-597.4434896635854,394.59833060251384,349797.1548409389,1.166797714574057,1.166797714574057,0.15,0.8409226429861442,1.027,1.0000330642857143,0.9523809523809523,4.776440612161299,-0.9035593878387012,recede,0.7997131682763331,1.543e+23,True,True,True,True,True,True
H1L1V1-GSTLAL_AllSky-1245874666-1.xml,1245874666.0,39.75040030627586,24.627061063710038,64.3774613699859,1.6140943575622704,633.8735463568538,0.05,6.910721832009356,0.03371055909688725,2.1702002160204854,0.08311480889939721,0.14997650012684188,125980.26010654718,2.088877914378681e-20,1.7546574480780922e-14,Klein_deformada,extrema,1,1.308903619042523,8.683559631633921,44371.14824497977,63.06461944882449,41.5574044496986,44475.77026887829,0.14835520067979258,0.14835520067979258,0.14835520067979258,0.8420712830300815,1.0267039361223627,1.0000041457516733,0.9523809523809523,4.782964887610863,-0.8970351123891369,recede,0.999843334178946,1.956133764057251e+22,True,True,True,True,True,True
H1L1V1-GSTLAL_AllSky-1245878163-1.xml,1245878163.0,51.06596970837108,35.509958849382386,86.57592855775346,1.4380745954950396,1732.401717311274,0.05,7.757616640544705,0.04047428889862489,3.504099144113222,0.41824490031365075,0.2718345783049119,228341.04577612603,1.2709023895436293e-20,1.0675580072166487e-14,Klein_extrema,extrema,1,1.9802988908290895,8.901882620617368,121268.12021178918,469.5004446235366,209.12245015682538,121946.74310656954,0.40677055026704356,0.40677055026704356,0.15,0.84090447279537,1.027,1.0000114561250706,0.9523809523809523,4.776337405477701,-0.9036625945222987,recede,1.812230522032746,5.346191699622592e+22,True,True,True,True,True,True
H1L1V1-GSTLAL_AllSky-1245898498-1.xml,1245898498.0,39.75040030627586,24.627061063710038,64.3774613699859,1.6140943575622704,633.8735463568538,0.05,6.910721832009356,0.03371055909688725,2.1702002160204854,0.08311480889939721,0.14997650012684188,125980.26010654718,2.088877914378681e-20,1.7546574480780922e-14,Klein_deformada,extrema,1,1.308903619042523,8.683559631633921,44371.14824497977,63.06461944882449,41.5574044496986,44475.77026887829,0.14835520067979258,0.14835520067979258,0.14835520067979258,0.8420712830300815,1.0267039361223627,1.0000041457516733,0.9523809523809523,4.782964887610863,-0.8970351123891369,recede,0.999843334178946,1.956133764057251e+22,True,True,True,True,True,True
H1L1V1-GSTLAL_AllSky-1245955943-1.xml,1245955943.0,52.79163639580381,10.710877064706853,63.50251346051067,4.928787444471399,817.4774956003035,0.05,8.280773994617206,0.014987406673471494,0.9517379940202709,0.08573720540081808,0.07881127230572205,66201.46873680652,8.327860716922013e-21,6.995403002214491e-15,Klein_deformada,extrema,1,0.8355323004153076,8.738796220718275,57223.424692021246,296.0904950754391,42.86860270040904,57562.383789797095,0.19200744466292444,0.19200744466292444,0.15,0.8408993851602895,1.027,1.000005405861896,0.9523809523809523,4.776308507710445,-0.9036914922895551,recede,0.525408482038147,2.522735551422537e+22,True,True,True,True,True,True
H1L1V1-GSTLAL_AllSky-1246016029-1.xml,1246016029.0,52.79163639580381,10.710877064706853,63.50251346051067,4.928787444471399,817.4774956003035,0.05,8.280773994617206,0.014987406673471494,0.9517379940202709,0.08573720540081808,0.07881127230572205,66201.46873680652,8.327860716922013e-21,6.995403002214491e-15,Klein_deformada,extrema,1,0.8355323004153076,8.738796220718275,57223.424692021246,296.0904950754391,42.86860270040904,57562.383789797095,0.19200744466292444,0.19200744466292444,0.15,0.8408993851602895,1.027,1.000005405861896,0.9523809523809523,4.776308507710445,-0.9036914922895551,recede,0.525408482038147,2.522735551422537e+22,True,True,True,True,True,True
H1L1V1-GSTLAL_AllSky-1246048404-1.xml,1246048404.0,30.98963626038301,30.226141609205357,61.215777869588365,1.0252594148816245,5000.0,0.05,6.902151121654235,0.048891330668927,2.9929208379776284,-0.21771483696393706,0.20657591918869622,173523.77211850486,3.0556216748007414e-21,2.5667222068326233e-15,Klein_extrema,extrema,1,1.8936323918253066,9.132043320000633,350000.0,-669.1542125794396,-108.85741848196854,349221.9883689386,1.164879165735846,1.164879165735846,0.15,0.8409226429861442,1.027,1.0000330642857143,0.9523809523809523,4.776440612161299,-0.9035593878387012,recede,1.377172794591308,1.543e+23,True,True,True,True,True,True
H1L1V1-GSTLAL_AllSky-1246191236-1.xml,1246191236.0,51.06596970837108,35.509958849382386,86.57592855775346,1.4380745954950396,1732.401717311274,0.05,7.757616640544705,0.04047428889862489,3.504099144113222,0.41824490031365075,0.2718345783049119,228341.04577612603,1.2709023895436293e-20,1.0675580072166487e-14,Klein_extrema,extrema,1,1.9802988908290895,8.901882620617368,121268.12021178918,469.5004446235366,209.12245015682538,121946.74310656954,0.40677055026704356,0.40677055026704356,0.15,0.84090447279537,1.027,1.0000114561250706,0.9523809523809523,4.776337405477701,-0.9036625945222987,recede,1.812230522032746,5.346191699622592e+22,True,True,True,True,True,True
H1L1V1-GSTLAL_AllSky-1246212043-1.xml,1246212043.0,52.79163639580381,10.710877064706853,63.50251346051067,4.928787444471399,817.4774956003035,0.05,8.280773994617206,0.014987406673471494,0.9517379940202709,0.08573720540081808,0.07881127230572205,66201.46873680652,8.327860716922013e-21,6.995403002214491e-15,Klein_deformada,extrema,1,0.8355323004153076,8.738796220718275,57223.424692021246,296.0904950754391,42.86860270040904,57562.383789797095,0.19200744466292444,0.19200744466292444,0.15,0.8408993851602895,1.027,1.000005405861896,0.9523809523809523,4.776308507710445,-0.9036914922895551,recede,0.525408482038147,2.522735551422537e+22,True,True,True,True,True,True
H1L1V1-GSTLAL_AllSky-1246272532-1.xml,1246272532.0,40.61908182127998,10.432622809600668,51.05170463088064,3.893467880761498,2418.288482550657,0.05,8.177198185539698,0.01655781975815317,0.8453049236245952,-0.05848657396718049,0.06912225887690812,58062.69745660282,2.249811917465618e-21,1.889842010671119e-15,Klein_deformada,extrema,1,0.9001338346730107,8.97431237157613,169280.193778546,668.0042896136865,-29.243286983590245,169918.9547811761,0.5667886240859872,0.5667886240859872,0.15,0.8409082868178708,1.027,1.0000159917962652,0.9523809523809523,4.776359069125506,-0.9036409308744942,recede,0.46081505917938753,7.462838257151328e+22,True,True,True,True,True,True
H1L1V1-GSTLAL_AllSky-1246296410-1.xml,1246296410.0,39.75040030627586,24.627061063710038,64.3774613699859,1.6140943575622704,633.8735463568538,0.05,6.910721832009356,0.03371055909688725,2.1702002160204854,0.08311480889939721,0.14997650012684188,125980.26010654718,2.088877914378681e-20,1.7546574480780922e-14,Klein_deformada,extrema,1,1.308903619042523,8.683559631633921,44371.14824497977,63.06461944882449,41.5574044496986,44475.77026887829,0.14835520067979258,0.14835520067979258,0.14835520067979258,0.8420712830300815,1.0267039361223627,1.0000041457516733,0.9523809523809523,4.782964887610863,-0.8970351123891369,recede,0.999843334178946,1.956133764057251e+22,True,True,True,True,True,True
H1L1V1-GSTLAL_AllSky-1246385767-1.xml,1246385767.0,40.61908182127998,10.432622809600668,51.05170463088064,3.893467880761498,2418.288482550657,0.05,8.177198185539698,0.01655781975815317,0.8453049236245952,-0.05848657396718049,0.06912225887690812,58062.69745660282,2.249811917465618e-21,1.889842010671119e-15,Klein_deformada,extrema,1,0.9001338346730107,8.97431237157613,169280.193778546,668.0042896136865,-29.243286983590245,169918.9547811761,0.5667886240859872,0.5667886240859872,0.15,0.8409082868178708,1.027,1.0000159917962652,0.9523809523809523,4.776359069125506,-0.9036409308744942,recede,0.46081505917938753,7.462838257151328e+22,True,True,True,True,True,True
H1L1V1-GSTLAL_AllSky-1246393733-1.xml,1246393733.0,75.67372940340626,24.53321623555462,100.20694563896087,3.084541736265975,692.0129839880348,0.05,7.697267819484174,0.019588877002674386,1.962941532935283,-0.29619161439385816,0.15109286692991686,126918.00822113018,1.9131747686129764e-20,1.6070668056349004e-14,Klein_deformada,extrema,1,0.9435776019150267,8.702615439353963,48440.90887916243,394.34608710796056,-148.0958071969291,48687.15915907346,0.16240288192664762,0.16240288192664762,0.15,0.8408986874875909,1.027,1.000004576183004,0.9523809523809523,4.776304544929516,-0.9036954550704834,recede,1.0072857795327792,2.135552068587075e+22,True,True,True,True,True,True
H1L1V1-GSTLAL_AllSky-1246457131-1.xml,1246457131.0,75.67372940340626,24.53321623555462,100.20694563896087,3.084541736265975,692.0129839880348,0.05,7.697267819484174,0.019588877002674386,1.962941532935283,-0.29619161439385816,0.15109286692991686,126918.00822113018,1.9131747686129764e-20,1.6070668056349004e-14,Klein_deformada,extrema,1,0.9435776019150267,8.702615439353963,48440.90887916243,394.34608710796056,-148.0958071969291,48687.15915907346,0.16240288192664762,0.16240288192664762,0.15,0.8408986874875909,1.027,1.000004576183004,0.9523809523809523,4.776304544929516,-0.9036954550704834,recede,1.0072857795327792,2.135552068587075e+22,True,True,True,True,True,True
H1L1V1-GSTLAL_AllSky-1246487219-1.xml,1246487219.0,31.467217109523425,17.96849991480674,49.43571702433016,1.7512434125674132,5000.0,0.05,6.288288493122385,0.03858799474672727,1.9076251888355482,0.7891966612050276,0.11995697524144996,100763.85920281797,1.774374936976524e-21,1.4904749470602803e-15,Klein_deformada,extrema,1,1.2405435506289413,9.132043320000633,350000.0,-597.4434896635854,394.59833060251384,349797.1548409389,1.166797714574057,1.166797714574057,0.15,0.8409226429861442,1.027,1.0000330642857143,0.9523809523809523,4.776440612161299,-0.9035593878387012,recede,0.7997131682763331,1.543e+23,True,True,True,True,True,True
H1L1V1-GSTLAL_AllSky-1246514951-1.xml,1246514951.0,39.75040030627586,24.627061063710038,64.3774613699859,1.6140943575622704,633.8735463568538,0.05,6.910721832009356,0.03371055909688725,2.1702002160204854,0.08311480889939721,0.14997650012684188,125980.26010654718,2.088877914378681e-20,1.7546574480780922e-14,Klein_deformada,extrema,1,1.308903619042523,8.683559631633921,44371.14824497977,63.06461944882449,41.5574044496986,44475.77026887829,0.14835520067979258,0.14835520067979258,0.14835520067979258,0.8420712830300815,1.0267039361223627,1.0000041457516733,0.9523809523809523,4.782964887610863,-0.8970351123891369,recede,0.999843334178946,1.956133764057251e+22,True,True,True,True,True,True
H1L1V1-GSTLAL_AllSky-1246523564-1.xml,1246523564.0,75.67372940340626,24.53321623555462,100.20694563896087,3.084541736265975,692.0129839880348,0.05,7.697267819484174,0.019588877002674386,1.962941532935283,-0.29619161439385816,0.15109286692991686,126918.00822113018,1.9131747686129764e-20,1.6070668056349004e-14,Klein_deformada,extrema,1,0.9435776019150267,8.702615439353963,48440.90887916243,394.34608710796056,-148.0958071969291,48687.15915907346,0.16240288192664762,0.16240288192664762,0.15,0.8408986874875909,1.027,1.000004576183004,0.9523809523809523,4.776304544929516,-0.9036954550704834,recede,1.0072857795327792,2.135552068587075e+22,True,True,True,True,True,True
H1L1V1-GSTLAL_AllSky-1246527224-1.xml,1246527224.0,20.24229268148237,12.671025166509635,32.913317847992005,1.5975260419325896,3927.8996032511404,0.05,7.407008707766111,0.03633697431287253,1.1959703851938943,0.3168419423112016,0.08858563057361565,74411.92968183715,1.702859333819716e-21,1.4304018404085615e-15,Klein_deformada,extrema,1,1.6207997494157165,9.07963850719771,274952.97222757986,-241.40323989796195,158.4209711556008,274869.98995883745,0.9168675949774476,0.9168675949774476,0.15,0.8409166813387651,1.027,1.0000259746389477,0.9523809523809523,4.776406750004186,-0.9035932499958141,recede,0.590570870490771,1.2121498175633019e+23,True,True,True,True,True,True
H1L1V1-GSTLAL_AllSky-1246546020-1.xml,1246546020.0,40.61908182127998,10.432622809600668,51.05170463088064,3.893467880761498,2418.288482550657,0.05,8.177198185539698,0.01655781975815317,0.8453049236245952,-0.05848657396718049,0.06912225887690812,58062.69745660282,2.249811917465618e-21,1.889842010671119e-15,Klein_deformada,extrema,1,0.9001338346730107,8.97431237157613,169280.193778546,668.0042896136865,-29.243286983590245,169918.9547811761,0.5667886240859872,0.5667886240859872,0.15,0.8409082868178708,1.027,1.0000159917962652,0.9523809523809523,4.776359069125506,-0.9036409308744942,recede,0.46081505917938753,7.462838257151328e+22,True,True,True,True,True,True
H1L1V1-GSTLAL_AllSky-1246600287-1.xml,1246600287.0,20.24229268148237,12.671025166509635,32.913317847992005,1.5975260419325896,3927.8996032511404,0.05,7.407008707766111,0.03633697431287253,1.1959703851938943,0.3168419423112016,0.08858563057361565,74411.92968183715,1.702859333819716e-21,1.4304018404085615e-15,Klein_deformada,extrema,1,1.6207997494157165,9.07963850719771,274952.97222757986,-241.40323989796195,158.4209711556008,274869.98995883745,0.9168675949774476,0.9168675949774476,0.15,0.8409166813387651,1.027,1.0000259746389477,0.9523809523809523,4.776406750004186,-0.9035932499958141,recede,0.590570870490771,1.2121498175633019e+23,True,True,True,True,True,True
H1L1V1-GSTLAL_AllSky-1246602484-1.xml,1246602484.0,18.058124130089055,17.619638371827886,35.677762501916945,1.0248861951084232,1173.4199073077841,0.05,6.614698005430378,0.05,1.7838881250958474,0.18628736424499165,0.11799881222982436,99119.00227305247,8.42144150485587e-21,7.0740108640789305e-15,Klein_deformada,extrema,1,1.778627223701001,8.817285043751212,82139.39351154488,-257.8386818747472,93.14368212249582,81974.69851179262,0.2734381613822741,0.2734381613822741,0.15,0.8409013644554676,1.027,1.0000077596582155,0.9523809523809523,4.776319750107056,-0.9036802498929442,recede,0.7866587481988291,3.621173833951822e+22,True,True,True,True,True,True
H1L1V1-GSTLAL_AllSky-1246626158-1.xml,1246626158.0,18.058124130089055,17.619638371827886,35.677762501916945,1.0248861951084232,1173.4199073077841,0.05,6.614698005430378,0.05,1.7838881250958474,0.18628736424499165,0.11799881222982436,99119.00227305247,8.42144150485587e-21,7.0740108640789305e-15,Klein_deformada,extrema,1,1.778627223701001,8.817285043751212,82139.39351154488,-257.8386818747472,93.14368212249582,81974.69851179262,0.2734381613822741,0.2734381613822741,0.15,0.8409013644554676,1.027,1.0000077596582155,0.9523809523809523,4.776319750107056,-0.9036802498929442,recede,0.7866587481988291,3.621173833951822e+22,True,True,True,True,True,True
H1L1V1-GSTLAL_AllSky-1246663515-1.xml,1246663515.0,52.79163639580381,10.710877064706853,63.50251346051067,4.928787444471399,817.4774956003035,0.05,8.280773994617206,0.014987406673471494,0.9517379940202709,0.08573720540081808,0.07881127230572205,66201.46873680652,8.327860716922013e-21,6.995403002214491e-15,Klein_deformada,extrema,1,0.8355323004153076,8.738796220718275,57223.424692021246,296.0904950754391,42.86860270040904,57562.383789797095,0.19200744466292444,0.19200744466292444,0.15,0.8408993851602895,1.027,1.000005405861896,0.9523809523809523,4.776308507710445,-0.9036914922895551,recede,0.525408482038147,2.522735551422537e+22,True,True,True,True,True,True
H1L1V1-GSTLAL_AllSky-1246677756-1.xml,1246677756.0,40.61908182127998,10.432622809600668,51.05170463088064,3.893467880761498,2418.288482550657,0.05,8.177198185539698,0.01655781975815317,0.8453049236245952,-0.05848657396718049,0.06912225887690812,58062.69745660282,2.249811917465618e-21,1.889842010671119e-15,Klein_deformada,extrema,1,0.9001338346730107,8.97431237157613,169280.193778546,668.0042896136865,-29.243286983590245,169918.9547811761,0.5667886240859872,0.5667886240859872,0.15,0.8409082868178708,1.027,1.0000159917962652,0.9523809523809523,4.776359069125506,-0.9036409308744942,recede,0.46081505917938753,7.462838257151328e+22,True,True,True,True,True,True
H1L1V1-GSTLAL_AllSky-1247305773-1.xml,1247305773.0,75.67372940340626,24.53321623555462,100.20694563896087,3.084541736265975,692.0129839880348,0.05,7.697267819484174,0.019588877002674386,1.962941532935283,-0.29619161439385816,0.15109286692991686,126918.00822113018,1.9131747686129764e-20,1.6070668056349004e-14,Klein_deformada,extrema,1,0.9435776019150267,8.702615439353963,48440.90887916243,394.34608710796056,-148.0958071969291,48687.15915907346,0.16240288192664762,0.16240288192664762,0.15,0.8408986874875909,1.027,1.000004576183004,0.9523809523809523,4.776304544929516,-0.9036954550704834,recede,1.0072857795327792,2.135552068587075e+22,True,True,True,True,True,True
H1L1V1-GSTLAL_AllSky-1246684845-1.xml,1246684845.0,18.058124130089055,17.619638371827886,35.677762501916945,1.0248861951084232,1173.4199073077841,0.05,6.614698005430378,0.05,1.7838881250958474,0.18628736424499165,0.11799881222982436,99119.00227305247,8.42144150485587e-21,7.0740108640789305e-15,Klein_deformada,extrema,1,1.778627223701001,8.817285043751212,82139.39351154488,-257.8386818747472,93.14368212249582,81974.69851179262,0.2734381613822741,0.2734381613822741,0.15,0.8409013644554676,1.027,1.0000077596582155,0.9523809523809523,4.776319750107056,-0.9036802498929442,recede,0.7866587481988291,3.621173833951822e+22,True,True,True,True,True,True
H1L1V1-GSTLAL_AllSky-1246835605-1.xml,1246835605.0,20.24229268148237,12.671025166509635,32.913317847992005,1.5975260419325896,3927.8996032511404,0.05,7.407008707766111,0.03633697431287253,1.1959703851938943,0.3168419423112016,0.08858563057361565,74411.92968183715,1.702859333819716e-21,1.4304018404085615e-15,Klein_deformada,extrema,1,1.6207997494157165,9.07963850719771,274952.97222757986,-241.40323989796195,158.4209711556008,274869.98995883745,0.9168675949774476,0.9168675949774476,0.15,0.8409166813387651,1.027,1.0000259746389477,0.9523809523809523,4.776406750004186,-0.9035932499958141,recede,0.590570870490771,1.2121498175633019e+23,True,True,True,True,True,True
H1L1V1-GSTLAL_AllSky-1246849694-1.xml,1246849694.0,19.66729328338096,13.299310718733071,32.96660400211403,1.4788204967403393,2915.217887283372,0.05,7.167275702280907,0.038895500970707216,1.2822525779651468,0.3465844295545932,0.09190257746236653,77198.1650683879,2.441937080833942e-21,2.0512271479005115e-15,Klein_deformada,extrema,1,1.6244355286090273,9.014893827861869,204065.25210983603,672.6503830313898,173.29221477729658,204911.19470764472,0.6835101725862788,0.6835101725862788,0.15,0.8409110501018808,1.027,1.000019277919429,0.9523809523809523,4.776374764578683,-0.903625235421317,recede,0.6126838497491102,8.996362400156485e+22,True,True,True,True,True,True
H1L1V1-GSTLAL_AllSky-1246852494-1.xml,1246852494.0,51.06596970837108,35.509958849382386,86.57592855775346,1.4380745954950396,1732.401717311274,0.05,7.757616640544705,0.04047428889862489,3.504099144113222,0.41824490031365075,0.2718345783049119,228341.04577612603,1.2709023895436293e-20,1.0675580072166487e-14,Klein_extrema,extrema,1,1.9802988908290895,8.901882620617368,121268.12021178918,469.5004446235366,209.12245015682538,121946.74310656954,0.40677055026704356,0.40677055026704356,0.15,0.84090447279537,1.027,1.0000114561250706,0.9523809523809523,4.776337405477701,-0.9036625945222987,recede,1.812230522032746,5.346191699622592e+22,True,True,True,True,True,True
H1L1V1-GSTLAL_AllSky-1246853186-1.xml,1246853186.0,51.06596970837108,35.509958849382386,86.57592855775346,1.4380745954950396,1732.401717311274,0.05,7.757616640544705,0.04047428889862489,3.504099144113222,0.41824490031365075,0.2718345783049119,228341.04577612603,1.2709023895436293e-20,1.0675580072166487e-14,Klein_extrema,extrema,1,1.9802988908290895,8.901882620617368,121268.12021178918,469.5004446235366,209.12245015682538,121946.74310656954,0.40677055026704356,0.40677055026704356,0.15,0.84090447279537,1.027,1.0000114561250706,0.9523809523809523,4.776337405477701,-0.9036625945222987,recede,1.812230522032746,5.346191699622592e+22,True,True,True,True,True,True
H1L1V1-GSTLAL_AllSky-1246779793-1.xml,1246779793.0,19.66729328338096,13.299310718733071,32.96660400211403,1.4788204967403393,2915.217887283372,0.05,7.167275702280907,0.038895500970707216,1.2822525779651468,0.3465844295545932,0.09190257746236653,77198.1650683879,2.441937080833942e-21,2.0512271479005115e-15,Klein_deformada,extrema,1,1.6244355286090273,9.014893827861869,204065.25210983603,672.6503830313898,173.29221477729658,204911.19470764472,0.6835101725862788,0.6835101725862788,0.15,0.8409110501018808,1.027,1.000019277919429,0.9523809523809523,4.776374764578683,-0.903625235421317,recede,0.6126838497491102,8.996362400156485e+22,True,True,True,True,True,True
H1L1V1-GSTLAL_AllSky-1247473474-1.xml,1247473474.0,20.24229268148237,12.671025166509635,32.913317847992005,1.5975260419325896,3927.8996032511404,0.05,7.407008707766111,0.03633697431287253,1.1959703851938943,0.3168419423112016,0.08858563057361565,74411.92968183715,1.702859333819716e-21,1.4304018404085615e-15,Klein_deformada,extrema,1,1.6207997494157165,9.07963850719771,274952.97222757986,-241.40323989796195,158.4209711556008,274869.98995883745,0.9168675949774476,0.9168675949774476,0.15,0.8409166813387651,1.027,1.0000259746389477,0.9523809523809523,4.776406750004186,-0.9035932499958141,recede,0.590570870490771,1.2121498175633019e+23,True,True,True,True,True,True
H1L1V1-GSTLAL_AllSky-1247529518-1.xml,1247529518.0,18.058124130089055,17.619638371827886,35.677762501916945,1.0248861951084232,1173.4199073077841,0.05,6.614698005430378,0.05,1.7838881250958474,0.18628736424499165,0.11799881222982436,99119.00227305247,8.42144150485587e-21,7.0740108640789305e-15,Klein_deformada,extrema,1,1.778627223701001,8.817285043751212,82139.39351154488,-257.8386818747472,93.14368212249582,81974.69851179262,0.2734381613822741,0.2734381613822741,0.15,0.8409013644554676,1.027,1.0000077596582155,0.9523809523809523,4.776319750107056,-0.9036802498929442,recede,0.7866587481988291,3.621173833951822e+22,True,True,True,True,True,True
H1L1V1-GSTLAL_AllSky-1247606192-1.xml,1247606192.0,19.66729328338096,13.299310718733071,32.96660400211403,1.4788204967403393,2915.217887283372,0.05,7.167275702280907,0.038895500970707216,1.2822525779651468,0.3465844295545932,0.09190257746236653,77198.1650683879,2.441937080833942e-21,2.0512271479005115e-15,Klein_deformada,extrema,1,1.6244355286090273,9.014893827861869,204065.25210983603,672.6503830313898,173.29221477729658,204911.19470764472,0.6835101725862788,0.6835101725862788,0.15,0.8409110501018808,1.027,1.000019277919429,0.9523809523809523,4.776374764578683,-0.903625235421317,recede,0.6126838497491102,8.996362400156485e+22,True,True,True,True,True,True
H1L1V1-GSTLAL_AllSky-1247571986-1.xml,1247571986.0,51.06596970837108,35.509958849382386,86.57592855775346,1.4380745954950396,1732.401717311274,0.05,7.757616640544705,0.04047428889862489,3.504099144113222,0.41824490031365075,0.2718345783049119,228341.04577612603,1.2709023895436293e-20,1.0675580072166487e-14,Klein_extrema,extrema,1,1.9802988908290895,8.901882620617368,121268.12021178918,469.5004446235366,209.12245015682538,121946.74310656954,0.40677055026704356,0.40677055026704356,0.15,0.84090447279537,1.027,1.0000114561250706,0.9523809523809523,4.776337405477701,-0.9036625945222987,recede,1.812230522032746,5.346191699622592e+22,True,True,True,True,True,True
H1L1V1-GSTLAL_AllSky-1247616534-1.xml,1247616534.0,41.060255192128544,29.46432412564401,70.52457931777255,1.3935583594938843,781.4811795672122,0.05,8.82037037155242,0.0389952221231531,2.75012163563847,0.1703786537819461,0.24257091393150834,203759.56770246703,2.691645669377984e-20,2.2609823622775066e-14,Klein_extrema,extrema,1,2.4664932458861704,8.72901757951021,54703.68256970485,204.72107696097964,85.18932689097305,54993.5929735568,0.18343888081919926,0.18343888081919926,0.15,0.8408991849949469,1.027,1.0000051678234003,0.9523809523809523,4.776307370771298,-0.9036926292287015,recede,1.6171394262100558,2.4116509201444167e+22,True,True,True,True,True,True
H1L1V1-GSTLAL_AllSky-1247625885-1.xml,1247625885.0,39.75040030627586,24.627061063710038,64.3774613699859,1.6140943575622704,633.8735463568538,0.05,6.910721832009356,0.03371055909688725,2.1702002160204854,0.08311480889939721,0.14997650012684188,125980.26010654718,2.088877914378681e-20,1.7546574480780922e-14,Klein_deformada,extrema,1,1.308903619042523,8.683559631633921,44371.14824497977,63.06461944882449,41.5574044496986,44475.77026887829,0.14835520067979258,0.14835520067979258,0.14835520067979258,0.8420712830300815,1.0267039361223627,1.0000041457516733,0.9523809523809523,4.782964887610863,-0.8970351123891369,recede,0.999843334178946,1.956133764057251e+22,True,True,True,True,True,True
H1L1V1-GSTLAL_AllSky-1247679044-1.xml,1247679044.0,39.75040030627586,24.627061063710038,64.3774613699859,1.6140943575622704,633.8735463568538,0.05,6.910721832009356,0.03371055909688725,2.1702002160204854,0.08311480889939721,0.14997650012684188,125980.26010654718,2.088877914378681e-20,1.7546574480780922e-14,Klein_deformada,extrema,1,1.308903619042523,8.683559631633921,44371.14824497977,63.06461944882449,41.5574044496986,44475.77026887829,0.14835520067979258,0.14835520067979258,0.14835520067979258,0.8420712830300815,1.0267039361223627,1.0000041457516733,0.9523809523809523,4.782964887610863,-0.8970351123891369,recede,0.999843334178946,1.956133764057251e+22,True,True,True,True,True,True
H1L1V1-GSTLAL_AllSky-1247712250-1.xml,1247712250.0,41.060255192128544,29.46432412564401,70.52457931777255,1.3935583594938843,781.4811795672122,0.05,8.82037037155242,0.0389952221231531,2.75012163563847,0.1703786537819461,0.24257091393150834,203759.56770246703,2.691645669377984e-20,2.2609823622775066e-14,Klein_extrema,extrema,1,2.4664932458861704,8.72901757951021,54703.68256970485,204.72107696097964,85.18932689097305,54993.5929735568,0.18343888081919926,0.18343888081919926,0.15,0.8408991849949469,1.027,1.0000051678234003,0.9523809523809523,4.776307370771298,-0.9036926292287015,recede,1.6171394262100558,2.4116509201444167e+22,True,True,True,True,True,True
H1L1V1-GSTLAL_AllSky-1247788484-1.xml,1247788484.0,51.06596970837108,35.509958849382386,86.57592855775346,1.4380745954950396,1732.401717311274,0.05,7.757616640544705,0.04047428889862489,3.504099144113222,0.41824490031365075,0.2718345783049119,228341.04577612603,1.2709023895436293e-20,1.0675580072166487e-14,Klein_extrema,extrema,1,1.9802988908290895,8.901882620617368,121268.12021178918,469.5004446235366,209.12245015682538,121946.74310656954,0.40677055026704356,0.40677055026704356,0.15,0.84090447279537,1.027,1.0000114561250706,0.9523809523809523,4.776337405477701,-0.9036625945222987,recede,1.812230522032746,5.346191699622592e+22,True,True,True,True,True,True
H1L1V1-GSTLAL_AllSky-1247758272-1.xml,1247758272.0,19.66729328338096,13.299310718733071,32.96660400211403,1.4788204967403393,2915.217887283372,0.05,7.167275702280907,0.038895500970707216,1.2822525779651468,0.3465844295545932,0.09190257746236653,77198.1650683879,2.441937080833942e-21,2.0512271479005115e-15,Klein_deformada,extrema,1,1.6244355286090273,9.014893827861869,204065.25210983603,672.6503830313898,173.29221477729658,204911.19470764472,0.6835101725862788,0.6835101725862788,0.15,0.8409110501018808,1.027,1.000019277919429,0.9523809523809523,4.776374764578683,-0.903625235421317,recede,0.6126838497491102,8.996362400156485e+22,True,True,True,True,True,True
H1L1V1-GSTLAL_AllSky-1247793417-1.xml,1247793417.0,41.060255192128544,29.46432412564401,70.52457931777255,1.3935583594938843,781.4811795672122,0.05,8.82037037155242,0.0389952221231531,2.75012163563847,0.1703786537819461,0.24257091393150834,203759.56770246703,2.691645669377984e-20,2.2609823622775066e-14,Klein_extrema,extrema,1,2.4664932458861704,8.72901757951021,54703.68256970485,204.72107696097964,85.18932689097305,54993.5929735568,0.18343888081919926,0.18343888081919926,0.15,0.8408991849949469,1.027,1.0000051678234003,0.9523809523809523,4.776307370771298,-0.9036926292287015,recede,1.6171394262100558,2.4116509201444167e+22,True,True,True,True,True,True
H1L1V1-GSTLAL_AllSky-1247825375-1.xml,1247825375.0,39.75040030627586,24.627061063710038,64.3774613699859,1.6140943575622704,633.8735463568538,0.05,6.910721832009356,0.03371055909688725,2.1702002160204854,0.08311480889939721,0.14997650012684188,125980.26010654718,2.088877914378681e-20,1.7546574480780922e-14,Klein_deformada,extrema,1,1.308903619042523,8.683559631633921,44371.14824497977,63.06461944882449,41.5574044496986,44475.77026887829,0.14835520067979258,0.14835520067979258,0.14835520067979258,0.8420712830300815,1.0267039361223627,1.0000041457516733,0.9523809523809523,4.782964887610863,-0.8970351123891369,recede,0.999843334178946,1.956133764057251e+22,True,True,True,True,True,True
H1L1V1-GSTLAL_AllSky-1247855210-1.xml,1247855210.0,21.862210753823316,15.659482030791988,37.521692784615304,1.3961005038886092,621.3435953089694,0.05,6.712255214340691,0.03723263645751854,1.3970315467202783,-0.026732576092168947,0.09377232284071628,78768.75118620168,1.3346848190332303e-20,1.1211352479879135e-14,Klein_deformada,extrema,1,1.3638154319979483,8.679224230867977,43494.05167162786,705.973363538767,-13.366288046084474,44186.65874712054,0.14739082844812776,0.14739082844812776,0.14739082844812776,0.8427593141758208,1.026530349120663,1.0000040373850236,0.9523809523809523,4.786872904518662,-0.8931270954813373,recede,0.6251488189381085,1.9174663351234797e+22,True,True,True,True,True,True
H1L1V1-GSTLAL_AllSky-1247864269-1.xml,1247864269.0,40.61908182127998,10.432622809600668,51.05170463088064,3.893467880761498,2418.288482550657,0.05,8.177198185539698,0.01655781975815317,0.8453049236245952,-0.05848657396718049,0.06912225887690812,58062.69745660282,2.249811917465618e-21,1.889842010671119e-15,Klein_deformada,extrema,1,0.9001338346730107,8.97431237157613,169280.193778546,668.0042896136865,-29.243286983590245,169918.9547811761,0.5667886240859872,0.5667886240859872,0.15,0.8409082868178708,1.027,1.0000159917962652,0.9523809523809523,4.776359069125506,-0.9036409308744942,recede,0.46081505917938753,7.462838257151328e+22,True,True,True,True,True,True
H1L1V1-GSTLAL_AllSky-1247877553-1.xml,1247877553.0,40.61908182127998,10.432622809600668,51.05170463088064,3.893467880761498,2418.288482550657,0.05,8.177198185539698,0.01655781975815317,0.8453049236245952,-0.05848657396718049,0.06912225887690812,58062.69745660282,2.249811917465618e-21,1.889842010671119e-15,Klein_deformada,extrema,1,0.9001338346730107,8.97431237157613,169280.193778546,668.0042896136865,-29.243286983590245,169918.9547811761,0.5667886240859872,0.5667886240859872,0.15,0.8409082868178708,1.027,1.0000159917962652,0.9523809523809523,4.776359069125506,-0.9036409308744942,recede,0.46081505917938753,7.462838257151328e+22,True,True,True,True,True,True
H1L1V1-GSTLAL_AllSky-1248055112-1.xml,1248055112.0,21.862210753823316,15.659482030791988,37.521692784615304,1.3961005038886092,621.3435953089694,0.05,6.712255214340691,0.03723263645751854,1.3970315467202783,-0.026732576092168947,0.09377232284071628,78768.75118620168,1.3346848190332303e-20,1.1211352479879135e-14,Klein_deformada,extrema,1,1.3638154319979483,8.679224230867977,43494.05167162786,705.973363538767,-13.366288046084474,44186.65874712054,0.14739082844812776,0.14739082844812776,0.14739082844812776,0.8427593141758208,1.026530349120663,1.0000040373850236,0.9523809523809523,4.786872904518662,-0.8931270954813373,recede,0.6251488189381085,1.9174663351234797e+22,True,True,True,True,True,True
H1L1V1-GSTLAL_AllSky-1248093189-1.xml,1248093189.0,39.75040030627586,24.627061063710038,64.3774613699859,1.6140943575622704,633.8735463568538,0.05,6.910721832009356,0.03371055909688725,2.1702002160204854,0.08311480889939721,0.14997650012684188,125980.26010654718,2.088877914378681e-20,1.7546574480780922e-14,Klein_deformada,extrema,1,1.308903619042523,8.683559631633921,44371.14824497977,63.06461944882449,41.5574044496986,44475.77026887829,0.14835520067979258,0.14835520067979258,0.14835520067979258,0.8420712830300815,1.0267039361223627,1.0000041457516733,0.9523809523809523,4.782964887610863,-0.8970351123891369,recede,0.999843334178946,1.956133764057251e+22,True,True,True,True,True,True
H1L1V1-GSTLAL_AllSky-1248104724-1.xml,1248104724.0,41.060255192128544,29.46432412564401,70.52457931777255,1.3935583594938843,781.4811795672122,0.05,8.82037037155242,0.0389952221231531,2.75012163563847,0.1703786537819461,0.24257091393150834,203759.56770246703,2.691645669377984e-20,2.2609823622775066e-14,Klein_extrema,extrema,1,2.4664932458861704,8.72901757951021,54703.68256970485,204.72107696097964,85.18932689097305,54993.5929735568,0.18343888081919926,0.18343888081919926,0.15,0.8408991849949469,1.027,1.0000051678234003,0.9523809523809523,4.776307370771298,-0.9036926292287015,recede,1.6171394262100558,2.4116509201444167e+22,True,True,True,True,True,True
H1L1V1-GSTLAL_AllSky-1248192749-1.xml,1248192749.0,21.862210753823316,15.659482030791988,37.521692784615304,1.3961005038886092,621.3435953089694,0.05,6.712255214340691,0.03723263645751854,1.3970315467202783,-0.026732576092168947,0.09377232284071628,78768.75118620168,1.3346848190332303e-20,1.1211352479879135e-14,Klein_deformada,extrema,1,1.3638154319979483,8.679224230867977,43494.05167162786,705.973363538767,-13.366288046084474,44186.65874712054,0.14739082844812776,0.14739082844812776,0.14739082844812776,0.8427593141758208,1.026530349120663,1.0000040373850236,0.9523809523809523,4.786872904518662,-0.8931270954813373,recede,0.6251488189381085,1.9174663351234797e+22,True,True,True,True,True,True
H1L1V1-GSTLAL_AllSky-1248199254-1.xml,1248199254.0,40.61908182127998,10.432622809600668,51.05170463088064,3.893467880761498,2418.288482550657,0.05,8.177198185539698,0.01655781975815317,0.8453049236245952,-0.05848657396718049,0.06912225887690812,58062.69745660282,2.249811917465618e-21,1.889842010671119e-15,Klein_deformada,extrema,1,0.9001338346730107,8.97431237157613,169280.193778546,668.0042896136865,-29.243286983590245,169918.9547811761,0.5667886240859872,0.5667886240859872,0.15,0.8409082868178708,1.027,1.0000159917962652,0.9523809523809523,4.776359069125506,-0.9036409308744942,recede,0.46081505917938753,7.462838257151328e+22,True,True,True,True,True,True
H1L1V1-GSTLAL_AllSky-1248208249-1.xml,1248208249.0,67.20261285541444,66.05513717334128,133.2577500287557,1.0173714828426133,1489.0395771385975,0.05,6.90474754136168,0.05,6.662887501437786,0.3149742023022703,0.46005556093922023,386446.671188945,2.5351090555564198e-20,2.1294916066673926e-14,Klein_extrema,extrema,1,1.9380300247943163,8.869011438335468,104232.77039970183,519.8331542752017,157.48710115113516,104910.09065512817,0.34994239466533933,0.34994239466533933,0.15,0.8409031195272717,1.027,1.0000098468060037,0.9523809523809523,4.776329718914903,-0.9036702810850965,recede,3.067037072928135,4.595176135049712e+22,True,True,True,True,True,True
H1L1V1-GSTLAL_AllSky-1248242631-1.xml,1248242631.0,20.24229268148237,12.671025166509635,32.913317847992005,1.5975260419325896,3927.8996032511404,0.05,7.407008707766111,0.03633697431287253,1.1959703851938943,0.3168419423112016,0.08858563057361565,74411.92968183715,1.702859333819716e-21,1.4304018404085615e-15,Klein_deformada,extrema,1,1.6207997494157165,9.07963850719771,274952.97222757986,-241.40323989796195,158.4209711556008,274869.98995883745,0.9168675949774476,0.9168675949774476,0.15,0.8409166813387651,1.027,1.0000259746389477,0.9523809523809523,4.776406750004186,-0.9035932499958141,recede,0.590570870490771,1.2121498175633019e+23,True,True,True,True,True,True
H1L1V1-GSTLAL_AllSky-1248331528-1.xml,1248331528.0,20.24229268148237,12.671025166509635,32.913317847992005,1.5975260419325896,3927.8996032511404,0.05,7.407008707766111,0.03633697431287253,1.1959703851938943,0.3168419423112016,0.08858563057361565,74411.92968183715,1.702859333819716e-21,1.4304018404085615e-15,Klein_deformada,extrema,1,1.6207997494157165,9.07963850719771,274952.97222757986,-241.40323989796195,158.4209711556008,274869.98995883745,0.9168675949774476,0.9168675949774476,0.15,0.8409166813387651,1.027,1.0000259746389477,0.9523809523809523,4.776406750004186,-0.9035932499958141,recede,0.590570870490771,1.2121498175633019e+23,True,True,True,True,True,True
H1L1V1-GSTLAL_AllSky-1248617394-1.xml,1248617394.0,19.66729328338096,13.299310718733071,32.96660400211403,1.4788204967403393,2915.217887283372,0.05,7.167275702280907,0.038895500970707216,1.2822525779651468,0.3465844295545932,0.09190257746236653,77198.1650683879,2.441937080833942e-21,2.0512271479005115e-15,Klein_deformada,extrema,1,1.6244355286090273,9.014893827861869,204065.25210983603,672.6503830313898,173.29221477729658,204911.19470764472,0.6835101725862788,0.6835101725862788,0.15,0.8409110501018808,1.027,1.000019277919429,0.9523809523809523,4.776374764578683,-0.903625235421317,recede,0.6126838497491102,8.996362400156485e+22,True,True,True,True,True,True
H1L1V1-GSTLAL_AllSky-1248365183-1.xml,1248365183.0,67.20261285541444,66.05513717334128,133.2577500287557,1.0173714828426133,1489.0395771385975,0.05,6.90474754136168,0.05,6.662887501437786,0.3149742023022703,0.46005556093922023,386446.671188945,2.5351090555564198e-20,2.1294916066673926e-14,Klein_extrema,extrema,1,1.9380300247943163,8.869011438335468,104232.77039970183,519.8331542752017,157.48710115113516,104910.09065512817,0.34994239466533933,0.34994239466533933,0.15,0.8409031195272717,1.027,1.0000098468060037,0.9523809523809523,4.776329718914903,-0.9036702810850965,recede,3.067037072928135,4.595176135049712e+22,True,True,True,True,True,True
H1L1V1-GSTLAL_AllSky-1248388469-1.xml,1248388469.0,21.862210753823316,15.659482030791988,37.521692784615304,1.3961005038886092,621.3435953089694,0.05,6.712255214340691,0.03723263645751854,1.3970315467202783,-0.026732576092168947,0.09377232284071628,78768.75118620168,1.3346848190332303e-20,1.1211352479879135e-14,Klein_deformada,extrema,1,1.3638154319979483,8.679224230867977,43494.05167162786,705.973363538767,-13.366288046084474,44186.65874712054,0.14739082844812776,0.14739082844812776,0.14739082844812776,0.8427593141758208,1.026530349120663,1.0000040373850236,0.9523809523809523,4.786872904518662,-0.8931270954813373,recede,0.6251488189381085,1.9174663351234797e+22,True,True,True,True,True,True
H1L1V1-GSTLAL_AllSky-1248447227-1.xml,1248447227.0,67.20261285541444,66.05513717334128,133.2577500287557,1.0173714828426133,1489.0395771385975,0.05,6.90474754136168,0.05,6.662887501437786,0.3149742023022703,0.46005556093922023,386446.671188945,2.5351090555564198e-20,2.1294916066673926e-14,Klein_extrema,extrema,1,1.9380300247943163,8.869011438335468,104232.77039970183,519.8331542752017,157.48710115113516,104910.09065512817,0.34994239466533933,0.34994239466533933,0.15,0.8409031195272717,1.027,1.0000098468060037,0.9523809523809523,4.776329718914903,-0.9036702810850965,recede,3.067037072928135,4.595176135049712e+22,True,True,True,True,True,True
H1L1V1-GSTLAL_AllSky-1248515038-1.xml,1248515038.0,20.24229268148237,12.671025166509635,32.913317847992005,1.5975260419325896,3927.8996032511404,0.05,7.407008707766111,0.03633697431287253,1.1959703851938943,0.3168419423112016,0.08858563057361565,74411.92968183715,1.702859333819716e-21,1.4304018404085615e-15,Klein_deformada,extrema,1,1.6207997494157165,9.07963850719771,274952.97222757986,-241.40323989796195,158.4209711556008,274869.98995883745,0.9168675949774476,0.9168675949774476,0.15,0.8409166813387651,1.027,1.0000259746389477,0.9523809523809523,4.776406750004186,-0.9035932499958141,recede,0.590570870490771,1.2121498175633019e+23,True,True,True,True,True,True
H1L1V1-GSTLAL_AllSky-1248524521-1.xml,1248524521.0,20.793266986484866,17.0966427056653,37.88990969215017,1.2162193095135936,500.0,0.05,7.282852002661866,0.04199990589525913,1.5913726414501739,-0.1005583984316514,0.11589731428766703,97353.74400164031,2.0884758849581254e-20,1.7543197433648255e-14,Klein_deformada,extrema,1,1.8111156154335057,8.632043320000633,35000.0,-369.7209912465466,-50.2791992158257,34579.99980953763,0.1153464634842069,0.1153464634842069,0.1153464634842069,0.8658011645926738,1.0207623634271572,1.0000025425656165,0.9523809523809523,4.917750614886387,-0.7622493851136127,recede,0.7726487619177802,1.543e+22,True,True,True,True,True,True
H1L1V1-GSTLAL_AllSky-1248387022-1.xml,1248387022.0,40.61908182127998,10.432622809600668,51.05170463088064,3.893467880761498,2418.288482550657,0.05,8.177198185539698,0.01655781975815317,0.8453049236245952,-0.05848657396718049,0.06912225887690812,58062.69745660282,2.249811917465618e-21,1.889842010671119e-15,Klein_deformada,extrema,1,0.9001338346730107,8.97431237157613,169280.193778546,668.0042896136865,-29.243286983590245,169918.9547811761,0.5667886240859872,0.5667886240859872,0.15,0.8409082868178708,1.027,1.0000159917962652,0.9523809523809523,4.776359069125506,-0.9036409308744942,recede,0.46081505917938753,7.462838257151328e+22,True,True,True,True,True,True
H1L1V1-GSTLAL_AllSky-1248741664-1.xml,1248741664.0,41.060255192128544,29.46432412564401,70.52457931777255,1.3935583594938843,781.4811795672122,0.05,8.82037037155242,0.0389952221231531,2.75012163563847,0.1703786537819461,0.24257091393150834,203759.56770246703,2.691645669377984e-20,2.2609823622775066e-14,Klein_extrema,extrema,1,2.4664932458861704,8.72901757951021,54703.68256970485,204.72107696097964,85.18932689097305,54993.5929735568,0.18343888081919926,0.18343888081919926,0.15,0.8408991849949469,1.027,1.0000051678234003,0.9523809523809523,4.776307370771298,-0.9036926292287015,recede,1.6171394262100558,2.4116509201444167e+22,True,True,True,True,True,True
H1L1V1-GSTLAL_AllSky-1248711176-1.xml,1248711176.0,19.66729328338096,13.299310718733071,32.96660400211403,1.4788204967403393,2915.217887283372,0.05,7.167275702280907,0.038895500970707216,1.2822525779651468,0.3465844295545932,0.09190257746236653,77198.1650683879,2.441937080833942e-21,2.0512271479005115e-15,Klein_deformada,extrema,1,1.6244355286090273,9.014893827861869,204065.25210983603,672.6503830313898,173.29221477729658,204911.19470764472,0.6835101725862788,0.6835101725862788,0.15,0.8409110501018808,1.027,1.000019277919429,0.9523809523809523,4.776374764578683,-0.903625235421317,recede,0.6126838497491102,8.996362400156485e+22,True,True,True,True,True,True
H1L1V1-GSTLAL_AllSky-1248756237-1.xml,1248756237.0,20.793266986484866,17.0966427056653,37.88990969215017,1.2162193095135936,500.0,0.05,7.282852002661866,0.04199990589525913,1.5913726414501739,-0.1005583984316514,0.11589731428766703,97353.74400164031,2.0884758849581254e-20,1.7543197433648255e-14,Klein_deformada,extrema,1,1.8111156154335057,8.632043320000633,35000.0,-369.7209912465466,-50.2791992158257,34579.99980953763,0.1153464634842069,0.1153464634842069,0.1153464634842069,0.8658011645926738,1.0207623634271572,1.0000025425656165,0.9523809523809523,4.917750614886387,-0.7622493851136127,recede,0.7726487619177802,1.543e+22,True,True,True,True,True,True
H1L1V1-GSTLAL_AllSky-1248798387-1.xml,1248798387.0,67.20261285541444,66.05513717334128,133.2577500287557,1.0173714828426133,1489.0395771385975,0.05,6.90474754136168,0.05,6.662887501437786,0.3149742023022703,0.46005556093922023,386446.671188945,2.5351090555564198e-20,2.1294916066673926e-14,Klein_extrema,extrema,1,1.9380300247943163,8.869011438335468,104232.77039970183,519.8331542752017,157.48710115113516,104910.09065512817,0.34994239466533933,0.34994239466533933,0.15,0.8409031195272717,1.027,1.0000098468060037,0.9523809523809523,4.776329718914903,-0.9036702810850965,recede,3.067037072928135,4.595176135049712e+22,True,True,True,True,True,True
H1L1V1-GSTLAL_AllSky-1248810728-1.xml,1248810728.0,20.793266986484866,17.0966427056653,37.88990969215017,1.2162193095135936,500.0,0.05,7.282852002661866,0.04199990589525913,1.5913726414501739,-0.1005583984316514,0.11589731428766703,97353.74400164031,2.0884758849581254e-20,1.7543197433648255e-14,Klein_deformada,extrema,1,1.8111156154335057,8.632043320000633,35000.0,-369.7209912465466,-50.2791992158257,34579.99980953763,0.1153464634842069,0.1153464634842069,0.1153464634842069,0.8658011645926738,1.0207623634271572,1.0000025425656165,0.9523809523809523,4.917750614886387,-0.7622493851136127,recede,0.7726487619177802,1.543e+22,True,True,True,True,True,True
H1L1V1-GSTLAL_AllSky-1248834439-1.xml,1248834439.0,19.66729328338096,13.299310718733071,32.96660400211403,1.4788204967403393,2915.217887283372,0.05,7.167275702280907,0.038895500970707216,1.2822525779651468,0.3465844295545932,0.09190257746236653,77198.1650683879,2.441937080833942e-21,2.0512271479005115e-15,Klein_deformada,extrema,1,1.6244355286090273,9.014893827861869,204065.25210983603,672.6503830313898,173.29221477729658,204911.19470764472,0.6835101725862788,0.6835101725862788,0.15,0.8409110501018808,1.027,1.000019277919429,0.9523809523809523,4.776374764578683,-0.903625235421317,recede,0.6126838497491102,8.996362400156485e+22,True,True,True,True,True,True
H1L1V1-GSTLAL_AllSky-1248845595-1.xml,1248845595.0,53.8806233122079,20.048866724047326,73.92949003625523,2.6874647856071365,2885.4862375344333,0.05,8.214166868453614,0.02174440544895693,1.6075528059829551,-0.027530084984522807,0.13204706998194832,110919.5387848366,3.5478827473665566e-21,2.9802215077879073e-15,Klein_deformada,extrema,1,1.192805047684352,9.01266782146321,201984.03662741033,216.30899720011257,-13.765042492261404,202186.58058211816,0.674421838130825,0.674421838130825,0.15,0.8409108847725774,1.027,1.0000190813082765,0.9523809523809523,4.776373825508239,-0.9036261744917606,recede,0.8803137998796553,8.904610529031261e+22,True,True,True,True,True,True
H1L1V1-GSTLAL_AllSky-1248858246-1.xml,1248858246.0,20.24229268148237,12.671025166509635,32.913317847992005,1.5975260419325896,3927.8996032511404,0.05,7.407008707766111,0.03633697431287253,1.1959703851938943,0.3168419423112016,0.08858563057361565,74411.92968183715,1.702859333819716e-21,1.4304018404085615e-15,Klein_deformada,extrema,1,1.6207997494157165,9.07963850719771,274952.97222757986,-241.40323989796195,158.4209711556008,274869.98995883745,0.9168675949774476,0.9168675949774476,0.15,0.8409166813387651,1.027,1.0000259746389477,0.9523809523809523,4.776406750004186,-0.9035932499958141,recede,0.590570870490771,1.2121498175633019e+23,True,True,True,True,True,True
H1L1V1-GSTLAL_AllSky-1248893557-1.xml,1248893557.0,21.862210753823316,15.659482030791988,37.521692784615304,1.3961005038886092,621.3435953089694,0.05,6.712255214340691,0.03723263645751854,1.3970315467202783,-0.026732576092168947,0.09377232284071628,78768.75118620168,1.3346848190332303e-20,1.1211352479879135e-14,Klein_deformada,extrema,1,1.3638154319979483,8.679224230867977,43494.05167162786,705.973363538767,-13.366288046084474,44186.65874712054,0.14739082844812776,0.14739082844812776,0.14739082844812776,0.8427593141758208,1.026530349120663,1.0000040373850236,0.9523809523809523,4.786872904518662,-0.8931270954813373,recede,0.6251488189381085,1.9174663351234797e+22,True,True,True,True,True,True
H1L1V1-GSTLAL_AllSky-1248922975-1.xml,1248922975.0,41.060255192128544,29.46432412564401,70.52457931777255,1.3935583594938843,781.4811795672122,0.05,8.82037037155242,0.0389952221231531,2.75012163563847,0.1703786537819461,0.24257091393150834,203759.56770246703,2.691645669377984e-20,2.2609823622775066e-14,Klein_extrema,extrema,1,2.4664932458861704,8.72901757951021,54703.68256970485,204.72107696097964,85.18932689097305,54993.5929735568,0.18343888081919926,0.18343888081919926,0.15,0.8408991849949469,1.027,1.0000051678234003,0.9523809523809523,4.776307370771298,-0.9036926292287015,recede,1.6171394262100558,2.4116509201444167e+22,True,True,True,True,True,True
H1L1V1-GSTLAL_AllSky-1248938850-1.xml,1248938850.0,53.8806233122079,20.048866724047326,73.92949003625523,2.6874647856071365,2885.4862375344333,0.05,8.214166868453614,0.02174440544895693,1.6075528059829551,-0.027530084984522807,0.13204706998194832,110919.5387848366,3.5478827473665566e-21,2.9802215077879073e-15,Klein_deformada,extrema,1,1.192805047684352,9.01266782146321,201984.03662741033,216.30899720011257,-13.765042492261404,202186.58058211816,0.674421838130825,0.674421838130825,0.15,0.8409108847725774,1.027,1.0000190813082765,0.9523809523809523,4.776373825508239,-0.9036261744917606,recede,0.8803137998796553,8.904610529031261e+22,True,True,True,True,True,True
H1L1V1-GSTLAL_AllSky-1249010427-1.xml,1249010427.0,20.793266986484866,17.0966427056653,37.88990969215017,1.2162193095135936,500.0,0.05,7.282852002661866,0.04199990589525913,1.5913726414501739,-0.1005583984316514,0.11589731428766703,97353.74400164031,2.0884758849581254e-20,1.7543197433648255e-14,Klein_deformada,extrema,1,1.8111156154335057,8.632043320000633,35000.0,-369.7209912465466,-50.2791992158257,34579.99980953763,0.1153464634842069,0.1153464634842069,0.1153464634842069,0.8658011645926738,1.0207623634271572,1.0000025425656165,0.9523809523809523,4.917750614886387,-0.7622493851136127,recede,0.7726487619177802,1.543e+22,True,True,True,True,True,True
H1L1V1-GSTLAL_AllSky-1249032684-1.xml,1249032684.0,53.8806233122079,20.048866724047326,73.92949003625523,2.6874647856071365,2885.4862375344333,0.05,8.214166868453614,0.02174440544895693,1.6075528059829551,-0.027530084984522807,0.13204706998194832,110919.5387848366,3.5478827473665566e-21,2.9802215077879073e-15,Klein_deformada,extrema,1,1.192805047684352,9.01266782146321,201984.03662741033,216.30899720011257,-13.765042492261404,202186.58058211816,0.674421838130825,0.674421838130825,0.15,0.8409108847725774,1.027,1.0000190813082765,0.9523809523809523,4.776373825508239,-0.9036261744917606,recede,0.8803137998796553,8.904610529031261e+22,True,True,True,True,True,True
H1L1V1-GSTLAL_AllSky-1249059066-1.xml,1249059066.0,41.060255192128544,29.46432412564401,70.52457931777255,1.3935583594938843,781.4811795672122,0.05,8.82037037155242,0.0389952221231531,2.75012163563847,0.1703786537819461,0.24257091393150834,203759.56770246703,2.691645669377984e-20,2.2609823622775066e-14,Klein_extrema,extrema,1,2.4664932458861704,8.72901757951021,54703.68256970485,204.72107696097964,85.18932689097305,54993.5929735568,0.18343888081919926,0.18343888081919926,0.15,0.8408991849949469,1.027,1.0000051678234003,0.9523809523809523,4.776307370771298,-0.9036926292287015,recede,1.6171394262100558,2.4116509201444167e+22,True,True,True,True,True,True
H1L1V1-GSTLAL_AllSky-1249064938-1.xml,1249064938.0,12.118318349877795,10.451963298482257,22.57028164836005,1.1594298605734208,3029.1949189898155,0.05,7.043467141746179,0.04473034167638973,1.0095764098634938,0.09181620610188712,0.07110918269955592,59731.71346762698,1.8123756814782765e-21,1.5223955724417523e-15,Klein_deformada,extrema,1,1.8041393957229797,9.023221927678003,212043.64432928708,-150.9349296908972,45.90810305094356,211938.61750264713,0.7069511318481773,0.7069511318481773,0.15,0.8409116838959494,1.027,1.0000200316332573,0.9523809523809523,4.776378364528992,-0.9036216354710076,recede,0.4740612179970395,9.34809552000257e+22,True,True,True,True,True,True
H1L1V1-GSTLAL_AllSky-1249208954-1.xml,1249208954.0,19.66729328338096,13.299310718733071,32.96660400211403,1.4788204967403393,2915.217887283372,0.05,7.167275702280907,0.038895500970707216,1.2822525779651468,0.3465844295545932,0.09190257746236653,77198.1650683879,2.441937080833942e-21,2.0512271479005115e-15,Klein_deformada,extrema,1,1.6244355286090273,9.014893827861869,204065.25210983603,672.6503830313898,173.29221477729658,204911.19470764472,0.6835101725862788,0.6835101725862788,0.15,0.8409110501018808,1.027,1.000019277919429,0.9523809523809523,4.776374764578683,-0.903625235421317,recede,0.6126838497491102,8.996362400156485e+22,True,True,True,True,True,True
H1L1V1-GSTLAL_AllSky-1249288507-1.xml,1249288507.0,67.20261285541444,66.05513717334128,133.2577500287557,1.0173714828426133,1489.0395771385975,0.05,6.90474754136168,0.05,6.662887501437786,0.3149742023022703,0.46005556093922023,386446.671188945,2.5351090555564198e-20,2.1294916066673926e-14,Klein_extrema,extrema,1,1.9380300247943163,8.869011438335468,104232.77039970183,519.8331542752017,157.48710115113516,104910.09065512817,0.34994239466533933,0.34994239466533933,0.15,0.8409031195272717,1.027,1.0000098468060037,0.9523809523809523,4.776329718914903,-0.9036702810850965,recede,3.067037072928135,4.595176135049712e+22,True,True,True,True,True,True
H1L1V1-GSTLAL_AllSky-1249368804-1.xml,1249368804.0,21.862210753823316,15.659482030791988,37.521692784615304,1.3961005038886092,621.3435953089694,0.05,6.712255214340691,0.03723263645751854,1.3970315467202783,-0.026732576092168947,0.09377232284071628,78768.75118620168,1.3346848190332303e-20,1.1211352479879135e-14,Klein_deformada,extrema,1,1.3638154319979483,8.679224230867977,43494.05167162786,705.973363538767,-13.366288046084474,44186.65874712054,0.14739082844812776,0.14739082844812776,0.14739082844812776,0.8427593141758208,1.026530349120663,1.0000040373850236,0.9523809523809523,4.786872904518662,-0.8931270954813373,recede,0.6251488189381085,1.9174663351234797e+22,True,True,True,True,True,True
H1L1V1-GSTLAL_AllSky-1249445272-1.xml,1249445272.0,53.8806233122079,20.048866724047326,73.92949003625523,2.6874647856071365,2885.4862375344333,0.05,8.214166868453614,0.02174440544895693,1.6075528059829551,-0.027530084984522807,0.13204706998194832,110919.5387848366,3.5478827473665566e-21,2.9802215077879073e-15,Klein_deformada,extrema,1,1.192805047684352,9.01266782146321,201984.03662741033,216.30899720011257,-13.765042492261404,202186.58058211816,0.674421838130825,0.674421838130825,0.15,0.8409108847725774,1.027,1.0000190813082765,0.9523809523809523,4.776373825508239,-0.9036261744917606,recede,0.8803137998796553,8.904610529031261e+22,True,True,True,True,True,True
H1L1V1-GSTLAL_AllSky-1249416034-1.xml,1249416034.0,12.118318349877795,10.451963298482257,22.57028164836005,1.1594298605734208,3029.1949189898155,0.05,7.043467141746179,0.04473034167638973,1.0095764098634938,0.09181620610188712,0.07110918269955592,59731.71346762698,1.8123756814782765e-21,1.5223955724417523e-15,Klein_deformada,extrema,1,1.8041393957229797,9.023221927678003,212043.64432928708,-150.9349296908972,45.90810305094356,211938.61750264713,0.7069511318481773,0.7069511318481773,0.15,0.8409116838959494,1.027,1.0000200316332573,0.9523809523809523,4.776378364528992,-0.9036216354710076,recede,0.4740612179970395,9.34809552000257e+22,True,True,True,True,True,True
H1L1V1-GSTLAL_AllSky-1249479778-1.xml,1249479778.0,12.118318349877795,10.451963298482257,22.57028164836005,1.1594298605734208,3029.1949189898155,0.05,7.043467141746179,0.04473034167638973,1.0095764098634938,0.09181620610188712,0.07110918269955592,59731.71346762698,1.8123756814782765e-21,1.5223955724417523e-15,Klein_deformada,extrema,1,1.8041393957229797,9.023221927678003,212043.64432928708,-150.9349296908972,45.90810305094356,211938.61750264713,0.7069511318481773,0.7069511318481773,0.15,0.8409116838959494,1.027,1.0000200316332573,0.9523809523809523,4.776378364528992,-0.9036216354710076,recede,0.4740612179970395,9.34809552000257e+22,True,True,True,True,True,True
H1L1V1-GSTLAL_AllSky-1249495257-1.xml,1249495257.0,21.862210753823316,15.659482030791988,37.521692784615304,1.3961005038886092,621.3435953089694,0.05,6.712255214340691,0.03723263645751854,1.3970315467202783,-0.026732576092168947,0.09377232284071628,78768.75118620168,1.3346848190332303e-20,1.1211352479879135e-14,Klein_deformada,extrema,1,1.3638154319979483,8.679224230867977,43494.05167162786,705.973363538767,-13.366288046084474,44186.65874712054,0.14739082844812776,0.14739082844812776,0.14739082844812776,0.8427593141758208,1.026530349120663,1.0000040373850236,0.9523809523809523,4.786872904518662,-0.8931270954813373,recede,0.6251488189381085,1.9174663351234797e+22,True,True,True,True,True,True
H1L1V1-GSTLAL_AllSky-1249522885-1.xml,1249522885.0,32.77267212169253,32.082077864548644,64.85474998624117,1.0215258581460838,772.0751415541365,0.05,8.329990207954445,0.05,3.242737499312059,0.569770583208979,0.27011971616236136,226900.56157638357,3.037003447797331e-20,2.5510828961497585e-14,Klein_extrema,extrema,1,2.8206803603502824,8.726388102698843,54045.25990878956,-475.9697334346798,284.8852916044895,53854.17546695937,0.17963819312278823,0.17963819312278823,0.15,0.8408991326906272,1.027,1.0000051056226147,0.9523809523809523,4.776307073682762,-0.9036929263172375,recede,1.8007981077490756,2.382623886836065e+22,True,True,True,True,True,True
H1L1V1-GSTLAL_AllSky-1249545668-1.xml,1249545668.0,41.060255192128544,29.46432412564401,70.52457931777255,1.3935583594938843,781.4811795672122,0.05,8.82037037155242,0.0389952221231531,2.75012163563847,0.1703786537819461,0.24257091393150834,203759.56770246703,2.691645669377984e-20,2.2609823622775066e-14,Klein_extrema,extrema,1,2.4664932458861704,8.72901757951021,54703.68256970485,204.72107696097964,85.18932689097305,54993.5929735568,0.18343888081919926,0.18343888081919926,0.15,0.8408991849949469,1.027,1.0000051678234003,0.9523809523809523,4.776307370771298,-0.9036926292287015,recede,1.6171394262100558,2.4116509201444167e+22,True,True,True,True,True,True
H1L1V1-GSTLAL_AllSky-1249597807-1.xml,1249597807.0,20.793266986484866,17.0966427056653,37.88990969215017,1.2162193095135936,500.0,0.05,7.282852002661866,0.04199990589525913,1.5913726414501739,-0.1005583984316514,0.11589731428766703,97353.74400164031,2.0884758849581254e-20,1.7543197433648255e-14,Klein_deformada,extrema,1,1.8111156154335057,8.632043320000633,35000.0,-369.7209912465466,-50.2791992158257,34579.99980953763,0.1153464634842069,0.1153464634842069,0.1153464634842069,0.8658011645926738,1.0207623634271572,1.0000025425656165,0.9523809523809523,4.917750614886387,-0.7622493851136127,recede,0.7726487619177802,1.543e+22,True,True,True,True,True,True
H1L1V1-GSTLAL_AllSky-1249631843-1.xml,1249631843.0,67.20261285541444,66.05513717334128,133.2577500287557,1.0173714828426133,1489.0395771385975,0.05,6.90474754136168,0.05,6.662887501437786,0.3149742023022703,0.46005556093922023,386446.671188945,2.5351090555564198e-20,2.1294916066673926e-14,Klein_extrema,extrema,1,1.9380300247943163,8.869011438335468,104232.77039970183,519.8331542752017,157.48710115113516,104910.09065512817,0.34994239466533933,0.34994239466533933,0.15,0.8409031195272717,1.027,1.0000098468060037,0.9523809523809523,4.776329718914903,-0.9036702810850965,recede,3.067037072928135,4.595176135049712e+22,True,True,True,True,True,True
H1L1V1-GSTLAL_AllSky-1249639075-1.xml,1249639075.0,12.118318349877795,10.451963298482257,22.57028164836005,1.1594298605734208,3029.1949189898155,0.05,7.043467141746179,0.04473034167638973,1.0095764098634938,0.09181620610188712,0.07110918269955592,59731.71346762698,1.8123756814782765e-21,1.5223955724417523e-15,Klein_deformada,extrema,1,1.8041393957229797,9.023221927678003,212043.64432928708,-150.9349296908972,45.90810305094356,211938.61750264713,0.7069511318481773,0.7069511318481773,0.15,0.8409116838959494,1.027,1.0000200316332573,0.9523809523809523,4.776378364528992,-0.9036216354710076,recede,0.4740612179970395,9.34809552000257e+22,True,True,True,True,True,True
H1L1V1-GSTLAL_AllSky-1249701924-1.xml,1249701924.0,32.77267212169253,32.082077864548644,64.85474998624117,1.0215258581460838,772.0751415541365,0.05,8.329990207954445,0.05,3.242737499312059,0.569770583208979,0.27011971616236136,226900.56157638357,3.037003447797331e-20,2.5510828961497585e-14,Klein_extrema,extrema,1,2.8206803603502824,8.726388102698843,54045.25990878956,-475.9697334346798,284.8852916044895,53854.17546695937,0.17963819312278823,0.17963819312278823,0.15,0.8408991326906272,1.027,1.0000051056226147,0.9523809523809523,4.776307073682762,-0.9036929263172375,recede,1.8007981077490756,2.382623886836065e+22,True,True,True,True,True,True
H1L1V1-GSTLAL_AllSky-1249702996-1.xml,1249702996.0,32.77267212169253,32.082077864548644,64.85474998624117,1.0215258581460838,772.0751415541365,0.05,8.329990207954445,0.05,3.242737499312059,0.569770583208979,0.27011971616236136,226900.56157638357,3.037003447797331e-20,2.5510828961497585e-14,Klein_extrema,extrema,1,2.8206803603502824,8.726388102698843,54045.25990878956,-475.9697334346798,284.8852916044895,53854.17546695937,0.17963819312278823,0.17963819312278823,0.15,0.8408991326906272,1.027,1.0000051056226147,0.9523809523809523,4.776307073682762,-0.9036929263172375,recede,1.8007981077490756,2.382623886836065e+22,True,True,True,True,True,True
H1L1V1-GSTLAL_AllSky-1249783724-1.xml,1249783724.0,67.20261285541444,66.05513717334128,133.2577500287557,1.0173714828426133,1489.0395771385975,0.05,6.90474754136168,0.05,6.662887501437786,0.3149742023022703,0.46005556093922023,386446.671188945,2.5351090555564198e-20,2.1294916066673926e-14,Klein_extrema,extrema,1,1.9380300247943163,8.869011438335468,104232.77039970183,519.8331542752017,157.48710115113516,104910.09065512817,0.34994239466533933,0.34994239466533933,0.15,0.8409031195272717,1.027,1.0000098468060037,0.9523809523809523,4.776329718914903,-0.9036702810850965,recede,3.067037072928135,4.595176135049712e+22,True,True,True,True,True,True
H1L1V1-GSTLAL_AllSky-1249792679-1.xml,1249792679.0,50.44165224741143,23.883870143036084,74.32552239044752,2.11195471861661,1328.4482818808608,0.05,8.462963358478127,0.026307275010837478,1.9553019578496615,-0.26990783796514217,0.16547648824042227,139000.2501219547,1.0321277857552495e-20,8.669873400344096e-15,Klein_extrema,extrema,1,1.531848002131204,8.844230643562202,92991.37973166026,411.19423977848487,-134.95391898257108,93267.62005245617,0.3111072929408257,0.3111072929408257,0.15,0.8409022265244547,1.027,1.0000087848387098,0.9523809523809523,4.776324646658902,-0.9036753533410975,recede,1.103176588269482,4.099591397884336e+22,True,True,True,True,True,True
H1L1V1-GSTLAL_AllSky-1249852257-1.xml,1249852257.0,21.862210753823316,15.659482030791988,37.521692784615304,1.3961005038886092,621.3435953089694,0.05,6.712255214340691,0.03723263645751854,1.3970315467202783,-0.026732576092168947,0.09377232284071628,78768.75118620168,1.3346848190332303e-20,1.1211352479879135e-14,Klein_deformada,extrema,1,1.3638154319979483,8.679224230867977,43494.05167162786,705.973363538767,-13.366288046084474,44186.65874712054,0.14739082844812776,0.14739082844812776,0.14739082844812776,0.8427593141758208,1.026530349120663,1.0000040373850236,0.9523809523809523,4.786872904518662,-0.8931270954813373,recede,0.6251488189381085,1.9174663351234797e+22,True,True,True,True,True,True
H1L1V1-GSTLAL_AllSky-1250035141-1.xml,1250035141.0,20.793266986484866,17.0966427056653,37.88990969215017,1.2162193095135936,500.0,0.05,7.282852002661866,0.04199990589525913,1.5913726414501739,-0.1005583984316514,0.11589731428766703,97353.74400164031,2.0884758849581254e-20,1.7543197433648255e-14,Klein_deformada,extrema,1,1.8111156154335057,8.632043320000633,35000.0,-369.7209912465466,-50.2791992158257,34579.99980953763,0.1153464634842069,0.1153464634842069,0.1153464634842069,0.8658011645926738,1.0207623634271572,1.0000025425656165,0.9523809523809523,4.917750614886387,-0.7622493851136127,recede,0.7726487619177802,1.543e+22,True,True,True,True,True,True
H1L1V1-GSTLAL_AllSky-1249990224-1.xml,1249990224.0,53.8806233122079,20.048866724047326,73.92949003625523,2.6874647856071365,2885.4862375344333,0.05,8.214166868453614,0.02174440544895693,1.6075528059829551,-0.027530084984522807,0.13204706998194832,110919.5387848366,3.5478827473665566e-21,2.9802215077879073e-15,Klein_deformada,extrema,1,1.192805047684352,9.01266782146321,201984.03662741033,216.30899720011257,-13.765042492261404,202186.58058211816,0.674421838130825,0.674421838130825,0.15,0.8409108847725774,1.027,1.0000190813082765,0.9523809523809523,4.776373825508239,-0.9036261744917606,recede,0.8803137998796553,8.904610529031261e+22,True,True,True,True,True,True
H1L1V1-GSTLAL_AllSky-1250088168-1.xml,1250088168.0,32.77267212169253,32.082077864548644,64.85474998624117,1.0215258581460838,772.0751415541365,0.05,8.329990207954445,0.05,3.242737499312059,0.569770583208979,0.27011971616236136,226900.56157638357,3.037003447797331e-20,2.5510828961497585e-14,Klein_extrema,extrema,1,2.8206803603502824,8.726388102698843,54045.25990878956,-475.9697334346798,284.8852916044895,53854.17546695937,0.17963819312278823,0.17963819312278823,0.15,0.8408991326906272,1.027,1.0000051056226147,0.9523809523809523,4.776307073682762,-0.9036929263172375,recede,1.8007981077490756,2.382623886836065e+22,True,True,True,True,True,True
H1L1V1-GSTLAL_AllSky-1250115195-1.xml,1250115195.0,50.44165224741143,23.883870143036084,74.32552239044752,2.11195471861661,1328.4482818808608,0.05,8.462963358478127,0.026307275010837478,1.9553019578496615,-0.26990783796514217,0.16547648824042227,139000.2501219547,1.0321277857552495e-20,8.669873400344096e-15,Klein_extrema,extrema,1,1.531848002131204,8.844230643562202,92991.37973166026,411.19423977848487,-134.95391898257108,93267.62005245617,0.3111072929408257,0.3111072929408257,0.15,0.8409022265244547,1.027,1.0000087848387098,0.9523809523809523,4.776324646658902,-0.9036753533410975,recede,1.103176588269482,4.099591397884336e+22,True,True,True,True,True,True
H1L1V1-GSTLAL_AllSky-1250164956-1.xml,1250164956.0,50.44165224741143,23.883870143036084,74.32552239044752,2.11195471861661,1328.4482818808608,0.05,8.462963358478127,0.026307275010837478,1.9553019578496615,-0.26990783796514217,0.16547648824042227,139000.2501219547,1.0321277857552495e-20,8.669873400344096e-15,Klein_extrema,extrema,1,1.531848002131204,8.844230643562202,92991.37973166026,411.19423977848487,-134.95391898257108,93267.62005245617,0.3111072929408257,0.3111072929408257,0.15,0.8409022265244547,1.027,1.0000087848387098,0.9523809523809523,4.776324646658902,-0.9036753533410975,recede,1.103176588269482,4.099591397884336e+22,True,True,True,True,True,True
H1L1V1-GSTLAL_AllSky-1250205962-1.xml,1250205962.0,20.793266986484866,17.0966427056653,37.88990969215017,1.2162193095135936,500.0,0.05,7.282852002661866,0.04199990589525913,1.5913726414501739,-0.1005583984316514,0.11589731428766703,97353.74400164031,2.0884758849581254e-20,1.7543197433648255e-14,Klein_deformada,extrema,1,1.8111156154335057,8.632043320000633,35000.0,-369.7209912465466,-50.2791992158257,34579.99980953763,0.1153464634842069,0.1153464634842069,0.1153464634842069,0.8658011645926738,1.0207623634271572,1.0000025425656165,0.9523809523809523,4.917750614886387,-0.7622493851136127,recede,0.7726487619177802,1.543e+22,True,True,True,True,True,True
H1L1V1-GSTLAL_AllSky-1250206646-1.xml,1250206646.0,72.05531139290088,71.25390405560066,143.30921544850153,1.01124720600116,500.0,0.05,7.2740036553473235,0.05,7.165460772425077,0.6365183043858489,0.5212158785086787,437821.33794729016,9.392338379997084e-20,7.889564239197552e-14,Klein_extrema,extrema,1,2.1508589096750503,8.632043320000633,35000.0,-520.2857562437449,318.25915219292443,34797.973395949186,0.11607354510549157,0.11607354510549157,0.11607354510549157,0.8652742875480111,1.0208932381189886,1.000002558592573,0.9523809523809523,4.914757953272702,-0.7652420467272973,recede,3.474772523391191,1.543e+22,True,True,True,True,True,True
H1L1V1-GSTLAL_AllSky-1250207104-1.xml,1250207104.0,67.20261285541444,66.05513717334128,133.2577500287557,1.0173714828426133,1489.0395771385975,0.05,6.90474754136168,0.05,6.662887501437786,0.3149742023022703,0.46005556093922023,386446.671188945,2.5351090555564198e-20,2.1294916066673926e-14,Klein_extrema,extrema,1,1.9380300247943163,8.869011438335468,104232.77039970183,519.8331542752017,157.48710115113516,104910.09065512817,0.34994239466533933,0.34994239466533933,0.15,0.8409031195272717,1.027,1.0000098468060037,0.9523809523809523,4.776329718914903,-0.9036702810850965,recede,3.067037072928135,4.595176135049712e+22,True,True,True,True,True,True
H1L1V1-GSTLAL_AllSky-1250208518-1.xml,1250208518.0,53.8806233122079,20.048866724047326,73.92949003625523,2.6874647856071365,2885.4862375344333,0.05,8.214166868453614,0.02174440544895693,1.6075528059829551,-0.027530084984522807,0.13204706998194832,110919.5387848366,3.5478827473665566e-21,2.9802215077879073e-15,Klein_deformada,extrema,1,1.192805047684352,9.01266782146321,201984.03662741033,216.30899720011257,-13.765042492261404,202186.58058211816,0.674421838130825,0.674421838130825,0.15,0.8409108847725774,1.027,1.0000190813082765,0.9523809523809523,4.776373825508239,-0.9036261744917606,recede,0.8803137998796553,8.904610529031261e+22,True,True,True,True,True,True
H1L1V1-GSTLAL_AllSky-1250229883-1.xml,1250229883.0,12.118318349877795,10.451963298482257,22.57028164836005,1.1594298605734208,3029.1949189898155,0.05,7.043467141746179,0.04473034167638973,1.0095764098634938,0.09181620610188712,0.07110918269955592,59731.71346762698,1.8123756814782765e-21,1.5223955724417523e-15,Klein_deformada,extrema,1,1.8041393957229797,9.023221927678003,212043.64432928708,-150.9349296908972,45.90810305094356,211938.61750264713,0.7069511318481773,0.7069511318481773,0.15,0.8409116838959494,1.027,1.0000200316332573,0.9523809523809523,4.776378364528992,-0.9036216354710076,recede,0.4740612179970395,9.34809552000257e+22,True,True,True,True,True,True
H1L1V1-GSTLAL_AllSky-1250277603-1.xml,1250277603.0,72.05531139290088,71.25390405560066,143.30921544850153,1.01124720600116,500.0,0.05,7.2740036553473235,0.05,7.165460772425077,0.6365183043858489,0.5212158785086787,437821.33794729016,9.392338379997084e-20,7.889564239197552e-14,Klein_extrema,extrema,1,2.1508589096750503,8.632043320000633,35000.0,-520.2857562437449,318.25915219292443,34797.973395949186,0.11607354510549157,0.11607354510549157,0.11607354510549157,0.8652742875480111,1.0208932381189886,1.000002558592573,0.9523809523809523,4.914757953272702,-0.7652420467272973,recede,3.474772523391191,1.543e+22,True,True,True,True,True,True
H1L1V1-GSTLAL_AllSky-1250272597-1.xml,1250272597.0,50.44165224741143,23.883870143036084,74.32552239044752,2.11195471861661,1328.4482818808608,0.05,8.462963358478127,0.026307275010837478,1.9553019578496615,-0.26990783796514217,0.16547648824042227,139000.2501219547,1.0321277857552495e-20,8.669873400344096e-15,Klein_extrema,extrema,1,1.531848002131204,8.844230643562202,92991.37973166026,411.19423977848487,-134.95391898257108,93267.62005245617,0.3111072929408257,0.3111072929408257,0.15,0.8409022265244547,1.027,1.0000087848387098,0.9523809523809523,4.776324646658902,-0.9036753533410975,recede,1.103176588269482,4.099591397884336e+22,True,True,True,True,True,True
H1L1V1-GSTLAL_AllSky-1250279095-1.xml,1250279095.0,72.05531139290088,71.25390405560066,143.30921544850153,1.01124720600116,500.0,0.05,7.2740036553473235,0.05,7.165460772425077,0.6365183043858489,0.5212158785086787,437821.33794729016,9.392338379997084e-20,7.889564239197552e-14,Klein_extrema,extrema,1,2.1508589096750503,8.632043320000633,35000.0,-520.2857562437449,318.25915219292443,34797.973395949186,0.11607354510549157,0.11607354510549157,0.11607354510549157,0.8652742875480111,1.0208932381189886,1.000002558592573,0.9523809523809523,4.914757953272702,-0.7652420467272973,recede,3.474772523391191,1.543e+22,True,True,True,True,True,True
H1L1V1-GSTLAL_AllSky-1250330787-1.xml,1250330787.0,53.8806233122079,20.048866724047326,73.92949003625523,2.6874647856071365,2885.4862375344333,0.05,8.214166868453614,0.02174440544895693,1.6075528059829551,-0.027530084984522807,0.13204706998194832,110919.5387848366,3.5478827473665566e-21,2.9802215077879073e-15,Klein_deformada,extrema,1,1.192805047684352,9.01266782146321,201984.03662741033,216.30899720011257,-13.765042492261404,202186.58058211816,0.674421838130825,0.674421838130825,0.15,0.8409108847725774,1.027,1.0000190813082765,0.9523809523809523,4.776373825508239,-0.9036261744917606,recede,0.8803137998796553,8.904610529031261e+22,True,True,True,True,True,True
H1L1V1-GSTLAL_AllSky-1250332698-1.xml,1250332698.0,25.247699540058836,23.788511515442025,49.03621105550086,1.0613400306139205,2522.803931287661,0.05,6.683811249835032,0.047807698180296475,2.3443083780467022,0.04084682426767233,0.15668914710271067,131618.88356627696,4.870980370318667e-21,4.09162351106768e-15,Klein_deformada,extrema,1,1.736365213276471,8.983500067374273,176596.27519013625,-72.30342570111588,20.423412133836166,176544.39517656897,0.5888887143937723,0.5888887143937723,0.15,0.8409088679987499,1.027,1.000016682941997,0.9523809523809523,4.776362370232899,-0.9036376297671005,recede,1.0445943140180711,7.785372931953722e+22,True,True,True,True,True,True
H1L1V1-GSTLAL_AllSky-1250367605-1.xml,1250367605.0,20.793266986484866,17.0966427056653,37.88990969215017,1.2162193095135936,500.0,0.05,7.282852002661866,0.04199990589525913,1.5913726414501739,-0.1005583984316514,0.11589731428766703,97353.74400164031,2.0884758849581254e-20,1.7543197433648255e-14,Klein_deformada,extrema,1,1.8111156154335057,8.632043320000633,35000.0,-369.7209912465466,-50.2791992158257,34579.99980953763,0.1153464634842069,0.1153464634842069,0.1153464634842069,0.8658011645926738,1.0207623634271572,1.0000025425656165,0.9523809523809523,4.917750614886387,-0.7622493851136127,recede,0.7726487619177802,1.543e+22,True,True,True,True,True,True
H1L1V1-GSTLAL_AllSky-1250400368-1.xml,1250400368.0,12.118318349877795,10.451963298482257,22.57028164836005,1.1594298605734208,3029.1949189898155,0.05,7.043467141746179,0.04473034167638973,1.0095764098634938,0.09181620610188712,0.07110918269955592,59731.71346762698,1.8123756814782765e-21,1.5223955724417523e-15,Klein_deformada,extrema,1,1.8041393957229797,9.023221927678003,212043.64432928708,-150.9349296908972,45.90810305094356,211938.61750264713,0.7069511318481773,0.7069511318481773,0.15,0.8409116838959494,1.027,1.0000200316332573,0.9523809523809523,4.776378364528992,-0.9036216354710076,recede,0.4740612179970395,9.34809552000257e+22,True,True,True,True,True,True
H1L1V1-GSTLAL_AllSky-1250433136-1.xml,1250433136.0,32.77267212169253,32.082077864548644,64.85474998624117,1.0215258581460838,772.0751415541365,0.05,8.329990207954445,0.05,3.242737499312059,0.569770583208979,0.27011971616236136,226900.56157638357,3.037003447797331e-20,2.5510828961497585e-14,Klein_extrema,extrema,1,2.8206803603502824,8.726388102698843,54045.25990878956,-475.9697334346798,284.8852916044895,53854.17546695937,0.17963819312278823,0.17963819312278823,0.15,0.8408991326906272,1.027,1.0000051056226147,0.9523809523809523,4.776307073682762,-0.9036929263172375,recede,1.8007981077490756,2.382623886836065e+22,True,True,True,True,True,True
H1L1V1-GSTLAL_AllSky-1250480331-1.xml,1250480331.0,72.05531139290088,71.25390405560066,143.30921544850153,1.01124720600116,500.0,0.05,7.2740036553473235,0.05,7.165460772425077,0.6365183043858489,0.5212158785086787,437821.33794729016,9.392338379997084e-20,7.889564239197552e-14,Klein_extrema,extrema,1,2.1508589096750503,8.632043320000633,35000.0,-520.2857562437449,318.25915219292443,34797.973395949186,0.11607354510549157,0.11607354510549157,0.11607354510549157,0.8652742875480111,1.0208932381189886,1.000002558592573,0.9523809523809523,4.914757953272702,-0.7652420467272973,recede,3.474772523391191,1.543e+22,True,True,True,True,True,True
H1L1V1-GSTLAL_AllSky-1250474892-1.xml,1250474892.0,25.247699540058836,23.788511515442025,49.03621105550086,1.0613400306139205,2522.803931287661,0.05,6.683811249835032,0.047807698180296475,2.3443083780467022,0.04084682426767233,0.15668914710271067,131618.88356627696,4.870980370318667e-21,4.09162351106768e-15,Klein_deformada,extrema,1,1.736365213276471,8.983500067374273,176596.27519013625,-72.30342570111588,20.423412133836166,176544.39517656897,0.5888887143937723,0.5888887143937723,0.15,0.8409088679987499,1.027,1.000016682941997,0.9523809523809523,4.776362370232899,-0.9036376297671005,recede,1.0445943140180711,7.785372931953722e+22,True,True,True,True,True,True
H1L1V1-GSTLAL_AllSky-1250482056-1.xml,1250482056.0,25.247699540058836,23.788511515442025,49.03621105550086,1.0613400306139205,2522.803931287661,0.05,6.683811249835032,0.047807698180296475,2.3443083780467022,0.04084682426767233,0.15668914710271067,131618.88356627696,4.870980370318667e-21,4.09162351106768e-15,Klein_deformada,extrema,1,1.736365213276471,8.983500067374273,176596.27519013625,-72.30342570111588,20.423412133836166,176544.39517656897,0.5888887143937723,0.5888887143937723,0.15,0.8409088679987499,1.027,1.000016682941997,0.9523809523809523,4.776362370232899,-0.9036376297671005,recede,1.0445943140180711,7.785372931953722e+22,True,True,True,True,True,True
H1L1V1-GSTLAL_AllSky-1250496091-1.xml,1250496091.0,12.118318349877795,10.451963298482257,22.57028164836005,1.1594298605734208,3029.1949189898155,0.05,7.043467141746179,0.04473034167638973,1.0095764098634938,0.09181620610188712,0.07110918269955592,59731.71346762698,1.8123756814782765e-21,1.5223955724417523e-15,Klein_deformada,extrema,1,1.8041393957229797,9.023221927678003,212043.64432928708,-150.9349296908972,45.90810305094356,211938.61750264713,0.7069511318481773,0.7069511318481773,0.15,0.8409116838959494,1.027,1.0000200316332573,0.9523809523809523,4.776378364528992,-0.9036216354710076,recede,0.4740612179970395,9.34809552000257e+22,True,True,True,True,True,True
H1L1V1-GSTLAL_AllSky-1250500389-1.xml,1250500389.0,34.96441401349207,18.25069434247734,53.215108355969406,1.9157854138247552,5000.0,0.05,8.106152126512862,0.03195866916447569,1.7006840425001521,0.3469608398447575,0.137860035676391,115802.42996816844,2.0391927324152233e-21,1.7129218952287875e-15,Klein_deformada,extrema,1,1.7073127127181877,9.132043320000633,350000.0,-181.95806747474103,173.48041992237876,349991.5223524477,1.1674460548051802,1.1674460548051802,0.15,0.8409226429861442,1.027,1.0000330642857143,0.9523809523809523,4.776440612161299,-0.9035593878387012,recede,0.9190669045092733,1.543e+23,True,True,True,True,True,True
H1L1V1-GSTLAL_AllSky-1250603346-1.xml,1250603346.0,53.8806233122079,20.048866724047326,73.92949003625523,2.6874647856071365,2885.4862375344333,0.05,8.214166868453614,0.02174440544895693,1.6075528059829551,-0.027530084984522807,0.13204706998194832,110919.5387848366,3.5478827473665566e-21,2.9802215077879073e-15,Klein_deformada,extrema,1,1.192805047684352,9.01266782146321,201984.03662741033,216.30899720011257,-13.765042492261404,202186.58058211816,0.674421838130825,0.674421838130825,0.15,0.8409108847725774,1.027,1.0000190813082765,0.9523809523809523,4.776373825508239,-0.9036261744917606,recede,0.8803137998796553,8.904610529031261e+22,True,True,True,True,True,True
H1L1V1-GSTLAL_AllSky-1250605428-1.xml,1250605428.0,32.77267212169253,32.082077864548644,64.85474998624117,1.0215258581460838,772.0751415541365,0.05,8.329990207954445,0.05,3.242737499312059,0.569770583208979,0.27011971616236136,226900.56157638357,3.037003447797331e-20,2.5510828961497585e-14,Klein_extrema,extrema,1,2.8206803603502824,8.726388102698843,54045.25990878956,-475.9697334346798,284.8852916044895,53854.17546695937,0.17963819312278823,0.17963819312278823,0.15,0.8408991326906272,1.027,1.0000051056226147,0.9523809523809523,4.776307073682762,-0.9036929263172375,recede,1.8007981077490756,2.382623886836065e+22,True,True,True,True,True,True
H1L1V1-GSTLAL_AllSky-1250606086-1.xml,1250606086.0,50.44165224741143,23.883870143036084,74.32552239044752,2.11195471861661,1328.4482818808608,0.05,8.462963358478127,0.026307275010837478,1.9553019578496615,-0.26990783796514217,0.16547648824042227,139000.2501219547,1.0321277857552495e-20,8.669873400344096e-15,Klein_extrema,extrema,1,1.531848002131204,8.844230643562202,92991.37973166026,411.19423977848487,-134.95391898257108,93267.62005245617,0.3111072929408257,0.3111072929408257,0.15,0.8409022265244547,1.027,1.0000087848387098,0.9523809523809523,4.776324646658902,-0.9036753533410975,recede,1.103176588269482,4.099591397884336e+22,True,True,True,True,True,True
H1L1V1-GSTLAL_AllSky-1250609143-1.xml,1250609143.0,25.247699540058836,23.788511515442025,49.03621105550086,1.0613400306139205,2522.803931287661,0.05,6.683811249835032,0.047807698180296475,2.3443083780467022,0.04084682426767233,0.15668914710271067,131618.88356627696,4.870980370318667e-21,4.09162351106768e-15,Klein_deformada,extrema,1,1.736365213276471,8.983500067374273,176596.27519013625,-72.30342570111588,20.423412133836166,176544.39517656897,0.5888887143937723,0.5888887143937723,0.15,0.8409088679987499,1.027,1.000016682941997,0.9523809523809523,4.776362370232899,-0.9036376297671005,recede,1.0445943140180711,7.785372931953722e+22,True,True,True,True,True,True
H1L1V1-GSTLAL_AllSky-1250610068-1.xml,1250610068.0,34.96441401349207,18.25069434247734,53.215108355969406,1.9157854138247552,5000.0,0.05,8.106152126512862,0.03195866916447569,1.7006840425001521,0.3469608398447575,0.137860035676391,115802.42996816844,2.0391927324152233e-21,1.7129218952287875e-15,Klein_deformada,extrema,1,1.7073127127181877,9.132043320000633,350000.0,-181.95806747474103,173.48041992237876,349991.5223524477,1.1674460548051802,1.1674460548051802,0.15,0.8409226429861442,1.027,1.0000330642857143,0.9523809523809523,4.776440612161299,-0.9035593878387012,recede,0.9190669045092733,1.543e+23,True,True,True,True,True,True
H1L1V1-GSTLAL_AllSky-1250610917-1.xml,1250610917.0,34.96441401349207,18.25069434247734,53.215108355969406,1.9157854138247552,5000.0,0.05,8.106152126512862,0.03195866916447569,1.7006840425001521,0.3469608398447575,0.137860035676391,115802.42996816844,2.0391927324152233e-21,1.7129218952287875e-15,Klein_deformada,extrema,1,1.7073127127181877,9.132043320000633,350000.0,-181.95806747474103,173.48041992237876,349991.5223524477,1.1674460548051802,1.1674460548051802,0.15,0.8409226429861442,1.027,1.0000330642857143,0.9523809523809523,4.776440612161299,-0.9035593878387012,recede,0.9190669045092733,1.543e+23,True,True,True,True,True,True
H1L1V1-GSTLAL_AllSky-1250620378-1.xml,1250620378.0,32.77267212169253,32.082077864548644,64.85474998624117,1.0215258581460838,772.0751415541365,0.05,8.329990207954445,0.05,3.242737499312059,0.569770583208979,0.27011971616236136,226900.56157638357,3.037003447797331e-20,2.5510828961497585e-14,Klein_extrema,extrema,1,2.8206803603502824,8.726388102698843,54045.25990878956,-475.9697334346798,284.8852916044895,53854.17546695937,0.17963819312278823,0.17963819312278823,0.15,0.8408991326906272,1.027,1.0000051056226147,0.9523809523809523,4.776307073682762,-0.9036929263172375,recede,1.8007981077490756,2.382623886836065e+22,True,True,True,True,True,True
H1L1V1-GSTLAL_AllSky-1250649160-1.xml,1250649160.0,19.552331604885268,17.922267463472455,37.47459906835772,1.090951892372718,3795.3712879920345,0.05,7.161999682952766,0.05,1.873729953417886,0.6772080667265985,0.13419653332318002,112725.08799147123,2.6775703759338457e-21,2.2491591157844305e-15,Klein_deformada,extrema,1,2.0851316853095745,9.072185451747938,265675.9901594424,-336.9006253451209,338.60403336329927,265677.6935674606,0.886205394691619,0.886205394691619,0.15,0.8409159443862505,1.027,1.0000250982481316,0.9523809523809523,4.776402564113902,-0.9035974358860974,recede,0.8946435554878668,1.1712515794743419e+23,True,True,True,True,True,True
H1L1V1-GSTLAL_AllSky-1250652369-1.xml,1250652369.0,12.118318349877795,10.451963298482257,22.57028164836005,1.1594298605734208,3029.1949189898155,0.05,7.043467141746179,0.04473034167638973,1.0095764098634938,0.09181620610188712,0.07110918269955592,59731.71346762698,1.8123756814782765e-21,1.5223955724417523e-15,Klein_deformada,extrema,1,1.8041393957229797,9.023221927678003,212043.64432928708,-150.9349296908972,45.90810305094356,211938.61750264713,0.7069511318481773,0.7069511318481773,0.15,0.8409116838959494,1.027,1.0000200316332573,0.9523809523809523,4.776378364528992,-0.9036216354710076,recede,0.4740612179970395,9.34809552000257e+22,True,True,True,True,True,True
H1L1V1-GSTLAL_AllSky-1250664542-1.xml,1250664542.0,50.44165224741143,23.883870143036084,74.32552239044752,2.11195471861661,1328.4482818808608,0.05,8.462963358478127,0.026307275010837478,1.9553019578496615,-0.26990783796514217,0.16547648824042227,139000.2501219547,1.0321277857552495e-20,8.669873400344096e-15,Klein_extrema,extrema,1,1.531848002131204,8.844230643562202,92991.37973166026,411.19423977848487,-134.95391898257108,93267.62005245617,0.3111072929408257,0.3111072929408257,0.15,0.8409022265244547,1.027,1.0000087848387098,0.9523809523809523,4.776324646658902,-0.9036753533410975,recede,1.103176588269482,4.099591397884336e+22,True,True,True,True,True,True
H1L1V1-GSTLAL_AllSky-1250684089-1.xml,1250684089.0,72.05531139290088,71.25390405560066,143.30921544850153,1.01124720600116,500.0,0.05,7.2740036553473235,0.05,7.165460772425077,0.6365183043858489,0.5212158785086787,437821.33794729016,9.392338379997084e-20,7.889564239197552e-14,Klein_extrema,extrema,1,2.1508589096750503,8.632043320000633,35000.0,-520.2857562437449,318.25915219292443,34797.973395949186,0.11607354510549157,0.11607354510549157,0.11607354510549157,0.8652742875480111,1.0208932381189886,1.000002558592573,0.9523809523809523,4.914757953272702,-0.7652420467272973,recede,3.474772523391191,1.543e+22,True,True,True,True,True,True
H1L1V1-GSTLAL_AllSky-1250724941-1.xml,1250724941.0,34.96441401349207,18.25069434247734,53.215108355969406,1.9157854138247552,5000.0,0.05,8.106152126512862,0.03195866916447569,1.7006840425001521,0.3469608398447575,0.137860035676391,115802.42996816844,2.0391927324152233e-21,1.7129218952287875e-15,Klein_deformada,extrema,1,1.7073127127181877,9.132043320000633,350000.0,-181.95806747474103,173.48041992237876,349991.5223524477,1.1674460548051802,1.1674460548051802,0.15,0.8409226429861442,1.027,1.0000330642857143,0.9523809523809523,4.776440612161299,-0.9035593878387012,recede,0.9190669045092733,1.543e+23,True,True,True,True,True,True
H1L1V1-GSTLAL_AllSky-1250899130-1.xml,1250899130.0,72.05531139290088,71.25390405560066,143.30921544850153,1.01124720600116,500.0,0.05,7.2740036553473235,0.05,7.165460772425077,0.6365183043858489,0.5212158785086787,437821.33794729016,9.392338379997084e-20,7.889564239197552e-14,Klein_extrema,extrema,1,2.1508589096750503,8.632043320000633,35000.0,-520.2857562437449,318.25915219292443,34797.973395949186,0.11607354510549157,0.11607354510549157,0.11607354510549157,0.8652742875480111,1.0208932381189886,1.000002558592573,0.9523809523809523,4.914757953272702,-0.7652420467272973,recede,3.474772523391191,1.543e+22,True,True,True,True,True,True
H1L1V1-GSTLAL_AllSky-1250725634-1.xml,1250725634.0,19.552331604885268,17.922267463472455,37.47459906835772,1.090951892372718,3795.3712879920345,0.05,7.161999682952766,0.05,1.873729953417886,0.6772080667265985,0.13419653332318002,112725.08799147123,2.6775703759338457e-21,2.2491591157844305e-15,Klein_deformada,extrema,1,2.0851316853095745,9.072185451747938,265675.9901594424,-336.9006253451209,338.60403336329927,265677.6935674606,0.886205394691619,0.886205394691619,0.15,0.8409159443862505,1.027,1.0000250982481316,0.9523809523809523,4.776402564113902,-0.9035974358860974,recede,0.8946435554878668,1.1712515794743419e+23,True,True,True,True,True,True
H1L1V1-GSTLAL_AllSky-1250809756-1.xml,1250809756.0,50.44165224741143,23.883870143036084,74.32552239044752,2.11195471861661,1328.4482818808608,0.05,8.462963358478127,0.026307275010837478,1.9553019578496615,-0.26990783796514217,0.16547648824042227,139000.2501219547,1.0321277857552495e-20,8.669873400344096e-15,Klein_extrema,extrema,1,1.531848002131204,8.844230643562202,92991.37973166026,411.19423977848487,-134.95391898257108,93267.62005245617,0.3111072929408257,0.3111072929408257,0.15,0.8409022265244547,1.027,1.0000087848387098,0.9523809523809523,4.776324646658902,-0.9036753533410975,recede,1.103176588269482,4.099591397884336e+22,True,True,True,True,True,True
H1L1V1-GSTLAL_AllSky-1250869903-1.xml,1250869903.0,54.40016553125584,36.06848043262242,90.46864596387826,1.5082466707428344,2859.9019104036033,0.05,7.081965667606025,0.03483596839490242,3.1515628915272793,-0.20140661645361743,0.22319260197097363,187481.78565561786,6.055078399247047e-21,5.08626585536752e-15,Klein_extrema,extrema,1,1.4204645853537208,9.010733886757112,200193.13372825223,195.3384626473735,-100.70330822680872,200287.7688826728,0.6680880840660535,0.6680880840660535,0.15,0.8409107425053631,1.027,1.000018912122776,0.9523809523809523,4.776373017430462,-0.9036269825695378,recede,1.487950679806491,8.82565729550552e+22,True,True,True,True,True,True
H1L1V1-GSTLAL_AllSky-1250896579-1.xml,1250896579.0,32.77267212169253,32.082077864548644,64.85474998624117,1.0215258581460838,772.0751415541365,0.05,8.329990207954445,0.05,3.242737499312059,0.569770583208979,0.27011971616236136,226900.56157638357,3.037003447797331e-20,2.5510828961497585e-14,Klein_extrema,extrema,1,2.8206803603502824,8.726388102698843,54045.25990878956,-475.9697334346798,284.8852916044895,53854.17546695937,0.17963819312278823,0.17963819312278823,0.15,0.8408991326906272,1.027,1.0000051056226147,0.9523809523809523,4.776307073682762,-0.9036929263172375,recede,1.8007981077490756,2.382623886836065e+22,True,True,True,True,True,True
H1L1V1-GSTLAL_AllSky-1250728185-1.xml,1250728185.0,19.552331604885268,17.922267463472455,37.47459906835772,1.090951892372718,3795.3712879920345,0.05,7.161999682952766,0.05,1.873729953417886,0.6772080667265985,0.13419653332318002,112725.08799147123,2.6775703759338457e-21,2.2491591157844305e-15,Klein_deformada,extrema,1,2.0851316853095745,9.072185451747938,265675.9901594424,-336.9006253451209,338.60403336329927,265677.6935674606,0.886205394691619,0.886205394691619,0.15,0.8409159443862505,1.027,1.0000250982481316,0.9523809523809523,4.776402564113902,-0.9035974358860974,recede,0.8946435554878668,1.1712515794743419e+23,True,True,True,True,True,True
H1L1V1-GSTLAL_AllSky-1250901185-1.xml,1250901185.0,25.247699540058836,23.788511515442025,49.03621105550086,1.0613400306139205,2522.803931287661,0.05,6.683811249835032,0.047807698180296475,2.3443083780467022,0.04084682426767233,0.15668914710271067,131618.88356627696,4.870980370318667e-21,4.09162351106768e-15,Klein_deformada,extrema,1,1.736365213276471,8.983500067374273,176596.27519013625,-72.30342570111588,20.423412133836166,176544.39517656897,0.5888887143937723,0.5888887143937723,0.15,0.8409088679987499,1.027,1.000016682941997,0.9523809523809523,4.776362370232899,-0.9036376297671005,recede,1.0445943140180711,7.785372931953722e+22,True,True,True,True,True,True
H1L1V1-GSTLAL_AllSky-1250942448-1.xml,1250942448.0,19.552331604885268,17.922267463472455,37.47459906835772,1.090951892372718,3795.3712879920345,0.05,7.161999682952766,0.05,1.873729953417886,0.6772080667265985,0.13419653332318002,112725.08799147123,2.6775703759338457e-21,2.2491591157844305e-15,Klein_deformada,extrema,1,2.0851316853095745,9.072185451747938,265675.9901594424,-336.9006253451209,338.60403336329927,265677.6935674606,0.886205394691619,0.886205394691619,0.15,0.8409159443862505,1.027,1.0000250982481316,0.9523809523809523,4.776402564113902,-0.9035974358860974,recede,0.8946435554878668,1.1712515794743419e+23,True,True,True,True,True,True
H1L1V1-GSTLAL_AllSky-1250946868-1.xml,1250946868.0,25.247699540058836,23.788511515442025,49.03621105550086,1.0613400306139205,2522.803931287661,0.05,6.683811249835032,0.047807698180296475,2.3443083780467022,0.04084682426767233,0.15668914710271067,131618.88356627696,4.870980370318667e-21,4.09162351106768e-15,Klein_deformada,extrema,1,1.736365213276471,8.983500067374273,176596.27519013625,-72.30342570111588,20.423412133836166,176544.39517656897,0.5888887143937723,0.5888887143937723,0.15,0.8409088679987499,1.027,1.000016682941997,0.9523809523809523,4.776362370232899,-0.9036376297671005,recede,1.0445943140180711,7.785372931953722e+22,True,True,True,True,True,True
H1L1V1-GSTLAL_AllSky-1251009263-1.xml,1251009263.0,54.40016553125584,36.06848043262242,90.46864596387826,1.5082466707428344,2859.9019104036033,0.05,7.081965667606025,0.03483596839490242,3.1515628915272793,-0.20140661645361743,0.22319260197097363,187481.78565561786,6.055078399247047e-21,5.08626585536752e-15,Klein_extrema,extrema,1,1.4204645853537208,9.010733886757112,200193.13372825223,195.3384626473735,-100.70330822680872,200287.7688826728,0.6680880840660535,0.6680880840660535,0.15,0.8409107425053631,1.027,1.000018912122776,0.9523809523809523,4.776373017430462,-0.9036269825695378,recede,1.487950679806491,8.82565729550552e+22,True,True,True,True,True,True
H1L1V1-GSTLAL_AllSky-1251010527-1.xml,1251010527.0,72.05531139290088,71.25390405560066,143.30921544850153,1.01124720600116,500.0,0.05,7.2740036553473235,0.05,7.165460772425077,0.6365183043858489,0.5212158785086787,437821.33794729016,9.392338379997084e-20,7.889564239197552e-14,Klein_extrema,extrema,1,2.1508589096750503,8.632043320000633,35000.0,-520.2857562437449,318.25915219292443,34797.973395949186,0.11607354510549157,0.11607354510549157,0.11607354510549157,0.8652742875480111,1.0208932381189886,1.000002558592573,0.9523809523809523,4.914757953272702,-0.7652420467272973,recede,3.474772523391191,1.543e+22,True,True,True,True,True,True
H1L1V1-GSTLAL_AllSky-1251088785-1.xml,1251088785.0,42.36559399289848,40.86127376157462,83.2268677544731,1.0368153043906942,1204.8668875653175,0.05,7.413556804013451,0.05,4.161343387723655,0.17086783044940873,0.3085035558589509,259142.98692151878,2.139432674254061e-20,1.7971234463734114e-14,Klein_extrema,extrema,1,2.2341798571680545,8.82302785241291,84340.68212957222,303.6798036640737,85.43391522470436,84729.79584846098,0.2826281768851603,0.2826281768851603,0.15,0.8409015393232394,1.027,1.0000079676126037,0.9523809523809523,4.776320743356,-0.9036792566439997,recede,2.056690372393006,3.7182192150265696e+22,True,True,True,True,True,True
H1L1V1-GSTLAL_AllSky-1251252685-1.xml,1251252685.0,25.247699540058836,23.788511515442025,49.03621105550086,1.0613400306139205,2522.803931287661,0.05,6.683811249835032,0.047807698180296475,2.3443083780467022,0.04084682426767233,0.15668914710271067,131618.88356627696,4.870980370318667e-21,4.09162351106768e-15,Klein_deformada,extrema,1,1.736365213276471,8.983500067374273,176596.27519013625,-72.30342570111588,20.423412133836166,176544.39517656897,0.5888887143937723,0.5888887143937723,0.15,0.8409088679987499,1.027,1.000016682941997,0.9523809523809523,4.776362370232899,-0.9036376297671005,recede,1.0445943140180711,7.785372931953722e+22,True,True,True,True,True,True
H1L1V1-GSTLAL_AllSky-1251176709-1.xml,1251176709.0,50.44165224741143,23.883870143036084,74.32552239044752,2.11195471861661,1328.4482818808608,0.05,8.462963358478127,0.026307275010837478,1.9553019578496615,-0.26990783796514217,0.16547648824042227,139000.2501219547,1.0321277857552495e-20,8.669873400344096e-15,Klein_extrema,extrema,1,1.531848002131204,8.844230643562202,92991.37973166026,411.19423977848487,-134.95391898257108,93267.62005245617,0.3111072929408257,0.3111072929408257,0.15,0.8409022265244547,1.027,1.0000087848387098,0.9523809523809523,4.776324646658902,-0.9036753533410975,recede,1.103176588269482,4.099591397884336e+22,True,True,True,True,True,True
H1L1V1-GSTLAL_AllSky-1251211824-1.xml,1251211824.0,34.96441401349207,18.25069434247734,53.215108355969406,1.9157854138247552,5000.0,0.05,8.106152126512862,0.03195866916447569,1.7006840425001521,0.3469608398447575,0.137860035676391,115802.42996816844,2.0391927324152233e-21,1.7129218952287875e-15,Klein_deformada,extrema,1,1.7073127127181877,9.132043320000633,350000.0,-181.95806747474103,173.48041992237876,349991.5223524477,1.1674460548051802,1.1674460548051802,0.15,0.8409226429861442,1.027,1.0000330642857143,0.9523809523809523,4.776440612161299,-0.9035593878387012,recede,0.9190669045092733,1.543e+23,True,True,True,True,True,True
H1L1V1-GSTLAL_AllSky-1251216775-1.xml,1251216775.0,54.40016553125584,36.06848043262242,90.46864596387826,1.5082466707428344,2859.9019104036033,0.05,7.081965667606025,0.03483596839490242,3.1515628915272793,-0.20140661645361743,0.22319260197097363,187481.78565561786,6.055078399247047e-21,5.08626585536752e-15,Klein_extrema,extrema,1,1.4204645853537208,9.010733886757112,200193.13372825223,195.3384626473735,-100.70330822680872,200287.7688826728,0.6680880840660535,0.6680880840660535,0.15,0.8409107425053631,1.027,1.000018912122776,0.9523809523809523,4.776373017430462,-0.9036269825695378,recede,1.487950679806491,8.82565729550552e+22,True,True,True,True,True,True
H1L1V1-GSTLAL_AllSky-1251225232-1.xml,1251225232.0,34.96441401349207,18.25069434247734,53.215108355969406,1.9157854138247552,5000.0,0.05,8.106152126512862,0.03195866916447569,1.7006840425001521,0.3469608398447575,0.137860035676391,115802.42996816844,2.0391927324152233e-21,1.7129218952287875e-15,Klein_deformada,extrema,1,1.7073127127181877,9.132043320000633,350000.0,-181.95806747474103,173.48041992237876,349991.5223524477,1.1674460548051802,1.1674460548051802,0.15,0.8409226429861442,1.027,1.0000330642857143,0.9523809523809523,4.776440612161299,-0.9035593878387012,recede,0.9190669045092733,1.543e+23,True,True,True,True,True,True
H1L1V1-GSTLAL_AllSky-1251234216-1.xml,1251234216.0,42.36559399289848,40.86127376157462,83.2268677544731,1.0368153043906942,1204.8668875653175,0.05,7.413556804013451,0.05,4.161343387723655,0.17086783044940873,0.3085035558589509,259142.98692151878,2.139432674254061e-20,1.7971234463734114e-14,Klein_extrema,extrema,1,2.2341798571680545,8.82302785241291,84340.68212957222,303.6798036640737,85.43391522470436,84729.79584846098,0.2826281768851603,0.2826281768851603,0.15,0.8409015393232394,1.027,1.0000079676126037,0.9523809523809523,4.776320743356,-0.9036792566439997,recede,2.056690372393006,3.7182192150265696e+22,True,True,True,True,True,True
H1L1V1-GSTLAL_AllSky-1251200191-1.xml,1251200191.0,54.40016553125584,36.06848043262242,90.46864596387826,1.5082466707428344,2859.9019104036033,0.05,7.081965667606025,0.03483596839490242,3.1515628915272793,-0.20140661645361743,0.22319260197097363,187481.78565561786,6.055078399247047e-21,5.08626585536752e-15,Klein_extrema,extrema,1,1.4204645853537208,9.010733886757112,200193.13372825223,195.3384626473735,-100.70330822680872,200287.7688826728,0.6680880840660535,0.6680880840660535,0.15,0.8409107425053631,1.027,1.000018912122776,0.9523809523809523,4.776373017430462,-0.9036269825695378,recede,1.487950679806491,8.82565729550552e+22,True,True,True,True,True,True
H1L1V1-GSTLAL_AllSky-1251266690-1.xml,1251266690.0,34.96441401349207,18.25069434247734,53.215108355969406,1.9157854138247552,5000.0,0.05,8.106152126512862,0.03195866916447569,1.7006840425001521,0.3469608398447575,0.137860035676391,115802.42996816844,2.0391927324152233e-21,1.7129218952287875e-15,Klein_deformada,extrema,1,1.7073127127181877,9.132043320000633,350000.0,-181.95806747474103,173.48041992237876,349991.5223524477,1.1674460548051802,1.1674460548051802,0.15,0.8409226429861442,1.027,1.0000330642857143,0.9523809523809523,4.776440612161299,-0.9035593878387012,recede,0.9190669045092733,1.543e+23,True,True,True,True,True,True
H1L1V1-GSTLAL_AllSky-1251255499-1.xml,1251255499.0,47.50348149298475,17.257260808022053,64.7607423010068,2.7526663716470408,1294.088758359546,0.05,7.293445268248441,0.025119112129065847,1.6267323474205275,0.37713264099143734,0.11864483342000927,99661.66007280779,7.613815002110076e-21,6.395604601772465e-15,Klein_deformada,extrema,1,1.0863371451848036,8.838540350103994,90586.21308516823,263.99732230308314,188.56632049571866,91038.77672796704,0.30367267187210906,0.30367267187210906,0.15,0.8409020354608527,1.027,1.0000085576240891,0.9523809523809523,4.776323561417644,-0.9036764385823561,recede,0.7909655561333951,3.99355790829756e+22,True,True,True,True,True,True
H1L1V1-GSTLAL_AllSky-1251268203-1.xml,1251268203.0,72.05531139290088,71.25390405560066,143.30921544850153,1.01124720600116,500.0,0.05,7.2740036553473235,0.05,7.165460772425077,0.6365183043858489,0.5212158785086787,437821.33794729016,9.392338379997084e-20,7.889564239197552e-14,Klein_extrema,extrema,1,2.1508589096750503,8.632043320000633,35000.0,-520.2857562437449,318.25915219292443,34797.973395949186,0.11607354510549157,0.11607354510549157,0.11607354510549157,0.8652742875480111,1.0208932381189886,1.000002558592573,0.9523809523809523,4.914757953272702,-0.7652420467272973,recede,3.474772523391191,1.543e+22,True,True,True,True,True,True
H1L1V1-GSTLAL_AllSky-1251307115-1.xml,1251307115.0,19.552331604885268,17.922267463472455,37.47459906835772,1.090951892372718,3795.3712879920345,0.05,7.161999682952766,0.05,1.873729953417886,0.6772080667265985,0.13419653332318002,112725.08799147123,2.6775703759338457e-21,2.2491591157844305e-15,Klein_deformada,extrema,1,2.0851316853095745,9.072185451747938,265675.9901594424,-336.9006253451209,338.60403336329927,265677.6935674606,0.886205394691619,0.886205394691619,0.15,0.8409159443862505,1.027,1.0000250982481316,0.9523809523809523,4.776402564113902,-0.9035974358860974,recede,0.8946435554878668,1.1712515794743419e+23,True,True,True,True,True,True
H1L1V1-GSTLAL_AllSky-1251415879-1.xml,1251415879.0,19.552331604885268,17.922267463472455,37.47459906835772,1.090951892372718,3795.3712879920345,0.05,7.161999682952766,0.05,1.873729953417886,0.6772080667265985,0.13419653332318002,112725.08799147123,2.6775703759338457e-21,2.2491591157844305e-15,Klein_deformada,extrema,1,2.0851316853095745,9.072185451747938,265675.9901594424,-336.9006253451209,338.60403336329927,265677.6935674606,0.886205394691619,0.886205394691619,0.15,0.8409159443862505,1.027,1.0000250982481316,0.9523809523809523,4.776402564113902,-0.9035974358860974,recede,0.8946435554878668,1.1712515794743419e+23,True,True,True,True,True,True
H1L1V1-GSTLAL_AllSky-1251316981-1.xml,1251316981.0,42.36559399289848,40.86127376157462,83.2268677544731,1.0368153043906942,1204.8668875653175,0.05,7.413556804013451,0.05,4.161343387723655,0.17086783044940873,0.3085035558589509,259142.98692151878,2.139432674254061e-20,1.7971234463734114e-14,Klein_extrema,extrema,1,2.2341798571680545,8.82302785241291,84340.68212957222,303.6798036640737,85.43391522470436,84729.79584846098,0.2826281768851603,0.2826281768851603,0.15,0.8409015393232394,1.027,1.0000079676126037,0.9523809523809523,4.776320743356,-0.9036792566439997,recede,2.056690372393006,3.7182192150265696e+22,True,True,True,True,True,True
H1L1V1-GSTLAL_AllSky-1251428988-1.xml,1251428988.0,47.50348149298475,17.257260808022053,64.7607423010068,2.7526663716470408,1294.088758359546,0.05,7.293445268248441,0.025119112129065847,1.6267323474205275,0.37713264099143734,0.11864483342000927,99661.66007280779,7.613815002110076e-21,6.395604601772465e-15,Klein_deformada,extrema,1,1.0863371451848036,8.838540350103994,90586.21308516823,263.99732230308314,188.56632049571866,91038.77672796704,0.30367267187210906,0.30367267187210906,0.15,0.8409020354608527,1.027,1.0000085576240891,0.9523809523809523,4.776323561417644,-0.9036764385823561,recede,0.7909655561333951,3.99355790829756e+22,True,True,True,True,True,True
H1L1V1-GSTLAL_AllSky-1251461584-1.xml,1251461584.0,42.36559399289848,40.86127376157462,83.2268677544731,1.0368153043906942,1204.8668875653175,0.05,7.413556804013451,0.05,4.161343387723655,0.17086783044940873,0.3085035558589509,259142.98692151878,2.139432674254061e-20,1.7971234463734114e-14,Klein_extrema,extrema,1,2.2341798571680545,8.82302785241291,84340.68212957222,303.6798036640737,85.43391522470436,84729.79584846098,0.2826281768851603,0.2826281768851603,0.15,0.8409015393232394,1.027,1.0000079676126037,0.9523809523809523,4.776320743356,-0.9036792566439997,recede,2.056690372393006,3.7182192150265696e+22,True,True,True,True,True,True
H1L1V1-GSTLAL_AllSky-1251461683-1.xml,1251461683.0,19.552331604885268,17.922267463472455,37.47459906835772,1.090951892372718,3795.3712879920345,0.05,7.161999682952766,0.05,1.873729953417886,0.6772080667265985,0.13419653332318002,112725.08799147123,2.6775703759338457e-21,2.2491591157844305e-15,Klein_deformada,extrema,1,2.0851316853095745,9.072185451747938,265675.9901594424,-336.9006253451209,338.60403336329927,265677.6935674606,0.886205394691619,0.886205394691619,0.15,0.8409159443862505,1.027,1.0000250982481316,0.9523809523809523,4.776402564113902,-0.9035974358860974,recede,0.8946435554878668,1.1712515794743419e+23,True,True,True,True,True,True
H1L1V1-GSTLAL_AllSky-1251474164-1.xml,1251474164.0,33.546775293935944,24.888618317047673,58.43539361098362,1.3478761603635423,3714.528266503849,0.05,8.455430619471183,0.04009935363603862,2.343221513267944,0.17134971877260236,0.19812946931489372,166428.75422451075,4.0466995310459996e-21,3.39922760607864e-15,Klein_extrema,extrema,1,2.330793087626211,9.067510151610024,260016.97865526943,-137.78335929322532,85.67485938630118,259964.8701553625,0.8671494669667857,0.8671494669667857,0.15,0.8409154948410505,1.027,1.0000245636447795,0.9523809523809523,4.7764000106971665,-0.9035999893028333,recede,1.3208631287659582,1.1463034230430878e+23,True,True,True,True,True,True
H1L1V1-GSTLAL_AllSky-1251502439-1.xml,1251502439.0,25.247699540058836,23.788511515442025,49.03621105550086,1.0613400306139205,2522.803931287661,0.05,6.683811249835032,0.047807698180296475,2.3443083780467022,0.04084682426767233,0.15668914710271067,131618.88356627696,4.870980370318667e-21,4.09162351106768e-15,Klein_deformada,extrema,1,1.736365213276471,8.983500067374273,176596.27519013625,-72.30342570111588,20.423412133836166,176544.39517656897,0.5888887143937723,0.5888887143937723,0.15,0.8409088679987499,1.027,1.000016682941997,0.9523809523809523,4.776362370232899,-0.9036376297671005,recede,1.0445943140180711,7.785372931953722e+22,True,True,True,True,True,True
H1L1V1-GSTLAL_AllSky-1251588283-1.xml,1251588283.0,54.40016553125584,36.06848043262242,90.46864596387826,1.5082466707428344,2859.9019104036033,0.05,7.081965667606025,0.03483596839490242,3.1515628915272793,-0.20140661645361743,0.22319260197097363,187481.78565561786,6.055078399247047e-21,5.08626585536752e-15,Klein_extrema,extrema,1,1.4204645853537208,9.010733886757112,200193.13372825223,195.3384626473735,-100.70330822680872,200287.7688826728,0.6680880840660535,0.6680880840660535,0.15,0.8409107425053631,1.027,1.000018912122776,0.9523809523809523,4.776373017430462,-0.9036269825695378,recede,1.487950679806491,8.82565729550552e+22,True,True,True,True,True,True
H1L1V1-GSTLAL_AllSky-1251692745-1.xml,1251692745.0,54.40016553125584,36.06848043262242,90.46864596387826,1.5082466707428344,2859.9019104036033,0.05,7.081965667606025,0.03483596839490242,3.1515628915272793,-0.20140661645361743,0.22319260197097363,187481.78565561786,6.055078399247047e-21,5.08626585536752e-15,Klein_extrema,extrema,1,1.4204645853537208,9.010733886757112,200193.13372825223,195.3384626473735,-100.70330822680872,200287.7688826728,0.6680880840660535,0.6680880840660535,0.15,0.8409107425053631,1.027,1.000018912122776,0.9523809523809523,4.776373017430462,-0.9036269825695378,recede,1.487950679806491,8.82565729550552e+22,True,True,True,True,True,True
H1L1V1-GSTLAL_AllSky-1251710792-1.xml,1251710792.0,47.50348149298475,17.257260808022053,64.7607423010068,2.7526663716470408,1294.088758359546,0.05,7.293445268248441,0.025119112129065847,1.6267323474205275,0.37713264099143734,0.11864483342000927,99661.66007280779,7.613815002110076e-21,6.395604601772465e-15,Klein_deformada,extrema,1,1.0863371451848036,8.838540350103994,90586.21308516823,263.99732230308314,188.56632049571866,91038.77672796704,0.30367267187210906,0.30367267187210906,0.15,0.8409020354608527,1.027,1.0000085576240891,0.9523809523809523,4.776323561417644,-0.9036764385823561,recede,0.7909655561333951,3.99355790829756e+22,True,True,True,True,True,True
H1L1V1-GSTLAL_AllSky-1251750952-1.xml,1251750952.0,33.546775293935944,24.888618317047673,58.43539361098362,1.3478761603635423,3714.528266503849,0.05,8.455430619471183,0.04009935363603862,2.343221513267944,0.17134971877260236,0.19812946931489372,166428.75422451075,4.0466995310459996e-21,3.39922760607864e-15,Klein_extrema,extrema,1,2.330793087626211,9.067510151610024,260016.97865526943,-137.78335929322532,85.67485938630118,259964.8701553625,0.8671494669667857,0.8671494669667857,0.15,0.8409154948410505,1.027,1.0000245636447795,0.9523809523809523,4.7764000106971665,-0.9035999893028333,recede,1.3208631287659582,1.1463034230430878e+23,True,True,True,True,True,True
H1L1V1-GSTLAL_AllSky-1251755572-1.xml,1251755572.0,47.50348149298475,17.257260808022053,64.7607423010068,2.7526663716470408,1294.088758359546,0.05,7.293445268248441,0.025119112129065847,1.6267323474205275,0.37713264099143734,0.11864483342000927,99661.66007280779,7.613815002110076e-21,6.395604601772465e-15,Klein_deformada,extrema,1,1.0863371451848036,8.838540350103994,90586.21308516823,263.99732230308314,188.56632049571866,91038.77672796704,0.30367267187210906,0.30367267187210906,0.15,0.8409020354608527,1.027,1.0000085576240891,0.9523809523809523,4.776323561417644,-0.9036764385823561,recede,0.7909655561333951,3.99355790829756e+22,True,True,True,True,True,True
H1L1V1-GSTLAL_AllSky-1251783833-1.xml,1251783833.0,54.40016553125584,36.06848043262242,90.46864596387826,1.5082466707428344,2859.9019104036033,0.05,7.081965667606025,0.03483596839490242,3.1515628915272793,-0.20140661645361743,0.22319260197097363,187481.78565561786,6.055078399247047e-21,5.08626585536752e-15,Klein_extrema,extrema,1,1.4204645853537208,9.010733886757112,200193.13372825223,195.3384626473735,-100.70330822680872,200287.7688826728,0.6680880840660535,0.6680880840660535,0.15,0.8409107425053631,1.027,1.000018912122776,0.9523809523809523,4.776373017430462,-0.9036269825695378,recede,1.487950679806491,8.82565729550552e+22,True,True,True,True,True,True
H1L1V1-GSTLAL_AllSky-1251787804-1.xml,1251787804.0,56.435338537589246,48.71285097315559,105.14818951074483,1.1585308067616351,640.403442854518,0.05,6.461938325777168,0.0470566207806528,4.947918479579334,0.3214321778017271,0.31973144056014796,268574.41007052426,4.403951657224717e-20,3.699319392068762e-14,Klein_extrema,extrema,1,1.5975013816872765,8.685785146858425,44828.240999816255,119.9934180068326,160.71608890086355,45108.95050672395,0.150467262611136,0.150467262611136,0.15,0.8408984005015153,1.027,1.0000042348964815,0.9523809523809523,4.776302914848607,-0.9036970851513928,recede,2.131542937067653,1.9762850246490424e+22,True,True,True,True,True,True
H1L1V1-GSTLAL_AllSky-1251835519-1.xml,1251835519.0,34.96441401349207,18.25069434247734,53.215108355969406,1.9157854138247552,5000.0,0.05,8.106152126512862,0.03195866916447569,1.7006840425001521,0.3469608398447575,0.137860035676391,115802.42996816844,2.0391927324152233e-21,1.7129218952287875e-15,Klein_deformada,extrema,1,1.7073127127181877,9.132043320000633,350000.0,-181.95806747474103,173.48041992237876,349991.5223524477,1.1674460548051802,1.1674460548051802,0.15,0.8409226429861442,1.027,1.0000330642857143,0.9523809523809523,4.776440612161299,-0.9035593878387012,recede,0.9190669045092733,1.543e+23,True,True,True,True,True,True
H1L1V1-GSTLAL_AllSky-1251848820-1.xml,1251848820.0,42.36559399289848,40.86127376157462,83.2268677544731,1.0368153043906942,1204.8668875653175,0.05,7.413556804013451,0.05,4.161343387723655,0.17086783044940873,0.3085035558589509,259142.98692151878,2.139432674254061e-20,1.7971234463734114e-14,Klein_extrema,extrema,1,2.2341798571680545,8.82302785241291,84340.68212957222,303.6798036640737,85.43391522470436,84729.79584846098,0.2826281768851603,0.2826281768851603,0.15,0.8409015393232394,1.027,1.0000079676126037,0.9523809523809523,4.776320743356,-0.9036792566439997,recede,2.056690372393006,3.7182192150265696e+22,True,True,True,True,True,True
H1L1V1-GSTLAL_AllSky-1251849513-1.xml,1251849513.0,42.36559399289848,40.86127376157462,83.2268677544731,1.0368153043906942,1204.8668875653175,0.05,7.413556804013451,0.05,4.161343387723655,0.17086783044940873,0.3085035558589509,259142.98692151878,2.139432674254061e-20,1.7971234463734114e-14,Klein_extrema,extrema,1,2.2341798571680545,8.82302785241291,84340.68212957222,303.6798036640737,85.43391522470436,84729.79584846098,0.2826281768851603,0.2826281768851603,0.15,0.8409015393232394,1.027,1.0000079676126037,0.9523809523809523,4.776320743356,-0.9036792566439997,recede,2.056690372393006,3.7182192150265696e+22,True,True,True,True,True,True
H1L1V1-GSTLAL_AllSky-1251851317-1.xml,1251851317.0,33.546775293935944,24.888618317047673,58.43539361098362,1.3478761603635423,3714.528266503849,0.05,8.455430619471183,0.04009935363603862,2.343221513267944,0.17134971877260236,0.19812946931489372,166428.75422451075,4.0466995310459996e-21,3.39922760607864e-15,Klein_extrema,extrema,1,2.330793087626211,9.067510151610024,260016.97865526943,-137.78335929322532,85.67485938630118,259964.8701553625,0.8671494669667857,0.8671494669667857,0.15,0.8409154948410505,1.027,1.0000245636447795,0.9523809523809523,4.7764000106971665,-0.9035999893028333,recede,1.3208631287659582,1.1463034230430878e+23,True,True,True,True,True,True
H1L1V1-GSTLAL_AllSky-1251926900-1.xml,1251926900.0,47.50348149298475,17.257260808022053,64.7607423010068,2.7526663716470408,1294.088758359546,0.05,7.293445268248441,0.025119112129065847,1.6267323474205275,0.37713264099143734,0.11864483342000927,99661.66007280779,7.613815002110076e-21,6.395604601772465e-15,Klein_deformada,extrema,1,1.0863371451848036,8.838540350103994,90586.21308516823,263.99732230308314,188.56632049571866,91038.77672796704,0.30367267187210906,0.30367267187210906,0.15,0.8409020354608527,1.027,1.0000085576240891,0.9523809523809523,4.776323561417644,-0.9036764385823561,recede,0.7909655561333951,3.99355790829756e+22,True,True,True,True,True,True
H1L1V1-GSTLAL_AllSky-1251858279-1.xml,1251858279.0,33.546775293935944,24.888618317047673,58.43539361098362,1.3478761603635423,3714.528266503849,0.05,8.455430619471183,0.04009935363603862,2.343221513267944,0.17134971877260236,0.19812946931489372,166428.75422451075,4.0466995310459996e-21,3.39922760607864e-15,Klein_extrema,extrema,1,2.330793087626211,9.067510151610024,260016.97865526943,-137.78335929322532,85.67485938630118,259964.8701553625,0.8671494669667857,0.8671494669667857,0.15,0.8409154948410505,1.027,1.0000245636447795,0.9523809523809523,4.7764000106971665,-0.9035999893028333,recede,1.3208631287659582,1.1463034230430878e+23,True,True,True,True,True,True
H1L1V1-GSTLAL_AllSky-1251895583-1.xml,1251895583.0,42.36559399289848,40.86127376157462,83.2268677544731,1.0368153043906942,1204.8668875653175,0.05,7.413556804013451,0.05,4.161343387723655,0.17086783044940873,0.3085035558589509,259142.98692151878,2.139432674254061e-20,1.7971234463734114e-14,Klein_extrema,extrema,1,2.2341798571680545,8.82302785241291,84340.68212957222,303.6798036640737,85.43391522470436,84729.79584846098,0.2826281768851603,0.2826281768851603,0.15,0.8409015393232394,1.027,1.0000079676126037,0.9523809523809523,4.776320743356,-0.9036792566439997,recede,2.056690372393006,3.7182192150265696e+22,True,True,True,True,True,True
H1L1V1-GSTLAL_AllSky-1251898102-1.xml,1251898102.0,38.481418647306626,28.291610067881223,66.77302871518785,1.360170685053858,1599.2719379843732,0.05,8.381368706230592,0.04064013707100341,2.713665039631281,0.25560539522600007,0.22744227242357626,191051.50883580407,1.1597977751985909e-20,9.742301311668163e-15,Klein_extrema,extrema,1,2.3210256771986106,8.884519476261271,111949.03565890613,124.10943838708806,127.80269761300003,112200.94779490623,0.3742620763158299,0.3742620763158299,0.15,0.8409037324982838,1.027,1.0000105757568585,0.9523809523809523,4.776333200590251,-0.9036667994097485,recede,1.5162818161571747,4.9353532006197755e+22,True,True,True,True,True,True
H1L1V1-GSTLAL_AllSky-1251903802-1.xml,1251903802.0,19.552331604885268,17.922267463472455,37.47459906835772,1.090951892372718,3795.3712879920345,0.05,7.161999682952766,0.05,1.873729953417886,0.6772080667265985,0.13419653332318002,112725.08799147123,2.6775703759338457e-21,2.2491591157844305e-15,Klein_deformada,extrema,1,2.0851316853095745,9.072185451747938,265675.9901594424,-336.9006253451209,338.60403336329927,265677.6935674606,0.886205394691619,0.886205394691619,0.15,0.8409159443862505,1.027,1.0000250982481316,0.9523809523809523,4.776402564113902,-0.9035974358860974,recede,0.8946435554878668,1.1712515794743419e+23,True,True,True,True,True,True
H1L1V1-GSTLAL_AllSky-1252064527-1.xml,1252064527.0,44.304077023453544,22.415378549458868,66.71945557291241,1.9765036278864492,856.8789969690889,0.05,7.099704661347102,0.03438421244438195,2.294095934592524,0.6616735893822714,0.1628740360040398,136814.19024339344,1.6353115942329607e-20,1.3736617391556872e-14,Klein_extrema,extrema,1,1.4090763833376245,8.749018066799533,59981.529787836225,449.48497913915435,330.8367946911357,60761.85156166652,0.20267972038731716,0.20267972038731716,0.15,0.8408996042609054,1.027,1.0000056664183956,0.9523809523809523,4.776309752201942,-0.9036902477980577,recede,1.0858269066935986,2.6443285846466083e+22,True,True,True,True,True,True
H1L1V1-GSTLAL_AllSky-1251855654-1.xml,1251855654.0,56.435338537589246,48.71285097315559,105.14818951074483,1.1585308067616351,640.403442854518,0.05,6.461938325777168,0.0470566207806528,4.947918479579334,0.3214321778017271,0.31973144056014796,268574.41007052426,4.403951657224717e-20,3.699319392068762e-14,Klein_extrema,extrema,1,1.5975013816872765,8.685785146858425,44828.240999816255,119.9934180068326,160.71608890086355,45108.95050672395,0.150467262611136,0.150467262611136,0.15,0.8408984005015153,1.027,1.0000042348964815,0.9523809523809523,4.776302914848607,-0.9036970851513928,recede,2.131542937067653,1.9762850246490424e+22,True,True,True,True,True,True
H1L1V1-GSTLAL_AllSky-1251941333-1.xml,1251941333.0,56.435338537589246,48.71285097315559,105.14818951074483,1.1585308067616351,640.403442854518,0.05,6.461938325777168,0.0470566207806528,4.947918479579334,0.3214321778017271,0.31973144056014796,268574.41007052426,4.403951657224717e-20,3.699319392068762e-14,Klein_extrema,extrema,1,1.5975013816872765,8.685785146858425,44828.240999816255,119.9934180068326,160.71608890086355,45108.95050672395,0.150467262611136,0.150467262611136,0.15,0.8408984005015153,1.027,1.0000042348964815,0.9523809523809523,4.776302914848607,-0.9036970851513928,recede,2.131542937067653,1.9762850246490424e+22,True,True,True,True,True,True
H1L1V1-GSTLAL_AllSky-1252028477-1.xml,1252028477.0,33.546775293935944,24.888618317047673,58.43539361098362,1.3478761603635423,3714.528266503849,0.05,8.455430619471183,0.04009935363603862,2.343221513267944,0.17134971877260236,0.19812946931489372,166428.75422451075,4.0466995310459996e-21,3.39922760607864e-15,Klein_extrema,extrema,1,2.330793087626211,9.067510151610024,260016.97865526943,-137.78335929322532,85.67485938630118,259964.8701553625,0.8671494669667857,0.8671494669667857,0.15,0.8409154948410505,1.027,1.0000245636447795,0.9523809523809523,4.7764000106971665,-0.9035999893028333,recede,1.3208631287659582,1.1463034230430878e+23,True,True,True,True,True,True
H1L1V1-GSTLAL_AllSky-1252029826-1.xml,1252029826.0,56.435338537589246,48.71285097315559,105.14818951074483,1.1585308067616351,640.403442854518,0.05,6.461938325777168,0.0470566207806528,4.947918479579334,0.3214321778017271,0.31973144056014796,268574.41007052426,4.403951657224717e-20,3.699319392068762e-14,Klein_extrema,extrema,1,1.5975013816872765,8.685785146858425,44828.240999816255,119.9934180068326,160.71608890086355,45108.95050672395,0.150467262611136,0.150467262611136,0.15,0.8408984005015153,1.027,1.0000042348964815,0.9523809523809523,4.776302914848607,-0.9036970851513928,recede,2.131542937067653,1.9762850246490424e+22,True,True,True,True,True,True
H1L1V1-GSTLAL_AllSky-1252034360-1.xml,1252034360.0,47.50348149298475,17.257260808022053,64.7607423010068,2.7526663716470408,1294.088758359546,0.05,7.293445268248441,0.025119112129065847,1.6267323474205275,0.37713264099143734,0.11864483342000927,99661.66007280779,7.613815002110076e-21,6.395604601772465e-15,Klein_deformada,extrema,1,1.0863371451848036,8.838540350103994,90586.21308516823,263.99732230308314,188.56632049571866,91038.77672796704,0.30367267187210906,0.30367267187210906,0.15,0.8409020354608527,1.027,1.0000085576240891,0.9523809523809523,4.776323561417644,-0.9036764385823561,recede,0.7909655561333951,3.99355790829756e+22,True,True,True,True,True,True
H1L1V1-GSTLAL_AllSky-1251937748-1.xml,1251937748.0,47.50348149298475,17.257260808022053,64.7607423010068,2.7526663716470408,1294.088758359546,0.05,7.293445268248441,0.025119112129065847,1.6267323474205275,0.37713264099143734,0.11864483342000927,99661.66007280779,7.613815002110076e-21,6.395604601772465e-15,Klein_deformada,extrema,1,1.0863371451848036,8.838540350103994,90586.21308516823,263.99732230308314,188.56632049571866,91038.77672796704,0.30367267187210906,0.30367267187210906,0.15,0.8409020354608527,1.027,1.0000085576240891,0.9523809523809523,4.776323561417644,-0.9036764385823561,recede,0.7909655561333951,3.99355790829756e+22,True,True,True,True,True,True
H1L1V1-GSTLAL_AllSky-1252091831-1.xml,1252091831.0,24.70003914760227,15.597417533870843,40.29745668147311,1.5835979958839,500.0,0.05,6.534230398982203,0.03377422802352457,1.3610154907281764,0.035792532740829885,0.0889318879300173,74702.78586121454,1.602557440499758e-20,1.3461482500197968e-14,Klein_deformada,extrema,1,1.1723821762983018,8.632043320000633,35000.0,-709.7457617493476,17.896266370414942,34308.150504621066,0.1144396718099595,0.1144396718099595,0.1144396718099595,0.8664585454908472,1.0205991409257926,1.0000025225773372,0.9523809523809523,4.921484538388012,-0.7585154616119878,recede,0.592879252866782,1.543e+22,True,True,True,True,True,True
H1L1V1-GSTLAL_AllSky-1252081065-1.xml,1252081065.0,54.40016553125584,36.06848043262242,90.46864596387826,1.5082466707428344,2859.9019104036033,0.05,7.081965667606025,0.03483596839490242,3.1515628915272793,-0.20140661645361743,0.22319260197097363,187481.78565561786,6.055078399247047e-21,5.08626585536752e-15,Klein_extrema,extrema,1,1.4204645853537208,9.010733886757112,200193.13372825223,195.3384626473735,-100.70330822680872,200287.7688826728,0.6680880840660535,0.6680880840660535,0.15,0.8409107425053631,1.027,1.000018912122776,0.9523809523809523,4.776373017430462,-0.9036269825695378,recede,1.487950679806491,8.82565729550552e+22,True,True,True,True,True,True
H1L1V1-GSTLAL_AllSky-1252113997-1.xml,1252113997.0,38.481418647306626,28.291610067881223,66.77302871518785,1.360170685053858,1599.2719379843732,0.05,8.381368706230592,0.04064013707100341,2.713665039631281,0.25560539522600007,0.22744227242357626,191051.50883580407,1.1597977751985909e-20,9.742301311668163e-15,Klein_extrema,extrema,1,2.3210256771986106,8.884519476261271,111949.03565890613,124.10943838708806,127.80269761300003,112200.94779490623,0.3742620763158299,0.3742620763158299,0.15,0.8409037324982838,1.027,1.0000105757568585,0.9523809523809523,4.776333200590251,-0.9036667994097485,recede,1.5162818161571747,4.9353532006197755e+22,True,True,True,True,True,True
H1L1V1-GSTLAL_AllSky-1252150105-1.xml,1252150105.0,38.481418647306626,28.291610067881223,66.77302871518785,1.360170685053858,1599.2719379843732,0.05,8.381368706230592,0.04064013707100341,2.713665039631281,0.25560539522600007,0.22744227242357626,191051.50883580407,1.1597977751985909e-20,9.742301311668163e-15,Klein_extrema,extrema,1,2.3210256771986106,8.884519476261271,111949.03565890613,124.10943838708806,127.80269761300003,112200.94779490623,0.3742620763158299,0.3742620763158299,0.15,0.8409037324982838,1.027,1.0000105757568585,0.9523809523809523,4.776333200590251,-0.9036667994097485,recede,1.5162818161571747,4.9353532006197755e+22,True,True,True,True,True,True
H1L1V1-GSTLAL_AllSky-1252217514-1.xml,1252217514.0,56.435338537589246,48.71285097315559,105.14818951074483,1.1585308067616351,640.403442854518,0.05,6.461938325777168,0.0470566207806528,4.947918479579334,0.3214321778017271,0.31973144056014796,268574.41007052426,4.403951657224717e-20,3.699319392068762e-14,Klein_extrema,extrema,1,1.5975013816872765,8.685785146858425,44828.240999816255,119.9934180068326,160.71608890086355,45108.95050672395,0.150467262611136,0.150467262611136,0.15,0.8408984005015153,1.027,1.0000042348964815,0.9523809523809523,4.776302914848607,-0.9036970851513928,recede,2.131542937067653,1.9762850246490424e+22,True,True,True,True,True,True
H1L1V1-GSTLAL_AllSky-1252261903-1.xml,1252261903.0,38.481418647306626,28.291610067881223,66.77302871518785,1.360170685053858,1599.2719379843732,0.05,8.381368706230592,0.04064013707100341,2.713665039631281,0.25560539522600007,0.22744227242357626,191051.50883580407,1.1597977751985909e-20,9.742301311668163e-15,Klein_extrema,extrema,1,2.3210256771986106,8.884519476261271,111949.03565890613,124.10943838708806,127.80269761300003,112200.94779490623,0.3742620763158299,0.3742620763158299,0.15,0.8409037324982838,1.027,1.0000105757568585,0.9523809523809523,4.776333200590251,-0.9036667994097485,recede,1.5162818161571747,4.9353532006197755e+22,True,True,True,True,True,True
H1L1V1-GSTLAL_AllSky-1252263825-1.xml,1252263825.0,33.546775293935944,24.888618317047673,58.43539361098362,1.3478761603635423,3714.528266503849,0.05,8.455430619471183,0.04009935363603862,2.343221513267944,0.17134971877260236,0.19812946931489372,166428.75422451075,4.0466995310459996e-21,3.39922760607864e-15,Klein_extrema,extrema,1,2.330793087626211,9.067510151610024,260016.97865526943,-137.78335929322532,85.67485938630118,259964.8701553625,0.8671494669667857,0.8671494669667857,0.15,0.8409154948410505,1.027,1.0000245636447795,0.9523809523809523,4.7764000106971665,-0.9035999893028333,recede,1.3208631287659582,1.1463034230430878e+23,True,True,True,True,True,True
H1L1V1-GSTLAL_AllSky-1252264062-1.xml,1252264062.0,33.546775293935944,24.888618317047673,58.43539361098362,1.3478761603635423,3714.528266503849,0.05,8.455430619471183,0.04009935363603862,2.343221513267944,0.17134971877260236,0.19812946931489372,166428.75422451075,4.0466995310459996e-21,3.39922760607864e-15,Klein_extrema,extrema,1,2.330793087626211,9.067510151610024,260016.97865526943,-137.78335929322532,85.67485938630118,259964.8701553625,0.8671494669667857,0.8671494669667857,0.15,0.8409154948410505,1.027,1.0000245636447795,0.9523809523809523,4.7764000106971665,-0.9035999893028333,recede,1.3208631287659582,1.1463034230430878e+23,True,True,True,True,True,True
H1L1V1-GSTLAL_AllSky-1252367731-1.xml,1252367731.0,45.884608674688735,27.113409854242658,72.9980185289314,1.6923215826174955,2174.612455211364,0.05,6.641783951946657,0.03804984958596521,2.777563625099341,0.6459158749062341,0.18447977510695585,154963.0110898429,6.738418438278156e-21,5.660271488153651e-15,Klein_extrema,extrema,1,1.3646375641377584,8.951249253406754,152222.87186479545,-237.90620390783238,322.9579374531171,152307.92359834074,0.508044547265898,0.508044547265898,0.15,0.8409069318043347,1.027,1.0000143804015074,0.9523809523809523,4.776351372648621,-0.9036486273513784,recede,1.2298651673797056,6.710854036782269e+22,True,True,True,True,True,True
H1L1V1-GSTLAL_AllSky-1252402886-1.xml,1252402886.0,42.36559399289848,40.86127376157462,83.2268677544731,1.0368153043906942,1204.8668875653175,0.05,7.413556804013451,0.05,4.161343387723655,0.17086783044940873,0.3085035558589509,259142.98692151878,2.139432674254061e-20,1.7971234463734114e-14,Klein_extrema,extrema,1,2.2341798571680545,8.82302785241291,84340.68212957222,303.6798036640737,85.43391522470436,84729.79584846098,0.2826281768851603,0.2826281768851603,0.15,0.8409015393232394,1.027,1.0000079676126037,0.9523809523809523,4.776320743356,-0.9036792566439997,recede,2.056690372393006,3.7182192150265696e+22,True,True,True,True,True,True
H1L1V1-GSTLAL_AllSky-1252423668-1.xml,1252423668.0,44.304077023453544,22.415378549458868,66.71945557291241,1.9765036278864492,856.8789969690889,0.05,7.099704661347102,0.03438421244438195,2.294095934592524,0.6616735893822714,0.1628740360040398,136814.19024339344,1.6353115942329607e-20,1.3736617391556872e-14,Klein_extrema,extrema,1,1.4090763833376245,8.749018066799533,59981.529787836225,449.48497913915435,330.8367946911357,60761.85156166652,0.20267972038731716,0.20267972038731716,0.15,0.8408996042609054,1.027,1.0000056664183956,0.9523809523809523,4.776309752201942,-0.9036902477980577,recede,1.0858269066935986,2.6443285846466083e+22,True,True,True,True,True,True
H1L1V1-GSTLAL_AllSky-1252424254-1.xml,1252424254.0,44.304077023453544,22.415378549458868,66.71945557291241,1.9765036278864492,856.8789969690889,0.05,7.099704661347102,0.03438421244438195,2.294095934592524,0.6616735893822714,0.1628740360040398,136814.19024339344,1.6353115942329607e-20,1.3736617391556872e-14,Klein_extrema,extrema,1,1.4090763833376245,8.749018066799533,59981.529787836225,449.48497913915435,330.8367946911357,60761.85156166652,0.20267972038731716,0.20267972038731716,0.15,0.8408996042609054,1.027,1.0000056664183956,0.9523809523809523,4.776309752201942,-0.9036902477980577,recede,1.0858269066935986,2.6443285846466083e+22,True,True,True,True,True,True
H1L1V1-GSTLAL_AllSky-1252463616-1.xml,1252463616.0,38.481418647306626,28.291610067881223,66.77302871518785,1.360170685053858,1599.2719379843732,0.05,8.381368706230592,0.04064013707100341,2.713665039631281,0.25560539522600007,0.22744227242357626,191051.50883580407,1.1597977751985909e-20,9.742301311668163e-15,Klein_extrema,extrema,1,2.3210256771986106,8.884519476261271,111949.03565890613,124.10943838708806,127.80269761300003,112200.94779490623,0.3742620763158299,0.3742620763158299,0.15,0.8409037324982838,1.027,1.0000105757568585,0.9523809523809523,4.776333200590251,-0.9036667994097485,recede,1.5162818161571747,4.9353532006197755e+22,True,True,True,True,True,True
H1L1V1-GSTLAL_AllSky-1252542789-1.xml,1252542789.0,44.304077023453544,22.415378549458868,66.71945557291241,1.9765036278864492,856.8789969690889,0.05,7.099704661347102,0.03438421244438195,2.294095934592524,0.6616735893822714,0.1628740360040398,136814.19024339344,1.6353115942329607e-20,1.3736617391556872e-14,Klein_extrema,extrema,1,1.4090763833376245,8.749018066799533,59981.529787836225,449.48497913915435,330.8367946911357,60761.85156166652,0.20267972038731716,0.20267972038731716,0.15,0.8408996042609054,1.027,1.0000056664183956,0.9523809523809523,4.776309752201942,-0.9036902477980577,recede,1.0858269066935986,2.6443285846466083e+22,True,True,True,True,True,True
H1L1V1-GSTLAL_AllSky-1252582064-1.xml,1252582064.0,56.435338537589246,48.71285097315559,105.14818951074483,1.1585308067616351,640.403442854518,0.05,6.461938325777168,0.0470566207806528,4.947918479579334,0.3214321778017271,0.31973144056014796,268574.41007052426,4.403951657224717e-20,3.699319392068762e-14,Klein_extrema,extrema,1,1.5975013816872765,8.685785146858425,44828.240999816255,119.9934180068326,160.71608890086355,45108.95050672395,0.150467262611136,0.150467262611136,0.15,0.8408984005015153,1.027,1.0000042348964815,0.9523809523809523,4.776302914848607,-0.9036970851513928,recede,2.131542937067653,1.9762850246490424e+22,True,True,True,True,True,True
H1L1V1-GSTLAL_AllSky-1252612027-1.xml,1252612027.0,56.435338537589246,48.71285097315559,105.14818951074483,1.1585308067616351,640.403442854518,0.05,6.461938325777168,0.0470566207806528,4.947918479579334,0.3214321778017271,0.31973144056014796,268574.41007052426,4.403951657224717e-20,3.699319392068762e-14,Klein_extrema,extrema,1,1.5975013816872765,8.685785146858425,44828.240999816255,119.9934180068326,160.71608890086355,45108.95050672395,0.150467262611136,0.150467262611136,0.15,0.8408984005015153,1.027,1.0000042348964815,0.9523809523809523,4.776302914848607,-0.9036970851513928,recede,2.131542937067653,1.9762850246490424e+22,True,True,True,True,True,True
H1L1V1-GSTLAL_AllSky-1252616870-1.xml,1252616870.0,35.719941731893336,13.312512349266044,49.03245408115938,2.683185622273821,2301.759549709354,0.05,8.999708179246529,0.02291118597302467,1.123391674167235,0.11400764282942166,0.10110197238500315,84925.65680340266,3.471961943150021e-21,2.9164480322460174e-15,Klein_deformada,extrema,1,1.5086875760114926,8.963588294662703,161123.16847965476,-379.2021688818746,57.00382141471083,160800.97013218762,0.5363743010912824,0.5363743010912824,0.15,0.8409076388334012,1.027,1.0000152212070794,0.9523809523809523,4.776355388573719,-0.903644611426281,recede,0.6740131492333544,7.103229970403066e+22,True,True,True,True,True,True
H1L1V1-GSTLAL_AllSky-1252627040-1.xml,1252627040.0,47.50348149298475,17.257260808022053,64.7607423010068,2.7526663716470408,1294.088758359546,0.05,7.293445268248441,0.025119112129065847,1.6267323474205275,0.37713264099143734,0.11864483342000927,99661.66007280779,7.613815002110076e-21,6.395604601772465e-15,Klein_deformada,extrema,1,1.0863371451848036,8.838540350103994,90586.21308516823,263.99732230308314,188.56632049571866,91038.77672796704,0.30367267187210906,0.30367267187210906,0.15,0.8409020354608527,1.027,1.0000085576240891,0.9523809523809523,4.776323561417644,-0.9036764385823561,recede,0.7909655561333951,3.99355790829756e+22,True,True,True,True,True,True
H1L1V1-GSTLAL_AllSky-1252674856-1.xml,1252674856.0,24.70003914760227,15.597417533870843,40.29745668147311,1.5835979958839,500.0,0.05,6.534230398982203,0.03377422802352457,1.3610154907281764,0.035792532740829885,0.0889318879300173,74702.78586121454,1.602557440499758e-20,1.3461482500197968e-14,Klein_deformada,extrema,1,1.1723821762983018,8.632043320000633,35000.0,-709.7457617493476,17.896266370414942,34308.150504621066,0.1144396718099595,0.1144396718099595,0.1144396718099595,0.8664585454908472,1.0205991409257926,1.0000025225773372,0.9523809523809523,4.921484538388012,-0.7585154616119878,recede,0.592879252866782,1.543e+22,True,True,True,True,True,True
H1L1V1-GSTLAL_AllSky-1252680614-1.xml,1252680614.0,24.70003914760227,15.597417533870843,40.29745668147311,1.5835979958839,500.0,0.05,6.534230398982203,0.03377422802352457,1.3610154907281764,0.035792532740829885,0.0889318879300173,74702.78586121454,1.602557440499758e-20,1.3461482500197968e-14,Klein_deformada,extrema,1,1.1723821762983018,8.632043320000633,35000.0,-709.7457617493476,17.896266370414942,34308.150504621066,0.1144396718099595,0.1144396718099595,0.1144396718099595,0.8664585454908472,1.0205991409257926,1.0000025225773372,0.9523809523809523,4.921484538388012,-0.7585154616119878,recede,0.592879252866782,1.543e+22,True,True,True,True,True,True
H1L1V1-GSTLAL_AllSky-1252699636-1.xml,1252699636.0,44.304077023453544,22.415378549458868,66.71945557291241,1.9765036278864492,856.8789969690889,0.05,7.099704661347102,0.03438421244438195,2.294095934592524,0.6616735893822714,0.1628740360040398,136814.19024339344,1.6353115942329607e-20,1.3736617391556872e-14,Klein_extrema,extrema,1,1.4090763833376245,8.749018066799533,59981.529787836225,449.48497913915435,330.8367946911357,60761.85156166652,0.20267972038731716,0.20267972038731716,0.15,0.8408996042609054,1.027,1.0000056664183956,0.9523809523809523,4.776309752201942,-0.9036902477980577,recede,1.0858269066935986,2.6443285846466083e+22,True,True,True,True,True,True
H1L1V1-GSTLAL_AllSky-1252745146-1.xml,1252745146.0,24.70003914760227,15.597417533870843,40.29745668147311,1.5835979958839,500.0,0.05,6.534230398982203,0.03377422802352457,1.3610154907281764,0.035792532740829885,0.0889318879300173,74702.78586121454,1.602557440499758e-20,1.3461482500197968e-14,Klein_deformada,extrema,1,1.1723821762983018,8.632043320000633,35000.0,-709.7457617493476,17.896266370414942,34308.150504621066,0.1144396718099595,0.1144396718099595,0.1144396718099595,0.8664585454908472,1.0205991409257926,1.0000025225773372,0.9523809523809523,4.921484538388012,-0.7585154616119878,recede,0.592879252866782,1.543e+22,True,True,True,True,True,True
H1L1V1-GSTLAL_AllSky-1252756008-1.xml,1252756008.0,38.481418647306626,28.291610067881223,66.77302871518785,1.360170685053858,1599.2719379843732,0.05,8.381368706230592,0.04064013707100341,2.713665039631281,0.25560539522600007,0.22744227242357626,191051.50883580407,1.1597977751985909e-20,9.742301311668163e-15,Klein_extrema,extrema,1,2.3210256771986106,8.884519476261271,111949.03565890613,124.10943838708806,127.80269761300003,112200.94779490623,0.3742620763158299,0.3742620763158299,0.15,0.8409037324982838,1.027,1.0000105757568585,0.9523809523809523,4.776333200590251,-0.9036667994097485,recede,1.5162818161571747,4.9353532006197755e+22,True,True,True,True,True,True
H1L1V1-GSTLAL_AllSky-1252812489-1.xml,1252812489.0,38.481418647306626,28.291610067881223,66.77302871518785,1.360170685053858,1599.2719379843732,0.05,8.381368706230592,0.04064013707100341,2.713665039631281,0.25560539522600007,0.22744227242357626,191051.50883580407,1.1597977751985909e-20,9.742301311668163e-15,Klein_extrema,extrema,1,2.3210256771986106,8.884519476261271,111949.03565890613,124.10943838708806,127.80269761300003,112200.94779490623,0.3742620763158299,0.3742620763158299,0.15,0.8409037324982838,1.027,1.0000105757568585,0.9523809523809523,4.776333200590251,-0.9036667994097485,recede,1.5162818161571747,4.9353532006197755e+22,True,True,True,True,True,True
H1L1V1-GSTLAL_AllSky-1252813043-1.xml,1252813043.0,56.95291178840427,11.129638561411936,68.0825503498162,5.117229232031689,2430.1395933167873,0.05,8.777486422361958,0.013793821413807115,0.9391185409218958,-0.29943591605571274,0.08243100241930314,69242.04203221464,2.6687858752919254e-21,2.2417801352452173e-15,Klein_deformada,extrema,1,0.8640120912989223,8.975373928472509,170109.7715321751,256.56212315692096,-149.71795802785635,170216.61569730417,0.5677815140276283,0.5677815140276283,0.15,0.8409083527185492,1.027,1.0000160701659677,0.9523809523809523,4.776359443441359,-0.9036405565586403,recede,0.5495400161286876,7.499410784975606e+22,True,True,True,True,True,True
H1L1V1-GSTLAL_AllSky-1252829409-1.xml,1252829409.0,33.546775293935944,24.888618317047673,58.43539361098362,1.3478761603635423,3714.528266503849,0.05,8.455430619471183,0.04009935363603862,2.343221513267944,0.17134971877260236,0.19812946931489372,166428.75422451075,4.0466995310459996e-21,3.39922760607864e-15,Klein_extrema,extrema,1,2.330793087626211,9.067510151610024,260016.97865526943,-137.78335929322532,85.67485938630118,259964.8701553625,0.8671494669667857,0.8671494669667857,0.15,0.8409154948410505,1.027,1.0000245636447795,0.9523809523809523,4.7764000106971665,-0.9035999893028333,recede,1.3208631287659582,1.1463034230430878e+23,True,True,True,True,True,True
H1L1V1-GSTLAL_AllSky-1252939489-1.xml,1252939489.0,45.884608674688735,27.113409854242658,72.9980185289314,1.6923215826174955,2174.612455211364,0.05,6.641783951946657,0.03804984958596521,2.777563625099341,0.6459158749062341,0.18447977510695585,154963.0110898429,6.738418438278156e-21,5.660271488153651e-15,Klein_extrema,extrema,1,1.3646375641377584,8.951249253406754,152222.87186479545,-237.90620390783238,322.9579374531171,152307.92359834074,0.508044547265898,0.508044547265898,0.15,0.8409069318043347,1.027,1.0000143804015074,0.9523809523809523,4.776351372648621,-0.9036486273513784,recede,1.2298651673797056,6.710854036782269e+22,True,True,True,True,True,True
H1L1V1-GSTLAL_AllSky-1252919116-1.xml,1252919116.0,45.884608674688735,27.113409854242658,72.9980185289314,1.6923215826174955,2174.612455211364,0.05,6.641783951946657,0.03804984958596521,2.777563625099341,0.6459158749062341,0.18447977510695585,154963.0110898429,6.738418438278156e-21,5.660271488153651e-15,Klein_extrema,extrema,1,1.3646375641377584,8.951249253406754,152222.87186479545,-237.90620390783238,322.9579374531171,152307.92359834074,0.508044547265898,0.508044547265898,0.15,0.8409069318043347,1.027,1.0000143804015074,0.9523809523809523,4.776351372648621,-0.9036486273513784,recede,1.2298651673797056,6.710854036782269e+22,True,True,True,True,True,True
H1L1V1-GSTLAL_AllSky-1252962002-1.xml,1252962002.0,24.70003914760227,15.597417533870843,40.29745668147311,1.5835979958839,500.0,0.05,6.534230398982203,0.03377422802352457,1.3610154907281764,0.035792532740829885,0.0889318879300173,74702.78586121454,1.602557440499758e-20,1.3461482500197968e-14,Klein_deformada,extrema,1,1.1723821762983018,8.632043320000633,35000.0,-709.7457617493476,17.896266370414942,34308.150504621066,0.1144396718099595,0.1144396718099595,0.1144396718099595,0.8664585454908472,1.0205991409257926,1.0000025225773372,0.9523809523809523,4.921484538388012,-0.7585154616119878,recede,0.592879252866782,1.543e+22,True,True,True,True,True,True
H1L1V1-GSTLAL_AllSky-1253203662-1.xml,1253203662.0,35.719941731893336,13.312512349266044,49.03245408115938,2.683185622273821,2301.759549709354,0.05,8.999708179246529,0.02291118597302467,1.123391674167235,0.11400764282942166,0.10110197238500315,84925.65680340266,3.471961943150021e-21,2.9164480322460174e-15,Klein_deformada,extrema,1,1.5086875760114926,8.963588294662703,161123.16847965476,-379.2021688818746,57.00382141471083,160800.97013218762,0.5363743010912824,0.5363743010912824,0.15,0.8409076388334012,1.027,1.0000152212070794,0.9523809523809523,4.776355388573719,-0.903644611426281,recede,0.6740131492333544,7.103229970403066e+22,True,True,True,True,True,True
H1L1V1-GSTLAL_AllSky-1253103017-1.xml,1253103017.0,44.304077023453544,22.415378549458868,66.71945557291241,1.9765036278864492,856.8789969690889,0.05,7.099704661347102,0.03438421244438195,2.294095934592524,0.6616735893822714,0.1628740360040398,136814.19024339344,1.6353115942329607e-20,1.3736617391556872e-14,Klein_extrema,extrema,1,1.4090763833376245,8.749018066799533,59981.529787836225,449.48497913915435,330.8367946911357,60761.85156166652,0.20267972038731716,0.20267972038731716,0.15,0.8408996042609054,1.027,1.0000056664183956,0.9523809523809523,4.776309752201942,-0.9036902477980577,recede,1.0858269066935986,2.6443285846466083e+22,True,True,True,True,True,True
H1L1V1-GSTLAL_AllSky-1253106426-1.xml,1253106426.0,44.304077023453544,22.415378549458868,66.71945557291241,1.9765036278864492,856.8789969690889,0.05,7.099704661347102,0.03438421244438195,2.294095934592524,0.6616735893822714,0.1628740360040398,136814.19024339344,1.6353115942329607e-20,1.3736617391556872e-14,Klein_extrema,extrema,1,1.4090763833376245,8.749018066799533,59981.529787836225,449.48497913915435,330.8367946911357,60761.85156166652,0.20267972038731716,0.20267972038731716,0.15,0.8408996042609054,1.027,1.0000056664183956,0.9523809523809523,4.776309752201942,-0.9036902477980577,recede,1.0858269066935986,2.6443285846466083e+22,True,True,True,True,True,True
H1L1V1-GSTLAL_AllSky-1253255057-1.xml,1253255057.0,45.884608674688735,27.113409854242658,72.9980185289314,1.6923215826174955,2174.612455211364,0.05,6.641783951946657,0.03804984958596521,2.777563625099341,0.6459158749062341,0.18447977510695585,154963.0110898429,6.738418438278156e-21,5.660271488153651e-15,Klein_extrema,extrema,1,1.3646375641377584,8.951249253406754,152222.87186479545,-237.90620390783238,322.9579374531171,152307.92359834074,0.508044547265898,0.508044547265898,0.15,0.8409069318043347,1.027,1.0000143804015074,0.9523809523809523,4.776351372648621,-0.9036486273513784,recede,1.2298651673797056,6.710854036782269e+22,True,True,True,True,True,True
H1L1V1-GSTLAL_AllSky-1253326744-1.xml,1253326744.0,24.70003914760227,15.597417533870843,40.29745668147311,1.5835979958839,500.0,0.05,6.534230398982203,0.03377422802352457,1.3610154907281764,0.035792532740829885,0.0889318879300173,74702.78586121454,1.602557440499758e-20,1.3461482500197968e-14,Klein_deformada,extrema,1,1.1723821762983018,8.632043320000633,35000.0,-709.7457617493476,17.896266370414942,34308.150504621066,0.1144396718099595,0.1144396718099595,0.1144396718099595,0.8664585454908472,1.0205991409257926,1.0000025225773372,0.9523809523809523,4.921484538388012,-0.7585154616119878,recede,0.592879252866782,1.543e+22,True,True,True,True,True,True
H1L1V1-GSTLAL_AllSky-1253422507-1.xml,1253422507.0,24.70003914760227,15.597417533870843,40.29745668147311,1.5835979958839,500.0,0.05,6.534230398982203,0.03377422802352457,1.3610154907281764,0.035792532740829885,0.0889318879300173,74702.78586121454,1.602557440499758e-20,1.3461482500197968e-14,Klein_deformada,extrema,1,1.1723821762983018,8.632043320000633,35000.0,-709.7457617493476,17.896266370414942,34308.150504621066,0.1144396718099595,0.1144396718099595,0.1144396718099595,0.8664585454908472,1.0205991409257926,1.0000025225773372,0.9523809523809523,4.921484538388012,-0.7585154616119878,recede,0.592879252866782,1.543e+22,True,True,True,True,True,True
H1L1V1-GSTLAL_AllSky-1253463599-1.xml,1253463599.0,35.719941731893336,13.312512349266044,49.03245408115938,2.683185622273821,2301.759549709354,0.05,8.999708179246529,0.02291118597302467,1.123391674167235,0.11400764282942166,0.10110197238500315,84925.65680340266,3.471961943150021e-21,2.9164480322460174e-15,Klein_deformada,extrema,1,1.5086875760114926,8.963588294662703,161123.16847965476,-379.2021688818746,57.00382141471083,160800.97013218762,0.5363743010912824,0.5363743010912824,0.15,0.8409076388334012,1.027,1.0000152212070794,0.9523809523809523,4.776355388573719,-0.903644611426281,recede,0.6740131492333544,7.103229970403066e+22,True,True,True,True,True,True
H1L1V1-GSTLAL_AllSky-1252987339-1.xml,1252987339.0,45.884608674688735,27.113409854242658,72.9980185289314,1.6923215826174955,2174.612455211364,0.05,6.641783951946657,0.03804984958596521,2.777563625099341,0.6459158749062341,0.18447977510695585,154963.0110898429,6.738418438278156e-21,5.660271488153651e-15,Klein_extrema,extrema,1,1.3646375641377584,8.951249253406754,152222.87186479545,-237.90620390783238,322.9579374531171,152307.92359834074,0.508044547265898,0.508044547265898,0.15,0.8409069318043347,1.027,1.0000143804015074,0.9523809523809523,4.776351372648621,-0.9036486273513784,recede,1.2298651673797056,6.710854036782269e+22,True,True,True,True,True,True
H1L1V1-GSTLAL_AllSky-1253202092-1.xml,1253202092.0,43.95640997907783,33.17947262541645,77.13588260449428,1.3248073733819967,500.0,0.05,6.058723906084652,0.038967202254561,3.0057695385334022,-0.04354475445588152,0.18211127759293355,152973.4731780642,3.281655092435816e-20,2.7565902776460853e-14,Klein_extrema,extrema,1,1.162937671021865,8.632043320000633,35000.0,173.1800143834995,-21.77237722794076,35151.40763715556,0.11725247483429206,0.11725247483429206,0.11725247483429206,0.8644203995893832,1.0211054454701727,1.0000025845795524,0.9523809523809523,4.9099078696676965,-0.7700921303323032,recede,1.2140751839528905,1.543e+22,True,True,True,True,True,True
H1L1V1-GSTLAL_AllSky-1253203571-1.xml,1253203571.0,56.435338537589246,48.71285097315559,105.14818951074483,1.1585308067616351,640.403442854518,0.05,6.461938325777168,0.0470566207806528,4.947918479579334,0.3214321778017271,0.31973144056014796,268574.41007052426,4.403951657224717e-20,3.699319392068762e-14,Klein_extrema,extrema,1,1.5975013816872765,8.685785146858425,44828.240999816255,119.9934180068326,160.71608890086355,45108.95050672395,0.150467262611136,0.150467262611136,0.15,0.8408984005015153,1.027,1.0000042348964815,0.9523809523809523,4.776302914848607,-0.9036970851513928,recede,2.131542937067653,1.9762850246490424e+22,True,True,True,True,True,True
H1L1V1-GSTLAL_AllSky-1253212855-1.xml,1253212855.0,35.719941731893336,13.312512349266044,49.03245408115938,2.683185622273821,2301.759549709354,0.05,8.999708179246529,0.02291118597302467,1.123391674167235,0.11400764282942166,0.10110197238500315,84925.65680340266,3.471961943150021e-21,2.9164480322460174e-15,Klein_deformada,extrema,1,1.5086875760114926,8.963588294662703,161123.16847965476,-379.2021688818746,57.00382141471083,160800.97013218762,0.5363743010912824,0.5363743010912824,0.15,0.8409076388334012,1.027,1.0000152212070794,0.9523809523809523,4.776355388573719,-0.903644611426281,recede,0.6740131492333544,7.103229970403066e+22,True,True,True,True,True,True
H1L1V1-GSTLAL_AllSky-1253466644-1.xml,1253466644.0,45.884608674688735,27.113409854242658,72.9980185289314,1.6923215826174955,2174.612455211364,0.05,6.641783951946657,0.03804984958596521,2.777563625099341,0.6459158749062341,0.18447977510695585,154963.0110898429,6.738418438278156e-21,5.660271488153651e-15,Klein_extrema,extrema,1,1.3646375641377584,8.951249253406754,152222.87186479545,-237.90620390783238,322.9579374531171,152307.92359834074,0.508044547265898,0.508044547265898,0.15,0.8409069318043347,1.027,1.0000143804015074,0.9523809523809523,4.776351372648621,-0.9036486273513784,recede,1.2298651673797056,6.710854036782269e+22,True,True,True,True,True,True
H1L1V1-GSTLAL_AllSky-1253247782-1.xml,1253247782.0,56.95291178840427,11.129638561411936,68.0825503498162,5.117229232031689,2430.1395933167873,0.05,8.777486422361958,0.013793821413807115,0.9391185409218958,-0.29943591605571274,0.08243100241930314,69242.04203221464,2.6687858752919254e-21,2.2417801352452173e-15,Klein_deformada,extrema,1,0.8640120912989223,8.975373928472509,170109.7715321751,256.56212315692096,-149.71795802785635,170216.61569730417,0.5677815140276283,0.5677815140276283,0.15,0.8409083527185492,1.027,1.0000160701659677,0.9523809523809523,4.776359443441359,-0.9036405565586403,recede,0.5495400161286876,7.499410784975606e+22,True,True,True,True,True,True
H1L1V1-GSTLAL_AllSky-1253504994-1.xml,1253504994.0,45.884608674688735,27.113409854242658,72.9980185289314,1.6923215826174955,2174.612455211364,0.05,6.641783951946657,0.03804984958596521,2.777563625099341,0.6459158749062341,0.18447977510695585,154963.0110898429,6.738418438278156e-21,5.660271488153651e-15,Klein_extrema,extrema,1,1.3646375641377584,8.951249253406754,152222.87186479545,-237.90620390783238,322.9579374531171,152307.92359834074,0.508044547265898,0.508044547265898,0.15,0.8409069318043347,1.027,1.0000143804015074,0.9523809523809523,4.776351372648621,-0.9036486273513784,recede,1.2298651673797056,6.710854036782269e+22,True,True,True,True,True,True
H1L1V1-GSTLAL_AllSky-1253509434-1.xml,1253509434.0,56.95291178840427,11.129638561411936,68.0825503498162,5.117229232031689,2430.1395933167873,0.05,8.777486422361958,0.013793821413807115,0.9391185409218958,-0.29943591605571274,0.08243100241930314,69242.04203221464,2.6687858752919254e-21,2.2417801352452173e-15,Klein_deformada,extrema,1,0.8640120912989223,8.975373928472509,170109.7715321751,256.56212315692096,-149.71795802785635,170216.61569730417,0.5677815140276283,0.5677815140276283,0.15,0.8409083527185492,1.027,1.0000160701659677,0.9523809523809523,4.776359443441359,-0.9036405565586403,recede,0.5495400161286876,7.499410784975606e+22,True,True,True,True,True,True
H1L1V1-GSTLAL_AllSky-1253597011-1.xml,1253597011.0,16.057431247227473,11.293335327266567,27.35076657449404,1.4218502135908866,2386.802620040632,0.05,8.12778263801922,0.03664890335835894,1.0023756009656661,-0.2703074020958236,0.08147091006302822,68435.56445294371,2.689740834053309e-21,2.2593823006047802e-15,Klein_deformada,extrema,1,1.9683396177311974,8.971466570785623,167076.18340284424,-94.5238348766137,-135.1537010479118,166846.50586691973,0.5565400376647225,0.5565400376647225,0.15,0.8409081117338859,1.027,1.0000157835847545,0.9523809523809523,4.7763580746484715,-0.9036419253515282,recede,0.5431394004201882,7.365672885445391e+22,True,True,True,True,True,True
H1L1V1-GSTLAL_AllSky-1253519609-1.xml,1253519609.0,35.719941731893336,13.312512349266044,49.03245408115938,2.683185622273821,2301.759549709354,0.05,8.999708179246529,0.02291118597302467,1.123391674167235,0.11400764282942166,0.10110197238500315,84925.65680340266,3.471961943150021e-21,2.9164480322460174e-15,Klein_deformada,extrema,1,1.5086875760114926,8.963588294662703,161123.16847965476,-379.2021688818746,57.00382141471083,160800.97013218762,0.5363743010912824,0.5363743010912824,0.15,0.8409076388334012,1.027,1.0000152212070794,0.9523809523809523,4.776355388573719,-0.903644611426281,recede,0.6740131492333544,7.103229970403066e+22,True,True,True,True,True,True
H1L1V1-GSTLAL_AllSky-1253755327-1.xml,1253755327.0,56.95291178840427,11.129638561411936,68.0825503498162,5.117229232031689,2430.1395933167873,0.05,8.777486422361958,0.013793821413807115,0.9391185409218958,-0.29943591605571274,0.08243100241930314,69242.04203221464,2.6687858752919254e-21,2.2417801352452173e-15,Klein_deformada,extrema,1,0.8640120912989223,8.975373928472509,170109.7715321751,256.56212315692096,-149.71795802785635,170216.61569730417,0.5677815140276283,0.5677815140276283,0.15,0.8409083527185492,1.027,1.0000160701659677,0.9523809523809523,4.776359443441359,-0.9036405565586403,recede,0.5495400161286876,7.499410784975606e+22,True,True,True,True,True,True
H1L1V1-GSTLAL_AllSky-1253600861-1.xml,1253600861.0,38.481418647306626,28.291610067881223,66.77302871518785,1.360170685053858,1599.2719379843732,0.05,8.381368706230592,0.04064013707100341,2.713665039631281,0.25560539522600007,0.22744227242357626,191051.50883580407,1.1597977751985909e-20,9.742301311668163e-15,Klein_extrema,extrema,1,2.3210256771986106,8.884519476261271,111949.03565890613,124.10943838708806,127.80269761300003,112200.94779490623,0.3742620763158299,0.3742620763158299,0.15,0.8409037324982838,1.027,1.0000105757568585,0.9523809523809523,4.776333200590251,-0.9036667994097485,recede,1.5162818161571747,4.9353532006197755e+22,True,True,True,True,True,True
H1L1V1-GSTLAL_AllSky-1253800416-1.xml,1253800416.0,35.719941731893336,13.312512349266044,49.03245408115938,2.683185622273821,2301.759549709354,0.05,8.999708179246529,0.02291118597302467,1.123391674167235,0.11400764282942166,0.10110197238500315,84925.65680340266,3.471961943150021e-21,2.9164480322460174e-15,Klein_deformada,extrema,1,1.5086875760114926,8.963588294662703,161123.16847965476,-379.2021688818746,57.00382141471083,160800.97013218762,0.5363743010912824,0.5363743010912824,0.15,0.8409076388334012,1.027,1.0000152212070794,0.9523809523809523,4.776355388573719,-0.903644611426281,recede,0.6740131492333544,7.103229970403066e+22,True,True,True,True,True,True
H1L1V1-GSTLAL_AllSky-1253854047-1.xml,1253854047.0,43.95640997907783,33.17947262541645,77.13588260449428,1.3248073733819967,500.0,0.05,6.058723906084652,0.038967202254561,3.0057695385334022,-0.04354475445588152,0.18211127759293355,152973.4731780642,3.281655092435816e-20,2.7565902776460853e-14,Klein_extrema,extrema,1,1.162937671021865,8.632043320000633,35000.0,173.1800143834995,-21.77237722794076,35151.40763715556,0.11725247483429206,0.11725247483429206,0.11725247483429206,0.8644203995893832,1.0211054454701727,1.0000025845795524,0.9523809523809523,4.9099078696676965,-0.7700921303323032,recede,1.2140751839528905,1.543e+22,True,True,True,True,True,True
H1L1V1-GSTLAL_AllSky-1253943498-1.xml,1253943498.0,43.95640997907783,33.17947262541645,77.13588260449428,1.3248073733819967,500.0,0.05,6.058723906084652,0.038967202254561,3.0057695385334022,-0.04354475445588152,0.18211127759293355,152973.4731780642,3.281655092435816e-20,2.7565902776460853e-14,Klein_extrema,extrema,1,1.162937671021865,8.632043320000633,35000.0,173.1800143834995,-21.77237722794076,35151.40763715556,0.11725247483429206,0.11725247483429206,0.11725247483429206,0.8644203995893832,1.0211054454701727,1.0000025845795524,0.9523809523809523,4.9099078696676965,-0.7700921303323032,recede,1.2140751839528905,1.543e+22,True,True,True,True,True,True
H1L1V1-GSTLAL_AllSky-1253885759-1.xml,1253885759.0,35.719941731893336,13.312512349266044,49.03245408115938,2.683185622273821,2301.759549709354,0.05,8.999708179246529,0.02291118597302467,1.123391674167235,0.11400764282942166,0.10110197238500315,84925.65680340266,3.471961943150021e-21,2.9164480322460174e-15,Klein_deformada,extrema,1,1.5086875760114926,8.963588294662703,161123.16847965476,-379.2021688818746,57.00382141471083,160800.97013218762,0.5363743010912824,0.5363743010912824,0.15,0.8409076388334012,1.027,1.0000152212070794,0.9523809523809523,4.776355388573719,-0.903644611426281,recede,0.6740131492333544,7.103229970403066e+22,True,True,True,True,True,True
H1L1V1-GSTLAL_AllSky-1253958821-1.xml,1253958821.0,61.6504845517161,42.46115510613194,104.11163965784803,1.451926693883393,2170.8733508339046,0.05,7.891350099498075,0.03630748836265349,3.780032145294091,0.031418808821551125,0.2982955704587245,250568.2791853286,1.0916099397013073e-20,9.169523493490982e-15,Klein_extrema,extrema,1,1.8382040470822194,8.95087556151783,151961.13455837333,163.64140010734798,15.709404410775562,152140.48536289146,0.5074860334308059,0.5074860334308059,0.15,0.8409069110122317,1.027,1.0000143556753442,0.9523809523809523,4.776351254549476,-0.903648745450524,recede,1.9886371363914963,6.69931516067343e+22,True,True,True,True,True,True
