event_id,gps_time,mass_1,mass_2,mass_total,mass_ratio,distance_mpc,redshift,snr,efficiency,radiated_energy,chi_eff,max_epsilon,max_elevation,final_epsilon,final_elevation,final_state,regime_classification,mode_parity,klein_temperature,scale_factor,v_hubble_kms,v_peculiar_cosmo_kms,v_spin_kick_kms,v_total_kms,v_peculiar_c,beta_raw,beta,doppler_factor,twist_factor,klein_scale_correction,cosmological_factor,frequency_observed,doppler_shift_hz,direction,energy_initial,distance_km,topology_conserved,doppler_realistic,energy_positive,beta_physical,redshift_physical,all_checks_passed
H1L1V1-GSTLAL_AllSky-1238393111-1.xml,1238393111.0,41.01412351463223,36.011226150509,77.02534966514123,1.138926048871916,1378.5862777542402,0.24904336935906973,8.193620652271427,0.04534706863144871,3.4928738176264944,0.08361626823121349,0.21683752135136788,182143.51793514902,1.2991606954745625e-20,1.0912949841986327e-14,Klein_extrema,extrema,1,1.3169990469462076,8.852275293470655,96501.03944279681,-257.14213418361624,41.80813411560674,96285.70544272881,0.3211745421651962,0.3211745421651962,0.15,0.7068990975446595,1.027,1.0000091163941138,0.8006127125218534,4.015186874053666,-1.664813125946334,recede,1.445583475675786,4.254317253149585e+22,True,True,True,True,True,True
H1L1V1-GSTLAL_AllSky-1238515766-1.xml,1238515766.0,41.01412351463223,36.011226150509,77.02534966514123,1.138926048871916,1378.5862777542402,0.24904336935906973,8.193620652271427,0.04534706863144871,3.4928738176264944,0.08361626823121349,0.21683752135136788,182143.51793514902,1.2991606954745625e-20,1.0912949841986327e-14,Klein_extrema,extrema,1,1.3169990469462076,8.852275293470655,96501.03944279681,-257.14213418361624,41.80813411560674,96285.70544272881,0.3211745421651962,0.3211745421651962,0.15,0.7068990975446595,1.027,1.0000091163941138,0.8006127125218534,4.015186874053666,-1.664813125946334,recede,1.445583475675786,4.254317253149585e+22,True,True,True,True,True,True
H1L1V1-GSTLAL_AllSky-1238533958-1.xml,1238533958.0,41.01412351463223,36.011226150509,77.02534966514123,1.138926048871916,1378.5862777542402,0.24904336935906973,8.193620652271427,0.04534706863144871,3.4928738176264944,0.08361626823121349,0.21683752135136788,182143.51793514902,1.2991606954745625e-20,1.0912949841986327e-14,Klein_extrema,extrema,1,1.3169990469462076,8.852275293470655,96501.03944279681,-257.14213418361624,41.80813411560674,96285.70544272881,0.3211745421651962,0.3211745421651962,0.15,0.7068990975446595,1.027,1.0000091163941138,0.8006127125218534,4.015186874053666,-1.664813125946334,recede,1.445583475675786,4.254317253149585e+22,True,True,True,True,True,True
H1L1V1-GSTLAL_AllSky-1238754998-1.xml,1238754998.0,49.325931386189914,46.90485337143724,96.23078475762716,1.0516167910297103,885.2234849293989,0.2897211596404937,6.406663770357406,0.04779125284404922,4.598989765733037,-0.15057339386301338,0.22227873553545877,186714.1378497854,2.1542762784370035e-20,1.8095920738870833e-14,Klein_extrema,extrema,1,0.8329460074110941,8.756084781440777,61965.64394505792,639.4087149743893,-75.2866969315067,62529.7659631008,0.20857684806433924,0.20857684806433924,0.15,0.6846012747565856,1.027,1.0000058538564454,0.7753613969385035,3.888535240617406,-1.7914647593825936,recede,1.4818582369030586,2.731799674492125e+22,True,True,True,True,True,True
H1L1V1-GSTLAL_AllSky-1238573777-1.xml,1238573777.0,41.01412351463223,36.011226150509,77.02534966514123,1.138926048871916,1378.5862777542402,0.24904336935906973,8.193620652271427,0.04534706863144871,3.4928738176264944,0.08361626823121349,0.21683752135136788,182143.51793514902,1.2991606954745625e-20,1.0912949841986327e-14,Klein_extrema,extrema,1,1.3169990469462076,8.852275293470655,96501.03944279681,-257.14213418361624,41.80813411560674,96285.70544272881,0.3211745421651962,0.3211745421651962,0.15,0.7068990975446595,1.027,1.0000091163941138,0.8006127125218534,4.015186874053666,-1.664813125946334,recede,1.445583475675786,4.254317253149585e+22,True,True,True,True,True,True
H1L1V1-GSTLAL_AllSky-1238782700-1.xml,1238782700.0,49.325931386189914,46.90485337143724,96.23078475762716,1.0516167910297103,885.2234849293989,0.2897211596404937,6.406663770357406,0.04779125284404922,4.598989765733037,-0.15057339386301338,0.22227873553545877,186714.1378497854,2.1542762784370035e-20,1.8095920738870833e-14,Klein_extrema,extrema,1,0.8329460074110941,8.756084781440777,61965.64394505792,639.4087149743893,-75.2866969315067,62529.7659631008,0.20857684806433924,0.20857684806433924,0.15,0.6846012747565856,1.027,1.0000058538564454,0.7753613969385035,3.888535240617406,-1.7914647593825936,recede,1.4818582369030586,2.731799674492125e+22,True,True,True,True,True,True
H1L1V1-GSTLAL_AllSky-1238845539-1.xml,1238845539.0,39.46183311378695,17.37142965017508,56.83326276396203,2.271651436206877,1210.2297480844713,0.3269890575524225,7.121107830298095,0.02991568241348689,1.7002058393689383,0.5106305286888893,0.09132236187670208,76710.78397642975,6.3026249793721585e-21,5.294204982672613e-15,Klein_deformada,extrema,1,0.6707869313608114,8.823992229789955,84716.082365913,716.1997486738387,255.3152643444446,85687.59737893128,0.2858230588940676,0.2858230588940676,0.15,0.6653759822483996,1.027,1.0000080030764342,0.7535857167085156,3.779335579170909,-1.9006644208290906,recede,0.6088157458446805,3.7347690025886784e+22,True,True,True,True,True,True
H1L1V1-GSTLAL_AllSky-1238839513-1.xml,1238839513.0,49.325931386189914,46.90485337143724,96.23078475762716,1.0516167910297103,885.2234849293989,0.2897211596404937,6.406663770357406,0.04779125284404922,4.598989765733037,-0.15057339386301338,0.22227873553545877,186714.1378497854,2.1542762784370035e-20,1.8095920738870833e-14,Klein_extrema,extrema,1,0.8329460074110941,8.756084781440777,61965.64394505792,639.4087149743893,-75.2866969315067,62529.7659631008,0.20857684806433924,0.20857684806433924,0.15,0.6846012747565856,1.027,1.0000058538564454,0.7753613969385035,3.888535240617406,-1.7914647593825936,recede,1.4818582369030586,2.731799674492125e+22,True,True,True,True,True,True
H1L1V1-GSTLAL_AllSky-1238662706-1.xml,1238662706.0,41.01412351463223,36.011226150509,77.02534966514123,1.138926048871916,1378.5862777542402,0.24904336935906973,8.193620652271427,0.04534706863144871,3.4928738176264944,0.08361626823121349,0.21683752135136788,182143.51793514902,1.2991606954745625e-20,1.0912949841986327e-14,Klein_extrema,extrema,1,1.3169990469462076,8.852275293470655,96501.03944279681,-257.14213418361624,41.80813411560674,96285.70544272881,0.3211745421651962,0.3211745421651962,0.15,0.7068990975446595,1.027,1.0000091163941138,0.8006127125218534,4.015186874053666,-1.664813125946334,recede,1.445583475675786,4.254317253149585e+22,True,True,True,True,True,True
H1L1V1-GSTLAL_AllSky-1239082262-1.xml,1239082262.0,46.66456016783034,23.212604041656075,69.87716420948641,2.010311298296764,830.2259747120221,0.23957371340459022,8.882374903402624,0.032825654613575124,2.2937636577166742,0.5441061720859335,0.15133817489640175,127124.06691297748,1.5725226314079586e-20,1.3209190103826853e-14,Klein_deformada,extrema,1,1.1819943178412975,8.742156476197305,58115.81822984155,398.4207416034824,272.05308604296675,58786.292057488,0.19608996320210298,0.19608996320210298,0.15,0.712296831810389,1.027,1.0000054901657671,0.806728949788245,4.04584600468301,-1.6341539953169901,recede,1.0089211659760116,2.5620773579613e+22,True,True,True,True,True,True
H1L1V1-GSTLAL_AllSky-1238729030-1.xml,1238729030.0,41.01412351463223,36.011226150509,77.02534966514123,1.138926048871916,1378.5862777542402,0.24904336935906973,8.193620652271427,0.04534706863144871,3.4928738176264944,0.08361626823121349,0.21683752135136788,182143.51793514902,1.2991606954745625e-20,1.0912949841986327e-14,Klein_extrema,extrema,1,1.3169990469462076,8.852275293470655,96501.03944279681,-257.14213418361624,41.80813411560674,96285.70544272881,0.3211745421651962,0.3211745421651962,0.15,0.7068990975446595,1.027,1.0000091163941138,0.8006127125218534,4.015186874053666,-1.664813125946334,recede,1.445583475675786,4.254317253149585e+22,True,True,True,True,True,True
H1L1V1-GSTLAL_AllSky-1239092652-1.xml,1239092652.0,39.46183311378695,17.37142965017508,56.83326276396203,2.271651436206877,1210.2297480844713,0.3269890575524225,7.121107830298095,0.02991568241348689,1.7002058393689383,0.5106305286888893,0.09132236187670208,76710.78397642975,6.3026249793721585e-21,5.294204982672613e-15,Klein_deformada,extrema,1,0.6707869313608114,8.823992229789955,84716.082365913,716.1997486738387,255.3152643444446,85687.59737893128,0.2858230588940676,0.2858230588940676,0.15,0.6653759822483996,1.027,1.0000080030764342,0.7535857167085156,3.779335579170909,-1.9006644208290906,recede,0.6088157458446805,3.7347690025886784e+22,True,True,True,True,True,True
H1L1V1-GSTLAL_AllSky-1238674117-1.xml,1238674117.0,41.01412351463223,36.011226150509,77.02534966514123,1.138926048871916,1378.5862777542402,0.24904336935906973,8.193620652271427,0.04534706863144871,3.4928738176264944,0.08361626823121349,0.21683752135136788,182143.51793514902,1.2991606954745625e-20,1.0912949841986327e-14,Klein_extrema,extrema,1,1.3169990469462076,8.852275293470655,96501.03944279681,-257.14213418361624,41.80813411560674,96285.70544272881,0.3211745421651962,0.3211745421651962,0.15,0.7068990975446595,1.027,1.0000091163941138,0.8006127125218534,4.015186874053666,-1.664813125946334,recede,1.445583475675786,4.254317253149585e+22,True,True,True,True,True,True
H1L1V1-GSTLAL_AllSky-1238750282-1.xml,1238750282.0,41.01412351463223,36.011226150509,77.02534966514123,1.138926048871916,1378.5862777542402,0.24904336935906973,8.193620652271427,0.04534706863144871,3.4928738176264944,0.08361626823121349,0.21683752135136788,182143.51793514902,1.2991606954745625e-20,1.0912949841986327e-14,Klein_extrema,extrema,1,1.3169990469462076,8.852275293470655,96501.03944279681,-257.14213418361624,41.80813411560674,96285.70544272881,0.3211745421651962,0.3211745421651962,0.15,0.7068990975446595,1.027,1.0000091163941138,0.8006127125218534,4.015186874053666,-1.664813125946334,recede,1.445583475675786,4.254317253149585e+22,True,True,True,True,True,True
H1L1V1-GSTLAL_AllSky-1238919052-1.xml,1238919052.0,39.46183311378695,17.37142965017508,56.83326276396203,2.271651436206877,1210.2297480844713,0.3269890575524225,7.121107830298095,0.02991568241348689,1.7002058393689383,0.5106305286888893,0.09132236187670208,76710.78397642975,6.3026249793721585e-21,5.294204982672613e-15,Klein_deformada,extrema,1,0.6707869313608114,8.823992229789955,84716.082365913,716.1997486738387,255.3152643444446,85687.59737893128,0.2858230588940676,0.2858230588940676,0.15,0.6653759822483996,1.027,1.0000080030764342,0.7535857167085156,3.779335579170909,-1.9006644208290906,recede,0.6088157458446805,3.7347690025886784e+22,True,True,True,True,True,True
H1L1V1-GSTLAL_AllSky-1239174401-1.xml,1239174401.0,49.325931386189914,46.90485337143724,96.23078475762716,1.0516167910297103,885.2234849293989,0.2897211596404937,6.406663770357406,0.04779125284404922,4.598989765733037,-0.15057339386301338,0.22227873553545877,186714.1378497854,2.1542762784370035e-20,1.8095920738870833e-14,Klein_extrema,extrema,1,0.8329460074110941,8.756084781440777,61965.64394505792,639.4087149743893,-75.2866969315067,62529.7659631008,0.20857684806433924,0.20857684806433924,0.15,0.6846012747565856,1.027,1.0000058538564454,0.7753613969385035,3.888535240617406,-1.7914647593825936,recede,1.4818582369030586,2.731799674492125e+22,True,True,True,True,True,True
H1L1V1-GSTLAL_AllSky-1238899272-1.xml,1238899272.0,49.325931386189914,46.90485337143724,96.23078475762716,1.0516167910297103,885.2234849293989,0.2897211596404937,6.406663770357406,0.04779125284404922,4.598989765733037,-0.15057339386301338,0.22227873553545877,186714.1378497854,2.1542762784370035e-20,1.8095920738870833e-14,Klein_extrema,extrema,1,0.8329460074110941,8.756084781440777,61965.64394505792,639.4087149743893,-75.2866969315067,62529.7659631008,0.20857684806433924,0.20857684806433924,0.15,0.6846012747565856,1.027,1.0000058538564454,0.7753613969385035,3.888535240617406,-1.7914647593825936,recede,1.4818582369030586,2.731799674492125e+22,True,True,True,True,True,True
H1L1V1-GSTLAL_AllSky-1239179057-1.xml,1239179057.0,20.181638239305833,16.156833644311114,36.33847188361695,1.2491085000687538,500.0,0.10573401540925961,8.344744890810086,0.041025693522638816,1.4908110105782966,-0.2011619067222635,0.0923685754215694,77589.6033541183,1.6644867353618356e-20,1.3981688577039419e-14,Klein_deformada,extrema,1,1.3036084774998211,8.632043320000633,35000.0,757.7133269677634,-100.58095336113175,35657.13237360663,0.11893939097562833,0.11893939097562833,0.11893939097562833,0.8196903049837141,1.021409090375613,1.000002621764004,0.9043766277099426,4.655840932307496,-1.024159067692504,recede,0.6157905028104627,1.543e+22,True,True,True,True,True,True
H1L1V1-GSTLAL_AllSky-1239227262-1.xml,1239227262.0,46.66456016783034,23.212604041656075,69.87716420948641,2.010311298296764,830.2259747120221,0.23957371340459022,8.882374903402624,0.032825654613575124,2.2937636577166742,0.5441061720859335,0.15133817489640175,127124.06691297748,1.5725226314079586e-20,1.3209190103826853e-14,Klein_deformada,extrema,1,1.1819943178412975,8.742156476197305,58115.81822984155,398.4207416034824,272.05308604296675,58786.292057488,0.19608996320210298,0.19608996320210298,0.15,0.712296831810389,1.027,1.0000054901657671,0.806728949788245,4.04584600468301,-1.6341539953169901,recede,1.0089211659760116,2.5620773579613e+22,True,True,True,True,True,True
H1L1V1-GSTLAL_AllSky-1239198206-1.xml,1239198206.0,49.325931386189914,46.90485337143724,96.23078475762716,1.0516167910297103,885.2234849293989,0.2897211596404937,6.406663770357406,0.04779125284404922,4.598989765733037,-0.15057339386301338,0.22227873553545877,186714.1378497854,2.1542762784370035e-20,1.8095920738870833e-14,Klein_extrema,extrema,1,0.8329460074110941,8.756084781440777,61965.64394505792,639.4087149743893,-75.2866969315067,62529.7659631008,0.20857684806433924,0.20857684806433924,0.15,0.6846012747565856,1.027,1.0000058538564454,0.7753613969385035,3.888535240617406,-1.7914647593825936,recede,1.4818582369030586,2.731799674492125e+22,True,True,True,True,True,True
H1L1V1-GSTLAL_AllSky-1239283789-1.xml,1239283789.0,49.325931386189914,46.90485337143724,96.23078475762716,1.0516167910297103,885.2234849293989,0.2897211596404937,6.406663770357406,0.04779125284404922,4.598989765733037,-0.15057339386301338,0.22227873553545877,186714.1378497854,2.1542762784370035e-20,1.8095920738870833e-14,Klein_extrema,extrema,1,0.8329460074110941,8.756084781440777,61965.64394505792,639.4087149743893,-75.2866969315067,62529.7659631008,0.20857684806433924,0.20857684806433924,0.15,0.6846012747565856,1.027,1.0000058538564454,0.7753613969385035,3.888535240617406,-1.7914647593825936,recede,1.4818582369030586,2.731799674492125e+22,True,True,True,True,True,True
H1L1V1-GSTLAL_AllSky-1239393890-1.xml,1239393890.0,49.325931386189914,46.90485337143724,96.23078475762716,1.0516167910297103,885.2234849293989,0.2897211596404937,6.406663770357406,0.04779125284404922,4.598989765733037,-0.15057339386301338,0.22227873553545877,186714.1378497854,2.1542762784370035e-20,1.8095920738870833e-14,Klein_extrema,extrema,1,0.8329460074110941,8.756084781440777,61965.64394505792,639.4087149743893,-75.2866969315067,62529.7659631008,0.20857684806433924,0.20857684806433924,0.15,0.6846012747565856,1.027,1.0000058538564454,0.7753613969385035,3.888535240617406,-1.7914647593825936,recede,1.4818582369030586,2.731799674492125e+22,True,True,True,True,True,True
H1L1V1-GSTLAL_AllSky-1239543370-1.xml,1239543370.0,48.042884269490244,34.271205673148685,82.31408994263893,1.4018440065308704,1973.49292385804,0.3313867704682261,7.274757775794434,0.043992758773513024,3.621223902507769,0.6892182824723216,0.19777988518533005,166135.10355567725,8.02695997006817e-21,6.742646374857264e-15,Klein_extrema,extrema,1,1.0795489949890764,8.93017610459821,138144.5046700628,-434.17049833745745,344.60914123616084,138054.94331296152,0.4605017225382018,0.4605017225382018,0.15,0.6631815214723079,1.027,1.000013050426778,0.751096542478274,3.766871041962709,-1.9131289580372908,recede,1.3185325679022004,6.0901991630259114e+22,True,True,True,True,True,True
H1L1V1-GSTLAL_AllSky-1239788217-1.xml,1239788217.0,20.181638239305833,16.156833644311114,36.33847188361695,1.2491085000687538,500.0,0.10573401540925961,8.344744890810086,0.041025693522638816,1.4908110105782966,-0.2011619067222635,0.0923685754215694,77589.6033541183,1.6644867353618356e-20,1.3981688577039419e-14,Klein_deformada,extrema,1,1.3036084774998211,8.632043320000633,35000.0,757.7133269677634,-100.58095336113175,35657.13237360663,0.11893939097562833,0.11893939097562833,0.11893939097562833,0.8196903049837141,1.021409090375613,1.000002621764004,0.9043766277099426,4.655840932307496,-1.024159067692504,recede,0.6157905028104627,1.543e+22,True,True,True,True,True,True
H1L1V1-GSTLAL_AllSky-1239534693-1.xml,1239534693.0,39.46183311378695,17.37142965017508,56.83326276396203,2.271651436206877,1210.2297480844713,0.3269890575524225,7.121107830298095,0.02991568241348689,1.7002058393689383,0.5106305286888893,0.09132236187670208,76710.78397642975,6.3026249793721585e-21,5.294204982672613e-15,Klein_deformada,extrema,1,0.6707869313608114,8.823992229789955,84716.082365913,716.1997486738387,255.3152643444446,85687.59737893128,0.2858230588940676,0.2858230588940676,0.15,0.6653759822483996,1.027,1.0000080030764342,0.7535857167085156,3.779335579170909,-1.9006644208290906,recede,0.6088157458446805,3.7347690025886784e+22,True,True,True,True,True,True
H1L1V1-GSTLAL_AllSky-1239491655-1.xml,1239491655.0,46.66456016783034,23.212604041656075,69.87716420948641,2.010311298296764,830.2259747120221,0.23957371340459022,8.882374903402624,0.032825654613575124,2.2937636577166742,0.5441061720859335,0.15133817489640175,127124.06691297748,1.5725226314079586e-20,1.3209190103826853e-14,Klein_deformada,extrema,1,1.1819943178412975,8.742156476197305,58115.81822984155,398.4207416034824,272.05308604296675,58786.292057488,0.19608996320210298,0.19608996320210298,0.15,0.712296831810389,1.027,1.0000054901657671,0.806728949788245,4.04584600468301,-1.6341539953169901,recede,1.0089211659760116,2.5620773579613e+22,True,True,True,True,True,True
H1L1V1-GSTLAL_AllSky-1239550519-1.xml,1239550519.0,39.46183311378695,17.37142965017508,56.83326276396203,2.271651436206877,1210.2297480844713,0.3269890575524225,7.121107830298095,0.02991568241348689,1.7002058393689383,0.5106305286888893,0.09132236187670208,76710.78397642975,6.3026249793721585e-21,5.294204982672613e-15,Klein_deformada,extrema,1,0.6707869313608114,8.823992229789955,84716.082365913,716.1997486738387,255.3152643444446,85687.59737893128,0.2858230588940676,0.2858230588940676,0.15,0.6653759822483996,1.027,1.0000080030764342,0.7535857167085156,3.779335579170909,-1.9006644208290906,recede,0.6088157458446805,3.7347690025886784e+22,True,True,True,True,True,True
H1L1V1-GSTLAL_AllSky-1239855472-1.xml,1239855472.0,39.46183311378695,17.37142965017508,56.83326276396203,2.271651436206877,1210.2297480844713,0.3269890575524225,7.121107830298095,0.02991568241348689,1.7002058393689383,0.5106305286888893,0.09132236187670208,76710.78397642975,6.3026249793721585e-21,5.294204982672613e-15,Klein_deformada,extrema,1,0.6707869313608114,8.823992229789955,84716.082365913,716.1997486738387,255.3152643444446,85687.59737893128,0.2858230588940676,0.2858230588940676,0.15,0.6653759822483996,1.027,1.0000080030764342,0.7535857167085156,3.779335579170909,-1.9006644208290906,recede,0.6088157458446805,3.7347690025886784e+22,True,True,True,True,True,True
H1L1V1-GSTLAL_AllSky-1239883947-1.xml,1239883947.0,39.46183311378695,17.37142965017508,56.83326276396203,2.271651436206877,1210.2297480844713,0.3269890575524225,7.121107830298095,0.02991568241348689,1.7002058393689383,0.5106305286888893,0.09132236187670208,76710.78397642975,6.3026249793721585e-21,5.294204982672613e-15,Klein_deformada,extrema,1,0.6707869313608114,8.823992229789955,84716.082365913,716.1997486738387,255.3152643444446,85687.59737893128,0.2858230588940676,0.2858230588940676,0.15,0.6653759822483996,1.027,1.0000080030764342,0.7535857167085156,3.779335579170909,-1.9006644208290906,recede,0.6088157458446805,3.7347690025886784e+22,True,True,True,True,True,True
H1L1V1-GSTLAL_AllSky-1239883999-1.xml,1239883999.0,39.46183311378695,17.37142965017508,56.83326276396203,2.271651436206877,1210.2297480844713,0.3269890575524225,7.121107830298095,0.02991568241348689,1.7002058393689383,0.5106305286888893,0.09132236187670208,76710.78397642975,6.3026249793721585e-21,5.294204982672613e-15,Klein_deformada,extrema,1,0.6707869313608114,8.823992229789955,84716.082365913,716.1997486738387,255.3152643444446,85687.59737893128,0.2858230588940676,0.2858230588940676,0.15,0.6653759822483996,1.027,1.0000080030764342,0.7535857167085156,3.779335579170909,-1.9006644208290906,recede,0.6088157458446805,3.7347690025886784e+22,True,True,True,True,True,True
H1L1V1-GSTLAL_AllSky-1239886944-1.xml,1239886944.0,18.084217081096806,15.787561834872692,33.8717789159695,1.1454724466162405,3636.9822499825727,0.12568777775744097,8.231622612747309,0.04743843073639004,1.6068240380235357,0.31533303981572663,0.09872272833456286,82927.0918010328,2.0630847780866592e-21,1.7329912135927938e-15,Klein_deformada,extrema,1,1.480990188173745,9.062928908591843,254588.7574987801,97.90796630852151,157.66651990786332,254844.33198499648,0.8500691901495283,0.8500691901495283,0.15,0.7843745257410968,1.027,1.0000240508440503,0.8883457915765665,4.455247306209429,-1.2247526937905704,recede,0.6581515222304191,1.1223727223446219e+23,True,True,True,True,True,True
H1L1V1-GSTLAL_AllSky-1239891926-1.xml,1239891926.0,46.66456016783034,23.212604041656075,69.87716420948641,2.010311298296764,830.2259747120221,0.23957371340459022,8.882374903402624,0.032825654613575124,2.2937636577166742,0.5441061720859335,0.15133817489640175,127124.06691297748,1.5725226314079586e-20,1.3209190103826853e-14,Klein_deformada,extrema,1,1.1819943178412975,8.742156476197305,58115.81822984155,398.4207416034824,272.05308604296675,58786.292057488,0.19608996320210298,0.19608996320210298,0.15,0.712296831810389,1.027,1.0000054901657671,0.806728949788245,4.04584600468301,-1.6341539953169901,recede,1.0089211659760116,2.5620773579613e+22,True,True,True,True,True,True
H1L1V1-GSTLAL_AllSky-1239917954-1.xml,1239917954.0,48.042884269490244,34.271205673148685,82.31408994263893,1.4018440065308704,1973.49292385804,0.3313867704682261,7.274757775794434,0.043992758773513024,3.621223902507769,0.6892182824723216,0.19777988518533005,166135.10355567725,8.02695997006817e-21,6.742646374857264e-15,Klein_extrema,extrema,1,1.0795489949890764,8.93017610459821,138144.5046700628,-434.17049833745745,344.60914123616084,138054.94331296152,0.4605017225382018,0.4605017225382018,0.15,0.6631815214723079,1.027,1.000013050426778,0.751096542478274,3.766871041962709,-1.9131289580372908,recede,1.3185325679022004,6.0901991630259114e+22,True,True,True,True,True,True
H1L1V1-GSTLAL_AllSky-1239990500-1.xml,1239990500.0,46.66456016783034,23.212604041656075,69.87716420948641,2.010311298296764,830.2259747120221,0.23957371340459022,8.882374903402624,0.032825654613575124,2.2937636577166742,0.5441061720859335,0.15133817489640175,127124.06691297748,1.5725226314079586e-20,1.3209190103826853e-14,Klein_deformada,extrema,1,1.1819943178412975,8.742156476197305,58115.81822984155,398.4207416034824,272.05308604296675,58786.292057488,0.19608996320210298,0.19608996320210298,0.15,0.712296831810389,1.027,1.0000054901657671,0.806728949788245,4.04584600468301,-1.6341539953169901,recede,1.0089211659760116,2.5620773579613e+22,True,True,True,True,True,True
H1L1V1-GSTLAL_AllSky-1239976056-1.xml,1239976056.0,46.66456016783034,23.212604041656075,69.87716420948641,2.010311298296764,830.2259747120221,0.23957371340459022,8.882374903402624,0.032825654613575124,2.2937636577166742,0.5441061720859335,0.15133817489640175,127124.06691297748,1.5725226314079586e-20,1.3209190103826853e-14,Klein_deformada,extrema,1,1.1819943178412975,8.742156476197305,58115.81822984155,398.4207416034824,272.05308604296675,58786.292057488,0.19608996320210298,0.19608996320210298,0.15,0.712296831810389,1.027,1.0000054901657671,0.806728949788245,4.04584600468301,-1.6341539953169901,recede,1.0089211659760116,2.5620773579613e+22,True,True,True,True,True,True
H1L1V1-GSTLAL_AllSky-1239937367-1.xml,1239937367.0,20.181638239305833,16.156833644311114,36.33847188361695,1.2491085000687538,500.0,0.10573401540925961,8.344744890810086,0.041025693522638816,1.4908110105782966,-0.2011619067222635,0.0923685754215694,77589.6033541183,1.6644867353618356e-20,1.3981688577039419e-14,Klein_deformada,extrema,1,1.3036084774998211,8.632043320000633,35000.0,757.7133269677634,-100.58095336113175,35657.13237360663,0.11893939097562833,0.11893939097562833,0.11893939097562833,0.8196903049837141,1.021409090375613,1.000002621764004,0.9043766277099426,4.655840932307496,-1.024159067692504,recede,0.6157905028104627,1.543e+22,True,True,True,True,True,True
H1L1V1-GSTLAL_AllSky-1240055015-1.xml,1240055015.0,46.66456016783034,23.212604041656075,69.87716420948641,2.010311298296764,830.2259747120221,0.23957371340459022,8.882374903402624,0.032825654613575124,2.2937636577166742,0.5441061720859335,0.15133817489640175,127124.06691297748,1.5725226314079586e-20,1.3209190103826853e-14,Klein_deformada,extrema,1,1.1819943178412975,8.742156476197305,58115.81822984155,398.4207416034824,272.05308604296675,58786.292057488,0.19608996320210298,0.19608996320210298,0.15,0.712296831810389,1.027,1.0000054901657671,0.806728949788245,4.04584600468301,-1.6341539953169901,recede,1.0089211659760116,2.5620773579613e+22,True,True,True,True,True,True
H1L1V1-GSTLAL_AllSky-1240155151-1.xml,1240155151.0,46.66456016783034,23.212604041656075,69.87716420948641,2.010311298296764,830.2259747120221,0.23957371340459022,8.882374903402624,0.032825654613575124,2.2937636577166742,0.5441061720859335,0.15133817489640175,127124.06691297748,1.5725226314079586e-20,1.3209190103826853e-14,Klein_deformada,extrema,1,1.1819943178412975,8.742156476197305,58115.81822984155,398.4207416034824,272.05308604296675,58786.292057488,0.19608996320210298,0.19608996320210298,0.15,0.712296831810389,1.027,1.0000054901657671,0.806728949788245,4.04584600468301,-1.6341539953169901,recede,1.0089211659760116,2.5620773579613e+22,True,True,True,True,True,True
H1L1V1-GSTLAL_AllSky-1240233548-1.xml,1240233548.0,18.084217081096806,15.787561834872692,33.8717789159695,1.1454724466162405,3636.9822499825727,0.12568777775744097,8.231622612747309,0.04743843073639004,1.6068240380235357,0.31533303981572663,0.09872272833456286,82927.0918010328,2.0630847780866592e-21,1.7329912135927938e-15,Klein_deformada,extrema,1,1.480990188173745,9.062928908591843,254588.7574987801,97.90796630852151,157.66651990786332,254844.33198499648,0.8500691901495283,0.8500691901495283,0.15,0.7843745257410968,1.027,1.0000240508440503,0.8883457915765665,4.455247306209429,-1.2247526937905704,recede,0.6581515222304191,1.1223727223446219e+23,True,True,True,True,True,True
H1L1V1-GSTLAL_AllSky-1240164426-1.xml,1240164426.0,72.06225543334276,47.922069332474784,119.98432476581755,1.5037383910404132,641.2187973283267,0.05683658907462213,6.348820099820318,0.03492541805683713,4.190502702713495,-0.09663291469993318,0.19938186336295255,167480.76522488016,2.7424763127967683e-20,2.303680102749286e-14,Klein_extrema,extrema,1,0.6590170347702319,8.68606144043811,44885.315812982866,-312.312128546583,-48.31645734996659,44524.68722708632,0.14851837008883764,0.14851837008883764,0.14851837008883764,0.8365083906976526,1.0267333066159907,1.0000041984047174,0.9462200782389747,4.751367659162667,-0.9286323408373329,recede,1.3292124224196837,1.9788012085552163e+22,True,True,True,True,True,True
H1L1V1-GSTLAL_AllSky-1240215503-1.xml,1240215503.0,20.181638239305833,16.156833644311114,36.33847188361695,1.2491085000687538,500.0,0.10573401540925961,8.344744890810086,0.041025693522638816,1.4908110105782966,-0.2011619067222635,0.0923685754215694,77589.6033541183,1.6644867353618356e-20,1.3981688577039419e-14,Klein_deformada,extrema,1,1.3036084774998211,8.632043320000633,35000.0,757.7133269677634,-100.58095336113175,35657.13237360663,0.11893939097562833,0.11893939097562833,0.11893939097562833,0.8196903049837141,1.021409090375613,1.000002621764004,0.9043766277099426,4.655840932307496,-1.024159067692504,recede,0.6157905028104627,1.543e+22,True,True,True,True,True,True
H1L1V1-GSTLAL_AllSky-1240290694-1.xml,1240290694.0,20.181638239305833,16.156833644311114,36.33847188361695,1.2491085000687538,500.0,0.10573401540925961,8.344744890810086,0.041025693522638816,1.4908110105782966,-0.2011619067222635,0.0923685754215694,77589.6033541183,1.6644867353618356e-20,1.3981688577039419e-14,Klein_deformada,extrema,1,1.3036084774998211,8.632043320000633,35000.0,757.7133269677634,-100.58095336113175,35657.13237360663,0.11893939097562833,0.11893939097562833,0.11893939097562833,0.8196903049837141,1.021409090375613,1.000002621764004,0.9043766277099426,4.655840932307496,-1.024159067692504,recede,0.6157905028104627,1.543e+22,True,True,True,True,True,True
H1L1V1-GSTLAL_AllSky-1240327333-1.xml,1240327333.0,48.042884269490244,34.271205673148685,82.31408994263893,1.4018440065308704,1973.49292385804,0.3313867704682261,7.274757775794434,0.043992758773513024,3.621223902507769,0.6892182824723216,0.19777988518533005,166135.10355567725,8.02695997006817e-21,6.742646374857264e-15,Klein_extrema,extrema,1,1.0795489949890764,8.93017610459821,138144.5046700628,-434.17049833745745,344.60914123616084,138054.94331296152,0.4605017225382018,0.4605017225382018,0.15,0.6631815214723079,1.027,1.000013050426778,0.751096542478274,3.766871041962709,-1.9131289580372908,recede,1.3185325679022004,6.0901991630259114e+22,True,True,True,True,True,True
H1L1V1-GSTLAL_AllSky-1240325074-1.xml,1240325074.0,20.181638239305833,16.156833644311114,36.33847188361695,1.2491085000687538,500.0,0.10573401540925961,8.344744890810086,0.041025693522638816,1.4908110105782966,-0.2011619067222635,0.0923685754215694,77589.6033541183,1.6644867353618356e-20,1.3981688577039419e-14,Klein_deformada,extrema,1,1.3036084774998211,8.632043320000633,35000.0,757.7133269677634,-100.58095336113175,35657.13237360663,0.11893939097562833,0.11893939097562833,0.11893939097562833,0.8196903049837141,1.021409090375613,1.000002621764004,0.9043766277099426,4.655840932307496,-1.024159067692504,recede,0.6157905028104627,1.543e+22,True,True,True,True,True,True
H1L1V1-GSTLAL_AllSky-1240651041-1.xml,1240651041.0,48.042884269490244,34.271205673148685,82.31408994263893,1.4018440065308704,1973.49292385804,0.3313867704682261,7.274757775794434,0.043992758773513024,3.621223902507769,0.6892182824723216,0.19777988518533005,166135.10355567725,8.02695997006817e-21,6.742646374857264e-15,Klein_extrema,extrema,1,1.0795489949890764,8.93017610459821,138144.5046700628,-434.17049833745745,344.60914123616084,138054.94331296152,0.4605017225382018,0.4605017225382018,0.15,0.6631815214723079,1.027,1.000013050426778,0.751096542478274,3.766871041962709,-1.9131289580372908,recede,1.3185325679022004,6.0901991630259114e+22,True,True,True,True,True,True
H1L1V1-GSTLAL_AllSky-1240399040-1.xml,1240399040.0,20.181638239305833,16.156833644311114,36.33847188361695,1.2491085000687538,500.0,0.10573401540925961,8.344744890810086,0.041025693522638816,1.4908110105782966,-0.2011619067222635,0.0923685754215694,77589.6033541183,1.6644867353618356e-20,1.3981688577039419e-14,Klein_deformada,extrema,1,1.3036084774998211,8.632043320000633,35000.0,757.7133269677634,-100.58095336113175,35657.13237360663,0.11893939097562833,0.11893939097562833,0.11893939097562833,0.8196903049837141,1.021409090375613,1.000002621764004,0.9043766277099426,4.655840932307496,-1.024159067692504,recede,0.6157905028104627,1.543e+22,True,True,True,True,True,True
H1L1V1-GSTLAL_AllSky-1240630609-1.xml,1240630609.0,19.331416641488616,13.543007787756434,32.87442442924505,1.4274094015485392,3129.3698269843967,0.229955814325965,8.325880024536499,0.04435942240773238,1.4582904796679577,0.7833778852925113,0.0904172073049164,75950.45413612977,2.224500627230512e-21,1.86858052687363e-15,Klein_deformada,extrema,1,1.5337407514935877,9.030286763248416,219055.88788890778,127.10188689574977,391.68894264625567,219574.67871844978,0.7324222903514463,0.7324222903514463,0.15,0.7178777015426347,1.027,1.0000206940756131,0.81303733707541,4.077545344762165,-1.6024546552378345,recede,0.6027813820327761,9.657235286073848e+22,True,True,True,True,True,True
H1L1V1-GSTLAL_AllSky-1240620590-1.xml,1240620590.0,72.06225543334276,47.922069332474784,119.98432476581755,1.5037383910404132,641.2187973283267,0.05683658907462213,6.348820099820318,0.03492541805683713,4.190502702713495,-0.09663291469993318,0.19938186336295255,167480.76522488016,2.7424763127967683e-20,2.303680102749286e-14,Klein_extrema,extrema,1,0.6590170347702319,8.68606144043811,44885.315812982866,-312.312128546583,-48.31645734996659,44524.68722708632,0.14851837008883764,0.14851837008883764,0.14851837008883764,0.8365083906976526,1.0267333066159907,1.0000041984047174,0.9462200782389747,4.751367659162667,-0.9286323408373329,recede,1.3292124224196837,1.9788012085552163e+22,True,True,True,True,True,True
H1L1V1-GSTLAL_AllSky-1240630634-1.xml,1240630634.0,48.042884269490244,34.271205673148685,82.31408994263893,1.4018440065308704,1973.49292385804,0.3313867704682261,7.274757775794434,0.043992758773513024,3.621223902507769,0.6892182824723216,0.19777988518533005,166135.10355567725,8.02695997006817e-21,6.742646374857264e-15,Klein_extrema,extrema,1,1.0795489949890764,8.93017610459821,138144.5046700628,-434.17049833745745,344.60914123616084,138054.94331296152,0.4605017225382018,0.4605017225382018,0.15,0.6631815214723079,1.027,1.000013050426778,0.751096542478274,3.766871041962709,-1.9131289580372908,recede,1.3185325679022004,6.0901991630259114e+22,True,True,True,True,True,True
H1L1V1-GSTLAL_AllSky-1240352617-1.xml,1240352617.0,20.181638239305833,16.156833644311114,36.33847188361695,1.2491085000687538,500.0,0.10573401540925961,8.344744890810086,0.041025693522638816,1.4908110105782966,-0.2011619067222635,0.0923685754215694,77589.6033541183,1.6644867353618356e-20,1.3981688577039419e-14,Klein_deformada,extrema,1,1.3036084774998211,8.632043320000633,35000.0,757.7133269677634,-100.58095336113175,35657.13237360663,0.11893939097562833,0.11893939097562833,0.11893939097562833,0.8196903049837141,1.021409090375613,1.000002621764004,0.9043766277099426,4.655840932307496,-1.024159067692504,recede,0.6157905028104627,1.543e+22,True,True,True,True,True,True
H1L1V1-GSTLAL_AllSky-1240837251-1.xml,1240837251.0,18.084217081096806,15.787561834872692,33.8717789159695,1.1454724466162405,3636.9822499825727,0.12568777775744097,8.231622612747309,0.04743843073639004,1.6068240380235357,0.31533303981572663,0.09872272833456286,82927.0918010328,2.0630847780866592e-21,1.7329912135927938e-15,Klein_deformada,extrema,1,1.480990188173745,9.062928908591843,254588.7574987801,97.90796630852151,157.66651990786332,254844.33198499648,0.8500691901495283,0.8500691901495283,0.15,0.7843745257410968,1.027,1.0000240508440503,0.8883457915765665,4.455247306209429,-1.2247526937905704,recede,0.6581515222304191,1.1223727223446219e+23,True,True,True,True,True,True
H1L1V1-GSTLAL_AllSky-1240842666-1.xml,1240842666.0,48.042884269490244,34.271205673148685,82.31408994263893,1.4018440065308704,1973.49292385804,0.3313867704682261,7.274757775794434,0.043992758773513024,3.621223902507769,0.6892182824723216,0.19777988518533005,166135.10355567725,8.02695997006817e-21,6.742646374857264e-15,Klein_extrema,extrema,1,1.0795489949890764,8.93017610459821,138144.5046700628,-434.17049833745745,344.60914123616084,138054.94331296152,0.4605017225382018,0.4605017225382018,0.15,0.6631815214723079,1.027,1.000013050426778,0.751096542478274,3.766871041962709,-1.9131289580372908,recede,1.3185325679022004,6.0901991630259114e+22,True,True,True,True,True,True
H1L1V1-GSTLAL_AllSky-1240935340-1.xml,1240935340.0,48.042884269490244,34.271205673148685,82.31408994263893,1.4018440065308704,1973.49292385804,0.3313867704682261,7.274757775794434,0.043992758773513024,3.621223902507769,0.6892182824723216,0.19777988518533005,166135.10355567725,8.02695997006817e-21,6.742646374857264e-15,Klein_extrema,extrema,1,1.0795489949890764,8.93017610459821,138144.5046700628,-434.17049833745745,344.60914123616084,138054.94331296152,0.4605017225382018,0.4605017225382018,0.15,0.6631815214723079,1.027,1.000013050426778,0.751096542478274,3.766871041962709,-1.9131289580372908,recede,1.3185325679022004,6.0901991630259114e+22,True,True,True,True,True,True
H1L1V1-GSTLAL_AllSky-1240935112-1.xml,1240935112.0,18.084217081096806,15.787561834872692,33.8717789159695,1.1454724466162405,3636.9822499825727,0.12568777775744097,8.231622612747309,0.04743843073639004,1.6068240380235357,0.31533303981572663,0.09872272833456286,82927.0918010328,2.0630847780866592e-21,1.7329912135927938e-15,Klein_deformada,extrema,1,1.480990188173745,9.062928908591843,254588.7574987801,97.90796630852151,157.66651990786332,254844.33198499648,0.8500691901495283,0.8500691901495283,0.15,0.7843745257410968,1.027,1.0000240508440503,0.8883457915765665,4.455247306209429,-1.2247526937905704,recede,0.6581515222304191,1.1223727223446219e+23,True,True,True,True,True,True
H1L1V1-GSTLAL_AllSky-1240944862-1.xml,1240944862.0,32.663947632343266,14.450272968426866,47.11422060077013,2.260438104090655,732.1638946280349,0.4873672743794249,8.031233146990221,0.024907645300512628,1.1735042953340875,-0.15802921084540467,0.07007781680570499,58865.3661167922,8.34636075780397e-21,7.0109430365553345e-15,Klein_deformada,extrema,1,0.6192790231306772,8.714862472135952,51251.47262396244,192.5243333084975,-79.01460542270233,51364.98235184824,0.17133513863063307,0.17133513863063307,0.15,0.5936286695978465,1.027,1.0000048416952403,0.6723288976606202,3.3718108433157683,-2.3081891566842314,recede,0.46718544537136664,2.2594577788221157e+22,True,True,True,True,True,True
H1L1V1-GSTLAL_AllSky-1240978573-1.xml,1240978573.0,19.331416641488616,13.543007787756434,32.87442442924505,1.4274094015485392,3129.3698269843967,0.229955814325965,8.325880024536499,0.04435942240773238,1.4582904796679577,0.7833778852925113,0.0904172073049164,75950.45413612977,2.224500627230512e-21,1.86858052687363e-15,Klein_deformada,extrema,1,1.5337407514935877,9.030286763248416,219055.88788890778,127.10188689574977,391.68894264625567,219574.67871844978,0.7324222903514463,0.7324222903514463,0.15,0.7178777015426347,1.027,1.0000206940756131,0.81303733707541,4.077545344762165,-1.6024546552378345,recede,0.6027813820327761,9.657235286073848e+22,True,True,True,True,True,True
H1L1V1-GSTLAL_AllSky-1241108686-1.xml,1241108686.0,18.084217081096806,15.787561834872692,33.8717789159695,1.1454724466162405,3636.9822499825727,0.12568777775744097,8.231622612747309,0.04743843073639004,1.6068240380235357,0.31533303981572663,0.09872272833456286,82927.0918010328,2.0630847780866592e-21,1.7329912135927938e-15,Klein_deformada,extrema,1,1.480990188173745,9.062928908591843,254588.7574987801,97.90796630852151,157.66651990786332,254844.33198499648,0.8500691901495283,0.8500691901495283,0.15,0.7843745257410968,1.027,1.0000240508440503,0.8883457915765665,4.455247306209429,-1.2247526937905704,recede,0.6581515222304191,1.1223727223446219e+23,True,True,True,True,True,True
H1L1V1-GSTLAL_AllSky-1241208674-1.xml,1241208674.0,48.042884269490244,34.271205673148685,82.31408994263893,1.4018440065308704,1973.49292385804,0.3313867704682261,7.274757775794434,0.043992758773513024,3.621223902507769,0.6892182824723216,0.19777988518533005,166135.10355567725,8.02695997006817e-21,6.742646374857264e-15,Klein_extrema,extrema,1,1.0795489949890764,8.93017610459821,138144.5046700628,-434.17049833745745,344.60914123616084,138054.94331296152,0.4605017225382018,0.4605017225382018,0.15,0.6631815214723079,1.027,1.000013050426778,0.751096542478274,3.766871041962709,-1.9131289580372908,recede,1.3185325679022004,6.0901991630259114e+22,True,True,True,True,True,True
H1L1V1-GSTLAL_AllSky-1241228096-1.xml,1241228096.0,72.06225543334276,47.922069332474784,119.98432476581755,1.5037383910404132,641.2187973283267,0.05683658907462213,6.348820099820318,0.03492541805683713,4.190502702713495,-0.09663291469993318,0.19938186336295255,167480.76522488016,2.7424763127967683e-20,2.303680102749286e-14,Klein_extrema,extrema,1,0.6590170347702319,8.68606144043811,44885.315812982866,-312.312128546583,-48.31645734996659,44524.68722708632,0.14851837008883764,0.14851837008883764,0.14851837008883764,0.8365083906976526,1.0267333066159907,1.0000041984047174,0.9462200782389747,4.751367659162667,-0.9286323408373329,recede,1.3292124224196837,1.9788012085552163e+22,True,True,True,True,True,True
H1L1V1-GSTLAL_AllSky-1241263448-1.xml,1241263448.0,18.084217081096806,15.787561834872692,33.8717789159695,1.1454724466162405,3636.9822499825727,0.12568777775744097,8.231622612747309,0.04743843073639004,1.6068240380235357,0.31533303981572663,0.09872272833456286,82927.0918010328,2.0630847780866592e-21,1.7329912135927938e-15,Klein_deformada,extrema,1,1.480990188173745,9.062928908591843,254588.7574987801,97.90796630852151,157.66651990786332,254844.33198499648,0.8500691901495283,0.8500691901495283,0.15,0.7843745257410968,1.027,1.0000240508440503,0.8883457915765665,4.455247306209429,-1.2247526937905704,recede,0.6581515222304191,1.1223727223446219e+23,True,True,True,True,True,True
H1L1V1-GSTLAL_AllSky-1241318316-1.xml,1241318316.0,72.06225543334276,47.922069332474784,119.98432476581755,1.5037383910404132,641.2187973283267,0.05683658907462213,6.348820099820318,0.03492541805683713,4.190502702713495,-0.09663291469993318,0.19938186336295255,167480.76522488016,2.7424763127967683e-20,2.303680102749286e-14,Klein_extrema,extrema,1,0.6590170347702319,8.68606144043811,44885.315812982866,-312.312128546583,-48.31645734996659,44524.68722708632,0.14851837008883764,0.14851837008883764,0.14851837008883764,0.8365083906976526,1.0267333066159907,1.0000041984047174,0.9462200782389747,4.751367659162667,-0.9286323408373329,recede,1.3292124224196837,1.9788012085552163e+22,True,True,True,True,True,True
H1L1V1-GSTLAL_AllSky-1241264117-1.xml,1241264117.0,18.084217081096806,15.787561834872692,33.8717789159695,1.1454724466162405,3636.9822499825727,0.12568777775744097,8.231622612747309,0.04743843073639004,1.6068240380235357,0.31533303981572663,0.09872272833456286,82927.0918010328,2.0630847780866592e-21,1.7329912135927938e-15,Klein_deformada,extrema,1,1.480990188173745,9.062928908591843,254588.7574987801,97.90796630852151,157.66651990786332,254844.33198499648,0.8500691901495283,0.8500691901495283,0.15,0.7843745257410968,1.027,1.0000240508440503,0.8883457915765665,4.455247306209429,-1.2247526937905704,recede,0.6581515222304191,1.1223727223446219e+23,True,True,True,True,True,True
H1L1V1-GSTLAL_AllSky-1241418140-1.xml,1241418140.0,19.93633246924201,18.883424618761268,38.81975708800328,1.0557583103561972,1001.2691218356158,0.6365854393905629,6.757362960055063,0.05,1.940987854400164,0.26648855741928007,0.09982330897720051,83851.57954084844,8.463516420331016e-21,7.109353793078054e-15,Klein_deformada,extrema,1,0.8590061558660311,8.78283372940918,70088.8385284931,-597.9016117057242,133.24427870964004,69624.18119549702,0.23224127004388156,0.23224127004388156,0.15,0.5395046334159403,1.027,1.0000066212496643,0.6110282884909347,3.064386317802541,-2.6156136821974587,recede,0.6654887265146702,3.0899165099847104e+22,True,True,True,True,True,True
H1L1V1-GSTLAL_AllSky-1241419760-1.xml,1241419760.0,32.663947632343266,14.450272968426866,47.11422060077013,2.260438104090655,732.1638946280349,0.4873672743794249,8.031233146990221,0.024907645300512628,1.1735042953340875,-0.15802921084540467,0.07007781680570499,58865.3661167922,8.34636075780397e-21,7.0109430365553345e-15,Klein_deformada,extrema,1,0.6192790231306772,8.714862472135952,51251.47262396244,192.5243333084975,-79.01460542270233,51364.98235184824,0.17133513863063307,0.17133513863063307,0.15,0.5936286695978465,1.027,1.0000048416952403,0.6723288976606202,3.3718108433157683,-2.3081891566842314,recede,0.46718544537136664,2.2594577788221157e+22,True,True,True,True,True,True
H1L1V1-GSTLAL_AllSky-1241577622-1.xml,1241577622.0,72.06225543334276,47.922069332474784,119.98432476581755,1.5037383910404132,641.2187973283267,0.05683658907462213,6.348820099820318,0.03492541805683713,4.190502702713495,-0.09663291469993318,0.19938186336295255,167480.76522488016,2.7424763127967683e-20,2.303680102749286e-14,Klein_extrema,extrema,1,0.6590170347702319,8.68606144043811,44885.315812982866,-312.312128546583,-48.31645734996659,44524.68722708632,0.14851837008883764,0.14851837008883764,0.14851837008883764,0.8365083906976526,1.0267333066159907,1.0000041984047174,0.9462200782389747,4.751367659162667,-0.9286323408373329,recede,1.3292124224196837,1.9788012085552163e+22,True,True,True,True,True,True
H1L1V1-GSTLAL_AllSky-1241587773-1.xml,1241587773.0,18.084217081096806,15.787561834872692,33.8717789159695,1.1454724466162405,3636.9822499825727,0.12568777775744097,8.231622612747309,0.04743843073639004,1.6068240380235357,0.31533303981572663,0.09872272833456286,82927.0918010328,2.0630847780866592e-21,1.7329912135927938e-15,Klein_deformada,extrema,1,1.480990188173745,9.062928908591843,254588.7574987801,97.90796630852151,157.66651990786332,254844.33198499648,0.8500691901495283,0.8500691901495283,0.15,0.7843745257410968,1.027,1.0000240508440503,0.8883457915765665,4.455247306209429,-1.2247526937905704,recede,0.6581515222304191,1.1223727223446219e+23,True,True,True,True,True,True
H1L1V1-GSTLAL_AllSky-1241634009-1.xml,1241634009.0,19.331416641488616,13.543007787756434,32.87442442924505,1.4274094015485392,3129.3698269843967,0.229955814325965,8.325880024536499,0.04435942240773238,1.4582904796679577,0.7833778852925113,0.0904172073049164,75950.45413612977,2.224500627230512e-21,1.86858052687363e-15,Klein_deformada,extrema,1,1.5337407514935877,9.030286763248416,219055.88788890778,127.10188689574977,391.68894264625567,219574.67871844978,0.7324222903514463,0.7324222903514463,0.15,0.7178777015426347,1.027,1.0000206940756131,0.81303733707541,4.077545344762165,-1.6024546552378345,recede,0.6027813820327761,9.657235286073848e+22,True,True,True,True,True,True
H1L1V1-GSTLAL_AllSky-1241676985-1.xml,1241676985.0,72.06225543334276,47.922069332474784,119.98432476581755,1.5037383910404132,641.2187973283267,0.05683658907462213,6.348820099820318,0.03492541805683713,4.190502702713495,-0.09663291469993318,0.19938186336295255,167480.76522488016,2.7424763127967683e-20,2.303680102749286e-14,Klein_extrema,extrema,1,0.6590170347702319,8.68606144043811,44885.315812982866,-312.312128546583,-48.31645734996659,44524.68722708632,0.14851837008883764,0.14851837008883764,0.14851837008883764,0.8365083906976526,1.0267333066159907,1.0000041984047174,0.9462200782389747,4.751367659162667,-0.9286323408373329,recede,1.3292124224196837,1.9788012085552163e+22,True,True,True,True,True,True
H1L1V1-GSTLAL_AllSky-1241710671-1.xml,1241710671.0,19.331416641488616,13.543007787756434,32.87442442924505,1.4274094015485392,3129.3698269843967,0.229955814325965,8.325880024536499,0.04435942240773238,1.4582904796679577,0.7833778852925113,0.0904172073049164,75950.45413612977,2.224500627230512e-21,1.86858052687363e-15,Klein_deformada,extrema,1,1.5337407514935877,9.030286763248416,219055.88788890778,127.10188689574977,391.68894264625567,219574.67871844978,0.7324222903514463,0.7324222903514463,0.15,0.7178777015426347,1.027,1.0000206940756131,0.81303733707541,4.077545344762165,-1.6024546552378345,recede,0.6027813820327761,9.657235286073848e+22,True,True,True,True,True,True
H1L1V1-GSTLAL_AllSky-1241719652-1.xml,1241719652.0,72.06225543334276,47.922069332474784,119.98432476581755,1.5037383910404132,641.2187973283267,0.05683658907462213,6.348820099820318,0.03492541805683713,4.190502702713495,-0.09663291469993318,0.19938186336295255,167480.76522488016,2.7424763127967683e-20,2.303680102749286e-14,Klein_extrema,extrema,1,0.6590170347702319,8.68606144043811,44885.315812982866,-312.312128546583,-48.31645734996659,44524.68722708632,0.14851837008883764,0.14851837008883764,0.14851837008883764,0.8365083906976526,1.0267333066159907,1.0000041984047174,0.9462200782389747,4.751367659162667,-0.9286323408373329,recede,1.3292124224196837,1.9788012085552163e+22,True,True,True,True,True,True
H1L1V1-GSTLAL_AllSky-1241816086-1.xml,1241816086.0,63.97278808733148,14.736537276507343,78.70932536383883,4.3411004150422405,2127.555511897286,0.1412465307237216,8.247523696519316,0.01610436689520884,1.2675638537336276,0.07383316281895386,0.07870977795911265,66116.21348565462,2.9441060561747008e-21,2.4730490871867485e-15,Klein_deformada,extrema,1,0.4944375900346336,8.946498768061971,148928.88583281002,-181.3671871607255,36.916581409476926,148784.43522705877,0.49629145516081924,0.49629145516081924,0.15,0.7736733298814441,1.027,1.0000140692206636,0.8762348651924049,4.394464513726603,-1.285535486273397,recede,0.524731853060751,6.565636309715025e+22,True,True,True,True,True,True
H1L1V1-GSTLAL_AllSky-1241850801-1.xml,1241850801.0,19.93633246924201,18.883424618761268,38.81975708800328,1.0557583103561972,1001.2691218356158,0.6365854393905629,6.757362960055063,0.05,1.940987854400164,0.26648855741928007,0.09982330897720051,83851.57954084844,8.463516420331016e-21,7.109353793078054e-15,Klein_deformada,extrema,1,0.8590061558660311,8.78283372940918,70088.8385284931,-597.9016117057242,133.24427870964004,69624.18119549702,0.23224127004388156,0.23224127004388156,0.15,0.5395046334159403,1.027,1.0000066212496643,0.6110282884909347,3.064386317802541,-2.6156136821974587,recede,0.6654887265146702,3.0899165099847104e+22,True,True,True,True,True,True
H1L1V1-GSTLAL_AllSky-1241912955-1.xml,1241912955.0,72.06225543334276,47.922069332474784,119.98432476581755,1.5037383910404132,641.2187973283267,0.05683658907462213,6.348820099820318,0.03492541805683713,4.190502702713495,-0.09663291469993318,0.19938186336295255,167480.76522488016,2.7424763127967683e-20,2.303680102749286e-14,Klein_extrema,extrema,1,0.6590170347702319,8.68606144043811,44885.315812982866,-312.312128546583,-48.31645734996659,44524.68722708632,0.14851837008883764,0.14851837008883764,0.14851837008883764,0.8365083906976526,1.0267333066159907,1.0000041984047174,0.9462200782389747,4.751367659162667,-0.9286323408373329,recede,1.3292124224196837,1.9788012085552163e+22,True,True,True,True,True,True
H1L1V1-GSTLAL_AllSky-1241852074-1.xml,1241852074.0,19.331416641488616,13.543007787756434,32.87442442924505,1.4274094015485392,3129.3698269843967,0.229955814325965,8.325880024536499,0.04435942240773238,1.4582904796679577,0.7833778852925113,0.0904172073049164,75950.45413612977,2.224500627230512e-21,1.86858052687363e-15,Klein_deformada,extrema,1,1.5337407514935877,9.030286763248416,219055.88788890778,127.10188689574977,391.68894264625567,219574.67871844978,0.7324222903514463,0.7324222903514463,0.15,0.7178777015426347,1.027,1.0000206940756131,0.81303733707541,4.077545344762165,-1.6024546552378345,recede,0.6027813820327761,9.657235286073848e+22,True,True,True,True,True,True
H1L1V1-GSTLAL_AllSky-1241940902-1.xml,1241940902.0,32.663947632343266,14.450272968426866,47.11422060077013,2.260438104090655,732.1638946280349,0.4873672743794249,8.031233146990221,0.024907645300512628,1.1735042953340875,-0.15802921084540467,0.07007781680570499,58865.3661167922,8.34636075780397e-21,7.0109430365553345e-15,Klein_deformada,extrema,1,0.6192790231306772,8.714862472135952,51251.47262396244,192.5243333084975,-79.01460542270233,51364.98235184824,0.17133513863063307,0.17133513863063307,0.15,0.5936286695978465,1.027,1.0000048416952403,0.6723288976606202,3.3718108433157683,-2.3081891566842314,recede,0.46718544537136664,2.2594577788221157e+22,True,True,True,True,True,True
H1L1V1-GSTLAL_AllSky-1241956664-1.xml,1241956664.0,19.331416641488616,13.543007787756434,32.87442442924505,1.4274094015485392,3129.3698269843967,0.229955814325965,8.325880024536499,0.04435942240773238,1.4582904796679577,0.7833778852925113,0.0904172073049164,75950.45413612977,2.224500627230512e-21,1.86858052687363e-15,Klein_deformada,extrema,1,1.5337407514935877,9.030286763248416,219055.88788890778,127.10188689574977,391.68894264625567,219574.67871844978,0.7324222903514463,0.7324222903514463,0.15,0.7178777015426347,1.027,1.0000206940756131,0.81303733707541,4.077545344762165,-1.6024546552378345,recede,0.6027813820327761,9.657235286073848e+22,True,True,True,True,True,True
H1L1V1-GSTLAL_AllSky-1241959580-1.xml,1241959580.0,32.663947632343266,14.450272968426866,47.11422060077013,2.260438104090655,732.1638946280349,0.4873672743794249,8.031233146990221,0.024907645300512628,1.1735042953340875,-0.15802921084540467,0.07007781680570499,58865.3661167922,8.34636075780397e-21,7.0109430365553345e-15,Klein_deformada,extrema,1,0.6192790231306772,8.714862472135952,51251.47262396244,192.5243333084975,-79.01460542270233,51364.98235184824,0.17133513863063307,0.17133513863063307,0.15,0.5936286695978465,1.027,1.0000048416952403,0.6723288976606202,3.3718108433157683,-2.3081891566842314,recede,0.46718544537136664,2.2594577788221157e+22,True,True,True,True,True,True
H1L1V1-GSTLAL_AllSky-1242107479-1.xml,1242107479.0,19.331416641488616,13.543007787756434,32.87442442924505,1.4274094015485392,3129.3698269843967,0.229955814325965,8.325880024536499,0.04435942240773238,1.4582904796679577,0.7833778852925113,0.0904172073049164,75950.45413612977,2.224500627230512e-21,1.86858052687363e-15,Klein_deformada,extrema,1,1.5337407514935877,9.030286763248416,219055.88788890778,127.10188689574977,391.68894264625567,219574.67871844978,0.7324222903514463,0.7324222903514463,0.15,0.7178777015426347,1.027,1.0000206940756131,0.81303733707541,4.077545344762165,-1.6024546552378345,recede,0.6027813820327761,9.657235286073848e+22,True,True,True,True,True,True
H1L1V1-GSTLAL_AllSky-1242139414-1.xml,1242139414.0,57.60832428800879,15.678633942843065,73.28695823085185,3.6743203839072764,2934.5164290907246,0.1627958615654348,7.523873286837893,0.01914956641801259,1.403413474215812,0.19024035965313152,0.0799753994636198,67179.33554944063,2.1098519986324413e-21,1.7722756788512506e-15,Klein_deformada,extrema,1,0.49079876354938967,9.016326590474488,205416.15003635074,-476.61750237634504,95.12017982656576,205034.65271380096,0.6839219841674635,0.6839219841674635,0.15,0.7593394029608118,1.027,1.000019405537929,0.8599961808031653,4.3130478088174105,-1.3669521911825893,recede,0.5331693297574652,9.055917700173977e+22,True,True,True,True,True,True
H1L1V1-GSTLAL_AllSky-1242279434-1.xml,1242279434.0,63.97278808733148,14.736537276507343,78.70932536383883,4.3411004150422405,2127.555511897286,0.1412465307237216,8.247523696519316,0.01610436689520884,1.2675638537336276,0.07383316281895386,0.07870977795911265,66116.21348565462,2.9441060561747008e-21,2.4730490871867485e-15,Klein_deformada,extrema,1,0.4944375900346336,8.946498768061971,148928.88583281002,-181.3671871607255,36.916581409476926,148784.43522705877,0.49629145516081924,0.49629145516081924,0.15,0.7736733298814441,1.027,1.0000140692206636,0.8762348651924049,4.394464513726603,-1.285535486273397,recede,0.524731853060751,6.565636309715025e+22,True,True,True,True,True,True
H1L1V1-GSTLAL_AllSky-1242290807-1.xml,1242290807.0,19.331416641488616,13.543007787756434,32.87442442924505,1.4274094015485392,3129.3698269843967,0.229955814325965,8.325880024536499,0.04435942240773238,1.4582904796679577,0.7833778852925113,0.0904172073049164,75950.45413612977,2.224500627230512e-21,1.86858052687363e-15,Klein_deformada,extrema,1,1.5337407514935877,9.030286763248416,219055.88788890778,127.10188689574977,391.68894264625567,219574.67871844978,0.7324222903514463,0.7324222903514463,0.15,0.7178777015426347,1.027,1.0000206940756131,0.81303733707541,4.077545344762165,-1.6024546552378345,recede,0.6027813820327761,9.657235286073848e+22,True,True,True,True,True,True
H1L1V1-GSTLAL_AllSky-1242315362-1.xml,1242315362.0,32.663947632343266,14.450272968426866,47.11422060077013,2.260438104090655,732.1638946280349,0.4873672743794249,8.031233146990221,0.024907645300512628,1.1735042953340875,-0.15802921084540467,0.07007781680570499,58865.3661167922,8.34636075780397e-21,7.0109430365553345e-15,Klein_deformada,extrema,1,0.6192790231306772,8.714862472135952,51251.47262396244,192.5243333084975,-79.01460542270233,51364.98235184824,0.17133513863063307,0.17133513863063307,0.15,0.5936286695978465,1.027,1.0000048416952403,0.6723288976606202,3.3718108433157683,-2.3081891566842314,recede,0.46718544537136664,2.2594577788221157e+22,True,True,True,True,True,True
H1L1V1-GSTLAL_AllSky-1242369559-1.xml,1242369559.0,19.93633246924201,18.883424618761268,38.81975708800328,1.0557583103561972,1001.2691218356158,0.6365854393905629,6.757362960055063,0.05,1.940987854400164,0.26648855741928007,0.09982330897720051,83851.57954084844,8.463516420331016e-21,7.109353793078054e-15,Klein_deformada,extrema,1,0.8590061558660311,8.78283372940918,70088.8385284931,-597.9016117057242,133.24427870964004,69624.18119549702,0.23224127004388156,0.23224127004388156,0.15,0.5395046334159403,1.027,1.0000066212496643,0.6110282884909347,3.064386317802541,-2.6156136821974587,recede,0.6654887265146702,3.0899165099847104e+22,True,True,True,True,True,True
H1L1V1-GSTLAL_AllSky-1242420354-1.xml,1242420354.0,32.663947632343266,14.450272968426866,47.11422060077013,2.260438104090655,732.1638946280349,0.4873672743794249,8.031233146990221,0.024907645300512628,1.1735042953340875,-0.15802921084540467,0.07007781680570499,58865.3661167922,8.34636075780397e-21,7.0109430365553345e-15,Klein_deformada,extrema,1,0.6192790231306772,8.714862472135952,51251.47262396244,192.5243333084975,-79.01460542270233,51364.98235184824,0.17133513863063307,0.17133513863063307,0.15,0.5936286695978465,1.027,1.0000048416952403,0.6723288976606202,3.3718108433157683,-2.3081891566842314,recede,0.46718544537136664,2.2594577788221157e+22,True,True,True,True,True,True
H1L1V1-GSTLAL_AllSky-1242442967-1.xml,1242442967.0,19.93633246924201,18.883424618761268,38.81975708800328,1.0557583103561972,1001.2691218356158,0.6365854393905629,6.757362960055063,0.05,1.940987854400164,0.26648855741928007,0.09982330897720051,83851.57954084844,8.463516420331016e-21,7.109353793078054e-15,Klein_deformada,extrema,1,0.8590061558660311,8.78283372940918,70088.8385284931,-597.9016117057242,133.24427870964004,69624.18119549702,0.23224127004388156,0.23224127004388156,0.15,0.5395046334159403,1.027,1.0000066212496643,0.6110282884909347,3.064386317802541,-2.6156136821974587,recede,0.6654887265146702,3.0899165099847104e+22,True,True,True,True,True,True
H1L1V1-GSTLAL_AllSky-1242456568-1.xml,1242456568.0,32.663947632343266,14.450272968426866,47.11422060077013,2.260438104090655,732.1638946280349,0.4873672743794249,8.031233146990221,0.024907645300512628,1.1735042953340875,-0.15802921084540467,0.07007781680570499,58865.3661167922,8.34636075780397e-21,7.0109430365553345e-15,Klein_deformada,extrema,1,0.6192790231306772,8.714862472135952,51251.47262396244,192.5243333084975,-79.01460542270233,51364.98235184824,0.17133513863063307,0.17133513863063307,0.15,0.5936286695978465,1.027,1.0000048416952403,0.6723288976606202,3.3718108433157683,-2.3081891566842314,recede,0.46718544537136664,2.2594577788221157e+22,True,True,True,True,True,True
H1L1V1-GSTLAL_AllSky-1242510975-1.xml,1242510975.0,57.60832428800879,15.678633942843065,73.28695823085185,3.6743203839072764,2934.5164290907246,0.1627958615654348,7.523873286837893,0.01914956641801259,1.403413474215812,0.19024035965313152,0.0799753994636198,67179.33554944063,2.1098519986324413e-21,1.7722756788512506e-15,Klein_deformada,extrema,1,0.49079876354938967,9.016326590474488,205416.15003635074,-476.61750237634504,95.12017982656576,205034.65271380096,0.6839219841674635,0.6839219841674635,0.15,0.7593394029608118,1.027,1.000019405537929,0.8599961808031653,4.3130478088174105,-1.3669521911825893,recede,0.5331693297574652,9.055917700173977e+22,True,True,True,True,True,True
H1L1V1-GSTLAL_AllSky-1242459857-1.xml,1242459857.0,63.09872124993177,18.162749172838783,81.26147042277056,3.4740732611278817,762.2851589546443,0.2715872777230502,7.151045883547004,0.017998966017811823,1.4626224446968679,0.004587130230474579,0.07818088113405673,65671.94015260767,8.912649451436047e-21,7.48662553920628e-15,Klein_deformada,extrema,1,0.3882965459149317,8.723617050086231,53359.9611268251,-356.0940521753688,2.293565115237289,53006.160639764974,0.17680952013731105,0.17680952013731105,0.15,0.6943636883068667,1.027,1.0000050408828582,0.786418689081756,3.9439857495830024,-1.7360142504169973,recede,0.5212058742270448,2.3524120005340324e+22,True,True,True,True,True,True
H1L1V1-GSTLAL_AllSky-1242565015-1.xml,1242565015.0,32.663947632343266,14.450272968426866,47.11422060077013,2.260438104090655,732.1638946280349,0.4873672743794249,8.031233146990221,0.024907645300512628,1.1735042953340875,-0.15802921084540467,0.07007781680570499,58865.3661167922,8.34636075780397e-21,7.0109430365553345e-15,Klein_deformada,extrema,1,0.6192790231306772,8.714862472135952,51251.47262396244,192.5243333084975,-79.01460542270233,51364.98235184824,0.17133513863063307,0.17133513863063307,0.15,0.5936286695978465,1.027,1.0000048416952403,0.6723288976606202,3.3718108433157683,-2.3081891566842314,recede,0.46718544537136664,2.2594577788221157e+22,True,True,True,True,True,True
H1L1V1-GSTLAL_AllSky-1242566558-1.xml,1242566558.0,19.93633246924201,18.883424618761268,38.81975708800328,1.0557583103561972,1001.2691218356158,0.6365854393905629,6.757362960055063,0.05,1.940987854400164,0.26648855741928007,0.09982330897720051,83851.57954084844,8.463516420331016e-21,7.109353793078054e-15,Klein_deformada,extrema,1,0.8590061558660311,8.78283372940918,70088.8385284931,-597.9016117057242,133.24427870964004,69624.18119549702,0.23224127004388156,0.23224127004388156,0.15,0.5395046334159403,1.027,1.0000066212496643,0.6110282884909347,3.064386317802541,-2.6156136821974587,recede,0.6654887265146702,3.0899165099847104e+22,True,True,True,True,True,True
H1L1V1-GSTLAL_AllSky-1242571165-1.xml,1242571165.0,63.97278808733148,14.736537276507343,78.70932536383883,4.3411004150422405,2127.555511897286,0.1412465307237216,8.247523696519316,0.01610436689520884,1.2675638537336276,0.07383316281895386,0.07870977795911265,66116.21348565462,2.9441060561747008e-21,2.4730490871867485e-15,Klein_deformada,extrema,1,0.4944375900346336,8.946498768061971,148928.88583281002,-181.3671871607255,36.916581409476926,148784.43522705877,0.49629145516081924,0.49629145516081924,0.15,0.7736733298814441,1.027,1.0000140692206636,0.8762348651924049,4.394464513726603,-1.285535486273397,recede,0.524731853060751,6.565636309715025e+22,True,True,True,True,True,True
H1L1V1-GSTLAL_AllSky-1242588150-1.xml,1242588150.0,19.93633246924201,18.883424618761268,38.81975708800328,1.0557583103561972,1001.2691218356158,0.6365854393905629,6.757362960055063,0.05,1.940987854400164,0.26648855741928007,0.09982330897720051,83851.57954084844,8.463516420331016e-21,7.109353793078054e-15,Klein_deformada,extrema,1,0.8590061558660311,8.78283372940918,70088.8385284931,-597.9016117057242,133.24427870964004,69624.18119549702,0.23224127004388156,0.23224127004388156,0.15,0.5395046334159403,1.027,1.0000066212496643,0.6110282884909347,3.064386317802541,-2.6156136821974587,recede,0.6654887265146702,3.0899165099847104e+22,True,True,True,True,True,True
H1L1V1-GSTLAL_AllSky-1242632879-1.xml,1242632879.0,63.97278808733148,14.736537276507343,78.70932536383883,4.3411004150422405,2127.555511897286,0.1412465307237216,8.247523696519316,0.01610436689520884,1.2675638537336276,0.07383316281895386,0.07870977795911265,66116.21348565462,2.9441060561747008e-21,2.4730490871867485e-15,Klein_deformada,extrema,1,0.4944375900346336,8.946498768061971,148928.88583281002,-181.3671871607255,36.916581409476926,148784.43522705877,0.49629145516081924,0.49629145516081924,0.15,0.7736733298814441,1.027,1.0000140692206636,0.8762348651924049,4.394464513726603,-1.285535486273397,recede,0.524731853060751,6.565636309715025e+22,True,True,True,True,True,True
H1L1V1-GSTLAL_AllSky-1242717927-1.xml,1242717927.0,19.93633246924201,18.883424618761268,38.81975708800328,1.0557583103561972,1001.2691218356158,0.6365854393905629,6.757362960055063,0.05,1.940987854400164,0.26648855741928007,0.09982330897720051,83851.57954084844,8.463516420331016e-21,7.109353793078054e-15,Klein_deformada,extrema,1,0.8590061558660311,8.78283372940918,70088.8385284931,-597.9016117057242,133.24427870964004,69624.18119549702,0.23224127004388156,0.23224127004388156,0.15,0.5395046334159403,1.027,1.0000066212496643,0.6110282884909347,3.064386317802541,-2.6156136821974587,recede,0.6654887265146702,3.0899165099847104e+22,True,True,True,True,True,True
H1L1V1-GSTLAL_AllSky-1242729611-1.xml,1242729611.0,63.09872124993177,18.162749172838783,81.26147042277056,3.4740732611278817,762.2851589546443,0.2715872777230502,7.151045883547004,0.017998966017811823,1.4626224446968679,0.004587130230474579,0.07818088113405673,65671.94015260767,8.912649451436047e-21,7.48662553920628e-15,Klein_deformada,extrema,1,0.3882965459149317,8.723617050086231,53359.9611268251,-356.0940521753688,2.293565115237289,53006.160639764974,0.17680952013731105,0.17680952013731105,0.15,0.6943636883068667,1.027,1.0000050408828582,0.786418689081756,3.9439857495830024,-1.7360142504169973,recede,0.5212058742270448,2.3524120005340324e+22,True,True,True,True,True,True
H1L1V1-GSTLAL_AllSky-1242850387-1.xml,1242850387.0,63.97278808733148,14.736537276507343,78.70932536383883,4.3411004150422405,2127.555511897286,0.1412465307237216,8.247523696519316,0.01610436689520884,1.2675638537336276,0.07383316281895386,0.07870977795911265,66116.21348565462,2.9441060561747008e-21,2.4730490871867485e-15,Klein_deformada,extrema,1,0.4944375900346336,8.946498768061971,148928.88583281002,-181.3671871607255,36.916581409476926,148784.43522705877,0.49629145516081924,0.49629145516081924,0.15,0.7736733298814441,1.027,1.0000140692206636,0.8762348651924049,4.394464513726603,-1.285535486273397,recede,0.524731853060751,6.565636309715025e+22,True,True,True,True,True,True
H1L1V1-GSTLAL_AllSky-1242753325-1.xml,1242753325.0,47.19533894896014,10.192778033906452,57.38811698286659,4.630272413660342,2808.0689918462394,0.1453750279440606,6.176166292609097,0.021772792284579543,1.249499550671106,0.7054141635162048,0.05805020283669902,48762.17038282718,1.6064533364901888e-21,1.3494208026517587e-15,Klein_relajada,extrema,1,0.4217719073639158,9.00676220474848,196564.82942923676,-745.4811118976046,352.7070817581024,196172.05539909727,0.6543595416236164,0.6543595416236164,0.15,0.7708880981768088,1.027,1.0000185693590904,0.8730764820278929,4.3786443976442735,-1.3013556023557262,recede,0.38700135224466004,8.665700908837495e+22,True,True,True,True,True,True
H1L1V1-GSTLAL_AllSky-1242794162-1.xml,1242794162.0,63.97278808733148,14.736537276507343,78.70932536383883,4.3411004150422405,2127.555511897286,0.1412465307237216,8.247523696519316,0.01610436689520884,1.2675638537336276,0.07383316281895386,0.07870977795911265,66116.21348565462,2.9441060561747008e-21,2.4730490871867485e-15,Klein_deformada,extrema,1,0.4944375900346336,8.946498768061971,148928.88583281002,-181.3671871607255,36.916581409476926,148784.43522705877,0.49629145516081924,0.49629145516081924,0.15,0.7736733298814441,1.027,1.0000140692206636,0.8762348651924049,4.394464513726603,-1.285535486273397,recede,0.524731853060751,6.565636309715025e+22,True,True,True,True,True,True
H1L1V1-GSTLAL_AllSky-1242808754-1.xml,1242808754.0,57.60832428800879,15.678633942843065,73.28695823085185,3.6743203839072764,2934.5164290907246,0.1627958615654348,7.523873286837893,0.01914956641801259,1.403413474215812,0.19024035965313152,0.0799753994636198,67179.33554944063,2.1098519986324413e-21,1.7722756788512506e-15,Klein_deformada,extrema,1,0.49079876354938967,9.016326590474488,205416.15003635074,-476.61750237634504,95.12017982656576,205034.65271380096,0.6839219841674635,0.6839219841674635,0.15,0.7593394029608118,1.027,1.000019405537929,0.8599961808031653,4.3130478088174105,-1.3669521911825893,recede,0.5331693297574652,9.055917700173977e+22,True,True,True,True,True,True
H1L1V1-GSTLAL_AllSky-1242837242-1.xml,1242837242.0,63.97278808733148,14.736537276507343,78.70932536383883,4.3411004150422405,2127.555511897286,0.1412465307237216,8.247523696519316,0.01610436689520884,1.2675638537336276,0.07383316281895386,0.07870977795911265,66116.21348565462,2.9441060561747008e-21,2.4730490871867485e-15,Klein_deformada,extrema,1,0.4944375900346336,8.946498768061971,148928.88583281002,-181.3671871607255,36.916581409476926,148784.43522705877,0.49629145516081924,0.49629145516081924,0.15,0.7736733298814441,1.027,1.0000140692206636,0.8762348651924049,4.394464513726603,-1.285535486273397,recede,0.524731853060751,6.565636309715025e+22,True,True,True,True,True,True
H1L1V1-GSTLAL_AllSky-1242841854-1.xml,1242841854.0,57.60832428800879,15.678633942843065,73.28695823085185,3.6743203839072764,2934.5164290907246,0.1627958615654348,7.523873286837893,0.01914956641801259,1.403413474215812,0.19024035965313152,0.0799753994636198,67179.33554944063,2.1098519986324413e-21,1.7722756788512506e-15,Klein_deformada,extrema,1,0.49079876354938967,9.016326590474488,205416.15003635074,-476.61750237634504,95.12017982656576,205034.65271380096,0.6839219841674635,0.6839219841674635,0.15,0.7593394029608118,1.027,1.000019405537929,0.8599961808031653,4.3130478088174105,-1.3669521911825893,recede,0.5331693297574652,9.055917700173977e+22,True,True,True,True,True,True
H1L1V1-GSTLAL_AllSky-1242755794-1.xml,1242755794.0,19.93633246924201,18.883424618761268,38.81975708800328,1.0557583103561972,1001.2691218356158,0.6365854393905629,6.757362960055063,0.05,1.940987854400164,0.26648855741928007,0.09982330897720051,83851.57954084844,8.463516420331016e-21,7.109353793078054e-15,Klein_deformada,extrema,1,0.8590061558660311,8.78283372940918,70088.8385284931,-597.9016117057242,133.24427870964004,69624.18119549702,0.23224127004388156,0.23224127004388156,0.15,0.5395046334159403,1.027,1.0000066212496643,0.6110282884909347,3.064386317802541,-2.6156136821974587,recede,0.6654887265146702,3.0899165099847104e+22,True,True,True,True,True,True
H1L1V1-GSTLAL_AllSky-1242967497-1.xml,1242967497.0,57.60832428800879,15.678633942843065,73.28695823085185,3.6743203839072764,2934.5164290907246,0.1627958615654348,7.523873286837893,0.01914956641801259,1.403413474215812,0.19024035965313152,0.0799753994636198,67179.33554944063,2.1098519986324413e-21,1.7722756788512506e-15,Klein_deformada,extrema,1,0.49079876354938967,9.016326590474488,205416.15003635074,-476.61750237634504,95.12017982656576,205034.65271380096,0.6839219841674635,0.6839219841674635,0.15,0.7593394029608118,1.027,1.000019405537929,0.8599961808031653,4.3130478088174105,-1.3669521911825893,recede,0.5331693297574652,9.055917700173977e+22,True,True,True,True,True,True
H1L1V1-GSTLAL_AllSky-1242960785-1.xml,1242960785.0,47.19533894896014,10.192778033906452,57.38811698286659,4.630272413660342,2808.0689918462394,0.1453750279440606,6.176166292609097,0.021772792284579543,1.249499550671106,0.7054141635162048,0.05805020283669902,48762.17038282718,1.6064533364901888e-21,1.3494208026517587e-15,Klein_relajada,extrema,1,0.4217719073639158,9.00676220474848,196564.82942923676,-745.4811118976046,352.7070817581024,196172.05539909727,0.6543595416236164,0.6543595416236164,0.15,0.7708880981768088,1.027,1.0000185693590904,0.8730764820278929,4.3786443976442735,-1.3013556023557262,recede,0.38700135224466004,8.665700908837495e+22,True,True,True,True,True,True
H1L1V1-GSTLAL_AllSky-1242969291-1.xml,1242969291.0,49.659720342251006,46.00247577751044,95.66219611976145,1.0795010377795473,1097.125144997949,0.0828643186543588,7.084136690070044,0.04844530261074518,4.634384039430296,0.1759376960722997,0.24588071392616892,206539.7996979819,1.8877036406756503e-20,1.5856710581675465e-14,Klein_extrema,extrema,1,1.1288308620185052,8.802686402213503,76798.76014985643,110.2923197693284,87.96884803614985,76997.02131766191,0.25683441748778724,0.25683441748778724,0.15,0.8153800730170458,1.027,1.0000072551318517,0.9234767299772777,4.63135881473682,-1.0486411852631798,recede,1.6392047595077932,3.3857281974636707e+22,True,True,True,True,True,True
H1L1V1-GSTLAL_AllSky-1242984073-1.xml,1242984073.0,57.60832428800879,15.678633942843065,73.28695823085185,3.6743203839072764,2934.5164290907246,0.1627958615654348,7.523873286837893,0.01914956641801259,1.403413474215812,0.19024035965313152,0.0799753994636198,67179.33554944063,2.1098519986324413e-21,1.7722756788512506e-15,Klein_deformada,extrema,1,0.49079876354938967,9.016326590474488,205416.15003635074,-476.61750237634504,95.12017982656576,205034.65271380096,0.6839219841674635,0.6839219841674635,0.15,0.7593394029608118,1.027,1.000019405537929,0.8599961808031653,4.3130478088174105,-1.3669521911825893,recede,0.5331693297574652,9.055917700173977e+22,True,True,True,True,True,True
H1L1V1-GSTLAL_AllSky-1243058459-1.xml,1243058459.0,57.60832428800879,15.678633942843065,73.28695823085185,3.6743203839072764,2934.5164290907246,0.1627958615654348,7.523873286837893,0.01914956641801259,1.403413474215812,0.19024035965313152,0.0799753994636198,67179.33554944063,2.1098519986324413e-21,1.7722756788512506e-15,Klein_deformada,extrema,1,0.49079876354938967,9.016326590474488,205416.15003635074,-476.61750237634504,95.12017982656576,205034.65271380096,0.6839219841674635,0.6839219841674635,0.15,0.7593394029608118,1.027,1.000019405537929,0.8599961808031653,4.3130478088174105,-1.3669521911825893,recede,0.5331693297574652,9.055917700173977e+22,True,True,True,True,True,True
H1L1V1-GSTLAL_AllSky-1243058210-1.xml,1243058210.0,63.09872124993177,18.162749172838783,81.26147042277056,3.4740732611278817,762.2851589546443,0.2715872777230502,7.151045883547004,0.017998966017811823,1.4626224446968679,0.004587130230474579,0.07818088113405673,65671.94015260767,8.912649451436047e-21,7.48662553920628e-15,Klein_deformada,extrema,1,0.3882965459149317,8.723617050086231,53359.9611268251,-356.0940521753688,2.293565115237289,53006.160639764974,0.17680952013731105,0.17680952013731105,0.15,0.6943636883068667,1.027,1.0000050408828582,0.786418689081756,3.9439857495830024,-1.7360142504169973,recede,0.5212058742270448,2.3524120005340324e+22,True,True,True,True,True,True
H1L1V1-GSTLAL_AllSky-1243134883-1.xml,1243134883.0,63.09872124993177,18.162749172838783,81.26147042277056,3.4740732611278817,762.2851589546443,0.2715872777230502,7.151045883547004,0.017998966017811823,1.4626224446968679,0.004587130230474579,0.07818088113405673,65671.94015260767,8.912649451436047e-21,7.48662553920628e-15,Klein_deformada,extrema,1,0.3882965459149317,8.723617050086231,53359.9611268251,-356.0940521753688,2.293565115237289,53006.160639764974,0.17680952013731105,0.17680952013731105,0.15,0.6943636883068667,1.027,1.0000050408828582,0.786418689081756,3.9439857495830024,-1.7360142504169973,recede,0.5212058742270448,2.3524120005340324e+22,True,True,True,True,True,True
H1L1V1-GSTLAL_AllSky-1243139732-1.xml,1243139732.0,63.97278808733148,14.736537276507343,78.70932536383883,4.3411004150422405,2127.555511897286,0.1412465307237216,8.247523696519316,0.01610436689520884,1.2675638537336276,0.07383316281895386,0.07870977795911265,66116.21348565462,2.9441060561747008e-21,2.4730490871867485e-15,Klein_deformada,extrema,1,0.4944375900346336,8.946498768061971,148928.88583281002,-181.3671871607255,36.916581409476926,148784.43522705877,0.49629145516081924,0.49629145516081924,0.15,0.7736733298814441,1.027,1.0000140692206636,0.8762348651924049,4.394464513726603,-1.285535486273397,recede,0.524731853060751,6.565636309715025e+22,True,True,True,True,True,True
H1L1V1-GSTLAL_AllSky-1243241875-1.xml,1243241875.0,63.09872124993177,18.162749172838783,81.26147042277056,3.4740732611278817,762.2851589546443,0.2715872777230502,7.151045883547004,0.017998966017811823,1.4626224446968679,0.004587130230474579,0.07818088113405673,65671.94015260767,8.912649451436047e-21,7.48662553920628e-15,Klein_deformada,extrema,1,0.3882965459149317,8.723617050086231,53359.9611268251,-356.0940521753688,2.293565115237289,53006.160639764974,0.17680952013731105,0.17680952013731105,0.15,0.6943636883068667,1.027,1.0000050408828582,0.786418689081756,3.9439857495830024,-1.7360142504169973,recede,0.5212058742270448,2.3524120005340324e+22,True,True,True,True,True,True
H1L1V1-GSTLAL_AllSky-1243305426-1.xml,1243305426.0,49.659720342251006,46.00247577751044,95.66219611976145,1.0795010377795473,1097.125144997949,0.0828643186543588,7.084136690070044,0.04844530261074518,4.634384039430296,0.1759376960722997,0.24588071392616892,206539.7996979819,1.8877036406756503e-20,1.5856710581675465e-14,Klein_extrema,extrema,1,1.1288308620185052,8.802686402213503,76798.76014985643,110.2923197693284,87.96884803614985,76997.02131766191,0.25683441748778724,0.25683441748778724,0.15,0.8153800730170458,1.027,1.0000072551318517,0.9234767299772777,4.63135881473682,-1.0486411852631798,recede,1.6392047595077932,3.3857281974636707e+22,True,True,True,True,True,True
H1L1V1-GSTLAL_AllSky-1243407873-1.xml,1243407873.0,66.28959059558397,38.16137137464919,104.45096197023317,1.737086173994798,519.253315510087,0.06307747731302504,9.154342585797526,0.03347631719324258,3.4966335340548436,0.25708666325988566,0.23699838953613803,199078.64721035596,4.099070095513123e-20,3.4432188802310235e-14,Klein_extrema,extrema,1,1.3107655600406694,8.640247956958232,36347.732085706084,748.1322810511813,128.54333162994283,37224.407698387215,0.12416725873199658,0.12416725873199658,0.12416725873199658,0.8488502597766838,1.0223501065717593,1.0000028423938392,0.9406652114646845,4.821469475531564,-0.8585305244684358,recede,1.5799892635742534,1.6024157316641284e+22,True,True,True,True,True,True
H1L1V1-GSTLAL_AllSky-1243497876-1.xml,1243497876.0,63.09872124993177,18.162749172838783,81.26147042277056,3.4740732611278817,762.2851589546443,0.2715872777230502,7.151045883547004,0.017998966017811823,1.4626224446968679,0.004587130230474579,0.07818088113405673,65671.94015260767,8.912649451436047e-21,7.48662553920628e-15,Klein_deformada,extrema,1,0.3882965459149317,8.723617050086231,53359.9611268251,-356.0940521753688,2.293565115237289,53006.160639764974,0.17680952013731105,0.17680952013731105,0.15,0.6943636883068667,1.027,1.0000050408828582,0.786418689081756,3.9439857495830024,-1.7360142504169973,recede,0.5212058742270448,2.3524120005340324e+22,True,True,True,True,True,True
H1L1V1-GSTLAL_AllSky-1243533585-1.xml,1243533585.0,63.09872124993177,18.162749172838783,81.26147042277056,3.4740732611278817,762.2851589546443,0.2715872777230502,7.151045883547004,0.017998966017811823,1.4626224446968679,0.004587130230474579,0.07818088113405673,65671.94015260767,8.912649451436047e-21,7.48662553920628e-15,Klein_deformada,extrema,1,0.3882965459149317,8.723617050086231,53359.9611268251,-356.0940521753688,2.293565115237289,53006.160639764974,0.17680952013731105,0.17680952013731105,0.15,0.6943636883068667,1.027,1.0000050408828582,0.786418689081756,3.9439857495830024,-1.7360142504169973,recede,0.5212058742270448,2.3524120005340324e+22,True,True,True,True,True,True
H1L1V1-GSTLAL_AllSky-1243536309-1.xml,1243536309.0,47.19533894896014,10.192778033906452,57.38811698286659,4.630272413660342,2808.0689918462394,0.1453750279440606,6.176166292609097,0.021772792284579543,1.249499550671106,0.7054141635162048,0.05805020283669902,48762.17038282718,1.6064533364901888e-21,1.3494208026517587e-15,Klein_relajada,extrema,1,0.4217719073639158,9.00676220474848,196564.82942923676,-745.4811118976046,352.7070817581024,196172.05539909727,0.6543595416236164,0.6543595416236164,0.15,0.7708880981768088,1.027,1.0000185693590904,0.8730764820278929,4.3786443976442735,-1.3013556023557262,recede,0.38700135224466004,8.665700908837495e+22,True,True,True,True,True,True
H1L1V1-GSTLAL_AllSky-1243557850-1.xml,1243557850.0,47.19533894896014,10.192778033906452,57.38811698286659,4.630272413660342,2808.0689918462394,0.1453750279440606,6.176166292609097,0.021772792284579543,1.249499550671106,0.7054141635162048,0.05805020283669902,48762.17038282718,1.6064533364901888e-21,1.3494208026517587e-15,Klein_relajada,extrema,1,0.4217719073639158,9.00676220474848,196564.82942923676,-745.4811118976046,352.7070817581024,196172.05539909727,0.6543595416236164,0.6543595416236164,0.15,0.7708880981768088,1.027,1.0000185693590904,0.8730764820278929,4.3786443976442735,-1.3013556023557262,recede,0.38700135224466004,8.665700908837495e+22,True,True,True,True,True,True
H1L1V1-GSTLAL_AllSky-1243605087-1.xml,1243605087.0,57.60832428800879,15.678633942843065,73.28695823085185,3.6743203839072764,2934.5164290907246,0.1627958615654348,7.523873286837893,0.01914956641801259,1.403413474215812,0.19024035965313152,0.0799753994636198,67179.33554944063,2.1098519986324413e-21,1.7722756788512506e-15,Klein_deformada,extrema,1,0.49079876354938967,9.016326590474488,205416.15003635074,-476.61750237634504,95.12017982656576,205034.65271380096,0.6839219841674635,0.6839219841674635,0.15,0.7593394029608118,1.027,1.000019405537929,0.8599961808031653,4.3130478088174105,-1.3669521911825893,recede,0.5331693297574652,9.055917700173977e+22,True,True,True,True,True,True
H1L1V1-GSTLAL_AllSky-1243734617-1.xml,1243734617.0,47.19533894896014,10.192778033906452,57.38811698286659,4.630272413660342,2808.0689918462394,0.1453750279440606,6.176166292609097,0.021772792284579543,1.249499550671106,0.7054141635162048,0.05805020283669902,48762.17038282718,1.6064533364901888e-21,1.3494208026517587e-15,Klein_relajada,extrema,1,0.4217719073639158,9.00676220474848,196564.82942923676,-745.4811118976046,352.7070817581024,196172.05539909727,0.6543595416236164,0.6543595416236164,0.15,0.7708880981768088,1.027,1.0000185693590904,0.8730764820278929,4.3786443976442735,-1.3013556023557262,recede,0.38700135224466004,8.665700908837495e+22,True,True,True,True,True,True
H1L1V1-GSTLAL_AllSky-1243926576-1.xml,1243926576.0,66.28959059558397,38.16137137464919,104.45096197023317,1.737086173994798,519.253315510087,0.06307747731302504,9.154342585797526,0.03347631719324258,3.4966335340548436,0.25708666325988566,0.23699838953613803,199078.64721035596,4.099070095513123e-20,3.4432188802310235e-14,Klein_extrema,extrema,1,1.3107655600406694,8.640247956958232,36347.732085706084,748.1322810511813,128.54333162994283,37224.407698387215,0.12416725873199658,0.12416725873199658,0.12416725873199658,0.8488502597766838,1.0223501065717593,1.0000028423938392,0.9406652114646845,4.821469475531564,-0.8585305244684358,recede,1.5799892635742534,1.6024157316641284e+22,True,True,True,True,True,True
H1L1V1-GSTLAL_AllSky-1243931925-1.xml,1243931925.0,64.64114695232296,57.55369035328656,122.19483730560952,1.1231451285839513,1370.8339522115102,0.1416458125926721,8.459005387316125,0.04682116406703098,5.721304525630102,0.17551041654619964,0.3634973309755528,305337.7580194644,2.1912339121088527e-20,1.8406364861714364e-14,Klein_extrema,extrema,1,1.5171330437228,8.851050743985358,95958.37665480572,560.5782221442932,87.75520827309983,96606.71008522311,0.32224529839647637,0.32224529839647637,0.15,0.7733988734430524,1.027,1.0000090651290925,0.8759284087671683,4.392905601156537,-1.2870943988434629,recede,2.4233155398370188,4.230393576524721e+22,True,True,True,True,True,True
H1L1V1-GSTLAL_AllSky-1243983869-1.xml,1243983869.0,47.19533894896014,10.192778033906452,57.38811698286659,4.630272413660342,2808.0689918462394,0.1453750279440606,6.176166292609097,0.021772792284579543,1.249499550671106,0.7054141635162048,0.05805020283669902,48762.17038282718,1.6064533364901888e-21,1.3494208026517587e-15,Klein_relajada,extrema,1,0.4217719073639158,9.00676220474848,196564.82942923676,-745.4811118976046,352.7070817581024,196172.05539909727,0.6543595416236164,0.6543595416236164,0.15,0.7708880981768088,1.027,1.0000185693590904,0.8730764820278929,4.3786443976442735,-1.3013556023557262,recede,0.38700135224466004,8.665700908837495e+22,True,True,True,True,True,True
H1L1V1-GSTLAL_AllSky-1243985856-1.xml,1243985856.0,47.19533894896014,10.192778033906452,57.38811698286659,4.630272413660342,2808.0689918462394,0.1453750279440606,6.176166292609097,0.021772792284579543,1.249499550671106,0.7054141635162048,0.05805020283669902,48762.17038282718,1.6064533364901888e-21,1.3494208026517587e-15,Klein_relajada,extrema,1,0.4217719073639158,9.00676220474848,196564.82942923676,-745.4811118976046,352.7070817581024,196172.05539909727,0.6543595416236164,0.6543595416236164,0.15,0.7708880981768088,1.027,1.0000185693590904,0.8730764820278929,4.3786443976442735,-1.3013556023557262,recede,0.38700135224466004,8.665700908837495e+22,True,True,True,True,True,True
H1L1V1-GSTLAL_AllSky-1243985990-1.xml,1243985990.0,49.659720342251006,46.00247577751044,95.66219611976145,1.0795010377795473,1097.125144997949,0.0828643186543588,7.084136690070044,0.04844530261074518,4.634384039430296,0.1759376960722997,0.24588071392616892,206539.7996979819,1.8877036406756503e-20,1.5856710581675465e-14,Klein_extrema,extrema,1,1.1288308620185052,8.802686402213503,76798.76014985643,110.2923197693284,87.96884803614985,76997.02131766191,0.25683441748778724,0.25683441748778724,0.15,0.8153800730170458,1.027,1.0000072551318517,0.9234767299772777,4.63135881473682,-1.0486411852631798,recede,1.6392047595077932,3.3857281974636707e+22,True,True,True,True,True,True
H1L1V1-GSTLAL_AllSky-1243993298-1.xml,1243993298.0,49.659720342251006,46.00247577751044,95.66219611976145,1.0795010377795473,1097.125144997949,0.0828643186543588,7.084136690070044,0.04844530261074518,4.634384039430296,0.1759376960722997,0.24588071392616892,206539.7996979819,1.8877036406756503e-20,1.5856710581675465e-14,Klein_extrema,extrema,1,1.1288308620185052,8.802686402213503,76798.76014985643,110.2923197693284,87.96884803614985,76997.02131766191,0.25683441748778724,0.25683441748778724,0.15,0.8153800730170458,1.027,1.0000072551318517,0.9234767299772777,4.63135881473682,-1.0486411852631798,recede,1.6392047595077932,3.3857281974636707e+22,True,True,True,True,True,True
H1L1V1-GSTLAL_AllSky-1244069790-1.xml,1244069790.0,63.09872124993177,18.162749172838783,81.26147042277056,3.4740732611278817,762.2851589546443,0.2715872777230502,7.151045883547004,0.017998966017811823,1.4626224446968679,0.004587130230474579,0.07818088113405673,65671.94015260767,8.912649451436047e-21,7.48662553920628e-15,Klein_deformada,extrema,1,0.3882965459149317,8.723617050086231,53359.9611268251,-356.0940521753688,2.293565115237289,53006.160639764974,0.17680952013731105,0.17680952013731105,0.15,0.6943636883068667,1.027,1.0000050408828582,0.786418689081756,3.9439857495830024,-1.7360142504169973,recede,0.5212058742270448,2.3524120005340324e+22,True,True,True,True,True,True
H1L1V1-GSTLAL_AllSky-1244070823-1.xml,1244070823.0,49.659720342251006,46.00247577751044,95.66219611976145,1.0795010377795473,1097.125144997949,0.0828643186543588,7.084136690070044,0.04844530261074518,4.634384039430296,0.1759376960722997,0.24588071392616892,206539.7996979819,1.8877036406756503e-20,1.5856710581675465e-14,Klein_extrema,extrema,1,1.1288308620185052,8.802686402213503,76798.76014985643,110.2923197693284,87.96884803614985,76997.02131766191,0.25683441748778724,0.25683441748778724,0.15,0.8153800730170458,1.027,1.0000072551318517,0.9234767299772777,4.63135881473682,-1.0486411852631798,recede,1.6392047595077932,3.3857281974636707e+22,True,True,True,True,True,True
H1L1V1-GSTLAL_AllSky-1244154241-1.xml,1244154241.0,64.64114695232296,57.55369035328656,122.19483730560952,1.1231451285839513,1370.8339522115102,0.1416458125926721,8.459005387316125,0.04682116406703098,5.721304525630102,0.17551041654619964,0.3634973309755528,305337.7580194644,2.1912339121088527e-20,1.8406364861714364e-14,Klein_extrema,extrema,1,1.5171330437228,8.851050743985358,95958.37665480572,560.5782221442932,87.75520827309983,96606.71008522311,0.32224529839647637,0.32224529839647637,0.15,0.7733988734430524,1.027,1.0000090651290925,0.8759284087671683,4.392905601156537,-1.2870943988434629,recede,2.4233155398370188,4.230393576524721e+22,True,True,True,True,True,True
H1L1V1-GSTLAL_AllSky-1244161081-1.xml,1244161081.0,44.81753084982481,29.96414425016667,74.78167509999147,1.4957053495554282,758.3913435371452,0.2988269237456849,8.748753060106464,0.03508613963530681,2.6238002947204473,-0.26494028740934855,0.17359425972788725,145819.1781714253,1.9900152644650024e-20,1.671612822150602e-14,Klein_extrema,extrema,1,1.1512720384601647,8.722505001440464,53087.394047600166,443.3731655178017,-132.47014370467429,53398.2970694133,0.17811754647080982,0.17811754647080982,0.15,0.6798011292239899,1.027,1.0000050151336133,0.7699255241153314,3.861270413992263,-1.8187295860077368,recede,1.1572950648525815,2.34039568615563e+22,True,True,True,True,True,True
H1L1V1-GSTLAL_AllSky-1244170446-1.xml,1244170446.0,49.659720342251006,46.00247577751044,95.66219611976145,1.0795010377795473,1097.125144997949,0.0828643186543588,7.084136690070044,0.04844530261074518,4.634384039430296,0.1759376960722997,0.24588071392616892,206539.7996979819,1.8877036406756503e-20,1.5856710581675465e-14,Klein_extrema,extrema,1,1.1288308620185052,8.802686402213503,76798.76014985643,110.2923197693284,87.96884803614985,76997.02131766191,0.25683441748778724,0.25683441748778724,0.15,0.8153800730170458,1.027,1.0000072551318517,0.9234767299772777,4.63135881473682,-1.0486411852631798,recede,1.6392047595077932,3.3857281974636707e+22,True,True,True,True,True,True
H1L1V1-GSTLAL_AllSky-1244178825-1.xml,1244178825.0,49.659720342251006,46.00247577751044,95.66219611976145,1.0795010377795473,1097.125144997949,0.0828643186543588,7.084136690070044,0.04844530261074518,4.634384039430296,0.1759376960722997,0.24588071392616892,206539.7996979819,1.8877036406756503e-20,1.5856710581675465e-14,Klein_extrema,extrema,1,1.1288308620185052,8.802686402213503,76798.76014985643,110.2923197693284,87.96884803614985,76997.02131766191,0.25683441748778724,0.25683441748778724,0.15,0.8153800730170458,1.027,1.0000072551318517,0.9234767299772777,4.63135881473682,-1.0486411852631798,recede,1.6392047595077932,3.3857281974636707e+22,True,True,True,True,True,True
H1L1V1-GSTLAL_AllSky-1244579776-1.xml,1244579776.0,66.28959059558397,38.16137137464919,104.45096197023317,1.737086173994798,519.253315510087,0.06307747731302504,9.154342585797526,0.03347631719324258,3.4966335340548436,0.25708666325988566,0.23699838953613803,199078.64721035596,4.099070095513123e-20,3.4432188802310235e-14,Klein_extrema,extrema,1,1.3107655600406694,8.640247956958232,36347.732085706084,748.1322810511813,128.54333162994283,37224.407698387215,0.12416725873199658,0.12416725873199658,0.12416725873199658,0.8488502597766838,1.0223501065717593,1.0000028423938392,0.9406652114646845,4.821469475531564,-0.8585305244684358,recede,1.5799892635742534,1.6024157316641284e+22,True,True,True,True,True,True
H1L1V1-GSTLAL_AllSky-1244255684-1.xml,1244255684.0,66.28959059558397,38.16137137464919,104.45096197023317,1.737086173994798,519.253315510087,0.06307747731302504,9.154342585797526,0.03347631719324258,3.4966335340548436,0.25708666325988566,0.23699838953613803,199078.64721035596,4.099070095513123e-20,3.4432188802310235e-14,Klein_extrema,extrema,1,1.3107655600406694,8.640247956958232,36347.732085706084,748.1322810511813,128.54333162994283,37224.407698387215,0.12416725873199658,0.12416725873199658,0.12416725873199658,0.8488502597766838,1.0223501065717593,1.0000028423938392,0.9406652114646845,4.821469475531564,-0.8585305244684358,recede,1.5799892635742534,1.6024157316641284e+22,True,True,True,True,True,True
H1L1V1-GSTLAL_AllSky-1244344703-1.xml,1244344703.0,47.19533894896014,10.192778033906452,57.38811698286659,4.630272413660342,2808.0689918462394,0.1453750279440606,6.176166292609097,0.021772792284579543,1.249499550671106,0.7054141635162048,0.05805020283669902,48762.17038282718,1.6064533364901888e-21,1.3494208026517587e-15,Klein_relajada,extrema,1,0.4217719073639158,9.00676220474848,196564.82942923676,-745.4811118976046,352.7070817581024,196172.05539909727,0.6543595416236164,0.6543595416236164,0.15,0.7708880981768088,1.027,1.0000185693590904,0.8730764820278929,4.3786443976442735,-1.3013556023557262,recede,0.38700135224466004,8.665700908837495e+22,True,True,True,True,True,True
H1L1V1-GSTLAL_AllSky-1244433614-1.xml,1244433614.0,66.28959059558397,38.16137137464919,104.45096197023317,1.737086173994798,519.253315510087,0.06307747731302504,9.154342585797526,0.03347631719324258,3.4966335340548436,0.25708666325988566,0.23699838953613803,199078.64721035596,4.099070095513123e-20,3.4432188802310235e-14,Klein_extrema,extrema,1,1.3107655600406694,8.640247956958232,36347.732085706084,748.1322810511813,128.54333162994283,37224.407698387215,0.12416725873199658,0.12416725873199658,0.12416725873199658,0.8488502597766838,1.0223501065717593,1.0000028423938392,0.9406652114646845,4.821469475531564,-0.8585305244684358,recede,1.5799892635742534,1.6024157316641284e+22,True,True,True,True,True,True
H1L1V1-GSTLAL_AllSky-1244479509-1.xml,1244479509.0,44.81753084982481,29.96414425016667,74.78167509999147,1.4957053495554282,758.3913435371452,0.2988269237456849,8.748753060106464,0.03508613963530681,2.6238002947204473,-0.26494028740934855,0.17359425972788725,145819.1781714253,1.9900152644650024e-20,1.671612822150602e-14,Klein_extrema,extrema,1,1.1512720384601647,8.722505001440464,53087.394047600166,443.3731655178017,-132.47014370467429,53398.2970694133,0.17811754647080982,0.17811754647080982,0.15,0.6798011292239899,1.027,1.0000050151336133,0.7699255241153314,3.861270413992263,-1.8187295860077368,recede,1.1572950648525815,2.34039568615563e+22,True,True,True,True,True,True
H1L1V1-GSTLAL_AllSky-1244562300-1.xml,1244562300.0,51.892333772242544,42.178036898240165,94.0703706704827,1.2303164772092012,1308.765164914411,0.16412819882047847,7.930060768011621,0.04747047676045826,4.465565344760844,0.5894521846746852,0.26650012972491915,223860.1089689321,1.689403325380882e-20,1.4190987933199411e-14,Klein_extrema,extrema,1,1.4469097244992017,8.840989181317617,91613.56154400876,384.16647137788914,294.7260923373426,92292.45410772398,0.30785448948059924,0.30785448948059924,0.15,0.7584621898347926,1.027,1.0000086546770692,0.8590119206915724,4.308065238261622,-1.3719347617383777,recede,1.7766675314994607,4.038849298925872e+22,True,True,True,True,True,True
H1L1V1-GSTLAL_AllSky-1244268714-1.xml,1244268714.0,66.28959059558397,38.16137137464919,104.45096197023317,1.737086173994798,519.253315510087,0.06307747731302504,9.154342585797526,0.03347631719324258,3.4966335340548436,0.25708666325988566,0.23699838953613803,199078.64721035596,4.099070095513123e-20,3.4432188802310235e-14,Klein_extrema,extrema,1,1.3107655600406694,8.640247956958232,36347.732085706084,748.1322810511813,128.54333162994283,37224.407698387215,0.12416725873199658,0.12416725873199658,0.12416725873199658,0.8488502597766838,1.0223501065717593,1.0000028423938392,0.9406652114646845,4.821469475531564,-0.8585305244684358,recede,1.5799892635742534,1.6024157316641284e+22,True,True,True,True,True,True
H1L1V1-GSTLAL_AllSky-1244580182-1.xml,1244580182.0,66.28959059558397,38.16137137464919,104.45096197023317,1.737086173994798,519.253315510087,0.06307747731302504,9.154342585797526,0.03347631719324258,3.4966335340548436,0.25708666325988566,0.23699838953613803,199078.64721035596,4.099070095513123e-20,3.4432188802310235e-14,Klein_extrema,extrema,1,1.3107655600406694,8.640247956958232,36347.732085706084,748.1322810511813,128.54333162994283,37224.407698387215,0.12416725873199658,0.12416725873199658,0.12416725873199658,0.8488502597766838,1.0223501065717593,1.0000028423938392,0.9406652114646845,4.821469475531564,-0.8585305244684358,recede,1.5799892635742534,1.6024157316641284e+22,True,True,True,True,True,True
H1L1V1-GSTLAL_AllSky-1244746871-1.xml,1244746871.0,16.247737732768222,12.750918349632382,28.998656082400604,1.274240590932547,3675.2762771968446,0.07830911497461158,8.715945203235208,0.04031515187965168,1.1690852242677654,-0.10740253231183083,0.07632084105053101,64109.50648244606,1.576900408498807e-21,1.324596343138998e-15,Klein_deformada,extrema,1,1.4188374819929463,9.065203313509015,257269.33940377913,-461.48166127362487,-53.70126615591542,256754.15647634957,0.856439678933983,0.856439678933983,0.15,0.8188385205491,1.027,1.0000243040769816,0.9273778604973998,4.651002796718887,-1.0289972032811123,recede,0.50880560700354,1.1341902591429462e+23,True,True,True,True,True,True
H1L1V1-GSTLAL_AllSky-1244806663-1.xml,1244806663.0,64.64114695232296,57.55369035328656,122.19483730560952,1.1231451285839513,1370.8339522115102,0.1416458125926721,8.459005387316125,0.04682116406703098,5.721304525630102,0.17551041654619964,0.3634973309755528,305337.7580194644,2.1912339121088527e-20,1.8406364861714364e-14,Klein_extrema,extrema,1,1.5171330437228,8.851050743985358,95958.37665480572,560.5782221442932,87.75520827309983,96606.71008522311,0.32224529839647637,0.32224529839647637,0.15,0.7733988734430524,1.027,1.0000090651290925,0.8759284087671683,4.392905601156537,-1.2870943988434629,recede,2.4233155398370188,4.230393576524721e+22,True,True,True,True,True,True
H1L1V1-GSTLAL_AllSky-1244671674-1.xml,1244671674.0,49.659720342251006,46.00247577751044,95.66219611976145,1.0795010377795473,1097.125144997949,0.0828643186543588,7.084136690070044,0.04844530261074518,4.634384039430296,0.1759376960722997,0.24588071392616892,206539.7996979819,1.8877036406756503e-20,1.5856710581675465e-14,Klein_extrema,extrema,1,1.1288308620185052,8.802686402213503,76798.76014985643,110.2923197693284,87.96884803614985,76997.02131766191,0.25683441748778724,0.25683441748778724,0.15,0.8153800730170458,1.027,1.0000072551318517,0.9234767299772777,4.63135881473682,-1.0486411852631798,recede,1.6392047595077932,3.3857281974636707e+22,True,True,True,True,True,True
H1L1V1-GSTLAL_AllSky-1244711923-1.xml,1244711923.0,64.64114695232296,57.55369035328656,122.19483730560952,1.1231451285839513,1370.8339522115102,0.1416458125926721,8.459005387316125,0.04682116406703098,5.721304525630102,0.17551041654619964,0.3634973309755528,305337.7580194644,2.1912339121088527e-20,1.8406364861714364e-14,Klein_extrema,extrema,1,1.5171330437228,8.851050743985358,95958.37665480572,560.5782221442932,87.75520827309983,96606.71008522311,0.32224529839647637,0.32224529839647637,0.15,0.7733988734430524,1.027,1.0000090651290925,0.8759284087671683,4.392905601156537,-1.2870943988434629,recede,2.4233155398370188,4.230393576524721e+22,True,True,True,True,True,True
H1L1V1-GSTLAL_AllSky-1244713996-1.xml,1244713996.0,51.892333772242544,42.178036898240165,94.0703706704827,1.2303164772092012,1308.765164914411,0.16412819882047847,7.930060768011621,0.04747047676045826,4.465565344760844,0.5894521846746852,0.26650012972491915,223860.1089689321,1.689403325380882e-20,1.4190987933199411e-14,Klein_extrema,extrema,1,1.4469097244992017,8.840989181317617,91613.56154400876,384.16647137788914,294.7260923373426,92292.45410772398,0.30785448948059924,0.30785448948059924,0.15,0.7584621898347926,1.027,1.0000086546770692,0.8590119206915724,4.308065238261622,-1.3719347617383777,recede,1.7766675314994607,4.038849298925872e+22,True,True,True,True,True,True
H1L1V1-GSTLAL_AllSky-1245063791-1.xml,1245063791.0,66.28959059558397,38.16137137464919,104.45096197023317,1.737086173994798,519.253315510087,0.06307747731302504,9.154342585797526,0.03347631719324258,3.4966335340548436,0.25708666325988566,0.23699838953613803,199078.64721035596,4.099070095513123e-20,3.4432188802310235e-14,Klein_extrema,extrema,1,1.3107655600406694,8.640247956958232,36347.732085706084,748.1322810511813,128.54333162994283,37224.407698387215,0.12416725873199658,0.12416725873199658,0.12416725873199658,0.8488502597766838,1.0223501065717593,1.0000028423938392,0.9406652114646845,4.821469475531564,-0.8585305244684358,recede,1.5799892635742534,1.6024157316641284e+22,True,True,True,True,True,True
H1L1V1-GSTLAL_AllSky-1244635864-1.xml,1244635864.0,64.64114695232296,57.55369035328656,122.19483730560952,1.1231451285839513,1370.8339522115102,0.1416458125926721,8.459005387316125,0.04682116406703098,5.721304525630102,0.17551041654619964,0.3634973309755528,305337.7580194644,2.1912339121088527e-20,1.8406364861714364e-14,Klein_extrema,extrema,1,1.5171330437228,8.851050743985358,95958.37665480572,560.5782221442932,87.75520827309983,96606.71008522311,0.32224529839647637,0.32224529839647637,0.15,0.7733988734430524,1.027,1.0000090651290925,0.8759284087671683,4.392905601156537,-1.2870943988434629,recede,2.4233155398370188,4.230393576524721e+22,True,True,True,True,True,True
H1L1V1-GSTLAL_AllSky-1245035079-1.xml,1245035079.0,41.30994793634496,29.337182983559057,70.64713091990401,1.4081088821478054,1143.1610832163733,0.06582386308256495,7.695373437762398,0.043546162191133504,3.076411421376383,0.6588406245896543,0.17734458560383642,148969.4519072226,1.302103540507569e-20,1.093766974026358e-14,Klein_extrema,extrema,1,1.3323086625216902,8.811612033477726,80021.27582514613,729.2151100854019,329.42031229482717,81079.91124752635,0.270453472340276,0.270453472340276,0.15,0.8284166705094999,1.027,1.0000075595609346,0.9382413310843033,4.705406688493959,-0.974593311506041,recede,1.1822972373589096,3.527795102805728e+22,True,True,True,True,True,True
H1L1V1-GSTLAL_AllSky-1244840357-1.xml,1244840357.0,64.64114695232296,57.55369035328656,122.19483730560952,1.1231451285839513,1370.8339522115102,0.1416458125926721,8.459005387316125,0.04682116406703098,5.721304525630102,0.17551041654619964,0.3634973309755528,305337.7580194644,2.1912339121088527e-20,1.8406364861714364e-14,Klein_extrema,extrema,1,1.5171330437228,8.851050743985358,95958.37665480572,560.5782221442932,87.75520827309983,96606.71008522311,0.32224529839647637,0.32224529839647637,0.15,0.7733988734430524,1.027,1.0000090651290925,0.8759284087671683,4.392905601156537,-1.2870943988434629,recede,2.4233155398370188,4.230393576524721e+22,True,True,True,True,True,True
H1L1V1-GSTLAL_AllSky-1245051768-1.xml,1245051768.0,44.81753084982481,29.96414425016667,74.78167509999147,1.4957053495554282,758.3913435371452,0.2988269237456849,8.748753060106464,0.03508613963530681,2.6238002947204473,-0.26494028740934855,0.17359425972788725,145819.1781714253,1.9900152644650024e-20,1.671612822150602e-14,Klein_extrema,extrema,1,1.1512720384601647,8.722505001440464,53087.394047600166,443.3731655178017,-132.47014370467429,53398.2970694133,0.17811754647080982,0.17811754647080982,0.15,0.6798011292239899,1.027,1.0000050151336133,0.7699255241153314,3.861270413992263,-1.8187295860077368,recede,1.1572950648525815,2.34039568615563e+22,True,True,True,True,True,True
H1L1V1-GSTLAL_AllSky-1244629354-1.xml,1244629354.0,64.64114695232296,57.55369035328656,122.19483730560952,1.1231451285839513,1370.8339522115102,0.1416458125926721,8.459005387316125,0.04682116406703098,5.721304525630102,0.17551041654619964,0.3634973309755528,305337.7580194644,2.1912339121088527e-20,1.8406364861714364e-14,Klein_extrema,extrema,1,1.5171330437228,8.851050743985358,95958.37665480572,560.5782221442932,87.75520827309983,96606.71008522311,0.32224529839647637,0.32224529839647637,0.15,0.7733988734430524,1.027,1.0000090651290925,0.8759284087671683,4.392905601156537,-1.2870943988434629,recede,2.4233155398370188,4.230393576524721e+22,True,True,True,True,True,True
H1L1V1-GSTLAL_AllSky-1245113233-1.xml,1245113233.0,16.247737732768222,12.750918349632382,28.998656082400604,1.274240590932547,3675.2762771968446,0.07830911497461158,8.715945203235208,0.04031515187965168,1.1690852242677654,-0.10740253231183083,0.07632084105053101,64109.50648244606,1.576900408498807e-21,1.324596343138998e-15,Klein_deformada,extrema,1,1.4188374819929463,9.065203313509015,257269.33940377913,-461.48166127362487,-53.70126615591542,256754.15647634957,0.856439678933983,0.856439678933983,0.15,0.8188385205491,1.027,1.0000243040769816,0.9273778604973998,4.651002796718887,-1.0289972032811123,recede,0.50880560700354,1.1341902591429462e+23,True,True,True,True,True,True
H1L1V1-GSTLAL_AllSky-1245274355-1.xml,1245274355.0,44.81753084982481,29.96414425016667,74.78167509999147,1.4957053495554282,758.3913435371452,0.2988269237456849,8.748753060106464,0.03508613963530681,2.6238002947204473,-0.26494028740934855,0.17359425972788725,145819.1781714253,1.9900152644650024e-20,1.671612822150602e-14,Klein_extrema,extrema,1,1.1512720384601647,8.722505001440464,53087.394047600166,443.3731655178017,-132.47014370467429,53398.2970694133,0.17811754647080982,0.17811754647080982,0.15,0.6798011292239899,1.027,1.0000050151336133,0.7699255241153314,3.861270413992263,-1.8187295860077368,recede,1.1572950648525815,2.34039568615563e+22,True,True,True,True,True,True
H1L1V1-GSTLAL_AllSky-1245085972-1.xml,1245085972.0,44.81753084982481,29.96414425016667,74.78167509999147,1.4957053495554282,758.3913435371452,0.2988269237456849,8.748753060106464,0.03508613963530681,2.6238002947204473,-0.26494028740934855,0.17359425972788725,145819.1781714253,1.9900152644650024e-20,1.671612822150602e-14,Klein_extrema,extrema,1,1.1512720384601647,8.722505001440464,53087.394047600166,443.3731655178017,-132.47014370467429,53398.2970694133,0.17811754647080982,0.17811754647080982,0.15,0.6798011292239899,1.027,1.0000050151336133,0.7699255241153314,3.861270413992263,-1.8187295860077368,recede,1.1572950648525815,2.34039568615563e+22,True,True,True,True,True,True
H1L1V1-GSTLAL_AllSky-1245132209-1.xml,1245132209.0,44.81753084982481,29.96414425016667,74.78167509999147,1.4957053495554282,758.3913435371452,0.2988269237456849,8.748753060106464,0.03508613963530681,2.6238002947204473,-0.26494028740934855,0.17359425972788725,145819.1781714253,1.9900152644650024e-20,1.671612822150602e-14,Klein_extrema,extrema,1,1.1512720384601647,8.722505001440464,53087.394047600166,443.3731655178017,-132.47014370467429,53398.2970694133,0.17811754647080982,0.17811754647080982,0.15,0.6798011292239899,1.027,1.0000050151336133,0.7699255241153314,3.861270413992263,-1.8187295860077368,recede,1.1572950648525815,2.34039568615563e+22,True,True,True,True,True,True
H1L1V1-GSTLAL_AllSky-1245194108-1.xml,1245194108.0,70.03232653015218,41.85854968434725,111.89087621449943,1.6730710227244288,893.6246344774904,0.17458598813402224,7.003742355290676,0.03792591311933533,4.24356365015741,0.6029266540206852,0.221410464354926,185984.79005813785,2.1239667403455182e-20,1.7841320618902352e-14,Klein_extrema,extrema,1,0.8918966096757881,8.75813588404921,62553.72441342433,-753.0380007554236,301.4633270103426,62102.14973967925,0.20715047387776264,0.20715047387776264,0.15,0.7517072465893558,1.027,1.000005909412047,0.8513638082713945,4.269697160627541,-1.4103028393724584,recede,1.4760697623661734,2.7577256219975352e+22,True,True,True,True,True,True
H1L1V1-GSTLAL_AllSky-1245195141-1.xml,1245195141.0,44.81753084982481,29.96414425016667,74.78167509999147,1.4957053495554282,758.3913435371452,0.2988269237456849,8.748753060106464,0.03508613963530681,2.6238002947204473,-0.26494028740934855,0.17359425972788725,145819.1781714253,1.9900152644650024e-20,1.671612822150602e-14,Klein_extrema,extrema,1,1.1512720384601647,8.722505001440464,53087.394047600166,443.3731655178017,-132.47014370467429,53398.2970694133,0.17811754647080982,0.17811754647080982,0.15,0.6798011292239899,1.027,1.0000050151336133,0.7699255241153314,3.861270413992263,-1.8187295860077368,recede,1.1572950648525815,2.34039568615563e+22,True,True,True,True,True,True
H1L1V1-GSTLAL_AllSky-1245221073-1.xml,1245221073.0,51.892333772242544,42.178036898240165,94.0703706704827,1.2303164772092012,1308.765164914411,0.16412819882047847,7.930060768011621,0.04747047676045826,4.465565344760844,0.5894521846746852,0.26650012972491915,223860.1089689321,1.689403325380882e-20,1.4190987933199411e-14,Klein_extrema,extrema,1,1.4469097244992017,8.840989181317617,91613.56154400876,384.16647137788914,294.7260923373426,92292.45410772398,0.30785448948059924,0.30785448948059924,0.15,0.7584621898347926,1.027,1.0000086546770692,0.8590119206915724,4.308065238261622,-1.3719347617383777,recede,1.7766675314994607,4.038849298925872e+22,True,True,True,True,True,True
H1L1V1-GSTLAL_AllSky-1245130483-1.xml,1245130483.0,64.64114695232296,57.55369035328656,122.19483730560952,1.1231451285839513,1370.8339522115102,0.1416458125926721,8.459005387316125,0.04682116406703098,5.721304525630102,0.17551041654619964,0.3634973309755528,305337.7580194644,2.1912339121088527e-20,1.8406364861714364e-14,Klein_extrema,extrema,1,1.5171330437228,8.851050743985358,95958.37665480572,560.5782221442932,87.75520827309983,96606.71008522311,0.32224529839647637,0.32224529839647637,0.15,0.7733988734430524,1.027,1.0000090651290925,0.8759284087671683,4.392905601156537,-1.2870943988434629,recede,2.4233155398370188,4.230393576524721e+22,True,True,True,True,True,True
H1L1V1-GSTLAL_AllSky-1245337537-1.xml,1245337537.0,51.892333772242544,42.178036898240165,94.0703706704827,1.2303164772092012,1308.765164914411,0.16412819882047847,7.930060768011621,0.04747047676045826,4.465565344760844,0.5894521846746852,0.26650012972491915,223860.1089689321,1.689403325380882e-20,1.4190987933199411e-14,Klein_extrema,extrema,1,1.4469097244992017,8.840989181317617,91613.56154400876,384.16647137788914,294.7260923373426,92292.45410772398,0.30785448948059924,0.30785448948059924,0.15,0.7584621898347926,1.027,1.0000086546770692,0.8590119206915724,4.308065238261622,-1.3719347617383777,recede,1.7766675314994607,4.038849298925872e+22,True,True,True,True,True,True
H1L1V1-GSTLAL_AllSky-1245334932-1.xml,1245334932.0,41.30994793634496,29.337182983559057,70.64713091990401,1.4081088821478054,1143.1610832163733,0.06582386308256495,7.695373437762398,0.043546162191133504,3.076411421376383,0.6588406245896543,0.17734458560383642,148969.4519072226,1.302103540507569e-20,1.093766974026358e-14,Klein_extrema,extrema,1,1.3323086625216902,8.811612033477726,80021.27582514613,729.2151100854019,329.42031229482717,81079.91124752635,0.270453472340276,0.270453472340276,0.15,0.8284166705094999,1.027,1.0000075595609346,0.9382413310843033,4.705406688493959,-0.974593311506041,recede,1.1822972373589096,3.527795102805728e+22,True,True,True,True,True,True
H1L1V1-GSTLAL_AllSky-1245339394-1.xml,1245339394.0,51.892333772242544,42.178036898240165,94.0703706704827,1.2303164772092012,1308.765164914411,0.16412819882047847,7.930060768011621,0.04747047676045826,4.465565344760844,0.5894521846746852,0.26650012972491915,223860.1089689321,1.689403325380882e-20,1.4190987933199411e-14,Klein_extrema,extrema,1,1.4469097244992017,8.840989181317617,91613.56154400876,384.16647137788914,294.7260923373426,92292.45410772398,0.30785448948059924,0.30785448948059924,0.15,0.7584621898347926,1.027,1.0000086546770692,0.8590119206915724,4.308065238261622,-1.3719347617383777,recede,1.7766675314994607,4.038849298925872e+22,True,True,True,True,True,True
H1L1V1-GSTLAL_AllSky-1245642076-1.xml,1245642076.0,70.03232653015218,41.85854968434725,111.89087621449943,1.6730710227244288,893.6246344774904,0.17458598813402224,7.003742355290676,0.03792591311933533,4.24356365015741,0.6029266540206852,0.221410464354926,185984.79005813785,2.1239667403455182e-20,1.7841320618902352e-14,Klein_extrema,extrema,1,0.8918966096757881,8.75813588404921,62553.72441342433,-753.0380007554236,301.4633270103426,62102.14973967925,0.20715047387776264,0.20715047387776264,0.15,0.7517072465893558,1.027,1.000005909412047,0.8513638082713945,4.269697160627541,-1.4103028393724584,recede,1.4760697623661734,2.7577256219975352e+22,True,True,True,True,True,True
H1L1V1-GSTLAL_AllSky-1245349914-1.xml,1245349914.0,51.892333772242544,42.178036898240165,94.0703706704827,1.2303164772092012,1308.765164914411,0.16412819882047847,7.930060768011621,0.04747047676045826,4.465565344760844,0.5894521846746852,0.26650012972491915,223860.1089689321,1.689403325380882e-20,1.4190987933199411e-14,Klein_extrema,extrema,1,1.4469097244992017,8.840989181317617,91613.56154400876,384.16647137788914,294.7260923373426,92292.45410772398,0.30785448948059924,0.30785448948059924,0.15,0.7584621898347926,1.027,1.0000086546770692,0.8590119206915724,4.308065238261622,-1.3719347617383777,recede,1.7766675314994607,4.038849298925872e+22,True,True,True,True,True,True
H1L1V1-GSTLAL_AllSky-1245410848-1.xml,1245410848.0,51.892333772242544,42.178036898240165,94.0703706704827,1.2303164772092012,1308.765164914411,0.16412819882047847,7.930060768011621,0.04747047676045826,4.465565344760844,0.5894521846746852,0.26650012972491915,223860.1089689321,1.689403325380882e-20,1.4190987933199411e-14,Klein_extrema,extrema,1,1.4469097244992017,8.840989181317617,91613.56154400876,384.16647137788914,294.7260923373426,92292.45410772398,0.30785448948059924,0.30785448948059924,0.15,0.7584621898347926,1.027,1.0000086546770692,0.8590119206915724,4.308065238261622,-1.3719347617383777,recede,1.7766675314994607,4.038849298925872e+22,True,True,True,True,True,True
H1L1V1-GSTLAL_AllSky-1245456234-1.xml,1245456234.0,16.247737732768222,12.750918349632382,28.998656082400604,1.274240590932547,3675.2762771968446,0.07830911497461158,8.715945203235208,0.04031515187965168,1.1690852242677654,-0.10740253231183083,0.07632084105053101,64109.50648244606,1.576900408498807e-21,1.324596343138998e-15,Klein_deformada,extrema,1,1.4188374819929463,9.065203313509015,257269.33940377913,-461.48166127362487,-53.70126615591542,256754.15647634957,0.856439678933983,0.856439678933983,0.15,0.8188385205491,1.027,1.0000243040769816,0.9273778604973998,4.651002796718887,-1.0289972032811123,recede,0.50880560700354,1.1341902591429462e+23,True,True,True,True,True,True
H1L1V1-GSTLAL_AllSky-1245569257-1.xml,1245569257.0,44.81753084982481,29.96414425016667,74.78167509999147,1.4957053495554282,758.3913435371452,0.2988269237456849,8.748753060106464,0.03508613963530681,2.6238002947204473,-0.26494028740934855,0.17359425972788725,145819.1781714253,1.9900152644650024e-20,1.671612822150602e-14,Klein_extrema,extrema,1,1.1512720384601647,8.722505001440464,53087.394047600166,443.3731655178017,-132.47014370467429,53398.2970694133,0.17811754647080982,0.17811754647080982,0.15,0.6798011292239899,1.027,1.0000050151336133,0.7699255241153314,3.861270413992263,-1.8187295860077368,recede,1.1572950648525815,2.34039568615563e+22,True,True,True,True,True,True
H1L1V1-GSTLAL_AllSky-1245573475-1.xml,1245573475.0,16.247737732768222,12.750918349632382,28.998656082400604,1.274240590932547,3675.2762771968446,0.07830911497461158,8.715945203235208,0.04031515187965168,1.1690852242677654,-0.10740253231183083,0.07632084105053101,64109.50648244606,1.576900408498807e-21,1.324596343138998e-15,Klein_deformada,extrema,1,1.4188374819929463,9.065203313509015,257269.33940377913,-461.48166127362487,-53.70126615591542,256754.15647634957,0.856439678933983,0.856439678933983,0.15,0.8188385205491,1.027,1.0000243040769816,0.9273778604973998,4.651002796718887,-1.0289972032811123,recede,0.50880560700354,1.1341902591429462e+23,True,True,True,True,True,True
H1L1V1-GSTLAL_AllSky-1245365349-1.xml,1245365349.0,27.99397418456161,15.192301340756586,43.186275525318194,1.8426421090965202,688.2445229311737,0.15931490557600386,8.979473423395806,0.03642871710668878,1.573220614003334,0.7007262838467216,0.10614785161928748,89164.19536020148,1.3520622651948609e-20,1.1357323027636832e-14,Klein_deformada,extrema,1,1.47786498281502,8.701429699808473,48177.116605182164,-660.8713856199583,350.36314192336084,47866.60836148557,0.15966581908303235,0.15966581908303235,0.15,0.7616080804379609,1.027,1.0000045512627096,0.8625784031502222,4.3259338968876175,-1.3540661031123822,recede,0.7076523441285832,2.123922597765602e+22,True,True,True,True,True,True
H1L1V1-GSTLAL_AllSky-1245688592-1.xml,1245688592.0,27.99397418456161,15.192301340756586,43.186275525318194,1.8426421090965202,688.2445229311737,0.15931490557600386,8.979473423395806,0.03642871710668878,1.573220614003334,0.7007262838467216,0.10614785161928748,89164.19536020148,1.3520622651948609e-20,1.1357323027636832e-14,Klein_deformada,extrema,1,1.47786498281502,8.701429699808473,48177.116605182164,-660.8713856199583,350.36314192336084,47866.60836148557,0.15966581908303235,0.15966581908303235,0.15,0.7616080804379609,1.027,1.0000045512627096,0.8625784031502222,4.3259338968876175,-1.3540661031123822,recede,0.7076523441285832,2.123922597765602e+22,True,True,True,True,True,True
H1L1V1-GSTLAL_AllSky-1245646385-1.xml,1245646385.0,16.247737732768222,12.750918349632382,28.998656082400604,1.274240590932547,3675.2762771968446,0.07830911497461158,8.715945203235208,0.04031515187965168,1.1690852242677654,-0.10740253231183083,0.07632084105053101,64109.50648244606,1.576900408498807e-21,1.324596343138998e-15,Klein_deformada,extrema,1,1.4188374819929463,9.065203313509015,257269.33940377913,-461.48166127362487,-53.70126615591542,256754.15647634957,0.856439678933983,0.856439678933983,0.15,0.8188385205491,1.027,1.0000243040769816,0.9273778604973998,4.651002796718887,-1.0289972032811123,recede,0.50880560700354,1.1341902591429462e+23,True,True,True,True,True,True
H1L1V1-GSTLAL_AllSky-1245764060-1.xml,1245764060.0,16.247737732768222,12.750918349632382,28.998656082400604,1.274240590932547,3675.2762771968446,0.07830911497461158,8.715945203235208,0.04031515187965168,1.1690852242677654,-0.10740253231183083,0.07632084105053101,64109.50648244606,1.576900408498807e-21,1.324596343138998e-15,Klein_deformada,extrema,1,1.4188374819929463,9.065203313509015,257269.33940377913,-461.48166127362487,-53.70126615591542,256754.15647634957,0.856439678933983,0.856439678933983,0.15,0.8188385205491,1.027,1.0000243040769816,0.9273778604973998,4.651002796718887,-1.0289972032811123,recede,0.50880560700354,1.1341902591429462e+23,True,True,True,True,True,True
H1L1V1-GSTLAL_AllSky-1245691227-1.xml,1245691227.0,16.247737732768222,12.750918349632382,28.998656082400604,1.274240590932547,3675.2762771968446,0.07830911497461158,8.715945203235208,0.04031515187965168,1.1690852242677654,-0.10740253231183083,0.07632084105053101,64109.50648244606,1.576900408498807e-21,1.324596343138998e-15,Klein_deformada,extrema,1,1.4188374819929463,9.065203313509015,257269.33940377913,-461.48166127362487,-53.70126615591542,256754.15647634957,0.856439678933983,0.856439678933983,0.15,0.8188385205491,1.027,1.0000243040769816,0.9273778604973998,4.651002796718887,-1.0289972032811123,recede,0.50880560700354,1.1341902591429462e+23,True,True,True,True,True,True
H1L1V1-GSTLAL_AllSky-1246048404-1.xml,1246048404.0,41.30994793634496,29.337182983559057,70.64713091990401,1.4081088821478054,1143.1610832163733,0.06582386308256495,7.695373437762398,0.043546162191133504,3.076411421376383,0.6588406245896543,0.17734458560383642,148969.4519072226,1.302103540507569e-20,1.093766974026358e-14,Klein_extrema,extrema,1,1.3323086625216902,8.811612033477726,80021.27582514613,729.2151100854019,329.42031229482717,81079.91124752635,0.270453472340276,0.270453472340276,0.15,0.8284166705094999,1.027,1.0000075595609346,0.9382413310843033,4.705406688493959,-0.974593311506041,recede,1.1822972373589096,3.527795102805728e+22,True,True,True,True,True,True
H1L1V1-GSTLAL_AllSky-1245878163-1.xml,1245878163.0,51.892333772242544,42.178036898240165,94.0703706704827,1.2303164772092012,1308.765164914411,0.16412819882047847,7.930060768011621,0.04747047676045826,4.465565344760844,0.5894521846746852,0.26650012972491915,223860.1089689321,1.689403325380882e-20,1.4190987933199411e-14,Klein_extrema,extrema,1,1.4469097244992017,8.840989181317617,91613.56154400876,384.16647137788914,294.7260923373426,92292.45410772398,0.30785448948059924,0.30785448948059924,0.15,0.7584621898347926,1.027,1.0000086546770692,0.8590119206915724,4.308065238261622,-1.3719347617383777,recede,1.7766675314994607,4.038849298925872e+22,True,True,True,True,True,True
H1L1V1-GSTLAL_AllSky-1245898498-1.xml,1245898498.0,41.30994793634496,29.337182983559057,70.64713091990401,1.4081088821478054,1143.1610832163733,0.06582386308256495,7.695373437762398,0.043546162191133504,3.076411421376383,0.6588406245896543,0.17734458560383642,148969.4519072226,1.302103540507569e-20,1.093766974026358e-14,Klein_extrema,extrema,1,1.3323086625216902,8.811612033477726,80021.27582514613,729.2151100854019,329.42031229482717,81079.91124752635,0.270453472340276,0.270453472340276,0.15,0.8284166705094999,1.027,1.0000075595609346,0.9382413310843033,4.705406688493959,-0.974593311506041,recede,1.1822972373589096,3.527795102805728e+22,True,True,True,True,True,True
H1L1V1-GSTLAL_AllSky-1245955943-1.xml,1245955943.0,57.53292812683165,29.70126418702835,87.23419231386,1.9370531760718261,2853.129666969763,0.3039606569525462,6.214777732443151,0.028231163994814047,2.462722789167729,-0.2960932712524615,0.11462587581746037,96285.73568666671,3.1177446816265277e-21,2.6189055325662835e-15,Klein_deformada,extrema,1,0.4637976374437342,9.010219072635888,199719.0766878834,616.3896148373638,-148.04663562623074,200187.41966709454,0.6677533551130714,0.6677533551130714,0.15,0.6771341108961887,1.027,1.0000188673388977,0.7668943036495249,3.8461217498903517,-1.833878250109648,recede,0.7641725054497358,8.804758152268689e+22,True,True,True,True,True,True
H1L1V1-GSTLAL_AllSky-1246016029-1.xml,1246016029.0,57.53292812683165,29.70126418702835,87.23419231386,1.9370531760718261,2853.129666969763,0.3039606569525462,6.214777732443151,0.028231163994814047,2.462722789167729,-0.2960932712524615,0.11462587581746037,96285.73568666671,3.1177446816265277e-21,2.6189055325662835e-15,Klein_deformada,extrema,1,0.4637976374437342,9.010219072635888,199719.0766878834,616.3896148373638,-148.04663562623074,200187.41966709454,0.6677533551130714,0.6677533551130714,0.15,0.6771341108961887,1.027,1.0000188673388977,0.7668943036495249,3.8461217498903517,-1.833878250109648,recede,0.7641725054497358,8.804758152268689e+22,True,True,True,True,True,True
H1L1V1-GSTLAL_AllSky-1245874666-1.xml,1245874666.0,41.30994793634496,29.337182983559057,70.64713091990401,1.4081088821478054,1143.1610832163733,0.06582386308256495,7.695373437762398,0.043546162191133504,3.076411421376383,0.6588406245896543,0.17734458560383642,148969.4519072226,1.302103540507569e-20,1.093766974026358e-14,Klein_extrema,extrema,1,1.3323086625216902,8.811612033477726,80021.27582514613,729.2151100854019,329.42031229482717,81079.91124752635,0.270453472340276,0.270453472340276,0.15,0.8284166705094999,1.027,1.0000075595609346,0.9382413310843033,4.705406688493959,-0.974593311506041,recede,1.1822972373589096,3.527795102805728e+22,True,True,True,True,True,True
H1L1V1-GSTLAL_AllSky-1246191236-1.xml,1246191236.0,41.30994793634496,29.337182983559057,70.64713091990401,1.4081088821478054,1143.1610832163733,0.06582386308256495,7.695373437762398,0.043546162191133504,3.076411421376383,0.6588406245896543,0.17734458560383642,148969.4519072226,1.302103540507569e-20,1.093766974026358e-14,Klein_extrema,extrema,1,1.3323086625216902,8.811612033477726,80021.27582514613,729.2151100854019,329.42031229482717,81079.91124752635,0.270453472340276,0.270453472340276,0.15,0.8284166705094999,1.027,1.0000075595609346,0.9382413310843033,4.705406688493959,-0.974593311506041,recede,1.1822972373589096,3.527795102805728e+22,True,True,True,True,True,True
H1L1V1-GSTLAL_AllSky-1246212043-1.xml,1246212043.0,41.30994793634496,29.337182983559057,70.64713091990401,1.4081088821478054,1143.1610832163733,0.06582386308256495,7.695373437762398,0.043546162191133504,3.076411421376383,0.6588406245896543,0.17734458560383642,148969.4519072226,1.302103540507569e-20,1.093766974026358e-14,Klein_extrema,extrema,1,1.3323086625216902,8.811612033477726,80021.27582514613,729.2151100854019,329.42031229482717,81079.91124752635,0.270453472340276,0.270453472340276,0.15,0.8284166705094999,1.027,1.0000075595609346,0.9382413310843033,4.705406688493959,-0.974593311506041,recede,1.1822972373589096,3.527795102805728e+22,True,True,True,True,True,True
H1L1V1-GSTLAL_AllSky-1246272532-1.xml,1246272532.0,70.03232653015218,41.85854968434725,111.89087621449943,1.6730710227244288,893.6246344774904,0.17458598813402224,7.003742355290676,0.03792591311933533,4.24356365015741,0.6029266540206852,0.221410464354926,185984.79005813785,2.1239667403455182e-20,1.7841320618902352e-14,Klein_extrema,extrema,1,0.8918966096757881,8.75813588404921,62553.72441342433,-753.0380007554236,301.4633270103426,62102.14973967925,0.20715047387776264,0.20715047387776264,0.15,0.7517072465893558,1.027,1.000005909412047,0.8513638082713945,4.269697160627541,-1.4103028393724584,recede,1.4760697623661734,2.7577256219975352e+22,True,True,True,True,True,True
H1L1V1-GSTLAL_AllSky-1246296410-1.xml,1246296410.0,16.247737732768222,12.750918349632382,28.998656082400604,1.274240590932547,3675.2762771968446,0.07830911497461158,8.715945203235208,0.04031515187965168,1.1690852242677654,-0.10740253231183083,0.07632084105053101,64109.50648244606,1.576900408498807e-21,1.324596343138998e-15,Klein_deformada,extrema,1,1.4188374819929463,9.065203313509015,257269.33940377913,-461.48166127362487,-53.70126615591542,256754.15647634957,0.856439678933983,0.856439678933983,0.15,0.8188385205491,1.027,1.0000243040769816,0.9273778604973998,4.651002796718887,-1.0289972032811123,recede,0.50880560700354,1.1341902591429462e+23,True,True,True,True,True,True
H1L1V1-GSTLAL_AllSky-1246393733-1.xml,1246393733.0,58.57491579947401,25.07004362959121,83.64495942906522,2.3364504930631877,1141.5571452375361,0.27278890878533435,7.947535712056288,0.024259984379554754,2.0292254091776134,-0.03363144228588588,0.12249431290394243,102895.22283931164,9.007526868520746e-21,7.566322569557426e-15,Klein_deformada,extrema,1,0.6567019535702499,8.811307146196974,79909.00016662753,315.79992530572304,-16.81572114294294,80207.9843707903,0.2675450373431019,0.2675450373431019,0.15,0.6937098842902858,1.027,1.0000075489543219,0.7856762367251723,3.940272142768823,-1.7397278572311765,recede,0.8166287526929495,3.5228453502030365e+22,True,True,True,True,True,True
H1L1V1-GSTLAL_AllSky-1246385767-1.xml,1246385767.0,70.03232653015218,41.85854968434725,111.89087621449943,1.6730710227244288,893.6246344774904,0.17458598813402224,7.003742355290676,0.03792591311933533,4.24356365015741,0.6029266540206852,0.221410464354926,185984.79005813785,2.1239667403455182e-20,1.7841320618902352e-14,Klein_extrema,extrema,1,0.8918966096757881,8.75813588404921,62553.72441342433,-753.0380007554236,301.4633270103426,62102.14973967925,0.20715047387776264,0.20715047387776264,0.15,0.7517072465893558,1.027,1.000005909412047,0.8513638082713945,4.269697160627541,-1.4103028393724584,recede,1.4760697623661734,2.7577256219975352e+22,True,True,True,True,True,True
H1L1V1-GSTLAL_AllSky-1246457131-1.xml,1246457131.0,58.57491579947401,25.07004362959121,83.64495942906522,2.3364504930631877,1141.5571452375361,0.27278890878533435,7.947535712056288,0.024259984379554754,2.0292254091776134,-0.03363144228588588,0.12249431290394243,102895.22283931164,9.007526868520746e-21,7.566322569557426e-15,Klein_deformada,extrema,1,0.6567019535702499,8.811307146196974,79909.00016662753,315.79992530572304,-16.81572114294294,80207.9843707903,0.2675450373431019,0.2675450373431019,0.15,0.6937098842902858,1.027,1.0000075489543219,0.7856762367251723,3.940272142768823,-1.7397278572311765,recede,0.8166287526929495,3.5228453502030365e+22,True,True,True,True,True,True
H1L1V1-GSTLAL_AllSky-1246487219-1.xml,1246487219.0,70.03232653015218,41.85854968434725,111.89087621449943,1.6730710227244288,893.6246344774904,0.17458598813402224,7.003742355290676,0.03792591311933533,4.24356365015741,0.6029266540206852,0.221410464354926,185984.79005813785,2.1239667403455182e-20,1.7841320618902352e-14,Klein_extrema,extrema,1,0.8918966096757881,8.75813588404921,62553.72441342433,-753.0380007554236,301.4633270103426,62102.14973967925,0.20715047387776264,0.20715047387776264,0.15,0.7517072465893558,1.027,1.000005909412047,0.8513638082713945,4.269697160627541,-1.4103028393724584,recede,1.4760697623661734,2.7577256219975352e+22,True,True,True,True,True,True
H1L1V1-GSTLAL_AllSky-1246514951-1.xml,1246514951.0,70.03232653015218,41.85854968434725,111.89087621449943,1.6730710227244288,893.6246344774904,0.17458598813402224,7.003742355290676,0.03792591311933533,4.24356365015741,0.6029266540206852,0.221410464354926,185984.79005813785,2.1239667403455182e-20,1.7841320618902352e-14,Klein_extrema,extrema,1,0.8918966096757881,8.75813588404921,62553.72441342433,-753.0380007554236,301.4633270103426,62102.14973967925,0.20715047387776264,0.20715047387776264,0.15,0.7517072465893558,1.027,1.000005909412047,0.8513638082713945,4.269697160627541,-1.4103028393724584,recede,1.4760697623661734,2.7577256219975352e+22,True,True,True,True,True,True
H1L1V1-GSTLAL_AllSky-1246523564-1.xml,1246523564.0,70.03232653015218,41.85854968434725,111.89087621449943,1.6730710227244288,893.6246344774904,0.17458598813402224,7.003742355290676,0.03792591311933533,4.24356365015741,0.6029266540206852,0.221410464354926,185984.79005813785,2.1239667403455182e-20,1.7841320618902352e-14,Klein_extrema,extrema,1,0.8918966096757881,8.75813588404921,62553.72441342433,-753.0380007554236,301.4633270103426,62102.14973967925,0.20715047387776264,0.20715047387776264,0.15,0.7517072465893558,1.027,1.000005909412047,0.8513638082713945,4.269697160627541,-1.4103028393724584,recede,1.4760697623661734,2.7577256219975352e+22,True,True,True,True,True,True
H1L1V1-GSTLAL_AllSky-1246546020-1.xml,1246546020.0,41.30994793634496,29.337182983559057,70.64713091990401,1.4081088821478054,1143.1610832163733,0.06582386308256495,7.695373437762398,0.043546162191133504,3.076411421376383,0.6588406245896543,0.17734458560383642,148969.4519072226,1.302103540507569e-20,1.093766974026358e-14,Klein_extrema,extrema,1,1.3323086625216902,8.811612033477726,80021.27582514613,729.2151100854019,329.42031229482717,81079.91124752635,0.270453472340276,0.270453472340276,0.15,0.8284166705094999,1.027,1.0000075595609346,0.9382413310843033,4.705406688493959,-0.974593311506041,recede,1.1822972373589096,3.527795102805728e+22,True,True,True,True,True,True
H1L1V1-GSTLAL_AllSky-1246527224-1.xml,1246527224.0,27.99397418456161,15.192301340756586,43.186275525318194,1.8426421090965202,688.2445229311737,0.15931490557600386,8.979473423395806,0.03642871710668878,1.573220614003334,0.7007262838467216,0.10614785161928748,89164.19536020148,1.3520622651948609e-20,1.1357323027636832e-14,Klein_deformada,extrema,1,1.47786498281502,8.701429699808473,48177.116605182164,-660.8713856199583,350.36314192336084,47866.60836148557,0.15966581908303235,0.15966581908303235,0.15,0.7616080804379609,1.027,1.0000045512627096,0.8625784031502222,4.3259338968876175,-1.3540661031123822,recede,0.7076523441285832,2.123922597765602e+22,True,True,True,True,True,True
H1L1V1-GSTLAL_AllSky-1246600287-1.xml,1246600287.0,60.80476193135089,19.051279013986168,79.85604094533706,3.191636734033034,872.6501153523211,0.06648847094323863,7.431647850781859,0.026770999943190515,2.1378260676110377,0.7671651004084641,0.11899592762066195,99956.57920135604,1.1713347218517032e-20,9.839211663554308e-15,Klein_deformada,extrema,1,0.7950169078742303,8.752978393047318,61085.50807466248,141.03888477649912,383.58255020423206,61610.129509643215,0.20550927104925107,0.20550927104925107,0.15,0.8278989418204532,1.027,1.0000057707105485,0.9376566435036714,4.702465989540174,-0.9775340104598254,recede,0.7933061841377465,2.692998255977263e+22,True,True,True,True,True,True
H1L1V1-GSTLAL_AllSky-1246602484-1.xml,1246602484.0,27.99397418456161,15.192301340756586,43.186275525318194,1.8426421090965202,688.2445229311737,0.15931490557600386,8.979473423395806,0.03642871710668878,1.573220614003334,0.7007262838467216,0.10614785161928748,89164.19536020148,1.3520622651948609e-20,1.1357323027636832e-14,Klein_deformada,extrema,1,1.47786498281502,8.701429699808473,48177.116605182164,-660.8713856199583,350.36314192336084,47866.60836148557,0.15966581908303235,0.15966581908303235,0.15,0.7616080804379609,1.027,1.0000045512627096,0.8625784031502222,4.3259338968876175,-1.3540661031123822,recede,0.7076523441285832,2.123922597765602e+22,True,True,True,True,True,True
H1L1V1-GSTLAL_AllSky-1246626158-1.xml,1246626158.0,60.80476193135089,19.051279013986168,79.85604094533706,3.191636734033034,872.6501153523211,0.06648847094323863,7.431647850781859,0.026770999943190515,2.1378260676110377,0.7671651004084641,0.11899592762066195,99956.57920135604,1.1713347218517032e-20,9.839211663554308e-15,Klein_deformada,extrema,1,0.7950169078742303,8.752978393047318,61085.50807466248,141.03888477649912,383.58255020423206,61610.129509643215,0.20550927104925107,0.20550927104925107,0.15,0.8278989418204532,1.027,1.0000057707105485,0.9376566435036714,4.702465989540174,-0.9775340104598254,recede,0.7933061841377465,2.692998255977263e+22,True,True,True,True,True,True
H1L1V1-GSTLAL_AllSky-1246663515-1.xml,1246663515.0,27.99397418456161,15.192301340756586,43.186275525318194,1.8426421090965202,688.2445229311737,0.15931490557600386,8.979473423395806,0.03642871710668878,1.573220614003334,0.7007262838467216,0.10614785161928748,89164.19536020148,1.3520622651948609e-20,1.1357323027636832e-14,Klein_deformada,extrema,1,1.47786498281502,8.701429699808473,48177.116605182164,-660.8713856199583,350.36314192336084,47866.60836148557,0.15966581908303235,0.15966581908303235,0.15,0.7616080804379609,1.027,1.0000045512627096,0.8625784031502222,4.3259338968876175,-1.3540661031123822,recede,0.7076523441285832,2.123922597765602e+22,True,True,True,True,True,True
H1L1V1-GSTLAL_AllSky-1246684845-1.xml,1246684845.0,27.99397418456161,15.192301340756586,43.186275525318194,1.8426421090965202,688.2445229311737,0.15931490557600386,8.979473423395806,0.03642871710668878,1.573220614003334,0.7007262838467216,0.10614785161928748,89164.19536020148,1.3520622651948609e-20,1.1357323027636832e-14,Klein_deformada,extrema,1,1.47786498281502,8.701429699808473,48177.116605182164,-660.8713856199583,350.36314192336084,47866.60836148557,0.15966581908303235,0.15966581908303235,0.15,0.7616080804379609,1.027,1.0000045512627096,0.8625784031502222,4.3259338968876175,-1.3540661031123822,recede,0.7076523441285832,2.123922597765602e+22,True,True,True,True,True,True
H1L1V1-GSTLAL_AllSky-1246677756-1.xml,1246677756.0,27.99397418456161,15.192301340756586,43.186275525318194,1.8426421090965202,688.2445229311737,0.15931490557600386,8.979473423395806,0.03642871710668878,1.573220614003334,0.7007262838467216,0.10614785161928748,89164.19536020148,1.3520622651948609e-20,1.1357323027636832e-14,Klein_deformada,extrema,1,1.47786498281502,8.701429699808473,48177.116605182164,-660.8713856199583,350.36314192336084,47866.60836148557,0.15966581908303235,0.15966581908303235,0.15,0.7616080804379609,1.027,1.0000045512627096,0.8625784031502222,4.3259338968876175,-1.3540661031123822,recede,0.7076523441285832,2.123922597765602e+22,True,True,True,True,True,True
H1L1V1-GSTLAL_AllSky-1246835605-1.xml,1246835605.0,57.53292812683165,29.70126418702835,87.23419231386,1.9370531760718261,2853.129666969763,0.3039606569525462,6.214777732443151,0.028231163994814047,2.462722789167729,-0.2960932712524615,0.11462587581746037,96285.73568666671,3.1177446816265277e-21,2.6189055325662835e-15,Klein_deformada,extrema,1,0.4637976374437342,9.010219072635888,199719.0766878834,616.3896148373638,-148.04663562623074,200187.41966709454,0.6677533551130714,0.6677533551130714,0.15,0.6771341108961887,1.027,1.0000188673388977,0.7668943036495249,3.8461217498903517,-1.833878250109648,recede,0.7641725054497358,8.804758152268689e+22,True,True,True,True,True,True
H1L1V1-GSTLAL_AllSky-1246779793-1.xml,1246779793.0,70.03232653015218,41.85854968434725,111.89087621449943,1.6730710227244288,893.6246344774904,0.17458598813402224,7.003742355290676,0.03792591311933533,4.24356365015741,0.6029266540206852,0.221410464354926,185984.79005813785,2.1239667403455182e-20,1.7841320618902352e-14,Klein_extrema,extrema,1,0.8918966096757881,8.75813588404921,62553.72441342433,-753.0380007554236,301.4633270103426,62102.14973967925,0.20715047387776264,0.20715047387776264,0.15,0.7517072465893558,1.027,1.000005909412047,0.8513638082713945,4.269697160627541,-1.4103028393724584,recede,1.4760697623661734,2.7577256219975352e+22,True,True,True,True,True,True
H1L1V1-GSTLAL_AllSky-1246852494-1.xml,1246852494.0,57.53292812683165,29.70126418702835,87.23419231386,1.9370531760718261,2853.129666969763,0.3039606569525462,6.214777732443151,0.028231163994814047,2.462722789167729,-0.2960932712524615,0.11462587581746037,96285.73568666671,3.1177446816265277e-21,2.6189055325662835e-15,Klein_deformada,extrema,1,0.4637976374437342,9.010219072635888,199719.0766878834,616.3896148373638,-148.04663562623074,200187.41966709454,0.6677533551130714,0.6677533551130714,0.15,0.6771341108961887,1.027,1.0000188673388977,0.7668943036495249,3.8461217498903517,-1.833878250109648,recede,0.7641725054497358,8.804758152268689e+22,True,True,True,True,True,True
H1L1V1-GSTLAL_AllSky-1246849694-1.xml,1246849694.0,22.828084742363657,16.00555993340196,38.83364467576561,1.4262596770965688,2588.352927948875,0.15238895292223759,6.3820947397665,0.04434697778595552,1.7221547777838675,0.7795921044586851,0.08309570231919675,69800.38994812527,2.512238869712921e-21,2.110280650558854e-15,Klein_deformada,extrema,1,0.946123282733172,8.98907006438168,181184.70495642125,-350.0702072452373,389.79605222934254,181224.43080140534,0.604499632880709,0.604499632880709,0.15,0.7661950350045488,1.027,1.0000171164081477,0.8677625704968723,4.351987798825837,-1.3280122011741629,recede,0.553971348794645,7.987657135650228e+22,True,True,True,True,True,True
H1L1V1-GSTLAL_AllSky-1246853186-1.xml,1246853186.0,22.828084742363657,16.00555993340196,38.83364467576561,1.4262596770965688,2588.352927948875,0.15238895292223759,6.3820947397665,0.04434697778595552,1.7221547777838675,0.7795921044586851,0.08309570231919675,69800.38994812527,2.512238869712921e-21,2.110280650558854e-15,Klein_deformada,extrema,1,0.946123282733172,8.98907006438168,181184.70495642125,-350.0702072452373,389.79605222934254,181224.43080140534,0.604499632880709,0.604499632880709,0.15,0.7661950350045488,1.027,1.0000171164081477,0.8677625704968723,4.351987798825837,-1.3280122011741629,recede,0.553971348794645,7.987657135650228e+22,True,True,True,True,True,True
H1L1V1-GSTLAL_AllSky-1247305773-1.xml,1247305773.0,57.53292812683165,29.70126418702835,87.23419231386,1.9370531760718261,2853.129666969763,0.3039606569525462,6.214777732443151,0.028231163994814047,2.462722789167729,-0.2960932712524615,0.11462587581746037,96285.73568666671,3.1177446816265277e-21,2.6189055325662835e-15,Klein_deformada,extrema,1,0.4637976374437342,9.010219072635888,199719.0766878834,616.3896148373638,-148.04663562623074,200187.41966709454,0.6677533551130714,0.6677533551130714,0.15,0.6771341108961887,1.027,1.0000188673388977,0.7668943036495249,3.8461217498903517,-1.833878250109648,recede,0.7641725054497358,8.804758152268689e+22,True,True,True,True,True,True
H1L1V1-GSTLAL_AllSky-1247473474-1.xml,1247473474.0,57.53292812683165,29.70126418702835,87.23419231386,1.9370531760718261,2853.129666969763,0.3039606569525462,6.214777732443151,0.028231163994814047,2.462722789167729,-0.2960932712524615,0.11462587581746037,96285.73568666671,3.1177446816265277e-21,2.6189055325662835e-15,Klein_deformada,extrema,1,0.4637976374437342,9.010219072635888,199719.0766878834,616.3896148373638,-148.04663562623074,200187.41966709454,0.6677533551130714,0.6677533551130714,0.15,0.6771341108961887,1.027,1.0000188673388977,0.7668943036495249,3.8461217498903517,-1.833878250109648,recede,0.7641725054497358,8.804758152268689e+22,True,True,True,True,True,True
H1L1V1-GSTLAL_AllSky-1247529518-1.xml,1247529518.0,57.53292812683165,29.70126418702835,87.23419231386,1.9370531760718261,2853.129666969763,0.3039606569525462,6.214777732443151,0.028231163994814047,2.462722789167729,-0.2960932712524615,0.11462587581746037,96285.73568666671,3.1177446816265277e-21,2.6189055325662835e-15,Klein_deformada,extrema,1,0.4637976374437342,9.010219072635888,199719.0766878834,616.3896148373638,-148.04663562623074,200187.41966709454,0.6677533551130714,0.6677533551130714,0.15,0.6771341108961887,1.027,1.0000188673388977,0.7668943036495249,3.8461217498903517,-1.833878250109648,recede,0.7641725054497358,8.804758152268689e+22,True,True,True,True,True,True
H1L1V1-GSTLAL_AllSky-1247606192-1.xml,1247606192.0,27.99397418456161,15.192301340756586,43.186275525318194,1.8426421090965202,688.2445229311737,0.15931490557600386,8.979473423395806,0.03642871710668878,1.573220614003334,0.7007262838467216,0.10614785161928748,89164.19536020148,1.3520622651948609e-20,1.1357323027636832e-14,Klein_deformada,extrema,1,1.47786498281502,8.701429699808473,48177.116605182164,-660.8713856199583,350.36314192336084,47866.60836148557,0.15966581908303235,0.15966581908303235,0.15,0.7616080804379609,1.027,1.0000045512627096,0.8625784031502222,4.3259338968876175,-1.3540661031123822,recede,0.7076523441285832,2.123922597765602e+22,True,True,True,True,True,True
H1L1V1-GSTLAL_AllSky-1247571986-1.xml,1247571986.0,58.57491579947401,25.07004362959121,83.64495942906522,2.3364504930631877,1141.5571452375361,0.27278890878533435,7.947535712056288,0.024259984379554754,2.0292254091776134,-0.03363144228588588,0.12249431290394243,102895.22283931164,9.007526868520746e-21,7.566322569557426e-15,Klein_deformada,extrema,1,0.6567019535702499,8.811307146196974,79909.00016662753,315.79992530572304,-16.81572114294294,80207.9843707903,0.2675450373431019,0.2675450373431019,0.15,0.6937098842902858,1.027,1.0000075489543219,0.7856762367251723,3.940272142768823,-1.7397278572311765,recede,0.8166287526929495,3.5228453502030365e+22,True,True,True,True,True,True
H1L1V1-GSTLAL_AllSky-1247616534-1.xml,1247616534.0,58.57491579947401,25.07004362959121,83.64495942906522,2.3364504930631877,1141.5571452375361,0.27278890878533435,7.947535712056288,0.024259984379554754,2.0292254091776134,-0.03363144228588588,0.12249431290394243,102895.22283931164,9.007526868520746e-21,7.566322569557426e-15,Klein_deformada,extrema,1,0.6567019535702499,8.811307146196974,79909.00016662753,315.79992530572304,-16.81572114294294,80207.9843707903,0.2675450373431019,0.2675450373431019,0.15,0.6937098842902858,1.027,1.0000075489543219,0.7856762367251723,3.940272142768823,-1.7397278572311765,recede,0.8166287526929495,3.5228453502030365e+22,True,True,True,True,True,True
H1L1V1-GSTLAL_AllSky-1247625885-1.xml,1247625885.0,26.205693021901364,13.812696281325492,40.018389303226854,1.8972177834193729,745.1439103166896,0.5118978179828225,8.028189829135952,0.035013805767150484,1.4011961101773978,0.6294863011461105,0.08476294589023914,71200.87454780088,9.90458896791517e-21,8.319854733048743e-15,Klein_deformada,extrema,1,0.9552462037122752,8.718678396099891,52160.07372216827,315.4038715322067,314.74315057305523,52790.22074427354,0.1760892221787432,0.1760892221787432,0.15,0.5839970939692,1.027,1.0000049275302298,0.6614203606260919,3.3171034937450554,-2.3628965062549443,recede,0.5650863059349276,2.2995141072373043e+22,True,True,True,True,True,True
H1L1V1-GSTLAL_AllSky-1247712250-1.xml,1247712250.0,58.57491579947401,25.07004362959121,83.64495942906522,2.3364504930631877,1141.5571452375361,0.27278890878533435,7.947535712056288,0.024259984379554754,2.0292254091776134,-0.03363144228588588,0.12249431290394243,102895.22283931164,9.007526868520746e-21,7.566322569557426e-15,Klein_deformada,extrema,1,0.6567019535702499,8.811307146196974,79909.00016662753,315.79992530572304,-16.81572114294294,80207.9843707903,0.2675450373431019,0.2675450373431019,0.15,0.6937098842902858,1.027,1.0000075489543219,0.7856762367251723,3.940272142768823,-1.7397278572311765,recede,0.8166287526929495,3.5228453502030365e+22,True,True,True,True,True,True
H1L1V1-GSTLAL_AllSky-1247679044-1.xml,1247679044.0,26.205693021901364,13.812696281325492,40.018389303226854,1.8972177834193729,745.1439103166896,0.5118978179828225,8.028189829135952,0.035013805767150484,1.4011961101773978,0.6294863011461105,0.08476294589023914,71200.87454780088,9.90458896791517e-21,8.319854733048743e-15,Klein_deformada,extrema,1,0.9552462037122752,8.718678396099891,52160.07372216827,315.4038715322067,314.74315057305523,52790.22074427354,0.1760892221787432,0.1760892221787432,0.15,0.5839970939692,1.027,1.0000049275302298,0.6614203606260919,3.3171034937450554,-2.3628965062549443,recede,0.5650863059349276,2.2995141072373043e+22,True,True,True,True,True,True
H1L1V1-GSTLAL_AllSky-1247758272-1.xml,1247758272.0,58.57491579947401,25.07004362959121,83.64495942906522,2.3364504930631877,1141.5571452375361,0.27278890878533435,7.947535712056288,0.024259984379554754,2.0292254091776134,-0.03363144228588588,0.12249431290394243,102895.22283931164,9.007526868520746e-21,7.566322569557426e-15,Klein_deformada,extrema,1,0.6567019535702499,8.811307146196974,79909.00016662753,315.79992530572304,-16.81572114294294,80207.9843707903,0.2675450373431019,0.2675450373431019,0.15,0.6937098842902858,1.027,1.0000075489543219,0.7856762367251723,3.940272142768823,-1.7397278572311765,recede,0.8166287526929495,3.5228453502030365e+22,True,True,True,True,True,True
H1L1V1-GSTLAL_AllSky-1247788484-1.xml,1247788484.0,58.57491579947401,25.07004362959121,83.64495942906522,2.3364504930631877,1141.5571452375361,0.27278890878533435,7.947535712056288,0.024259984379554754,2.0292254091776134,-0.03363144228588588,0.12249431290394243,102895.22283931164,9.007526868520746e-21,7.566322569557426e-15,Klein_deformada,extrema,1,0.6567019535702499,8.811307146196974,79909.00016662753,315.79992530572304,-16.81572114294294,80207.9843707903,0.2675450373431019,0.2675450373431019,0.15,0.6937098842902858,1.027,1.0000075489543219,0.7856762367251723,3.940272142768823,-1.7397278572311765,recede,0.8166287526929495,3.5228453502030365e+22,True,True,True,True,True,True
H1L1V1-GSTLAL_AllSky-1247793417-1.xml,1247793417.0,57.53292812683165,29.70126418702835,87.23419231386,1.9370531760718261,2853.129666969763,0.3039606569525462,6.214777732443151,0.028231163994814047,2.462722789167729,-0.2960932712524615,0.11462587581746037,96285.73568666671,3.1177446816265277e-21,2.6189055325662835e-15,Klein_deformada,extrema,1,0.4637976374437342,9.010219072635888,199719.0766878834,616.3896148373638,-148.04663562623074,200187.41966709454,0.6677533551130714,0.6677533551130714,0.15,0.6771341108961887,1.027,1.0000188673388977,0.7668943036495249,3.8461217498903517,-1.833878250109648,recede,0.7641725054497358,8.804758152268689e+22,True,True,True,True,True,True
H1L1V1-GSTLAL_AllSky-1247825375-1.xml,1247825375.0,60.80476193135089,19.051279013986168,79.85604094533706,3.191636734033034,872.6501153523211,0.06648847094323863,7.431647850781859,0.026770999943190515,2.1378260676110377,0.7671651004084641,0.11899592762066195,99956.57920135604,1.1713347218517032e-20,9.839211663554308e-15,Klein_deformada,extrema,1,0.7950169078742303,8.752978393047318,61085.50807466248,141.03888477649912,383.58255020423206,61610.129509643215,0.20550927104925107,0.20550927104925107,0.15,0.8278989418204532,1.027,1.0000057707105485,0.9376566435036714,4.702465989540174,-0.9775340104598254,recede,0.7933061841377465,2.692998255977263e+22,True,True,True,True,True,True
H1L1V1-GSTLAL_AllSky-1247855210-1.xml,1247855210.0,60.80476193135089,19.051279013986168,79.85604094533706,3.191636734033034,872.6501153523211,0.06648847094323863,7.431647850781859,0.026770999943190515,2.1378260676110377,0.7671651004084641,0.11899592762066195,99956.57920135604,1.1713347218517032e-20,9.839211663554308e-15,Klein_deformada,extrema,1,0.7950169078742303,8.752978393047318,61085.50807466248,141.03888477649912,383.58255020423206,61610.129509643215,0.20550927104925107,0.20550927104925107,0.15,0.8278989418204532,1.027,1.0000057707105485,0.9376566435036714,4.702465989540174,-0.9775340104598254,recede,0.7933061841377465,2.692998255977263e+22,True,True,True,True,True,True
H1L1V1-GSTLAL_AllSky-1247864269-1.xml,1247864269.0,46.49158312669891,10.842569078768499,57.33415220546741,4.287875206415511,677.6963439226906,0.06626852002705919,7.631761680186599,0.02057660693154964,1.179742313685543,0.5081898519170689,0.06772425489221906,56888.37410946401,8.772278808448232e-21,7.368714199096515e-15,Klein_deformada,extrema,1,0.594785839115715,8.6980758891767,47438.74407458834,538.5046581312665,254.09492595853445,48231.34365867814,0.16088244507698102,0.16088244507698102,0.15,0.8280686540837143,1.027,1.0000044815091087,0.9378500642358104,4.703429955195497,-0.9765700448045029,recede,0.4514950326147937,2.091370917345423e+22,True,True,True,True,True,True
H1L1V1-GSTLAL_AllSky-1247877553-1.xml,1247877553.0,60.80476193135089,19.051279013986168,79.85604094533706,3.191636734033034,872.6501153523211,0.06648847094323863,7.431647850781859,0.026770999943190515,2.1378260676110377,0.7671651004084641,0.11899592762066195,99956.57920135604,1.1713347218517032e-20,9.839211663554308e-15,Klein_deformada,extrema,1,0.7950169078742303,8.752978393047318,61085.50807466248,141.03888477649912,383.58255020423206,61610.129509643215,0.20550927104925107,0.20550927104925107,0.15,0.8278989418204532,1.027,1.0000057707105485,0.9376566435036714,4.702465989540174,-0.9775340104598254,recede,0.7933061841377465,2.692998255977263e+22,True,True,True,True,True,True
H1L1V1-GSTLAL_AllSky-1248055112-1.xml,1248055112.0,46.49158312669891,10.842569078768499,57.33415220546741,4.287875206415511,677.6963439226906,0.06626852002705919,7.631761680186599,0.02057660693154964,1.179742313685543,0.5081898519170689,0.06772425489221906,56888.37410946401,8.772278808448232e-21,7.368714199096515e-15,Klein_deformada,extrema,1,0.594785839115715,8.6980758891767,47438.74407458834,538.5046581312665,254.09492595853445,48231.34365867814,0.16088244507698102,0.16088244507698102,0.15,0.8280686540837143,1.027,1.0000044815091087,0.9378500642358104,4.703429955195497,-0.9765700448045029,recede,0.4514950326147937,2.091370917345423e+22,True,True,True,True,True,True
H1L1V1-GSTLAL_AllSky-1248093189-1.xml,1248093189.0,60.80476193135089,19.051279013986168,79.85604094533706,3.191636734033034,872.6501153523211,0.06648847094323863,7.431647850781859,0.026770999943190515,2.1378260676110377,0.7671651004084641,0.11899592762066195,99956.57920135604,1.1713347218517032e-20,9.839211663554308e-15,Klein_deformada,extrema,1,0.7950169078742303,8.752978393047318,61085.50807466248,141.03888477649912,383.58255020423206,61610.129509643215,0.20550927104925107,0.20550927104925107,0.15,0.8278989418204532,1.027,1.0000057707105485,0.9376566435036714,4.702465989540174,-0.9775340104598254,recede,0.7933061841377465,2.692998255977263e+22,True,True,True,True,True,True
H1L1V1-GSTLAL_AllSky-1248104724-1.xml,1248104724.0,60.80476193135089,19.051279013986168,79.85604094533706,3.191636734033034,872.6501153523211,0.06648847094323863,7.431647850781859,0.026770999943190515,2.1378260676110377,0.7671651004084641,0.11899592762066195,99956.57920135604,1.1713347218517032e-20,9.839211663554308e-15,Klein_deformada,extrema,1,0.7950169078742303,8.752978393047318,61085.50807466248,141.03888477649912,383.58255020423206,61610.129509643215,0.20550927104925107,0.20550927104925107,0.15,0.8278989418204532,1.027,1.0000057707105485,0.9376566435036714,4.702465989540174,-0.9775340104598254,recede,0.7933061841377465,2.692998255977263e+22,True,True,True,True,True,True
H1L1V1-GSTLAL_AllSky-1248199254-1.xml,1248199254.0,22.828084742363657,16.00555993340196,38.83364467576561,1.4262596770965688,2588.352927948875,0.15238895292223759,6.3820947397665,0.04434697778595552,1.7221547777838675,0.7795921044586851,0.08309570231919675,69800.38994812527,2.512238869712921e-21,2.110280650558854e-15,Klein_deformada,extrema,1,0.946123282733172,8.98907006438168,181184.70495642125,-350.0702072452373,389.79605222934254,181224.43080140534,0.604499632880709,0.604499632880709,0.15,0.7661950350045488,1.027,1.0000171164081477,0.8677625704968723,4.351987798825837,-1.3280122011741629,recede,0.553971348794645,7.987657135650228e+22,True,True,True,True,True,True
H1L1V1-GSTLAL_AllSky-1248192749-1.xml,1248192749.0,58.57491579947401,25.07004362959121,83.64495942906522,2.3364504930631877,1141.5571452375361,0.27278890878533435,7.947535712056288,0.024259984379554754,2.0292254091776134,-0.03363144228588588,0.12249431290394243,102895.22283931164,9.007526868520746e-21,7.566322569557426e-15,Klein_deformada,extrema,1,0.6567019535702499,8.811307146196974,79909.00016662753,315.79992530572304,-16.81572114294294,80207.9843707903,0.2675450373431019,0.2675450373431019,0.15,0.6937098842902858,1.027,1.0000075489543219,0.7856762367251723,3.940272142768823,-1.7397278572311765,recede,0.8166287526929495,3.5228453502030365e+22,True,True,True,True,True,True
H1L1V1-GSTLAL_AllSky-1248208249-1.xml,1248208249.0,22.828084742363657,16.00555993340196,38.83364467576561,1.4262596770965688,2588.352927948875,0.15238895292223759,6.3820947397665,0.04434697778595552,1.7221547777838675,0.7795921044586851,0.08309570231919675,69800.38994812527,2.512238869712921e-21,2.110280650558854e-15,Klein_deformada,extrema,1,0.946123282733172,8.98907006438168,181184.70495642125,-350.0702072452373,389.79605222934254,181224.43080140534,0.604499632880709,0.604499632880709,0.15,0.7661950350045488,1.027,1.0000171164081477,0.8677625704968723,4.351987798825837,-1.3280122011741629,recede,0.553971348794645,7.987657135650228e+22,True,True,True,True,True,True
H1L1V1-GSTLAL_AllSky-1248242631-1.xml,1248242631.0,26.740965190362683,22.880236590548805,49.62120178091149,1.1687363932857513,1734.9669108802934,0.07592505318570424,8.192099121779467,0.047055786420840975,2.334964672948025,0.3552664366526989,0.14193542740121654,119225.75901702189,6.625224852763246e-21,5.565188876321127e-15,Klein_deformada,extrema,1,1.4905609827812525,8.902203916024561,121447.68376162054,-684.156271263746,177.63321832634946,120941.16070868314,0.4034162884400619,0.4034162884400619,0.15,0.8206423940016518,1.027,1.0000114730883292,0.9294327676812637,4.661248797929383,-1.018751202070617,recede,0.9462361826747769,5.354107886976586e+22,True,True,True,True,True,True
H1L1V1-GSTLAL_AllSky-1248331528-1.xml,1248331528.0,22.828084742363657,16.00555993340196,38.83364467576561,1.4262596770965688,2588.352927948875,0.15238895292223759,6.3820947397665,0.04434697778595552,1.7221547777838675,0.7795921044586851,0.08309570231919675,69800.38994812527,2.512238869712921e-21,2.110280650558854e-15,Klein_deformada,extrema,1,0.946123282733172,8.98907006438168,181184.70495642125,-350.0702072452373,389.79605222934254,181224.43080140534,0.604499632880709,0.604499632880709,0.15,0.7661950350045488,1.027,1.0000171164081477,0.8677625704968723,4.351987798825837,-1.3280122011741629,recede,0.553971348794645,7.987657135650228e+22,True,True,True,True,True,True
H1L1V1-GSTLAL_AllSky-1248365183-1.xml,1248365183.0,26.740965190362683,22.880236590548805,49.62120178091149,1.1687363932857513,1734.9669108802934,0.07592505318570424,8.192099121779467,0.047055786420840975,2.334964672948025,0.3552664366526989,0.14193542740121654,119225.75901702189,6.625224852763246e-21,5.565188876321127e-15,Klein_deformada,extrema,1,1.4905609827812525,8.902203916024561,121447.68376162054,-684.156271263746,177.63321832634946,120941.16070868314,0.4034162884400619,0.4034162884400619,0.15,0.8206423940016518,1.027,1.0000114730883292,0.9294327676812637,4.661248797929383,-1.018751202070617,recede,0.9462361826747769,5.354107886976586e+22,True,True,True,True,True,True
H1L1V1-GSTLAL_AllSky-1248387022-1.xml,1248387022.0,22.828084742363657,16.00555993340196,38.83364467576561,1.4262596770965688,2588.352927948875,0.15238895292223759,6.3820947397665,0.04434697778595552,1.7221547777838675,0.7795921044586851,0.08309570231919675,69800.38994812527,2.512238869712921e-21,2.110280650558854e-15,Klein_deformada,extrema,1,0.946123282733172,8.98907006438168,181184.70495642125,-350.0702072452373,389.79605222934254,181224.43080140534,0.604499632880709,0.604499632880709,0.15,0.7661950350045488,1.027,1.0000171164081477,0.8677625704968723,4.351987798825837,-1.3280122011741629,recede,0.553971348794645,7.987657135650228e+22,True,True,True,True,True,True
H1L1V1-GSTLAL_AllSky-1248388469-1.xml,1248388469.0,22.828084742363657,16.00555993340196,38.83364467576561,1.4262596770965688,2588.352927948875,0.15238895292223759,6.3820947397665,0.04434697778595552,1.7221547777838675,0.7795921044586851,0.08309570231919675,69800.38994812527,2.512238869712921e-21,2.110280650558854e-15,Klein_deformada,extrema,1,0.946123282733172,8.98907006438168,181184.70495642125,-350.0702072452373,389.79605222934254,181224.43080140534,0.604499632880709,0.604499632880709,0.15,0.7661950350045488,1.027,1.0000171164081477,0.8677625704968723,4.351987798825837,-1.3280122011741629,recede,0.553971348794645,7.987657135650228e+22,True,True,True,True,True,True
H1L1V1-GSTLAL_AllSky-1248447227-1.xml,1248447227.0,26.205693021901364,13.812696281325492,40.018389303226854,1.8972177834193729,745.1439103166896,0.5118978179828225,8.028189829135952,0.035013805767150484,1.4011961101773978,0.6294863011461105,0.08476294589023914,71200.87454780088,9.90458896791517e-21,8.319854733048743e-15,Klein_deformada,extrema,1,0.9552462037122752,8.718678396099891,52160.07372216827,315.4038715322067,314.74315057305523,52790.22074427354,0.1760892221787432,0.1760892221787432,0.15,0.5839970939692,1.027,1.0000049275302298,0.6614203606260919,3.3171034937450554,-2.3628965062549443,recede,0.5650863059349276,2.2995141072373043e+22,True,True,True,True,True,True
H1L1V1-GSTLAL_AllSky-1248515038-1.xml,1248515038.0,60.80476193135089,19.051279013986168,79.85604094533706,3.191636734033034,872.6501153523211,0.06648847094323863,7.431647850781859,0.026770999943190515,2.1378260676110377,0.7671651004084641,0.11899592762066195,99956.57920135604,1.1713347218517032e-20,9.839211663554308e-15,Klein_deformada,extrema,1,0.7950169078742303,8.752978393047318,61085.50807466248,141.03888477649912,383.58255020423206,61610.129509643215,0.20550927104925107,0.20550927104925107,0.15,0.8278989418204532,1.027,1.0000057707105485,0.9376566435036714,4.702465989540174,-0.9775340104598254,recede,0.7933061841377465,2.692998255977263e+22,True,True,True,True,True,True
H1L1V1-GSTLAL_AllSky-1248524521-1.xml,1248524521.0,26.205693021901364,13.812696281325492,40.018389303226854,1.8972177834193729,745.1439103166896,0.5118978179828225,8.028189829135952,0.035013805767150484,1.4011961101773978,0.6294863011461105,0.08476294589023914,71200.87454780088,9.90458896791517e-21,8.319854733048743e-15,Klein_deformada,extrema,1,0.9552462037122752,8.718678396099891,52160.07372216827,315.4038715322067,314.74315057305523,52790.22074427354,0.1760892221787432,0.1760892221787432,0.15,0.5839970939692,1.027,1.0000049275302298,0.6614203606260919,3.3171034937450554,-2.3628965062549443,recede,0.5650863059349276,2.2995141072373043e+22,True,True,True,True,True,True
H1L1V1-GSTLAL_AllSky-1248617394-1.xml,1248617394.0,37.92033720749678,21.100658340877168,59.020995548373946,1.7971163076952796,4163.412240679704,0.18328818566920302,9.385140243291278,0.036505515465022606,2.1545918657521956,0.6465399915845673,0.1490823925299953,125229.20972519607,2.690200351697025e-21,2.2597682954255013e-15,Klein_deformada,extrema,1,1.540670712037957,9.092283025196334,291438.8568475793,634.0089716311079,323.2699957922837,292396.1358150027,0.9753285248256737,0.9753285248256737,0.15,0.7461951375831073,1.027,1.0000275320503744,0.8451026656996957,4.238388381472049,-1.4416116185279506,recede,0.9938826168666354,1.2848290174737567e+23,True,True,True,True,True,True
H1L1V1-GSTLAL_AllSky-1248711176-1.xml,1248711176.0,26.205693021901364,13.812696281325492,40.018389303226854,1.8972177834193729,745.1439103166896,0.5118978179828225,8.028189829135952,0.035013805767150484,1.4011961101773978,0.6294863011461105,0.08476294589023914,71200.87454780088,9.90458896791517e-21,8.319854733048743e-15,Klein_deformada,extrema,1,0.9552462037122752,8.718678396099891,52160.07372216827,315.4038715322067,314.74315057305523,52790.22074427354,0.1760892221787432,0.1760892221787432,0.15,0.5839970939692,1.027,1.0000049275302298,0.6614203606260919,3.3171034937450554,-2.3628965062549443,recede,0.5650863059349276,2.2995141072373043e+22,True,True,True,True,True,True
H1L1V1-GSTLAL_AllSky-1248741664-1.xml,1248741664.0,37.92033720749678,21.100658340877168,59.020995548373946,1.7971163076952796,4163.412240679704,0.18328818566920302,9.385140243291278,0.036505515465022606,2.1545918657521956,0.6465399915845673,0.1490823925299953,125229.20972519607,2.690200351697025e-21,2.2597682954255013e-15,Klein_deformada,extrema,1,1.540670712037957,9.092283025196334,291438.8568475793,634.0089716311079,323.2699957922837,292396.1358150027,0.9753285248256737,0.9753285248256737,0.15,0.7461951375831073,1.027,1.0000275320503744,0.8451026656996957,4.238388381472049,-1.4416116185279506,recede,0.9938826168666354,1.2848290174737567e+23,True,True,True,True,True,True
H1L1V1-GSTLAL_AllSky-1248798387-1.xml,1248798387.0,26.205693021901364,13.812696281325492,40.018389303226854,1.8972177834193729,745.1439103166896,0.5118978179828225,8.028189829135952,0.035013805767150484,1.4011961101773978,0.6294863011461105,0.08476294589023914,71200.87454780088,9.90458896791517e-21,8.319854733048743e-15,Klein_deformada,extrema,1,0.9552462037122752,8.718678396099891,52160.07372216827,315.4038715322067,314.74315057305523,52790.22074427354,0.1760892221787432,0.1760892221787432,0.15,0.5839970939692,1.027,1.0000049275302298,0.6614203606260919,3.3171034937450554,-2.3628965062549443,recede,0.5650863059349276,2.2995141072373043e+22,True,True,True,True,True,True
H1L1V1-GSTLAL_AllSky-1248756237-1.xml,1248756237.0,26.205693021901364,13.812696281325492,40.018389303226854,1.8972177834193729,745.1439103166896,0.5118978179828225,8.028189829135952,0.035013805767150484,1.4011961101773978,0.6294863011461105,0.08476294589023914,71200.87454780088,9.90458896791517e-21,8.319854733048743e-15,Klein_deformada,extrema,1,0.9552462037122752,8.718678396099891,52160.07372216827,315.4038715322067,314.74315057305523,52790.22074427354,0.1760892221787432,0.1760892221787432,0.15,0.5839970939692,1.027,1.0000049275302298,0.6614203606260919,3.3171034937450554,-2.3628965062549443,recede,0.5650863059349276,2.2995141072373043e+22,True,True,True,True,True,True
H1L1V1-GSTLAL_AllSky-1248810728-1.xml,1248810728.0,46.49158312669891,10.842569078768499,57.33415220546741,4.287875206415511,677.6963439226906,0.06626852002705919,7.631761680186599,0.02057660693154964,1.179742313685543,0.5081898519170689,0.06772425489221906,56888.37410946401,8.772278808448232e-21,7.368714199096515e-15,Klein_deformada,extrema,1,0.594785839115715,8.6980758891767,47438.74407458834,538.5046581312665,254.09492595853445,48231.34365867814,0.16088244507698102,0.16088244507698102,0.15,0.8280686540837143,1.027,1.0000044815091087,0.9378500642358104,4.703429955195497,-0.9765700448045029,recede,0.4514950326147937,2.091370917345423e+22,True,True,True,True,True,True
H1L1V1-GSTLAL_AllSky-1248834439-1.xml,1248834439.0,22.828084742363657,16.00555993340196,38.83364467576561,1.4262596770965688,2588.352927948875,0.15238895292223759,6.3820947397665,0.04434697778595552,1.7221547777838675,0.7795921044586851,0.08309570231919675,69800.38994812527,2.512238869712921e-21,2.110280650558854e-15,Klein_deformada,extrema,1,0.946123282733172,8.98907006438168,181184.70495642125,-350.0702072452373,389.79605222934254,181224.43080140534,0.604499632880709,0.604499632880709,0.15,0.7661950350045488,1.027,1.0000171164081477,0.8677625704968723,4.351987798825837,-1.3280122011741629,recede,0.553971348794645,7.987657135650228e+22,True,True,True,True,True,True
H1L1V1-GSTLAL_AllSky-1248845595-1.xml,1248845595.0,46.49158312669891,10.842569078768499,57.33415220546741,4.287875206415511,677.6963439226906,0.06626852002705919,7.631761680186599,0.02057660693154964,1.179742313685543,0.5081898519170689,0.06772425489221906,56888.37410946401,8.772278808448232e-21,7.368714199096515e-15,Klein_deformada,extrema,1,0.594785839115715,8.6980758891767,47438.74407458834,538.5046581312665,254.09492595853445,48231.34365867814,0.16088244507698102,0.16088244507698102,0.15,0.8280686540837143,1.027,1.0000044815091087,0.9378500642358104,4.703429955195497,-0.9765700448045029,recede,0.4514950326147937,2.091370917345423e+22,True,True,True,True,True,True
H1L1V1-GSTLAL_AllSky-1248858246-1.xml,1248858246.0,47.41621864077072,19.97017479507705,67.38639343584776,2.3743517083515733,1874.3091688331112,0.06573430227942863,7.441255374678515,0.027786340645581328,1.8724212828856315,0.38337988457643685,0.10513938404036173,88317.08259390386,4.5128277265518064e-21,3.790775290303518e-15,Klein_deformada,extrema,1,0.7458587544993518,8.918978932678296,131201.6418183178,146.3883826498021,191.68994228821842,131539.7201432558,0.43876927732203264,0.43876927732203264,0.15,0.8284902936025026,1.027,1.000012394538775,0.9383201777977552,4.705824867662215,-0.974175132337785,recede,0.7009292269357449,5.784118095018981e+22,True,True,True,True,True,True
H1L1V1-GSTLAL_AllSky-1249032684-1.xml,1249032684.0,26.740965190362683,22.880236590548805,49.62120178091149,1.1687363932857513,1734.9669108802934,0.07592505318570424,8.192099121779467,0.047055786420840975,2.334964672948025,0.3552664366526989,0.14193542740121654,119225.75901702189,6.625224852763246e-21,5.565188876321127e-15,Klein_deformada,extrema,1,1.4905609827812525,8.902203916024561,121447.68376162054,-684.156271263746,177.63321832634946,120941.16070868314,0.4034162884400619,0.4034162884400619,0.15,0.8206423940016518,1.027,1.0000114730883292,0.9294327676812637,4.661248797929383,-1.018751202070617,recede,0.9462361826747769,5.354107886976586e+22,True,True,True,True,True,True
H1L1V1-GSTLAL_AllSky-1248893557-1.xml,1248893557.0,46.49158312669891,10.842569078768499,57.33415220546741,4.287875206415511,677.6963439226906,0.06626852002705919,7.631761680186599,0.02057660693154964,1.179742313685543,0.5081898519170689,0.06772425489221906,56888.37410946401,8.772278808448232e-21,7.368714199096515e-15,Klein_deformada,extrema,1,0.594785839115715,8.6980758891767,47438.74407458834,538.5046581312665,254.09492595853445,48231.34365867814,0.16088244507698102,0.16088244507698102,0.15,0.8280686540837143,1.027,1.0000044815091087,0.9378500642358104,4.703429955195497,-0.9765700448045029,recede,0.4514950326147937,2.091370917345423e+22,True,True,True,True,True,True
H1L1V1-GSTLAL_AllSky-1248938850-1.xml,1248938850.0,46.49158312669891,10.842569078768499,57.33415220546741,4.287875206415511,677.6963439226906,0.06626852002705919,7.631761680186599,0.02057660693154964,1.179742313685543,0.5081898519170689,0.06772425489221906,56888.37410946401,8.772278808448232e-21,7.368714199096515e-15,Klein_deformada,extrema,1,0.594785839115715,8.6980758891767,47438.74407458834,538.5046581312665,254.09492595853445,48231.34365867814,0.16088244507698102,0.16088244507698102,0.15,0.8280686540837143,1.027,1.0000044815091087,0.9378500642358104,4.703429955195497,-0.9765700448045029,recede,0.4514950326147937,2.091370917345423e+22,True,True,True,True,True,True
H1L1V1-GSTLAL_AllSky-1249010427-1.xml,1249010427.0,46.49158312669891,10.842569078768499,57.33415220546741,4.287875206415511,677.6963439226906,0.06626852002705919,7.631761680186599,0.02057660693154964,1.179742313685543,0.5081898519170689,0.06772425489221906,56888.37410946401,8.772278808448232e-21,7.368714199096515e-15,Klein_deformada,extrema,1,0.594785839115715,8.6980758891767,47438.74407458834,538.5046581312665,254.09492595853445,48231.34365867814,0.16088244507698102,0.16088244507698102,0.15,0.8280686540837143,1.027,1.0000044815091087,0.9378500642358104,4.703429955195497,-0.9765700448045029,recede,0.4514950326147937,2.091370917345423e+22,True,True,True,True,True,True
H1L1V1-GSTLAL_AllSky-1249059066-1.xml,1249059066.0,26.205693021901364,13.812696281325492,40.018389303226854,1.8972177834193729,745.1439103166896,0.5118978179828225,8.028189829135952,0.035013805767150484,1.4011961101773978,0.6294863011461105,0.08476294589023914,71200.87454780088,9.90458896791517e-21,8.319854733048743e-15,Klein_deformada,extrema,1,0.9552462037122752,8.718678396099891,52160.07372216827,315.4038715322067,314.74315057305523,52790.22074427354,0.1760892221787432,0.1760892221787432,0.15,0.5839970939692,1.027,1.0000049275302298,0.6614203606260919,3.3171034937450554,-2.3628965062549443,recede,0.5650863059349276,2.2995141072373043e+22,True,True,True,True,True,True
H1L1V1-GSTLAL_AllSky-1248922975-1.xml,1248922975.0,47.41621864077072,19.97017479507705,67.38639343584776,2.3743517083515733,1874.3091688331112,0.06573430227942863,7.441255374678515,0.027786340645581328,1.8724212828856315,0.38337988457643685,0.10513938404036173,88317.08259390386,4.5128277265518064e-21,3.790775290303518e-15,Klein_deformada,extrema,1,0.7458587544993518,8.918978932678296,131201.6418183178,146.3883826498021,191.68994228821842,131539.7201432558,0.43876927732203264,0.43876927732203264,0.15,0.8284902936025026,1.027,1.000012394538775,0.9383201777977552,4.705824867662215,-0.974175132337785,recede,0.7009292269357449,5.784118095018981e+22,True,True,True,True,True,True
H1L1V1-GSTLAL_AllSky-1249064938-1.xml,1249064938.0,26.740965190362683,22.880236590548805,49.62120178091149,1.1687363932857513,1734.9669108802934,0.07592505318570424,8.192099121779467,0.047055786420840975,2.334964672948025,0.3552664366526989,0.14193542740121654,119225.75901702189,6.625224852763246e-21,5.565188876321127e-15,Klein_deformada,extrema,1,1.4905609827812525,8.902203916024561,121447.68376162054,-684.156271263746,177.63321832634946,120941.16070868314,0.4034162884400619,0.4034162884400619,0.15,0.8206423940016518,1.027,1.0000114730883292,0.9294327676812637,4.661248797929383,-1.018751202070617,recede,0.9462361826747769,5.354107886976586e+22,True,True,True,True,True,True
H1L1V1-GSTLAL_AllSky-1249208954-1.xml,1249208954.0,54.40982059491905,51.53825063084624,105.94807122576529,1.05571725716189,2244.540444580302,0.1359947996662507,8.649585064713957,0.047625049173653344,5.045782101980799,-0.16697476641621556,0.3304722049486188,277596.6521568398,1.1663263753224488e-20,9.797141552708571e-15,Klein_extrema,extrema,1,1.6298424790638757,8.95812203553278,157117.83112062112,-345.9541184083161,-83.48738320810779,156688.38961900468,0.5226562091131882,0.5226562091131882,0.15,0.7772506414168782,1.027,1.0000148428253113,0.880285719876354,4.414783643247867,-1.2652163567521324,recede,2.203148032990792,6.9266518119748114e+22,True,True,True,True,True,True
H1L1V1-GSTLAL_AllSky-1249288507-1.xml,1249288507.0,37.92033720749678,21.100658340877168,59.020995548373946,1.7971163076952796,4163.412240679704,0.18328818566920302,9.385140243291278,0.036505515465022606,2.1545918657521956,0.6465399915845673,0.1490823925299953,125229.20972519607,2.690200351697025e-21,2.2597682954255013e-15,Klein_deformada,extrema,1,1.540670712037957,9.092283025196334,291438.8568475793,634.0089716311079,323.2699957922837,292396.1358150027,0.9753285248256737,0.9753285248256737,0.15,0.7461951375831073,1.027,1.0000275320503744,0.8451026656996957,4.238388381472049,-1.4416116185279506,recede,0.9938826168666354,1.2848290174737567e+23,True,True,True,True,True,True
H1L1V1-GSTLAL_AllSky-1249368804-1.xml,1249368804.0,26.740965190362683,22.880236590548805,49.62120178091149,1.1687363932857513,1734.9669108802934,0.07592505318570424,8.192099121779467,0.047055786420840975,2.334964672948025,0.3552664366526989,0.14193542740121654,119225.75901702189,6.625224852763246e-21,5.565188876321127e-15,Klein_deformada,extrema,1,1.4905609827812525,8.902203916024561,121447.68376162054,-684.156271263746,177.63321832634946,120941.16070868314,0.4034162884400619,0.4034162884400619,0.15,0.8206423940016518,1.027,1.0000114730883292,0.9294327676812637,4.661248797929383,-1.018751202070617,recede,0.9462361826747769,5.354107886976586e+22,True,True,True,True,True,True
H1L1V1-GSTLAL_AllSky-1249416034-1.xml,1249416034.0,26.740965190362683,22.880236590548805,49.62120178091149,1.1687363932857513,1734.9669108802934,0.07592505318570424,8.192099121779467,0.047055786420840975,2.334964672948025,0.3552664366526989,0.14193542740121654,119225.75901702189,6.625224852763246e-21,5.565188876321127e-15,Klein_deformada,extrema,1,1.4905609827812525,8.902203916024561,121447.68376162054,-684.156271263746,177.63321832634946,120941.16070868314,0.4034162884400619,0.4034162884400619,0.15,0.8206423940016518,1.027,1.0000114730883292,0.9294327676812637,4.661248797929383,-1.018751202070617,recede,0.9462361826747769,5.354107886976586e+22,True,True,True,True,True,True
H1L1V1-GSTLAL_AllSky-1249445272-1.xml,1249445272.0,26.740965190362683,22.880236590548805,49.62120178091149,1.1687363932857513,1734.9669108802934,0.07592505318570424,8.192099121779467,0.047055786420840975,2.334964672948025,0.3552664366526989,0.14193542740121654,119225.75901702189,6.625224852763246e-21,5.565188876321127e-15,Klein_deformada,extrema,1,1.4905609827812525,8.902203916024561,121447.68376162054,-684.156271263746,177.63321832634946,120941.16070868314,0.4034162884400619,0.4034162884400619,0.15,0.8206423940016518,1.027,1.0000114730883292,0.9294327676812637,4.661248797929383,-1.018751202070617,recede,0.9462361826747769,5.354107886976586e+22,True,True,True,True,True,True
H1L1V1-GSTLAL_AllSky-1249479778-1.xml,1249479778.0,46.49158312669891,10.842569078768499,57.33415220546741,4.287875206415511,677.6963439226906,0.06626852002705919,7.631761680186599,0.02057660693154964,1.179742313685543,0.5081898519170689,0.06772425489221906,56888.37410946401,8.772278808448232e-21,7.368714199096515e-15,Klein_deformada,extrema,1,0.594785839115715,8.6980758891767,47438.74407458834,538.5046581312665,254.09492595853445,48231.34365867814,0.16088244507698102,0.16088244507698102,0.15,0.8280686540837143,1.027,1.0000044815091087,0.9378500642358104,4.703429955195497,-0.9765700448045029,recede,0.4514950326147937,2.091370917345423e+22,True,True,True,True,True,True
H1L1V1-GSTLAL_AllSky-1249495257-1.xml,1249495257.0,54.40982059491905,51.53825063084624,105.94807122576529,1.05571725716189,2244.540444580302,0.1359947996662507,8.649585064713957,0.047625049173653344,5.045782101980799,-0.16697476641621556,0.3304722049486188,277596.6521568398,1.1663263753224488e-20,9.797141552708571e-15,Klein_extrema,extrema,1,1.6298424790638757,8.95812203553278,157117.83112062112,-345.9541184083161,-83.48738320810779,156688.38961900468,0.5226562091131882,0.5226562091131882,0.15,0.7772506414168782,1.027,1.0000148428253113,0.880285719876354,4.414783643247867,-1.2652163567521324,recede,2.203148032990792,6.9266518119748114e+22,True,True,True,True,True,True
H1L1V1-GSTLAL_AllSky-1249522885-1.xml,1249522885.0,37.92033720749678,21.100658340877168,59.020995548373946,1.7971163076952796,4163.412240679704,0.18328818566920302,9.385140243291278,0.036505515465022606,2.1545918657521956,0.6465399915845673,0.1490823925299953,125229.20972519607,2.690200351697025e-21,2.2597682954255013e-15,Klein_deformada,extrema,1,1.540670712037957,9.092283025196334,291438.8568475793,634.0089716311079,323.2699957922837,292396.1358150027,0.9753285248256737,0.9753285248256737,0.15,0.7461951375831073,1.027,1.0000275320503744,0.8451026656996957,4.238388381472049,-1.4416116185279506,recede,0.9938826168666354,1.2848290174737567e+23,True,True,True,True,True,True
H1L1V1-GSTLAL_AllSky-1249545668-1.xml,1249545668.0,18.98995964647693,14.928459298231434,33.918418944708364,1.2720642677926355,2249.2610812717453,0.07460598892807843,6.00853332453232,0.040375571140039,1.3694755370597191,-0.2726363596229504,0.06188197796534683,51980.861490891344,2.179007292222528e-21,1.830366125466924e-15,Klein_deformada,extrema,1,0.6892567187147814,8.958578252214465,157448.27568902218,-124.23480010976323,-136.3181798114752,157187.72270910096,0.5243218050171928,0.5243218050171928,0.15,0.8216525157562277,1.027,1.0000148740422075,0.9305736337813472,4.666986289495373,-1.0130137105046266,recede,0.4125465197689788,6.941219696804606e+22,True,True,True,True,True,True
H1L1V1-GSTLAL_AllSky-1249597807-1.xml,1249597807.0,47.41621864077072,19.97017479507705,67.38639343584776,2.3743517083515733,1874.3091688331112,0.06573430227942863,7.441255374678515,0.027786340645581328,1.8724212828856315,0.38337988457643685,0.10513938404036173,88317.08259390386,4.5128277265518064e-21,3.790775290303518e-15,Klein_deformada,extrema,1,0.7458587544993518,8.918978932678296,131201.6418183178,146.3883826498021,191.68994228821842,131539.7201432558,0.43876927732203264,0.43876927732203264,0.15,0.8284902936025026,1.027,1.000012394538775,0.9383201777977552,4.705824867662215,-0.974175132337785,recede,0.7009292269357449,5.784118095018981e+22,True,True,True,True,True,True
H1L1V1-GSTLAL_AllSky-1249631843-1.xml,1249631843.0,37.92033720749678,21.100658340877168,59.020995548373946,1.7971163076952796,4163.412240679704,0.18328818566920302,9.385140243291278,0.036505515465022606,2.1545918657521956,0.6465399915845673,0.1490823925299953,125229.20972519607,2.690200351697025e-21,2.2597682954255013e-15,Klein_deformada,extrema,1,1.540670712037957,9.092283025196334,291438.8568475793,634.0089716311079,323.2699957922837,292396.1358150027,0.9753285248256737,0.9753285248256737,0.15,0.7461951375831073,1.027,1.0000275320503744,0.8451026656996957,4.238388381472049,-1.4416116185279506,recede,0.9938826168666354,1.2848290174737567e+23,True,True,True,True,True,True
H1L1V1-GSTLAL_AllSky-1249701924-1.xml,1249701924.0,37.92033720749678,21.100658340877168,59.020995548373946,1.7971163076952796,4163.412240679704,0.18328818566920302,9.385140243291278,0.036505515465022606,2.1545918657521956,0.6465399915845673,0.1490823925299953,125229.20972519607,2.690200351697025e-21,2.2597682954255013e-15,Klein_deformada,extrema,1,1.540670712037957,9.092283025196334,291438.8568475793,634.0089716311079,323.2699957922837,292396.1358150027,0.9753285248256737,0.9753285248256737,0.15,0.7461951375831073,1.027,1.0000275320503744,0.8451026656996957,4.238388381472049,-1.4416116185279506,recede,0.9938826168666354,1.2848290174737567e+23,True,True,True,True,True,True
H1L1V1-GSTLAL_AllSky-1249639075-1.xml,1249639075.0,37.92033720749678,21.100658340877168,59.020995548373946,1.7971163076952796,4163.412240679704,0.18328818566920302,9.385140243291278,0.036505515465022606,2.1545918657521956,0.6465399915845673,0.1490823925299953,125229.20972519607,2.690200351697025e-21,2.2597682954255013e-15,Klein_deformada,extrema,1,1.540670712037957,9.092283025196334,291438.8568475793,634.0089716311079,323.2699957922837,292396.1358150027,0.9753285248256737,0.9753285248256737,0.15,0.7461951375831073,1.027,1.0000275320503744,0.8451026656996957,4.238388381472049,-1.4416116185279506,recede,0.9938826168666354,1.2848290174737567e+23,True,True,True,True,True,True
H1L1V1-GSTLAL_AllSky-1249702996-1.xml,1249702996.0,26.740965190362683,22.880236590548805,49.62120178091149,1.1687363932857513,1734.9669108802934,0.07592505318570424,8.192099121779467,0.047055786420840975,2.334964672948025,0.3552664366526989,0.14193542740121654,119225.75901702189,6.625224852763246e-21,5.565188876321127e-15,Klein_deformada,extrema,1,1.4905609827812525,8.902203916024561,121447.68376162054,-684.156271263746,177.63321832634946,120941.16070868314,0.4034162884400619,0.4034162884400619,0.15,0.8206423940016518,1.027,1.0000114730883292,0.9294327676812637,4.661248797929383,-1.018751202070617,recede,0.9462361826747769,5.354107886976586e+22,True,True,True,True,True,True
H1L1V1-GSTLAL_AllSky-1249783724-1.xml,1249783724.0,18.98995964647693,14.928459298231434,33.918418944708364,1.2720642677926355,2249.2610812717453,0.07460598892807843,6.00853332453232,0.040375571140039,1.3694755370597191,-0.2726363596229504,0.06188197796534683,51980.861490891344,2.179007292222528e-21,1.830366125466924e-15,Klein_deformada,extrema,1,0.6892567187147814,8.958578252214465,157448.27568902218,-124.23480010976323,-136.3181798114752,157187.72270910096,0.5243218050171928,0.5243218050171928,0.15,0.8216525157562277,1.027,1.0000148740422075,0.9305736337813472,4.666986289495373,-1.0130137105046266,recede,0.4125465197689788,6.941219696804606e+22,True,True,True,True,True,True
H1L1V1-GSTLAL_AllSky-1249792679-1.xml,1249792679.0,47.41621864077072,19.97017479507705,67.38639343584776,2.3743517083515733,1874.3091688331112,0.06573430227942863,7.441255374678515,0.027786340645581328,1.8724212828856315,0.38337988457643685,0.10513938404036173,88317.08259390386,4.5128277265518064e-21,3.790775290303518e-15,Klein_deformada,extrema,1,0.7458587544993518,8.918978932678296,131201.6418183178,146.3883826498021,191.68994228821842,131539.7201432558,0.43876927732203264,0.43876927732203264,0.15,0.8284902936025026,1.027,1.000012394538775,0.9383201777977552,4.705824867662215,-0.974175132337785,recede,0.7009292269357449,5.784118095018981e+22,True,True,True,True,True,True
H1L1V1-GSTLAL_AllSky-1249852257-1.xml,1249852257.0,54.89743934753146,16.30431109182045,71.20175043935191,3.3670505327313354,1073.0599078039788,0.13316309164345252,6.216682189742865,0.020239764421580732,1.4411066552966652,0.187495163883458,0.06789654825967095,57033.1005381236,5.339678046523924e-21,4.485329559080097e-15,Klein_deformada,extrema,1,0.35919860214527916,8.797870302255678,75114.19354627852,-736.8027707720356,93.747581941729,74471.13835744822,0.2484089788457861,0.2484089788457861,0.15,0.7791869089385928,1.027,1.000007095991876,0.8824855021969318,4.425781642771207,-1.254218357228793,recede,0.45264365506447296,3.3114628754830787e+22,True,True,True,True,True,True
H1L1V1-GSTLAL_AllSky-1249990224-1.xml,1249990224.0,54.40982059491905,51.53825063084624,105.94807122576529,1.05571725716189,2244.540444580302,0.1359947996662507,8.649585064713957,0.047625049173653344,5.045782101980799,-0.16697476641621556,0.3304722049486188,277596.6521568398,1.1663263753224488e-20,9.797141552708571e-15,Klein_extrema,extrema,1,1.6298424790638757,8.95812203553278,157117.83112062112,-345.9541184083161,-83.48738320810779,156688.38961900468,0.5226562091131882,0.5226562091131882,0.15,0.7772506414168782,1.027,1.0000148428253113,0.880285719876354,4.414783643247867,-1.2652163567521324,recede,2.203148032990792,6.9266518119748114e+22,True,True,True,True,True,True
H1L1V1-GSTLAL_AllSky-1250035141-1.xml,1250035141.0,47.41621864077072,19.97017479507705,67.38639343584776,2.3743517083515733,1874.3091688331112,0.06573430227942863,7.441255374678515,0.027786340645581328,1.8724212828856315,0.38337988457643685,0.10513938404036173,88317.08259390386,4.5128277265518064e-21,3.790775290303518e-15,Klein_deformada,extrema,1,0.7458587544993518,8.918978932678296,131201.6418183178,146.3883826498021,191.68994228821842,131539.7201432558,0.43876927732203264,0.43876927732203264,0.15,0.8284902936025026,1.027,1.000012394538775,0.9383201777977552,4.705824867662215,-0.974175132337785,recede,0.7009292269357449,5.784118095018981e+22,True,True,True,True,True,True
H1L1V1-GSTLAL_AllSky-1250088168-1.xml,1250088168.0,47.41621864077072,19.97017479507705,67.38639343584776,2.3743517083515733,1874.3091688331112,0.06573430227942863,7.441255374678515,0.027786340645581328,1.8724212828856315,0.38337988457643685,0.10513938404036173,88317.08259390386,4.5128277265518064e-21,3.790775290303518e-15,Klein_deformada,extrema,1,0.7458587544993518,8.918978932678296,131201.6418183178,146.3883826498021,191.68994228821842,131539.7201432558,0.43876927732203264,0.43876927732203264,0.15,0.8284902936025026,1.027,1.000012394538775,0.9383201777977552,4.705824867662215,-0.974175132337785,recede,0.7009292269357449,5.784118095018981e+22,True,True,True,True,True,True
H1L1V1-GSTLAL_AllSky-1250115195-1.xml,1250115195.0,47.41621864077072,19.97017479507705,67.38639343584776,2.3743517083515733,1874.3091688331112,0.06573430227942863,7.441255374678515,0.027786340645581328,1.8724212828856315,0.38337988457643685,0.10513938404036173,88317.08259390386,4.5128277265518064e-21,3.790775290303518e-15,Klein_deformada,extrema,1,0.7458587544993518,8.918978932678296,131201.6418183178,146.3883826498021,191.68994228821842,131539.7201432558,0.43876927732203264,0.43876927732203264,0.15,0.8284902936025026,1.027,1.000012394538775,0.9383201777977552,4.705824867662215,-0.974175132337785,recede,0.7009292269357449,5.784118095018981e+22,True,True,True,True,True,True
H1L1V1-GSTLAL_AllSky-1250164956-1.xml,1250164956.0,37.92033720749678,21.100658340877168,59.020995548373946,1.7971163076952796,4163.412240679704,0.18328818566920302,9.385140243291278,0.036505515465022606,2.1545918657521956,0.6465399915845673,0.1490823925299953,125229.20972519607,2.690200351697025e-21,2.2597682954255013e-15,Klein_deformada,extrema,1,1.540670712037957,9.092283025196334,291438.8568475793,634.0089716311079,323.2699957922837,292396.1358150027,0.9753285248256737,0.9753285248256737,0.15,0.7461951375831073,1.027,1.0000275320503744,0.8451026656996957,4.238388381472049,-1.4416116185279506,recede,0.9938826168666354,1.2848290174737567e+23,True,True,True,True,True,True
H1L1V1-GSTLAL_AllSky-1250205962-1.xml,1250205962.0,54.89743934753146,16.30431109182045,71.20175043935191,3.3670505327313354,1073.0599078039788,0.13316309164345252,6.216682189742865,0.020239764421580732,1.4411066552966652,0.187495163883458,0.06789654825967095,57033.1005381236,5.339678046523924e-21,4.485329559080097e-15,Klein_deformada,extrema,1,0.35919860214527916,8.797870302255678,75114.19354627852,-736.8027707720356,93.747581941729,74471.13835744822,0.2484089788457861,0.2484089788457861,0.15,0.7791869089385928,1.027,1.000007095991876,0.8824855021969318,4.425781642771207,-1.254218357228793,recede,0.45264365506447296,3.3114628754830787e+22,True,True,True,True,True,True
H1L1V1-GSTLAL_AllSky-1250206646-1.xml,1250206646.0,54.40982059491905,51.53825063084624,105.94807122576529,1.05571725716189,2244.540444580302,0.1359947996662507,8.649585064713957,0.047625049173653344,5.045782101980799,-0.16697476641621556,0.3304722049486188,277596.6521568398,1.1663263753224488e-20,9.797141552708571e-15,Klein_extrema,extrema,1,1.6298424790638757,8.95812203553278,157117.83112062112,-345.9541184083161,-83.48738320810779,156688.38961900468,0.5226562091131882,0.5226562091131882,0.15,0.7772506414168782,1.027,1.0000148428253113,0.880285719876354,4.414783643247867,-1.2652163567521324,recede,2.203148032990792,6.9266518119748114e+22,True,True,True,True,True,True
H1L1V1-GSTLAL_AllSky-1250207104-1.xml,1250207104.0,14.608636714267195,14.196505504289288,28.805142218556483,1.029030468790604,1107.3612166430942,0.08827107278018133,8.221976736228143,0.05,1.4402571109278242,0.5716129836628647,0.08827115828285925,74147.77295760177,6.708867998456736e-21,5.6354491187036584e-15,Klein_deformada,extrema,1,1.672979254380642,8.804702972357891,77515.2851650166,474.60209591445755,285.80649183143237,78275.69375276248,0.2610996096264786,0.2610996096264786,0.15,0.8113291523243372,1.027,1.0000073228215312,0.9188887079809286,4.608349585202236,-1.0716504147977641,recede,0.588474388552395,3.4173167145605887e+22,True,True,True,True,True,True
H1L1V1-GSTLAL_AllSky-1250208518-1.xml,1250208518.0,18.98995964647693,14.928459298231434,33.918418944708364,1.2720642677926355,2249.2610812717453,0.07460598892807843,6.00853332453232,0.040375571140039,1.3694755370597191,-0.2726363596229504,0.06188197796534683,51980.861490891344,2.179007292222528e-21,1.830366125466924e-15,Klein_deformada,extrema,1,0.6892567187147814,8.958578252214465,157448.27568902218,-124.23480010976323,-136.3181798114752,157187.72270910096,0.5243218050171928,0.5243218050171928,0.15,0.8216525157562277,1.027,1.0000148740422075,0.9305736337813472,4.666986289495373,-1.0130137105046266,recede,0.4125465197689788,6.941219696804606e+22,True,True,True,True,True,True
H1L1V1-GSTLAL_AllSky-1250229883-1.xml,1250229883.0,54.40982059491905,51.53825063084624,105.94807122576529,1.05571725716189,2244.540444580302,0.1359947996662507,8.649585064713957,0.047625049173653344,5.045782101980799,-0.16697476641621556,0.3304722049486188,277596.6521568398,1.1663263753224488e-20,9.797141552708571e-15,Klein_extrema,extrema,1,1.6298424790638757,8.95812203553278,157117.83112062112,-345.9541184083161,-83.48738320810779,156688.38961900468,0.5226562091131882,0.5226562091131882,0.15,0.7772506414168782,1.027,1.0000148428253113,0.880285719876354,4.414783643247867,-1.2652163567521324,recede,2.203148032990792,6.9266518119748114e+22,True,True,True,True,True,True
H1L1V1-GSTLAL_AllSky-1250332698-1.xml,1250332698.0,18.98995964647693,14.928459298231434,33.918418944708364,1.2720642677926355,2249.2610812717453,0.07460598892807843,6.00853332453232,0.040375571140039,1.3694755370597191,-0.2726363596229504,0.06188197796534683,51980.861490891344,2.179007292222528e-21,1.830366125466924e-15,Klein_deformada,extrema,1,0.6892567187147814,8.958578252214465,157448.27568902218,-124.23480010976323,-136.3181798114752,157187.72270910096,0.5243218050171928,0.5243218050171928,0.15,0.8216525157562277,1.027,1.0000148740422075,0.9305736337813472,4.666986289495373,-1.0130137105046266,recede,0.4125465197689788,6.941219696804606e+22,True,True,True,True,True,True
H1L1V1-GSTLAL_AllSky-1250277603-1.xml,1250277603.0,54.40982059491905,51.53825063084624,105.94807122576529,1.05571725716189,2244.540444580302,0.1359947996662507,8.649585064713957,0.047625049173653344,5.045782101980799,-0.16697476641621556,0.3304722049486188,277596.6521568398,1.1663263753224488e-20,9.797141552708571e-15,Klein_extrema,extrema,1,1.6298424790638757,8.95812203553278,157117.83112062112,-345.9541184083161,-83.48738320810779,156688.38961900468,0.5226562091131882,0.5226562091131882,0.15,0.7772506414168782,1.027,1.0000148428253113,0.880285719876354,4.414783643247867,-1.2652163567521324,recede,2.203148032990792,6.9266518119748114e+22,True,True,True,True,True,True
H1L1V1-GSTLAL_AllSky-1250279095-1.xml,1250279095.0,47.41621864077072,19.97017479507705,67.38639343584776,2.3743517083515733,1874.3091688331112,0.06573430227942863,7.441255374678515,0.027786340645581328,1.8724212828856315,0.38337988457643685,0.10513938404036173,88317.08259390386,4.5128277265518064e-21,3.790775290303518e-15,Klein_deformada,extrema,1,0.7458587544993518,8.918978932678296,131201.6418183178,146.3883826498021,191.68994228821842,131539.7201432558,0.43876927732203264,0.43876927732203264,0.15,0.8284902936025026,1.027,1.000012394538775,0.9383201777977552,4.705824867662215,-0.974175132337785,recede,0.7009292269357449,5.784118095018981e+22,True,True,True,True,True,True
H1L1V1-GSTLAL_AllSky-1250330787-1.xml,1250330787.0,14.608636714267195,14.196505504289288,28.805142218556483,1.029030468790604,1107.3612166430942,0.08827107278018133,8.221976736228143,0.05,1.4402571109278242,0.5716129836628647,0.08827115828285925,74147.77295760177,6.708867998456736e-21,5.6354491187036584e-15,Klein_deformada,extrema,1,1.672979254380642,8.804702972357891,77515.2851650166,474.60209591445755,285.80649183143237,78275.69375276248,0.2610996096264786,0.2610996096264786,0.15,0.8113291523243372,1.027,1.0000073228215312,0.9188887079809286,4.608349585202236,-1.0716504147977641,recede,0.588474388552395,3.4173167145605887e+22,True,True,True,True,True,True
H1L1V1-GSTLAL_AllSky-1250272597-1.xml,1250272597.0,54.40982059491905,51.53825063084624,105.94807122576529,1.05571725716189,2244.540444580302,0.1359947996662507,8.649585064713957,0.047625049173653344,5.045782101980799,-0.16697476641621556,0.3304722049486188,277596.6521568398,1.1663263753224488e-20,9.797141552708571e-15,Klein_extrema,extrema,1,1.6298424790638757,8.95812203553278,157117.83112062112,-345.9541184083161,-83.48738320810779,156688.38961900468,0.5226562091131882,0.5226562091131882,0.15,0.7772506414168782,1.027,1.0000148428253113,0.880285719876354,4.414783643247867,-1.2652163567521324,recede,2.203148032990792,6.9266518119748114e+22,True,True,True,True,True,True
H1L1V1-GSTLAL_AllSky-1250367605-1.xml,1250367605.0,58.95997799276187,47.74101786839474,106.70099586115661,1.2349962490388007,1264.6201131951075,0.2565095007351228,6.524105971938875,0.0414373576316718,4.421407325154279,-0.2200534113763563,0.21494833466200391,180556.6011160833,1.4143251267954134e-20,1.1880331065081472e-14,Klein_extrema,extrema,1,0.7551535353993521,8.833538360224626,88523.40792365752,-249.6967169327379,-110.02670568817815,88163.68450103661,0.2940823964992362,0.2940823964992362,0.15,0.7026982005764193,1.027,1.0000083627521485,0.7958555024175691,3.9913257792740615,-1.6886742207259382,recede,1.4329888977466927,3.902617669320102e+22,True,True,True,True,True,True
H1L1V1-GSTLAL_AllSky-1250400368-1.xml,1250400368.0,54.89743934753146,16.30431109182045,71.20175043935191,3.3670505327313354,1073.0599078039788,0.13316309164345252,6.216682189742865,0.020239764421580732,1.4411066552966652,0.187495163883458,0.06789654825967095,57033.1005381236,5.339678046523924e-21,4.485329559080097e-15,Klein_deformada,extrema,1,0.35919860214527916,8.797870302255678,75114.19354627852,-736.8027707720356,93.747581941729,74471.13835744822,0.2484089788457861,0.2484089788457861,0.15,0.7791869089385928,1.027,1.000007095991876,0.8824855021969318,4.425781642771207,-1.254218357228793,recede,0.45264365506447296,3.3114628754830787e+22,True,True,True,True,True,True
H1L1V1-GSTLAL_AllSky-1250433136-1.xml,1250433136.0,18.98995964647693,14.928459298231434,33.918418944708364,1.2720642677926355,2249.2610812717453,0.07460598892807843,6.00853332453232,0.040375571140039,1.3694755370597191,-0.2726363596229504,0.06188197796534683,51980.861490891344,2.179007292222528e-21,1.830366125466924e-15,Klein_deformada,extrema,1,0.6892567187147814,8.958578252214465,157448.27568902218,-124.23480010976323,-136.3181798114752,157187.72270910096,0.5243218050171928,0.5243218050171928,0.15,0.8216525157562277,1.027,1.0000148740422075,0.9305736337813472,4.666986289495373,-1.0130137105046266,recede,0.4125465197689788,6.941219696804606e+22,True,True,True,True,True,True
H1L1V1-GSTLAL_AllSky-1250474892-1.xml,1250474892.0,54.89743934753146,16.30431109182045,71.20175043935191,3.3670505327313354,1073.0599078039788,0.13316309164345252,6.216682189742865,0.020239764421580732,1.4411066552966652,0.187495163883458,0.06789654825967095,57033.1005381236,5.339678046523924e-21,4.485329559080097e-15,Klein_deformada,extrema,1,0.35919860214527916,8.797870302255678,75114.19354627852,-736.8027707720356,93.747581941729,74471.13835744822,0.2484089788457861,0.2484089788457861,0.15,0.7791869089385928,1.027,1.000007095991876,0.8824855021969318,4.425781642771207,-1.254218357228793,recede,0.45264365506447296,3.3114628754830787e+22,True,True,True,True,True,True
H1L1V1-GSTLAL_AllSky-1250480331-1.xml,1250480331.0,18.98995964647693,14.928459298231434,33.918418944708364,1.2720642677926355,2249.2610812717453,0.07460598892807843,6.00853332453232,0.040375571140039,1.3694755370597191,-0.2726363596229504,0.06188197796534683,51980.861490891344,2.179007292222528e-21,1.830366125466924e-15,Klein_deformada,extrema,1,0.6892567187147814,8.958578252214465,157448.27568902218,-124.23480010976323,-136.3181798114752,157187.72270910096,0.5243218050171928,0.5243218050171928,0.15,0.8216525157562277,1.027,1.0000148740422075,0.9305736337813472,4.666986289495373,-1.0130137105046266,recede,0.4125465197689788,6.941219696804606e+22,True,True,True,True,True,True
H1L1V1-GSTLAL_AllSky-1250482056-1.xml,1250482056.0,54.40982059491905,51.53825063084624,105.94807122576529,1.05571725716189,2244.540444580302,0.1359947996662507,8.649585064713957,0.047625049173653344,5.045782101980799,-0.16697476641621556,0.3304722049486188,277596.6521568398,1.1663263753224488e-20,9.797141552708571e-15,Klein_extrema,extrema,1,1.6298424790638757,8.95812203553278,157117.83112062112,-345.9541184083161,-83.48738320810779,156688.38961900468,0.5226562091131882,0.5226562091131882,0.15,0.7772506414168782,1.027,1.0000148428253113,0.880285719876354,4.414783643247867,-1.2652163567521324,recede,2.203148032990792,6.9266518119748114e+22,True,True,True,True,True,True
H1L1V1-GSTLAL_AllSky-1250496091-1.xml,1250496091.0,58.95997799276187,47.74101786839474,106.70099586115661,1.2349962490388007,1264.6201131951075,0.2565095007351228,6.524105971938875,0.0414373576316718,4.421407325154279,-0.2200534113763563,0.21494833466200391,180556.6011160833,1.4143251267954134e-20,1.1880331065081472e-14,Klein_extrema,extrema,1,0.7551535353993521,8.833538360224626,88523.40792365752,-249.6967169327379,-110.02670568817815,88163.68450103661,0.2940823964992362,0.2940823964992362,0.15,0.7026982005764193,1.027,1.0000083627521485,0.7958555024175691,3.9913257792740615,-1.6886742207259382,recede,1.4329888977466927,3.902617669320102e+22,True,True,True,True,True,True
H1L1V1-GSTLAL_AllSky-1250500389-1.xml,1250500389.0,18.98995964647693,14.928459298231434,33.918418944708364,1.2720642677926355,2249.2610812717453,0.07460598892807843,6.00853332453232,0.040375571140039,1.3694755370597191,-0.2726363596229504,0.06188197796534683,51980.861490891344,2.179007292222528e-21,1.830366125466924e-15,Klein_deformada,extrema,1,0.6892567187147814,8.958578252214465,157448.27568902218,-124.23480010976323,-136.3181798114752,157187.72270910096,0.5243218050171928,0.5243218050171928,0.15,0.8216525157562277,1.027,1.0000148740422075,0.9305736337813472,4.666986289495373,-1.0130137105046266,recede,0.4125465197689788,6.941219696804606e+22,True,True,True,True,True,True
H1L1V1-GSTLAL_AllSky-1250603346-1.xml,1250603346.0,66.20893159447698,39.36623691201014,105.57516850648712,1.6818709835655508,1295.0276067941209,0.37569079437688674,8.849883356622517,0.03397271760005635,3.58667538524925,0.2216800862257337,0.23788625282863765,199824.45237605565,1.525389908925886e-20,1.2813275234977444e-14,Klein_extrema,extrema,1,1.0884634159103648,8.838697831134137,90651.93247558846,751.2010069562882,110.84004311286685,91513.97352565761,0.3052577577707362,0.3052577577707362,0.15,0.6418209283108032,1.027,1.0000085638325598,0.7269075319014151,3.645542872805362,-2.0344571271946377,recede,1.5859083521909176,3.996455194566657e+22,True,True,True,True,True,True
H1L1V1-GSTLAL_AllSky-1250605428-1.xml,1250605428.0,14.608636714267195,14.196505504289288,28.805142218556483,1.029030468790604,1107.3612166430942,0.08827107278018133,8.221976736228143,0.05,1.4402571109278242,0.5716129836628647,0.08827115828285925,74147.77295760177,6.708867998456736e-21,5.6354491187036584e-15,Klein_deformada,extrema,1,1.672979254380642,8.804702972357891,77515.2851650166,474.60209591445755,285.80649183143237,78275.69375276248,0.2610996096264786,0.2610996096264786,0.15,0.8113291523243372,1.027,1.0000073228215312,0.9188887079809286,4.608349585202236,-1.0716504147977641,recede,0.588474388552395,3.4173167145605887e+22,True,True,True,True,True,True
H1L1V1-GSTLAL_AllSky-1250606086-1.xml,1250606086.0,54.89743934753146,16.30431109182045,71.20175043935191,3.3670505327313354,1073.0599078039788,0.13316309164345252,6.216682189742865,0.020239764421580732,1.4411066552966652,0.187495163883458,0.06789654825967095,57033.1005381236,5.339678046523924e-21,4.485329559080097e-15,Klein_deformada,extrema,1,0.35919860214527916,8.797870302255678,75114.19354627852,-736.8027707720356,93.747581941729,74471.13835744822,0.2484089788457861,0.2484089788457861,0.15,0.7791869089385928,1.027,1.000007095991876,0.8824855021969318,4.425781642771207,-1.254218357228793,recede,0.45264365506447296,3.3114628754830787e+22,True,True,True,True,True,True
H1L1V1-GSTLAL_AllSky-1250609143-1.xml,1250609143.0,14.608636714267195,14.196505504289288,28.805142218556483,1.029030468790604,1107.3612166430942,0.08827107278018133,8.221976736228143,0.05,1.4402571109278242,0.5716129836628647,0.08827115828285925,74147.77295760177,6.708867998456736e-21,5.6354491187036584e-15,Klein_deformada,extrema,1,1.672979254380642,8.804702972357891,77515.2851650166,474.60209591445755,285.80649183143237,78275.69375276248,0.2610996096264786,0.2610996096264786,0.15,0.8113291523243372,1.027,1.0000073228215312,0.9188887079809286,4.608349585202236,-1.0716504147977641,recede,0.588474388552395,3.4173167145605887e+22,True,True,True,True,True,True
H1L1V1-GSTLAL_AllSky-1250610068-1.xml,1250610068.0,54.89743934753146,16.30431109182045,71.20175043935191,3.3670505327313354,1073.0599078039788,0.13316309164345252,6.216682189742865,0.020239764421580732,1.4411066552966652,0.187495163883458,0.06789654825967095,57033.1005381236,5.339678046523924e-21,4.485329559080097e-15,Klein_deformada,extrema,1,0.35919860214527916,8.797870302255678,75114.19354627852,-736.8027707720356,93.747581941729,74471.13835744822,0.2484089788457861,0.2484089788457861,0.15,0.7791869089385928,1.027,1.000007095991876,0.8824855021969318,4.425781642771207,-1.254218357228793,recede,0.45264365506447296,3.3114628754830787e+22,True,True,True,True,True,True
H1L1V1-GSTLAL_AllSky-1250610917-1.xml,1250610917.0,18.98995964647693,14.928459298231434,33.918418944708364,1.2720642677926355,2249.2610812717453,0.07460598892807843,6.00853332453232,0.040375571140039,1.3694755370597191,-0.2726363596229504,0.06188197796534683,51980.861490891344,2.179007292222528e-21,1.830366125466924e-15,Klein_deformada,extrema,1,0.6892567187147814,8.958578252214465,157448.27568902218,-124.23480010976323,-136.3181798114752,157187.72270910096,0.5243218050171928,0.5243218050171928,0.15,0.8216525157562277,1.027,1.0000148740422075,0.9305736337813472,4.666986289495373,-1.0130137105046266,recede,0.4125465197689788,6.941219696804606e+22,True,True,True,True,True,True
H1L1V1-GSTLAL_AllSky-1250620378-1.xml,1250620378.0,66.20893159447698,39.36623691201014,105.57516850648712,1.6818709835655508,1295.0276067941209,0.37569079437688674,8.849883356622517,0.03397271760005635,3.58667538524925,0.2216800862257337,0.23788625282863765,199824.45237605565,1.525389908925886e-20,1.2813275234977444e-14,Klein_extrema,extrema,1,1.0884634159103648,8.838697831134137,90651.93247558846,751.2010069562882,110.84004311286685,91513.97352565761,0.3052577577707362,0.3052577577707362,0.15,0.6418209283108032,1.027,1.0000085638325598,0.7269075319014151,3.645542872805362,-2.0344571271946377,recede,1.5859083521909176,3.996455194566657e+22,True,True,True,True,True,True
H1L1V1-GSTLAL_AllSky-1250649160-1.xml,1250649160.0,54.89743934753146,16.30431109182045,71.20175043935191,3.3670505327313354,1073.0599078039788,0.13316309164345252,6.216682189742865,0.020239764421580732,1.4411066552966652,0.187495163883458,0.06789654825967095,57033.1005381236,5.339678046523924e-21,4.485329559080097e-15,Klein_deformada,extrema,1,0.35919860214527916,8.797870302255678,75114.19354627852,-736.8027707720356,93.747581941729,74471.13835744822,0.2484089788457861,0.2484089788457861,0.15,0.7791869089385928,1.027,1.000007095991876,0.8824855021969318,4.425781642771207,-1.254218357228793,recede,0.45264365506447296,3.3114628754830787e+22,True,True,True,True,True,True
H1L1V1-GSTLAL_AllSky-1250652369-1.xml,1250652369.0,59.27781356788346,53.38747094281249,112.66528451069595,1.1103319284665232,500.0,0.256290299493828,8.145927546843637,0.0456898714471065,5.147662365845377,0.016145030897945944,0.31084622563156644,261110.82953051582,5.60146583337058e-20,4.7052313000312874e-14,Klein_extrema,extrema,1,1.277122539085293,8.632043320000633,35000.0,-132.5216394740421,8.072515448972972,34875.55087597493,0.11633231572481696,0.11633231572481696,0.11633231572481696,0.7230344445771394,1.020939816830467,1.0000025642966166,0.7959943656358011,4.106835645198151,-1.5731643548018486,recede,2.07230817087711,1.543e+22,True,True,True,True,True,True
H1L1V1-GSTLAL_AllSky-1250664542-1.xml,1250664542.0,58.95997799276187,47.74101786839474,106.70099586115661,1.2349962490388007,1264.6201131951075,0.2565095007351228,6.524105971938875,0.0414373576316718,4.421407325154279,-0.2200534113763563,0.21494833466200391,180556.6011160833,1.4143251267954134e-20,1.1880331065081472e-14,Klein_extrema,extrema,1,0.7551535353993521,8.833538360224626,88523.40792365752,-249.6967169327379,-110.02670568817815,88163.68450103661,0.2940823964992362,0.2940823964992362,0.15,0.7026982005764193,1.027,1.0000083627521485,0.7958555024175691,3.9913257792740615,-1.6886742207259382,recede,1.4329888977466927,3.902617669320102e+22,True,True,True,True,True,True
H1L1V1-GSTLAL_AllSky-1250684089-1.xml,1250684089.0,14.608636714267195,14.196505504289288,28.805142218556483,1.029030468790604,1107.3612166430942,0.08827107278018133,8.221976736228143,0.05,1.4402571109278242,0.5716129836628647,0.08827115828285925,74147.77295760177,6.708867998456736e-21,5.6354491187036584e-15,Klein_deformada,extrema,1,1.672979254380642,8.804702972357891,77515.2851650166,474.60209591445755,285.80649183143237,78275.69375276248,0.2610996096264786,0.2610996096264786,0.15,0.8113291523243372,1.027,1.0000073228215312,0.9188887079809286,4.608349585202236,-1.0716504147977641,recede,0.588474388552395,3.4173167145605887e+22,True,True,True,True,True,True
H1L1V1-GSTLAL_AllSky-1250725634-1.xml,1250725634.0,14.608636714267195,14.196505504289288,28.805142218556483,1.029030468790604,1107.3612166430942,0.08827107278018133,8.221976736228143,0.05,1.4402571109278242,0.5716129836628647,0.08827115828285925,74147.77295760177,6.708867998456736e-21,5.6354491187036584e-15,Klein_deformada,extrema,1,1.672979254380642,8.804702972357891,77515.2851650166,474.60209591445755,285.80649183143237,78275.69375276248,0.2610996096264786,0.2610996096264786,0.15,0.8113291523243372,1.027,1.0000073228215312,0.9188887079809286,4.608349585202236,-1.0716504147977641,recede,0.588474388552395,3.4173167145605887e+22,True,True,True,True,True,True
H1L1V1-GSTLAL_AllSky-1250724941-1.xml,1250724941.0,58.95997799276187,47.74101786839474,106.70099586115661,1.2349962490388007,1264.6201131951075,0.2565095007351228,6.524105971938875,0.0414373576316718,4.421407325154279,-0.2200534113763563,0.21494833466200391,180556.6011160833,1.4143251267954134e-20,1.1880331065081472e-14,Klein_extrema,extrema,1,0.7551535353993521,8.833538360224626,88523.40792365752,-249.6967169327379,-110.02670568817815,88163.68450103661,0.2940823964992362,0.2940823964992362,0.15,0.7026982005764193,1.027,1.0000083627521485,0.7958555024175691,3.9913257792740615,-1.6886742207259382,recede,1.4329888977466927,3.902617669320102e+22,True,True,True,True,True,True
H1L1V1-GSTLAL_AllSky-1250728185-1.xml,1250728185.0,54.89743934753146,16.30431109182045,71.20175043935191,3.3670505327313354,1073.0599078039788,0.13316309164345252,6.216682189742865,0.020239764421580732,1.4411066552966652,0.187495163883458,0.06789654825967095,57033.1005381236,5.339678046523924e-21,4.485329559080097e-15,Klein_deformada,extrema,1,0.35919860214527916,8.797870302255678,75114.19354627852,-736.8027707720356,93.747581941729,74471.13835744822,0.2484089788457861,0.2484089788457861,0.15,0.7791869089385928,1.027,1.000007095991876,0.8824855021969318,4.425781642771207,-1.254218357228793,recede,0.45264365506447296,3.3114628754830787e+22,True,True,True,True,True,True
H1L1V1-GSTLAL_AllSky-1250809756-1.xml,1250809756.0,59.27781356788346,53.38747094281249,112.66528451069595,1.1103319284665232,500.0,0.256290299493828,8.145927546843637,0.0456898714471065,5.147662365845377,0.016145030897945944,0.31084622563156644,261110.82953051582,5.60146583337058e-20,4.7052313000312874e-14,Klein_extrema,extrema,1,1.277122539085293,8.632043320000633,35000.0,-132.5216394740421,8.072515448972972,34875.55087597493,0.11633231572481696,0.11633231572481696,0.11633231572481696,0.7230344445771394,1.020939816830467,1.0000025642966166,0.7959943656358011,4.106835645198151,-1.5731643548018486,recede,2.07230817087711,1.543e+22,True,True,True,True,True,True
H1L1V1-GSTLAL_AllSky-1250869903-1.xml,1250869903.0,14.608636714267195,14.196505504289288,28.805142218556483,1.029030468790604,1107.3612166430942,0.08827107278018133,8.221976736228143,0.05,1.4402571109278242,0.5716129836628647,0.08827115828285925,74147.77295760177,6.708867998456736e-21,5.6354491187036584e-15,Klein_deformada,extrema,1,1.672979254380642,8.804702972357891,77515.2851650166,474.60209591445755,285.80649183143237,78275.69375276248,0.2610996096264786,0.2610996096264786,0.15,0.8113291523243372,1.027,1.0000073228215312,0.9188887079809286,4.608349585202236,-1.0716504147977641,recede,0.588474388552395,3.4173167145605887e+22,True,True,True,True,True,True
H1L1V1-GSTLAL_AllSky-1250896579-1.xml,1250896579.0,70.38523249155784,42.90324962690867,113.2884821184665,1.6405571396953726,500.0,0.15117340197290155,8.212666351701163,0.037682790131048464,4.26902609593521,0.5253084142047784,0.25927871111350903,217794.1173353476,4.672216426858221e-20,3.924661798560906e-14,Klein_extrema,extrema,1,1.1963856648902769,8.632043320000633,35000.0,-461.6592974743764,262.6542071023892,34800.99490962801,0.11608362379025564,0.11608362379025564,0.11608362379025564,0.7892210966393438,1.020895052282246,1.0000025588147359,0.8686788613133192,4.482775828911473,-1.1972241710885267,recede,1.7285247407567268,1.543e+22,True,True,True,True,True,True
H1L1V1-GSTLAL_AllSky-1250899130-1.xml,1250899130.0,66.20893159447698,39.36623691201014,105.57516850648712,1.6818709835655508,1295.0276067941209,0.37569079437688674,8.849883356622517,0.03397271760005635,3.58667538524925,0.2216800862257337,0.23788625282863765,199824.45237605565,1.525389908925886e-20,1.2813275234977444e-14,Klein_extrema,extrema,1,1.0884634159103648,8.838697831134137,90651.93247558846,751.2010069562882,110.84004311286685,91513.97352565761,0.3052577577707362,0.3052577577707362,0.15,0.6418209283108032,1.027,1.0000085638325598,0.7269075319014151,3.645542872805362,-2.0344571271946377,recede,1.5859083521909176,3.996455194566657e+22,True,True,True,True,True,True
H1L1V1-GSTLAL_AllSky-1250901185-1.xml,1250901185.0,58.95997799276187,47.74101786839474,106.70099586115661,1.2349962490388007,1264.6201131951075,0.2565095007351228,6.524105971938875,0.0414373576316718,4.421407325154279,-0.2200534113763563,0.21494833466200391,180556.6011160833,1.4143251267954134e-20,1.1880331065081472e-14,Klein_extrema,extrema,1,0.7551535353993521,8.833538360224626,88523.40792365752,-249.6967169327379,-110.02670568817815,88163.68450103661,0.2940823964992362,0.2940823964992362,0.15,0.7026982005764193,1.027,1.0000083627521485,0.7958555024175691,3.9913257792740615,-1.6886742207259382,recede,1.4329888977466927,3.902617669320102e+22,True,True,True,True,True,True
H1L1V1-GSTLAL_AllSky-1250946868-1.xml,1250946868.0,66.20893159447698,39.36623691201014,105.57516850648712,1.6818709835655508,1295.0276067941209,0.37569079437688674,8.849883356622517,0.03397271760005635,3.58667538524925,0.2216800862257337,0.23788625282863765,199824.45237605565,1.525389908925886e-20,1.2813275234977444e-14,Klein_extrema,extrema,1,1.0884634159103648,8.838697831134137,90651.93247558846,751.2010069562882,110.84004311286685,91513.97352565761,0.3052577577707362,0.3052577577707362,0.15,0.6418209283108032,1.027,1.0000085638325598,0.7269075319014151,3.645542872805362,-2.0344571271946377,recede,1.5859083521909176,3.996455194566657e+22,True,True,True,True,True,True
H1L1V1-GSTLAL_AllSky-1251211824-1.xml,1251211824.0,66.20893159447698,39.36623691201014,105.57516850648712,1.6818709835655508,1295.0276067941209,0.37569079437688674,8.849883356622517,0.03397271760005635,3.58667538524925,0.2216800862257337,0.23788625282863765,199824.45237605565,1.525389908925886e-20,1.2813275234977444e-14,Klein_extrema,extrema,1,1.0884634159103648,8.838697831134137,90651.93247558846,751.2010069562882,110.84004311286685,91513.97352565761,0.3052577577707362,0.3052577577707362,0.15,0.6418209283108032,1.027,1.0000085638325598,0.7269075319014151,3.645542872805362,-2.0344571271946377,recede,1.5859083521909176,3.996455194566657e+22,True,True,True,True,True,True
H1L1V1-GSTLAL_AllSky-1250942448-1.xml,1250942448.0,58.95997799276187,47.74101786839474,106.70099586115661,1.2349962490388007,1264.6201131951075,0.2565095007351228,6.524105971938875,0.0414373576316718,4.421407325154279,-0.2200534113763563,0.21494833466200391,180556.6011160833,1.4143251267954134e-20,1.1880331065081472e-14,Klein_extrema,extrema,1,0.7551535353993521,8.833538360224626,88523.40792365752,-249.6967169327379,-110.02670568817815,88163.68450103661,0.2940823964992362,0.2940823964992362,0.15,0.7026982005764193,1.027,1.0000083627521485,0.7958555024175691,3.9913257792740615,-1.6886742207259382,recede,1.4329888977466927,3.902617669320102e+22,True,True,True,True,True,True
H1L1V1-GSTLAL_AllSky-1251010527-1.xml,1251010527.0,70.38523249155784,42.90324962690867,113.2884821184665,1.6405571396953726,500.0,0.15117340197290155,8.212666351701163,0.037682790131048464,4.26902609593521,0.5253084142047784,0.25927871111350903,217794.1173353476,4.672216426858221e-20,3.924661798560906e-14,Klein_extrema,extrema,1,1.1963856648902769,8.632043320000633,35000.0,-461.6592974743764,262.6542071023892,34800.99490962801,0.11608362379025564,0.11608362379025564,0.11608362379025564,0.7892210966393438,1.020895052282246,1.0000025588147359,0.8686788613133192,4.482775828911473,-1.1972241710885267,recede,1.7285247407567268,1.543e+22,True,True,True,True,True,True
H1L1V1-GSTLAL_AllSky-1251088785-1.xml,1251088785.0,58.95997799276187,47.74101786839474,106.70099586115661,1.2349962490388007,1264.6201131951075,0.2565095007351228,6.524105971938875,0.0414373576316718,4.421407325154279,-0.2200534113763563,0.21494833466200391,180556.6011160833,1.4143251267954134e-20,1.1880331065081472e-14,Klein_extrema,extrema,1,0.7551535353993521,8.833538360224626,88523.40792365752,-249.6967169327379,-110.02670568817815,88163.68450103661,0.2940823964992362,0.2940823964992362,0.15,0.7026982005764193,1.027,1.0000083627521485,0.7958555024175691,3.9913257792740615,-1.6886742207259382,recede,1.4329888977466927,3.902617669320102e+22,True,True,True,True,True,True
H1L1V1-GSTLAL_AllSky-1251176709-1.xml,1251176709.0,20.48534064573178,11.35222587113994,31.83756651687172,1.8045219394207435,500.0,0.07631277330910291,6.4746685229941745,0.03618510122498993,1.1520455671703531,0.6247748557255046,0.05611937919476225,47140.2785236003,1.0112742546921445e-20,8.494703739414014e-15,Klein_relajada,extrema,1,0.7744610972295918,8.632043320000633,35000.0,410.08050973666786,312.3874278627523,35722.467937599424,0.11915732695850349,0.11915732695850349,0.11915732695850349,0.8419429141738209,1.0214483188525307,1.0000026265679356,0.9290979581386173,4.782235752507303,-0.897764247492697,recede,0.3741291946317484,1.543e+22,True,True,True,True,True,True
H1L1V1-GSTLAL_AllSky-1251200191-1.xml,1251200191.0,59.27781356788346,53.38747094281249,112.66528451069595,1.1103319284665232,500.0,0.256290299493828,8.145927546843637,0.0456898714471065,5.147662365845377,0.016145030897945944,0.31084622563156644,261110.82953051582,5.60146583337058e-20,4.7052313000312874e-14,Klein_extrema,extrema,1,1.277122539085293,8.632043320000633,35000.0,-132.5216394740421,8.072515448972972,34875.55087597493,0.11633231572481696,0.11633231572481696,0.11633231572481696,0.7230344445771394,1.020939816830467,1.0000025642966166,0.7959943656358011,4.106835645198151,-1.5731643548018486,recede,2.07230817087711,1.543e+22,True,True,True,True,True,True
H1L1V1-GSTLAL_AllSky-1251009263-1.xml,1251009263.0,14.608636714267195,14.196505504289288,28.805142218556483,1.029030468790604,1107.3612166430942,0.08827107278018133,8.221976736228143,0.05,1.4402571109278242,0.5716129836628647,0.08827115828285925,74147.77295760177,6.708867998456736e-21,5.6354491187036584e-15,Klein_deformada,extrema,1,1.672979254380642,8.804702972357891,77515.2851650166,474.60209591445755,285.80649183143237,78275.69375276248,0.2610996096264786,0.2610996096264786,0.15,0.8113291523243372,1.027,1.0000073228215312,0.9188887079809286,4.608349585202236,-1.0716504147977641,recede,0.588474388552395,3.4173167145605887e+22,True,True,True,True,True,True
H1L1V1-GSTLAL_AllSky-1251225232-1.xml,1251225232.0,59.27781356788346,53.38747094281249,112.66528451069595,1.1103319284665232,500.0,0.256290299493828,8.145927546843637,0.0456898714471065,5.147662365845377,0.016145030897945944,0.31084622563156644,261110.82953051582,5.60146583337058e-20,4.7052313000312874e-14,Klein_extrema,extrema,1,1.277122539085293,8.632043320000633,35000.0,-132.5216394740421,8.072515448972972,34875.55087597493,0.11633231572481696,0.11633231572481696,0.11633231572481696,0.7230344445771394,1.020939816830467,1.0000025642966166,0.7959943656358011,4.106835645198151,-1.5731643548018486,recede,2.07230817087711,1.543e+22,True,True,True,True,True,True
H1L1V1-GSTLAL_AllSky-1251216775-1.xml,1251216775.0,59.27781356788346,53.38747094281249,112.66528451069595,1.1103319284665232,500.0,0.256290299493828,8.145927546843637,0.0456898714471065,5.147662365845377,0.016145030897945944,0.31084622563156644,261110.82953051582,5.60146583337058e-20,4.7052313000312874e-14,Klein_extrema,extrema,1,1.277122539085293,8.632043320000633,35000.0,-132.5216394740421,8.072515448972972,34875.55087597493,0.11633231572481696,0.11633231572481696,0.11633231572481696,0.7230344445771394,1.020939816830467,1.0000025642966166,0.7959943656358011,4.106835645198151,-1.5731643548018486,recede,2.07230817087711,1.543e+22,True,True,True,True,True,True
H1L1V1-GSTLAL_AllSky-1251234216-1.xml,1251234216.0,66.20893159447698,39.36623691201014,105.57516850648712,1.6818709835655508,1295.0276067941209,0.37569079437688674,8.849883356622517,0.03397271760005635,3.58667538524925,0.2216800862257337,0.23788625282863765,199824.45237605565,1.525389908925886e-20,1.2813275234977444e-14,Klein_extrema,extrema,1,1.0884634159103648,8.838697831134137,90651.93247558846,751.2010069562882,110.84004311286685,91513.97352565761,0.3052577577707362,0.3052577577707362,0.15,0.6418209283108032,1.027,1.0000085638325598,0.7269075319014151,3.645542872805362,-2.0344571271946377,recede,1.5859083521909176,3.996455194566657e+22,True,True,True,True,True,True
H1L1V1-GSTLAL_AllSky-1251252685-1.xml,1251252685.0,20.48534064573178,11.35222587113994,31.83756651687172,1.8045219394207435,500.0,0.07631277330910291,6.4746685229941745,0.03618510122498993,1.1520455671703531,0.6247748557255046,0.05611937919476225,47140.2785236003,1.0112742546921445e-20,8.494703739414014e-15,Klein_relajada,extrema,1,0.7744610972295918,8.632043320000633,35000.0,410.08050973666786,312.3874278627523,35722.467937599424,0.11915732695850349,0.11915732695850349,0.11915732695850349,0.8419429141738209,1.0214483188525307,1.0000026265679356,0.9290979581386173,4.782235752507303,-0.897764247492697,recede,0.3741291946317484,1.543e+22,True,True,True,True,True,True
H1L1V1-GSTLAL_AllSky-1251255499-1.xml,1251255499.0,66.20893159447698,39.36623691201014,105.57516850648712,1.6818709835655508,1295.0276067941209,0.37569079437688674,8.849883356622517,0.03397271760005635,3.58667538524925,0.2216800862257337,0.23788625282863765,199824.45237605565,1.525389908925886e-20,1.2813275234977444e-14,Klein_extrema,extrema,1,1.0884634159103648,8.838697831134137,90651.93247558846,751.2010069562882,110.84004311286685,91513.97352565761,0.3052577577707362,0.3052577577707362,0.15,0.6418209283108032,1.027,1.0000085638325598,0.7269075319014151,3.645542872805362,-2.0344571271946377,recede,1.5859083521909176,3.996455194566657e+22,True,True,True,True,True,True
H1L1V1-GSTLAL_AllSky-1251266690-1.xml,1251266690.0,23.550738510969047,19.235476340062,42.78621485103105,1.224338721569353,1932.3392670454607,0.14381485420532214,8.180096705237984,0.042488986070967585,1.8179428868348846,0.07344513925910423,0.11396343631575644,95729.28650523542,4.7322903329240995e-21,3.975123879656244e-15,Klein_deformada,extrema,1,1.3046054241437874,8.925600007461995,135263.74869318225,448.26501726342576,36.72256962955211,135748.73628007522,0.4528090439155585,0.4528090439155585,0.15,0.7719351261919134,1.027,1.0000127782835244,0.8742673661942963,4.384591516770068,-1.2954084832299317,recede,0.7597562421050428,5.963198978102292e+22,True,True,True,True,True,True
H1L1V1-GSTLAL_AllSky-1251268203-1.xml,1251268203.0,70.38523249155784,42.90324962690867,113.2884821184665,1.6405571396953726,500.0,0.15117340197290155,8.212666351701163,0.037682790131048464,4.26902609593521,0.5253084142047784,0.25927871111350903,217794.1173353476,4.672216426858221e-20,3.924661798560906e-14,Klein_extrema,extrema,1,1.1963856648902769,8.632043320000633,35000.0,-461.6592974743764,262.6542071023892,34800.99490962801,0.11608362379025564,0.11608362379025564,0.11608362379025564,0.7892210966393438,1.020895052282246,1.0000025588147359,0.8686788613133192,4.482775828911473,-1.1972241710885267,recede,1.7285247407567268,1.543e+22,True,True,True,True,True,True
H1L1V1-GSTLAL_AllSky-1251307115-1.xml,1251307115.0,58.95997799276187,47.74101786839474,106.70099586115661,1.2349962490388007,1264.6201131951075,0.2565095007351228,6.524105971938875,0.0414373576316718,4.421407325154279,-0.2200534113763563,0.21494833466200391,180556.6011160833,1.4143251267954134e-20,1.1880331065081472e-14,Klein_extrema,extrema,1,0.7551535353993521,8.833538360224626,88523.40792365752,-249.6967169327379,-110.02670568817815,88163.68450103661,0.2940823964992362,0.2940823964992362,0.15,0.7026982005764193,1.027,1.0000083627521485,0.7958555024175691,3.9913257792740615,-1.6886742207259382,recede,1.4329888977466927,3.902617669320102e+22,True,True,True,True,True,True
H1L1V1-GSTLAL_AllSky-1251316981-1.xml,1251316981.0,70.38523249155784,42.90324962690867,113.2884821184665,1.6405571396953726,500.0,0.15117340197290155,8.212666351701163,0.037682790131048464,4.26902609593521,0.5253084142047784,0.25927871111350903,217794.1173353476,4.672216426858221e-20,3.924661798560906e-14,Klein_extrema,extrema,1,1.1963856648902769,8.632043320000633,35000.0,-461.6592974743764,262.6542071023892,34800.99490962801,0.11608362379025564,0.11608362379025564,0.11608362379025564,0.7892210966393438,1.020895052282246,1.0000025588147359,0.8686788613133192,4.482775828911473,-1.1972241710885267,recede,1.7285247407567268,1.543e+22,True,True,True,True,True,True
H1L1V1-GSTLAL_AllSky-1251415879-1.xml,1251415879.0,70.38523249155784,42.90324962690867,113.2884821184665,1.6405571396953726,500.0,0.15117340197290155,8.212666351701163,0.037682790131048464,4.26902609593521,0.5253084142047784,0.25927871111350903,217794.1173353476,4.672216426858221e-20,3.924661798560906e-14,Klein_extrema,extrema,1,1.1963856648902769,8.632043320000633,35000.0,-461.6592974743764,262.6542071023892,34800.99490962801,0.11608362379025564,0.11608362379025564,0.11608362379025564,0.7892210966393438,1.020895052282246,1.0000025588147359,0.8686788613133192,4.482775828911473,-1.1972241710885267,recede,1.7285247407567268,1.543e+22,True,True,True,True,True,True
H1L1V1-GSTLAL_AllSky-1251428988-1.xml,1251428988.0,59.27781356788346,53.38747094281249,112.66528451069595,1.1103319284665232,500.0,0.256290299493828,8.145927546843637,0.0456898714471065,5.147662365845377,0.016145030897945944,0.31084622563156644,261110.82953051582,5.60146583337058e-20,4.7052313000312874e-14,Klein_extrema,extrema,1,1.277122539085293,8.632043320000633,35000.0,-132.5216394740421,8.072515448972972,34875.55087597493,0.11633231572481696,0.11633231572481696,0.11633231572481696,0.7230344445771394,1.020939816830467,1.0000025642966166,0.7959943656358011,4.106835645198151,-1.5731643548018486,recede,2.07230817087711,1.543e+22,True,True,True,True,True,True
H1L1V1-GSTLAL_AllSky-1251461584-1.xml,1251461584.0,23.550738510969047,19.235476340062,42.78621485103105,1.224338721569353,1932.3392670454607,0.14381485420532214,8.180096705237984,0.042488986070967585,1.8179428868348846,0.07344513925910423,0.11396343631575644,95729.28650523542,4.7322903329240995e-21,3.975123879656244e-15,Klein_deformada,extrema,1,1.3046054241437874,8.925600007461995,135263.74869318225,448.26501726342576,36.72256962955211,135748.73628007522,0.4528090439155585,0.4528090439155585,0.15,0.7719351261919134,1.027,1.0000127782835244,0.8742673661942963,4.384591516770068,-1.2954084832299317,recede,0.7597562421050428,5.963198978102292e+22,True,True,True,True,True,True
H1L1V1-GSTLAL_AllSky-1251461683-1.xml,1251461683.0,59.27781356788346,53.38747094281249,112.66528451069595,1.1103319284665232,500.0,0.256290299493828,8.145927546843637,0.0456898714471065,5.147662365845377,0.016145030897945944,0.31084622563156644,261110.82953051582,5.60146583337058e-20,4.7052313000312874e-14,Klein_extrema,extrema,1,1.277122539085293,8.632043320000633,35000.0,-132.5216394740421,8.072515448972972,34875.55087597493,0.11633231572481696,0.11633231572481696,0.11633231572481696,0.7230344445771394,1.020939816830467,1.0000025642966166,0.7959943656358011,4.106835645198151,-1.5731643548018486,recede,2.07230817087711,1.543e+22,True,True,True,True,True,True
H1L1V1-GSTLAL_AllSky-1251474164-1.xml,1251474164.0,65.66497407688703,27.755883413367677,93.42085749025472,2.3658037864960093,500.0,0.32286842462965987,9.085891547162934,0.02976890569798123,2.781036696851936,0.574788617943127,0.18975634173592537,159395.32705817732,3.419419562645765e-20,2.872312432622443e-14,Klein_extrema,extrema,1,1.1026624054244103,8.632043320000633,35000.0,-368.02668074792473,287.3943089715635,34919.367628223634,0.11647847267800057,0.11647847267800057,0.11647847267800057,0.6865610926653407,1.02096612508204,1.0000025675183335,0.7559330779854031,3.899667006339135,-1.7803329936608647,recede,1.2650422782395025,1.543e+22,True,True,True,True,True,True
H1L1V1-GSTLAL_AllSky-1251502439-1.xml,1251502439.0,20.48534064573178,11.35222587113994,31.83756651687172,1.8045219394207435,500.0,0.07631277330910291,6.4746685229941745,0.03618510122498993,1.1520455671703531,0.6247748557255046,0.05611937919476225,47140.2785236003,1.0112742546921445e-20,8.494703739414014e-15,Klein_relajada,extrema,1,0.7744610972295918,8.632043320000633,35000.0,410.08050973666786,312.3874278627523,35722.467937599424,0.11915732695850349,0.11915732695850349,0.11915732695850349,0.8419429141738209,1.0214483188525307,1.0000026265679356,0.9290979581386173,4.782235752507303,-0.897764247492697,recede,0.3741291946317484,1.543e+22,True,True,True,True,True,True
H1L1V1-GSTLAL_AllSky-1251588283-1.xml,1251588283.0,66.20893159447698,39.36623691201014,105.57516850648712,1.6818709835655508,1295.0276067941209,0.37569079437688674,8.849883356622517,0.03397271760005635,3.58667538524925,0.2216800862257337,0.23788625282863765,199824.45237605565,1.525389908925886e-20,1.2813275234977444e-14,Klein_extrema,extrema,1,1.0884634159103648,8.838697831134137,90651.93247558846,751.2010069562882,110.84004311286685,91513.97352565761,0.3052577577707362,0.3052577577707362,0.15,0.6418209283108032,1.027,1.0000085638325598,0.7269075319014151,3.645542872805362,-2.0344571271946377,recede,1.5859083521909176,3.996455194566657e+22,True,True,True,True,True,True
H1L1V1-GSTLAL_AllSky-1251692745-1.xml,1251692745.0,20.48534064573178,11.35222587113994,31.83756651687172,1.8045219394207435,500.0,0.07631277330910291,6.4746685229941745,0.03618510122498993,1.1520455671703531,0.6247748557255046,0.05611937919476225,47140.2785236003,1.0112742546921445e-20,8.494703739414014e-15,Klein_relajada,extrema,1,0.7744610972295918,8.632043320000633,35000.0,410.08050973666786,312.3874278627523,35722.467937599424,0.11915732695850349,0.11915732695850349,0.11915732695850349,0.8419429141738209,1.0214483188525307,1.0000026265679356,0.9290979581386173,4.782235752507303,-0.897764247492697,recede,0.3741291946317484,1.543e+22,True,True,True,True,True,True
H1L1V1-GSTLAL_AllSky-1251710792-1.xml,1251710792.0,20.48534064573178,11.35222587113994,31.83756651687172,1.8045219394207435,500.0,0.07631277330910291,6.4746685229941745,0.03618510122498993,1.1520455671703531,0.6247748557255046,0.05611937919476225,47140.2785236003,1.0112742546921445e-20,8.494703739414014e-15,Klein_relajada,extrema,1,0.7744610972295918,8.632043320000633,35000.0,410.08050973666786,312.3874278627523,35722.467937599424,0.11915732695850349,0.11915732695850349,0.11915732695850349,0.8419429141738209,1.0214483188525307,1.0000026265679356,0.9290979581386173,4.782235752507303,-0.897764247492697,recede,0.3741291946317484,1.543e+22,True,True,True,True,True,True
H1L1V1-GSTLAL_AllSky-1251750952-1.xml,1251750952.0,70.38523249155784,42.90324962690867,113.2884821184665,1.6405571396953726,500.0,0.15117340197290155,8.212666351701163,0.037682790131048464,4.26902609593521,0.5253084142047784,0.25927871111350903,217794.1173353476,4.672216426858221e-20,3.924661798560906e-14,Klein_extrema,extrema,1,1.1963856648902769,8.632043320000633,35000.0,-461.6592974743764,262.6542071023892,34800.99490962801,0.11608362379025564,0.11608362379025564,0.11608362379025564,0.7892210966393438,1.020895052282246,1.0000025588147359,0.8686788613133192,4.482775828911473,-1.1972241710885267,recede,1.7285247407567268,1.543e+22,True,True,True,True,True,True
H1L1V1-GSTLAL_AllSky-1251755572-1.xml,1251755572.0,65.66497407688703,27.755883413367677,93.42085749025472,2.3658037864960093,500.0,0.32286842462965987,9.085891547162934,0.02976890569798123,2.781036696851936,0.574788617943127,0.18975634173592537,159395.32705817732,3.419419562645765e-20,2.872312432622443e-14,Klein_extrema,extrema,1,1.1026624054244103,8.632043320000633,35000.0,-368.02668074792473,287.3943089715635,34919.367628223634,0.11647847267800057,0.11647847267800057,0.11647847267800057,0.6865610926653407,1.02096612508204,1.0000025675183335,0.7559330779854031,3.899667006339135,-1.7803329936608647,recede,1.2650422782395025,1.543e+22,True,True,True,True,True,True
H1L1V1-GSTLAL_AllSky-1251849513-1.xml,1251849513.0,23.550738510969047,19.235476340062,42.78621485103105,1.224338721569353,1932.3392670454607,0.14381485420532214,8.180096705237984,0.042488986070967585,1.8179428868348846,0.07344513925910423,0.11396343631575644,95729.28650523542,4.7322903329240995e-21,3.975123879656244e-15,Klein_deformada,extrema,1,1.3046054241437874,8.925600007461995,135263.74869318225,448.26501726342576,36.72256962955211,135748.73628007522,0.4528090439155585,0.4528090439155585,0.15,0.7719351261919134,1.027,1.0000127782835244,0.8742673661942963,4.384591516770068,-1.2954084832299317,recede,0.7597562421050428,5.963198978102292e+22,True,True,True,True,True,True
H1L1V1-GSTLAL_AllSky-1251787804-1.xml,1251787804.0,29.09552182975727,10.297269604680197,39.39279143443747,2.8255569628412087,1069.7841628269766,0.17094708655140223,9.44625674446468,0.02092606363693717,0.824336060393632,-0.1569580994598412,0.057958487962651975,48685.12988862766,4.573261852341043e-21,3.8415399559664766e-15,Klein_relajada,extrema,1,0.8254528827983654,8.797206399970245,74884.89139788836,-324.89762175285614,-78.4790497299206,74481.51472640558,0.2484435906870132,0.2484435906870132,0.15,0.7540441730591679,1.027,1.0000070743298424,0.8540095547315767,4.282970902976074,-1.3970290970239256,recede,0.38638991975101317,3.30135392648405e+22,True,True,True,True,True,True
H1L1V1-GSTLAL_AllSky-1251835519-1.xml,1251835519.0,23.550738510969047,19.235476340062,42.78621485103105,1.224338721569353,1932.3392670454607,0.14381485420532214,8.180096705237984,0.042488986070967585,1.8179428868348846,0.07344513925910423,0.11396343631575644,95729.28650523542,4.7322903329240995e-21,3.975123879656244e-15,Klein_deformada,extrema,1,1.3046054241437874,8.925600007461995,135263.74869318225,448.26501726342576,36.72256962955211,135748.73628007522,0.4528090439155585,0.4528090439155585,0.15,0.7719351261919134,1.027,1.0000127782835244,0.8742673661942963,4.384591516770068,-1.2954084832299317,recede,0.7597562421050428,5.963198978102292e+22,True,True,True,True,True,True
H1L1V1-GSTLAL_AllSky-1251848820-1.xml,1251848820.0,59.27781356788346,53.38747094281249,112.66528451069595,1.1103319284665232,500.0,0.256290299493828,8.145927546843637,0.0456898714471065,5.147662365845377,0.016145030897945944,0.31084622563156644,261110.82953051582,5.60146583337058e-20,4.7052313000312874e-14,Klein_extrema,extrema,1,1.277122539085293,8.632043320000633,35000.0,-132.5216394740421,8.072515448972972,34875.55087597493,0.11633231572481696,0.11633231572481696,0.11633231572481696,0.7230344445771394,1.020939816830467,1.0000025642966166,0.7959943656358011,4.106835645198151,-1.5731643548018486,recede,2.07230817087711,1.543e+22,True,True,True,True,True,True
H1L1V1-GSTLAL_AllSky-1251783833-1.xml,1251783833.0,70.38523249155784,42.90324962690867,113.2884821184665,1.6405571396953726,500.0,0.15117340197290155,8.212666351701163,0.037682790131048464,4.26902609593521,0.5253084142047784,0.25927871111350903,217794.1173353476,4.672216426858221e-20,3.924661798560906e-14,Klein_extrema,extrema,1,1.1963856648902769,8.632043320000633,35000.0,-461.6592974743764,262.6542071023892,34800.99490962801,0.11608362379025564,0.11608362379025564,0.11608362379025564,0.7892210966393438,1.020895052282246,1.0000025588147359,0.8686788613133192,4.482775828911473,-1.1972241710885267,recede,1.7285247407567268,1.543e+22,True,True,True,True,True,True
H1L1V1-GSTLAL_AllSky-1251851317-1.xml,1251851317.0,23.550738510969047,19.235476340062,42.78621485103105,1.224338721569353,1932.3392670454607,0.14381485420532214,8.180096705237984,0.042488986070967585,1.8179428868348846,0.07344513925910423,0.11396343631575644,95729.28650523542,4.7322903329240995e-21,3.975123879656244e-15,Klein_deformada,extrema,1,1.3046054241437874,8.925600007461995,135263.74869318225,448.26501726342576,36.72256962955211,135748.73628007522,0.4528090439155585,0.4528090439155585,0.15,0.7719351261919134,1.027,1.0000127782835244,0.8742673661942963,4.384591516770068,-1.2954084832299317,recede,0.7597562421050428,5.963198978102292e+22,True,True,True,True,True,True
H1L1V1-GSTLAL_AllSky-1251855654-1.xml,1251855654.0,20.48534064573178,11.35222587113994,31.83756651687172,1.8045219394207435,500.0,0.07631277330910291,6.4746685229941745,0.03618510122498993,1.1520455671703531,0.6247748557255046,0.05611937919476225,47140.2785236003,1.0112742546921445e-20,8.494703739414014e-15,Klein_relajada,extrema,1,0.7744610972295918,8.632043320000633,35000.0,410.08050973666786,312.3874278627523,35722.467937599424,0.11915732695850349,0.11915732695850349,0.11915732695850349,0.8419429141738209,1.0214483188525307,1.0000026265679356,0.9290979581386173,4.782235752507303,-0.897764247492697,recede,0.3741291946317484,1.543e+22,True,True,True,True,True,True
H1L1V1-GSTLAL_AllSky-1251858279-1.xml,1251858279.0,29.09552182975727,10.297269604680197,39.39279143443747,2.8255569628412087,1069.7841628269766,0.17094708655140223,9.44625674446468,0.02092606363693717,0.824336060393632,-0.1569580994598412,0.057958487962651975,48685.12988862766,4.573261852341043e-21,3.8415399559664766e-15,Klein_relajada,extrema,1,0.8254528827983654,8.797206399970245,74884.89139788836,-324.89762175285614,-78.4790497299206,74481.51472640558,0.2484435906870132,0.2484435906870132,0.15,0.7540441730591679,1.027,1.0000070743298424,0.8540095547315767,4.282970902976074,-1.3970290970239256,recede,0.38638991975101317,3.30135392648405e+22,True,True,True,True,True,True
H1L1V1-GSTLAL_AllSky-1251937748-1.xml,1251937748.0,20.48534064573178,11.35222587113994,31.83756651687172,1.8045219394207435,500.0,0.07631277330910291,6.4746685229941745,0.03618510122498993,1.1520455671703531,0.6247748557255046,0.05611937919476225,47140.2785236003,1.0112742546921445e-20,8.494703739414014e-15,Klein_relajada,extrema,1,0.7744610972295918,8.632043320000633,35000.0,410.08050973666786,312.3874278627523,35722.467937599424,0.11915732695850349,0.11915732695850349,0.11915732695850349,0.8419429141738209,1.0214483188525307,1.0000026265679356,0.9290979581386173,4.782235752507303,-0.897764247492697,recede,0.3741291946317484,1.543e+22,True,True,True,True,True,True
H1L1V1-GSTLAL_AllSky-1251898102-1.xml,1251898102.0,12.304208519513463,11.688191084339591,23.992399603853052,1.052704257718651,3168.438342525481,0.1238272710787661,6.486432837524981,0.05,1.1996199801926526,0.7762603415154787,0.05844841041270137,49096.66474666915,1.4187432237917715e-21,1.1917443079850879e-15,Klein_relajada,extrema,1,1.1079412288890929,9.032980947942061,221790.68397678368,-529.7721041127279,388.1301707577394,221649.0420434287,0.7393416216075346,0.7393416216075346,0.15,0.7856706309068237,1.027,1.0000209524301251,0.8898164564382712,4.462609183550758,-1.2173908164492415,recede,0.3896560694180092,9.777800725033635e+22,True,True,True,True,True,True
H1L1V1-GSTLAL_AllSky-1251903802-1.xml,1251903802.0,65.66497407688703,27.755883413367677,93.42085749025472,2.3658037864960093,500.0,0.32286842462965987,9.085891547162934,0.02976890569798123,2.781036696851936,0.574788617943127,0.18975634173592537,159395.32705817732,3.419419562645765e-20,2.872312432622443e-14,Klein_extrema,extrema,1,1.1026624054244103,8.632043320000633,35000.0,-368.02668074792473,287.3943089715635,34919.367628223634,0.11647847267800057,0.11647847267800057,0.11647847267800057,0.6865610926653407,1.02096612508204,1.0000025675183335,0.7559330779854031,3.899667006339135,-1.7803329936608647,recede,1.2650422782395025,1.543e+22,True,True,True,True,True,True
H1L1V1-GSTLAL_AllSky-1251926900-1.xml,1251926900.0,70.38523249155784,42.90324962690867,113.2884821184665,1.6405571396953726,500.0,0.15117340197290155,8.212666351701163,0.037682790131048464,4.26902609593521,0.5253084142047784,0.25927871111350903,217794.1173353476,4.672216426858221e-20,3.924661798560906e-14,Klein_extrema,extrema,1,1.1963856648902769,8.632043320000633,35000.0,-461.6592974743764,262.6542071023892,34800.99490962801,0.11608362379025564,0.11608362379025564,0.11608362379025564,0.7892210966393438,1.020895052282246,1.0000025588147359,0.8686788613133192,4.482775828911473,-1.1972241710885267,recede,1.7285247407567268,1.543e+22,True,True,True,True,True,True
H1L1V1-GSTLAL_AllSky-1251895583-1.xml,1251895583.0,65.66497407688703,27.755883413367677,93.42085749025472,2.3658037864960093,500.0,0.32286842462965987,9.085891547162934,0.02976890569798123,2.781036696851936,0.574788617943127,0.18975634173592537,159395.32705817732,3.419419562645765e-20,2.872312432622443e-14,Klein_extrema,extrema,1,1.1026624054244103,8.632043320000633,35000.0,-368.02668074792473,287.3943089715635,34919.367628223634,0.11647847267800057,0.11647847267800057,0.11647847267800057,0.6865610926653407,1.02096612508204,1.0000025675183335,0.7559330779854031,3.899667006339135,-1.7803329936608647,recede,1.2650422782395025,1.543e+22,True,True,True,True,True,True
H1L1V1-GSTLAL_AllSky-1251941333-1.xml,1251941333.0,65.66497407688703,27.755883413367677,93.42085749025472,2.3658037864960093,500.0,0.32286842462965987,9.085891547162934,0.02976890569798123,2.781036696851936,0.574788617943127,0.18975634173592537,159395.32705817732,3.419419562645765e-20,2.872312432622443e-14,Klein_extrema,extrema,1,1.1026624054244103,8.632043320000633,35000.0,-368.02668074792473,287.3943089715635,34919.367628223634,0.11647847267800057,0.11647847267800057,0.11647847267800057,0.6865610926653407,1.02096612508204,1.0000025675183335,0.7559330779854031,3.899667006339135,-1.7803329936608647,recede,1.2650422782395025,1.543e+22,True,True,True,True,True,True
H1L1V1-GSTLAL_AllSky-1252028477-1.xml,1252028477.0,23.550738510969047,19.235476340062,42.78621485103105,1.224338721569353,1932.3392670454607,0.14381485420532214,8.180096705237984,0.042488986070967585,1.8179428868348846,0.07344513925910423,0.11396343631575644,95729.28650523542,4.7322903329240995e-21,3.975123879656244e-15,Klein_deformada,extrema,1,1.3046054241437874,8.925600007461995,135263.74869318225,448.26501726342576,36.72256962955211,135748.73628007522,0.4528090439155585,0.4528090439155585,0.15,0.7719351261919134,1.027,1.0000127782835244,0.8742673661942963,4.384591516770068,-1.2954084832299317,recede,0.7597562421050428,5.963198978102292e+22,True,True,True,True,True,True
H1L1V1-GSTLAL_AllSky-1252029826-1.xml,1252029826.0,12.304208519513463,11.688191084339591,23.992399603853052,1.052704257718651,3168.438342525481,0.1238272710787661,6.486432837524981,0.05,1.1996199801926526,0.7762603415154787,0.05844841041270137,49096.66474666915,1.4187432237917715e-21,1.1917443079850879e-15,Klein_relajada,extrema,1,1.1079412288890929,9.032980947942061,221790.68397678368,-529.7721041127279,388.1301707577394,221649.0420434287,0.7393416216075346,0.7393416216075346,0.15,0.7856706309068237,1.027,1.0000209524301251,0.8898164564382712,4.462609183550758,-1.2173908164492415,recede,0.3896560694180092,9.777800725033635e+22,True,True,True,True,True,True
H1L1V1-GSTLAL_AllSky-1252034360-1.xml,1252034360.0,23.550738510969047,19.235476340062,42.78621485103105,1.224338721569353,1932.3392670454607,0.14381485420532214,8.180096705237984,0.042488986070967585,1.8179428868348846,0.07344513925910423,0.11396343631575644,95729.28650523542,4.7322903329240995e-21,3.975123879656244e-15,Klein_deformada,extrema,1,1.3046054241437874,8.925600007461995,135263.74869318225,448.26501726342576,36.72256962955211,135748.73628007522,0.4528090439155585,0.4528090439155585,0.15,0.7719351261919134,1.027,1.0000127782835244,0.8742673661942963,4.384591516770068,-1.2954084832299317,recede,0.7597562421050428,5.963198978102292e+22,True,True,True,True,True,True
H1L1V1-GSTLAL_AllSky-1252064527-1.xml,1252064527.0,51.79637049858664,34.437868877572186,86.23423937615883,1.5040527241312327,1279.9392292037362,0.33386539960010325,7.370427495636569,0.0378415499675499,3.2632372782665735,0.29223860459574663,0.18145309960318634,152420.60366667653,1.1784250368990446e-20,9.898770309951974e-15,Klein_extrema,extrema,1,0.8690638344465208,8.836152992872176,89595.74604426154,-238.30031266693106,146.1193022978733,89503.56503389248,0.29855175687539304,0.29855175687539304,0.15,0.6619461415544592,1.027,1.0000084640552742,0.7497008321077996,3.759854084029328,-1.9201459159706715,recede,1.209687330687909,3.9498924613227296e+22,True,True,True,True,True,True
H1L1V1-GSTLAL_AllSky-1252081065-1.xml,1252081065.0,29.09552182975727,10.297269604680197,39.39279143443747,2.8255569628412087,1069.7841628269766,0.17094708655140223,9.44625674446468,0.02092606363693717,0.824336060393632,-0.1569580994598412,0.057958487962651975,48685.12988862766,4.573261852341043e-21,3.8415399559664766e-15,Klein_relajada,extrema,1,0.8254528827983654,8.797206399970245,74884.89139788836,-324.89762175285614,-78.4790497299206,74481.51472640558,0.2484435906870132,0.2484435906870132,0.15,0.7540441730591679,1.027,1.0000070743298424,0.8540095547315767,4.282970902976074,-1.3970290970239256,recede,0.38638991975101317,3.30135392648405e+22,True,True,True,True,True,True
H1L1V1-GSTLAL_AllSky-1252091831-1.xml,1252091831.0,20.48534064573178,11.35222587113994,31.83756651687172,1.8045219394207435,500.0,0.07631277330910291,6.4746685229941745,0.03618510122498993,1.1520455671703531,0.6247748557255046,0.05611937919476225,47140.2785236003,1.0112742546921445e-20,8.494703739414014e-15,Klein_relajada,extrema,1,0.7744610972295918,8.632043320000633,35000.0,410.08050973666786,312.3874278627523,35722.467937599424,0.11915732695850349,0.11915732695850349,0.11915732695850349,0.8419429141738209,1.0214483188525307,1.0000026265679356,0.9290979581386173,4.782235752507303,-0.897764247492697,recede,0.3741291946317484,1.543e+22,True,True,True,True,True,True
H1L1V1-GSTLAL_AllSky-1252150105-1.xml,1252150105.0,29.09552182975727,10.297269604680197,39.39279143443747,2.8255569628412087,1069.7841628269766,0.17094708655140223,9.44625674446468,0.02092606363693717,0.824336060393632,-0.1569580994598412,0.057958487962651975,48685.12988862766,4.573261852341043e-21,3.8415399559664766e-15,Klein_relajada,extrema,1,0.8254528827983654,8.797206399970245,74884.89139788836,-324.89762175285614,-78.4790497299206,74481.51472640558,0.2484435906870132,0.2484435906870132,0.15,0.7540441730591679,1.027,1.0000070743298424,0.8540095547315767,4.282970902976074,-1.3970290970239256,recede,0.38638991975101317,3.30135392648405e+22,True,True,True,True,True,True
H1L1V1-GSTLAL_AllSky-1252113997-1.xml,1252113997.0,29.09552182975727,10.297269604680197,39.39279143443747,2.8255569628412087,1069.7841628269766,0.17094708655140223,9.44625674446468,0.02092606363693717,0.824336060393632,-0.1569580994598412,0.057958487962651975,48685.12988862766,4.573261852341043e-21,3.8415399559664766e-15,Klein_relajada,extrema,1,0.8254528827983654,8.797206399970245,74884.89139788836,-324.89762175285614,-78.4790497299206,74481.51472640558,0.2484435906870132,0.2484435906870132,0.15,0.7540441730591679,1.027,1.0000070743298424,0.8540095547315767,4.282970902976074,-1.3970290970239256,recede,0.38638991975101317,3.30135392648405e+22,True,True,True,True,True,True
H1L1V1-GSTLAL_AllSky-1252217514-1.xml,1252217514.0,65.66497407688703,27.755883413367677,93.42085749025472,2.3658037864960093,500.0,0.32286842462965987,9.085891547162934,0.02976890569798123,2.781036696851936,0.574788617943127,0.18975634173592537,159395.32705817732,3.419419562645765e-20,2.872312432622443e-14,Klein_extrema,extrema,1,1.1026624054244103,8.632043320000633,35000.0,-368.02668074792473,287.3943089715635,34919.367628223634,0.11647847267800057,0.11647847267800057,0.11647847267800057,0.6865610926653407,1.02096612508204,1.0000025675183335,0.7559330779854031,3.899667006339135,-1.7803329936608647,recede,1.2650422782395025,1.543e+22,True,True,True,True,True,True
H1L1V1-GSTLAL_AllSky-1252261903-1.xml,1252261903.0,51.79637049858664,34.437868877572186,86.23423937615883,1.5040527241312327,1279.9392292037362,0.33386539960010325,7.370427495636569,0.0378415499675499,3.2632372782665735,0.29223860459574663,0.18145309960318634,152420.60366667653,1.1784250368990446e-20,9.898770309951974e-15,Klein_extrema,extrema,1,0.8690638344465208,8.836152992872176,89595.74604426154,-238.30031266693106,146.1193022978733,89503.56503389248,0.29855175687539304,0.29855175687539304,0.15,0.6619461415544592,1.027,1.0000084640552742,0.7497008321077996,3.759854084029328,-1.9201459159706715,recede,1.209687330687909,3.9498924613227296e+22,True,True,True,True,True,True
H1L1V1-GSTLAL_AllSky-1252263825-1.xml,1252263825.0,65.66497407688703,27.755883413367677,93.42085749025472,2.3658037864960093,500.0,0.32286842462965987,9.085891547162934,0.02976890569798123,2.781036696851936,0.574788617943127,0.18975634173592537,159395.32705817732,3.419419562645765e-20,2.872312432622443e-14,Klein_extrema,extrema,1,1.1026624054244103,8.632043320000633,35000.0,-368.02668074792473,287.3943089715635,34919.367628223634,0.11647847267800057,0.11647847267800057,0.11647847267800057,0.6865610926653407,1.02096612508204,1.0000025675183335,0.7559330779854031,3.899667006339135,-1.7803329936608647,recede,1.2650422782395025,1.543e+22,True,True,True,True,True,True
H1L1V1-GSTLAL_AllSky-1252264062-1.xml,1252264062.0,66.73925005063214,25.78694877809824,92.52619882873037,2.5881018582282262,2141.62537488463,0.13491729173421171,7.666310455250896,0.02238726003265045,2.0714080730115043,-0.13863629854700513,0.1193484834448852,100252.72609370358,4.432345804402175e-21,3.723170475697827e-15,Klein_deformada,extrema,1,0.5964766935936381,8.947930069789798,149913.77624192412,-466.81110403586865,-69.31814927350257,149377.64698861472,0.49827019660586236,0.49827019660586236,0.15,0.7779880456680072,1.027,1.0000141622626577,0.8811214766777841,4.4189720993942805,-1.2610279006057192,recede,0.7956565562992347,6.609055906893969e+22,True,True,True,True,True,True
H1L1V1-GSTLAL_AllSky-1252367731-1.xml,1252367731.0,12.304208519513463,11.688191084339591,23.992399603853052,1.052704257718651,3168.438342525481,0.1238272710787661,6.486432837524981,0.05,1.1996199801926526,0.7762603415154787,0.05844841041270137,49096.66474666915,1.4187432237917715e-21,1.1917443079850879e-15,Klein_relajada,extrema,1,1.1079412288890929,9.032980947942061,221790.68397678368,-529.7721041127279,388.1301707577394,221649.0420434287,0.7393416216075346,0.7393416216075346,0.15,0.7856706309068237,1.027,1.0000209524301251,0.8898164564382712,4.462609183550758,-1.2173908164492415,recede,0.3896560694180092,9.777800725033635e+22,True,True,True,True,True,True
H1L1V1-GSTLAL_AllSky-1252402886-1.xml,1252402886.0,23.550738510969047,19.235476340062,42.78621485103105,1.224338721569353,1932.3392670454607,0.14381485420532214,8.180096705237984,0.042488986070967585,1.8179428868348846,0.07344513925910423,0.11396343631575644,95729.28650523542,4.7322903329240995e-21,3.975123879656244e-15,Klein_deformada,extrema,1,1.3046054241437874,8.925600007461995,135263.74869318225,448.26501726342576,36.72256962955211,135748.73628007522,0.4528090439155585,0.4528090439155585,0.15,0.7719351261919134,1.027,1.0000127782835244,0.8742673661942963,4.384591516770068,-1.2954084832299317,recede,0.7597562421050428,5.963198978102292e+22,True,True,True,True,True,True
H1L1V1-GSTLAL_AllSky-1252423668-1.xml,1252423668.0,12.304208519513463,11.688191084339591,23.992399603853052,1.052704257718651,3168.438342525481,0.1238272710787661,6.486432837524981,0.05,1.1996199801926526,0.7762603415154787,0.05844841041270137,49096.66474666915,1.4187432237917715e-21,1.1917443079850879e-15,Klein_relajada,extrema,1,1.1079412288890929,9.032980947942061,221790.68397678368,-529.7721041127279,388.1301707577394,221649.0420434287,0.7393416216075346,0.7393416216075346,0.15,0.7856706309068237,1.027,1.0000209524301251,0.8898164564382712,4.462609183550758,-1.2173908164492415,recede,0.3896560694180092,9.777800725033635e+22,True,True,True,True,True,True
H1L1V1-GSTLAL_AllSky-1252424254-1.xml,1252424254.0,12.304208519513463,11.688191084339591,23.992399603853052,1.052704257718651,3168.438342525481,0.1238272710787661,6.486432837524981,0.05,1.1996199801926526,0.7762603415154787,0.05844841041270137,49096.66474666915,1.4187432237917715e-21,1.1917443079850879e-15,Klein_relajada,extrema,1,1.1079412288890929,9.032980947942061,221790.68397678368,-529.7721041127279,388.1301707577394,221649.0420434287,0.7393416216075346,0.7393416216075346,0.15,0.7856706309068237,1.027,1.0000209524301251,0.8898164564382712,4.462609183550758,-1.2173908164492415,recede,0.3896560694180092,9.777800725033635e+22,True,True,True,True,True,True
H1L1V1-GSTLAL_AllSky-1252463616-1.xml,1252463616.0,29.09552182975727,10.297269604680197,39.39279143443747,2.8255569628412087,1069.7841628269766,0.17094708655140223,9.44625674446468,0.02092606363693717,0.824336060393632,-0.1569580994598412,0.057958487962651975,48685.12988862766,4.573261852341043e-21,3.8415399559664766e-15,Klein_relajada,extrema,1,0.8254528827983654,8.797206399970245,74884.89139788836,-324.89762175285614,-78.4790497299206,74481.51472640558,0.2484435906870132,0.2484435906870132,0.15,0.7540441730591679,1.027,1.0000070743298424,0.8540095547315767,4.282970902976074,-1.3970290970239256,recede,0.38638991975101317,3.30135392648405e+22,True,True,True,True,True,True
H1L1V1-GSTLAL_AllSky-1252542789-1.xml,1252542789.0,66.73925005063214,25.78694877809824,92.52619882873037,2.5881018582282262,2141.62537488463,0.13491729173421171,7.666310455250896,0.02238726003265045,2.0714080730115043,-0.13863629854700513,0.1193484834448852,100252.72609370358,4.432345804402175e-21,3.723170475697827e-15,Klein_deformada,extrema,1,0.5964766935936381,8.947930069789798,149913.77624192412,-466.81110403586865,-69.31814927350257,149377.64698861472,0.49827019660586236,0.49827019660586236,0.15,0.7779880456680072,1.027,1.0000141622626577,0.8811214766777841,4.4189720993942805,-1.2610279006057192,recede,0.7956565562992347,6.609055906893969e+22,True,True,True,True,True,True
H1L1V1-GSTLAL_AllSky-1252582064-1.xml,1252582064.0,29.09552182975727,10.297269604680197,39.39279143443747,2.8255569628412087,1069.7841628269766,0.17094708655140223,9.44625674446468,0.02092606363693717,0.824336060393632,-0.1569580994598412,0.057958487962651975,48685.12988862766,4.573261852341043e-21,3.8415399559664766e-15,Klein_relajada,extrema,1,0.8254528827983654,8.797206399970245,74884.89139788836,-324.89762175285614,-78.4790497299206,74481.51472640558,0.2484435906870132,0.2484435906870132,0.15,0.7540441730591679,1.027,1.0000070743298424,0.8540095547315767,4.282970902976074,-1.3970290970239256,recede,0.38638991975101317,3.30135392648405e+22,True,True,True,True,True,True
H1L1V1-GSTLAL_AllSky-1252612027-1.xml,1252612027.0,50.54163774161552,28.422246856644932,78.96388459826045,1.778242163490295,2281.2624519843102,0.06863106477523105,7.8846617596262,0.030305889672346414,2.3930707747347753,-0.1126062377427938,0.14026047673122874,117818.80045423214,4.863718145239902e-21,4.085523242001517e-15,Klein_deformada,extrema,1,0.8705323608680231,8.96164594400705,159688.3716389017,280.0657567920914,-56.3031188713969,159912.13427682238,0.5334094638125366,0.5334094638125366,0.15,0.8262467096474391,1.027,1.0000150856627004,0.9357766519826312,4.693081310797454,-0.9869186892025459,recede,0.9350698448748582,7.039975926823581e+22,True,True,True,True,True,True
H1L1V1-GSTLAL_AllSky-1252616870-1.xml,1252616870.0,51.79637049858664,34.437868877572186,86.23423937615883,1.5040527241312327,1279.9392292037362,0.33386539960010325,7.370427495636569,0.0378415499675499,3.2632372782665735,0.29223860459574663,0.18145309960318634,152420.60366667653,1.1784250368990446e-20,9.898770309951974e-15,Klein_extrema,extrema,1,0.8690638344465208,8.836152992872176,89595.74604426154,-238.30031266693106,146.1193022978733,89503.56503389248,0.29855175687539304,0.29855175687539304,0.15,0.6619461415544592,1.027,1.0000084640552742,0.7497008321077996,3.759854084029328,-1.9201459159706715,recede,1.209687330687909,3.9498924613227296e+22,True,True,True,True,True,True
H1L1V1-GSTLAL_AllSky-1252627040-1.xml,1252627040.0,65.66497407688703,27.755883413367677,93.42085749025472,2.3658037864960093,500.0,0.32286842462965987,9.085891547162934,0.02976890569798123,2.781036696851936,0.574788617943127,0.18975634173592537,159395.32705817732,3.419419562645765e-20,2.872312432622443e-14,Klein_extrema,extrema,1,1.1026624054244103,8.632043320000633,35000.0,-368.02668074792473,287.3943089715635,34919.367628223634,0.11647847267800057,0.11647847267800057,0.11647847267800057,0.6865610926653407,1.02096612508204,1.0000025675183335,0.7559330779854031,3.899667006339135,-1.7803329936608647,recede,1.2650422782395025,1.543e+22,True,True,True,True,True,True
H1L1V1-GSTLAL_AllSky-1252674856-1.xml,1252674856.0,51.79637049858664,34.437868877572186,86.23423937615883,1.5040527241312327,1279.9392292037362,0.33386539960010325,7.370427495636569,0.0378415499675499,3.2632372782665735,0.29223860459574663,0.18145309960318634,152420.60366667653,1.1784250368990446e-20,9.898770309951974e-15,Klein_extrema,extrema,1,0.8690638344465208,8.836152992872176,89595.74604426154,-238.30031266693106,146.1193022978733,89503.56503389248,0.29855175687539304,0.29855175687539304,0.15,0.6619461415544592,1.027,1.0000084640552742,0.7497008321077996,3.759854084029328,-1.9201459159706715,recede,1.209687330687909,3.9498924613227296e+22,True,True,True,True,True,True
H1L1V1-GSTLAL_AllSky-1252680614-1.xml,1252680614.0,51.79637049858664,34.437868877572186,86.23423937615883,1.5040527241312327,1279.9392292037362,0.33386539960010325,7.370427495636569,0.0378415499675499,3.2632372782665735,0.29223860459574663,0.18145309960318634,152420.60366667653,1.1784250368990446e-20,9.898770309951974e-15,Klein_extrema,extrema,1,0.8690638344465208,8.836152992872176,89595.74604426154,-238.30031266693106,146.1193022978733,89503.56503389248,0.29855175687539304,0.29855175687539304,0.15,0.6619461415544592,1.027,1.0000084640552742,0.7497008321077996,3.759854084029328,-1.9201459159706715,recede,1.209687330687909,3.9498924613227296e+22,True,True,True,True,True,True
H1L1V1-GSTLAL_AllSky-1252699636-1.xml,1252699636.0,12.304208519513463,11.688191084339591,23.992399603853052,1.052704257718651,3168.438342525481,0.1238272710787661,6.486432837524981,0.05,1.1996199801926526,0.7762603415154787,0.05844841041270137,49096.66474666915,1.4187432237917715e-21,1.1917443079850879e-15,Klein_relajada,extrema,1,1.1079412288890929,9.032980947942061,221790.68397678368,-529.7721041127279,388.1301707577394,221649.0420434287,0.7393416216075346,0.7393416216075346,0.15,0.7856706309068237,1.027,1.0000209524301251,0.8898164564382712,4.462609183550758,-1.2173908164492415,recede,0.3896560694180092,9.777800725033635e+22,True,True,True,True,True,True
H1L1V1-GSTLAL_AllSky-1252745146-1.xml,1252745146.0,50.54163774161552,28.422246856644932,78.96388459826045,1.778242163490295,2281.2624519843102,0.06863106477523105,7.8846617596262,0.030305889672346414,2.3930707747347753,-0.1126062377427938,0.14026047673122874,117818.80045423214,4.863718145239902e-21,4.085523242001517e-15,Klein_deformada,extrema,1,0.8705323608680231,8.96164594400705,159688.3716389017,280.0657567920914,-56.3031188713969,159912.13427682238,0.5334094638125366,0.5334094638125366,0.15,0.8262467096474391,1.027,1.0000150856627004,0.9357766519826312,4.693081310797454,-0.9869186892025459,recede,0.9350698448748582,7.039975926823581e+22,True,True,True,True,True,True
H1L1V1-GSTLAL_AllSky-1252756008-1.xml,1252756008.0,12.304208519513463,11.688191084339591,23.992399603853052,1.052704257718651,3168.438342525481,0.1238272710787661,6.486432837524981,0.05,1.1996199801926526,0.7762603415154787,0.05844841041270137,49096.66474666915,1.4187432237917715e-21,1.1917443079850879e-15,Klein_relajada,extrema,1,1.1079412288890929,9.032980947942061,221790.68397678368,-529.7721041127279,388.1301707577394,221649.0420434287,0.7393416216075346,0.7393416216075346,0.15,0.7856706309068237,1.027,1.0000209524301251,0.8898164564382712,4.462609183550758,-1.2173908164492415,recede,0.3896560694180092,9.777800725033635e+22,True,True,True,True,True,True
H1L1V1-GSTLAL_AllSky-1252812489-1.xml,1252812489.0,49.13424273452567,47.32644517701083,96.4606879115365,1.0381984649544942,500.0,0.06892990247970882,7.594124368205737,0.04834431375023504,4.663325760958825,-0.007594740051083959,0.269052776770695,226004.33248738383,4.8483456197432584e-20,4.072610320584338e-14,Klein_extrema,extrema,1,1.312593443608132,8.632043320000633,35000.0,-336.38572980414415,-3.7973700255419796,34659.81690017031,0.11561270464038931,0.11561270464038931,0.11561270464038931,0.8502789747036635,1.02081028683527,1.0000025484343322,0.9355150395551618,4.829584576316809,-0.8504154236831907,recede,1.7936851784713002,1.543e+22,True,True,True,True,True,True
H1L1V1-GSTLAL_AllSky-1252813043-1.xml,1252813043.0,66.73925005063214,25.78694877809824,92.52619882873037,2.5881018582282262,2141.62537488463,0.13491729173421171,7.666310455250896,0.02238726003265045,2.0714080730115043,-0.13863629854700513,0.1193484834448852,100252.72609370358,4.432345804402175e-21,3.723170475697827e-15,Klein_deformada,extrema,1,0.5964766935936381,8.947930069789798,149913.77624192412,-466.81110403586865,-69.31814927350257,149377.64698861472,0.49827019660586236,0.49827019660586236,0.15,0.7779880456680072,1.027,1.0000141622626577,0.8811214766777841,4.4189720993942805,-1.2610279006057192,recede,0.7956565562992347,6.609055906893969e+22,True,True,True,True,True,True
H1L1V1-GSTLAL_AllSky-1252829409-1.xml,1252829409.0,29.09552182975727,10.297269604680197,39.39279143443747,2.8255569628412087,1069.7841628269766,0.17094708655140223,9.44625674446468,0.02092606363693717,0.824336060393632,-0.1569580994598412,0.057958487962651975,48685.12988862766,4.573261852341043e-21,3.8415399559664766e-15,Klein_relajada,extrema,1,0.8254528827983654,8.797206399970245,74884.89139788836,-324.89762175285614,-78.4790497299206,74481.51472640558,0.2484435906870132,0.2484435906870132,0.15,0.7540441730591679,1.027,1.0000070743298424,0.8540095547315767,4.282970902976074,-1.3970290970239256,recede,0.38638991975101317,3.30135392648405e+22,True,True,True,True,True,True
H1L1V1-GSTLAL_AllSky-1252919116-1.xml,1252919116.0,66.73925005063214,25.78694877809824,92.52619882873037,2.5881018582282262,2141.62537488463,0.13491729173421171,7.666310455250896,0.02238726003265045,2.0714080730115043,-0.13863629854700513,0.1193484834448852,100252.72609370358,4.432345804402175e-21,3.723170475697827e-15,Klein_deformada,extrema,1,0.5964766935936381,8.947930069789798,149913.77624192412,-466.81110403586865,-69.31814927350257,149377.64698861472,0.49827019660586236,0.49827019660586236,0.15,0.7779880456680072,1.027,1.0000141622626577,0.8811214766777841,4.4189720993942805,-1.2610279006057192,recede,0.7956565562992347,6.609055906893969e+22,True,True,True,True,True,True
H1L1V1-GSTLAL_AllSky-1252939489-1.xml,1252939489.0,66.73925005063214,25.78694877809824,92.52619882873037,2.5881018582282262,2141.62537488463,0.13491729173421171,7.666310455250896,0.02238726003265045,2.0714080730115043,-0.13863629854700513,0.1193484834448852,100252.72609370358,4.432345804402175e-21,3.723170475697827e-15,Klein_deformada,extrema,1,0.5964766935936381,8.947930069789798,149913.77624192412,-466.81110403586865,-69.31814927350257,149377.64698861472,0.49827019660586236,0.49827019660586236,0.15,0.7779880456680072,1.027,1.0000141622626577,0.8811214766777841,4.4189720993942805,-1.2610279006057192,recede,0.7956565562992347,6.609055906893969e+22,True,True,True,True,True,True
H1L1V1-GSTLAL_AllSky-1252962002-1.xml,1252962002.0,51.79637049858664,34.437868877572186,86.23423937615883,1.5040527241312327,1279.9392292037362,0.33386539960010325,7.370427495636569,0.0378415499675499,3.2632372782665735,0.29223860459574663,0.18145309960318634,152420.60366667653,1.1784250368990446e-20,9.898770309951974e-15,Klein_extrema,extrema,1,0.8690638344465208,8.836152992872176,89595.74604426154,-238.30031266693106,146.1193022978733,89503.56503389248,0.29855175687539304,0.29855175687539304,0.15,0.6619461415544592,1.027,1.0000084640552742,0.7497008321077996,3.759854084029328,-1.9201459159706715,recede,1.209687330687909,3.9498924613227296e+22,True,True,True,True,True,True
H1L1V1-GSTLAL_AllSky-1252987339-1.xml,1252987339.0,49.13424273452567,47.32644517701083,96.4606879115365,1.0381984649544942,500.0,0.06892990247970882,7.594124368205737,0.04834431375023504,4.663325760958825,-0.007594740051083959,0.269052776770695,226004.33248738383,4.8483456197432584e-20,4.072610320584338e-14,Klein_extrema,extrema,1,1.312593443608132,8.632043320000633,35000.0,-336.38572980414415,-3.7973700255419796,34659.81690017031,0.11561270464038931,0.11561270464038931,0.11561270464038931,0.8502789747036635,1.02081028683527,1.0000025484343322,0.9355150395551618,4.829584576316809,-0.8504154236831907,recede,1.7936851784713002,1.543e+22,True,True,True,True,True,True
H1L1V1-GSTLAL_AllSky-1253103017-1.xml,1253103017.0,51.79637049858664,34.437868877572186,86.23423937615883,1.5040527241312327,1279.9392292037362,0.33386539960010325,7.370427495636569,0.0378415499675499,3.2632372782665735,0.29223860459574663,0.18145309960318634,152420.60366667653,1.1784250368990446e-20,9.898770309951974e-15,Klein_extrema,extrema,1,0.8690638344465208,8.836152992872176,89595.74604426154,-238.30031266693106,146.1193022978733,89503.56503389248,0.29855175687539304,0.29855175687539304,0.15,0.6619461415544592,1.027,1.0000084640552742,0.7497008321077996,3.759854084029328,-1.9201459159706715,recede,1.209687330687909,3.9498924613227296e+22,True,True,True,True,True,True
H1L1V1-GSTLAL_AllSky-1253106426-1.xml,1253106426.0,52.01348359134687,44.79231284511696,96.80579643646382,1.1612145095342432,992.2150284105406,0.059315068859361886,9.498897699030024,0.0478641667776501,4.63352878567815,0.41116368785453655,0.32718934328349003,274839.0483581316,2.801568740397475e-20,2.353317741933879e-14,Klein_extrema,extrema,1,2.0798691184539475,8.780861218190136,69455.05198873785,595.7048568548732,205.58184392726827,70256.33868952,0.23434992046904662,0.23434992046904662,0.15,0.8335059139849506,1.027,1.000006561376238,0.9440062068377535,4.7343135914345185,-0.9456864085654813,recede,2.1812622885566,3.0619755776749286e+22,True,True,True,True,True,True
H1L1V1-GSTLAL_AllSky-1253202092-1.xml,1253202092.0,50.54163774161552,28.422246856644932,78.96388459826045,1.778242163490295,2281.2624519843102,0.06863106477523105,7.8846617596262,0.030305889672346414,2.3930707747347753,-0.1126062377427938,0.14026047673122874,117818.80045423214,4.863718145239902e-21,4.085523242001517e-15,Klein_deformada,extrema,1,0.8705323608680231,8.96164594400705,159688.3716389017,280.0657567920914,-56.3031188713969,159912.13427682238,0.5334094638125366,0.5334094638125366,0.15,0.8262467096474391,1.027,1.0000150856627004,0.9357766519826312,4.693081310797454,-0.9869186892025459,recede,0.9350698448748582,7.039975926823581e+22,True,True,True,True,True,True
H1L1V1-GSTLAL_AllSky-1253203571-1.xml,1253203571.0,12.304208519513463,11.688191084339591,23.992399603853052,1.052704257718651,3168.438342525481,0.1238272710787661,6.486432837524981,0.05,1.1996199801926526,0.7762603415154787,0.05844841041270137,49096.66474666915,1.4187432237917715e-21,1.1917443079850879e-15,Klein_relajada,extrema,1,1.1079412288890929,9.032980947942061,221790.68397678368,-529.7721041127279,388.1301707577394,221649.0420434287,0.7393416216075346,0.7393416216075346,0.15,0.7856706309068237,1.027,1.0000209524301251,0.8898164564382712,4.462609183550758,-1.2173908164492415,recede,0.3896560694180092,9.777800725033635e+22,True,True,True,True,True,True
H1L1V1-GSTLAL_AllSky-1253203662-1.xml,1253203662.0,50.54163774161552,28.422246856644932,78.96388459826045,1.778242163490295,2281.2624519843102,0.06863106477523105,7.8846617596262,0.030305889672346414,2.3930707747347753,-0.1126062377427938,0.14026047673122874,117818.80045423214,4.863718145239902e-21,4.085523242001517e-15,Klein_deformada,extrema,1,0.8705323608680231,8.96164594400705,159688.3716389017,280.0657567920914,-56.3031188713969,159912.13427682238,0.5334094638125366,0.5334094638125366,0.15,0.8262467096474391,1.027,1.0000150856627004,0.9357766519826312,4.693081310797454,-0.9869186892025459,recede,0.9350698448748582,7.039975926823581e+22,True,True,True,True,True,True
H1L1V1-GSTLAL_AllSky-1253212855-1.xml,1253212855.0,50.54163774161552,28.422246856644932,78.96388459826045,1.778242163490295,2281.2624519843102,0.06863106477523105,7.8846617596262,0.030305889672346414,2.3930707747347753,-0.1126062377427938,0.14026047673122874,117818.80045423214,4.863718145239902e-21,4.085523242001517e-15,Klein_deformada,extrema,1,0.8705323608680231,8.96164594400705,159688.3716389017,280.0657567920914,-56.3031188713969,159912.13427682238,0.5334094638125366,0.5334094638125366,0.15,0.8262467096474391,1.027,1.0000150856627004,0.9357766519826312,4.693081310797454,-0.9869186892025459,recede,0.9350698448748582,7.039975926823581e+22,True,True,True,True,True,True
H1L1V1-GSTLAL_AllSky-1253247782-1.xml,1253247782.0,66.73925005063214,25.78694877809824,92.52619882873037,2.5881018582282262,2141.62537488463,0.13491729173421171,7.666310455250896,0.02238726003265045,2.0714080730115043,-0.13863629854700513,0.1193484834448852,100252.72609370358,4.432345804402175e-21,3.723170475697827e-15,Klein_deformada,extrema,1,0.5964766935936381,8.947930069789798,149913.77624192412,-466.81110403586865,-69.31814927350257,149377.64698861472,0.49827019660586236,0.49827019660586236,0.15,0.7779880456680072,1.027,1.0000141622626577,0.8811214766777841,4.4189720993942805,-1.2610279006057192,recede,0.7956565562992347,6.609055906893969e+22,True,True,True,True,True,True
H1L1V1-GSTLAL_AllSky-1253255057-1.xml,1253255057.0,52.01348359134687,44.79231284511696,96.80579643646382,1.1612145095342432,992.2150284105406,0.059315068859361886,9.498897699030024,0.0478641667776501,4.63352878567815,0.41116368785453655,0.32718934328349003,274839.0483581316,2.801568740397475e-20,2.353317741933879e-14,Klein_extrema,extrema,1,2.0798691184539475,8.780861218190136,69455.05198873785,595.7048568548732,205.58184392726827,70256.33868952,0.23434992046904662,0.23434992046904662,0.15,0.8335059139849506,1.027,1.000006561376238,0.9440062068377535,4.7343135914345185,-0.9456864085654813,recede,2.1812622885566,3.0619755776749286e+22,True,True,True,True,True,True
H1L1V1-GSTLAL_AllSky-1253326744-1.xml,1253326744.0,66.73925005063214,25.78694877809824,92.52619882873037,2.5881018582282262,2141.62537488463,0.13491729173421171,7.666310455250896,0.02238726003265045,2.0714080730115043,-0.13863629854700513,0.1193484834448852,100252.72609370358,4.432345804402175e-21,3.723170475697827e-15,Klein_deformada,extrema,1,0.5964766935936381,8.947930069789798,149913.77624192412,-466.81110403586865,-69.31814927350257,149377.64698861472,0.49827019660586236,0.49827019660586236,0.15,0.7779880456680072,1.027,1.0000141622626577,0.8811214766777841,4.4189720993942805,-1.2610279006057192,recede,0.7956565562992347,6.609055906893969e+22,True,True,True,True,True,True
H1L1V1-GSTLAL_AllSky-1253422507-1.xml,1253422507.0,76.10394301782586,49.85932161334958,125.96326463117543,1.5263734153464579,768.0348003233503,0.13814883568784783,7.695301970258953,0.034481645544636175,4.343420642657398,-0.2205134144350233,0.25247081369391444,212075.48350288812,2.8547903207634336e-20,2.398023869441284e-14,Klein_extrema,extrema,1,0.9353224409449644,8.725248767201236,53762.436022634516,-639.1459592310943,-110.25670721751166,53013.03335618591,0.17683244505165607,0.17683244505165607,0.15,0.775772059021604,1.027,1.0000050789044153,0.8786197100449024,4.4063852952427105,-1.2736147047572892,recede,1.6831387579594297,2.370155393797859e+22,True,True,True,True,True,True
H1L1V1-GSTLAL_AllSky-1253463599-1.xml,1253463599.0,49.13424273452567,47.32644517701083,96.4606879115365,1.0381984649544942,500.0,0.06892990247970882,7.594124368205737,0.04834431375023504,4.663325760958825,-0.007594740051083959,0.269052776770695,226004.33248738383,4.8483456197432584e-20,4.072610320584338e-14,Klein_extrema,extrema,1,1.312593443608132,8.632043320000633,35000.0,-336.38572980414415,-3.7973700255419796,34659.81690017031,0.11561270464038931,0.11561270464038931,0.11561270464038931,0.8502789747036635,1.02081028683527,1.0000025484343322,0.9355150395551618,4.829584576316809,-0.8504154236831907,recede,1.7936851784713002,1.543e+22,True,True,True,True,True,True
H1L1V1-GSTLAL_AllSky-1253466644-1.xml,1253466644.0,51.79637049858664,34.437868877572186,86.23423937615883,1.5040527241312327,1279.9392292037362,0.33386539960010325,7.370427495636569,0.0378415499675499,3.2632372782665735,0.29223860459574663,0.18145309960318634,152420.60366667653,1.1784250368990446e-20,9.898770309951974e-15,Klein_extrema,extrema,1,0.8690638344465208,8.836152992872176,89595.74604426154,-238.30031266693106,146.1193022978733,89503.56503389248,0.29855175687539304,0.29855175687539304,0.15,0.6619461415544592,1.027,1.0000084640552742,0.7497008321077996,3.759854084029328,-1.9201459159706715,recede,1.209687330687909,3.9498924613227296e+22,True,True,True,True,True,True
H1L1V1-GSTLAL_AllSky-1253504994-1.xml,1253504994.0,49.13424273452567,47.32644517701083,96.4606879115365,1.0381984649544942,500.0,0.06892990247970882,7.594124368205737,0.04834431375023504,4.663325760958825,-0.007594740051083959,0.269052776770695,226004.33248738383,4.8483456197432584e-20,4.072610320584338e-14,Klein_extrema,extrema,1,1.312593443608132,8.632043320000633,35000.0,-336.38572980414415,-3.7973700255419796,34659.81690017031,0.11561270464038931,0.11561270464038931,0.11561270464038931,0.8502789747036635,1.02081028683527,1.0000025484343322,0.9355150395551618,4.829584576316809,-0.8504154236831907,recede,1.7936851784713002,1.543e+22,True,True,True,True,True,True
H1L1V1-GSTLAL_AllSky-1253854047-1.xml,1253854047.0,66.73925005063214,25.78694877809824,92.52619882873037,2.5881018582282262,2141.62537488463,0.13491729173421171,7.666310455250896,0.02238726003265045,2.0714080730115043,-0.13863629854700513,0.1193484834448852,100252.72609370358,4.432345804402175e-21,3.723170475697827e-15,Klein_deformada,extrema,1,0.5964766935936381,8.947930069789798,149913.77624192412,-466.81110403586865,-69.31814927350257,149377.64698861472,0.49827019660586236,0.49827019660586236,0.15,0.7779880456680072,1.027,1.0000141622626577,0.8811214766777841,4.4189720993942805,-1.2610279006057192,recede,0.7956565562992347,6.609055906893969e+22,True,True,True,True,True,True
H1L1V1-GSTLAL_AllSky-1253509434-1.xml,1253509434.0,49.13424273452567,47.32644517701083,96.4606879115365,1.0381984649544942,500.0,0.06892990247970882,7.594124368205737,0.04834431375023504,4.663325760958825,-0.007594740051083959,0.269052776770695,226004.33248738383,4.8483456197432584e-20,4.072610320584338e-14,Klein_extrema,extrema,1,1.312593443608132,8.632043320000633,35000.0,-336.38572980414415,-3.7973700255419796,34659.81690017031,0.11561270464038931,0.11561270464038931,0.11561270464038931,0.8502789747036635,1.02081028683527,1.0000025484343322,0.9355150395551618,4.829584576316809,-0.8504154236831907,recede,1.7936851784713002,1.543e+22,True,True,True,True,True,True
H1L1V1-GSTLAL_AllSky-1253597011-1.xml,1253597011.0,76.10394301782586,49.85932161334958,125.96326463117543,1.5263734153464579,768.0348003233503,0.13814883568784783,7.695301970258953,0.034481645544636175,4.343420642657398,-0.2205134144350233,0.25247081369391444,212075.48350288812,2.8547903207634336e-20,2.398023869441284e-14,Klein_extrema,extrema,1,0.9353224409449644,8.725248767201236,53762.436022634516,-639.1459592310943,-110.25670721751166,53013.03335618591,0.17683244505165607,0.17683244505165607,0.15,0.775772059021604,1.027,1.0000050789044153,0.8786197100449024,4.4063852952427105,-1.2736147047572892,recede,1.6831387579594297,2.370155393797859e+22,True,True,True,True,True,True
H1L1V1-GSTLAL_AllSky-1253600861-1.xml,1253600861.0,50.54163774161552,28.422246856644932,78.96388459826045,1.778242163490295,2281.2624519843102,0.06863106477523105,7.8846617596262,0.030305889672346414,2.3930707747347753,-0.1126062377427938,0.14026047673122874,117818.80045423214,4.863718145239902e-21,4.085523242001517e-15,Klein_deformada,extrema,1,0.8705323608680231,8.96164594400705,159688.3716389017,280.0657567920914,-56.3031188713969,159912.13427682238,0.5334094638125366,0.5334094638125366,0.15,0.8262467096474391,1.027,1.0000150856627004,0.9357766519826312,4.693081310797454,-0.9869186892025459,recede,0.9350698448748582,7.039975926823581e+22,True,True,True,True,True,True
H1L1V1-GSTLAL_AllSky-1253755327-1.xml,1253755327.0,44.30733451604789,31.647079757561258,75.95441427360915,1.4000449600870926,681.2415999561317,0.11987739766905048,6.1481693079960555,0.03903952783476864,2.965224470208113,0.1897702905660164,0.13661887198966038,114759.85247131472,1.759618780885149e-20,1.478079775943525e-14,Klein_deformada,extrema,1,0.6744076578545416,8.699208897959236,47686.91199692922,-77.73147283777871,94.8851452830082,47704.065669374446,0.15912363502278115,0.15912363502278115,0.15,0.788428769799537,1.027,1.0000045049533803,0.8929548913849256,4.47827541246137,-1.2017245875386298,recede,0.9107924799310693,2.1023115774646223e+22,True,True,True,True,True,True
H1L1V1-GSTLAL_AllSky-1253800416-1.xml,1253800416.0,52.01348359134687,44.79231284511696,96.80579643646382,1.1612145095342432,992.2150284105406,0.059315068859361886,9.498897699030024,0.0478641667776501,4.63352878567815,0.41116368785453655,0.32718934328349003,274839.0483581316,2.801568740397475e-20,2.353317741933879e-14,Klein_extrema,extrema,1,2.0798691184539475,8.780861218190136,69455.05198873785,595.7048568548732,205.58184392726827,70256.33868952,0.23434992046904662,0.23434992046904662,0.15,0.8335059139849506,1.027,1.000006561376238,0.9440062068377535,4.7343135914345185,-0.9456864085654813,recede,2.1812622885566,3.0619755776749286e+22,True,True,True,True,True,True
H1L1V1-GSTLAL_AllSky-1253519609-1.xml,1253519609.0,50.54163774161552,28.422246856644932,78.96388459826045,1.778242163490295,2281.2624519843102,0.06863106477523105,7.8846617596262,0.030305889672346414,2.3930707747347753,-0.1126062377427938,0.14026047673122874,117818.80045423214,4.863718145239902e-21,4.085523242001517e-15,Klein_deformada,extrema,1,0.8705323608680231,8.96164594400705,159688.3716389017,280.0657567920914,-56.3031188713969,159912.13427682238,0.5334094638125366,0.5334094638125366,0.15,0.8262467096474391,1.027,1.0000150856627004,0.9357766519826312,4.693081310797454,-0.9869186892025459,recede,0.9350698448748582,7.039975926823581e+22,True,True,True,True,True,True
H1L1V1-GSTLAL_AllSky-1253943498-1.xml,1253943498.0,50.54163774161552,28.422246856644932,78.96388459826045,1.778242163490295,2281.2624519843102,0.06863106477523105,7.8846617596262,0.030305889672346414,2.3930707747347753,-0.1126062377427938,0.14026047673122874,117818.80045423214,4.863718145239902e-21,4.085523242001517e-15,Klein_deformada,extrema,1,0.8705323608680231,8.96164594400705,159688.3716389017,280.0657567920914,-56.3031188713969,159912.13427682238,0.5334094638125366,0.5334094638125366,0.15,0.8262467096474391,1.027,1.0000150856627004,0.9357766519826312,4.693081310797454,-0.9869186892025459,recede,0.9350698448748582,7.039975926823581e+22,True,True,True,True,True,True
H1L1V1-GSTLAL_AllSky-1253885759-1.xml,1253885759.0,52.01348359134687,44.79231284511696,96.80579643646382,1.1612145095342432,992.2150284105406,0.059315068859361886,9.498897699030024,0.0478641667776501,4.63352878567815,0.41116368785453655,0.32718934328349003,274839.0483581316,2.801568740397475e-20,2.353317741933879e-14,Klein_extrema,extrema,1,2.0798691184539475,8.780861218190136,69455.05198873785,595.7048568548732,205.58184392726827,70256.33868952,0.23434992046904662,0.23434992046904662,0.15,0.8335059139849506,1.027,1.000006561376238,0.9440062068377535,4.7343135914345185,-0.9456864085654813,recede,2.1812622885566,3.0619755776749286e+22,True,True,True,True,True,True
H1L1V1-GSTLAL_AllSky-1253958821-1.xml,1253958821.0,52.01348359134687,44.79231284511696,96.80579643646382,1.1612145095342432,992.2150284105406,0.059315068859361886,9.498897699030024,0.0478641667776501,4.63352878567815,0.41116368785453655,0.32718934328349003,274839.0483581316,2.801568740397475e-20,2.353317741933879e-14,Klein_extrema,extrema,1,2.0798691184539475,8.780861218190136,69455.05198873785,595.7048568548732,205.58184392726827,70256.33868952,0.23434992046904662,0.23434992046904662,0.15,0.8335059139849506,1.027,1.000006561376238,0.9440062068377535,4.7343135914345185,-0.9456864085654813,recede,2.1812622885566,3.0619755776749286e+22,True,True,True,True,True,True
