lens_id,survey,ra_deg,dec_deg,z_lens,z_source,einstein_radius_arcsec,lens_mass_Msun,velocity_dispersion_km_s,lens_type,reference
SDSSJ0037-0942,SLACS,9.25,-9.71,0.196,0.632,1.18,230000000000.0,218.0,confirmed,Koopmans+2006
SDSSJ0252+0039,SLACS,43.01,0.66,0.28,0.982,1.03,180000000000.0,203.0,confirmed,Koopmans+2006
SDSSJ0330-0020,SLACS,52.52,-0.34,0.351,1.071,1.02,210000000000.0,235.0,confirmed,Koopmans+2006
SDSSJ0728+3835,SLACS,112.02,38.59,0.206,0.688,1.08,190000000000.0,211.0,confirmed,Koopmans+2006
SDSSJ0737+3216,SLACS,114.35,32.28,0.322,0.581,1.38,280000000000.0,273.0,confirmed,Koopmans+2006
SDSSJ0822+2652,SLACS,125.59,26.87,0.241,0.594,1.08,200000000000.0,221.0,confirmed,Koopmans+2006
SDSSJ0912+0029,SLACS,138.02,0.49,0.164,0.324,1.86,140000000000.0,168.0,confirmed,Koopmans+2006
SDSSJ0936+0913,SLACS,144.02,9.22,0.19,0.588,1.32,210000000000.0,234.0,confirmed,Koopmans+2006
SDSSJ0946+1006,SLACS,146.6,10.11,0.222,0.609,1.08,180000000000.0,207.0,confirmed,Koopmans+2006
SDSSJ0959+0410,SLACS,149.76,4.17,0.126,0.535,1.5,120000000000.0,150.0,confirmed,Koopmans+2006
HSC-0001,HSC-SSP,41.23620356542087,5.408571676918994,0.3975686030582771,2.6512933640583647,1.6060276702173681,268029773992.96637,258.37173645764545,candidate,HSC-SSP-simulated
HSC-0002,HSC-SSP,30.617534828874074,5.638918225943932,0.16966170026113483,1.4045689369767416,1.0752881599965283,41558376211.58254,124.33598776711011,candidate,HSC-SSP-simulated
HSC-0003,HSC-SSP,42.95835055926347,-2.505250317623497,0.10068634240315594,1.1537691610772376,1.5522331417463078,169039581232.98734,208.7111849756732,candidate,HSC-SSP-simulated
HSC-0004,HSC-SSP,35.990213464750795,0.17081326096333882,0.15870411585814553,1.0657078865942284,0.8351101831439758,88094626224.66377,205.41531251033615,candidate,HSC-SSP-simulated
HSC-0005,HSC-SSP,50.52699079536471,-0.7181700751247844,0.24739537184103969,0.5674640242629815,1.2798763524678094,80848470096.26393,158.9578175014489,candidate,HSC-SSP-simulated
HSC-0006,HSC-SSP,39.35133228268233,0.24081625413372976,0.070919016575201,1.0378942255192685,1.2479971346594205,162999407867.01,228.56841405949854,candidate,HSC-SSP-simulated
HSC-0007,HSC-SSP,32.65477506155759,-3.6482056509702576,0.2282668765626901,0.8819575940544272,0.8709317779750407,162103173259.69376,272.8561113109458,candidate,HSC-SSP-simulated
HSC-0008,HSC-SSP,38.42803529062142,0.5123529978989811,0.3181565909084883,0.9268159977378154,0.8162157168321179,128130049405.14471,250.5838144420434,candidate,HSC-SSP-simulated
HSC-0009,HSC-SSP,30.165663513708072,3.7855371414580095,0.5075162510103326,2.098121141911777,0.7774272122727419,81311808832.1802,204.53938120743928,candidate,HSC-SSP-simulated
HSC-0010,HSC-SSP,55.89310277626781,1.479577521930695,0.16821524512801478,0.8873593030210091,1.2760351693359266,264253319846.1403,287.8120014285412,candidate,HSC-SSP-simulated
HSC-0011,HSC-SSP,56.616382277289794,-0.3334208980566089,0.3267730710462748,0.8091953825923834,0.9893097396272739,219979042663.38107,298.23218279070034,candidate,HSC-SSP-simulated
HSC-0012,HSC-SSP,45.681984881459826,-0.869507779697404,0.26723829023307794,0.9220806415208664,0.9362230156036158,132417745042.22859,237.85562857558733,candidate,HSC-SSP-simulated
HSC-0013,HSC-SSP,42.31148769106889,3.066613662516584,0.12384476017578941,0.6734433192374707,1.3160313243410617,183924318834.19513,236.43755548298424,candidate,HSC-SSP-simulated
HSC-0014,HSC-SSP,54.110162306973436,-3.76115929336757,0.269274126071832,1.897280908411349,0.8100851380275411,83964998458.06174,203.61689267011158,candidate,HSC-SSP-simulated
HSC-0015,HSC-SSP,36.83805487625825,-0.8747065364849238,0.3118395457172091,1.3252968410158907,0.6540240054515747,64729015987.14102,198.96773386173206,candidate,HSC-SSP-simulated
HSC-0016,HSC-SSP,33.595961020010485,-1.9486179431564645,0.22004975555424094,1.3423525265701248,1.0803284521018401,126333731641.53441,216.27770421169163,candidate,HSC-SSP-simulated
HSC-0017,HSC-SSP,58.87341884826334,-2.97861245009563,0.05,0.8663355972257303,1.0182332961896383,299768469757.14276,343.1621056242643,candidate,HSC-SSP-simulated
HSC-0018,HSC-SSP,31.54436253749968,-2.6562424291606628,0.21456896589459498,1.2580987271265938,1.408952956301455,233731328969.01736,257.5966516343387,candidate,HSC-SSP-simulated
HSC-0019,HSC-SSP,37.12912631977199,2.738596183342315,0.6319206870917219,0.8483767967955651,0.7429244680262813,68243523736.28078,191.6851135198614,candidate,HSC-SSP-simulated
HSC-0020,HSC-SSP,31.223254246642917,1.0907153182589013,0.05389757922783821,0.932276226031912,0.7589440116342414,167924518490.05676,297.496720250877,candidate,HSC-SSP-simulated
HSC-0021,HSC-SSP,58.101899662102035,-4.349748670248081,0.12693013206679338,0.7691817410016132,1.27641474223575,80122316265.24277,158.45678417830223,candidate,HSC-SSP-simulated
HSC-0022,HSC-SSP,54.51666600603647,0.6624097391935475,0.050037474736498666,1.0083233466253048,1.0810846452002698,181428221608.62738,259.0911435888655,candidate,HSC-SSP-simulated
HSC-0023,HSC-SSP,40.17089373146102,-1.8094851046480693,0.3653065830041622,1.4054184182893068,0.8154563233546148,109361735938.56427,231.6126848580502,candidate,HSC-SSP-simulated
HSC-0024,HSC-SSP,34.84886142283841,4.782650262324951,0.3111561390241054,0.7631982854283642,1.750204001353527,259842367158.09842,243.69164604558938,candidate,HSC-SSP-simulated
HSC-0025,HSC-SSP,49.55883778507801,-3.3087682864732826,0.10476926182055947,1.5564082144216904,1.3351088695785758,193280876034.3556,240.63904634682493,candidate,HSC-SSP-simulated
HSC-0026,HSC-SSP,49.7283867690103,0.8197032400256594,0.2054279757208395,0.6407706487439444,0.9771349468092903,137278434037.65413,237.0575987408322,candidate,HSC-SSP-simulated
HSC-0027,HSC-SSP,56.7613966553134,1.5736635119671547,0.25252626745374734,2.420289875947555,1.206471766114828,94645693585.39938,177.1421221791859,candidate,HSC-SSP-simulated
HSC-0028,HSC-SSP,38.42317087322567,-5.708208402822554,0.09467814822438357,1.2798537057330293,0.9351588831773381,152857570356.226,255.7000247046046,candidate,HSC-SSP-simulated
HSC-0029,HSC-SSP,30.463698495866023,5.139822751052705,0.35329584428797384,1.140496784001104,0.7756622367906957,40354344348.11326,144.25763876570676,candidate,HSC-SSP-simulated
HSC-0030,HSC-SSP,55.534100145505704,-2.196935938124668,0.29379311125466845,0.5539188780641846,0.7670853310070437,99416235775.78288,227.6862552972764,candidate,HSC-SSP-simulated
HSC-0031,HSC-SSP,48.45021680097509,5.88064620125116,0.2614423313278938,0.5533033095646348,1.3839135245095395,257269150746.70752,272.69010260174514,candidate,HSC-SSP-simulated
HSC-0032,HSC-SSP,40.78473453659265,-2.4768978688260797,0.36358713125637965,1.57450935830537,1.1670909742152822,466836389686.11285,400.0,candidate,HSC-SSP-simulated
HSC-0033,HSC-SSP,53.948855369003255,1.7995671693331818,0.48398399202855946,1.8124716724426837,0.7930670057686308,85909376529.0813,208.15906966299957,candidate,HSC-SSP-simulated
HSC-0034,HSC-SSP,47.34840422988522,-5.568692714439095,0.8,0.9157421595356352,0.8679861160907822,163444924818.20178,274.4475298483683,candidate,HSC-SSP-simulated
HSC-0035,HSC-SSP,33.81181537955654,0.26691912065765244,0.1354900239353755,1.4889796681099872,1.0137654349921115,89024444986.20769,187.41998261970915,candidate,HSC-SSP-simulated
HSC-0036,HSC-SSP,46.219053648303195,1.6491588179784786,0.05,1.009576259967734,0.7883948613625401,90485476486.8824,214.26317792665506,candidate,HSC-SSP-simulated
HSC-0037,HSC-SSP,30.760522302463727,5.551780976135101,0.3610951454888664,1.8875012946624055,0.8672017820531429,76083633117.80258,187.3335383713144,candidate,HSC-SSP-simulated
HSC-0038,HSC-SSP,46.476799941183614,2.5751510724007485,0.07669591168924451,1.6540104478874529,1.8901323613955139,348631119702.5031,271.62326302755736,candidate,HSC-SSP-simulated
HSC-0039,HSC-SSP,42.5880018728337,-3.0272281259861105,0.584340157896405,1.0392572056575629,1.1424165830167572,191189395625.2062,258.73170267146685,candidate,HSC-SSP-simulated
HSC-0040,HSC-SSP,44.22521487261976,-4.825990072187983,0.0994707896146982,2.493046862747679,0.6511323118678586,74255384373.45338,213.57939267301458,candidate,HSC-SSP-simulated
HSC-0041,HSC-SSP,48.77579747142709,0.03763510296105288,0.17023205525269522,0.5170008852250827,1.1487001999998985,126496034987.60626,209.87712370842243,candidate,HSC-SSP-simulated
HSC-0042,HSC-SSP,47.5732674382039,5.2827628970994915,0.2619789689105236,2.5955508716054436,0.6898061591353565,111559020904.75974,254.34242563829855,candidate,HSC-SSP-simulated
HSC-0043,HSC-SSP,41.58307913402323,5.534286765886971,0.26399714178897715,1.2921875968914929,0.8296014651749779,144823134950.24875,264.2495233593333,candidate,HSC-SSP-simulated
HSC-0044,HSC-SSP,30.698158072074776,3.77362179106723,0.1704022315344385,1.2560841571955996,0.8123102921880972,115128618391.22328,238.10069559712355,candidate,HSC-SSP-simulated
HSC-0045,HSC-SSP,54.10442791154546,-2.615585129144322,0.3803126525866476,1.7950828170623456,1.2009478015095356,51222372325.53496,130.6164194034109,candidate,HSC-SSP-simulated
HSC-0046,HSC-SSP,53.29238882225991,-1.9103575169637859,0.08030205924372619,0.7808723376905604,1.3904578141273376,138496027682.666,199.6042323614352,candidate,HSC-SSP-simulated
HSC-0047,HSC-SSP,57.076587200386996,0.06302846937428619,0.3041624784920318,1.6597538437204395,0.9111205831516134,97081645573.30348,206.44797688557287,candidate,HSC-SSP-simulated
HSC-0048,HSC-SSP,58.50185901152415,5.407285763250673,0.14907726722426187,0.5579746084827614,1.873327352666544,367818001956.65356,280.2461460889287,candidate,HSC-SSP-simulated
HSC-0049,HSC-SSP,52.5712358831304,3.4989485247101832,0.082493292820953,0.907946339167048,0.7640085403223118,25479770778.55588,115.49911256848603,candidate,HSC-SSP-simulated
HSC-0050,HSC-SSP,56.63112548274899,-1.7890198493750553,0.773444317292302,1.9027524761534593,0.844409792704412,83040746556.87643,198.33482965487198,candidate,HSC-SSP-simulated
HSC-0051,HSC-SSP,54.65580177871068,2.474906725877954,0.2915837252157312,0.4961164627626855,0.6555772509432501,57182711763.4959,186.78862783477888,candidate,HSC-SSP-simulated
HSC-0052,HSC-SSP,32.50502150096006,3.325762991129242,0.6167070385070205,2.135303494950164,0.9531513639901974,100026960442.2007,204.8837878961846,candidate,HSC-SSP-simulated
HSC-0053,HSC-SSP,44.05981925982379,-5.324360691817952,0.24911745252707412,1.3086047173964,0.7802278527351506,116733697675.17348,244.63432419002027,candidate,HSC-SSP-simulated
HSC-0054,HSC-SSP,41.24611738571112,-2.571454964617671,0.2676081249304484,1.2541235290467503,1.003784864813531,149013393416.51407,243.68136938637824,candidate,HSC-SSP-simulated
HSC-0055,HSC-SSP,45.692935325104465,1.5527836576231504,0.26067333432743384,3.0,0.7943713206001566,91333363201.09308,214.4534032185245,candidate,HSC-SSP-simulated
HSC-0056,HSC-SSP,48.6039779340461,-2.671425804226408,0.49072508045344254,0.5907250804534425,0.8540833362665511,33024353910.938683,124.36467414678904,candidate,HSC-SSP-simulated
HSC-0057,HSC-SSP,54.41385059120846,2.216774070646551,0.3269676710361511,0.5655876433611207,1.732278561973535,202651049058.816,216.3194442104047,candidate,HSC-SSP-simulated
HSC-0058,HSC-SSP,54.31659992345499,5.847313551779333,0.19923380932903337,2.247580204868192,0.9662217139329679,191945817904.86737,281.8908155986731,candidate,HSC-SSP-simulated
HSC-0059,HSC-SSP,42.44458507012995,-2.719115136831525,0.2510168135238525,1.1150453398627498,0.8736987508146141,137766028243.26392,251.14249661737495,candidate,HSC-SSP-simulated
HSC-0060,HSC-SSP,43.516324059302804,-4.45008701818206,0.27402619208494644,1.4854891644955626,0.6311357838614281,127158137648.35306,283.88384109492546,candidate,HSC-SSP-simulated
HSC-0061,HSC-SSP,33.40672776598887,2.0588783471135947,0.6867436738967436,1.5969969683123277,1.8556302160369165,439415796932.1729,307.7670421221602,candidate,HSC-SSP-simulated
HSC-0062,HSC-SSP,56.29960807975035,-1.1582056054512355,0.3969587762299494,2.462706092248079,1.3737268103604556,59896696343.967735,132.06302567884427,candidate,HSC-SSP-simulated
HSC-0063,HSC-SSP,41.76732135299197,-0.7503009357152512,0.20137444784189196,1.5889898346217604,1.6300075776475416,92908264043.0917,150.99492708925544,candidate,HSC-SSP-simulated
HSC-0064,HSC-SSP,55.87091126240236,5.394247483891705,0.05,0.8479892471284486,0.5378193101284877,62466657514.40749,215.54399802436058,candidate,HSC-SSP-simulated
HSC-0065,HSC-SSP,49.00202562950177,-3.118252574661683,0.3279231775456404,0.6898860753071361,0.9813719580187327,175895891756.5586,267.7571160250619,candidate,HSC-SSP-simulated
HSC-0066,HSC-SSP,50.02673215563081,-3.932161545580442,0.16073311155016282,0.5798940104005256,0.9684009160408525,68524013889.05828,168.2378838790313,candidate,HSC-SSP-simulated
HSC-0067,HSC-SSP,36.19001155217377,-1.6287616674230945,0.8,1.6563037402823078,0.8106509983876566,107861222380.50215,230.6989955367111,candidate,HSC-SSP-simulated
HSC-0068,HSC-SSP,56.20735872320331,5.050468806381758,0.2288725471207519,0.9275537772180306,0.8528681254828331,77954098290.38586,191.209087967766,candidate,HSC-SSP-simulated
HSC-0069,HSC-SSP,41.11416308374146,-0.18572417770774408,0.05640527831132326,2.120075619697729,1.1888269788564976,164919116300.14,235.5625077271768,candidate,HSC-SSP-simulated
HSC-0070,HSC-SSP,45.35032326346998,0.3853618231837874,0.22603800315015712,0.5822339409805931,0.7969963151640032,44168404898.45409,148.8873145201163,candidate,HSC-SSP-simulated
HSC-0071,HSC-SSP,30.60213593333179,-2.1350500130018606,0.14453132090919502,0.4565384977687446,1.658879692543476,289222756033.552,264.08198784747253,candidate,HSC-SSP-simulated
HSC-0072,HSC-SSP,53.67513715822015,-0.018693612851312658,0.26528359403527085,0.6571306807931538,0.7325865073461595,81139671901.94437,210.4830660958196,candidate,HSC-SSP-simulated
HSC-0073,HSC-SSP,38.51327717396173,-1.6430124432163788,0.4756626491475555,0.6929827466457971,1.183990805737402,114983988875.93771,197.09450485843118,candidate,HSC-SSP-simulated
HSC-0074,HSC-SSP,34.82044119778667,-3.761195711384331,0.1473147185245716,1.0123626580711211,0.7793577975322143,111772214133.21176,239.51266344915712,candidate,HSC-SSP-simulated
HSC-0075,HSC-SSP,55.96521377681941,3.8048648513913594,0.23391531650292943,1.4342119088869816,0.7458232975135172,193524266477.82278,322.16602448411527,candidate,HSC-SSP-simulated
HSC-0076,HSC-SSP,38.399372809808526,3.2339151983032437,0.7130762480960657,1.1444438073324277,0.5818953664186678,56496519361.82145,197.06903615285006,candidate,HSC-SSP-simulated
HSC-0077,HSC-SSP,48.31860127324897,-2.5364333611169307,0.19518420288617908,0.986586827308217,0.6953744093890177,78554774461.4191,212.57242974964754,candidate,HSC-SSP-simulated
HSC-0078,HSC-SSP,34.03244030816923,-5.239500354326787,0.17910576089884914,1.8453860689468344,0.8410807887861862,159383023285.80344,275.31645524142215,candidate,HSC-SSP-simulated
HSC-0079,HSC-SSP,47.86916221823533,-0.34108573739809955,0.4311755275700297,1.6952659471496105,0.9409045155372043,122802304169.92331,228.4864642195187,candidate,HSC-SSP-simulated
HSC-0080,HSC-SSP,35.43699198496981,-5.20204479159867,0.267713695808324,2.104976675483384,1.0793146463527739,97689497671.0339,190.27419736378752,candidate,HSC-SSP-simulated
HSC-0081,HSC-SSP,34.90967828597113,-4.028810424828085,0.38211217018586924,1.4168383115899916,1.8638052656603277,198672562596.5277,206.48983406612308,candidate,HSC-SSP-simulated
HSC-0082,HSC-SSP,54.497983184147316,-0.7303810971573785,0.48206598248222093,0.5971986737622501,0.8999158273372675,44720074819.55752,140.98740316282365,candidate,HSC-SSP-simulated
HSC-0083,HSC-SSP,56.987237198237054,-1.3933053435214635,0.25312163456890324,1.2479835051107682,1.260186288645263,164147138120.2736,228.25971900602883,candidate,HSC-SSP-simulated
HSC-0084,HSC-SSP,40.047168439712586,-4.328735128039353,0.3771510522831798,1.689313299362211,1.9762633353842955,189084894979.74814,195.6302488039426,candidate,HSC-SSP-simulated
HSC-0085,HSC-SSP,39.35166203386645,-3.018130322226411,0.33663644658965425,1.217024466286686,0.8664964783752059,88937954415.01323,202.62366331135226,candidate,HSC-SSP-simulated
HSC-0086,HSC-SSP,54.637719140160385,-4.672419156537513,0.44738849094415095,1.1183751010773242,0.7455529547774646,73537092203.13306,198.62960287752622,candidate,HSC-SSP-simulated
HSC-0087,HSC-SSP,51.66757705179199,2.6404384385528914,0.1575251274970841,1.287231298791189,1.7560004364617472,122551140032.6975,167.08072985764738,candidate,HSC-SSP-simulated
HSC-0088,HSC-SSP,57.25351684000885,1.0007015371934456,0.16324793503220617,1.4943574532550088,0.98346286362301,128964329928.53699,229.02654209027156,candidate,HSC-SSP-simulated
HSC-0089,HSC-SSP,48.343627063039435,-5.7826777941499135,0.2717882056295519,1.6668751016144945,0.7888789936457297,117006551835.55301,243.57341785679978,candidate,HSC-SSP-simulated
HSC-0090,HSC-SSP,47.288650805004394,1.2805805565942707,0.7028336017567657,1.247819110055509,0.7431321083661006,84851276758.24745,213.7106539950176,candidate,HSC-SSP-simulated
HSC-0091,HSC-SSP,59.54523596887004,4.066777037351208,0.26094709080409717,2.018912044857494,0.9537035790745578,94092836392.1814,198.655946502629,candidate,HSC-SSP-simulated
HSC-0092,HSC-SSP,54.085603457940344,-5.944415723944766,0.10076311303494313,0.2573087250866576,0.6790990607646545,40917992678.554146,155.2460613968192,candidate,HSC-SSP-simulated
HSC-0093,HSC-SSP,52.125037443292456,-0.5733847093223137,0.20302445546360134,0.3939390626169646,0.445273760923768,52556644685.32687,217.28525667410938,candidate,HSC-SSP-simulated
HSC-0094,HSC-SSP,57.445377032043,-1.6512732106004027,0.8,2.5925620190237524,0.9225011954694523,62539651617.52721,164.6737045629165,candidate,HSC-SSP-simulated
HSC-0095,HSC-SSP,32.56049004235932,5.962491022151369,0.8,1.672146117486297,1.0612266204816674,120120694207.31218,212.78197940380286,candidate,HSC-SSP-simulated
HSC-0096,HSC-SSP,36.15418921446022,-3.711747352036001,0.24371084412613397,0.7731814370401762,0.9263592457230347,201813922673.5808,295.1996494291344,candidate,HSC-SSP-simulated
HSC-0097,HSC-SSP,45.7317080798274,-0.7108470367412618,0.5772659654401632,0.6772659654401632,0.6555678263653173,53757430179.11459,181.10916562045622,candidate,HSC-SSP-simulated
HSC-0098,HSC-SSP,49.31998629717047,-1.0951899468228437,0.47849323766323704,2.431578107022474,1.2417250959695825,83033399058.43794,163.54741143913856,candidate,HSC-SSP-simulated
HSC-0099,HSC-SSP,30.591316132630926,-4.750697016185114,0.16156216505955745,1.3523811445419298,0.9304400623329594,94219079523.6174,201.25895962252014,candidate,HSC-SSP-simulated
HSC-0100,HSC-SSP,51.66800795566978,4.268357617275429,0.18641163488640675,2.0144480413348727,1.1947421372738336,124938742729.17525,204.5226780343005,candidate,HSC-SSP-simulated
HSC-0101,HSC-SSP,30.390057705322082,-4.973897629746383,0.31862280072502386,0.5771553412356396,0.8548605641966912,158639154582.66998,272.4504612918445,candidate,HSC-SSP-simulated
HSC-0102,HSC-SSP,37.782703002938774,-1.4436911019927976,0.05348327740500333,1.3423947906181581,0.535486916143337,124389528370.61336,304.8228184145019,candidate,HSC-SSP-simulated
HSC-0103,HSC-SSP,38.83397278625753,5.38143968354588,0.15862740868061437,1.277065707488665,1.0348622174289706,133919230703.32198,227.5150880730939,candidate,HSC-SSP-simulated
HSC-0104,HSC-SSP,42.756405134077,-5.730368300158592,0.31446814480867274,0.45959238405890035,1.052596144860445,116935514250.99736,210.80083318236603,candidate,HSC-SSP-simulated
HSC-0105,HSC-SSP,59.532065421106566,0.3082821876322299,0.1593663001089924,0.5845029337608949,1.0605138730286,77600006282.91472,171.0813611192484,candidate,HSC-SSP-simulated
HSC-0106,HSC-SSP,38.22165662061618,0.6501360301895209,0.506943991747402,1.684076523574951,1.0798357219860488,195540447003.34863,269.1345491972757,candidate,HSC-SSP-simulated
HSC-0107,HSC-SSP,48.0155058130096,1.9804400945550658,0.05,0.30020362055850897,1.168005631799709,98551632432.71465,183.71280934232672,candidate,HSC-SSP-simulated
HSC-0108,HSC-SSP,32.483960037753796,1.2378253135966588,0.14929370775632103,0.3644882873049733,0.7461997330857104,138710176887.7922,272.682089830392,candidate,HSC-SSP-simulated
HSC-0109,HSC-SSP,46.99213920890692,-0.287395173610804,0.3582153631963039,1.3166445488823662,0.8413972738300355,107533583607.0844,226.10049073226807,candidate,HSC-SSP-simulated
HSC-0110,HSC-SSP,44.89098741603709,1.16211418700267,0.5451296865594984,1.0019866968231916,0.989558349359449,235507344763.24704,308.5400317817755,candidate,HSC-SSP-simulated
HSC-0111,HSC-SSP,50.65207189283208,-0.7820719367550453,0.4136268328725727,0.9340650296305744,1.2050764255991573,60311274322.25355,141.48876400547718,candidate,HSC-SSP-simulated
HSC-0112,HSC-SSP,40.829216908200806,-4.90101512008039,0.23586127057562345,1.5374721601440333,1.120818649439029,175870242749.9922,250.52928726419117,candidate,HSC-SSP-simulated
HSC-0113,HSC-SSP,54.19683443584349,1.9054004005286078,0.448755265706203,1.6150178952875818,1.1375598271308756,150945556562.633,230.38438435815556,candidate,HSC-SSP-simulated
HSC-0114,HSC-SSP,35.417260353820005,0.815342766631554,0.09365160085969831,1.808402783092234,0.9882035836283095,159481540065.06705,254.07503486863123,candidate,HSC-SSP-simulated
HSC-0115,HSC-SSP,55.86127952967941,4.134592782420844,0.4792714259059604,1.021911753142998,0.8777891447519363,91810560052.43011,204.54139382656803,candidate,HSC-SSP-simulated
HSC-0116,HSC-SSP,32.308596048876275,2.355465310537678,0.5805438590317896,0.9595274927773663,1.5435629766188423,203830537799.90518,229.82773882557873,candidate,HSC-SSP-simulated
HSC-0117,HSC-SSP,39.562575087962095,1.5106965172441091,0.3053618101067857,1.8549562769674366,1.0249923988252465,191362722282.33087,273.27401875326757,candidate,HSC-SSP-simulated
HSC-0118,HSC-SSP,58.17203095538689,3.585398829283985,0.16261122525607072,2.2768724588541356,0.8748955629118823,187348549202.23758,292.66922385588504,candidate,HSC-SSP-simulated
HSC-0119,HSC-SSP,42.6407100683121,2.8509876190666983,0.1771397711980977,0.8414947353493545,0.7398985253992754,61008770044.139694,181.6101217447936,candidate,HSC-SSP-simulated
HSC-0120,HSC-SSP,31.262795689090858,-5.785512783199034,0.24334327294399793,1.2371886225015645,1.343524949657525,147138564931.16293,209.30055778872455,candidate,HSC-SSP-simulated
HSC-0121,HSC-SSP,58.34196066874231,-0.39118186500156327,0.33160584189667114,1.2770674897109486,1.159206105728944,58026412567.82886,141.50198311713285,candidate,HSC-SSP-simulated
HSC-0122,HSC-SSP,35.29584096016525,-3.3541654911578958,0.2645981335968898,0.7504958109165377,1.428614308348571,144767858162.50717,201.33003658117153,candidate,HSC-SSP-simulated
HSC-0123,HSC-SSP,52.74715427112274,2.3522474166455076,0.08464692626398777,0.6099312633748212,1.2091039466643185,345064175319.6602,337.8688182516354,candidate,HSC-SSP-simulated
HSC-0124,HSC-SSP,47.402586235134336,-4.9021579512269415,0.47913830228811183,0.9762024722415028,0.890198802165123,135967759820.78633,247.1749551394671,candidate,HSC-SSP-simulated
HSC-0125,HSC-SSP,46.52572111827418,-4.956158881063079,0.524026075214235,0.7464572901076513,0.8030976130338591,63580887591.309364,177.95456009760724,candidate,HSC-SSP-simulated
HSC-0126,HSC-SSP,36.60549605849434,2.199105163915151,0.24840038164123135,1.071177669525114,1.4283472148765257,280519056349.0786,280.28140389764184,candidate,HSC-SSP-simulated
HSC-0127,HSC-SSP,40.43427623706579,2.1361938307087627,0.3225087595435869,1.5924508163440383,0.8978182483279443,159591981202.9181,266.6498321325284,candidate,HSC-SSP-simulated
HSC-0128,HSC-SSP,56.01882602879407,2.5003557205804174,0.34087251963988835,2.0697830474049153,1.4201871761743117,124874978866.88434,187.54043375481604,candidate,HSC-SSP-simulated
HSC-0129,HSC-SSP,56.426122775967855,4.4621223329427835,0.3550850350083373,1.0851319032371094,1.0449970954403542,89918806478.94633,185.5229839459817,candidate,HSC-SSP-simulated
HSC-0130,HSC-SSP,54.53901072357186,3.9856101354929034,0.3586185691122793,1.3214924014802407,1.0140284525069196,168306825740.16797,257.6652134538825,candidate,HSC-SSP-simulated
HSC-0131,HSC-SSP,46.19956139147567,3.3581447418137227,0.06909044403553088,1.0739881007272474,1.6051801349998838,315625350502.84454,280.4490972053233,candidate,HSC-SSP-simulated
HSC-0132,HSC-SSP,57.960843165300524,-4.769883264111849,0.061861450679055366,0.6389639876966223,1.0599555760611632,107967829741.69237,201.85213605156463,candidate,HSC-SSP-simulated
HSC-0133,HSC-SSP,47.4651138052882,-1.8494033165645192,0.28536661356372955,0.8074784698346082,1.1198150777456948,127547168894.62273,213.4480796500502,candidate,HSC-SSP-simulated
HSC-0134,HSC-SSP,53.112222534233794,2.199544519278062,0.05,0.25455056252727304,0.517036510530258,82366271358.89008,252.43181673604806,candidate,HSC-SSP-simulated
HSC-0135,HSC-SSP,36.62308838366281,-5.011427452609888,0.4940720333012406,0.744065171932931,1.2991850697557388,141710519609.80313,208.87936107722172,candidate,HSC-SSP-simulated
HSC-0136,HSC-SSP,58.30847760502797,-0.9632721968865319,0.08717510681232549,0.5489217046479647,0.9301859027725647,131284290120.07074,237.60276982571483,candidate,HSC-SSP-simulated
HSC-0137,HSC-SSP,36.3931411207525,-5.626391005385864,0.07752197619151356,2.233379631434296,1.108289243018573,163389900680.65546,242.8376609576892,candidate,HSC-SSP-simulated
HSC-0138,HSC-SSP,53.127655339321564,4.137398737402652,0.39625990178218956,2.415681234994477,1.0607289398771766,173044133054.2166,255.4501878794256,candidate,HSC-SSP-simulated
HSC-0139,HSC-SSP,53.89611872928529,-0.22173178184939957,0.14056084366250027,2.760748265753021,1.0391793597174426,89827811980.70685,185.94741712625597,candidate,HSC-SSP-simulated
HSC-0140,HSC-SSP,38.06980213305293,3.5707092076462583,0.1731686860598303,0.28509721230336726,0.873111600424742,21827790010.61855,100.0,candidate,HSC-SSP-simulated
HSC-0141,HSC-SSP,48.00061644357911,-2.500049055488361,0.4351316839509277,1.57437043121945,0.7481940998148269,88578776351.47482,217.614432192901,candidate,HSC-SSP-simulated
HSC-0142,HSC-SSP,37.26135047587582,5.839951119205757,0.24930302001810273,0.5362544240904406,0.9358601255852356,114627179382.85219,221.34429194972654,candidate,HSC-SSP-simulated
HSC-0143,HSC-SSP,39.79383924731975,0.2125397206165367,0.2051241511967419,0.671205699236952,0.7404582683034137,78513265157.31168,205.94498535570224,candidate,HSC-SSP-simulated
HSC-0144,HSC-SSP,47.02622544784674,2.2735796296471893,0.15490203693993146,1.4151705608408438,1.5216672838501941,269636816464.18915,266.23168414563844,candidate,HSC-SSP-simulated
HSC-0145,HSC-SSP,30.94758434476926,5.234546954924278,0.2617260729750543,0.7433341501707416,1.3080767988236146,207272576949.33484,251.75859008409847,candidate,HSC-SSP-simulated
HSC-0146,HSC-SSP,40.18350577628418,3.777901364958147,0.6017276034511271,1.569229206370243,1.683355530469216,222421593409.54483,229.8955391731324,candidate,HSC-SSP-simulated
HSC-0147,HSC-SSP,32.44889946091769,-5.275774992113234,0.14388116764850217,0.7022665741240954,1.1698208839050543,107042790500.07675,191.31499980307106,candidate,HSC-SSP-simulated
HSC-0148,HSC-SSP,49.761233265026284,-0.021651402562332223,0.7559441202852911,1.903844434228481,1.0114662830437486,129155919942.49939,226.00156633591305,candidate,HSC-SSP-simulated
HSC-0149,HSC-SSP,35.98627352787435,2.162738909175495,0.2033980133858422,0.35705511690356906,0.8650604079660065,192954523807.88928,298.6993381645016,candidate,HSC-SSP-simulated
HSC-0150,HSC-SSP,40.378049776408886,-1.5475348441847672,0.29603249875311155,2.0044688172164093,1.3821002327477947,164319696603.1249,218.07457652496464,candidate,HSC-SSP-simulated
HSC-0151,HSC-SSP,57.02105592033776,-0.939348877518535,0.3987925523023378,0.5725458069859103,1.557313318707313,325181193103.5699,289.0045677073726,candidate,HSC-SSP-simulated
HSC-0152,HSC-SSP,51.99339067245843,-4.421187778472882,0.3583907014415911,1.3715674444119081,0.9923630892289043,192613388127.5998,278.63645096296824,candidate,HSC-SSP-simulated
HSC-0153,HSC-SSP,37.41693223209531,4.448998815270137,0.43119239411852417,1.0517820543803271,0.7146938795986739,121122306100.01227,260.3646562405542,candidate,HSC-SSP-simulated
HSC-0154,HSC-SSP,39.75570192674085,3.2816775082392073,0.07803529911870065,0.8814469707336992,1.1538593129899557,38310284349.92184,115.24212386600072,candidate,HSC-SSP-simulated
HSC-0155,HSC-SSP,54.866500976478285,-0.8293497160583287,0.3025214445896878,2.5284569442603106,1.290547468634426,222069650091.19403,262.3539504992517,candidate,HSC-SSP-simulated
HSC-0156,HSC-SSP,44.23892627249442,4.130045387630366,0.5693240282356381,2.2603039094125412,1.0742650439399222,111389872218.78627,203.65596101601741,candidate,HSC-SSP-simulated
HSC-0157,HSC-SSP,31.712605682679445,0.3740343360123841,0.15776687462128017,1.559118562566064,0.9760758562392744,88612579208.33452,190.5618231896602,candidate,HSC-SSP-simulated
HSC-0158,HSC-SSP,34.45029602886267,5.839561475506162,0.25180366042592073,1.8276032728465856,1.1095411403335986,36654898762.967545,114.95405692740411,candidate,HSC-SSP-simulated
HSC-0159,HSC-SSP,50.005927726383135,-4.324184942924245,0.8,2.5728620892406653,0.732002186401743,100056916961.31078,233.8284576297464,candidate,HSC-SSP-simulated
HSC-0160,HSC-SSP,43.312506579137136,4.417707052530064,0.14397557665596777,1.6745528831898702,1.1603301380472932,138435673511.42188,218.455618221421,candidate,HSC-SSP-simulated
HSC-0161,HSC-SSP,48.53541720603641,4.426859813744619,0.8,2.570026743207544,1.4277632968479792,97791022773.0625,165.52034508526737,candidate,HSC-SSP-simulated
HSC-0162,HSC-SSP,49.53698931124477,-4.720883636304111,0.7175699520565851,1.5101839972070898,1.103656461322344,155017438159.59317,237.03000095499291,candidate,HSC-SSP-simulated
HSC-0163,HSC-SSP,52.153476277539795,4.542186735616175,0.6436300860405232,2.5047103045126478,0.6919217937653355,113429406982.43481,256.0733136892537,candidate,HSC-SSP-simulated
HSC-0164,HSC-SSP,43.06749944438799,3.81401059410026,0.39433447209295974,1.120868368930053,1.0046846531120275,61202519371.32081,156.0988708281812,candidate,HSC-SSP-simulated
HSC-0165,HSC-SSP,50.864016200695865,-1.3373027847558507,0.05,0.5351886283037336,0.6723831494807999,87754831733.94263,228.48468961760096,candidate,HSC-SSP-simulated
HSC-0166,HSC-SSP,50.04638395665049,1.4338841521153736,0.13745448582187156,1.7787325436016017,0.9071482284406308,88271125629.21806,197.2877862423369,candidate,HSC-SSP-simulated
HSC-0167,HSC-SSP,40.23743482878469,-1.4376525745697153,0.2461593642158484,1.9291718677800413,2.0790804859387757,335331336972.8357,253.9986537758378,candidate,HSC-SSP-simulated
HSC-0168,HSC-SSP,51.54369228679484,5.466284351459215,0.37881734019752045,1.8043026521761116,1.088017711431843,120589022545.26196,210.55516561077624,candidate,HSC-SSP-simulated
HSC-0169,HSC-SSP,33.0426248534765,-0.16953888976409281,0.373124715031732,0.7173516266530656,0.7181500164740553,27781771097.429703,124.394841945757,candidate,HSC-SSP-simulated
HSC-0170,HSC-SSP,48.31001349932755,2.5938080906783227,0.3349904571321392,0.6814072703447536,0.9348305977371213,68770762172.16281,171.5400194843117,candidate,HSC-SSP-simulated
HSC-0171,HSC-SSP,45.754901510011805,2.5085551406691913,0.3726100427420276,1.523830800612017,1.0694818086859823,222086686685.1646,288.2070214986922,candidate,HSC-SSP-simulated
HSC-0172,HSC-SSP,31.302375985644574,1.5978165071282682,0.2744385150595642,1.5099650385655576,0.8101000614085513,70711151160.84456,186.8549541224526,candidate,HSC-SSP-simulated
HSC-0173,HSC-SSP,48.32942966552975,-1.067658362319543,0.07820497863791184,0.5395175005002,0.9153169287250524,182474096236.4636,282.3871036336867,candidate,HSC-SSP-simulated
HSC-0174,HSC-SSP,50.02649697874411,-4.853576233983982,0.12061753231914743,3.0,1.2094105162898796,175157880072.7122,240.6899548725749,candidate,HSC-SSP-simulated
HSC-0175,HSC-SSP,36.50219400272327,-4.851425333758059,0.2585803892029723,1.0005803694659379,0.8459901728141119,48549757969.424866,151.5098510210461,candidate,HSC-SSP-simulated
HSC-0176,HSC-SSP,47.83429005558519,-0.03879769368996744,0.12442993220564111,2.5267626989767877,1.1861288340885956,269411119534.8155,301.4198311564269,candidate,HSC-SSP-simulated
HSC-0177,HSC-SSP,38.224819996794174,-5.046967572132161,0.15342866006612357,0.4883723823584648,1.0102774948343516,83203261639.2197,181.5013384470679,candidate,HSC-SSP-simulated
HSC-0178,HSC-SSP,32.02837690776645,3.604278093868338,0.2980602265346753,0.47650723873783796,0.5498439915215273,78323957420.64325,238.70282849237861,candidate,HSC-SSP-simulated
HSC-0179,HSC-SSP,39.990057391745935,2.0338434623782824,0.7339024593844865,1.868029539186277,1.1823430127022052,148048737566.24292,223.80026957062057,candidate,HSC-SSP-simulated
HSC-0180,HSC-SSP,35.25908827072979,2.280058689847989,0.2842516415918698,0.4976052005149246,0.8019901261084136,159222840417.01306,281.8046587605219,candidate,HSC-SSP-simulated
HSC-0181,HSC-SSP,49.94735173461654,3.54539952947675,0.19359716638013194,2.0808569887721498,1.0434317850418238,86921077662.22484,182.5410379685435,candidate,HSC-SSP-simulated
HSC-0182,HSC-SSP,52.65811261490424,-4.4674381963771825,0.2962256462423568,1.6753039076758118,1.3324384638799753,92312519821.30942,166.4702830882199,candidate,HSC-SSP-simulated
HSC-0183,HSC-SSP,40.80409222414557,-4.9482870388339375,0.11425270661597717,0.23545558512612663,1.164622963404936,312830600125.5137,327.7871581603395,candidate,HSC-SSP-simulated
HSC-0184,HSC-SSP,45.470382830894934,5.032703678573007,0.08867113810580028,0.9759489623338208,0.9707688467243852,149773894657.7285,248.42205031280773,candidate,HSC-SSP-simulated
HSC-0185,HSC-SSP,39.14037417294122,-5.028968603384974,0.3850141866831548,1.6148521471621144,0.763730428361975,94546337956.84152,222.5267907797003,candidate,HSC-SSP-simulated
HSC-0186,HSC-SSP,54.674416909030825,-4.409703927097819,0.28449144119812586,1.1017741087142663,1.2780428569210354,112303242643.92148,187.47934826450032,candidate,HSC-SSP-simulated
HSC-0187,HSC-SSP,45.07698229390327,-1.2160436667322427,0.367242927291652,0.8658072490162493,0.9454527261705015,142326594108.79306,245.387883515575,candidate,HSC-SSP-simulated
HSC-0188,HSC-SSP,42.974936349903956,-2.258206402976885,0.26060122692401316,0.6227657061788333,0.9576946711211837,146076651055.73148,247.00563558415632,candidate,HSC-SSP-simulated
HSC-0189,HSC-SSP,49.506032771944604,-4.175701762456223,0.0748076871016829,0.777817731432016,1.5639549557781027,143860286981.50208,191.81754862868286,candidate,HSC-SSP-simulated
HSC-0190,HSC-SSP,33.641548182672864,-2.3606982291888534,0.17856813040775113,0.7856089284229419,1.0524543015876213,54018824407.85321,143.28506868077707,candidate,HSC-SSP-simulated
HSC-0191,HSC-SSP,48.716875088749156,0.32449756693981957,0.47158818802074265,0.69736507006423,0.9347935085372925,183730890337.32806,280.3904654230501,candidate,HSC-SSP-simulated
HSC-0192,HSC-SSP,52.00843141684206,3.2316587236960785,0.19355771892506693,0.7074006812556742,0.4596395481507667,79575740242.30215,263.1550113085315,candidate,HSC-SSP-simulated
HSC-0193,HSC-SSP,34.113291171869975,0.42372157743109984,0.12531185486969623,0.9488017368285276,1.1898026462474245,44266822692.598145,121.99209958530841,candidate,HSC-SSP-simulated
HSC-0194,HSC-SSP,55.330712482188474,-4.8230090305890645,0.8,1.3786962680718369,0.7668678292222816,21082538249.395283,104.86515052276418,candidate,HSC-SSP-simulated
HSC-0195,HSC-SSP,41.83428835710106,-0.48663877912816034,0.17335638622914576,0.6451184735335611,1.3661156300596151,66980960317.14781,140.04317567764934,candidate,HSC-SSP-simulated
HSC-0196,HSC-SSP,55.22614738277768,-5.5388838124521005,0.17922006294787748,3.0,0.8338393868360388,113975737361.04495,233.82718334463334,candidate,HSC-SSP-simulated
HSC-0197,HSC-SSP,48.41800754280185,-5.20017551327172,0.43898147995564224,1.6058839214175638,0.81602147176589,88728992949.15775,208.55085692548766,candidate,HSC-SSP-simulated
HSC-0198,HSC-SSP,32.54376048137409,2.595880656752186,0.2678452477626544,0.4990028459419555,0.74715380990803,120521029055.0683,254.01326896477403,candidate,HSC-SSP-simulated
HSC-0199,HSC-SSP,35.55586703602404,-3.910687975990988,0.5479157791067757,2.4048453009822546,1.2407127255936852,194414735676.28342,250.35655503918093,candidate,HSC-SSP-simulated
HSC-0200,HSC-SSP,41.458189189586875,-3.5317528536533387,0.5995616487062988,2.617867074958579,1.1815994689715503,107575447432.85278,190.8321013886326,candidate,HSC-SSP-simulated
HSC-0201,HSC-SSP,59.05466332783151,3.584570299854896,0.25754801132158595,1.1282275662450365,1.083913045703166,179382667202.25818,257.29006255302016,candidate,HSC-SSP-simulated
HSC-0202,HSC-SSP,49.69435821994508,-4.4628510436056,0.3834242852034106,0.7079135337204094,0.554378852423743,85910872292.501,248.97212864336308,candidate,HSC-SSP-simulated
HSC-0203,HSC-SSP,37.220781354975145,-4.541983484388983,0.2797064714756565,1.3276364863824255,1.2772651157467418,176652176018.2133,235.20630853349047,candidate,HSC-SSP-simulated
HSC-0204,HSC-SSP,55.395430160708344,5.027118403674653,0.3051070196860895,0.9879981716477348,1.6196396282585592,283125945075.86273,264.42994401654374,candidate,HSC-SSP-simulated
HSC-0205,HSC-SSP,49.68485513043214,-3.8708547663635176,0.4209010705106068,1.5397728374018746,0.8224997764486933,100906034999.75137,221.52394251328323,candidate,HSC-SSP-simulated
HSC-0206,HSC-SSP,55.221090840336004,2.793618537195007,0.05809077008141789,1.0566901309633365,2.182574043708831,526289259317.8891,310.5687514332491,candidate,HSC-SSP-simulated
HSC-0207,HSC-SSP,56.199687475824234,1.635496247750977,0.39123368867570824,1.1383510055709043,0.6926091258456857,118335457848.23022,261.42272578475536,candidate,HSC-SSP-simulated
HSC-0208,HSC-SSP,59.7542985404809,-4.80986280495341,0.1100578079945785,0.6220264327335231,1.1931221434573194,195468707742.1518,255.99186454356953,candidate,HSC-SSP-simulated
HSC-0209,HSC-SSP,35.640742038462484,-1.7353851757711265,0.6477574921071699,1.3975420224861357,1.0044161811323227,54636136486.778946,147.50717172595472,candidate,HSC-SSP-simulated
HSC-0210,HSC-SSP,34.46664150997334,-2.3327494141174214,0.09113341298516983,2.61016527900761,0.8870172443241356,40449181848.61626,135.05754000981773,candidate,HSC-SSP-simulated
HSC-0211,HSC-SSP,42.378655225458715,2.347417757961683,0.6516711993633147,0.8371962956516814,1.4604947249500617,191567876185.7138,229.05582551055303,candidate,HSC-SSP-simulated
HSC-0212,HSC-SSP,44.42918669658371,1.7079063108627288,0.12056809325679213,2.398284742518398,1.8254524360017084,414972193382.7546,301.54645906314704,candidate,HSC-SSP-simulated
HSC-0213,HSC-SSP,54.14966999042309,-2.762151358461428,0.48471788639093916,0.8936239817977194,0.9989881750171733,189964940685.5035,275.7951026682681,candidate,HSC-SSP-simulated
HSC-0214,HSC-SSP,51.23042804222747,3.4633795760688777,0.14416975449543018,0.43644183300596523,0.9435576273334202,74602355079.50102,177.83696978531287,candidate,HSC-SSP-simulated
HSC-0215,HSC-SSP,36.61835858133634,1.1787035287648653,0.22471421289665913,0.5563536403226427,1.7440810009380951,178829797120.90338,202.5193906611098,candidate,HSC-SSP-simulated
HSC-0216,HSC-SSP,42.297146690888646,4.077627427627407,0.3041712880030779,3.0,1.5887905374100595,88725711463.05814,149.45877509560626,candidate,HSC-SSP-simulated
HSC-0217,HSC-SSP,30.785901255961942,-5.709698833303737,0.08456225909990979,1.0121855427604312,0.588292027084668,108529206096.76663,271.6481973576403,candidate,HSC-SSP-simulated
HSC-0218,HSC-SSP,55.25800700375426,-3.766782985844672,0.2141173227791728,0.4974209017887343,0.42245233125400056,56007533968.56347,230.2843187480342,candidate,HSC-SSP-simulated
HSC-0219,HSC-SSP,44.893834570658996,-0.7577915686178454,0.18364080021298854,0.6855583654432823,1.1510013202930158,165420419498.904,239.7654731229242,candidate,HSC-SSP-simulated
HSC-0220,HSC-SSP,49.708654688014185,5.479375453001495,0.1545843394460478,0.9249258901194313,0.940727163058703,132937909748.41188,237.75112272107583,candidate,HSC-SSP-simulated
HSC-0221,HSC-SSP,37.48638599548518,-2.736603286456428,0.2095796625322701,2.425500328549172,0.9218828904920449,86468417176.02539,193.69609838940207,candidate,HSC-SSP-simulated
HSC-0222,HSC-SSP,31.879596103660635,4.877249440132932,0.2472949436051863,0.3472949436051863,1.3037094430223537,175962707757.85016,232.35386889031517,candidate,HSC-SSP-simulated
HSC-0223,HSC-SSP,46.805045503855254,5.241869544397101,0.2672957885479098,0.4442107384897795,0.8532388122520366,57708120933.64242,164.48002413519896,candidate,HSC-SSP-simulated
HSC-0224,HSC-SSP,46.9599076371483,-0.4328101597399652,0.3766720837652704,0.5417800421189845,1.4182472898865512,139933664717.54132,198.6621441558823,candidate,HSC-SSP-simulated
HSC-0225,HSC-SSP,37.52899984020894,4.207392694093654,0.15906881496060485,0.49363823693084286,1.0186762139795742,107257575476.26907,205.22293799267254,candidate,HSC-SSP-simulated
HSC-0226,HSC-SSP,51.23505291689306,0.5224586081117533,0.28067097987595746,0.595843817594012,0.4162766794159939,40626779820.842636,197.58098904730588,candidate,HSC-SSP-simulated
HSC-0227,HSC-SSP,42.35296624753526,1.81168160581145,0.8,1.6468278059353327,0.8038031465602691,70750767173.32509,187.63796810059767,candidate,HSC-SSP-simulated
HSC-0228,HSC-SSP,53.588345981520995,-3.5836346143683073,0.2387700614097576,0.797720277801456,0.7512636808792169,40969036063.19387,147.6935983719919,candidate,HSC-SSP-simulated
HSC-0229,HSC-SSP,56.33490234456123,4.554982259418351,0.2688503403162299,0.9276561709835373,0.6256543339313986,73618180899.61086,216.9478287265002,candidate,HSC-SSP-simulated
HSC-0230,HSC-SSP,57.27660617584681,0.4644215754325707,0.13286131552914948,1.1742968604468969,0.7980872792426367,162600709860.13766,285.4736448175356,candidate,HSC-SSP-simulated
HSC-0231,HSC-SSP,58.93429961702435,-3.554802490467731,0.15532981899925338,1.7339949213961692,0.8183679510057298,159721756591.32144,279.4072867353492,candidate,HSC-SSP-simulated
HSC-0232,HSC-SSP,41.879114179873646,4.981080820884518,0.36901007367892974,1.5560318424592894,0.7757639474559473,132814372141.47824,261.69036695796825,candidate,HSC-SSP-simulated
HSC-0233,HSC-SSP,57.18429764297299,-2.677146151466293,0.17597739950064004,0.8113550741702364,0.8859501988120393,122211498130.08154,234.89911181887257,candidate,HSC-SSP-simulated
HSC-0234,HSC-SSP,34.563128496668185,-0.7161189795798126,0.42819317776198434,1.2772580706198686,1.527551560962155,207773247048.5245,233.2528022420156,candidate,HSC-SSP-simulated
HSC-0235,HSC-SSP,50.03759996410881,1.6160552790472975,0.24138157115006018,0.9596569454285221,1.3440924120513664,165063338714.6935,221.6362245770354,candidate,HSC-SSP-simulated
HSC-0236,HSC-SSP,45.82198866368029,2.632243468429902,0.20179252992274696,1.1670032906619363,0.8994697213142615,122653957539.14122,233.54872694230963,candidate,HSC-SSP-simulated
HSC-0237,HSC-SSP,46.22381264956633,2.5229135834797383,0.31365450182770543,2.319089750817878,0.965199408461857,111999468462.48149,215.44154402219064,candidate,HSC-SSP-simulated
HSC-0238,HSC-SSP,54.84747757311655,-1.9775034315495272,0.05,1.5522457122271858,1.1782379626338,108287733543.59549,191.7357611800459,candidate,HSC-SSP-simulated
HSC-0239,HSC-SSP,40.438242347465,-0.5957882531350478,0.17860256096488278,2.0703864626193256,1.5783733881643174,182144383772.82687,214.8488399301392,candidate,HSC-SSP-simulated
HSC-0240,HSC-SSP,59.37314814045463,1.6097056595488421,0.5702065225741481,0.8506512898724773,1.4280413449414164,142656602786.8222,199.89666277416646,candidate,HSC-SSP-simulated
HSC-0241,HSC-SSP,55.111233757288204,-2.648686938547075,0.3658861811536039,1.2834881029229153,1.789039170925352,329525304028.2954,271.4341305348196,candidate,HSC-SSP-simulated
HSC-0242,HSC-SSP,58.14914455345448,4.454453787156623,0.07187952453226136,1.3857370455999527,1.3950216747207684,190369057889.35617,233.63488967649675,candidate,HSC-SSP-simulated
HSC-0243,HSC-SSP,46.813218929413196,-4.668126369438227,0.39827959688114617,2.169965140472527,0.9645299939571544,130511885724.58678,232.646840713254,candidate,HSC-SSP-simulated
HSC-0244,HSC-SSP,33.32161779978947,-0.9294188602566642,0.23791389365029622,1.3044329292208372,1.0588145189611557,104024971142.82602,198.23888835996857,candidate,HSC-SSP-simulated
HSC-0245,HSC-SSP,57.32310484931746,3.0475428431614073,0.4253392764168554,0.7889488357081507,1.3851308820540593,221597843343.00558,252.96902930934758,candidate,HSC-SSP-simulated
HSC-0246,HSC-SSP,33.37741171235811,2.444231729529548,0.18237890585050706,0.8796283364226459,0.9005090730610735,35593852437.07205,125.73999739894414,candidate,HSC-SSP-simulated
HSC-0247,HSC-SSP,47.95072452893277,-2.4331463074965938,0.19690486977131152,1.8064836676976923,1.6706019519884987,275242995154.5461,256.71523377807483,candidate,HSC-SSP-simulated
HSC-0248,HSC-SSP,31.0401080017945,0.9936820210018755,0.14416093551095674,1.0235355610850159,1.4170305084431591,199615712075.9849,237.37651880790372,candidate,HSC-SSP-simulated
HSC-0249,HSC-SSP,33.447989911787005,-4.873712582119726,0.5497783011763605,2.1844040459308425,1.1622156785592441,185487231250.28912,252.6641586624769,candidate,HSC-SSP-simulated
HSC-0250,HSC-SSP,42.9128223096297,-2.1966409465065686,0.8,2.0087841644626288,1.5099817483206088,399368072721.8688,325.26012006040054,candidate,HSC-SSP-simulated
HSC-0251,HSC-SSP,48.93922659275966,1.1003659476759058,0.09046837956682684,0.9734484468599167,0.6184185758646272,66355785912.34236,207.17060349089132,candidate,HSC-SSP-simulated
HSC-0252,HSC-SSP,49.566727786364176,5.406372631034442,0.05,0.9117966427532147,1.662820591798535,191665765178.18994,214.72349739988462,candidate,HSC-SSP-simulated
HSC-0253,HSC-SSP,40.85559279615416,-0.33007973992183715,0.2159718931298287,0.8017736296867586,0.8124293731078848,88711057002.68091,208.99026864960211,candidate,HSC-SSP-simulated
HSC-0254,HSC-SSP,35.88293138215179,1.3293608529092191,0.05,0.9376887208026912,0.6457999811545766,121408444111.47035,274.22397915365354,candidate,HSC-SSP-simulated
HSC-0255,HSC-SSP,47.16145930107902,0.15201271147699735,0.1540098813342207,0.8881927906277092,1.2231163938377112,94383668337.33682,175.6889828195297,candidate,HSC-SSP-simulated
HSC-0256,HSC-SSP,40.35669428405076,0.0889432646137065,0.30571845827801747,1.1005054918304151,0.8085425038747522,42098001561.03912,144.31428036935864,candidate,HSC-SSP-simulated
HSC-0257,HSC-SSP,42.65484535616494,-1.0677470968134504,0.3053787125316257,1.5121147228521206,0.8650929549058375,111777182983.17696,227.33965059927746,candidate,HSC-SSP-simulated
HSC-0258,HSC-SSP,37.72821661001166,-5.28570359582674,0.7102013052550504,2.2668426574274174,0.5243768779799961,44403684373.02519,184.042334037879,candidate,HSC-SSP-simulated
HSC-0259,HSC-SSP,33.630750014555794,-0.9726265177502951,0.2254338859038882,1.1093657759925768,1.0518982631324785,154131952102.71573,242.09703247847045,candidate,HSC-SSP-simulated
HSC-0260,HSC-SSP,50.36009870017695,-1.6569601099456204,0.23139034766302322,1.0769503744056237,1.3310139100355747,182757634591.16187,234.35620826009122,candidate,HSC-SSP-simulated
HSC-0261,HSC-SSP,51.71919166398281,-4.553299003155717,0.08748558192793117,0.992876457825443,0.9621727665509332,38132615976.159775,125.90754772511805,candidate,HSC-SSP-simulated
HSC-0262,HSC-SSP,47.31599660203652,-5.475131132292631,0.2822513394611184,0.6126739927267311,1.3375467603122444,194795339574.63397,241.35971809358423,candidate,HSC-SSP-simulated
HSC-0263,HSC-SSP,50.77478480007676,-0.8408270713182224,0.0827732049169204,1.6613644245148265,1.5185251837958174,163451335765.07867,207.49767427005236,candidate,HSC-SSP-simulated
HSC-0264,HSC-SSP,54.67267121004835,4.290748051935406,0.2248827399957873,1.6988049425094405,1.4789051830697744,69267760422.38214,136.8754005982163,candidate,HSC-SSP-simulated
HSC-0265,HSC-SSP,51.16757587931474,2.2608602219056415,0.09265789276999374,0.6879452753298356,0.9117310030092156,152879528853.0848,258.983026613467,candidate,HSC-SSP-simulated
HSC-0266,HSC-SSP,34.63379241669971,-5.69462688113099,0.5992667332580605,2.697163701159554,0.6034865908486544,48723131037.11469,179.70649667519058,candidate,HSC-SSP-simulated
HSC-0267,HSC-SSP,50.31361919205028,1.2693509934322842,0.15192555339634536,0.5642930339990049,1.1356649215214154,137758742949.74142,220.27462751216967,candidate,HSC-SSP-simulated
HSC-0268,HSC-SSP,58.92052221353107,-1.3895194441703973,0.1687315950231745,0.9463183221286507,0.8949357876132568,37701132792.28154,129.81092891109108,candidate,HSC-SSP-simulated
HSC-0269,HSC-SSP,57.002495490494425,-4.606332477593693,0.18736530184327088,1.5563945245899666,0.9047054599023607,46261591343.25449,143.016674036334,candidate,HSC-SSP-simulated
HSC-0270,HSC-SSP,40.211613127635175,0.4968912881710228,0.058505954277457896,2.5850364904249346,1.9530456850385522,213363605465.18387,209.04219901434692,candidate,HSC-SSP-simulated
HSC-0271,HSC-SSP,39.069997480544814,-2.8879812321948664,0.5710755175583708,1.3005163493773475,0.8679447891549507,107959054820.203,223.0557804683694,candidate,HSC-SSP-simulated
HSC-0272,HSC-SSP,40.418311170915224,0.9656112119243518,0.3583714205695924,3.0,0.7589530376528638,104420396172.91504,234.59308810000076,candidate,HSC-SSP-simulated
HSC-0273,HSC-SSP,47.08132083546848,1.4479257578950087,0.46776402941345396,1.0353812500243371,0.9687153116436739,50060651296.54835,143.7739356690413,candidate,HSC-SSP-simulated
HSC-0274,HSC-SSP,58.92086541496541,4.9134553312469045,0.2996173473437772,2.048673184888861,1.0298312419401208,104961413997.2566,201.9118465581593,candidate,HSC-SSP-simulated
HSC-0275,HSC-SSP,53.82631987648216,-2.6907891809837166,0.30826326263065723,1.4094838620452366,0.9912595774319876,134263447683.28447,232.76366937067814,candidate,HSC-SSP-simulated
HSC-0276,HSC-SSP,41.259897237588056,-2.5705973336895576,0.5121554748610272,1.0170948358246037,1.510334920595353,477989810365.3816,355.7973286156441,candidate,HSC-SSP-simulated
HSC-0277,HSC-SSP,55.96731436873657,5.768872123001152,0.20132219774697055,1.4183300669920578,1.2135678724682268,234963401209.38504,278.29030096041924,candidate,HSC-SSP-simulated
HSC-0278,HSC-SSP,56.79270615586245,-5.250508876571143,0.21246077668233343,1.4906512264584044,0.41390591460213727,104542954139.95308,317.8531820270821,candidate,HSC-SSP-simulated
HSC-0279,HSC-SSP,51.68120873094685,2.310389178445295,0.20610379931476022,0.5564292826072279,0.6610766736341728,50777227140.19422,175.28250436622986,candidate,HSC-SSP-simulated
HSC-0280,HSC-SSP,58.72344057114289,-5.893640578638373,0.1395649677448186,1.7519660479075376,1.1664041334454085,176109852349.52216,245.7521336638094,candidate,HSC-SSP-simulated
HSC-0281,HSC-SSP,34.28550861902516,3.04113506708363,0.41577228060030785,2.2762381372231917,1.236755173378909,102019106849.12148,181.64727467146616,candidate,HSC-SSP-simulated
HSC-0282,HSC-SSP,44.62883429001633,-5.06820798394074,0.2933024212035849,0.7623726028040887,0.957570816171025,121558413152.91943,225.33935967370869,candidate,HSC-SSP-simulated
HSC-0283,HSC-SSP,58.43064077893412,-5.132202296904737,0.22479977195865328,0.3360400195984923,1.0660797253562837,228416066612.5418,292.7510611381582,candidate,HSC-SSP-simulated
HSC-0284,HSC-SSP,51.212594318000946,-5.397287862432314,0.2505977143097005,0.4173723723233558,0.7954737470513972,138231843289.37335,263.64595933853934,candidate,HSC-SSP-simulated
HSC-0285,HSC-SSP,57.876841608955615,-1.138767665669203,0.14678285787010872,0.8207684654298636,0.5481760912122448,68729325583.42395,223.94480482992543,candidate,HSC-SSP-simulated
HSC-0286,HSC-SSP,48.104792881301364,-1.7062309906374136,0.2545076177974634,1.2122379038544926,1.0649180252283914,101668440727.846,195.41819071839763,candidate,HSC-SSP-simulated
HSC-0287,HSC-SSP,37.25795040946589,2.567431590079078,0.35405728215270077,1.5581060907656399,1.1249344757176685,106448078287.13087,194.55181871462506,candidate,HSC-SSP-simulated
HSC-0288,HSC-SSP,38.142281413401435,-0.039654926184641504,0.13815785248821655,0.7342357461955628,0.7813547712565886,148856774687.06784,276.05153336622357,candidate,HSC-SSP-simulated
HSC-0289,HSC-SSP,30.00404079013456,0.13354967084675806,0.19172750117352072,1.129303628985263,1.2808571207269492,99916212980.51617,176.64348921445497,candidate,HSC-SSP-simulated
HSC-0290,HSC-SSP,39.488104491879206,-4.777291343207837,0.06945072888906483,0.4779317156432818,1.0819537111651085,142689869552.53354,229.6794955683772,candidate,HSC-SSP-simulated
HSC-0291,HSC-SSP,43.014522587295886,4.919317726252704,0.33349251520545137,1.1019565059549612,0.48111683051648485,54716136961.41034,213.2860418906848,candidate,HSC-SSP-simulated
HSC-0292,HSC-SSP,48.98135636245803,2.4462850996119734,0.4874199116801836,2.4004361761199187,1.026954141717122,135656224379.50629,229.86578537027978,candidate,HSC-SSP-simulated
HSC-0293,HSC-SSP,38.9415662591833,-4.735620932989722,0.3892070330636764,2.2662293019342847,1.0001584002009665,156350192889.26056,250.06033744645575,candidate,HSC-SSP-simulated
HSC-0294,HSC-SSP,42.98187408059114,-0.5076047380884727,0.1578254760670344,0.42545592118396947,0.8728648704395741,186855144286.75113,292.62337672353726,candidate,HSC-SSP-simulated
HSC-0295,HSC-SSP,54.6653966044927,4.204176013438744,0.39088357443329624,0.6840734608353858,1.2228010688961952,84652487211.92245,166.40713834799223,candidate,HSC-SSP-simulated
HSC-0296,HSC-SSP,48.23256366758167,-2.4563822691380066,0.3302050990512741,0.7063540967061458,0.6998959709857653,159724556183.48352,302.1336476627982,candidate,HSC-SSP-simulated
HSC-0297,HSC-SSP,51.396206498478534,-3.6094167012713627,0.19161009686891617,1.478086451176372,1.0123514089323387,73048304428.21048,169.89062721092637,candidate,HSC-SSP-simulated
HSC-0298,HSC-SSP,38.027780301839144,4.025762708906333,0.20829330473994107,0.5504627331704924,2.0622232047930624,346455065979.59314,259.23021439490117,candidate,HSC-SSP-simulated
HSC-0299,HSC-SSP,30.29771463383507,-0.43085808655795343,0.25437578604779915,1.4931121181004505,1.2393838917300912,202916773048.91812,255.90928628539672,candidate,HSC-SSP-simulated
HSC-0300,HSC-SSP,45.63888142962417,5.712165879350563,0.404247060641075,1.6809420635257686,1.031028542128702,228056043477.9845,297.4510075747594,candidate,HSC-SSP-simulated
HSC-0301,HSC-SSP,40.44286779504864,-1.5391284611240366,0.2832823535430562,1.149897040467206,1.053378375230364,141984221423.25027,232.197659895425,candidate,HSC-SSP-simulated
HSC-0302,HSC-SSP,53.411283707129414,-0.5040508919571423,0.05047468461787972,0.45525925235374176,0.9694984257802256,46051223281.056015,137.84055944229164,candidate,HSC-SSP-simulated
HSC-0303,HSC-SSP,52.42333219790082,-0.3142820592246407,0.25406650254644875,1.2453632433819846,0.6851966308664519,61307630207.69831,189.18192959802613,candidate,HSC-SSP-simulated
HSC-0304,HSC-SSP,35.8749925240281,-4.310364613287887,0.5893793135066417,1.8370253036296313,1.1612145979790245,222759072182.21954,277.0074519260633,candidate,HSC-SSP-simulated
HSC-0305,HSC-SSP,41.644971183809865,2.089563546432755,0.12355838438896036,0.38018338127624307,1.344739555105781,157144579702.61783,216.20244881787386,candidate,HSC-SSP-simulated
HSC-0306,HSC-SSP,51.23164050802582,-5.253561286023567,0.12064185312492448,0.28739417011099455,1.056986752470129,98943087562.57008,193.50311152687553,candidate,HSC-SSP-simulated
HSC-0307,HSC-SSP,38.24111445143676,3.6835858906079224,0.2960702067481989,0.3960702067481989,1.5841216827963087,174587115858.08276,209.9625418223568,candidate,HSC-SSP-simulated
HSC-0308,HSC-SSP,36.27556396223783,-5.400251656083855,0.07925558757378008,0.6650868237087767,1.1931131468790328,147531132759.09357,222.39807229907734,candidate,HSC-SSP-simulated
HSC-0309,HSC-SSP,37.78625349528271,-0.7560493720125496,0.31992456028678107,1.2818087022889673,0.8198821624832711,125491745504.40253,247.4354133992516,candidate,HSC-SSP-simulated
HSC-0310,HSC-SSP,57.236963813388584,5.32441911384265,0.15350347314910887,1.2930838674194263,1.005760863543553,117046526067.85904,215.75550907488233,candidate,HSC-SSP-simulated
HSC-0311,HSC-SSP,51.549935261160115,-3.031916210171,0.07825311467772203,0.4341209938023387,1.1522561423680269,139020759638.701,219.68242216135656,candidate,HSC-SSP-simulated
HSC-0312,HSC-SSP,30.363093503283224,-5.891538371048494,0.6909695869612085,0.9497109849440812,1.198840210160101,177673586561.80295,243.47859091742163,candidate,HSC-SSP-simulated
HSC-0313,HSC-SSP,32.86197831939632,-0.8555757481627966,0.41534980204383604,3.0,0.9285716717921031,76979872157.10081,182.1003888740663,candidate,HSC-SSP-simulated
HSC-0314,HSC-SSP,57.585930739681494,5.919060185075569,0.05281277278315921,0.5333305647827471,1.486450717731734,200664966259.8653,232.37559582881022,candidate,HSC-SSP-simulated
HSC-0315,HSC-SSP,58.52785783507645,0.9254710324598499,0.28027161942871737,0.7451948785490536,1.2676790131292972,264576386235.85898,288.9354873131675,candidate,HSC-SSP-simulated
HSC-0316,HSC-SSP,37.211967386805206,-3.7008846511820908,0.07811862871697493,0.9206991828422436,0.7511260294243168,99937829473.5534,230.6951934100741,candidate,HSC-SSP-simulated
HSC-0317,HSC-SSP,38.4743623193108,5.405510046903549,0.215084833254204,3.0,0.6254571331778844,50518327358.09864,179.74453800568537,candidate,HSC-SSP-simulated
HSC-0318,HSC-SSP,40.59151174800907,4.729131630399008,0.48515217027720625,1.2022728753594678,1.318500404471209,134440878296.31543,201.95542902876963,candidate,HSC-SSP-simulated
HSC-0319,HSC-SSP,36.14040327171852,1.0935636391021974,0.46407545201943523,1.0542464233112547,0.4578268802760208,60519917998.79932,229.94740733982474,candidate,HSC-SSP-simulated
HSC-0320,HSC-SSP,54.32635743023755,4.029911134926191,0.573787436614223,0.8893268064922604,0.5865037158919927,81652729727.02441,235.98259129594885,candidate,HSC-SSP-simulated
HSC-0321,HSC-SSP,42.75684556313082,-5.549146915213111,0.3235520627868488,0.8802868605504345,0.8165130174188556,100337751564.44348,221.70762087440124,candidate,HSC-SSP-simulated
HSC-0322,HSC-SSP,59.19234488916999,-3.286496025003937,0.09303013434337744,0.4036053058993808,1.2260676125435237,80999698777.77388,162.5602982420672,candidate,HSC-SSP-simulated
HSC-0323,HSC-SSP,52.25688980876146,4.181104549086296,0.05,0.5180208274620679,0.8699484876424749,128532910621.51077,243.1030446625948,candidate,HSC-SSP-simulated
HSC-0324,HSC-SSP,41.128230244732954,4.823282360989801,0.15122557759099378,2.2811621260725468,1.025925818799304,82718828630.97179,179.5867139179537,candidate,HSC-SSP-simulated
HSC-0325,HSC-SSP,51.27962485417829,-3.9921443519872755,0.3400905107700808,2.4450609217502803,1.215475098290538,63752760842.98165,144.8459849120091,candidate,HSC-SSP-simulated
HSC-0326,HSC-SSP,38.89679736617792,2.573089968854907,0.182772367440466,1.1882672665280436,1.199634488813598,133320109973.71072,210.8401690639806,candidate,HSC-SSP-simulated
HSC-0327,HSC-SSP,54.82518959619664,2.3665125829156413,0.1929024721820032,2.805160935052268,1.221130752275952,177427989175.35068,241.07933053072279,candidate,HSC-SSP-simulated
HSC-0328,HSC-SSP,38.22214768026573,3.684850846400437,0.15672149634572688,0.4625311431278313,1.1409375870743554,191259527204.70673,258.9468251756057,candidate,HSC-SSP-simulated
HSC-0329,HSC-SSP,51.81170284846171,0.7448735328308533,0.24891790063071847,1.5927480138382781,1.2320276736899594,212163427456.35486,262.4551055371572,candidate,HSC-SSP-simulated
HSC-0330,HSC-SSP,41.530651155724044,-5.697679032489248,0.05621296434526671,0.679677095137623,1.1620663032697032,143809233840.98422,222.488684359048,candidate,HSC-SSP-simulated
HSC-0331,HSC-SSP,31.550061649738833,0.0575471796543372,0.41121423782800254,1.5468909577028138,0.5241366344094529,98992008695.1457,274.8576355876848,candidate,HSC-SSP-simulated
HSC-0332,HSC-SSP,33.951450857372805,4.383549106906949,0.16826532819935588,0.5595305091314513,1.374350031801006,216205434585.37265,250.85029747883488,candidate,HSC-SSP-simulated
HSC-0333,HSC-SSP,37.51403696377497,1.4984891952839874,0.565792742711371,1.5793936477421253,0.8951328448035097,115485445172.41159,227.16942336711256,candidate,HSC-SSP-simulated
HSC-0334,HSC-SSP,46.46575995232068,-2.5484072514758616,0.09894960405028914,0.32858843921972386,0.8279694527364271,182200497330.809,296.686385495825,candidate,HSC-SSP-simulated
HSC-0335,HSC-SSP,32.05059600929876,3.405118109809287,0.15993471904911918,0.3056254318242836,0.9543073845717689,88486307739.41624,192.58563517546995,candidate,HSC-SSP-simulated
HSC-0336,HSC-SSP,58.333457480829104,1.7008127675826987,0.5348161770105431,2.6964384114980904,0.8833449053699451,119904212775.02731,233.01402532914432,candidate,HSC-SSP-simulated
HSC-0337,HSC-SSP,38.33558328269137,-2.6841706984097566,0.32265859606249364,1.1249798281137553,0.9332144876441036,70463265314.11226,173.7883427865848,candidate,HSC-SSP-simulated
HSC-0338,HSC-SSP,52.136549545038186,2.454653136329343,0.05,0.41581525081040815,0.9752792966167488,53058810374.210526,147.5177390150735,candidate,HSC-SSP-simulated
HSC-0339,HSC-SSP,38.05601268202822,-2.5504600212329986,0.29232345040900176,1.1712245834975727,0.8487386053811656,90407803489.6585,206.41724448369735,candidate,HSC-SSP-simulated
HSC-0340,HSC-SSP,47.97133761451145,1.4837853394831928,0.0733374960546972,1.5651974511727835,1.275602946886503,84299748592.63564,162.5868355623691,candidate,HSC-SSP-simulated
HSC-0341,HSC-SSP,51.19889609636129,1.3200890049538287,0.08953832270966507,0.45984894616337446,1.1799155670521286,165727888391.6131,237.02946082002484,candidate,HSC-SSP-simulated
HSC-0342,HSC-SSP,36.078979024060295,1.0510304533128227,0.5125994653449861,2.3518400231202685,0.6317053254497582,95347626982.42328,245.71273780089174,candidate,HSC-SSP-simulated
HSC-0343,HSC-SSP,43.50762738428671,5.490972181005809,0.5370552370012994,1.1728090727586973,0.9929592577228104,110814761666.87587,211.2822871048582,candidate,HSC-SSP-simulated
HSC-0344,HSC-SSP,32.77876449154102,2.9806121961147767,0.22539491417074786,1.7137503638358078,1.6902478437037731,353105570402.06665,289.0727039345243,candidate,HSC-SSP-simulated
HSC-0345,HSC-SSP,49.13064740687807,-3.0957350402294734,0.1647009628758471,1.179947879128251,0.790468319494954,67980698794.83484,185.47294738418702,candidate,HSC-SSP-simulated
HSC-0346,HSC-SSP,38.12418984110918,-3.029282756641363,0.2372153215655112,0.6886529819714751,0.840283476198196,113039523894.71844,231.97022502676884,candidate,HSC-SSP-simulated
HSC-0347,HSC-SSP,58.54472130530362,4.0619020061162985,0.3597847646919012,1.5364336694430942,1.1556635553497152,72231709363.53539,158.1168788836351,candidate,HSC-SSP-simulated
HSC-0348,HSC-SSP,52.28644481003817,2.855008720248305,0.12940690354594828,0.9874696675006996,1.3797377078514226,394518501826.01855,338.19362473096805,candidate,HSC-SSP-simulated
HSC-0349,HSC-SSP,38.065605431465805,-1.5786129610010526,0.3135701880257872,1.7048344686016743,0.6692606121569873,108494758491.83798,254.64593115158056,candidate,HSC-SSP-simulated
HSC-0350,HSC-SSP,51.16382490850459,-0.8687839955599523,0.8,1.229955272180197,0.8480063620740411,146616403099.94833,262.9793943489901,candidate,HSC-SSP-simulated
HSC-0351,HSC-SSP,43.31758363519133,-5.737040054699893,0.25494874551453955,0.36185312879325915,0.8624855820156562,184076173967.09924,292.1816001734407,candidate,HSC-SSP-simulated
HSC-0352,HSC-SSP,49.65521143573014,-2.8771608241772477,0.199776656065,0.8652557896849964,1.2675825325681205,178000960641.28958,237.00256472844453,candidate,HSC-SSP-simulated
HSC-0353,HSC-SSP,54.423770567734856,2.2216117184938096,0.191174174737596,0.6884908486241534,2.4223262228900366,482382158620.32025,282.23397903683934,candidate,HSC-SSP-simulated
HSC-0354,HSC-SSP,40.706579255133306,-1.7545300951627674,0.3554041909881187,1.5942630096484731,0.963063164454795,134545009017.53867,236.39397620796788,candidate,HSC-SSP-simulated
HSC-0355,HSC-SSP,40.63274846379164,0.06760984106350598,0.20808766469031192,0.6038029494112277,1.116551033416109,116534707884.02383,204.3235156913801,candidate,HSC-SSP-simulated
HSC-0356,HSC-SSP,50.30822348990512,4.0549004982216434,0.3404939565349967,1.6301313357754856,1.1526799505930938,86926678883.19116,173.6809435009231,candidate,HSC-SSP-simulated
HSC-0357,HSC-SSP,35.377597672178425,2.327395086121882,0.17757415202404564,0.834572183157374,1.3401010422757331,236912758490.02618,265.9227221971207,candidate,HSC-SSP-simulated
HSC-0358,HSC-SSP,45.448000497397786,-4.063646387335396,0.1362281594339493,0.3925803645811905,2.0709655460748215,302328619608.3906,241.64799126803481,candidate,HSC-SSP-simulated
HSC-0359,HSC-SSP,37.36056942498633,-5.3072140892985935,0.06686607015474381,0.5862168839958155,1.358545970712268,357466471289.6607,324.4221386434963,candidate,HSC-SSP-simulated
HSC-0360,HSC-SSP,42.473253105699655,-0.8526679988382693,0.8,1.9109764428663296,0.45351618467066895,54959687219.32932,220.16877532985805,candidate,HSC-SSP-simulated
HSC-0361,HSC-SSP,56.115808988081525,1.5770270546205172,0.10057392797629051,0.9904508257220331,0.7644459952607477,76135280358.9511,199.59495804198897,candidate,HSC-SSP-simulated
HSC-0362,HSC-SSP,50.76220941073107,-3.5249746339661687,0.4558076466979917,1.1466832626414298,0.9140198460125779,108086959158.24704,217.48976914791277,candidate,HSC-SSP-simulated
HSC-0363,HSC-SSP,53.782743407184384,-5.171449124224804,0.8,1.101917847584537,1.0878365652061335,257875779787.5963,307.9310242097567,candidate,HSC-SSP-simulated
HSC-0364,HSC-SSP,55.08353109621746,3.856660354808332,0.23985367491508483,2.1387939376139236,0.6731587060245727,74110446511.53432,209.85096813021715,candidate,HSC-SSP-simulated
HSC-0365,HSC-SSP,55.64922058684423,4.590718521268167,0.12487266757340543,0.9178699491288129,0.9872351562371191,122626741400.88994,222.90113674041976,candidate,HSC-SSP-simulated
HSC-0366,HSC-SSP,32.009208360758144,4.528205437594064,0.4529178463302525,0.5529178463302525,0.8335929307297275,110784173781.20782,230.56418461397362,candidate,HSC-SSP-simulated
HSC-0367,HSC-SSP,41.26406785399501,3.6457745423213606,0.05,1.3507762946894006,0.8291919414643859,92093303617.7102,210.77373211720752,candidate,HSC-SSP-simulated
HSC-0368,HSC-SSP,41.0872259828032,-0.42913776312930096,0.4670590475971354,2.423927534630504,1.215866021032626,80875568507.77347,163.11571647875917,candidate,HSC-SSP-simulated
HSC-0369,HSC-SSP,44.51968104539242,-5.936238291979849,0.3848076950606329,1.7282817414593072,1.1470393235472929,245829561211.4115,292.7911161073383,candidate,HSC-SSP-simulated
HSC-0370,HSC-SSP,53.458799314738776,3.020963908750085,0.26658683670603606,2.3821832363237077,1.5235010231736967,247460536080.35104,254.8951636269514,candidate,HSC-SSP-simulated
HSC-0371,HSC-SSP,35.09643018152206,-3.6602976011965294,0.3119417159485395,1.4814416676639586,1.6652698999592523,311590570899.8574,273.57715761174427,candidate,HSC-SSP-simulated
HSC-0372,HSC-SSP,56.6738377182003,0.9456810541432858,0.09862088555773275,1.2161098560917183,0.7754667455512664,68080346973.35164,187.39555557034697,candidate,HSC-SSP-simulated
HSC-0373,HSC-SSP,39.414804246732466,-3.1019924640859986,0.18489635274364405,0.40037744478137316,0.7616052866349741,166781667227.34006,295.9641961820885,candidate,HSC-SSP-simulated
HSC-0374,HSC-SSP,54.65492839756078,1.9141292236892422,0.14302315326189274,1.6586030664009388,1.052903727333121,161454216267.91226,247.6625609992392,candidate,HSC-SSP-simulated
HSC-0375,HSC-SSP,39.73535400526026,-2.7658576524927283,0.3844035177374399,0.7432403686996208,1.2897549818719751,80874961168.39882,158.37383426157453,candidate,HSC-SSP-simulated
HSC-0376,HSC-SSP,54.44819185621618,3.3363029177358374,0.13788955595244617,1.4062067781121204,0.7389194185210546,27436048078.345184,121.86871541637105,candidate,HSC-SSP-simulated
HSC-0377,HSC-SSP,30.93447278380173,-2.8850826086994097,0.3240061500258627,0.5004031564941861,1.2259828301342115,128676331104.2008,204.8977250255068,candidate,HSC-SSP-simulated
HSC-0378,HSC-SSP,56.643545668021076,-2.0965125796590267,0.32065877129839987,1.3751822959367257,1.2548758005685186,197053487434.29575,250.6234397006801,candidate,HSC-SSP-simulated
HSC-0379,HSC-SSP,55.74069813021688,5.971539568825879,0.1002800816712323,0.7857807756703231,1.105345537790177,234919353425.97327,291.5683390915592,candidate,HSC-SSP-simulated
HSC-0380,HSC-SSP,39.38333967631062,1.852104065912636,0.3908477965229972,2.4100138538756957,1.1230436635946852,211629619041.44733,274.54902125929834,candidate,HSC-SSP-simulated
HSC-0381,HSC-SSP,46.901860521379206,1.4953685773743786,0.3014528237035387,2.007796334454507,0.8999426222784153,200025178223.6437,298.1706679416054,candidate,HSC-SSP-simulated
HSC-0382,HSC-SSP,51.22191000098783,-1.3292343396985382,0.35982895437484835,0.5769545030039911,1.1166071842312002,36916974072.81333,114.9986746174188,candidate,HSC-SSP-simulated
HSC-0383,HSC-SSP,36.34907695709583,5.947573313986602,0.3917452985181736,1.937049565630874,1.7972311491807775,170346159474.00412,194.71266478690316,candidate,HSC-SSP-simulated
HSC-0384,HSC-SSP,50.32594841651054,-1.5225285789313965,0.8,1.6357211563090672,0.8003186887018584,76654676077.44435,195.7347082316066,candidate,HSC-SSP-simulated
HSC-0385,HSC-SSP,49.078209804801325,1.1916253936732524,0.3756106073771303,0.7602693238001496,0.9043477310132741,127116067407.47906,237.11689172448106,candidate,HSC-SSP-simulated
HSC-0386,HSC-SSP,30.5743460399051,3.3492310367494404,0.68788699538355,2.2029387214294425,1.0131399812764945,155663559641.1254,247.90697572592532,candidate,HSC-SSP-simulated
HSC-0387,HSC-SSP,44.65486897979716,-1.1773536013112391,0.2997040830202957,0.5889928133850652,1.6932380632760085,377559965668.03033,298.6509862607428,candidate,HSC-SSP-simulated
HSC-0388,HSC-SSP,40.6477398263103,-5.37612777626751,0.23595178751604362,0.8104179167285456,0.7123509366252077,112318277888.72394,251.13556119501342,candidate,HSC-SSP-simulated
HSC-0389,HSC-SSP,55.88990494076616,4.633121223758497,0.3927968770245651,0.8073034325750638,1.0789081649694117,183764976623.2944,261.0172006306228,candidate,HSC-SSP-simulated
HSC-0390,HSC-SSP,59.20147857494463,-0.41988578968286916,0.16273610604369815,0.8755752117720115,0.9401105264841644,78425722765.05074,182.67108267298806,candidate,HSC-SSP-simulated
HSC-0391,HSC-SSP,32.131046671320064,-3.4704827813996566,0.21730651408901583,0.39744017429091877,0.9260251121523817,100086782139.33786,207.92512770646107,candidate,HSC-SSP-simulated
HSC-0392,HSC-SSP,59.19230393736895,3.111510083021683,0.238229141003625,1.4209321815470712,0.6970066993207898,49120962212.481865,167.89777938784485,candidate,HSC-SSP-simulated
HSC-0393,HSC-SSP,36.97517976623494,-4.443852261309176,0.12857102492807176,0.37401801808098545,1.1954334505604174,110319063707.73444,192.12884734458393,candidate,HSC-SSP-simulated
HSC-0394,HSC-SSP,34.407657707513124,-1.8882582417297415,0.24396111818153512,0.6408475026695798,0.8977273268381863,124000888649.89009,235.0553669595871,candidate,HSC-SSP-simulated
HSC-0395,HSC-SSP,47.420972536628554,0.06610512467836749,0.32404067489128036,0.6627609185143774,0.9761100675592165,77619595960.2569,178.34719714996206,candidate,HSC-SSP-simulated
HSC-0396,HSC-SSP,39.19390404128461,3.8685745342242512,0.22806324063125888,0.7147855094566794,1.7328494128466676,294447706506.7454,260.7075881059133,candidate,HSC-SSP-simulated
HSC-0397,HSC-SSP,53.31147856955268,4.346435683898266,0.3342751320455301,1.0002415307643207,1.2885884459911428,299942352138.9092,305.1348244173968,candidate,HSC-SSP-simulated
HSC-0398,HSC-SSP,44.77707212259892,-0.20182964023597805,0.2358033916639031,1.8465254341939907,0.8958770413051498,84025528958.40068,193.69188232262553,candidate,HSC-SSP-simulated
HSC-0399,HSC-SSP,52.87340876024605,-4.487975665632069,0.05,2.815769714619643,1.6287089969819577,102081233083.66963,158.33655868515615,candidate,HSC-SSP-simulated
HSC-0400,HSC-SSP,46.579868033302446,-1.5339209370372338,0.4010175636812402,1.382256983643115,0.7195057519685094,54815198360.74563,174.5674852129281,candidate,HSC-SSP-simulated
HSC-0401,HSC-SSP,35.48513339606451,3.9085314187280034,0.13552291903806366,0.4397773174291245,1.0684002412986922,99888801206.20299,193.3843867035105,candidate,HSC-SSP-simulated
HSC-0402,HSC-SSP,32.61051654908366,0.6814189311382552,0.5602017193179994,1.0955188770013917,1.1562280147071708,99873651446.63747,185.88045028570525,candidate,HSC-SSP-simulated
HSC-0403,HSC-SSP,56.22215319915556,-3.003972567117238,0.14050321540912078,1.3689255636887956,1.445845325329824,163852711358.54233,212.90991875019563,candidate,HSC-SSP-simulated
HSC-0404,HSC-SSP,40.53658162046342,-4.874681684915802,0.08368027362674547,0.4468935070945965,0.8184574515719302,95926041548.20142,216.52108955393868,candidate,HSC-SSP-simulated
HSC-0405,HSC-SSP,43.988982388194565,3.1269077094633886,0.464982819750174,1.015573273034893,0.8539570689946607,178823169495.63962,289.41688891042236,candidate,HSC-SSP-simulated
HSC-0406,HSC-SSP,54.82659156822141,-3.951499640250238,0.2783641357970432,1.4847231170706088,3.247454023416451,403068576250.7195,222.81681434060604,candidate,HSC-SSP-simulated
HSC-0407,HSC-SSP,43.14535839745034,4.070164739763584,0.16335999347090704,0.9676591739195196,0.8804951141423566,118948629168.48465,232.45893358569487,candidate,HSC-SSP-simulated
HSC-0408,HSC-SSP,38.43149250500667,-3.9180473957397357,0.11382272157359322,0.6891186889378336,1.4581153782515865,203459574550.24265,236.2507068128271,candidate,HSC-SSP-simulated
HSC-0409,HSC-SSP,37.10799974719946,2.128717558666473,0.1731597052235642,0.8982264929890552,1.222131470660202,268950152980.9985,296.69274705160876,candidate,HSC-SSP-simulated
HSC-0410,HSC-SSP,37.03276800034544,-1.8589950538411948,0.27765480019947414,1.17162827386133,1.0786088607429605,174999136512.04593,254.75103475441117,candidate,HSC-SSP-simulated
HSC-0411,HSC-SSP,50.354999048779135,-2.1894035969089387,0.060292639619570695,0.44132853861340043,1.3318782545745007,241949585752.89832,269.56293290960446,candidate,HSC-SSP-simulated
HSC-0412,HSC-SSP,48.680686228493926,5.88130615304239,0.5098104016976057,1.0109142191867342,0.93345306423266,74764535664.35675,178.99115604769872,candidate,HSC-SSP-simulated
HSC-0413,HSC-SSP,55.03715370766883,5.225814162329948,0.077536276234543,1.3964353582453795,0.9444515108425626,64461030305.58455,165.22995484953816,candidate,HSC-SSP-simulated
HSC-0414,HSC-SSP,59.042291443522004,-0.6394256728977563,0.312349548317825,1.0307699813148792,0.61315226967676,104611449970.85715,261.2374503286149,candidate,HSC-SSP-simulated
HSC-0415,HSC-SSP,47.33673338082265,4.852317299926288,0.4436506211278153,0.8022782510803683,1.689122155513453,180055971875.3269,206.4920003808668,candidate,HSC-SSP-simulated
HSC-0416,HSC-SSP,50.73167438217786,-2.7404018247075643,0.38355244061532273,0.9199451525623368,0.7283545771545007,97556491708.68512,231.46570642173236,candidate,HSC-SSP-simulated
HSC-0417,HSC-SSP,38.63836028027978,-0.0861649856061053,0.7499365566114715,0.9753254580897126,1.8151766662726634,232071616137.01492,226.1421719270099,candidate,HSC-SSP-simulated
HSC-0418,HSC-SSP,57.0723909985831,-1.872507761307773,0.10112707095475303,1.3368058072373499,1.0617761617407755,264174977229.92636,315.47093261467467,candidate,HSC-SSP-simulated
HSC-0419,HSC-SSP,56.951593997521044,-1.2057745849567825,0.441916449015184,1.1985245827664506,1.028407729353249,73079513478.40575,168.5951796089035,candidate,HSC-SSP-simulated
HSC-0420,HSC-SSP,59.417046811821706,-3.4236493504397347,0.23166079658551758,2.477081156749072,1.1979784319106879,174190762719.85822,241.16709743042878,candidate,HSC-SSP-simulated
HSC-0421,HSC-SSP,33.09795026625145,-3.9297134766436552,0.8,1.8681909109008141,0.9544903798042049,112055834223.5131,216.70126895545948,candidate,HSC-SSP-simulated
HSC-0422,HSC-SSP,40.42556385941264,-5.395805676367761,0.3478174503682551,0.941666208231583,1.7617476462631618,98015582290.36624,149.17831859019032,candidate,HSC-SSP-simulated
HSC-0423,HSC-SSP,47.32895263033268,-1.689495036207716,0.39902266414320714,1.1733636104383416,1.4884554837820527,286919021214.7564,277.678171432993,candidate,HSC-SSP-simulated
HSC-0424,HSC-SSP,39.845384483928356,-3.4912875155178478,0.1624194743428116,0.34944481881978506,0.4275659731161583,39495463551.89303,192.2215326026036,candidate,HSC-SSP-simulated
HSC-0425,HSC-SSP,54.25217216681072,3.8834833289876816,0.07318693259301462,0.6800480003091325,1.0587904450154966,155608593424.42136,242.4609360642517,candidate,HSC-SSP-simulated
HSC-0426,HSC-SSP,45.947164580601935,-5.6080912705860495,0.05,0.5265597664854497,1.0178527552686756,149447331593.95447,242.3436250401349,candidate,HSC-SSP-simulated
HSC-0427,HSC-SSP,51.442598293318376,-5.178594569207799,0.10607043829656916,0.8130249519841776,0.8386520479624797,112082582562.7821,231.21082021453964,candidate,HSC-SSP-simulated
HSC-0428,HSC-SSP,40.639986149552485,0.6079605532902184,0.5483273166789469,1.1829083262581237,0.6626541233433817,56409367066.39204,184.52794987862268,candidate,HSC-SSP-simulated
HSC-0429,HSC-SSP,33.17622954639388,-1.7412277981613515,0.7589419007708673,1.1525528154948188,0.6972265690646108,69873314330.32158,200.2159644121868,candidate,HSC-SSP-simulated
HSC-0430,HSC-SSP,34.70438115950417,3.92762579684695,0.23234826302977984,0.7685704491437407,0.6348661480671988,88458449609.53413,236.07966056696193,candidate,HSC-SSP-simulated
HSC-0431,HSC-SSP,45.07281861499129,2.7778363164373907,0.29620859512207975,1.6614382766643199,1.0625786460903484,241625719739.97614,301.5928449544555,candidate,HSC-SSP-simulated
HSC-0432,HSC-SSP,50.32314213684883,-0.8585051538144546,0.4321558497143486,1.6758769197536147,1.4335580453116075,184703809454.92633,227.01799349240235,candidate,HSC-SSP-simulated
HSC-0433,HSC-SSP,42.93905119023044,-1.4515141754035792,0.21571043464382011,1.2655911420631618,0.5569217357716786,71857492955.42729,227.179396825258,candidate,HSC-SSP-simulated
HSC-0434,HSC-SSP,47.191266018570474,-2.0974656446854643,0.23215064419299228,1.3667462598799511,1.366861723291529,212168666195.58038,249.17721515059438,candidate,HSC-SSP-simulated
HSC-0435,HSC-SSP,58.40268734076722,-1.197452689803936,0.13657562873792775,1.6531467885570534,1.6402427813647433,306803105581.1176,273.5305279989593,candidate,HSC-SSP-simulated
HSC-0436,HSC-SSP,50.64136671222386,-4.555349054530932,0.07388943518168735,1.3339942767067239,0.705721106251239,74755913557.29387,205.84305516281165,candidate,HSC-SSP-simulated
HSC-0437,HSC-SSP,35.12809207262545,-0.9822625420464046,0.3331438978443748,1.3395706948483088,1.3697279423928368,313907018574.9958,302.77035565441474,candidate,HSC-SSP-simulated
HSC-0438,HSC-SSP,34.890573414446585,-3.1942460028832307,0.3576962372049077,0.9806284512284731,0.5639403326512078,115251715576.83307,285.9151162426335,candidate,HSC-SSP-simulated
HSC-0439,HSC-SSP,30.859572827329636,0.9990287077506812,0.23311495934221482,1.042431043792385,1.0124748596157844,148420395915.97186,242.15010652236876,candidate,HSC-SSP-simulated
HSC-0440,HSC-SSP,38.25717543111025,2.5132663756076976,0.35335297851273717,1.0255883513556272,0.9707092490596259,87476501255.4991,189.85896721080192,candidate,HSC-SSP-simulated
HSC-0441,HSC-SSP,54.97090618982985,3.6677856643601032,0.13648075017826133,0.5894584518173014,0.9673454479425695,74204559541.36664,175.1678886342396,candidate,HSC-SSP-simulated
HSC-0442,HSC-SSP,40.12362836892687,4.4482614654892725,0.05,0.6640466327672678,0.6898866353613329,87679265282.30516,225.4704235916485,candidate,HSC-SSP-simulated
HSC-0443,HSC-SSP,47.15987634850778,3.6651879515998367,0.14998337208475446,1.3136022974690797,0.7072940406479468,31000744963.745228,132.40855966241406,candidate,HSC-SSP-simulated
HSC-0444,HSC-SSP,50.39091650500036,-5.319834814009975,0.2317518314558034,0.8243853237952283,0.6735860162563333,112788883988.53748,258.80139569217374,candidate,HSC-SSP-simulated
HSC-0445,HSC-SSP,56.582583264405486,4.748279331199399,0.10181145654998246,0.53769905459188,1.3398983294552158,202353116432.70938,245.78140442219782,candidate,HSC-SSP-simulated
HSC-0446,HSC-SSP,50.192763927336514,3.8922053669921937,0.09139438122457631,0.7289219054066164,0.6983487955585139,122312453551.1218,264.68488446945554,candidate,HSC-SSP-simulated
HSC-0447,HSC-SSP,32.43688904420018,5.910981545853161,0.4658521141942192,3.0,1.982771376104038,177287451467.77756,189.11791615331518,candidate,HSC-SSP-simulated
HSC-0448,HSC-SSP,42.33571427608473,-0.8701625509167847,0.4149719335630114,0.5279858285532043,1.0571246849014504,153844135930.18546,241.27224320920863,candidate,HSC-SSP-simulated
HSC-0449,HSC-SSP,54.6981963804009,0.6742883115601401,0.10721344122067508,0.5754845568829308,1.310121101087315,192705607120.56857,242.5612659659254,candidate,HSC-SSP-simulated
HSC-0450,HSC-SSP,39.729881320545545,2.117804994247253,0.7317811238609299,2.9857674767369193,0.6083609153845508,57109509255.593155,193.77759318686742,candidate,HSC-SSP-simulated
HSC-0451,HSC-SSP,53.05743992739606,-3.2847308399617656,0.09679727059153499,1.5209595548161483,1.0888534992228633,79231842678.90579,170.60633295496254,candidate,HSC-SSP-simulated
HSC-0452,HSC-SSP,55.483392186772065,-5.460038145174908,0.11925233402129432,2.0474598595117985,0.8821679128359736,31078710814.667725,118.70960634443115,candidate,HSC-SSP-simulated
HSC-0453,HSC-SSP,30.410472442820435,-5.02081535994194,0.09468221093574543,2.8709245030317443,1.3528766698889874,83637468973.76598,157.25386659988538,candidate,HSC-SSP-simulated
HSC-0454,HSC-SSP,58.959081708911995,-5.39499871677349,0.2875020468607574,1.8847066462536057,0.6061791087044879,112892210195.47807,272.93642649419394,candidate,HSC-SSP-simulated
HSC-0455,HSC-SSP,57.51804199733042,-1.1209135516863329,0.34556621289701617,0.7895826896622653,1.1983843207050664,165322307330.32852,234.9079232995263,candidate,HSC-SSP-simulated
HSC-0456,HSC-SSP,53.76573584405028,2.1163328144726883,0.3281602894715011,1.2607865974620607,0.76772744280976,65255468464.23007,184.38896181754745,candidate,HSC-SSP-simulated
HSC-0457,HSC-SSP,49.85503755341995,1.604539197186348,0.20666684632024426,1.0700489305863543,1.2209448755107075,306846634305.97217,317.0608718231874,candidate,HSC-SSP-simulated
HSC-0458,HSC-SSP,40.28192776283721,-4.385084794750707,0.29755102305218056,1.621725523679575,1.3026781473330675,213525454920.6978,256.0567681272791,candidate,HSC-SSP-simulated
HSC-0459,HSC-SSP,33.54655866873266,-5.9996313738554115,0.11123180330593327,2.1614250519763076,1.42057200760482,182542124356.06693,226.71482486238963,candidate,HSC-SSP-simulated
HSC-0460,HSC-SSP,58.72894938817764,0.7889394073594707,0.11750508435314451,0.97037435760615,0.6259730457398889,136346184650.18661,295.17099142144997,candidate,HSC-SSP-simulated
HSC-0461,HSC-SSP,37.208973703511006,-4.860416697259482,0.1470778833255676,0.8079678596281172,1.5304463173394125,38261157933.48531,100.0,candidate,HSC-SSP-simulated
HSC-0462,HSC-SSP,56.20855586211646,5.946826805888254,0.5877759838174456,1.6588998644833817,1.6535391135466762,123328416088.55359,172.72465600286344,candidate,HSC-SSP-simulated
HSC-0463,HSC-SSP,50.46575067765296,-2.2171267842065903,0.3214583720781155,0.6841452362550522,1.3913109324068225,259362730219.20197,273.06854824365666,candidate,HSC-SSP-simulated
HSC-0464,HSC-SSP,52.6041633197879,4.474313058787974,0.7696500479319762,1.6027809228630239,1.8697675435193046,133920385832.61868,169.2620253407074,candidate,HSC-SSP-simulated
HSC-0465,HSC-SSP,55.498779915096165,-3.6450513995260123,0.23970598347188674,0.5861888891681636,1.0606049339081245,81013900357.88156,174.7965855132,candidate,HSC-SSP-simulated
HSC-0466,HSC-SSP,46.330346629029634,-3.195110495559069,0.5304806816899147,1.709703151395292,0.7206158467827096,123417270369.67575,261.7375663162441,candidate,HSC-SSP-simulated
HSC-0467,HSC-SSP,39.233127158794474,1.3636548358726053,0.7015430825199248,1.963077898432866,0.663818011177297,74975182208.57593,212.55153451163517,candidate,HSC-SSP-simulated
HSC-0468,HSC-SSP,51.05214821631772,0.6775756481858641,0.4131737916756136,1.0994677173933194,0.7349809030882007,145603880792.84024,281.5000286359575,candidate,HSC-SSP-simulated
HSC-0469,HSC-SSP,50.26988706621219,-1.2487532856486023,0.19887390675206987,2.538305270297205,0.8557141362895706,88118387177.5483,202.954606132696,candidate,HSC-SSP-simulated
HSC-0470,HSC-SSP,47.536293397783744,5.631861747410147,0.1517384650385438,0.8826642974167335,1.147344835769494,83887450060.69069,171.01393876415966,candidate,HSC-SSP-simulated
HSC-0471,HSC-SSP,59.93248167030602,-0.5791262882226746,0.0865650576748427,0.23633241249145426,0.5838169720142822,33822341274.946064,152.22762484438556,candidate,HSC-SSP-simulated
HSC-0472,HSC-SSP,49.790708187914234,-0.6955989488265182,0.16136547182829278,1.1147824139539413,1.1276596918685438,144696722677.65903,226.55325931079244,candidate,HSC-SSP-simulated
HSC-0473,HSC-SSP,34.542969431098896,-0.2710057262357557,0.649374834939015,3.0,0.9194835707273521,67825708827.84028,171.77311025449043,candidate,HSC-SSP-simulated
HSC-0474,HSC-SSP,34.87982445316455,2.8123881179066217,0.8,2.662269484423788,1.3934324996132639,128154848081.72585,191.80262559708785,candidate,HSC-SSP-simulated
HSC-0475,HSC-SSP,46.20836679562263,-5.048636584425699,0.4567287595774683,1.3830867337934678,0.9780525687846582,114309086873.12172,216.2167197837085,candidate,HSC-SSP-simulated
HSC-0476,HSC-SSP,42.98314453025456,1.1481578899383544,0.36124411571199583,2.5727379407561366,1.9767121291101046,197236829825.8825,199.78012884080192,candidate,HSC-SSP-simulated
HSC-0477,HSC-SSP,54.859587183548676,3.401634720591213,0.28979767551680014,1.0609412482896083,1.139731395714661,28493284892.866528,100.0,candidate,HSC-SSP-simulated
HSC-0478,HSC-SSP,47.419356777289025,5.231246978982714,0.2093452899004916,0.6785229658994015,0.886102366961785,54440972903.12538,156.76567841219708,candidate,HSC-SSP-simulated
HSC-0479,HSC-SSP,31.63696224848097,1.1935336759045994,0.6784758049905866,0.9249217960892143,0.852441606505552,118987911187.22939,236.29204260739624,candidate,HSC-SSP-simulated
HSC-0480,HSC-SSP,40.593086668151685,3.5974003733493998,0.5645931698065167,1.7187978733502303,1.3915202956443335,72056440901.1797,143.92015786836652,candidate,HSC-SSP-simulated
HSC-0481,HSC-SSP,58.73837579778413,0.4933658985461369,0.7637437729044143,2.025000490716666,0.6818869993554108,143386506873.97787,290.0199897397641,candidate,HSC-SSP-simulated
HSC-0482,HSC-SSP,45.702041127660245,-3.2787284961642515,0.3734159931641836,1.1368231689922572,0.7854567021009746,74010969491.14006,194.14084580969657,candidate,HSC-SSP-simulated
HSC-0483,HSC-SSP,41.60121171131934,-5.3861975325552285,0.1581635323115053,3.0,1.005661682005061,65507643275.06342,161.4172826341219,candidate,HSC-SSP-simulated
HSC-0484,HSC-SSP,31.86124250869663,-5.146131853465083,0.7431321357892869,3.0,1.0539932370949978,61814404575.48834,153.16372805620347,candidate,HSC-SSP-simulated
HSC-0485,HSC-SSP,49.36716544282284,-5.452978104615974,0.17190374513831502,0.8719152529137904,1.0158010846354915,70798532766.3057,166.96974668016995,candidate,HSC-SSP-simulated
HSC-0486,HSC-SSP,37.37542327480201,-1.7023234016502666,0.4911825508905078,0.5911825508905078,1.4135115975939638,295793551412.8178,289.31746986314215,candidate,HSC-SSP-simulated
HSC-0487,HSC-SSP,42.32366429998835,-0.12427108761560834,0.18635680045615854,0.9789422440742329,1.5825833756118857,253742389406.0886,253.24635811508705,candidate,HSC-SSP-simulated
HSC-0488,HSC-SSP,39.460912297983526,-1.2822344460718176,0.19186989236981922,0.8948719211675789,1.1658493446708784,292440022611.0273,316.75770200301145,candidate,HSC-SSP-simulated
HSC-0489,HSC-SSP,44.25269618600304,5.069211403873494,0.21618383062306126,0.8398373984017721,1.0136592594998028,125523724333.6538,222.55989509405427,candidate,HSC-SSP-simulated
HSC-0490,HSC-SSP,36.739721929253,-1.2080090376093295,0.3179043501015949,1.1124767798188318,1.442310569265895,111897365526.75403,176.16131093940777,candidate,HSC-SSP-simulated
HSC-0491,HSC-SSP,42.600330128869885,0.9403171573984803,0.34399776823146005,1.523434176334658,0.7876770403688372,114581295989.82156,241.21969689305064,candidate,HSC-SSP-simulated
HSC-0492,HSC-SSP,42.47455704055233,0.5830609806562617,0.36054055231542637,0.46054055231542634,0.7484884986863849,170051193366.65015,301.4583182450473,candidate,HSC-SSP-simulated
HSC-0493,HSC-SSP,33.99029396721986,-4.095158839508286,0.15341451902830586,0.4354738187876729,0.577235659317246,40456013259.37139,167.43450441803276,candidate,HSC-SSP-simulated
HSC-0494,HSC-SSP,47.813418958303565,0.9071211436809836,0.23050076879311804,0.4926175766514885,1.225910822550237,98615767352.81381,179.379882553129,candidate,HSC-SSP-simulated
HSC-0495,HSC-SSP,30.75597284463209,-1.7420177334820481,0.31969805708898774,2.4843709673406584,1.5112678510795865,209817009717.14273,235.65660700065777,candidate,HSC-SSP-simulated
HSC-0496,HSC-SSP,52.0507555856947,1.3212950644348158,0.09061342428346406,0.9010346984444101,1.1096148723602839,331286713145.65784,345.5778275792212,candidate,HSC-SSP-simulated
HSC-0497,HSC-SSP,38.645535778785884,-5.922427706523473,0.05,0.8626694789640798,1.2118678905654405,154954248830.81903,226.15391008280906,candidate,HSC-SSP-simulated
HSC-0498,HSC-SSP,35.23227801334499,-0.340206110992856,0.29784272706689574,0.7319188858679707,1.3331115831097562,165116579893.4068,222.58304884255398,candidate,HSC-SSP-simulated
HSC-0499,HSC-SSP,35.88882906933201,-5.729225859535833,0.297035612303376,2.0339841943815578,0.9146217745950648,186507146946.01697,285.59918692869735,candidate,HSC-SSP-simulated
HSC-0500,HSC-SSP,52.49579793864807,4.956497602678272,0.07589037717320983,1.1085158050565578,0.7830077474290861,54389624414.24376,166.68825340503875,candidate,HSC-SSP-simulated
HSC-0501,HSC-SSP,46.654013602595654,1.0558995535659932,0.8,1.0669702773184517,1.0216062309995984,61617508593.38343,155.3246187397952,candidate,HSC-SSP-simulated
HSC-0502,HSC-SSP,36.41984036094941,-2.600587158089072,0.5750693846029638,1.1779115622020915,1.3778355145357795,215641814635.57477,250.20604447942588,candidate,HSC-SSP-simulated
HSC-0503,HSC-SSP,57.9825881718094,-5.758345812608522,0.8,0.99669959104786,0.7467583416008925,136456509546.61516,270.356666823658,candidate,HSC-SSP-simulated
HSC-0504,HSC-SSP,56.392572068830304,-5.409349025510861,0.3209073132484359,1.0158607479078707,1.8495523350162226,223865297943.42474,220.03414094787414,candidate,HSC-SSP-simulated
HSC-0505,HSC-SSP,37.17199152225089,3.0964850521345983,0.1273496653703381,1.8723859773387128,1.0102605049828792,128508184395.81525,225.56863009200262,candidate,HSC-SSP-simulated
HSC-0506,HSC-SSP,58.036316421465465,-2.359373476450402,0.40960469818461026,1.8127804842454203,0.7439799878213802,78769714737.42838,205.79224510356013,candidate,HSC-SSP-simulated
HSC-0507,HSC-SSP,50.151265777321825,2.7517176057264745,0.06724929141316092,1.1486744613986763,1.7670828948939294,131615036450.05482,172.6053641365507,candidate,HSC-SSP-simulated
HSC-0508,HSC-SSP,52.356442280725034,-3.2133037091838825,0.05444682443752314,0.5424343321138294,0.9316565915825523,154088119726.8822,257.20928551575173,candidate,HSC-SSP-simulated
HSC-0509,HSC-SSP,52.53836773121301,4.763943472372933,0.1899116180544159,1.285669525103568,0.8615005302351143,95770453436.71541,210.87155128102293,candidate,HSC-SSP-simulated
HSC-0510,HSC-SSP,44.58520962314649,-4.6918366123088555,0.12354103216537803,0.4247772365973933,1.2647343757476843,124512816659.64368,198.44372152124504,candidate,HSC-SSP-simulated
HSC-0511,HSC-SSP,55.71692812109373,3.175811404618482,0.34639989951413636,0.7523196500690277,1.002155860605292,33524528890.811714,115.67611708144577,candidate,HSC-SSP-simulated
HSC-0512,HSC-SSP,49.37175130053161,0.12684490474204324,0.1865592679930058,0.6327340041618454,1.430208945918632,88252763957.34027,157.10659220455562,candidate,HSC-SSP-simulated
HSC-0513,HSC-SSP,52.55475437870044,3.7433548156546017,0.22347136356860334,1.2951018904583078,1.3618407053724682,236596922070.58807,263.6157690014225,candidate,HSC-SSP-simulated
HSC-0514,HSC-SSP,50.331697236039616,-2.972223166378164,0.23768117138784922,1.1189451897983227,1.4297680797589105,166481218051.15152,215.8141020075394,candidate,HSC-SSP-simulated
HSC-0515,HSC-SSP,41.50191423174777,-3.980656937907446,0.28622522810888756,2.191483356978412,2.107614996998717,286637334929.79456,233.23876554889898,candidate,HSC-SSP-simulated
HSC-0516,HSC-SSP,43.826950146197454,3.9445078058160767,0.36816110176329603,1.869306097875195,1.4411745106354141,268264446236.06415,272.86841526891124,candidate,HSC-SSP-simulated
HSC-0517,HSC-SSP,40.88948521211615,4.551354673884081,0.15482224197677186,1.221818569841719,1.3765103845118043,294686119963.9798,292.630837274309,candidate,HSC-SSP-simulated
HSC-0518,HSC-SSP,38.116777694639744,-3.014498535129875,0.22378984113661152,1.2718747601380318,1.1356669033905202,139890669056.79947,221.97235241203697,candidate,HSC-SSP-simulated
HSC-0519,HSC-SSP,41.07408581427613,-1.7136919920834615,0.3084610088165273,3.0,1.9984559855518493,266002281677.82224,230.74132530583006,candidate,HSC-SSP-simulated
HSC-0520,HSC-SSP,47.86099110470618,-1.0182521520870509,0.1562282957749151,0.649075333601751,1.1910333300999467,86284980002.05023,170.22981984876262,candidate,HSC-SSP-simulated
HSC-0521,HSC-SSP,43.74085849751606,-2.9202335137668505,0.7970464889362546,0.8970464889362546,1.044479968534329,126224134127.52034,219.8624879482909,candidate,HSC-SSP-simulated
HSC-0522,HSC-SSP,57.62074202335859,-1.8597979209052067,0.25410050667111533,0.8703822681518887,0.667367684662245,99282923919.75192,243.94093741065376,candidate,HSC-SSP-simulated
HSC-0523,HSC-SSP,35.03443786938086,-4.555637085480168,0.4060409896452028,1.4647405814914158,1.0517105583282276,129225491577.01125,221.695039206273,candidate,HSC-SSP-simulated
HSC-0524,HSC-SSP,40.4649572237589,-1.5021009078000276,0.09765291796069282,0.6071046519360322,1.103770486537367,127169856278.08371,214.67560584097265,candidate,HSC-SSP-simulated
HSC-0525,HSC-SSP,54.07205353353973,-1.9050666029073522,0.17201770618343223,1.0739191813474402,1.845264840252326,202238160184.69992,209.37855350447668,candidate,HSC-SSP-simulated
HSC-0526,HSC-SSP,59.665216239109895,-0.20121508949477818,0.123297476824303,1.6090250002514468,0.7463132892296614,151734833348.8095,285.175396596738,candidate,HSC-SSP-simulated
HSC-0527,HSC-SSP,30.209467856410445,-1.158228371676005,0.40207444103833917,0.9270277129143993,0.7908863125685018,65503979394.09164,182.01484412598563,candidate,HSC-SSP-simulated
HSC-0528,HSC-SSP,32.045598592963884,-3.7545087550739793,0.05,1.226275320742789,0.536506606602445,62402406893.432976,215.69651536045535,candidate,HSC-SSP-simulated
HSC-0529,HSC-SSP,33.204021120070905,5.440834552585141,0.22200576310560294,0.8617458342332404,1.1494814861214766,106458153290.8788,192.4724034145756,candidate,HSC-SSP-simulated
HSC-0530,HSC-SSP,33.67493585897968,1.618879909837954,0.28672737929771575,2.276165617907994,1.1922588965092658,118487013706.34477,199.379309089176,candidate,HSC-SSP-simulated
HSC-0531,HSC-SSP,35.06430017353693,4.2473145857022345,0.2515290981757039,0.8918566288853536,0.9518949834614384,126550898771.61688,230.60466765370876,candidate,HSC-SSP-simulated
HSC-0532,HSC-SSP,38.52552887135187,-2.532377700947298,0.06599166321582811,0.2343812452901189,0.765033041452181,115441607335.6992,245.6807232115548,candidate,HSC-SSP-simulated
HSC-0533,HSC-SSP,39.309254463136426,0.040141567273848544,0.39949427248030944,1.8734073860389089,0.7734072921029291,97783038337.38269,224.88351883741677,candidate,HSC-SSP-simulated
HSC-0534,HSC-SSP,41.32089530389952,-1.0378016365204896,0.18295379771643247,0.938944744627108,0.8869472942814173,120859393474.41812,233.4647376290367,candidate,HSC-SSP-simulated
HSC-0535,HSC-SSP,59.43772732173831,-1.4206020106903807,0.141390522913052,1.9829604941757835,1.4255637191606174,212259878495.8183,244.04540463744476,candidate,HSC-SSP-simulated
HSC-0536,HSC-SSP,32.071108107341246,-1.9825314973118502,0.5090976114248328,0.7200500725883766,1.449612279536812,206988131988.2422,238.9883818020448,candidate,HSC-SSP-simulated
HSC-0537,HSC-SSP,41.4637048337992,-4.412775418818219,0.1489087952444524,0.6029126034408077,1.6203371691936495,276818257099.84045,261.4114845092311,candidate,HSC-SSP-simulated
HSC-0538,HSC-SSP,40.8750595359454,3.8879718225597397,0.22207370909150906,0.430408300148198,1.4752373889962316,99973299395.17836,164.64215915987742,candidate,HSC-SSP-simulated
HSC-0539,HSC-SSP,30.760458127918156,2.280562660913395,0.1856896799446781,0.9251253477256984,0.8047713336261998,88920906354.8765,210.2304824411488,candidate,HSC-SSP-simulated
HSC-0540,HSC-SSP,34.41489753284836,-2.424273174049875,0.24863822451432047,0.9504003125221907,1.100602108301876,252081095421.07495,302.68086342461424,candidate,HSC-SSP-simulated
HSC-0541,HSC-SSP,56.53436182790277,0.6479190660375718,0.06585793137786188,1.0052302706692284,0.7194915509347714,38422503107.64726,146.15375362340492,candidate,HSC-SSP-simulated
HSC-0542,HSC-SSP,52.79470975285165,-1.9341182109263118,0.4827860168677714,1.4830259444991627,0.6314034947400172,69735581395.9221,210.18596743060317,candidate,HSC-SSP-simulated
HSC-0543,HSC-SSP,52.31715561906456,5.030496372644702,0.11418702859845913,0.8471893573282911,1.231037457522711,191010979892.94037,249.12856594044027,candidate,HSC-SSP-simulated
HSC-0544,HSC-SSP,40.25547125751775,-0.7956680241554395,0.18134887459967505,1.8428585431486788,1.518975900714943,247951095641.98996,255.52745511488928,candidate,HSC-SSP-simulated
HSC-0545,HSC-SSP,54.15291936123405,4.14047578675971,0.1570313446776054,0.9091988410364369,1.6232553970011172,168715630386.98694,203.89859227539708,candidate,HSC-SSP-simulated
HSC-0546,HSC-SSP,40.70947288405992,1.6169296932483546,0.3814895789821477,0.8239746318123241,1.3536999355221702,106929107965.49004,177.7529280703252,candidate,HSC-SSP-simulated
HSC-0547,HSC-SSP,44.47803706984562,-3.4076227152831335,0.23344759172746432,1.4731935308580655,1.7448192950350598,233190158462.65057,231.2117372267646,candidate,HSC-SSP-simulated
HSC-0548,HSC-SSP,37.5651863248659,-0.6392823755683139,0.20250772390563893,0.8370175721771773,1.3338792669793775,197111899433.91998,243.12418120334272,candidate,HSC-SSP-simulated
HSC-0549,HSC-SSP,46.51981377709693,-4.162265998992526,0.403892329690732,2.6638897563481128,1.0181892436886177,145906085007.39517,239.41560027117248,candidate,HSC-SSP-simulated
HSC-0550,HSC-SSP,40.24923338071805,1.7815746828028445,0.1882531380724667,0.6157581240954175,0.8360287420746825,21103855433.09871,100.4847816265281,candidate,HSC-SSP-simulated
HSC-0551,HSC-SSP,55.636421796065406,-1.919947367281294,0.36923261259964474,1.510642332121522,1.167177331166259,92749354232.52112,178.28590949826878,candidate,HSC-SSP-simulated
HSC-0552,HSC-SSP,46.060433041849706,1.6238801604998523,0.1535731152453802,0.6512794876098054,1.3980104694478221,183796552471.43256,229.32080848720233,candidate,HSC-SSP-simulated
HSC-0553,HSC-SSP,50.00782342376042,-0.7752441192029824,0.2596705988164551,1.6943260072972506,0.8332113460631803,118145569861.62462,238.15578138722617,candidate,HSC-SSP-simulated
HSC-0554,HSC-SSP,39.08325384815902,0.3896508946067687,0.8,2.774907040462538,1.1098984050362979,139642258000.06982,224.33488497071983,candidate,HSC-SSP-simulated
HSC-0555,HSC-SSP,51.82893413099066,5.071245085127494,0.361405452527061,2.521573552704774,1.5049638166423782,343216633019.0478,302.0307281744144,candidate,HSC-SSP-simulated
HSC-0556,HSC-SSP,44.693576039647226,0.34387924787130686,0.3000451411810989,0.4000451411810989,1.7807484232732909,146281990091.73422,181.2692514990709,candidate,HSC-SSP-simulated
HSC-0557,HSC-SSP,43.13150474800624,-2.678950416584297,0.42548076018095377,0.5254807601809538,1.0085738208099913,120393192298.86894,218.5129172922308,candidate,HSC-SSP-simulated
HSC-0558,HSC-SSP,40.08970182811001,5.046430621230655,0.15845703682351542,2.5663657715325963,1.1142643010294586,321148417485.28394,339.5383082383862,candidate,HSC-SSP-simulated
HSC-0559,HSC-SSP,37.09829348122522,-0.19802297871835428,0.3303642442718992,0.8865835618387627,1.2092472369883347,269853190125.19803,298.7694737028083,candidate,HSC-SSP-simulated
HSC-0560,HSC-SSP,31.858395557369636,0.9216950356590701,0.25561686535312966,1.038947299291447,0.8405177290575063,79049109640.74496,193.9568167424572,candidate,HSC-SSP-simulated
HSC-0561,HSC-SSP,31.197675976912535,-0.6110578303814895,0.05182975237360605,0.17026240406118243,1.2650060432484596,134444365935.60347,206.1840182436776,candidate,HSC-SSP-simulated
HSC-0562,HSC-SSP,32.98484006618894,3.1991513365446202,0.1229323510219469,2.472598638290543,1.2720611499028747,107161556522.32657,183.56737928399116,candidate,HSC-SSP-simulated
HSC-0563,HSC-SSP,44.46052019330797,3.093318724501895,0.8,2.013541436781632,0.935705977097242,162644164847.6725,263.6814251037265,candidate,HSC-SSP-simulated
HSC-0564,HSC-SSP,48.310890234544715,0.556884890545585,0.2441586250557391,1.8359107441134834,0.8829116970771204,66044085029.722946,172.97698551071215,candidate,HSC-SSP-simulated
HSC-0565,HSC-SSP,30.480844693653694,5.56422226424459,0.2567651740891629,0.69870572808154,1.0558808513746354,135073510790.96942,226.20782954856514,candidate,HSC-SSP-simulated
HSC-0566,HSC-SSP,33.783459671262314,0.9806583296817202,0.41417762412378556,2.0354775422412326,0.931365406052827,125881290383.1456,232.5147655091521,candidate,HSC-SSP-simulated
HSC-0567,HSC-SSP,33.938639160144724,-2.2836994667377306,0.4416975724787856,1.4033133523208843,1.0932700839556901,83021801239.362,174.2859344601679,candidate,HSC-SSP-simulated
HSC-0568,HSC-SSP,52.69353263966735,-0.310104649451044,0.15423224823245205,0.7315823491638006,1.034524744410854,67320335779.14349,161.33652219980348,candidate,HSC-SSP-simulated
HSC-0569,HSC-SSP,59.53963432772519,-3.490831624924629,0.23025124777823178,1.543181726575019,0.8110221588367608,82580772817.63458,201.81484419497423,candidate,HSC-SSP-simulated
HSC-0570,HSC-SSP,31.032939257199438,-0.6500934020758056,0.2597426467511055,1.7801939461183776,1.0242293183200717,114009190975.06374,211.009168430998,candidate,HSC-SSP-simulated
HSC-0571,HSC-SSP,58.06183469003396,3.017079810375632,0.28265582389639243,0.5889732330122874,1.531352430071109,116485972643.19409,174.4332348453952,candidate,HSC-SSP-simulated
HSC-0572,HSC-SSP,51.02425254005221,3.1837955943046357,0.08047063758749434,1.3603223162970968,0.8378062362129246,94066829900.76875,211.92220081870556,candidate,HSC-SSP-simulated
HSC-0573,HSC-SSP,38.48296371180296,-2.3461149077516352,0.14746673802528082,2.1925236391109784,1.304548960083198,256803113843.54028,280.60793442751657,candidate,HSC-SSP-simulated
HSC-0574,HSC-SSP,43.03592889913486,4.434404061779757,0.16614641033469058,1.9797273983154335,0.7919860939595234,54421635276.388245,165.78949601100936,candidate,HSC-SSP-simulated
HSC-0575,HSC-SSP,52.27109811269345,-3.26002497157667,0.8,1.4862840172921792,0.5672228316260866,37254875388.722786,162.0857001816998,candidate,HSC-SSP-simulated
HSC-0576,HSC-SSP,31.721755310648206,0.9996869782104545,0.05,1.0981330434519725,0.7198907485188729,167278670015.94568,304.87160906683846,candidate,HSC-SSP-simulated
HSC-0577,HSC-SSP,42.32194630473036,0.055647455729218365,0.13996929170423839,1.8727577771850623,1.4645788497715018,189840119194.41727,227.70240388508861,candidate,HSC-SSP-simulated
HSC-0578,HSC-SSP,42.6220968770585,0.023344861582100584,0.24188481940126946,1.5419445269558547,1.6347794784407501,186228008999.11438,213.4631466643381,candidate,HSC-SSP-simulated
HSC-0579,HSC-SSP,44.25325094795506,-1.3673887721779705,0.5308211730516633,1.0740737532332738,1.075794072787463,88802343566.28572,181.70950099706442,candidate,HSC-SSP-simulated
HSC-0580,HSC-SSP,46.49151765489933,-0.9940286522915756,0.24337429289689527,1.4648863643138461,0.8665606207002491,34888256580.13032,126.90249325629763,candidate,HSC-SSP-simulated
HSC-0581,HSC-SSP,44.08220525967774,4.294293402209867,0.2723878003822541,0.9281272308298787,0.9287506150145564,104708583100.28647,212.35944414663203,candidate,HSC-SSP-simulated
HSC-0582,HSC-SSP,36.8244481108062,-4.005780004683009,0.6705759377568208,1.3957518549567682,1.1588773029523254,68300635319.96308,153.54074333275588,candidate,HSC-SSP-simulated
HSC-0583,HSC-SSP,56.73420275380528,-0.4757355223820774,0.23833712537011062,1.2645660728177492,0.8583322567888834,99291122929.59506,215.10845939500282,candidate,HSC-SSP-simulated
HSC-0584,HSC-SSP,48.17690445538449,-0.859778393173845,0.09097208835608483,1.2067913517519053,1.082274931264916,49015022152.03567,134.59403026959353,candidate,HSC-SSP-simulated
HSC-0585,HSC-SSP,41.67625855870317,4.649094424444323,0.528380294290849,1.7874556712225043,1.0758350676213813,73659202200.01302,165.4895796600285,candidate,HSC-SSP-simulated
HSC-0586,HSC-SSP,38.47650802555917,-2.6519005158264406,0.2720217867494342,0.762924615896128,1.1597670612575437,28994176531.43859,100.0,candidate,HSC-SSP-simulated
HSC-0587,HSC-SSP,37.763772250935716,-2.202514429507006,0.20357288199223325,0.7356127976689919,1.2704270883394317,51253551780.373505,127.03316141699713,candidate,HSC-SSP-simulated
HSC-0588,HSC-SSP,57.28786173332833,-5.92579412830924,0.2589132653609966,1.5071045231780065,1.7454182835473897,167478970419.35983,195.91170144532623,candidate,HSC-SSP-simulated
HSC-0589,HSC-SSP,51.99481134410399,5.945058155105473,0.3182417955608808,0.44531068953422503,0.9983333023912658,194174603297.58685,278.92563448992115,candidate,HSC-SSP-simulated
HSC-0590,HSC-SSP,48.097362680520895,-3.2728673572840523,0.8,1.9346714516493486,0.6242124916201873,129237811848.27582,287.7786467855174,candidate,HSC-SSP-simulated
HSC-0591,HSC-SSP,53.164560828475146,-3.9544498610202954,0.0530408306612614,0.3333544894978805,1.5464819519396225,180529442839.7475,216.08846704707412,candidate,HSC-SSP-simulated
HSC-0592,HSC-SSP,47.29466709419597,-1.8951667841093354,0.15228316452539323,1.522871724417239,1.050523309076413,285677731185.21515,329.81115710763993,candidate,HSC-SSP-simulated
HSC-0593,HSC-SSP,43.36553443479484,5.603622175419783,0.5214086454019249,1.4982588712831584,1.0726737976011622,198069519308.69162,271.77217082084724,candidate,HSC-SSP-simulated
HSC-0594,HSC-SSP,51.54042534381004,-1.5354771862535115,0.2326583856106982,0.6142582417521384,1.2559025359207237,132479248987.51945,205.41206838707313,candidate,HSC-SSP-simulated
HSC-0595,HSC-SSP,58.99866662688322,-0.6787307659674715,0.31066895840133735,0.4106689584013373,0.9611344469049606,90259288987.89133,193.8134348614289,candidate,HSC-SSP-simulated
HSC-0596,HSC-SSP,40.604195761821614,-2.2124014155941727,0.05,0.8196516385880117,0.9797703930736157,138976855146.52945,238.1985315426369,candidate,HSC-SSP-simulated
HSC-0597,HSC-SSP,43.34138330575007,0.9185398794136805,0.5484276741671507,2.1809341868583414,0.8717174133954937,114568401775.5793,229.28442902093695,candidate,HSC-SSP-simulated
HSC-0598,HSC-SSP,47.88427948649691,2.874974126660913,0.3619918906736733,0.9472798290126416,0.6406852325861014,70350997526.50928,209.5765894729796,candidate,HSC-SSP-simulated
HSC-0599,HSC-SSP,34.01334434981904,5.439686010988471,0.5640134799062042,0.7491804048357092,0.7442364872458417,60533810034.66003,180.37382764423938,candidate,HSC-SSP-simulated
HSC-0600,HSC-SSP,36.406285634710244,-1.0662679622401559,0.10482998394480054,1.4796853171769428,0.8277803034016465,136257642284.39565,256.59777512549226,candidate,HSC-SSP-simulated
HSC-0601,HSC-SSP,32.04111942275009,-2.197150347352503,0.25868880496219454,0.3967759763435702,0.8844471289595899,161544377705.38574,270.29622558982084,candidate,HSC-SSP-simulated
HSC-0602,HSC-SSP,50.617030303820485,-2.2459896297093596,0.28112685280627076,0.9155475491551057,1.44207762503947,99543568658.66197,166.16604362644932,candidate,HSC-SSP-simulated
HSC-0603,HSC-SSP,52.98736418281137,-2.350864368344594,0.15149933034480859,1.7117598835480479,1.226799441456038,80804017805.05667,162.31538593300706,candidate,HSC-SSP-simulated
HSC-0604,HSC-SSP,48.29045724827332,4.9811814538803585,0.3532472340471,0.835466769882693,0.5384713722926195,56095346086.37115,204.13247538787326,candidate,HSC-SSP-simulated
HSC-0605,HSC-SSP,47.37940208365383,4.668007329775991,0.8,2.4856321752693105,0.9858892918411701,48925543543.720604,140.89116183269363,candidate,HSC-SSP-simulated
HSC-0606,HSC-SSP,39.30705851234114,-3.8188368268656694,0.05,0.9143677102000957,1.1289227501582595,184664625021.03384,255.793637234548,candidate,HSC-SSP-simulated
HSC-0607,HSC-SSP,33.186414827653685,3.310527053636317,0.3829127784534966,1.7369578087989108,1.086520327452383,212614397346.3493,279.7740325412739,candidate,HSC-SSP-simulated
HSC-0608,HSC-SSP,49.392221256842674,-0.49963824688432545,0.161401450401926,1.0158289448498943,0.5929373660189439,55043093943.95068,192.69791005916395,candidate,HSC-SSP-simulated
HSC-0609,HSC-SSP,46.362838506351395,-4.3990039737215145,0.49625221338732345,1.8200019042270918,0.4909083599315043,127330157919.18817,322.103482646394,candidate,HSC-SSP-simulated
HSC-0610,HSC-SSP,33.20135457307063,1.794672081083542,0.2816788439272633,1.2339944832406449,0.833399894747997,83158324369.13264,199.78190036549887,candidate,HSC-SSP-simulated
HSC-0611,HSC-SSP,37.80144120757302,-1.3793033313724603,0.27931787237282585,1.550432453269759,1.1021932551490288,103026219944.94374,193.36372508915483,candidate,HSC-SSP-simulated
HSC-0612,HSC-SSP,38.25296644677373,1.6692941639364758,0.11300204128711835,0.466035573979507,1.3826705603204141,246680432193.1306,267.1394257070038,candidate,HSC-SSP-simulated
HSC-0613,HSC-SSP,55.09135732231198,5.693271727661704,0.3567375467247699,2.091171977902671,0.9631440165060569,165719593728.56363,262.3441051942457,candidate,HSC-SSP-simulated
HSC-0614,HSC-SSP,31.19843919858283,-1.652478119997542,0.37005662856099747,1.9065483171219797,0.7279432478366799,18198581195.916996,100.0,candidate,HSC-SSP-simulated
HSC-0615,HSC-SSP,57.85666598682408,1.6930332429859138,0.30426042314793383,0.9310178061839547,0.514014230549976,98060501154.97581,276.24185300578506,candidate,HSC-SSP-simulated
HSC-0616,HSC-SSP,51.459669315874066,-2.78228124465695,0.5838404305948043,1.664413616622677,0.776237141198864,141540824895.61743,270.06832281454314,candidate,HSC-SSP-simulated
HSC-0617,HSC-SSP,56.72496444868901,-0.6115468755604603,0.30481653092597677,1.2932052971342032,0.8449588729291625,81717896983.54128,196.68480112775438,candidate,HSC-SSP-simulated
HSC-0618,HSC-SSP,55.16518010295811,4.525445611947456,0.05656578294358719,0.28504069351152606,1.0692376484155046,117182731329.53038,209.37493176544174,candidate,HSC-SSP-simulated
HSC-0619,HSC-SSP,40.27185369887579,0.5577163323045173,0.554849939656913,1.7386155578465607,1.5667652165240311,149572348340.30655,195.41310756046363,candidate,HSC-SSP-simulated
HSC-0620,HSC-SSP,31.71007162655802,1.0535813924602175,0.16727133941984995,2.1159136837360615,1.0904804739472471,205769687849.35214,274.7335818190138,candidate,HSC-SSP-simulated
HSC-0621,HSC-SSP,38.226386673724406,-5.68069960706779,0.05,1.9101168428014534,1.741607683046533,121618522667.42209,167.13010711280512,candidate,HSC-SSP-simulated
HSC-0622,HSC-SSP,40.57443140830053,-4.4866782998565,0.3929149909078647,1.9042230298980187,1.133493238359842,74994115623.22675,162.67998466411078,candidate,HSC-SSP-simulated
HSC-0623,HSC-SSP,33.16951036346792,3.7542116584410934,0.35147869194179715,2.3313709053328058,1.1773499475411808,186746964098.5973,251.88597485909582,candidate,HSC-SSP-simulated
HSC-0624,HSC-SSP,38.58405127374943,1.6853672879190338,0.3476351944139936,0.6232722221395421,1.0895240898041132,101782507712.09729,193.30725353039827,candidate,HSC-SSP-simulated
HSC-0625,HSC-SSP,44.83112433137274,4.9780193999625375,0.1435515590640368,1.279011432849774,0.8408212105990771,52591283495.660324,158.1739831826664,candidate,HSC-SSP-simulated
HSC-0626,HSC-SSP,34.70281285954918,2.2011529818872457,0.4049541095577571,0.8191138872102894,1.381340553731042,185004670622.79163,231.45734172495563,candidate,HSC-SSP-simulated
HSC-0627,HSC-SSP,38.76746870218164,-2.4621931398387975,0.24143477761293547,0.41355980824148064,1.131902305665785,169658894059.9273,244.85774141767197,candidate,HSC-SSP-simulated
HSC-0628,HSC-SSP,33.10425190939754,1.8787524287958277,0.19722915450966003,1.531337689802751,0.9793563724638364,73790404687.97723,173.60393502741766,candidate,HSC-SSP-simulated
HSC-0629,HSC-SSP,39.11205138675298,-4.8837910888479,0.15217433943041822,0.8758571860152459,0.7604512470438183,50400831252.41891,162.82202701172497,candidate,HSC-SSP-simulated
HSC-0630,HSC-SSP,32.92830114326975,-3.9978170615330684,0.37024207031122336,0.9267416897713219,1.3802986674364934,350360493996.07465,318.6405377359045,candidate,HSC-SSP-simulated
HSC-0631,HSC-SSP,50.48013457388278,1.5448081807199152,0.33932514914437006,1.1388460963001297,0.8476440013519556,167190004460.01736,280.88490720957077,candidate,HSC-SSP-simulated
HSC-0632,HSC-SSP,59.748730288836846,-4.036605550340685,0.30261510499697025,1.712948637752356,0.8259043901183645,105790964435.49554,226.35463744213988,candidate,HSC-SSP-simulated
HSC-0633,HSC-SSP,41.485001843053055,1.5676235397969656,0.2672227319880456,0.39114481666723144,0.8358548503321299,107306597429.50151,226.6093234757443,candidate,HSC-SSP-simulated
HSC-0634,HSC-SSP,52.12294324281366,-2.965951191716529,0.228436628739297,1.3558634118353616,0.9330272765580692,69047776772.41148,172.05118782327762,candidate,HSC-SSP-simulated
HSC-0635,HSC-SSP,51.5816446672446,-5.6625419246649145,0.4600015913745453,0.798174268713183,1.1141026193642536,181056663915.3867,254.961529036007,candidate,HSC-SSP-simulated
HSC-0636,HSC-SSP,42.15591427725989,1.1525231457317666,0.08065779108501354,0.5972506172115319,1.2914176817369505,81150077298.05292,158.5408201099792,candidate,HSC-SSP-simulated
HSC-0637,HSC-SSP,58.96345903801864,4.989772178288927,0.6498104321032632,1.4923104842821169,0.8361699288395427,87885170733.70421,205.04091137862827,candidate,HSC-SSP-simulated
HSC-0638,HSC-SSP,38.151527966945395,3.791469472982479,0.13115355418255686,0.829509410865761,0.7025149240286522,169899574759.32947,311.0271953970908,candidate,HSC-SSP-simulated
HSC-0639,HSC-SSP,34.9961554049181,5.834121567404338,0.15557638412774136,1.6492304133605777,1.064857540147514,77637483109.15239,170.7732974759016,candidate,HSC-SSP-simulated
HSC-0640,HSC-SSP,57.862902636164776,-0.039078863928185825,0.2152867522124881,2.0803870269894205,0.8711883919310467,60021864648.3391,166.00787761092565,candidate,HSC-SSP-simulated
HSC-0641,HSC-SSP,49.11906469614072,-5.151640701787606,0.37128493519529665,0.4712849351952967,0.9201088719222262,186267978152.93625,284.56369195079395,candidate,HSC-SSP-simulated
HSC-0642,HSC-SSP,53.89172167859127,1.1449776194413008,0.2104680286564082,1.807236378727375,0.7206206113568094,77430694013.06761,207.31619612288094,candidate,HSC-SSP-simulated
HSC-0643,HSC-SSP,32.80678220737007,-5.799941392804403,0.18893911298447896,1.3796598023976854,1.0205600591181683,36132583843.10948,119.00363339219318,candidate,HSC-SSP-simulated
HSC-0644,HSC-SSP,34.87533195892369,5.516948657543631,0.6460934871789226,1.190515735420521,1.0169004048670138,106335784702.54044,204.51751430059693,candidate,HSC-SSP-simulated
HSC-0645,HSC-SSP,43.661847157438224,0.21618418690223695,0.24679719649200554,1.013674086909561,0.7662867456910026,128101475679.5988,258.58980886178307,candidate,HSC-SSP-simulated
HSC-0646,HSC-SSP,54.39426013445176,1.061174885441428,0.1417783969352363,0.5858743382846743,0.6290898391124637,58603515744.21483,193.03474927683646,candidate,HSC-SSP-simulated
HSC-0647,HSC-SSP,56.01034820731802,2.0312195010100194,0.14018675118750154,0.24018675118750155,0.42754412588170476,101020622471.29462,307.42879570292666,candidate,HSC-SSP-simulated
HSC-0648,HSC-SSP,47.58706496342285,-0.09159541558501338,0.181711953359905,0.34647319478665806,0.9334996419502809,132587304023.12138,238.354792086693,candidate,HSC-SSP-simulated
HSC-0649,HSC-SSP,45.991658702841335,1.5785325441139237,0.22501105581999786,0.8709403226507295,0.7540423011703506,57387445152.23727,174.47796447165888,candidate,HSC-SSP-simulated
HSC-0650,HSC-SSP,53.3395491471281,-3.354354228007562,0.8,2.1884091701762722,0.9537782327664889,146571733359.23978,247.9313266377257,candidate,HSC-SSP-simulated
HSC-0651,HSC-SSP,32.52639033531295,5.814910756513356,0.3987881301707415,1.5821589338799125,0.7286714731643215,129441362190.51491,266.5634797997787,candidate,HSC-SSP-simulated
HSC-0652,HSC-SSP,50.202591867342974,1.3739935230623104,0.42020558604575603,1.1129739840002457,0.8411999682473412,147546305555.83667,264.8771785151897,candidate,HSC-SSP-simulated
HSC-0653,HSC-SSP,36.36243712432133,-3.132027837461384,0.5389488179629012,0.744617293781344,0.8651321995845956,52924829942.2462,156.42944089129622,candidate,HSC-SSP-simulated
HSC-0654,HSC-SSP,30.21275438323113,2.1630082599644886,0.07789934723217978,0.7939974773265455,0.9422744459766508,90312040481.57387,195.80064418595606,candidate,HSC-SSP-simulated
HSC-0655,HSC-SSP,48.67640971386845,-2.2929873258748072,0.27471969162581594,1.6163567274069524,1.18933408385311,135972757658.3059,213.84742045050504,candidate,HSC-SSP-simulated
HSC-0656,HSC-SSP,53.1550810569033,-0.1934728252288913,0.3820908250569525,0.8811876387512845,1.194537513158694,115706532627.00842,196.83804315387323,candidate,HSC-SSP-simulated
HSC-0657,HSC-SSP,58.56780235086971,-5.4016782432100285,0.4305095570351792,3.0,1.4265757518536903,175580512921.2874,221.88131619225095,candidate,HSC-SSP-simulated
HSC-0658,HSC-SSP,57.96800651762916,1.9913659929655712,0.2006888620177609,1.051051996830216,0.9129544431737847,74365476192.66428,180.505784541654,candidate,HSC-SSP-simulated
HSC-0659,HSC-SSP,50.53306083207922,0.0386449783036138,0.24963115730060262,0.5269881199860017,0.9851473587195752,126613427909.76132,226.73537340514022,candidate,HSC-SSP-simulated
HSC-0660,HSC-SSP,48.39348717207724,-4.113553397316549,0.2277459382514012,0.6477202228023786,1.0102546510925976,168659969849.78653,258.4166996145157,candidate,HSC-SSP-simulated
HSC-0661,HSC-SSP,54.534662206985715,5.747368270255942,0.14753187112644942,2.50467954814451,0.9180271835290881,234932104121.1811,319.9435867969857,candidate,HSC-SSP-simulated
HSC-0662,HSC-SSP,32.684193684311616,-0.9841909739170376,0.8,1.4901376236973958,0.885090328260663,127016670129.60574,239.58882611734714,candidate,HSC-SSP-simulated
HSC-0663,HSC-SSP,33.0349685883931,1.4776542449739045,0.14261967836518286,0.6159961387484325,1.241811307488366,208349258108.4079,259.05869283053454,candidate,HSC-SSP-simulated
HSC-0664,HSC-SSP,56.21034103682246,-4.4783784104788795,0.1056716779567889,0.447812883621051,1.0777380610041631,161517725170.84885,244.84062535679607,candidate,HSC-SSP-simulated
HSC-0665,HSC-SSP,52.76604403253849,-4.730441756726412,0.11994759585817186,1.4433295685794985,1.0058313075749374,188683453775.91187,273.92667730314736,candidate,HSC-SSP-simulated
HSC-0666,HSC-SSP,44.78948131374267,-0.337169873225724,0.1917530670718361,1.21852736344592,1.0914085426772722,126048187849.35315,214.93375418850522,candidate,HSC-SSP-simulated
HSC-0667,HSC-SSP,47.18317529211327,-3.1399534724640366,0.05,0.15000000000000002,0.9502050514576826,73395730527.69453,175.774846346999,candidate,HSC-SSP-simulated
HSC-0668,HSC-SSP,43.8201837496498,-2.3149470796770157,0.1621311288302759,1.3503398262683581,0.5572108713453742,46373647255.14917,182.45502645194574,candidate,HSC-SSP-simulated
HSC-0669,HSC-SSP,58.96553754704299,-1.471818273236261,0.05,0.7249768205761957,0.6195460846716042,99229509369.32481,253.11250928478694,candidate,HSC-SSP-simulated
HSC-0670,HSC-SSP,30.634494700482488,-0.9728042641926482,0.10965569494682674,1.5328892234728262,0.563145064187691,57585246148.85081,202.24391722547506,candidate,HSC-SSP-simulated
HSC-0671,HSC-SSP,56.231940951249925,-1.7696491043937925,0.33924156542126355,1.646887340209267,0.9195671222247181,109815659109.27635,218.55986526627893,candidate,HSC-SSP-simulated
HSC-0672,HSC-SSP,32.45815317114438,-3.648237783578857,0.07089256063604908,0.8644372467457474,1.0750552703338652,48698234150.94368,134.60810369302277,candidate,HSC-SSP-simulated
HSC-0673,HSC-SSP,51.07196163241796,1.906821678898286,0.32006706301561294,1.849390803999349,0.7005420208033173,86723922321.17271,222.52681713964557,candidate,HSC-SSP-simulated
HSC-0674,HSC-SSP,39.0020124871632,-4.184828586447889,0.6637041229982765,2.7085020056940765,0.8219269617510234,90682856713.57738,210.07577707424696,candidate,HSC-SSP-simulated
HSC-0675,HSC-SSP,57.99578751147055,1.6488297745106593,0.11515694527969306,0.21515694527969306,0.8531327733322318,117584636918.42082,234.7993952421481,candidate,HSC-SSP-simulated
HSC-0676,HSC-SSP,35.04354292793175,0.14712676651512613,0.3340792613232827,1.5593345600358877,1.045675450967432,92567712716.7736,188.17473186752352,candidate,HSC-SSP-simulated
HSC-0677,HSC-SSP,31.887224280540718,-3.7518385040785334,0.26118657873077544,1.7924212336283127,1.3292886226365466,141296644376.5122,206.19886757222153,candidate,HSC-SSP-simulated
HSC-0678,HSC-SSP,39.035267609920766,-3.01227721006362,0.30573110322133357,1.0910427736252593,0.6032640566784713,56345233429.537025,193.2879864018537,candidate,HSC-SSP-simulated
HSC-0679,HSC-SSP,55.0931921212837,0.14326356818313357,0.28037727829994213,0.5408585406883468,1.0723584976881255,186046225384.16147,263.43315211778577,candidate,HSC-SSP-simulated
HSC-0680,HSC-SSP,36.30353327820644,-4.604019274400866,0.13990388007681168,1.7670846649897611,1.3473432147739597,280736535966.17487,288.69571926057245,candidate,HSC-SSP-simulated
HSC-0681,HSC-SSP,53.4823702275416,5.249774068789256,0.11859907427723611,1.2979825341501916,0.7933176364103374,179063386027.30612,300.47603328879865,candidate,HSC-SSP-simulated
HSC-0682,HSC-SSP,57.60120157637711,1.803060853123938,0.12220533642598985,0.3902682839651126,0.7266822246371322,87535516760.20416,219.50775956748086,candidate,HSC-SSP-simulated
HSC-0683,HSC-SSP,42.02910980065055,-1.791482544094988,0.4037270657183767,1.690723483647452,0.7347528715741557,74460630339.07904,201.3365877029343,candidate,HSC-SSP-simulated
HSC-0684,HSC-SSP,53.95360515153571,2.4867399400250783,0.16564743305332075,0.4541466938916096,0.8560077992073513,175368104571.20035,286.26380452185185,candidate,HSC-SSP-simulated
HSC-0685,HSC-SSP,47.35691796838063,4.936101794596905,0.07572798616616891,1.0531008131784387,1.499803691178614,303779134678.279,284.63726447591034,candidate,HSC-SSP-simulated
HSC-0686,HSC-SSP,56.004644570654676,4.727676689550055,0.7303985532269834,1.7767023337192445,1.1436423135878733,108648703649.58974,194.93829461048938,candidate,HSC-SSP-simulated
HSC-0687,HSC-SSP,51.60334000544837,-4.9663707414115645,0.0741113493369309,0.8183497957097448,1.3895280199233095,42368094947.366356,110.43730744173595,candidate,HSC-SSP-simulated
HSC-0688,HSC-SSP,48.587477784812606,1.9618841415445214,0.17111791531231355,1.406722326404285,1.0009447640805889,198292109617.73422,281.49951842193417,candidate,HSC-SSP-simulated
HSC-0689,HSC-SSP,59.442642747660756,-4.83147925070395,0.49266268444939904,0.7095869719518861,1.0251611001879906,86384697706.81763,183.59140495150922,candidate,HSC-SSP-simulated
HSC-0690,HSC-SSP,47.72598802185344,1.832737485326689,0.1323648096531712,0.3669756366995159,1.0747217095019865,214661627854.14896,282.6566412384122,candidate,HSC-SSP-simulated
HSC-0691,HSC-SSP,52.865625335822465,2.563288395161658,0.31878726805341123,0.5385586844916117,0.9846619658807252,147947276846.53183,245.15451843118734,candidate,HSC-SSP-simulated
HSC-0692,HSC-SSP,34.283569100036544,-1.3267838390679216,0.22686713732614,1.2760315306559904,0.8214318394127609,89029354023.12907,208.21443775716656,candidate,HSC-SSP-simulated
HSC-0693,HSC-SSP,51.73673727476455,-2.2618524118321677,0.197204231402545,2.3640174477676426,0.738942905786958,24731812348.90555,115.70510611333314,candidate,HSC-SSP-simulated
HSC-0694,HSC-SSP,41.28571406308866,-1.5919138166726405,0.6232202588540685,1.5335762195933917,0.698102088188188,121963725384.09155,264.35398882231436,candidate,HSC-SSP-simulated
HSC-0695,HSC-SSP,38.325684147071776,5.200957524281458,0.37610910242824297,2.7741049337936246,1.0594809046903977,305479819997.3806,339.60548176369963,candidate,HSC-SSP-simulated
HSC-0696,HSC-SSP,46.372490393383075,-1.6869140780301954,0.2284211068393544,1.4837539796239023,1.2379083908662274,436701737534.3116,375.64551005219204,candidate,HSC-SSP-simulated
HSC-0697,HSC-SSP,37.29373591268006,2.9370087795590667,0.17659044100335403,0.7501731753962408,1.2458882440219494,76080359087.48572,156.28839404616025,candidate,HSC-SSP-simulated
HSC-0698,HSC-SSP,49.52915235655634,3.894204837599151,0.13306790127473478,0.8783420209419859,1.6152609818574588,266046740497.5102,256.6773906752933,candidate,HSC-SSP-simulated
HSC-0699,HSC-SSP,30.220734888762436,0.21846878619025034,0.2651306650191053,0.8098497609535272,0.5318334770433586,137949813352.38208,322.10889552673655,candidate,HSC-SSP-simulated
HSC-0700,HSC-SSP,58.35051282745482,2.0833179839603417,0.2389530422019135,0.6821382660453386,1.9800576281635254,124004998392.57053,158.2744000788802,candidate,HSC-SSP-simulated
HSC-0701,HSC-SSP,40.703114710477536,-4.028754606528864,0.5915883453939605,1.4343223264684113,1.2452050162364527,189801462805.18686,246.92174786082262,candidate,HSC-SSP-simulated
HSC-0702,HSC-SSP,59.03593697854066,4.678036729059729,0.41579293882210244,3.0,1.9261601634489314,165992666005.69025,185.66423284983523,candidate,HSC-SSP-simulated
HSC-0703,HSC-SSP,46.71755499955232,2.9116318761802873,0.35963932227432,0.5083962201113377,1.2819952386217595,239835043001.8107,273.5540250201403,candidate,HSC-SSP-simulated
HSC-0704,HSC-SSP,59.71928211516537,-2.665306488146928,0.05,0.869190658851579,1.2444816446006512,175577485161.61377,237.5582733813542,candidate,HSC-SSP-simulated
HSC-0705,HSC-SSP,36.105333249956594,4.480333414097256,0.08066493377618268,0.3794564453936206,0.9592978451998019,94787323113.98679,198.80549788388237,candidate,HSC-SSP-simulated
HSC-0706,HSC-SSP,55.69715966050008,-1.2473462707743987,0.19053755379911047,0.42336335167177797,1.0094632557662568,227703346525.06082,300.37891531997553,candidate,HSC-SSP-simulated
HSC-0707,HSC-SSP,59.65111700164714,-0.4166696246889199,0.08414432699765041,0.7835720317205773,1.2006436806959906,60721793199.14578,142.23131330793788,candidate,HSC-SSP-simulated
HSC-0708,HSC-SSP,51.64347471328716,5.295347146881575,0.2580808169651673,1.9561840400744537,0.7422442926093704,95446175573.49518,226.7962283609174,candidate,HSC-SSP-simulated
HSC-0709,HSC-SSP,33.78412974048456,0.35440338026948925,0.4846741235233837,3.0,1.0256797286895112,87116479475.03537,184.3207665046412,candidate,HSC-SSP-simulated
HSC-0710,HSC-SSP,55.23288511848304,5.96219141137728,0.13672050179665732,0.35578664812596733,1.6673418027919606,101679476822.85538,156.18320396867313,candidate,HSC-SSP-simulated
HSC-0711,HSC-SSP,50.582734618304606,5.385485972303018,0.12122970631196259,0.551098842969356,1.0206316300341882,166315424625.59106,255.30642745546632,candidate,HSC-SSP-simulated
HSC-0712,HSC-SSP,54.71689144873993,1.7702375468419582,0.5587462280793908,1.6780484839808527,1.0623632116359467,132990371469.62785,223.770887130623,candidate,HSC-SSP-simulated
HSC-0713,HSC-SSP,33.8061848418928,1.109921750116861,0.09941418664164176,0.9072601555168505,0.6562116729678262,41119880151.19708,158.3193287982047,candidate,HSC-SSP-simulated
HSC-0714,HSC-SSP,51.44088267019866,1.245513087433416,0.05,0.2720890078339918,0.8773523214472608,91048875379.20808,203.74186337891877,candidate,HSC-SSP-simulated
HSC-0715,HSC-SSP,30.775169166600335,-3.338646096797443,0.10889600365727141,0.7777316131537068,0.9957280449857093,154867699347.00256,249.42503931305976,candidate,HSC-SSP-simulated
HSC-0716,HSC-SSP,57.45416461214688,4.254185230928995,0.40265144729931013,1.5159908562798545,1.1457685757893563,177788251692.6223,249.1340406507593,candidate,HSC-SSP-simulated
HSC-0717,HSC-SSP,51.814884292204155,5.769134092666219,0.17248804515461674,0.6340418885624273,0.8206063321904511,81042195373.96451,198.75504553985968,candidate,HSC-SSP-simulated
HSC-0718,HSC-SSP,55.248463792734455,0.6554458945337398,0.5159524069689517,1.2716065696433945,0.9385536405714289,108354024838.50488,214.89334708796494,candidate,HSC-SSP-simulated
HSC-0719,HSC-SSP,48.20919348822797,-3.7380017664532663,0.4948776196657685,0.8836093126754869,0.9967451673791632,65087926664.467384,161.6174108941787,candidate,HSC-SSP-simulated
HSC-0720,HSC-SSP,43.26198639354225,-1.9907441749612413,0.25177426514596496,1.027147938125994,1.0048191596656106,77750210462.61565,175.92875469163235,candidate,HSC-SSP-simulated
HSC-0721,HSC-SSP,31.588078067064547,3.0591904774206036,0.6324136871377611,1.0625914645828065,0.7128966881710346,47095591116.72267,162.5574295035356,candidate,HSC-SSP-simulated
HSC-0722,HSC-SSP,40.68581830384139,2.3641561672111564,0.30294076572762296,0.5468276439899146,0.5735526483076191,84671169271.96875,243.0027170723222,candidate,HSC-SSP-simulated
HSC-0723,HSC-SSP,38.120508129051935,-1.5541027552858289,0.29647781444471855,0.9136274596403966,1.0662444750891362,86274221231.66646,179.90453977750212,candidate,HSC-SSP-simulated
HSC-0724,HSC-SSP,31.47445171035531,-3.707254327843702,0.05,0.6361323366327228,0.7757458770672325,137514457030.54828,266.2836104751361,candidate,HSC-SSP-simulated
HSC-0725,HSC-SSP,33.5250552063712,-2.9760213402711395,0.2800732697177053,1.7165008821771672,1.4161642579436218,134212535336.83601,194.70169005060723,candidate,HSC-SSP-simulated
HSC-0726,HSC-SSP,45.69858747900749,-4.599025166774453,0.27133293128767927,0.5843589965758271,1.1141792313950876,167489266969.93063,245.21439266921362,candidate,HSC-SSP-simulated
HSC-0727,HSC-SSP,37.43437328720721,-5.56391102020509,0.31068410588359313,0.8577182094822602,1.7081868934170836,207956211064.16962,220.67251823096464,candidate,HSC-SSP-simulated
HSC-0728,HSC-SSP,33.39693669777376,-1.1236031366704626,0.09443148438509005,1.3783449089431794,1.33293011979746,111896901299.28456,183.2463508186321,candidate,HSC-SSP-simulated
HSC-0729,HSC-SSP,34.151927579043736,1.9891828831844078,0.731697355973014,0.9492183125930185,1.4344377370627932,116426691610.04893,180.18366773352415,candidate,HSC-SSP-simulated
HSC-0730,HSC-SSP,43.49411972113286,3.076272656923612,0.28392529611237705,1.9153763541041797,0.9960165643985515,173371799894.3572,263.86752533698484,candidate,HSC-SSP-simulated
HSC-0731,HSC-SSP,56.887701494147365,2.228553225896171,0.21379687937991942,0.5662545080341186,0.8508051845077375,43890343831.90833,143.64794695897714,candidate,HSC-SSP-simulated
HSC-0732,HSC-SSP,39.61702758049497,-4.380258167140295,0.16462948633752741,0.32714641486568047,1.8345093639679977,270952010077.14978,243.06152467933285,candidate,HSC-SSP-simulated
HSC-0733,HSC-SSP,52.70367668707191,-2.01599157458785,0.3102143303419324,2.065966747698925,0.8484266953510353,120197460651.44289,238.05125725713776,candidate,HSC-SSP-simulated
HSC-0734,HSC-SSP,37.5960349010993,0.6635499039381756,0.48823793051751396,0.7622719812335528,1.2332782964967044,234285376146.98215,275.6589146650354,candidate,HSC-SSP-simulated
HSC-0735,HSC-SSP,30.483739391166445,-1.5281144412702332,0.09244411982895188,0.5185829756103494,1.02397203195505,164974990753.5865,253.86042606750917,candidate,HSC-SSP-simulated
HSC-0736,HSC-SSP,54.0963636973228,0.7425234748981575,0.09380324610525967,0.36259044129173457,1.5053312205124685,235050926844.73416,249.9165086903927,candidate,HSC-SSP-simulated
HSC-0737,HSC-SSP,52.361932174246185,-1.4525290822499084,0.05,2.061967868274335,0.9505288113851023,244378187816.72128,320.6849458665679,candidate,HSC-SSP-simulated
HSC-0738,HSC-SSP,57.09820866716743,-4.817437783044691,0.37545044620028967,1.8942772750148853,1.1806567592947976,94495122836.93837,178.92575716881623,candidate,HSC-SSP-simulated
HSC-0739,HSC-SSP,43.133444318988595,-3.2311849175153546,0.21853542060286535,0.8881067451782814,1.447904420004733,155090002715.94742,206.9912325102203,candidate,HSC-SSP-simulated
HSC-0740,HSC-SSP,32.69102757044537,5.538524674573315,0.1432106811608307,0.3324629629859462,0.9359797206167882,68244295281.997734,170.77722517679516,candidate,HSC-SSP-simulated
HSC-0741,HSC-SSP,46.89493165361864,5.325289444137793,0.17239862160452749,1.9197745549308507,1.0651236674236018,51836727302.43416,139.52395084595105,candidate,HSC-SSP-simulated
HSC-0742,HSC-SSP,46.73637550733657,-2.3483088981496283,0.13781958582586293,1.1476887042441872,1.4304560389358953,103015135361.41632,169.72399927423515,candidate,HSC-SSP-simulated
HSC-0743,HSC-SSP,34.79248380701833,-4.031236940815978,0.10459965993234575,0.7333145153094777,1.2601624812169339,176696799968.9425,236.826919093549,candidate,HSC-SSP-simulated
HSC-0744,HSC-SSP,34.94192688243185,-0.8420249098439694,0.4723271257095264,1.1105567922983912,1.6527786500789898,185831486248.30423,212.07149538268905,candidate,HSC-SSP-simulated
HSC-0745,HSC-SSP,44.45700501329932,0.037602656979837334,0.16705777490743326,1.4626809269970706,1.1192253086651416,161703221814.42386,240.3978454875324,candidate,HSC-SSP-simulated
HSC-0746,HSC-SSP,46.516359018599864,3.910658717121775,0.32524514190344506,0.4866769453906673,0.7622472126339574,67765302019.16799,188.5757146844622,candidate,HSC-SSP-simulated
HSC-0747,HSC-SSP,45.8045149815124,-5.314811058657884,0.19750612237552576,0.9139726857457234,0.6381167615285526,101414249433.12402,252.13283659274379,candidate,HSC-SSP-simulated
HSC-0748,HSC-SSP,42.78954881972104,-1.9955495090924416,0.44032361669167636,0.7474366989701569,0.9798444792929752,110249269334.94173,212.14816547036853,candidate,HSC-SSP-simulated
HSC-0749,HSC-SSP,45.609708785741574,5.702934423407504,0.3873798001393814,0.9103387300300325,0.7613737578809682,176169717313.4807,304.2262417301726,candidate,HSC-SSP-simulated
HSC-0750,HSC-SSP,57.9463322131956,-4.931883181247894,0.4511549914985462,1.2995511192049565,1.4997594457477488,78151424037.06651,144.37355173505622,candidate,HSC-SSP-simulated
HSC-0751,HSC-SSP,34.781846543142066,5.616266064548864,0.07070861781960401,0.170708617819604,1.0313386033538374,133406947491.11073,227.467095552994,candidate,HSC-SSP-simulated
HSC-0752,HSC-SSP,30.582037368546462,-2.0759187780467747,0.06421380092527991,1.530922433947343,0.5667547246276265,78630651170.33543,235.57454293988948,candidate,HSC-SSP-simulated
HSC-0753,HSC-SSP,41.78517229444207,-3.8441853845358973,0.3684132341097951,1.261941087858247,0.6316242551863263,121609255537.48706,277.5133697949148,candidate,HSC-SSP-simulated
HSC-0754,HSC-SSP,55.67775568773894,-0.7838622202023569,0.16127118887958747,0.7002674783242293,0.8082940630937032,128558883167.99203,252.2297716207588,candidate,HSC-SSP-simulated
HSC-0755,HSC-SSP,39.65059106103928,-0.4141563307236069,0.15502380061559776,0.43544719949084354,1.3202122646382013,153200956495.58548,215.44620698234863,candidate,HSC-SSP-simulated
HSC-0756,HSC-SSP,57.90016133373218,-1.397191307912495,0.48696957494765947,1.3073964299742307,0.7934536999520648,34198030897.830467,131.30151919439353,candidate,HSC-SSP-simulated
HSC-0757,HSC-SSP,36.89148851049695,-3.605140609248735,0.27130993178055035,0.9011165212633938,1.2292200857115505,110180341113.1501,189.35083643646553,candidate,HSC-SSP-simulated
HSC-0758,HSC-SSP,55.5446754493964,-0.20320505768036767,0.32220826795814994,1.11738518163606,0.7747739451256588,72111252108.68697,192.94965671085504,candidate,HSC-SSP-simulated
HSC-0759,HSC-SSP,41.380967946125594,4.9300107238770465,0.0691295061859695,2.6441780384893145,1.1007475692052564,61630772520.99151,149.65282997434153,candidate,HSC-SSP-simulated
HSC-0760,HSC-SSP,48.46657869579538,-5.525309921248642,0.7466885284760901,1.049872636061346,0.8281207585907755,87961403003.41692,206.12431905698833,candidate,HSC-SSP-simulated
HSC-0761,HSC-SSP,42.81337339258002,-4.454946751583334,0.2429811124385651,1.5787571038593327,0.5542178052276177,66414334892.066124,218.9377610361879,candidate,HSC-SSP-simulated
HSC-0762,HSC-SSP,54.35903227172405,4.405825812013465,0.1919257500107797,1.108407915156181,0.8940348454981517,84980566019.20271,194.99010914520022,candidate,HSC-SSP-simulated
HSC-0763,HSC-SSP,56.47485315204409,-5.7585393377631116,0.21852963639182224,2.6177560513232816,0.8652869687567499,163532844600.55392,274.94916787209826,candidate,HSC-SSP-simulated
HSC-0764,HSC-SSP,46.22296893901628,2.127608236027914,0.26637391201148314,1.1236766720663767,1.0410709311241486,151689805829.64395,241.41710253303626,candidate,HSC-SSP-simulated
HSC-0765,HSC-SSP,38.94451068829667,-4.482429055157146,0.17855361961950134,1.8605891602808082,1.13798451192582,69426719852.91629,156.21586700021342,candidate,HSC-SSP-simulated
HSC-0766,HSC-SSP,31.82049206852047,-1.0398904815456937,0.05,2.4008682609409386,1.0508728432037946,59822368122.54036,150.89912156537812,candidate,HSC-SSP-simulated
HSC-0767,HSC-SSP,58.044661213314036,4.019481300625403,0.167555468032575,1.6709112600172835,0.9341373439805349,105864785249.9732,212.91212229862307,candidate,HSC-SSP-simulated
HSC-0768,HSC-SSP,57.85523255831336,0.9568453792772633,0.3949143684076186,1.4066917498843932,1.163432333486071,183721147653.85632,251.32691816684712,candidate,HSC-SSP-simulated
HSC-0769,HSC-SSP,40.519280743714404,-1.4782724667094502,0.13158425870178683,0.6066810255353466,0.7734420310426935,69376391560.85419,189.41831316527205,candidate,HSC-SSP-simulated
HSC-0770,HSC-SSP,45.127903823790945,4.387740436472782,0.21686994975360593,0.9811928120641669,1.48386843815673,197138192488.1436,230.5248149460752,candidate,HSC-SSP-simulated
HSC-0771,HSC-SSP,58.787764428277015,3.5119497210194055,0.2202038738210717,0.5409795526930631,0.8993295588504452,143193316536.51663,252.36663427567393,candidate,HSC-SSP-simulated
HSC-0772,HSC-SSP,47.60303723533774,-0.6512421491655704,0.05,0.6691058828592382,0.6057118314032701,115612962450.87521,276.3123090077855,candidate,HSC-SSP-simulated
HSC-0773,HSC-SSP,41.844218486347685,1.7525633291591518,0.3978998243347408,1.1246945391140353,1.2111897511875591,225240423660.37408,272.73889071383286,candidate,HSC-SSP-simulated
HSC-0774,HSC-SSP,45.81765449852031,5.158445787526549,0.2430892310437191,0.5673306157131242,0.9921527140001933,142764105169.53296,239.91104757101468,candidate,HSC-SSP-simulated
HSC-0775,HSC-SSP,57.324726609911885,5.319721342489796,0.20428076794715994,1.955373400919665,1.2305799625644216,121299988713.81412,198.5662601559347,candidate,HSC-SSP-simulated
HSC-0776,HSC-SSP,44.926982501661776,-4.141887820557271,0.2684311174920768,0.6157698249551232,0.5558806996441042,67474653416.657715,220.34821117209688,candidate,HSC-SSP-simulated
HSC-0777,HSC-SSP,35.47875390759303,0.8877021003809027,0.12453534983847242,2.5326580035542285,1.1244998545600857,113471126927.47903,200.9060327802155,candidate,HSC-SSP-simulated
HSC-0778,HSC-SSP,44.525534949677905,1.777225527132857,0.6696580964483211,2.5270736557469147,1.5873995813571606,212168201958.542,231.2208603972058,candidate,HSC-SSP-simulated
HSC-0779,HSC-SSP,33.81307841312221,-1.7193219682931238,0.3603048766637059,1.48685420330473,0.9203497376889325,50277296942.648735,147.82214829081374,candidate,HSC-SSP-simulated
HSC-0780,HSC-SSP,32.009732831875425,-5.661703914633334,0.4079972519252952,1.1107581887743287,1.3378914910353006,149688946360.5926,211.5506750922579,candidate,HSC-SSP-simulated
HSC-0781,HSC-SSP,35.738321131121914,0.20541517028303424,0.4303433317845672,1.766014534203027,1.6988533782240438,214486599542.88907,224.72538265236955,candidate,HSC-SSP-simulated
HSC-0782,HSC-SSP,56.38388080535677,-1.0797145590990844,0.09699178542188974,0.8262902146556128,0.9068268521998092,105534476982.51744,215.75704775053237,candidate,HSC-SSP-simulated
HSC-0783,HSC-SSP,43.82606205808956,2.0556530827713573,0.28518938543929007,2.7893303862949956,0.9711662451254868,210458959780.4514,294.41973388457143,candidate,HSC-SSP-simulated
HSC-0784,HSC-SSP,33.78850417753707,5.349317966956166,0.5329610813764623,0.9738734608523391,1.296213512353766,232175051591.87943,267.66987666189897,candidate,HSC-SSP-simulated
HSC-0785,HSC-SSP,36.5717751917965,-0.6835202803780707,0.4465591793576504,1.0792557865586838,1.071953025562375,111553872161.63586,204.02549647136655,candidate,HSC-SSP-simulated
HSC-0786,HSC-SSP,54.68280729096996,0.21988707647788175,0.3705510370775363,1.7974933142669587,0.5928082671600517,141166444440.6948,308.6303334157104,candidate,HSC-SSP-simulated
HSC-0787,HSC-SSP,50.97938763465911,2.53346180418343,0.08018976176883429,0.8318355863199324,1.4028023787254391,161619425012.7567,214.67354474029585,candidate,HSC-SSP-simulated
HSC-0788,HSC-SSP,56.60494618406878,-1.4598290198082369,0.05,0.8484718074286414,0.7582638283012103,64697344032.52213,184.74089879872855,candidate,HSC-SSP-simulated
HSC-0789,HSC-SSP,45.04324421093732,-3.1965028362172014,0.4005110984048305,1.7668179578666126,1.23983313489399,161371329667.89743,228.1715880293566,candidate,HSC-SSP-simulated
HSC-0790,HSC-SSP,41.397728728860436,0.02322696937032731,0.4239224280620533,0.9081428999006311,2.333336406134014,343190864282.81757,242.5544106252783,candidate,HSC-SSP-simulated
HSC-0791,HSC-SSP,46.252809598230456,-4.427041659543563,0.170070078177983,0.5278639212145886,0.9025361392614395,82460067552.60857,191.16991116285146,candidate,HSC-SSP-simulated
HSC-0792,HSC-SSP,42.19909580654911,-1.4020263772904906,0.1325946673321752,0.38612404714100734,0.9507750923611161,61563368347.22774,160.9356596663587,candidate,HSC-SSP-simulated
HSC-0793,HSC-SSP,48.349670269380425,0.7889676786137514,0.2559601132399053,0.856895094543937,0.7996746423541461,89754732450.66205,211.8858776416293,candidate,HSC-SSP-simulated
HSC-0794,HSC-SSP,43.27181222244581,-5.447169963894389,0.24512357548739788,0.8759702629150441,0.5348666948323129,76183473878.83595,238.6918572500835,candidate,HSC-SSP-simulated
HSC-0795,HSC-SSP,43.021466054345424,3.8331342440443805,0.4538236603045353,1.3445973193701233,0.7328288685135528,93932528713.54482,226.43143453272134,candidate,HSC-SSP-simulated
HSC-0796,HSC-SSP,55.88312332377677,-4.045168146271271,0.18885852086499508,1.3481214494925997,0.9244766484313565,82233281593.39513,188.62785822617496,candidate,HSC-SSP-simulated
HSC-0797,HSC-SSP,31.316432651062307,2.6444785527864347,0.26441621111623986,0.6942008978940496,0.8343089602850746,86797229036.42369,203.9949761824958,candidate,HSC-SSP-simulated
HSC-0798,HSC-SSP,40.64985347441825,-2.1514540201884733,0.22298079074462573,1.0844067832408109,0.8417899401456134,89256709188.86557,205.9437257555957,candidate,HSC-SSP-simulated
HSC-0799,HSC-SSP,52.75154314769753,1.2721659832329753,0.1470221682517761,1.0458621926435254,1.006143947254878,54144818472.95031,146.71630713289522,candidate,HSC-SSP-simulated
HSC-0800,HSC-SSP,46.34645058088181,-2.597913716748727,0.18278753816902474,1.1536305990307893,0.9865154516016172,61837546706.78166,158.34493474925725,candidate,HSC-SSP-simulated
HSC-0801,HSC-SSP,40.923631705245164,1.672637057449176,0.21397064333568308,0.5393341289315008,0.8559014689038674,147622282401.49646,262.6600772525777,candidate,HSC-SSP-simulated
HSC-0802,HSC-SSP,53.67871964031314,-5.625437275935029,0.25574262725648517,1.4690335709625617,1.0326851880042238,107501334481.16933,204.05768222526345,candidate,HSC-SSP-simulated
HSC-0803,HSC-SSP,43.282077831193746,5.3869946182645805,0.2918525779015584,0.4551571139501749,1.2327853126044395,97863449158.16917,178.19541648901867,candidate,HSC-SSP-simulated
HSC-0804,HSC-SSP,35.6741608898022,0.88190116669172,0.3481583972837519,0.9721839898966955,0.6908986804660688,59611609114.26355,185.77541346936016,candidate,HSC-SSP-simulated
HSC-0805,HSC-SSP,31.493430045691312,-2.7779990856300554,0.34942934163390277,3.0,0.9684180249588802,243460770745.98795,317.11227973781496,candidate,HSC-SSP-simulated
HSC-0806,HSC-SSP,45.37728647772635,-2.78670822475059,0.05,0.7126624038671736,0.9686438998850562,59817795867.39218,157.16763746854758,candidate,HSC-SSP-simulated
HSC-0807,HSC-SSP,52.813938188282,5.8191493012979,0.2840729107569114,1.3228742234272646,0.9310241124566314,231886220504.681,315.6363425153261,candidate,HSC-SSP-simulated
HSC-0808,HSC-SSP,55.488005249473744,-0.23838072433952195,0.05,3.0,0.9331414331261223,128404433822.36719,234.60986474416703,candidate,HSC-SSP-simulated
HSC-0809,HSC-SSP,48.998067520124664,-4.806045285832342,0.40415595202134197,0.504155952021342,1.2278307108192752,139157665874.39233,212.91895084947362,candidate,HSC-SSP-simulated
HSC-0810,HSC-SSP,35.24360145135474,5.845201031089399,0.11971937776473077,0.42070155562338063,1.4320017414418698,350870354623.5219,313.06286869902647,candidate,HSC-SSP-simulated
HSC-0811,HSC-SSP,30.740918930583337,3.7231095662074427,0.10788005943355125,0.7977147096343966,0.9647503774621558,133970094409.50926,235.682018370391,candidate,HSC-SSP-simulated
HSC-0812,HSC-SSP,37.497051649106695,-5.212790820659645,0.4024285760725205,0.511814507784168,1.5423753428390998,247029751870.71948,253.11016669730935,candidate,HSC-SSP-simulated
HSC-0813,HSC-SSP,59.12004083381612,-3.89141704995809,0.09120089138058657,0.2844531239940448,0.528779226835536,62267359320.181305,217.03162743842978,candidate,HSC-SSP-simulated
HSC-0814,HSC-SSP,46.30217556594792,-2.342869046432091,0.5988602864325603,1.5991949434649213,0.8684363340450371,66231255021.32523,174.65961369865704,candidate,HSC-SSP-simulated
HSC-0815,HSC-SSP,42.473244029689546,-0.3698700468867395,0.6948100102647451,1.348568471278599,0.8274297180194308,51684147449.76775,158.0676936442962,candidate,HSC-SSP-simulated
HSC-0816,HSC-SSP,43.80307879673064,-3.6786332638567503,0.48596478411882166,0.9630199033943942,0.8111391419832898,113656945213.94838,236.7447220876146,candidate,HSC-SSP-simulated
HSC-0817,HSC-SSP,32.254288595327594,-4.389570884083797,0.11353614662575578,2.0660632578814146,0.7452625619443091,125173930108.90608,259.1983825608473,candidate,HSC-SSP-simulated
HSC-0818,HSC-SSP,33.48821040878642,0.436924596960365,0.07605821419847436,1.4230435286412897,0.6375369997890895,36079486438.03297,150.45529343706144,candidate,HSC-SSP-simulated
HSC-0819,HSC-SSP,37.71288268185335,-0.2465402622028119,0.1677447142330101,0.8625589838726047,1.2394254544202625,234385453469.86227,275.03319724608053,candidate,HSC-SSP-simulated
HSC-0820,HSC-SSP,49.52364962540706,1.3700262038267121,0.18326915130894356,1.0410712964069893,1.3875527746826066,365451601114.7084,324.5788184889274,candidate,HSC-SSP-simulated
HSC-0821,HSC-SSP,30.38296279553692,4.458622277498973,0.24320917296965266,0.6225216838700065,0.8901284590392471,22253211475.98118,100.0,candidate,HSC-SSP-simulated
HSC-0822,HSC-SSP,50.35980281480691,-0.9492416548892884,0.23152598671766533,2.1687816802252513,1.1295471912727417,53299514091.84432,137.38503558189282,candidate,HSC-SSP-simulated
HSC-0823,HSC-SSP,47.08447164409775,4.333362240737108,0.09782699176652268,1.4214749503119724,0.7191297881890967,93583840189.05855,228.15331719427888,candidate,HSC-SSP-simulated
HSC-0824,HSC-SSP,58.39135960075113,-1.020026899550949,0.09553063329094248,1.442601235247023,1.051267674712789,142295559727.4733,232.68533597459066,candidate,HSC-SSP-simulated
HSC-0825,HSC-SSP,54.617293180015494,-2.5770678923188015,0.11339215206995515,1.014939343680741,0.4994672643889417,39574325155.5918,178.0259204363605,candidate,HSC-SSP-simulated
HSC-0826,HSC-SSP,48.38053034023822,1.0245050734914756,0.6033891799265793,0.8418282809890238,1.2603891701479413,132932027354.70074,205.39623491967285,candidate,HSC-SSP-simulated
HSC-0827,HSC-SSP,45.00593806568356,4.085313006552241,0.17968078691846376,0.6820982491191967,1.4187482319959828,88731185101.46524,158.16685166574675,candidate,HSC-SSP-simulated
HSC-0828,HSC-SSP,31.83649974430716,1.0909931139267215,0.17613824175806156,0.6272270358646048,1.274913496965554,172808568923.0645,232.8478719091972,candidate,HSC-SSP-simulated
HSC-0829,HSC-SSP,42.26781707270016,1.9436380734076097,0.2734678626864484,0.6846482981649944,1.8805969044910436,686085547633.2913,382.00695743184036,candidate,HSC-SSP-simulated
HSC-0830,HSC-SSP,54.31811544780483,2.826248469522975,0.4665126130052646,1.5375846602156027,0.8372167734419373,96360307584.01389,214.56561417066737,candidate,HSC-SSP-simulated
HSC-0831,HSC-SSP,46.26899926863237,-4.222790416474471,0.1836687861561869,2.6046063157127346,1.205538318303654,220804853748.38724,270.6722879941882,candidate,HSC-SSP-simulated
HSC-0832,HSC-SSP,41.830234390519934,-5.984586893678383,0.5659343324136745,3.0,1.125102399356588,146570559089.668,228.27446965612802,candidate,HSC-SSP-simulated
HSC-0833,HSC-SSP,32.22528586782936,-3.695804988384614,0.7635052215008911,1.9943963671871858,1.0962736572401135,195287242041.51086,266.93618081190795,candidate,HSC-SSP-simulated
HSC-0834,HSC-SSP,35.30046942528916,0.9627423863897011,0.0800689812933009,1.9008334751503697,0.6940431545574859,36521689650.424576,145.0815507267082,candidate,HSC-SSP-simulated
HSC-0835,HSC-SSP,36.33624775763855,-2.2418153915563783,0.5431933547210576,1.2457957731711713,1.2854981979560074,49909458736.57674,124.61940965216002,candidate,HSC-SSP-simulated
HSC-0836,HSC-SSP,52.33257761439978,5.654638942625933,0.158130313738014,1.1270664237316983,1.3885414285867996,178709604325.2649,226.89478879374533,candidate,HSC-SSP-simulated
HSC-0837,HSC-SSP,49.5181956975631,4.6762489508599785,0.8,1.8049468464525582,1.1272358187913036,53839765068.35099,138.2210486591876,candidate,HSC-SSP-simulated
HSC-0838,HSC-SSP,59.507918992163226,2.0082139566047523,0.48819038473319354,2.222189293378504,0.6363794913612888,75485885549.89133,217.8235266747667,candidate,HSC-SSP-simulated
HSC-0839,HSC-SSP,39.9807053907801,-0.7404167036020093,0.17798522041546752,1.379585111911612,0.7655010753894852,68507502201.57229,189.20219032432905,candidate,HSC-SSP-simulated
HSC-0840,HSC-SSP,47.75423722989978,-5.133247820730266,0.09953960904462462,1.5823766367931795,1.2778664625794527,135642330923.56354,206.0558181263415,candidate,HSC-SSP-simulated
HSC-0841,HSC-SSP,49.26834490521345,-5.539661342544305,0.8,1.634610032566229,1.583855408464819,274088881821.57587,263.0982378043243,candidate,HSC-SSP-simulated
HSC-0842,HSC-SSP,50.78403595889726,4.451611198350511,0.06964884224133583,1.143210624985394,1.5684413926050595,372702614654.8929,308.30251520261436,candidate,HSC-SSP-simulated
HSC-0843,HSC-SSP,47.33631244322727,2.9917842617092134,0.2596745381491989,1.651742455802119,1.0555070961530517,112363212195.97493,206.35333398872436,candidate,HSC-SSP-simulated
HSC-0844,HSC-SSP,52.41673935265761,-2.259560142086256,0.45833717202370045,1.0100917984593718,1.1887893110186776,62117574486.71158,144.57220158935718,candidate,HSC-SSP-simulated
HSC-0845,HSC-SSP,58.07982537005333,2.137470018439757,0.7477885897334792,1.1760178656463753,0.6696697824593619,137739512571.89636,286.83286788794913,candidate,HSC-SSP-simulated
HSC-0846,HSC-SSP,31.474824874651446,-5.627317487578132,0.6857897329799868,1.7433827464597322,0.9718697414943507,100468146151.78258,203.3481190473119,candidate,HSC-SSP-simulated
HSC-0847,HSC-SSP,37.11211173522534,-0.6327243821145352,0.3047436532763369,1.1123117556804423,0.9523610037315017,74120344052.55455,176.44034849961847,candidate,HSC-SSP-simulated
HSC-0848,HSC-SSP,58.01036718398805,0.5086387222852649,0.08752282353890653,0.9786050993129808,1.0724147542656055,90864676214.28885,184.0967608190868,candidate,HSC-SSP-simulated
HSC-0849,HSC-SSP,57.43849363545574,-3.496177042098828,0.15256665602290345,1.1437981351090902,0.7644441488286422,142582070448.52594,273.14268465166083,candidate,HSC-SSP-simulated
HSC-0850,HSC-SSP,43.90173026413939,1.1931665043314599,0.3683738552095036,0.8151171129328121,1.1550874178135169,89806652166.80463,176.35055165553237,candidate,HSC-SSP-simulated
HSC-0851,HSC-SSP,33.84564218431385,-0.8957220447601966,0.44545367101479266,0.8468639144976415,0.9662412724257586,124899268505.29599,227.38779537000642,candidate,HSC-SSP-simulated
HSC-0852,HSC-SSP,48.41537835023173,-4.947388299360428,0.6788669744954606,1.1040901364119633,0.7828246951868356,42432539869.43896,147.2472697454724,candidate,HSC-SSP-simulated
HSC-0853,HSC-SSP,33.088384341008584,2.6282738452032124,0.8,1.656004036517802,1.386761936882028,127060607756.2288,191.44080129579066,candidate,HSC-SSP-simulated
HSC-0854,HSC-SSP,56.91895487249215,0.21861978763112955,0.16746038980073893,0.9714969781279305,0.9950418096607957,160700421990.20203,254.1662255758046,candidate,HSC-SSP-simulated
HSC-0855,HSC-SSP,40.2580348072418,5.09062121811192,0.26252925754276696,0.8781797593544001,1.7641297834276939,136325676875.82092,175.81404296544684,candidate,HSC-SSP-simulated
HSC-0856,HSC-SSP,51.81393590645783,-5.991397695521043,0.12819430010578284,0.5163668719717384,1.2428132173479332,182598865435.7878,242.424272709822,candidate,HSC-SSP-simulated
HSC-0857,HSC-SSP,37.7085689852541,-5.74908585197718,0.220538870375784,0.5906554786811268,1.0439670942616475,181317309925.64017,263.5762193043967,candidate,HSC-SSP-simulated
HSC-0858,HSC-SSP,40.63271975962159,-1.4262374155831736,0.6975435421526152,1.1950785421273997,0.952574990323025,139375041956.33148,241.92063497483227,candidate,HSC-SSP-simulated
HSC-0859,HSC-SSP,46.82083444127041,-4.859321558009227,0.18316268221331325,0.42170968468394354,0.9539848878061145,60667912948.26881,159.4919528292921,candidate,HSC-SSP-simulated
HSC-0860,HSC-SSP,48.17097721379627,2.302366897930133,0.487044770386394,1.138355036533045,0.9818377067102753,81807103889.34001,182.5600101989973,candidate,HSC-SSP-simulated
HSC-0861,HSC-SSP,54.62207522447191,1.374492218655785,0.24556279271034417,2.206653929047103,1.3838922243102674,95544282537.16733,166.18094062989707,candidate,HSC-SSP-simulated
HSC-0862,HSC-SSP,53.70779711825081,-2.450965984556047,0.05,0.7905350450868215,0.9142547497640602,93344201470.21877,202.0877811046246,candidate,HSC-SSP-simulated
HSC-0863,HSC-SSP,31.659971614900382,-3.6224310981170755,0.15757986178548236,0.46438668368374003,1.9888834085829474,488284301442.03296,313.3731002080675,candidate,HSC-SSP-simulated
HSC-0864,HSC-SSP,49.613337688684695,-1.3553998567813563,0.18034816475901358,1.099884148138326,1.3433355038814834,171977579998.93567,226.2943265288329,candidate,HSC-SSP-simulated
HSC-0865,HSC-SSP,33.13981901723689,3.8717751263266713,0.1686055485716693,0.4116393925060361,1.0036737964319289,64369059022.18115,160.1667203857802,candidate,HSC-SSP-simulated
HSC-0866,HSC-SSP,54.04927769494102,-0.7015918754532366,0.5615824513924279,1.374254289809238,1.1690913651492822,121167261207.23055,203.60967700617385,candidate,HSC-SSP-simulated
HSC-0867,HSC-SSP,47.31061205071675,-3.3462286786716793,0.44744132421745336,0.9359275747570439,1.091290375217877,111125693395.32147,201.82133525424854,candidate,HSC-SSP-simulated
HSC-0868,HSC-SSP,41.843259503150485,-0.09340580055039815,0.20946462156884565,1.8382021669776023,0.7970919696889294,112897142168.75064,238.02208381463865,candidate,HSC-SSP-simulated
HSC-0869,HSC-SSP,33.41285876413648,-1.0684727035691601,0.6070146686876936,2.1952884532100474,0.8340415738052436,125045404851.7508,244.88941547088888,candidate,HSC-SSP-simulated
HSC-0870,HSC-SSP,54.654043777626015,3.23100671089904,0.05,1.7166017484099874,2.206405069477151,304864687708.8625,235.09366903605058,candidate,HSC-SSP-simulated
HSC-0871,HSC-SSP,40.78016971547362,-0.2956911878295774,0.6272500664844234,0.8589342707635412,0.7400543340778389,76567381781.45784,203.43238504560753,candidate,HSC-SSP-simulated
HSC-0872,HSC-SSP,48.74831311223496,2.746446113863149,0.22066361032251686,1.2692595903166546,0.8351735696726879,107572734041.1604,226.98268447826754,candidate,HSC-SSP-simulated
HSC-0873,HSC-SSP,56.81322563285835,0.35770868484064877,0.48795825570046136,1.6825505926114972,0.896995649255132,148219205127.50296,257.0911147195063,candidate,HSC-SSP-simulated
HSC-0874,HSC-SSP,33.869367237814956,-0.37846515495496114,0.17975344770904914,1.0688481792839983,1.3139853030408168,146005404194.19916,210.82359139214236,candidate,HSC-SSP-simulated
HSC-0875,HSC-SSP,59.479572344807075,1.6445706420435302,0.08133930338859856,0.9518384594261171,1.3177970682787714,241854711844.0129,270.9461620044949,candidate,HSC-SSP-simulated
HSC-0876,HSC-SSP,36.01019463289327,-3.4679196995096873,0.09782363455794109,1.468526292692565,0.9301316260919914,200089552478.7921,293.3391278449488,candidate,HSC-SSP-simulated
HSC-0877,HSC-SSP,53.76569814825736,4.063461554376682,0.08302557851648133,1.4357396993989429,0.9011969335767204,81942328970.97734,190.7103638275655,candidate,HSC-SSP-simulated
HSC-0878,HSC-SSP,36.28557672937596,-0.5360550022967736,0.4854336463803416,2.279202007049665,0.5575501958832518,100804407635.50652,268.9228902833275,candidate,HSC-SSP-simulated
HSC-0879,HSC-SSP,52.6961575048592,-2.9116144991803914,0.23697825987882876,1.0890244872560817,0.6894394493838594,108063018770.45201,250.39201693675042,candidate,HSC-SSP-simulated
HSC-0880,HSC-SSP,50.312211379753435,3.2668833107193187,0.8,1.336407603376527,1.4477662087841814,174567993468.26004,219.61555021393153,candidate,HSC-SSP-simulated
HSC-0881,HSC-SSP,54.04056174810746,-1.0739421438197212,0.16637995917894738,0.379990955098356,1.5183308788467162,193115443932.68756,225.5564687648256,candidate,HSC-SSP-simulated
HSC-0882,HSC-SSP,40.60432425385136,1.7065156440323683,0.17361173329332946,0.8342051821845736,1.2303187562309266,120290978782.85498,197.7596580914755,candidate,HSC-SSP-simulated
HSC-0883,HSC-SSP,40.39407861236002,5.676544194169933,0.11015008542561384,0.8722441731832773,0.9578176544323868,107362634665.51497,211.74597174984768,candidate,HSC-SSP-simulated
HSC-0884,HSC-SSP,58.807990754761995,2.318032323046152,0.17528270297574075,2.129688614407008,2.3024852597178884,162657662758.75723,168.10043225053852,candidate,HSC-SSP-simulated
HSC-0885,HSC-SSP,48.95324530958266,-2.914577952015666,0.05,0.7405035016181558,0.5517891139085784,29019795501.346222,145.0409399021151,candidate,HSC-SSP-simulated
HSC-0886,HSC-SSP,51.9817024623992,2.230515301037576,0.16329539395553475,1.5200115267449577,0.9287640229270965,25563190396.173176,104.92641411650067,candidate,HSC-SSP-simulated
HSC-0887,HSC-SSP,39.413464299171864,-4.297867228596178,0.2031344699658197,0.9209918404353847,0.9498016590073075,179472953910.63037,274.9242438025909,candidate,HSC-SSP-simulated
HSC-0888,HSC-SSP,47.57589151583765,5.712939989670225,0.4698486845145319,1.3506959846232298,1.853996080621566,101633845175.97432,148.07944166027204,candidate,HSC-SSP-simulated
HSC-0889,HSC-SSP,54.48683555588401,5.859145381718243,0.16291925823441364,0.9172237831732399,0.992707152643308,55015310843.12289,148.88851752468963,candidate,HSC-SSP-simulated
HSC-0890,HSC-SSP,52.26930736601173,3.2449414448237253,0.2492640560170587,0.4199151793105534,0.8192259653210775,71302439165.34009,186.58655000779424,candidate,HSC-SSP-simulated
HSC-0891,HSC-SSP,45.89501666886211,-2.5201512882702977,0.16151981993702805,1.2266192353794554,0.783328445132836,129225694562.68471,256.88129650652513,candidate,HSC-SSP-simulated
HSC-0892,HSC-SSP,48.257147795219225,5.6508565373984325,0.13670683573123898,0.7182144452057366,1.0561148774029647,130406482895.64702,222.2409098550084,candidate,HSC-SSP-simulated
HSC-0893,HSC-SSP,38.63638510004534,-4.556748442456717,0.3681396353810243,0.6169536557702164,1.5570044410363877,168964966541.50397,208.34515394814252,candidate,HSC-SSP-simulated
HSC-0894,HSC-SSP,37.56758501565511,0.4106449191749677,0.3718750024846266,0.8979360683510513,1.1652163400220792,64805461335.76397,149.15317957621738,candidate,HSC-SSP-simulated
HSC-0895,HSC-SSP,53.49870277316599,5.553417695768786,0.05,0.5398353746240155,0.45591907167839263,43550633237.56779,195.4714582557067,candidate,HSC-SSP-simulated
HSC-0896,HSC-SSP,50.566158616878695,-0.765426994559455,0.2220807961934159,1.4260198759973415,1.171578289285351,210103586228.45734,267.83114058677455,candidate,HSC-SSP-simulated
HSC-0897,HSC-SSP,38.644564073322094,-3.1679048361154556,0.06538241558471697,0.495591608356825,0.8707676368598378,106997957498.45802,221.7004627430539,candidate,HSC-SSP-simulated
HSC-0898,HSC-SSP,40.944542889235706,4.480697494910633,0.4212498445018142,0.7276372171093157,0.8304920815971368,159356472831.60703,277.0429493350807,candidate,HSC-SSP-simulated
HSC-0899,HSC-SSP,38.68748114012181,0.9263969570707378,0.08408647430503638,0.695009690635945,0.6832874939421004,149289858778.44388,295.6265351151275,candidate,HSC-SSP-simulated
HSC-0900,HSC-SSP,37.65261667264194,-4.475597088321219,0.08866050530254829,0.4850383797766489,0.8651129713841156,29324102530.324833,116.44100587097668,candidate,HSC-SSP-simulated
HSC-0901,HSC-SSP,45.19649999725642,0.7539628465752344,0.4959119066159633,2.1940384810052627,0.7609816677772291,80564500853.97252,205.78549447233308,candidate,HSC-SSP-simulated
HSC-0902,HSC-SSP,46.539521719884426,-1.6854822657599584,0.4261173317117258,1.8007133692637347,2.1160034514535715,446000822907.9885,290.36190683838817,candidate,HSC-SSP-simulated
HSC-0903,HSC-SSP,47.71278309323674,-4.836992075196061,0.2083801946820983,1.825666289174574,1.2202596763333875,181069876451.12183,243.62786996919112,candidate,HSC-SSP-simulated
HSC-0904,HSC-SSP,50.320255382445495,-5.706877404712401,0.12721177807944134,2.030296357042369,0.6955529411966318,117473772772.186,259.9174025674554,candidate,HSC-SSP-simulated
HSC-0905,HSC-SSP,53.934071166258235,5.057492834598364,0.2855639509893383,2.013111475067689,0.9255069341359625,114511188481.8818,222.46624183497795,candidate,HSC-SSP-simulated
HSC-0906,HSC-SSP,53.80612206686493,-4.97280536612678,0.2926236291554946,0.5594956332758405,1.533247936399013,108278963078.51952,168.07218469820577,candidate,HSC-SSP-simulated
HSC-0907,HSC-SSP,33.23887344332507,-5.164249587020812,0.5930867248022317,3.0,1.0442489736308456,42190361446.5834,127.12606086682983,candidate,HSC-SSP-simulated
HSC-0908,HSC-SSP,30.793407077930024,-1.9733135796401147,0.18519563379637358,1.6555692806244875,0.9032161764615899,107245299736.18983,217.9331397595415,candidate,HSC-SSP-simulated
HSC-0909,HSC-SSP,32.2353138545592,0.1247126561844798,0.3797019539089997,1.5466610972792065,0.8140752477676938,138654899515.4021,261.01491872544824,candidate,HSC-SSP-simulated
HSC-0910,HSC-SSP,51.26030159896521,-3.421744722900023,0.16270926414634462,0.4946748507367205,0.591382257817973,65900588726.16326,211.12540581128584,candidate,HSC-SSP-simulated
HSC-0911,HSC-SSP,30.875120057222233,1.2612194668458088,0.05191897140002822,0.46094837862187554,0.9951448890601798,192053022527.00812,277.84168905184947,candidate,HSC-SSP-simulated
HSC-0912,HSC-SSP,33.927937563803326,2.354657233455269,0.19952010559942723,0.4157095766326535,0.968078889975824,183833662918.55057,275.6050309610669,candidate,HSC-SSP-simulated
HSC-0913,HSC-SSP,52.33104612911972,1.4333408858178398,0.19581392409802414,2.2350359399410378,0.9934644261416085,161958372648.37027,255.36156869021383,candidate,HSC-SSP-simulated
HSC-0914,HSC-SSP,43.878578158011884,3.420862338762152,0.29472035550419495,2.2675845491350026,1.9019926815979056,183622550326.18512,196.51177678314315,candidate,HSC-SSP-simulated
HSC-0915,HSC-SSP,54.90098050884224,-5.408716157006742,0.28202036970215205,2.1064376855317324,1.0790933405112597,45834831354.17408,130.34618010438052,candidate,HSC-SSP-simulated
HSC-0916,HSC-SSP,31.550570397333956,-4.097566098000918,0.1982890269123148,1.2000125125998036,1.6132542090189301,204498683774.78726,225.17690769745877,candidate,HSC-SSP-simulated
HSC-0917,HSC-SSP,43.41997279998563,3.478375452426466,0.11537475856705269,1.1348198021406468,1.5541601101710811,138623721605.05173,188.8864888553002,candidate,HSC-SSP-simulated
HSC-0918,HSC-SSP,47.42211419392056,-1.342403027973008,0.16450702787522944,0.663845525069175,0.6791969217517413,84380758742.68187,222.9224740352825,candidate,HSC-SSP-simulated
HSC-0919,HSC-SSP,49.88718757033698,4.230464890271605,0.2386250104609391,0.3854675396158896,0.7843362574845912,103179003001.575,229.3900169021261,candidate,HSC-SSP-simulated
HSC-0920,HSC-SSP,48.180450074383295,-4.924418720344585,0.40662128118412244,2.0284400369481386,1.2589068982573308,152209070015.02863,219.9142923165468,candidate,HSC-SSP-simulated
HSC-0921,HSC-SSP,47.49998729965553,0.4606102427571983,0.0620734301982767,0.7582935983996534,0.489911998961752,64584021323.9485,229.63257663240122,candidate,HSC-SSP-simulated
HSC-0922,HSC-SSP,43.454556840079015,5.767778634768595,0.14346412992642515,0.24346412992642516,1.1185800909072716,239698521195.4948,292.77172419576624,candidate,HSC-SSP-simulated
HSC-0923,HSC-SSP,52.82114418131685,-4.201646413361381,0.05268960230912441,1.217364331091919,0.888682998366778,73494101550.28004,181.87910246985427,candidate,HSC-SSP-simulated
HSC-0924,HSC-SSP,33.506362817728174,5.8303012849312505,0.1297720925475434,0.7339771687201255,0.8876883103440436,105395057002.95331,217.92641110004263,candidate,HSC-SSP-simulated
HSC-0925,HSC-SSP,49.22130674181665,-1.032887303368934,0.11846852636347469,0.590069762346585,1.1804214887793656,88496161618.15019,173.1703996878179,candidate,HSC-SSP-simulated
HSC-0926,HSC-SSP,46.95216849110081,4.304064659153955,0.30319914023996536,0.9333644573610691,0.849144277455354,205111068537.54202,310.83778147875523,candidate,HSC-SSP-simulated
HSC-0927,HSC-SSP,58.349543566675294,-4.300663792585208,0.0759577456355184,2.3461705048184585,1.2839577888356979,114039689383.73633,188.48753524977818,candidate,HSC-SSP-simulated
HSC-0928,HSC-SSP,59.868126054105176,-2.968043973944612,0.4574851579085898,0.5574851579085898,0.805737831913226,60843979866.809586,173.79685963294673,candidate,HSC-SSP-simulated
HSC-0929,HSC-SSP,43.30799103954561,-3.9467702590391776,0.3323873255984989,1.7065506759572717,1.117065247283533,142908677802.97882,226.21428474254253,candidate,HSC-SSP-simulated
HSC-0930,HSC-SSP,30.090626140684837,-3.0248106023303136,0.47860601969666405,1.9207822137946544,0.8221067330877571,76168815549.31465,192.51053201809833,candidate,HSC-SSP-simulated
HSC-0931,HSC-SSP,54.309098973699975,-4.379542359833431,0.41564076969884006,1.2164107325938216,1.0048491556549373,129635791677.94176,227.1653152500002,candidate,HSC-SSP-simulated
HSC-0932,HSC-SSP,35.10428220531474,-2.2067413447092523,0.05,0.5103365752472074,1.1525116865149003,98456651915.74487,184.85442809802163,candidate,HSC-SSP-simulated
HSC-0933,HSC-SSP,30.012308683175245,1.1541920328285222,0.20671860141021234,1.3788473366308927,1.3486684966179385,257524869415.5801,276.36750446777427,candidate,HSC-SSP-simulated
HSC-0934,HSC-SSP,39.57950640064122,-2.9735711740880295,0.5588602973724873,1.3009489872780002,0.927918950761337,60766471068.72746,161.8478674857699,candidate,HSC-SSP-simulated
HSC-0935,HSC-SSP,46.12250815799421,-5.729948070855762,0.6535284537604479,1.3130836794507652,1.5377078534631563,210924749092.94803,234.23772966927842,candidate,HSC-SSP-simulated
HSC-0936,HSC-SSP,46.24006148103802,-2.11325336903545,0.5129377663011275,1.295030178530236,1.1858763215575432,223095749852.15976,274.3190355602919,candidate,HSC-SSP-simulated
HSC-0937,HSC-SSP,41.94164522036813,0.16360060714381142,0.16526400220487986,2.0348465381177707,0.7309202705682311,174694049986.61862,309.19612976008847,candidate,HSC-SSP-simulated
HSC-0938,HSC-SSP,42.16858170766327,2.1546220388722066,0.27962272304839775,0.7463575579296668,1.2757212073134063,178529625876.1886,236.59592238539437,candidate,HSC-SSP-simulated
HSC-0939,HSC-SSP,44.558421513305944,0.5044001411664247,0.05,0.6544767359518996,0.7405261023555672,55979931902.90689,173.89055472841864,candidate,HSC-SSP-simulated
HSC-0940,HSC-SSP,55.83188809439159,-5.16165695178406,0.10696016240440356,1.3215571512560373,1.3076999521642838,107914767330.20598,181.6838737609287,candidate,HSC-SSP-simulated
HSC-0941,HSC-SSP,56.55045973641776,-3.3416741771715954,0.05,3.0,1.0485711865495653,126744170394.60559,219.88471063145872,candidate,HSC-SSP-simulated
HSC-0942,HSC-SSP,57.217295018312356,2.8837563701274167,0.24775162330931272,0.34775162330931275,1.1321119574953271,84133368373.20181,172.41277633541398,candidate,HSC-SSP-simulated
HSC-0943,HSC-SSP,51.42459439176522,4.33478672712463,0.7904518146860678,0.8904518146860678,0.7043686929368822,115823921305.07886,256.4655908269139,candidate,HSC-SSP-simulated
HSC-0944,HSC-SSP,56.324677251944635,-0.9824208024765273,0.073241738037249,1.9480989050336277,1.0026400114987686,51827283182.66419,143.79265464769924,candidate,HSC-SSP-simulated
HSC-0945,HSC-SSP,55.87004749319195,-2.59846620883105,0.4153859269669182,0.7216053589091802,1.2290334242820322,59322332048.91283,138.94958577118305,candidate,HSC-SSP-simulated
HSC-0946,HSC-SSP,54.26933248841126,3.604370261464144,0.1377518773040418,2.411725841082271,1.6027476907528417,76293775915.14705,137.9882066668265,candidate,HSC-SSP-simulated
HSC-0947,HSC-SSP,37.95104754421642,0.43430735138644927,0.15821364646044436,0.5490094961783784,0.9627516678339236,85978146158.47496,189.0022151343191,candidate,HSC-SSP-simulated
HSC-0948,HSC-SSP,42.3827496083218,-3.266659900586383,0.15287818507597328,0.5541197288192858,0.5314922118878034,51328002120.08916,196.54351703379558,candidate,HSC-SSP-simulated
HSC-0949,HSC-SSP,56.41265708620814,-0.7953155660229481,0.17964100317900553,1.0114461428271002,0.8495214663225938,201880886619.23593,308.3119930149703,candidate,HSC-SSP-simulated
HSC-0950,HSC-SSP,35.32445504973035,-2.973322389232574,0.3603534272882255,0.5531110463202198,0.9963172631780556,77863712901.00125,176.80670168021499,candidate,HSC-SSP-simulated
HSC-0951,HSC-SSP,51.29799220302739,0.40470496405733325,0.17669783564287425,1.2848274000826352,0.7025817719682804,31499306268.351433,133.9158712536522,candidate,HSC-SSP-simulated
HSC-0952,HSC-SSP,32.60818682076763,-3.324599897306957,0.4386679159634304,3.0,0.77471099665993,94249336026.45508,220.59683900906938,candidate,HSC-SSP-simulated
HSC-0953,HSC-SSP,48.17278468076916,5.554445928021716,0.19504625894521171,0.5374854767270436,0.7145335150739343,59337544579.24423,182.25669017140396,candidate,HSC-SSP-simulated
HSC-0954,HSC-SSP,37.879008370982206,0.05305247658255574,0.25435097514731975,2.7285557435686014,0.8307319207027326,145763474515.89975,264.9255852275782,candidate,HSC-SSP-simulated
HSC-0955,HSC-SSP,49.92377217850051,-0.88089718734728,0.8,1.8102948724344405,1.3887992858017966,112118594737.36444,179.70041344702923,candidate,HSC-SSP-simulated
HSC-0956,HSC-SSP,36.60198764354075,-1.3376262239274954,0.33787635502375607,1.6798310384155573,0.6675265092431293,51142555056.994095,175.06000948780812,candidate,HSC-SSP-simulated
HSC-0957,HSC-SSP,35.282678638315616,2.9199949627878805,0.19615296508097582,0.6419523479731933,0.9448734372395102,219154250272.7954,304.5917418762292,candidate,HSC-SSP-simulated
HSC-0958,HSC-SSP,42.56276971447965,-0.8178756922556438,0.6844997279134996,2.355442724812855,2.88266887076121,386338122461.69135,231.53486591672174,candidate,HSC-SSP-simulated
HSC-0959,HSC-SSP,35.89447957208756,-2.9828381737504386,0.12018665569997745,0.569717277634011,0.7134117824099266,71366786917.75157,200.0358928457249,candidate,HSC-SSP-simulated
HSC-0960,HSC-SSP,50.14104026690387,0.27789779781169965,0.24869468078824752,1.3855318389876339,0.8694829245822867,92843864804.63431,206.66934933602315,candidate,HSC-SSP-simulated
HSC-0961,HSC-SSP,35.1045792343355,-2.943353994509413,0.10420807170798059,2.1355010215311023,0.8138643069564506,157437742453.752,278.1688027581775,candidate,HSC-SSP-simulated
HSC-0962,HSC-SSP,34.29244186251942,4.294670222954879,0.5193405100180489,0.7676897938752303,1.6909284936228521,201681591082.4829,218.4240743335948,candidate,HSC-SSP-simulated
HSC-0963,HSC-SSP,32.63318742370322,2.0181679434948627,0.34341897704249197,0.7942469732001036,1.006347887331717,67210965275.04281,163.4466382248706,candidate,HSC-SSP-simulated
HSC-0964,HSC-SSP,33.79635933589132,-0.2805545242735157,0.12704100618428202,1.6413133750462432,1.301723547225203,193796861220.12076,244.03042966736737,candidate,HSC-SSP-simulated
HSC-0965,HSC-SSP,42.44542819681637,3.2143310775102627,0.17568958183193464,0.41971269864019106,1.4769751986153514,265235866144.63483,268.0152584043334,candidate,HSC-SSP-simulated
HSC-0966,HSC-SSP,47.58547062265024,-1.7130963819583656,0.05,1.6078929292573119,0.8955337605476275,145724870464.13464,255.12666569669278,candidate,HSC-SSP-simulated
HSC-0967,HSC-SSP,49.50890922220523,-2.051931244053206,0.06008654339796396,0.5321216008133092,1.028764194036755,247646316662.7373,310.3044558918481,candidate,HSC-SSP-simulated
HSC-0968,HSC-SSP,58.30695651470931,-5.497435273934694,0.2692900460899218,2.0512417626027117,1.0721097020112453,143645378569.33713,231.50278057727505,candidate,HSC-SSP-simulated
HSC-0969,HSC-SSP,49.71592984920187,-0.7316490722346245,0.27468068201410856,1.0708636873597817,1.2813586947064668,142143407583.2941,210.64831855626397,candidate,HSC-SSP-simulated
HSC-0970,HSC-SSP,33.73035952327232,-3.428738288276885,0.8,3.0,1.4179583364622579,195741511888.50098,234.98477777755457,candidate,HSC-SSP-simulated
HSC-0971,HSC-SSP,48.4687319004938,-5.846922243510834,0.3045207776347501,2.6052116198917368,0.5568380285654302,88889551860.08118,252.69166115311896,candidate,HSC-SSP-simulated
HSC-0972,HSC-SSP,34.01924600249344,2.0581416873724496,0.2072379429365177,0.8743134088594482,0.8174903040442271,118242738084.95728,240.53369866373993,candidate,HSC-SSP-simulated
HSC-0973,HSC-SSP,43.28742294125891,-5.5898929315069505,0.06680523695725335,1.3402967788495708,1.3346960002864812,92429268368.36853,166.43458361645128,candidate,HSC-SSP-simulated
HSC-0974,HSC-SSP,32.98991766230328,-2.730393791602848,0.536562796148473,1.3666041570539118,1.1270787735949497,111861649262.79765,199.24776997811824,candidate,HSC-SSP-simulated
HSC-0975,HSC-SSP,47.357560457788495,-5.098876250336232,0.12010072919919251,1.5051816024493252,0.9322845335733304,145250944261.8883,249.64061174171437,candidate,HSC-SSP-simulated
HSC-0976,HSC-SSP,48.803514511555335,1.6560388225949776,0.6377322146792892,1.6736550190029935,1.0097022910956173,147697602759.7609,241.89118831217863,candidate,HSC-SSP-simulated
HSC-0977,HSC-SSP,36.46919288177548,-4.994350090859271,0.3184891502130244,2.2931853992728897,1.0166976457932568,183941125152.0117,269.01314763608417,candidate,HSC-SSP-simulated
HSC-0978,HSC-SSP,31.14608351272173,1.3825787591629677,0.8,1.8502374811383158,0.7130675391301684,84098332251.90341,217.19926640831642,candidate,HSC-SSP-simulated
HSC-0979,HSC-SSP,36.82265186170588,-3.9441054665475006,0.30226524356974555,2.6607259636989014,1.44365905814037,155915178710.9062,207.8460971960396,candidate,HSC-SSP-simulated
HSC-0980,HSC-SSP,39.401082192910735,-0.45166263302713006,0.4573760229954372,1.8897598435056944,0.8832310192148194,42364056245.70624,138.5133417376902,candidate,HSC-SSP-simulated
HSC-0981,HSC-SSP,54.72283471453123,-5.9361097131472285,0.37394364882263903,0.6264781472048631,0.7075653406015918,98873759136.84244,236.42164952907746,candidate,HSC-SSP-simulated
HSC-0982,HSC-SSP,55.59518935940167,-2.8248346574276404,0.5156877509065082,1.1863996646191097,0.9918183572036557,179692085650.0938,269.202072645224,candidate,HSC-SSP-simulated
HSC-0983,HSC-SSP,52.088396963502646,0.8560743414369254,0.7566515568529849,1.7519559494659487,0.7544647881882421,85894831143.96658,213.3998073572864,candidate,HSC-SSP-simulated
HSC-0984,HSC-SSP,46.62967794250966,-2.0550481398047213,0.12631910904814905,0.3506933577267204,1.4247304515362487,288366594412.8941,284.5352757656065,candidate,HSC-SSP-simulated
HSC-0985,HSC-SSP,46.60283102361204,-5.8633239829373665,0.6296069648905694,1.8781256254254268,0.9541415790453754,49745205812.30622,144.41064270155323,candidate,HSC-SSP-simulated
HSC-0986,HSC-SSP,36.111521798329996,-1.9153819478694105,0.3685651661026654,1.2942430989912554,0.5678837133802876,135087904480.01767,308.4668661700312,candidate,HSC-SSP-simulated
HSC-0987,HSC-SSP,43.08144893917763,1.5604149305092587,0.2906587590316532,1.6401737870663171,0.597614145760004,27998281899.198666,136.89426432242797,candidate,HSC-SSP-simulated
HSC-0988,HSC-SSP,41.00873495450986,-4.993224472453088,0.390220295366492,1.0894478147449806,0.9624991829371863,59386433462.48736,157.09900443668315,candidate,HSC-SSP-simulated
HSC-0989,HSC-SSP,56.146370421243795,-0.18009258507000503,0.46181259646449446,0.5618125964644944,1.1119677451720003,44488386941.87484,126.50486585417939,candidate,HSC-SSP-simulated
HSC-0990,HSC-SSP,51.30629544948795,-1.6332071220560103,0.1111270363474699,2.6657234858375114,0.8962411299551934,133071017549.51909,243.70211557561032,candidate,HSC-SSP-simulated
HSC-0991,HSC-SSP,36.35150335385897,-4.25656788305056,0.4104691286069088,0.971848265748074,0.9867071806999715,152946557147.2977,249.00364470387768,candidate,HSC-SSP-simulated
HSC-0992,HSC-SSP,45.50208134820193,3.8292879141322533,0.2681004660993159,1.0543594056596581,0.946139334561809,80288162690.19145,184.23757405912045,candidate,HSC-SSP-simulated
HSC-0993,HSC-SSP,36.035189013417025,5.069986755630037,0.13822781480622817,0.6750940283979773,1.5006836156421053,70831832134.16524,137.40409084041065,candidate,HSC-SSP-simulated
HSC-0994,HSC-SSP,45.15084138446301,-5.634041425766947,0.20652677425313024,1.2562025347183572,1.1534132588132253,31974648771.474804,105.30292075767392,candidate,HSC-SSP-simulated
HSC-0995,HSC-SSP,52.223396014820175,3.410246150784955,0.31330203237034054,0.6991638216884608,1.219130604812579,42629422069.68876,118.26591636526638,candidate,HSC-SSP-simulated
HSC-0996,HSC-SSP,52.648206004749866,-2.047757709000544,0.18615114204845687,1.2078540806977773,0.9829656305841947,63361378027.00821,160.57322730194497,candidate,HSC-SSP-simulated
HSC-0997,HSC-SSP,32.130737029479796,-0.14548072802328615,0.8,2.5484590388326502,1.0116337018349353,197322611569.98376,279.3230518665162,candidate,HSC-SSP-simulated
HSC-0998,HSC-SSP,53.76009378390588,-2.108236033493033,0.05,0.6433210617840701,0.8046959616777014,73876622565.42973,191.63180971964468,candidate,HSC-SSP-simulated
HSC-0999,HSC-SSP,51.522106662156304,5.31958076694783,0.3946686610222434,0.4946686610222434,1.8898347515355036,550421532685.8851,341.32318373034957,candidate,HSC-SSP-simulated
HSC-1000,HSC-SSP,59.579747165119784,5.253174711818691,0.15442245233344778,0.9360030940178025,1.346296290780252,146035924495.27374,208.30012147267186,candidate,HSC-SSP-simulated
HSC-1001,HSC-SSP,58.85287435036406,-1.0105672551698035,0.457289040280611,1.384056641305245,1.0196989017516638,131448838020.79007,227.076606607485,candidate,HSC-SSP-simulated
HSC-1002,HSC-SSP,38.056714218619234,3.319282077556686,0.734281464150427,0.9871616514950428,1.4139795855798245,80729790566.12173,151.12118099676667,candidate,HSC-SSP-simulated
HSC-1003,HSC-SSP,35.95117619543104,5.539685907783648,0.7448998650190822,1.2518138522384135,1.5944989680020285,76809627905.92601,138.8115823975211,candidate,HSC-SSP-simulated
HSC-1004,HSC-SSP,46.32540347825861,0.5216384397763578,0.05,0.8755834027961911,0.7144585504875157,162866146601.30716,301.9651941684548,candidate,HSC-SSP-simulated
HSC-1005,HSC-SSP,42.05381011000091,4.90777070297837,0.5224764569397586,1.0125477863315104,1.4709591060025777,204675163231.1959,235.9186469757333,candidate,HSC-SSP-simulated
HSC-1006,HSC-SSP,35.16582802277263,-2.7484415055453657,0.3100771932969024,1.6712584836103608,0.8753932639657171,97059651542.5201,210.5948562227474,candidate,HSC-SSP-simulated
HSC-1007,HSC-SSP,35.99618923948331,-3.2176846334058196,0.18773341152427891,0.9474045647757491,1.004518502872846,75382899641.02492,173.25566536433152,candidate,HSC-SSP-simulated
HSC-1008,HSC-SSP,50.28425365804371,2.425166260553894,0.20924295701003945,1.5983337513121703,1.7262156660099253,456553021325.3668,325.2580690486209,candidate,HSC-SSP-simulated
HSC-1009,HSC-SSP,44.290148804830984,5.19415465632359,0.0812831175202636,2.962807749711342,1.003570489420534,171804747097.206,261.6818698401846,candidate,HSC-SSP-simulated
HSC-1010,HSC-SSP,58.25974340651615,-5.228169321676997,0.28422729396301283,1.8186046357895849,1.0238108306160958,177911581868.04285,263.64664337877286,candidate,HSC-SSP-simulated
HSC-1011,HSC-SSP,37.99132924290072,4.793437014646022,0.4693822520673986,1.1652909149433754,0.7287596230816918,85505791128.20976,216.63848464019344,candidate,HSC-SSP-simulated
HSC-1012,HSC-SSP,57.838026037110644,-0.5508408794695612,0.1279546257936131,2.193066724381222,1.8041238797233103,214432129747.15295,218.0427986515829,candidate,HSC-SSP-simulated
HSC-1013,HSC-SSP,40.04205979737837,2.3458615101318046,0.5213701246856722,2.2299919849991294,0.41218842894714747,36387517561.031624,187.91364281739354,candidate,HSC-SSP-simulated
HSC-1014,HSC-SSP,35.98142457031881,-2.308138951723962,0.2744272846005019,0.8655210406859115,0.8068206359944586,153734395311.79926,276.07496059249644,candidate,HSC-SSP-simulated
HSC-1015,HSC-SSP,37.265876760394264,-3.971307010395531,0.171579611925884,1.243443884098252,1.3586486474095922,289249434423.9684,291.81840171218766,candidate,HSC-SSP-simulated
HSC-1016,HSC-SSP,54.32162018835524,-5.462982792885143,0.09679255935522098,0.4468857133954389,1.069485896215389,40236319844.09221,122.67373568205679,candidate,HSC-SSP-simulated
HSC-1017,HSC-SSP,49.91113436778768,-1.4267938366582307,0.10988902771578946,2.0311143240874503,1.2099738630193106,138680952658.04523,214.11663489035732,candidate,HSC-SSP-simulated
HSC-1018,HSC-SSP,51.645353395302706,-4.942481165993307,0.3536363540956688,1.7322478909919479,0.6618672799287739,63771987923.296906,196.31772711744046,candidate,HSC-SSP-simulated
HSC-1019,HSC-SSP,45.36070167326278,0.5861010671216853,0.6292796005611435,1.6286430040807431,1.0946362550732065,116614994837.89073,206.42974699177518,candidate,HSC-SSP-simulated
HSC-1020,HSC-SSP,44.85167836963755,4.158413917480862,0.1704895028321076,0.6735920916068301,1.1315471999534836,94543682749.37906,182.8141957352751,candidate,HSC-SSP-simulated
HSC-1021,HSC-SSP,40.5406780396478,-2.821604906237143,0.36336608136174114,0.7401243093458769,1.5308707700145712,327448649794.9793,292.5043521087876,candidate,HSC-SSP-simulated
HSC-1022,HSC-SSP,51.76168804985498,-3.484068934659595,0.07587544304780117,0.352330859277464,1.7915096859031243,160233715491.66083,189.14608953947814,candidate,HSC-SSP-simulated
HSC-1023,HSC-SSP,54.2902277426422,2.3481319585840676,0.0907504716956599,2.6111320513976826,0.8686596044678999,133685716808.653,248.1119529879133,candidate,HSC-SSP-simulated
HSC-1024,HSC-SSP,59.280417767963826,-2.2727883432560447,0.08003015596983794,1.2554452053015825,1.8070638462589304,257453391420.6604,238.7220612225916,candidate,HSC-SSP-simulated
HSC-1025,HSC-SSP,55.688553841402864,-4.6514043008554875,0.4682763784859745,1.1510078400288757,1.0988221670809997,167030072795.7132,246.58327979692976,candidate,HSC-SSP-simulated
HSC-1026,HSC-SSP,34.87956654569702,4.252151793392585,0.34925399918137995,2.3151682553276687,1.0236782062732794,91434609598.59517,189.01817880417678,candidate,HSC-SSP-simulated
HSC-1027,HSC-SSP,45.154920548799446,0.37596951207810925,0.11522417471050402,1.2197535764410357,1.506302449292859,256155869333.0195,260.8110936278596,candidate,HSC-SSP-simulated
HSC-1028,HSC-SSP,42.28343812881927,4.515767638986105,0.09593289751059807,0.21033990862147148,1.4247502837731336,151451607050.56183,206.20422647819115,candidate,HSC-SSP-simulated
HSC-1029,HSC-SSP,46.474320457243536,5.3893494826589645,0.43407540618150287,0.806602738423486,0.9940422990150076,107108675923.35425,207.60599404606685,candidate,HSC-SSP-simulated
HSC-1030,HSC-SSP,44.65004739013004,-5.729163641118689,0.08840765717408038,1.7782466082680528,0.9066844851989377,59087075438.02212,161.45375530962733,candidate,HSC-SSP-simulated
HSC-1031,HSC-SSP,36.968200943715026,0.41761172303001715,0.25776967743156576,0.4687474583238897,0.8734554039838301,120281146356.36124,234.6974693971581,candidate,HSC-SSP-simulated
HSC-1032,HSC-SSP,44.034072361120174,-5.149539592141517,0.056502980444757864,1.367000515212096,1.0277279007390931,172898918292.48474,259.41020703985936,candidate,HSC-SSP-simulated
HSC-1033,HSC-SSP,47.48995439154947,-1.1801624908274366,0.4324552049505744,0.9908170787395556,0.8716149227977136,129483248599.33723,243.76674627137456,candidate,HSC-SSP-simulated
HSC-1034,HSC-SSP,51.03423394150731,-2.5122843683216267,0.09619681000912476,0.4188838523324067,0.8310771832665836,48382870929.749985,152.60021078164158,candidate,HSC-SSP-simulated
HSC-1035,HSC-SSP,44.27718982419602,-5.46515951144843,0.08395248272098758,0.37302859240428154,0.9076352295811936,92256454751.11092,201.63814996003572,candidate,HSC-SSP-simulated
HSC-1036,HSC-SSP,55.78303748500653,-2.9249409133311293,0.4822238054945358,1.1332549343509926,0.9718028470393326,228257329395.2775,306.5160907428584,candidate,HSC-SSP-simulated
HSC-1037,HSC-SSP,54.395464418533834,5.45565182407762,0.05,1.015936329761298,0.9345893659157308,128785421889.87222,234.77558457951693,candidate,HSC-SSP-simulated
HSC-1038,HSC-SSP,57.54579475385109,3.782162783638668,0.15665142712160696,0.8043387169595554,1.4457915615783827,213526060857.89,243.05390161482177,candidate,HSC-SSP-simulated
HSC-1039,HSC-SSP,56.97750920944694,1.4850406124307938,0.20222241286243106,0.629051393968773,0.7277748777180651,69174839008.8882,194.9869491706662,candidate,HSC-SSP-simulated
HSC-1040,HSC-SSP,49.41210498776621,-0.4287315681079198,0.2168050145290435,2.7341233329211687,1.0372296275820452,115177613255.46762,210.75436405619047,candidate,HSC-SSP-simulated
HSC-1041,HSC-SSP,43.91027417319534,-4.9377322174232585,0.39820223799436266,0.81432384980319,0.8609695192114865,69666402228.68065,179.90689115809593,candidate,HSC-SSP-simulated
HSC-1042,HSC-SSP,50.94646360483418,1.4852662878102345,0.2620168433980812,2.857298432033968,0.9284840133006079,44759466085.40795,138.86257973387427,candidate,HSC-SSP-simulated
HSC-1043,HSC-SSP,48.31181599932161,5.269304379722886,0.10696263114140823,0.893990578696292,0.7888088345843149,87546595095.72942,210.69961528539517,candidate,HSC-SSP-simulated
HSC-1044,HSC-SSP,55.34127501227587,-0.9793999474407418,0.38229094608184316,2.32320830047484,1.2032174690602198,74617073700.85056,157.49872336079756,candidate,HSC-SSP-simulated
HSC-1045,HSC-SSP,40.37848553589609,-1.8243760061374026,0.32911290914620744,0.7718970599726456,0.9109372586907725,108576739443.86464,218.3504848586375,candidate,HSC-SSP-simulated
HSC-1046,HSC-SSP,58.63343084558966,-4.611897316222601,0.162600389393992,1.6215768983040306,1.49891352880212,375236756719.5413,316.4421982010878,candidate,HSC-SSP-simulated
HSC-1047,HSC-SSP,47.60461335220691,3.993348852279535,0.2591188770616742,1.3333611332449,1.777446430214659,342696441233.08777,277.7068118264012,candidate,HSC-SSP-simulated
HSC-1048,HSC-SSP,56.729861239327946,-0.04588888678661718,0.05566025946466611,0.4449013941114641,0.9379318636357411,106368441208.09167,212.98584833213158,candidate,HSC-SSP-simulated
HSC-1049,HSC-SSP,40.11713252507526,2.615244283470833,0.16146979456828428,1.2517695515641714,0.5967104710825022,56349150256.6728,194.35326991107485,candidate,HSC-SSP-simulated
HSC-1050,HSC-SSP,42.19703423716473,-1.7325360089092134,0.3570586510460798,0.6676597035964333,1.008978920358637,53418041441.45039,145.52343233098514,candidate,HSC-SSP-simulated
HSC-1051,HSC-SSP,41.2649586606216,-0.02692123671724378,0.14436028920301425,0.6650516289636699,0.651373947248081,58450727659.099915,189.45661108964325,candidate,HSC-SSP-simulated
HSC-1052,HSC-SSP,31.317138408919117,1.8443843148609504,0.36131439782090213,1.176565554441955,1.5057601793705375,263384337810.0247,264.51302657336004,candidate,HSC-SSP-simulated
HSC-1053,HSC-SSP,37.3881220230952,4.840893070353516,0.5157850806340021,1.6320498972934514,1.0522432674342028,113274868057.61745,207.50984228323404,candidate,HSC-SSP-simulated
HSC-1054,HSC-SSP,32.14509072994906,-1.3241109325426148,0.07020251352448689,0.2447292730332029,0.7292314136038442,50089213655.33713,165.756061186183,candidate,HSC-SSP-simulated
HSC-1055,HSC-SSP,50.86062752195609,-4.731305274826381,0.18599858643894931,0.5638183262368135,0.8259291941962361,97948428224.93593,217.7997227529087,candidate,HSC-SSP-simulated
HSC-1056,HSC-SSP,30.648809773853813,-0.19688342274805137,0.18968764590453296,0.6028443054514262,0.88916630323545,167950926038.87042,274.87149157082905,candidate,HSC-SSP-simulated
HSC-1057,HSC-SSP,45.92251807164427,1.0780127332770668,0.4033345002908855,0.8186698699920407,0.859512317988849,109207096458.2301,225.4391681926983,candidate,HSC-SSP-simulated
HSC-1058,HSC-SSP,46.880662673721886,5.339369049858053,0.054727988046721986,1.8207174463106852,1.159046919232253,90753438389.23164,176.9746374449892,candidate,HSC-SSP-simulated
HSC-1059,HSC-SSP,31.177591592129996,-2.3346692814182197,0.11447004054534457,1.7391317388356249,1.2352839503400392,96004810088.19672,176.3165554038687,candidate,HSC-SSP-simulated
HSC-1060,HSC-SSP,34.79739735072383,-1.2222060777251222,0.6841982354938144,0.7841982354938144,1.0271814383821767,136955306151.70212,230.93823683923853,candidate,HSC-SSP-simulated
HSC-1061,HSC-SSP,43.517474784483525,-2.573699139415925,0.5947484949467826,2.362849742516993,0.8910571284735774,30680202326.752934,117.35627898253824,candidate,HSC-SSP-simulated
HSC-1062,HSC-SSP,55.396523274595886,-0.8771361523643568,0.08396526018744317,1.5102434731451655,0.7773549067894566,120058354215.16614,248.55157321985737,candidate,HSC-SSP-simulated
HSC-1063,HSC-SSP,36.450143048100855,2.5876266066931493,0.39255350529551486,0.7222725343911176,0.8648448631570206,29830344242.196426,117.4600072002926,candidate,HSC-SSP-simulated
HSC-1064,HSC-SSP,46.647295014762264,-3.743506888934571,0.1397815060735999,0.5405890394887837,0.800318077603259,42070559029.200714,145.00661803687416,candidate,HSC-SSP-simulated
HSC-1065,HSC-SSP,38.15582180177747,-3.9635371301370608,0.248830537678718,0.9508780482357156,1.588329743482222,140259231206.39633,187.9426682773567,candidate,HSC-SSP-simulated
HSC-1066,HSC-SSP,58.9853407450361,3.8523833651571717,0.3400407626889381,1.0313281927305873,0.9428689633613847,103847299034.05807,209.89492030340818,candidate,HSC-SSP-simulated
HSC-1067,HSC-SSP,53.48802518219601,2.955058732202465,0.7260602222408457,2.4184582388425584,0.6552910893760628,43755871851.52551,163.42971949324811,candidate,HSC-SSP-simulated
HSC-1068,HSC-SSP,50.63888520356127,3.5094800296711597,0.4642202432565311,0.8962118185284602,0.9140145240586224,76957676064.65901,183.5183177332421,candidate,HSC-SSP-simulated
HSC-1069,HSC-SSP,38.084701504000904,-3.087420158417002,0.4125363407230453,1.4796177795157235,0.6703573151614907,103789970595.73961,248.85966585938638,candidate,HSC-SSP-simulated
HSC-1070,HSC-SSP,52.8267441888372,5.832335138357156,0.07953722365672522,0.5317023012100918,1.4240797209972296,295508936654.66046,288.10324784637385,candidate,HSC-SSP-simulated
HSC-1071,HSC-SSP,43.94549411112156,0.450277202436582,0.1858567806851411,2.58569943575843,0.6508953163275637,145262951386.26492,298.7802279577867,candidate,HSC-SSP-simulated
HSC-1072,HSC-SSP,58.13660928284651,0.508307405907857,0.11729985256045852,0.7160277338556761,1.0005386068600453,102841436820.24538,202.7669357018991,candidate,HSC-SSP-simulated
HSC-1073,HSC-SSP,37.93638858678125,0.16836983371043424,0.2524021432915006,1.228778697216747,1.2026761458235942,123501133832.06349,202.67077091905904,candidate,HSC-SSP-simulated
HSC-1074,HSC-SSP,50.27434907228199,0.7185979869238057,0.19932933777042752,1.598107827985122,1.518277192872939,109590898387.18011,169.9189067254801,candidate,HSC-SSP-simulated
HSC-1075,HSC-SSP,54.84820694447965,-2.977759651851492,0.2672206031877937,1.1359333304497463,1.0383828759155147,32611913134.038113,112.08290415554346,candidate,HSC-SSP-simulated
HSC-1076,HSC-SSP,40.59014252915509,1.6364724685150875,0.14669150872139486,0.4777103744242204,1.1998381881944533,137271941300.00609,213.9240160899881,candidate,HSC-SSP-simulated
HSC-1077,HSC-SSP,46.09869839206482,3.2536325780498654,0.6522162342864742,2.203483463908766,0.9405347166093698,160232055571.67047,261.0461439554855,candidate,HSC-SSP-simulated
HSC-1078,HSC-SSP,54.33046124796208,4.307836692385402,0.11177035200103305,1.8128830774870672,0.7366363063258813,139583802549.8642,275.30934190619405,candidate,HSC-SSP-simulated
HSC-1079,HSC-SSP,41.02974138177325,1.0931445664273687,0.19690788300816675,1.1614226020231802,1.0180688660036405,190594955484.81104,273.6510497401811,candidate,HSC-SSP-simulated
HSC-1080,HSC-SSP,44.441481352452826,-5.057673768701126,0.29476844099417304,0.6622364560817481,0.8736629945023161,144975161542.3161,257.6349785537819,candidate,HSC-SSP-simulated
HSC-1081,HSC-SSP,54.18049513809207,2.3156615252840087,0.2573369754755058,0.4903217297913286,0.908511363388545,84198811276.20328,192.53859302523009,candidate,HSC-SSP-simulated
HSC-1082,HSC-SSP,45.505103032034974,-2.839636572023049,0.12061000042684893,0.5385075715179737,1.0592560938636728,224276435590.03397,291.0189924014175,candidate,HSC-SSP-simulated
HSC-1083,HSC-SSP,46.64420274821844,-0.9254823783986534,0.12217416080645921,1.3862646286662499,0.9479941126614306,155387285993.12088,256.0559760437926,candidate,HSC-SSP-simulated
HSC-1084,HSC-SSP,54.1165412620576,-3.791507582142639,0.31712754916497143,0.8930879020220258,1.0728061432476907,193811775739.66724,268.8186836489742,candidate,HSC-SSP-simulated
HSC-1085,HSC-SSP,33.00724110802774,2.61312653779477,0.47706061718172843,1.2729914695247277,0.9358692359162741,159323165146.48657,260.952746921035,candidate,HSC-SSP-simulated
HSC-1086,HSC-SSP,41.74439191002047,4.13940452727125,0.27285135044406644,1.5930371794282567,0.9221196594994842,66627248967.77681,170.005235387595,candidate,HSC-SSP-simulated
HSC-1087,HSC-SSP,58.15404637097437,-4.5297702895548735,0.8,1.5933912212289634,0.8742723894437027,119666259250.18071,233.9874000349992,candidate,HSC-SSP-simulated
HSC-1088,HSC-SSP,48.42272213927105,0.3829283625756297,0.49369854369276195,0.973642563873688,0.9066540998130413,152286365582.60403,259.2028019125178,candidate,HSC-SSP-simulated
HSC-1089,HSC-SSP,52.476514952726944,5.2630271493420615,0.32890615984835775,0.6688410504429061,0.7737328327365645,97374851965.78976,224.36643519608245,candidate,HSC-SSP-simulated
HSC-1090,HSC-SSP,43.20445341672398,0.14914261651987637,0.05,0.26268943902760894,0.824619744326307,165905633656.35602,283.6832527065219,candidate,HSC-SSP-simulated
HSC-1091,HSC-SSP,52.70114730334409,2.0028646402105235,0.12574939978337876,2.384217320532203,1.7696246493246746,169043453371.8085,195.47381737342135,candidate,HSC-SSP-simulated
HSC-1092,HSC-SSP,46.96369098222324,2.5860714554535456,0.8,1.3112515492197638,1.1271735794085218,130931599906.08704,215.55437045482688,candidate,HSC-SSP-simulated
HSC-1093,HSC-SSP,35.58734814899324,-0.17586123438698298,0.13894033850495707,1.0670556426505688,1.1532425476757573,56013113131.12431,139.38451320102916,candidate,HSC-SSP-simulated
HSC-1094,HSC-SSP,57.29470922496181,4.444805557270044,0.4638563404468749,0.7395972022562971,0.7380133741193506,81072379045.1862,209.620782742848,candidate,HSC-SSP-simulated
HSC-1095,HSC-SSP,39.75398785200793,-0.3466757400269529,0.6030927307926789,0.8361778912945932,0.8644138572874981,62466800998.79721,170.01755578428882,candidate,HSC-SSP-simulated
HSC-1096,HSC-SSP,48.21800010304464,-0.280510073896453,0.16283245601706337,1.0526470041672351,0.9198801489714943,135014473198.4896,242.30062553642688,candidate,HSC-SSP-simulated
HSC-1097,HSC-SSP,51.87101228488483,5.133720739772356,0.312659738531954,0.9463675040538859,1.0006697108049274,101617602239.22205,201.5436363463753,candidate,HSC-SSP-simulated
HSC-1098,HSC-SSP,37.80634103807261,-3.875480465659231,0.20629346003954713,0.6692588009331193,1.150627022975953,158909080459.46848,235.03745085903978,candidate,HSC-SSP-simulated
HSC-1099,HSC-SSP,50.16702449401815,-5.935930296363738,0.4300491221612922,0.6869722823484989,1.472204467809297,223210613832.63846,246.26537312510752,candidate,HSC-SSP-simulated
HSC-1100,HSC-SSP,32.991929170316475,5.0634675615930025,0.05,1.10268739936808,0.6405798881862107,37624346752.58138,153.2772959423542,candidate,HSC-SSP-simulated
HSC-1101,HSC-SSP,30.02829127582471,3.0858069636892704,0.38372172408401567,1.1093275301698955,1.503883013986029,243541686046.8996,254.51279645614017,candidate,HSC-SSP-simulated
HSC-1102,HSC-SSP,44.3138930218705,-0.6285135280137002,0.05,1.083424327150718,0.648445276109704,95129377182.77371,242.2426768778744,candidate,HSC-SSP-simulated
HSC-1103,HSC-SSP,34.4440176604915,1.845959565932132,0.5359642053352781,2.0049511374163487,0.6539939227010774,118215574316.14711,268.8936136105569,candidate,HSC-SSP-simulated
HSC-1104,HSC-SSP,59.488347648606634,-2.71036599369674,0.20121278620283006,2.247404931063663,1.8772768751903994,177107504431.40125,194.26041502501715,candidate,HSC-SSP-simulated
HSC-1105,HSC-SSP,48.3693386652119,2.594086523477168,0.24936645514921718,0.6737455678145805,1.2468006534249247,124556258170.53156,199.90067544319325,candidate,HSC-SSP-simulated
HSC-1106,HSC-SSP,55.4103610616725,3.9349447457887727,0.0954515819538772,2.443648450809809,1.213376465679036,159318042548.3352,229.17365593557835,candidate,HSC-SSP-simulated
HSC-1107,HSC-SSP,40.13267961396687,2.436380399689579,0.2587767083757935,1.1485363833737807,0.5976724033700115,56152338570.74057,193.85737064818565,candidate,HSC-SSP-simulated
HSC-1108,HSC-SSP,31.07245183397594,2.4530834577298393,0.13323744971722412,1.1299577603294608,0.7770647746979141,114673546384.69751,242.95900836674318,candidate,HSC-SSP-simulated
HSC-1109,HSC-SSP,51.55593954366738,-5.124380004891748,0.19718408204775598,2.080142408426881,0.9927405294779859,155768561853.48596,250.5255501179507,candidate,HSC-SSP-simulated
HSC-1110,HSC-SSP,43.80964170172195,-5.526576564927703,0.07173879839323055,1.1344686217056714,0.7783824059603341,74597755306.01534,195.79264345563948,candidate,HSC-SSP-simulated
HSC-1111,HSC-SSP,44.07908989080021,5.095473814110342,0.26085368525387387,2.2211243672917442,1.1866642257708917,228619271408.63486,277.60193491568646,candidate,HSC-SSP-simulated
HSC-1112,HSC-SSP,41.741342800912406,4.66431857741758,0.26220973867535136,1.024367152865732,0.9833839404307275,53799097785.8931,147.92989063122883,candidate,HSC-SSP-simulated
HSC-1113,HSC-SSP,36.95370832849739,4.816799294750798,0.1739011364951532,3.0,1.340917752417102,222730883639.8284,257.76214994952863,candidate,HSC-SSP-simulated
HSC-1114,HSC-SSP,33.76838110560906,-0.9786385234052641,0.21377162156549334,0.9617693774085405,0.6141375349280176,77137588512.82741,224.145592658602,candidate,HSC-SSP-simulated
HSC-1115,HSC-SSP,35.52994046964574,-5.221989374565705,0.17795219780736488,2.405370752747288,0.9066632885796947,231046608311.7818,319.2690197630147,candidate,HSC-SSP-simulated
HSC-1116,HSC-SSP,41.636955868551894,-1.4884810843120349,0.23412392197825366,3.0,0.9411039555046611,104586180586.49438,210.83773783953592,candidate,HSC-SSP-simulated
HSC-1117,HSC-SSP,48.912027781079985,-2.385291023252647,0.48373572221580524,1.9372357186737017,0.6784553050035793,85252626933.36397,224.19362508804667,candidate,HSC-SSP-simulated
HSC-1118,HSC-SSP,39.16295078049097,-2.1424502646263464,0.1766010336678814,0.732385475580586,1.0239977615668807,108206232772.22264,205.5921984744441,candidate,HSC-SSP-simulated
HSC-1119,HSC-SSP,59.2794935817735,-2.0254342245225434,0.2871413661698312,0.630318213455526,0.6370455889202186,115916461365.44005,269.7846877185181,candidate,HSC-SSP-simulated
HSC-1120,HSC-SSP,46.2564051982866,-4.905061904348935,0.5500740568704411,2.13511992111169,1.010353244333307,102938667668.57845,201.87504985589658,candidate,HSC-SSP-simulated
HSC-1121,HSC-SSP,51.20371513190443,3.484889710595855,0.14835538560428496,0.5666918099051583,0.9754958984344447,186864866000.83478,276.8095687321271,candidate,HSC-SSP-simulated
HSC-1122,HSC-SSP,53.98735932306009,0.967437125788245,0.13781241513976059,1.9428648816056777,0.6455662000237168,86685335154.1865,231.75676496830943,candidate,HSC-SSP-simulated
HSC-1123,HSC-SSP,44.2657956487858,-2.181897485895562,0.3453372252748756,0.8855932838373481,0.7296930675792093,125515229658.91101,262.3059234647967,candidate,HSC-SSP-simulated
HSC-1124,HSC-SSP,31.214634729849134,-1.16532505252043,0.2582011901153502,3.0,1.4134744961427936,273350294012.524,278.128683409392,candidate,HSC-SSP-simulated
HSC-1125,HSC-SSP,50.0724005058685,5.308013939220444,0.05,0.5173990490057487,0.7066465007508942,25847151184.089283,120.9581764538683,candidate,HSC-SSP-simulated
HSC-1126,HSC-SSP,59.377855968259276,-4.93640430300503,0.2426518147281761,1.7240993089295151,0.7489980474384499,28512026196.814117,123.39674207400202,candidate,HSC-SSP-simulated
HSC-1127,HSC-SSP,42.28555440836142,-1.5032277295708818,0.11435457996402688,0.8487654870550222,0.9326903208715427,113397150695.10757,220.52728558705127,candidate,HSC-SSP-simulated
HSC-1128,HSC-SSP,39.4978904523794,2.1262886840718647,0.340163352126001,1.164509507979298,1.30174314409944,97034584816.2064,172.67546020057858,candidate,HSC-SSP-simulated
HSC-1129,HSC-SSP,57.24104629007165,-3.1717546280314868,0.20077154126773875,1.4716482635722121,1.0880179052973258,264149120430.83875,311.62806201780063,candidate,HSC-SSP-simulated
HSC-1130,HSC-SSP,44.336312313681915,-3.31806822892992,0.11211121546582752,1.399380993167158,0.8277744795371103,69524619312.87311,183.2919066939493,candidate,HSC-SSP-simulated
HSC-1131,HSC-SSP,42.4220347730345,-3.2072370975593576,0.5243086844797197,1.3414883082281268,1.0823414194695662,99810960064.48166,192.06002139688297,candidate,HSC-SSP-simulated
HSC-1132,HSC-SSP,34.992428529328194,3.4364086315403757,0.16448876444332064,0.35138380737942526,1.0561492111551465,74701117822.55025,168.20190356966802,candidate,HSC-SSP-simulated
HSC-1133,HSC-SSP,34.26184828329187,2.457550033586241,0.22355004617144011,1.7616504298129994,0.58834644652981,200970497900.73065,369.6405285030321,candidate,HSC-SSP-simulated
HSC-1134,HSC-SSP,47.349873081129125,2.2707568363554227,0.1306696858807379,0.8928090994301133,1.0819347431193682,88409425245.69206,180.79180708200835,candidate,HSC-SSP-simulated
HSC-1135,HSC-SSP,56.40394060300925,4.653042112967835,0.1694702453012122,1.9562549177455637,1.254967429322876,134914649761.71431,207.36875655986816,candidate,HSC-SSP-simulated
HSC-1136,HSC-SSP,45.09685036158353,-0.4225895287499899,0.2496460295642548,1.1766425946366919,1.182017314147262,187077887928.2501,251.61081570159251,candidate,HSC-SSP-simulated
HSC-1137,HSC-SSP,53.65745295325413,2.4962854079749413,0.38616649132787945,0.9818588220124291,1.032837464654345,188110389601.02826,269.9108827985865,candidate,HSC-SSP-simulated
HSC-1138,HSC-SSP,49.392052099973995,0.5443542256036995,0.8,1.6858115087379963,0.8503451937057882,68821189332.31468,179.92580390844967,candidate,HSC-SSP-simulated
HSC-1139,HSC-SSP,34.76558075831868,-3.652004452495891,0.3882969699325706,0.5659273171562729,1.2054864870052886,191500133808.17697,252.07708224680061,candidate,HSC-SSP-simulated
HSC-1140,HSC-SSP,37.11953112611673,-2.5360043678944746,0.1641649154479591,1.1621232489684394,0.9359262230980998,55035161750.33345,153.36607794873981,candidate,HSC-SSP-simulated
HSC-1141,HSC-SSP,48.0307763246607,-2.0714798386152093,0.3709920677872036,1.529400770707112,0.8782787481716703,238078575956.65332,329.2865308361287,candidate,HSC-SSP-simulated
HSC-1142,HSC-SSP,57.23671801238498,-1.641729646909809,0.25123781741531154,0.3703016568018523,1.372769696803287,230954519092.66235,259.4145828318002,candidate,HSC-SSP-simulated
HSC-1143,HSC-SSP,55.5895190709041,5.674279256524114,0.4720737715005542,0.8168541003260358,1.0659296397740512,128371285689.16257,219.48238550461318,candidate,HSC-SSP-simulated
HSC-1144,HSC-SSP,51.867064073722496,5.429895605211893,0.21781846406577005,2.248252864421986,1.0060166737676612,100610382975.36368,200.00866328567366,candidate,HSC-SSP-simulated
HSC-1145,HSC-SSP,45.15173400811226,0.3030055779658589,0.1788143637852136,0.4994288203627679,1.0350839468829733,219682071463.84665,291.36643257973844,candidate,HSC-SSP-simulated
HSC-1146,HSC-SSP,47.16299450914875,4.236162707855106,0.19249547744766715,1.211668418954916,0.9448235822344137,109881099304.07504,215.68310708766364,candidate,HSC-SSP-simulated
HSC-1147,HSC-SSP,44.61748681036353,-1.7347598313056238,0.4494884413239402,0.7661545462485108,0.6421090261445066,119543009914.00278,272.8900503770959,candidate,HSC-SSP-simulated
HSC-1148,HSC-SSP,37.394337287302086,-5.891932028826297,0.16046116406737018,0.7672974426077501,2.0916675015745674,350980677819.85944,259.0748619730316,candidate,HSC-SSP-simulated
HSC-1149,HSC-SSP,38.94125095040744,-5.5792206117753755,0.11720305945360893,1.9195231989856942,1.2737979131277566,31844947828.193916,100.0,candidate,HSC-SSP-simulated
HSC-1150,HSC-SSP,51.39094369125311,-2.7179656100435152,0.28053331129703374,0.6123232415287813,0.9738363711116642,265986476167.67664,330.5344863007882,candidate,HSC-SSP-simulated
HSC-1151,HSC-SSP,48.608364513025286,0.5304000253635337,0.4627633115919575,2.150843707338114,0.945380112936375,174385806466.88034,271.6328758311006,candidate,HSC-SSP-simulated
HSC-1152,HSC-SSP,42.382892182463806,3.170947450228562,0.13468511741512335,1.060901537863006,1.2833189606553088,216721697005.00708,259.9045524330781,candidate,HSC-SSP-simulated
HSC-1153,HSC-SSP,58.59333255845792,-5.350387099172151,0.06319336000258265,2.8397048856232407,0.7627718511089561,240207688528.7597,354.9164417968544,candidate,HSC-SSP-simulated
HSC-1154,HSC-SSP,33.13663374453073,1.3498740851650002,0.45739105429121524,1.8923210316365926,0.78068183926073,74483330032.95108,195.3540862525374,candidate,HSC-SSP-simulated
HSC-1155,HSC-SSP,43.0616818838404,-1.1772155045284007,0.7888401269423767,3.0,0.9531124886045552,102919695145.50285,207.8294848716046,candidate,HSC-SSP-simulated
HSC-1156,HSC-SSP,31.397398262596248,2.461357759667939,0.2105999987960037,2.0213292852687252,1.3626265957939827,195253517533.80124,239.40928978273666,candidate,HSC-SSP-simulated
HSC-1157,HSC-SSP,38.904006151555166,-1.748811344068491,0.27993220227246673,1.0075361385687476,2.1707486282847372,127850457705.80786,153.4886872179331,candidate,HSC-SSP-simulated
HSC-1158,HSC-SSP,45.89324745770396,-2.1391556417006665,0.18396125770765417,1.2384182615182444,0.6362474327378439,58736841232.24488,192.16410510714184,candidate,HSC-SSP-simulated
HSC-1159,HSC-SSP,55.79186350506697,2.402259111528636,0.8,2.4149873161645257,0.8442666014114355,76487977989.43063,190.36485885214466,candidate,HSC-SSP-simulated
HSC-1160,HSC-SSP,49.839118868606,4.935073822011457,0.07129896403315239,0.6537393742062939,1.1860084019245214,169572072159.64816,239.14608550286314,candidate,HSC-SSP-simulated
HSC-1161,HSC-SSP,46.096640130323976,3.0225149324302905,0.18245014859357167,0.5534181314248712,0.9462138290366751,104030174135.15396,209.7080070039328,candidate,HSC-SSP-simulated
HSC-1162,HSC-SSP,40.729216487667344,-2.511073609311913,0.44185083069532594,1.4331554296004514,1.0281779718174,204619612531.49902,282.1431281429157,candidate,HSC-SSP-simulated
HSC-1163,HSC-SSP,36.24980840580119,0.2962609451217286,0.7171805214176709,1.8131547141109983,1.1261156873202818,129099420081.44913,214.14139975128123,candidate,HSC-SSP-simulated
HSC-1164,HSC-SSP,43.31834880980157,3.061127607577758,0.12037542953195887,1.6759957539068897,1.2249586818214118,145691790335.45496,218.1156439628881,candidate,HSC-SSP-simulated
HSC-1165,HSC-SSP,36.43374687972485,-5.110090730711631,0.2980774690019693,2.1322901434690884,1.5003655280342016,38838965184.288826,101.75723136042438,candidate,HSC-SSP-simulated
HSC-1166,HSC-SSP,43.38342921375563,0.7778197675223648,0.14716506384434735,0.9543642998865647,0.7280751663875509,98848705465.40451,233.03834087415316,candidate,HSC-SSP-simulated
HSC-1167,HSC-SSP,30.101635439479175,-3.0565188762762845,0.1539142825918205,1.1926471144198025,0.8479128245275704,80189248699.69969,194.49680249519588,candidate,HSC-SSP-simulated
HSC-1168,HSC-SSP,30.419451389140942,3.261665621738816,0.30985837800448834,1.9128466628984218,1.2020615603097682,143308443760.96246,218.37480534711554,candidate,HSC-SSP-simulated
HSC-1169,HSC-SSP,37.42054115453229,2.779750847038656,0.05,0.5844575015476924,0.826088338138123,136459752841.62675,257.0508475668225,candidate,HSC-SSP-simulated
HSC-1170,HSC-SSP,51.76236369578911,-5.179819542621663,0.28178508979477296,1.247402263837657,0.7876538674359103,165570988052.94388,289.97089633269417,candidate,HSC-SSP-simulated
HSC-1171,HSC-SSP,35.531047140590815,-0.6830888047986141,0.2882174559558394,0.6840215214110622,0.7898030823286463,110549467509.06715,236.61861666119924,candidate,HSC-SSP-simulated
HSC-1172,HSC-SSP,46.65055572615873,-2.5534491464716615,0.11471662319435227,0.6062913940978074,0.7186463205450974,118302552113.46109,256.60756130273677,candidate,HSC-SSP-simulated
HSC-1173,HSC-SSP,45.270103364478544,4.6538173795799835,0.117186530557523,2.455257758638185,1.1474208711680467,77870505925.67268,164.76126631792417,candidate,HSC-SSP-simulated
HSC-1174,HSC-SSP,40.92458457313816,4.228384191144524,0.3860789307745997,2.4909317199773993,0.9775544143701562,215395046349.6429,296.8775659517172,candidate,HSC-SSP-simulated
HSC-1175,HSC-SSP,36.74250114532072,-3.6579046195199254,0.3544928476370458,0.8679999730122041,1.9431278776460859,113144437219.61089,152.61453848452982,candidate,HSC-SSP-simulated
HSC-1176,HSC-SSP,56.31464701113583,4.412968680980768,0.192725756147654,1.0052680157276084,1.813232638907461,301409953098.13226,257.85884105510115,candidate,HSC-SSP-simulated
HSC-1177,HSC-SSP,34.6222719741925,1.7584211853687908,0.37771288210119874,0.8258442539109723,0.9666222042501301,89303355958.6841,192.23634559934143,candidate,HSC-SSP-simulated
HSC-1178,HSC-SSP,51.15103566789998,-3.2775538040220704,0.36868760888124874,2.2514009178325334,2.120463446445966,206606535400.08844,197.41794554115265,candidate,HSC-SSP-simulated
HSC-1179,HSC-SSP,44.17386341744671,2.3797598872867205,0.0672855876737161,0.7184930345848648,1.3695212008205835,108590934680.9788,178.09117588342343,candidate,HSC-SSP-simulated
HSC-1180,HSC-SSP,53.82488126512828,-3.5703894948509998,0.2505930573973352,1.5211291028227882,0.8783673702280144,117772219014.64662,231.5865471015196,candidate,HSC-SSP-simulated
HSC-1181,HSC-SSP,36.59973380690792,-5.894222000466328,0.10998387258310559,2.082355293879763,0.9323172844285109,123406147606.69771,230.09995053786605,candidate,HSC-SSP-simulated
HSC-1182,HSC-SSP,35.201194702725246,-1.9094815249927617,0.05,0.37088339937957754,1.3540685405308177,132326636427.8587,197.71212701015756,candidate,HSC-SSP-simulated
HSC-1183,HSC-SSP,32.00391231786516,5.308122092056289,0.11514953694709376,0.3210440016154906,1.4621370236854614,238615395222.74063,255.49663740736187,candidate,HSC-SSP-simulated
HSC-1184,HSC-SSP,33.539369983110774,3.9985134829231477,0.39516066295126634,2.8748053618771428,0.9082504080997282,52390043361.88438,151.89783145726213,candidate,HSC-SSP-simulated
HSC-1185,HSC-SSP,44.821286008072,-5.337388478995132,0.26195674634171623,3.0,1.0246828502046086,199323191984.14243,278.9421722012822,candidate,HSC-SSP-simulated
HSC-1186,HSC-SSP,36.86827008418336,-4.540525311838869,0.07085035009218514,0.5109871042202825,1.3269480232495006,174061475923.43652,229.0626974172525,candidate,HSC-SSP-simulated
HSC-1187,HSC-SSP,49.526365124873315,-0.29704168095359407,0.23225298284650941,2.064293068637845,1.3210207031454564,175350622352.03116,230.42459852877903,candidate,HSC-SSP-simulated
HSC-1188,HSC-SSP,58.1348162097715,-5.35645931554261,0.05,0.8951708587677597,1.1431089076633791,51227767893.04576,133.88715330212403,candidate,HSC-SSP-simulated
HSC-1189,HSC-SSP,51.26185739714698,-4.386827005971192,0.3381885228329305,2.227195569991506,1.004924357570489,73164522048.20114,170.65286317492217,candidate,HSC-SSP-simulated
HSC-1190,HSC-SSP,32.57432315128317,5.634318279888081,0.05,1.1936589840648926,0.61523441761059,97277326910.47935,251.4869757204369,candidate,HSC-SSP-simulated
HSC-1191,HSC-SSP,57.30665104230936,-2.3506799118859574,0.8,1.2584047910971974,0.9391193693044022,131948298626.84389,237.0672129672662,candidate,HSC-SSP-simulated
HSC-1192,HSC-SSP,50.83625922111822,-5.334192695185072,0.8,1.382256620426793,1.3694853711609607,136419946307.8889,199.61364913656908,candidate,HSC-SSP-simulated
HSC-1193,HSC-SSP,39.37217693038895,0.17259895813224269,0.194445533973609,1.4896309849742064,1.4068216825887274,117746345162.05377,182.97181108314714,candidate,HSC-SSP-simulated
HSC-1194,HSC-SSP,42.43562488170544,4.105992360736597,0.05,1.0326383986133822,0.9511871697264513,280055742220.422,343.177846606613,candidate,HSC-SSP-simulated
HSC-1195,HSC-SSP,38.24725012446722,2.6015726003924478,0.22949782054819817,0.649825680248505,1.2310218084512567,286873584841.5909,305.31096540126975,candidate,HSC-SSP-simulated
HSC-1196,HSC-SSP,56.18846191227006,4.36347601103944,0.05,1.3745392978488111,0.8143768001593371,100755523747.36281,222.45989689053815,candidate,HSC-SSP-simulated
HSC-1197,HSC-SSP,49.85025182152591,-2.267499539316193,0.21446526803464208,2.171115728720689,0.7112788219377176,60197973869.4012,183.99286999198463,candidate,HSC-SSP-simulated
HSC-1198,HSC-SSP,32.42540404929762,4.499199892207786,0.41342791352891234,2.7870173903595727,0.7936383185282241,77696952673.18552,197.88855370612555,candidate,HSC-SSP-simulated
HSC-1199,HSC-SSP,45.71017199996955,-0.17553154554539496,0.45163557688015976,1.4547224350282972,0.713509627851251,69813929514.47137,197.83408488073255,candidate,HSC-SSP-simulated
HSC-1200,HSC-SSP,58.39691528936231,-3.040590927711912,0.07865633222299827,0.7027027735178111,1.6394540363314547,172277283906.6409,205.01912755446205,candidate,HSC-SSP-simulated
DES-0001,DES-SL,34.16011210656564,-39.22159669724698,0.5520720095244674,0.9950213214930546,1.0353563683936038,177105853000.9001,261.57818563722475,candidate,DES-SL-simulated
DES-0002,DES-SL,36.87856913609316,-34.52342565917685,0.43358037385888953,0.869558706195929,1.0486292574030194,69178762054.37892,162.4446465082553,candidate,DES-SL-simulated
DES-0003,DES-SL,33.84509530131751,-44.00908315535233,0.33391690177098954,0.4339169017709895,1.0265665421130195,120496489347.46902,216.68240129825602,candidate,DES-SL-simulated
DES-0004,DES-SL,52.61513591225082,-39.71831984960241,0.25368326683533476,0.9145206184599646,0.9324097287512325,111878153377.57927,219.07823946582198,candidate,DES-SL-simulated
DES-0005,DES-SL,23.87271524864211,-31.409514718786717,0.17102451114100795,1.3149080049853787,0.7754689804113593,47712876908.81275,156.8792781645563,candidate,DES-SL-simulated
DES-0006,DES-SL,49.86763300306474,-59.53552622587454,0.5235544471779797,0.8690812246142896,0.51886902423353,73921300301.62149,238.7184149481858,candidate,DES-SL-simulated
DES-0007,DES-SL,55.448876948201935,-36.74052738358871,0.5706778000463578,1.5410969372713497,1.2230021901851205,89050422191.1782,170.66103284936327,candidate,DES-SL-simulated
DES-0008,DES-SL,2.416689764123272,-48.40753314508257,0.054988147329965896,0.49652616004917266,1.11535504192862,154640860661.865,235.49709667767266,candidate,DES-SL-simulated
DES-0009,DES-SL,59.29220956361845,-49.60909490674517,0.2872228991218993,0.9477450002428505,0.7290619894187613,87129347127.10129,218.64019066359046,candidate,DES-SL-simulated
DES-0010,DES-SL,51.6749631109839,-35.60684858667469,0.15665186928662947,0.5788210005006191,0.905562203765899,90109079673.62457,199.50561758071228,candidate,DES-SL-simulated
DES-0011,DES-SL,22.09576739231479,-58.633495321039426,0.22207809973349982,0.3220780997334998,0.8512906066471426,84477125478.97636,199.23270837816668,candidate,DES-SL-simulated
DES-0012,DES-SL,59.768714527451515,-50.11373599428354,0.49005667352115684,0.6117651113281869,0.8320957556052619,129825641863.28728,249.81791622605215,candidate,DES-SL-simulated
DES-0013,DES-SL,27.02340458435586,-40.59981740520284,0.16195786228175013,0.6263025745367347,1.0420345549276495,143042486213.66702,234.32652938155084,candidate,DES-SL-simulated
DES-0014,DES-SL,43.88070571111629,-30.320001395151742,0.28217095350725857,0.7050852428136121,0.6891208010713353,85852876531.50613,223.23369174569464,candidate,DES-SL-simulated
DES-0015,DES-SL,47.36000894043314,-44.03008192238692,0.3582823847979875,0.5146045134896429,0.7847070264869511,70460404539.30998,189.5172697220806,candidate,DES-SL-simulated
DES-0016,DES-SL,34.170712160665275,-33.70184164888205,0.1837340868960639,1.2350542049557256,0.631562836686112,90613256702.18085,239.56180798539395,candidate,DES-SL-simulated
DES-0017,DES-SL,22.263884088211885,-40.973160035591555,0.1306706886831753,1.462830899213589,0.6417574313884175,102709520955.87279,253.0171120048843,candidate,DES-SL-simulated
DES-0018,DES-SL,19.438566393692337,-39.6336530282821,0.05261110247998853,0.7553027526798498,0.9808307078385614,77729885823.2294,178.0438526923178,candidate,DES-SL-simulated
DES-0019,DES-SL,1.2130512088678458,-39.87719934865398,0.1213037807683311,0.7391378203531995,0.7364635469481302,127968675540.51028,263.63690562967827,candidate,DES-SL-simulated
DES-0020,DES-SL,18.590386291660696,-31.708535680871396,0.13556630040673145,1.565419074578993,1.1424447273482636,181651972676.13348,252.1926679579319,candidate,DES-SL-simulated
DES-0021,DES-SL,45.70831529729715,-50.12712359055721,0.11387577863121408,0.37283202261003634,0.7929063276081157,94763601354.14629,218.64514201854007,candidate,DES-SL-simulated
DES-0022,DES-SL,41.60801435784163,-31.787958832134432,0.19007949462090137,0.9417317628877908,0.8159336380045167,170797077850.24475,289.3628643487856,candidate,DES-SL-simulated
DES-0023,DES-SL,59.411507355100305,-57.28013734471985,0.33358644909761714,1.4608342835021237,0.5309947989470133,48902269004.85056,191.93287432766303,candidate,DES-SL-simulated
DES-0024,DES-SL,37.29777468259281,-56.153101580886776,0.11566161637807369,0.4967409727859456,1.061768359256418,205033896087.50107,277.92520726811927,candidate,DES-SL-simulated
DES-0025,DES-SL,45.32033577023833,-32.950398398618844,0.05,0.3566063475850819,0.992762614898838,67136392357.34088,164.46984709247246,candidate,DES-SL-simulated
DES-0026,DES-SL,42.62325884629789,-40.1660823952285,0.13249868970821668,0.5089552959003686,0.9778314275872867,74830721926.04868,174.95967669163292,candidate,DES-SL-simulated
DES-0027,DES-SL,26.477268167996606,-58.03116013992779,0.6,1.2932299539272702,0.8324648754191182,171460651722.34375,287.0313090388277,candidate,DES-SL-simulated
DES-0028,DES-SL,56.56632006631659,-51.988171792819195,0.09786594144834104,0.9437952105339601,1.17166558371729,73039846929.5064,157.90943740041314,candidate,DES-SL-simulated
DES-0029,DES-SL,30.612956044704248,-44.12690197018685,0.25389383007717387,0.3538938300771739,0.7309970466088334,77949218406.18788,206.5275851154931,candidate,DES-SL-simulated
DES-0030,DES-SL,25.552113652988623,-54.38480655219159,0.1890677013523609,0.28906770135236093,0.7156809853362142,84957448670.0319,217.90690241720552,candidate,DES-SL-simulated
DES-0031,DES-SL,43.07207106787582,-33.08884451247947,0.4018285728062997,1.1683743423184407,0.7697703686920025,117607040040.25446,247.21001489175188,candidate,DES-SL-simulated
DES-0032,DES-SL,16.478212789018976,-51.80755649036045,0.1411915621547394,0.3346305845625369,1.477797513775794,185257319827.8179,223.92893686369072,candidate,DES-SL-simulated
DES-0033,DES-SL,12.26800321185453,-32.01954292918494,0.29894146649783476,0.528286561986371,0.8394042255449558,55043480943.933044,161.9561206500341,candidate,DES-SL-simulated
DES-0034,DES-SL,36.25437061992854,-35.49764161581955,0.06871328806693215,0.3241028525159166,0.6254761435229267,48878769125.26852,176.8010138925203,candidate,DES-SL-simulated
DES-0035,DES-SL,42.42723683666286,-42.36992845580219,0.05,1.8882591899796524,0.9000427269472442,98230497883.44333,208.94000699006605,candidate,DES-SL-simulated
DES-0036,DES-SL,7.910197068210851,-40.06967125605857,0.139036095366106,0.2843859642640124,0.7311167002110311,96424763832.58612,229.68410185753206,candidate,DES-SL-simulated
DES-0037,DES-SL,4.075572253369575,-56.75518943294453,0.08790628764830055,1.0336574763189696,0.7883814387883352,106296699404.89973,232.231800864558,candidate,DES-SL-simulated
DES-0038,DES-SL,27.29761904358066,-49.31464397014737,0.45492583014511967,2.02886486672694,1.3901353708506439,118006670862.53168,184.27003911257756,candidate,DES-SL-simulated
DES-0039,DES-SL,6.87839661514241,-34.89227010272124,0.05,0.545422936460533,0.8456113338205179,65647474230.3165,176.21935558267552,candidate,DES-SL-simulated
DES-0040,DES-SL,33.949079571568085,-50.62031056934342,0.2618358067293999,0.722124605516878,1.096462113237005,101121881315.78674,192.06832596904405,candidate,DES-SL-simulated
DES-0041,DES-SL,52.29701077973101,-49.106138685310924,0.05791075789502873,0.7779682213517406,0.7470035702145409,134333880515.48717,268.2016449368552,candidate,DES-SL-simulated
DES-0042,DES-SL,8.003317025595573,-56.68375906749794,0.24471524123697355,1.1297537020651907,1.2519999534682087,242786833658.83466,278.5097509390445,candidate,DES-SL-simulated
DES-0043,DES-SL,22.308179476472144,-52.67716282522193,0.12185072872964081,0.8701784227887586,0.7877974211184406,116429344652.63187,243.13861850412061,candidate,DES-SL-simulated
DES-0044,DES-SL,25.98447030867391,-32.47425818308956,0.09866363776430988,0.5827957346844658,1.318975668260617,125395483490.94534,195.00805505652167,candidate,DES-SL-simulated
DES-0045,DES-SL,45.3296794208529,-41.84785544457699,0.05,0.5648942535997808,0.4643430848773487,48386183514.05726,204.16024990206935,candidate,DES-SL-simulated
DES-0046,DES-SL,10.187558373056842,-40.42419366748743,0.17243320844881133,0.48590492133128355,1.0173599401302893,64976957202.90479,159.83517625332388,candidate,DES-SL-simulated
DES-0047,DES-SL,32.72928888341772,-55.5817857450502,0.4099043151719796,0.9037953460008012,1.0734284870887494,62423055220.94792,152.51619005485358,candidate,DES-SL-simulated
DES-0048,DES-SL,34.866374681873786,-44.82050012528809,0.2361699082113632,0.7251876225694935,0.596767747987509,60740070066.7678,201.77389054171346,candidate,DES-SL-simulated
DES-0049,DES-SL,18.32288891810782,-32.23367022413329,0.07723153161027915,0.760101961806956,1.2959922563032884,231338462490.13562,267.2100047813294,candidate,DES-SL-simulated
DES-0050,DES-SL,21.90274160856681,-56.993659528484265,0.1933173586745234,0.774178552181484,0.7445239121328066,88249401469.64151,217.74417942593234,candidate,DES-SL-simulated
DES-0051,DES-SL,27.864174379238758,-35.475052304230005,0.18272874040442613,1.2299048849084322,0.7982066219194678,63883074883.13079,178.92261563325044,candidate,DES-SL-simulated
DES-0052,DES-SL,32.700504943436435,-53.28308300082945,0.35766013117886786,1.8069748892750481,0.7855286036952975,76425754206.15872,197.2735502230854,candidate,DES-SL-simulated
DES-0053,DES-SL,51.70643038736128,-54.77163964495918,0.16882394188802916,0.7218083271092437,0.723471848893889,74031779414.42442,202.3150875509065,candidate,DES-SL-simulated
DES-0054,DES-SL,18.42899701139713,-32.84735629835207,0.07545334290305612,0.5776246334809718,0.7728820489161906,137002706848.71774,266.2796389322222,candidate,DES-SL-simulated
DES-0055,DES-SL,1.9271853640688685,-55.99802294467532,0.05357129611462789,0.8902385083532991,0.7165795979658288,149417731824.70587,288.80110188364995,candidate,DES-SL-simulated
DES-0056,DES-SL,10.95978293142082,-41.70393795043387,0.10471701882611986,1.2616996579590132,0.6843178794465934,114658950027.65884,258.8838939496359,candidate,DES-SL-simulated
DES-0057,DES-SL,34.605650846155456,-55.033941219184015,0.05,0.2570430800216907,0.4827466381769549,70657579041.9668,241.96343603794656,candidate,DES-SL-simulated
DES-0058,DES-SL,17.620584801506173,-47.52889265145213,0.17193803972651708,2.4002893909685956,1.4542419538406701,72905699397.868,141.60950384916035,candidate,DES-SL-simulated
DES-0059,DES-SL,59.96010736986692,-50.749347881030694,0.09527288052107846,0.2811009791480819,1.1749528800920381,105413042428.64973,189.43793223893655,candidate,DES-SL-simulated
DES-0060,DES-SL,20.113390812814302,-58.73865611772166,0.06953172438583101,0.5059918996186793,1.0870258568468776,58111499115.12024,146.231554893518,candidate,DES-SL-simulated
DES-0061,DES-SL,8.463587969537825,-38.72028441672098,0.48350548903123913,2.1696040245928114,0.9075718526142459,108770408432.84088,218.94995799100593,candidate,DES-SL-simulated
DES-0062,DES-SL,41.39814072850349,-30.857944541740615,0.4174952717126825,1.6837872003629735,0.7260052481334274,192853810885.3966,325.96744483065146,candidate,DES-SL-simulated
DES-0063,DES-SL,42.48884007591343,-35.01723994641857,0.2025952258999889,0.749886786412023,1.209318475506309,152796482491.99203,224.81036460377825,candidate,DES-SL-simulated
DES-0064,DES-SL,56.70303320367621,-43.55388681623545,0.2726961326370256,0.5466724053053064,1.1537547569559403,260651480800.93842,300.6099432591915,candidate,DES-SL-simulated
DES-0065,DES-SL,51.655828954721756,-35.350602085065,0.05,0.4150554864364372,0.6660144656109278,100626452519.27177,245.83530088869747,candidate,DES-SL-simulated
DES-0066,DES-SL,0.2357592853330681,-45.13622421291167,0.2147055803386236,0.6315550122654799,0.7426504418724394,65901129463.554665,188.4014334233073,candidate,DES-SL-simulated
DES-0067,DES-SL,46.88941459551432,-55.45236264293042,0.29011751900068794,0.9966065004543935,0.7322301453238982,65508684346.82738,189.17146714285292,candidate,DES-SL-simulated
DES-0068,DES-SL,53.67233113443546,-38.54683159145732,0.4673272739041665,1.8408880378234138,0.9783985175003805,162890907921.31772,258.05990001265377,candidate,DES-SL-simulated
DES-0069,DES-SL,28.36826784676348,-33.007211538952276,0.05,0.2736137675975167,0.5753668950372666,64651659565.21109,212.00563249001723,candidate,DES-SL-simulated
DES-0070,DES-SL,12.904288287903148,-40.3131602877358,0.39037840392051393,0.8125056221787788,1.1666546531319693,100898145428.0571,185.99463994008448,candidate,DES-SL-simulated
DES-0071,DES-SL,21.086500408241008,-54.98699736703098,0.16253135348026523,0.5804140329160595,0.7599540088125875,81427792894.9838,207.02494227215968,candidate,DES-SL-simulated
DES-0072,DES-SL,55.06815241257502,-55.81073009371249,0.05,0.8476067513424399,0.7788751304584898,155357257691.68042,282.4631841217292,candidate,DES-SL-simulated
DES-0073,DES-SL,20.57352548093878,-47.44893269603978,0.28196900674117664,1.0530215221242063,1.2688049432450794,237507900193.06262,273.6349675773052,candidate,DES-SL-simulated
DES-0074,DES-SL,28.901990280740456,-47.980264546861406,0.5455484221598887,0.9304971639164339,0.5715446657862883,25383606900.113403,133.285091509738,candidate,DES-SL-simulated
DES-0075,DES-SL,0.9922274736402481,-35.556239950923114,0.3775573436577827,0.4775573436577827,0.8616017554759245,134513372444.71793,249.89607717409422,candidate,DES-SL-simulated
DES-0076,DES-SL,57.01704301022913,-30.037498968260493,0.05,1.4424430018626577,0.938684327964624,150882743328.68945,253.56540347582785,candidate,DES-SL-simulated
DES-0077,DES-SL,49.98341647585281,-39.35658371216834,0.05,0.2997232852700539,0.706679413372391,56251897928.427605,178.4380077649895,candidate,DES-SL-simulated
DES-0078,DES-SL,37.01304431798369,-43.976949297424035,0.06458926895913054,0.44390260800843895,0.6628158130762987,52915579197.41779,178.7003249478657,candidate,DES-SL-simulated
DES-0079,DES-SL,43.755984350198005,-50.13464135373031,0.1678504613630779,1.0546066189535441,0.48457275163390356,50323415832.5923,203.814724936981,candidate,DES-SL-simulated
DES-0080,DES-SL,20.09141705993887,-46.072007391421806,0.21427246096493502,0.7944221126704943,0.5739784381119362,40340530234.50928,167.66909017632682,candidate,DES-SL-simulated
DES-0081,DES-SL,38.16242130791315,-31.51513704782515,0.12253006601671404,1.6179278191707853,0.48392870530648846,61729266429.35316,225.88368373752905,candidate,DES-SL-simulated
DES-0082,DES-SL,24.530619703504094,-53.81561519159508,0.09145298487210701,0.7907707805816402,0.6936684128207316,54397779822.43452,177.110628306892,candidate,DES-SL-simulated
DES-0083,DES-SL,51.879546833393505,-45.196671621517844,0.1282509203217435,0.22825092032174352,1.2522843661334284,106740773981.17166,184.64760972964638,candidate,DES-SL-simulated
DES-0084,DES-SL,6.23242741672863,-38.6956488721049,0.23548750566857146,0.7104859912366047,0.4489081863705931,69584607355.90419,249.00485993330756,candidate,DES-SL-simulated
DES-0085,DES-SL,38.663769736911945,-38.578370080336285,0.48620772019571523,0.8105017115915367,0.4569626009851457,52278431906.67685,213.9197798687687,candidate,DES-SL-simulated
DES-0086,DES-SL,51.479713363641515,-37.89749337260318,0.06641043188907453,0.754140473364217,0.37545187000224756,82993224845.98843,297.3542703719665,candidate,DES-SL-simulated
DES-0087,DES-SL,6.70802227403623,-43.04133120138054,0.18976945414733384,2.322270805645279,0.5935698043802508,57755643561.0932,197.28374775973575,candidate,DES-SL-simulated
DES-0088,DES-SL,13.27329085093795,-30.396102174603097,0.12144478841856869,0.7733658694627229,0.5815522639941215,35790761582.67482,156.8993303957571,candidate,DES-SL-simulated
DES-0089,DES-SL,33.696969587487295,-38.554320773987726,0.37222531575309037,1.4599298873113007,0.8946784699397969,41037682973.519646,135.45277866820234,candidate,DES-SL-simulated
DES-0090,DES-SL,38.49421773390599,-35.45363995888611,0.6,1.879246992534755,0.7795732061013773,50082378116.23016,160.30387294321733,candidate,DES-SL-simulated
DES-0091,DES-SL,23.704579523291557,-54.68593635620992,0.16605716580720292,0.5610243426353638,0.7082368846418976,195797500175.9758,332.5403094431894,candidate,DES-SL-simulated
DES-0092,DES-SL,13.295605826366842,-37.301316357301644,0.2798450124530399,0.9825437871584435,0.9597188459159239,133377259834.23761,235.77561129943314,candidate,DES-SL-simulated
DES-0093,DES-SL,17.428896336536617,-49.80856368491747,0.26334653314380424,1.8151794272050463,0.7506492019526073,85098661148.6153,212.94764706537046,candidate,DES-SL-simulated
DES-0094,DES-SL,6.003880293991999,-42.33933076991951,0.3257747083440216,0.9276182709078125,0.7621028675180294,64704170171.05934,184.28472279055867,candidate,DES-SL-simulated
DES-0095,DES-SL,58.41159311023511,-51.36186755485755,0.35706036142967057,1.1155425441601468,0.923890584893237,105704560659.25055,213.9274861028497,candidate,DES-SL-simulated
DES-0096,DES-SL,21.407775339296073,-36.23348900533945,0.06419355242388204,0.4795441068193522,0.8777183692043107,98670050002.18102,212.05331984945389,candidate,DES-SL-simulated
DES-0097,DES-SL,37.780359111593235,-30.392588573453633,0.15245611607480036,1.4585960435466312,0.5099798030590894,111644370619.90129,295.91836727819083,candidate,DES-SL-simulated
DES-0098,DES-SL,51.37795960296702,-45.281709350647816,0.0641656538029379,0.40895182799842855,0.8835283667719562,120874760417.39853,233.93088293162802,candidate,DES-SL-simulated
DES-0099,DES-SL,23.877436637746154,-39.759780239305144,0.05,0.6355831369565453,0.5807855291238233,54093704325.8987,193.01695661759328,candidate,DES-SL-simulated
DES-0100,DES-SL,53.74315048488009,-39.24544241624848,0.1513810799149129,0.4308419636461382,1.3509440416393697,202466464628.41727,244.84309761739618,candidate,DES-SL-simulated
DES-0101,DES-SL,28.672638339183457,-47.10351725625456,0.30043899345318154,0.9733576688047598,0.9874823664248993,125202927920.67729,225.20216621693947,candidate,DES-SL-simulated
DES-0102,DES-SL,13.856421553244026,-57.04687352997028,0.2333094080751229,1.2391382244433014,0.7109530474074552,77425413718.22575,208.7138661775017,candidate,DES-SL-simulated
DES-0103,DES-SL,14.322881036103814,-39.304761496921074,0.12390616003516437,0.3005695010511054,0.7039028516487431,52053122315.693405,171.98755631544415,candidate,DES-SL-simulated
DES-0104,DES-SL,29.06057413632749,-57.27485456815757,0.15185475386124545,1.0529188961376035,0.7085496764653484,62085695330.51979,187.21498968609484,candidate,DES-SL-simulated
DES-0105,DES-SL,16.3467864665299,-43.52532927629282,0.3639617783133664,1.0043936129495257,0.7422184500579568,98661065653.67055,230.58817058302662,candidate,DES-SL-simulated
DES-0106,DES-SL,57.24094824715122,-44.669857093662394,0.33914202292494255,0.5681457981164453,0.6657304510067111,109617038805.77925,256.6373235568745,candidate,DES-SL-simulated
DES-0107,DES-SL,6.0019002640292225,-52.26779816065444,0.1579234418424245,0.6183753387823538,0.6608644729070909,43412356160.36139,162.09905074051704,candidate,DES-SL-simulated
DES-0108,DES-SL,51.63626942098257,-46.57373293601177,0.23750645064854065,0.3375064506485407,0.7419459354777522,82133767985.95801,210.42858710701236,candidate,DES-SL-simulated
DES-0109,DES-SL,6.429401815615405,-48.24816709106465,0.15549268158612628,0.4336245679517251,0.6777671833180182,87349953873.79153,227.0497704511276,candidate,DES-SL-simulated
DES-0110,DES-SL,19.01671731813513,-40.37081035397832,0.1529021128375111,1.2027713440154892,0.6422141806334503,67099725703.60632,204.4327273437681,candidate,DES-SL-simulated
DES-0111,DES-SL,52.188741948835386,-46.531336875652876,0.30759323573450187,0.8488757131755755,0.8646206502683617,79485558965.0755,191.76145226384955,candidate,DES-SL-simulated
DES-0112,DES-SL,37.45742404699618,-57.819530532305556,0.25667763415297523,1.847916619883386,0.45792838877509157,49333828502.31347,207.58865811065127,candidate,DES-SL-simulated
DES-0113,DES-SL,3.6268153791162128,-37.52653262922388,0.24436328951146657,0.34436328951146655,0.6869788386159122,119580659860.31798,263.86925368165305,candidate,DES-SL-simulated
DES-0114,DES-SL,32.63362178955846,-33.69456677537664,0.08782934218871344,1.0052039776050545,0.7020729166941411,95694335401.18513,233.49737416747877,candidate,DES-SL-simulated
DES-0115,DES-SL,21.463005896545653,-34.66783163123803,0.05033827922212814,0.43377029713025406,0.86719768709643,76269846074.455,187.56308839466217,candidate,DES-SL-simulated
DES-0116,DES-SL,19.788948531381664,-40.489033185136634,0.08677733156363135,0.7059458720665005,1.3183740057271482,88430070314.88094,163.79878088665725,candidate,DES-SL-simulated
DES-0117,DES-SL,33.866510499228795,-31.4309584619668,0.15220031875952347,2.1666775542921526,1.0768818644247582,43425116381.87866,127.00372520006911,candidate,DES-SL-simulated
DES-0118,DES-SL,58.63449390002694,-34.09670599469,0.0848945772637347,0.1848945772637347,0.5891444074613714,62043624328.74457,205.24268888845063,candidate,DES-SL-simulated
DES-0119,DES-SL,52.51974495827448,-54.31931316958005,0.26021667291760275,2.2745029536222483,1.1434103614844187,177389141908.85086,249.11073917481872,candidate,DES-SL-simulated
DES-0120,DES-SL,33.97115905904251,-41.63550535159829,0.05,0.2936895642435406,0.6256528587310322,79728902348.96092,225.7725673569947,candidate,DES-SL-simulated
DES-0121,DES-SL,11.190660750243586,-54.68371860536281,0.3770384040726802,1.4495326016778682,1.157838645215656,94883175522.3458,181.050855277808,candidate,DES-SL-simulated
DES-0122,DES-SL,50.85388777670968,-37.23204154155955,0.35671181075599584,0.5141919012176299,0.7307985097737041,50885396179.606186,166.88901415416206,candidate,DES-SL-simulated
DES-0123,DES-SL,49.20356194477522,-30.13173865456722,0.34594548474651876,1.9137334882770025,0.7703830343881491,60860570853.93232,177.7643427388845,candidate,DES-SL-simulated
DES-0124,DES-SL,27.231195341103138,-42.15094927975589,0.422981454091672,1.3221965812383507,0.7474395900056352,182610855641.50247,312.6117103634517,candidate,DES-SL-simulated
DES-0125,DES-SL,16.35187014241241,-51.774784274656,0.08944943189841548,0.5355210260373539,0.6286542637559865,46356946703.70131,171.74396087770717,candidate,DES-SL-simulated
DES-0126,DES-SL,51.13419149855466,-41.95897119029801,0.21174489254836373,0.4385560017306421,0.9341708154380803,94370290278.00288,201.0177897436344,candidate,DES-SL-simulated
DES-0127,DES-SL,0.8946158492884737,-56.11790998204296,0.18529026099083526,0.5653757010235579,0.35108271871867963,55726342589.546196,251.9738893157367,candidate,DES-SL-simulated
DES-0128,DES-SL,17.66784593046961,-59.59020349694124,0.5511571454544044,0.7542735289318595,0.7227121510118085,108849466467.4555,245.4485493590144,candidate,DES-SL-simulated
DES-0129,DES-SL,13.870552988243654,-49.68532526223743,0.6,1.4071517728525245,0.9523299774058814,52508285578.61677,148.50811557140852,candidate,DES-SL-simulated
DES-0130,DES-SL,52.765038615863766,-58.82269271878361,0.4279430400896711,1.7552953991445586,0.597505422986816,64818743103.58572,208.3096420785214,candidate,DES-SL-simulated
DES-0131,DES-SL,16.675320646161545,-33.29056631359046,0.05,1.4908618689660857,1.0345887090843526,200769254172.4903,278.608736841724,candidate,DES-SL-simulated
DES-0132,DES-SL,30.61575877323895,-46.98646793377882,0.05,0.9131836128409095,0.6887218188911443,27207171401.613483,125.70419496813817,candidate,DES-SL-simulated
DES-0133,DES-SL,48.34108733261354,-55.15151817809108,0.36864696953819787,0.5510576128689344,0.8918934654955085,78017238765.00648,187.05477212104654,candidate,DES-SL-simulated
DES-0134,DES-SL,4.101102891033975,-59.62222161997516,0.20382398224781248,1.3372755927085958,0.8456457222484369,213883526695.8828,318.07126474636584,candidate,DES-SL-simulated
DES-0135,DES-SL,59.49586653179911,-30.50352040038763,0.07799858245239596,2.3117819394192467,0.7315502918766468,58505460407.09593,178.85706606008887,candidate,DES-SL-simulated
DES-0136,DES-SL,4.516334460216232,-57.79917721449242,0.16627321521164298,0.301286277670614,0.6659976945680826,66046418180.120605,199.16740632049272,candidate,DES-SL-simulated
DES-0137,DES-SL,33.01773139098778,-51.8619424055047,0.21730230481066623,0.8353721546886144,0.9299974068202848,101269853717.20924,208.70325292851194,candidate,DES-SL-simulated
DES-0138,DES-SL,46.30858657619974,-33.0531242051151,0.39495150947737157,1.3744755121368917,0.9074988386238882,163831271827.49844,268.7233209955688,candidate,DES-SL-simulated
DES-0139,DES-SL,18.872765856201458,-43.166696736947976,0.44188477178246577,1.0965006261009558,0.7213444619929873,87454392741.8542,220.21629871750253,candidate,DES-SL-simulated
DES-0140,DES-SL,46.609882166897314,-48.857492640203034,0.16000326757880165,0.5801681387762538,0.8461899467124901,109468937219.20715,227.47910761548778,candidate,DES-SL-simulated
DES-0141,DES-SL,19.782730524852216,-48.277489568727205,0.28346853407288425,1.9232505532636206,0.8711246215225417,95750995857.4125,209.68216929521267,candidate,DES-SL-simulated
DES-0142,DES-SL,12.835372229983061,-47.46431440433606,0.3621045669904748,0.6475499366156662,0.45473584670320666,22742176081.237457,141.4380985199325,candidate,DES-SL-simulated
DES-0143,DES-SL,59.30339271839178,-45.90593772906961,0.2562618326707912,0.7085380945823084,0.7464852680110646,56589568547.72776,174.13559990337552,candidate,DES-SL-simulated
DES-0144,DES-SL,56.65342046842721,-42.314838474737236,0.41525510107459823,0.5357980344737725,0.9540623140695428,105480787112.77292,210.29468960120425,candidate,DES-SL-simulated
DES-0145,DES-SL,10.34376859790716,-38.41008223209865,0.5133651778939677,1.7242238975633,0.5843705018450404,84506417390.15213,240.5086486903438,candidate,DES-SL-simulated
DES-0146,DES-SL,25.179284691540307,-54.354760618412456,0.25069618400835614,0.8058906608571988,0.956296527041819,79544156047.79865,182.40546483858014,candidate,DES-SL-simulated
DES-0147,DES-SL,47.02217932565851,-56.621785528820645,0.19140909517762356,0.7897691007954519,0.6386928596979615,61666145406.462524,196.52027649603636,candidate,DES-SL-simulated
DES-0148,DES-SL,11.300812397367006,-44.98515314770158,0.11697569621948078,0.9121960191757703,1.1708622315824193,69391776644.77287,153.96822408179617,candidate,DES-SL-simulated
DES-0149,DES-SL,28.019965171993213,-35.63900120922018,0.24409675293168945,0.6215634084358633,1.0552417597678485,137469310512.45135,228.27423084819003,candidate,DES-SL-simulated
DES-0150,DES-SL,15.160777664360943,-50.18425182513261,0.05,0.7325010075800052,0.772179780559517,48152194084.68547,157.93515949510362,candidate,DES-SL-simulated
DES-0151,DES-SL,46.489665999277285,-49.880114066897555,0.11454715948065634,0.773467344786995,0.6973631956322436,115241840456.40735,257.1020721199094,candidate,DES-SL-simulated
DES-0152,DES-SL,16.893231763691745,-34.77333069865545,0.15822656262919813,0.5163688084524318,0.8490150611158186,107106724219.48367,224.63667742033118,candidate,DES-SL-simulated
DES-0153,DES-SL,3.8353898515163265,-38.559376516951374,0.3494056950838024,0.9673950704978578,0.3,37220008805.060074,222.7704612527136,candidate,DES-SL-simulated
DES-0154,DES-SL,27.366323971032756,-53.83111573403156,0.13564640346579446,1.8761985471540927,0.9019965484931275,106639538134.165,217.46365620594028,candidate,DES-SL-simulated
DES-0155,DES-SL,39.80749938096555,-33.86181277147816,0.11751397864352761,1.3913520830118644,0.5028745771612952,60393684001.94433,219.17747358821978,candidate,DES-SL-simulated
DES-0156,DES-SL,44.62420889714674,-44.15824734323626,0.1023211395211683,1.184567070198936,0.8846631088656891,166303584585.53256,274.2154006214578,candidate,DES-SL-simulated
DES-0157,DES-SL,22.000030672477987,-30.663120366416205,0.2356802470158895,0.7682973333433928,0.5609804593472654,57781872073.34037,202.9793853259535,candidate,DES-SL-simulated
DES-0158,DES-SL,35.61640956295005,-51.9796586352344,0.4291894491563991,1.0954272917438876,1.0723027356131904,117088698789.39874,208.99157482208093,candidate,DES-SL-simulated
DES-0159,DES-SL,19.90141510040314,-54.55507115187476,0.2808426336344218,1.0745999971142715,1.1197015321185309,100990495472.50653,189.94117089314275,candidate,DES-SL-simulated
DES-0160,DES-SL,0.3652518585354003,-44.76413887152019,0.13403329260614255,0.3354051421470609,1.1155971579361583,94643507473.7085,184.21360832045005,candidate,DES-SL-simulated
DES-0161,DES-SL,8.980407875016066,-53.210074807887764,0.344194478380144,0.44419447838014403,0.6680662521449491,52622870578.506096,177.50373525170116,candidate,DES-SL-simulated
DES-0162,DES-SL,14.688537684728002,-53.47002371802185,0.36100585873409885,2.5,1.097728052653688,68021052323.850044,157.43608715514682,candidate,DES-SL-simulated
DES-0163,DES-SL,19.818660323810793,-39.55456393672986,0.3682366697196938,0.7277487463688248,0.5496077670504479,50648893832.65959,191.99439368765655,candidate,DES-SL-simulated
DES-0164,DES-SL,3.8863319715121047,-37.83517687946461,0.2599041028384924,0.5882111460417012,0.7633593014408947,106855947266.81804,236.62729770518942,candidate,DES-SL-simulated
DES-0165,DES-SL,12.425089493262625,-49.922584646799315,0.2723904385976899,1.1715515692231668,1.481543102032558,192310991034.5147,227.8635731096269,candidate,DES-SL-simulated
DES-0166,DES-SL,0.9923669573925964,-54.39576305428505,0.24802759949086192,0.8924926839301646,0.7928878456407714,72952779127.7197,191.8425930175096,candidate,DES-SL-simulated
DES-0167,DES-SL,59.37388849426841,-55.26933983780558,0.32453380728486564,0.7694746144605835,1.2142256070493511,131673446832.51315,208.2712885814128,candidate,DES-SL-simulated
DES-0168,DES-SL,36.244326035943814,-58.36381017974548,0.21491312754043262,0.41154618786383335,1.3373230233850804,136370330411.3746,201.96298517549008,candidate,DES-SL-simulated
DES-0169,DES-SL,0.07221683454107453,-41.51704313551936,0.18092749768598937,1.072842864473907,0.57608972401109,42543643581.6837,171.87086874669885,candidate,DES-SL-simulated
DES-0170,DES-SL,34.81058218779203,-40.147045358178126,0.11825748935753695,0.5459934000677602,0.7497097369174792,106374051103.4242,238.23264333376582,candidate,DES-SL-simulated
DES-0171,DES-SL,13.063742054821477,-52.29775195975352,0.1613255186619268,1.9274751449180592,1.0627309269205543,115026555606.99576,208.07379760943584,candidate,DES-SL-simulated
DES-0172,DES-SL,8.067422446023865,-51.31784607886762,0.3987883775585978,1.3509986520025934,1.6058275260504737,248497538132.64713,248.7949677835331,candidate,DES-SL-simulated
DES-0173,DES-SL,35.1609826486978,-36.641959238983304,0.22511044358575052,1.189302943482151,0.8726940880971071,128383033831.67468,242.57877348312155,candidate,DES-SL-simulated
DES-0174,DES-SL,3.5715718123093487,-42.55475071127783,0.3416217539700641,0.4416217539700641,1.0952063675355703,39427429231.28053,120.0,candidate,DES-SL-simulated
DES-0175,DES-SL,6.064589542304559,-35.942388232320525,0.3268256156835866,1.3140503316903778,0.9428747200749749,70192557443.4184,172.56333792299532,candidate,DES-SL-simulated
DES-0176,DES-SL,45.90380588193384,-31.562487631965087,0.09501836612399236,0.8462115588001397,1.0349339184184683,80024750863.47815,175.86760558920838,candidate,DES-SL-simulated
DES-0177,DES-SL,1.887431714761565,-39.135731874327675,0.15742523476401335,2.3700614799030815,1.3857057676183047,49885407634.258965,120.0,candidate,DES-SL-simulated
DES-0178,DES-SL,23.30563327367142,-35.379738497967885,0.05,1.1654586332872692,0.8564819568195142,81978365518.29985,195.66831905082836,candidate,DES-SL-simulated
DES-0179,DES-SL,2.09894929848377,-52.167996003140125,0.2668395232588629,0.9854233034735069,0.9860696798451629,182329628558.43115,271.9598648779132,candidate,DES-SL-simulated
DES-0180,DES-SL,51.57863463392377,-31.780903475812707,0.31176086374547607,0.5176006234312807,0.6322693161823746,74181063223.09735,216.633426704726,candidate,DES-SL-simulated
DES-0181,DES-SL,44.29151383946994,-45.29642291619654,0.32273299986360204,0.9406428823035735,0.6429677925880123,93816032422.81015,241.58719832145076,candidate,DES-SL-simulated
DES-0182,DES-SL,48.63994640901075,-47.64307564913666,0.07489250265599144,1.9037865362856314,0.6105348596605465,37732387622.97915,157.2287299653162,candidate,DES-SL-simulated
DES-0183,DES-SL,12.244383504108413,-39.19814992204867,0.1344418505584551,0.3121922358980153,0.7110863393673956,29566987320.135693,128.96514935453195,candidate,DES-SL-simulated
DES-0184,DES-SL,14.014744987311975,-37.92046533728761,0.12557886235408394,1.7168097559440445,0.8472933226674418,170730640463.09427,283.90225265246534,candidate,DES-SL-simulated
DES-0185,DES-SL,39.3014817843054,-46.62451097403847,0.3660232723561271,1.2271124376723401,0.9706134203443528,115127816792.49614,217.8196140880773,candidate,DES-SL-simulated
DES-0186,DES-SL,3.0997305497393812,-49.89219375107885,0.07905289132105728,1.2963563727149288,0.6327719609434086,96598073736.24347,247.11016769937808,candidate,DES-SL-simulated
DES-0187,DES-SL,44.866598296326046,-48.07638222998919,0.0736191878237069,1.1560882194373256,0.8100324267072465,110489410246.41524,233.5818646816594,candidate,DES-SL-simulated
DES-0188,DES-SL,25.632181636910076,-42.25413607933881,0.07185853122101986,1.5956479364451241,0.8157020330519141,53920424698.061905,162.6076132873439,candidate,DES-SL-simulated
DES-0189,DES-SL,50.156946654694096,-31.922832440405518,0.2314063418063972,0.33140634180639716,0.7802947008670779,62125888794.33224,178.4583915524163,candidate,DES-SL-simulated
DES-0190,DES-SL,52.62163627569823,-54.57080808065993,0.2466476071299488,0.3466476071299488,0.6895555076965406,92509013244.63626,231.65272009106522,candidate,DES-SL-simulated
DES-0191,DES-SL,33.02582327682723,-56.33743735046302,0.06792945681280282,0.716494294656166,0.7496393250450705,85929143930.97858,214.1282944194277,candidate,DES-SL-simulated
DES-0192,DES-SL,5.080569314561394,-32.88762688173175,0.09527698616334106,0.9285463355297641,0.8519412309911053,104763261619.49857,221.7837296680623,candidate,DES-SL-simulated
DES-0193,DES-SL,18.363551892970552,-53.46602654650735,0.4231843285233582,0.6209892879568671,0.9111196344984455,44396968613.78387,139.61077943938642,candidate,DES-SL-simulated
DES-0194,DES-SL,35.3186201829637,-32.304719146310106,0.1501791166404415,1.2789027658931578,1.365283206800337,129064504810.90147,194.4563059171275,candidate,DES-SL-simulated
DES-0195,DES-SL,45.00091075372171,-54.73153397006501,0.14688500446818917,1.3540045045884193,0.9181612071749502,88893820622.43045,196.79148912533648,candidate,DES-SL-simulated
DES-0196,DES-SL,19.523425413674367,-55.47789020906495,0.23783217541351837,2.252996254962136,0.540405051279589,127165425872.53447,306.7996224130423,candidate,DES-SL-simulated
DES-0197,DES-SL,56.11501886365998,-51.028070711734706,0.31335444107251614,1.3577013549669281,1.2569656734455847,105918008438.1561,183.5917619903068,candidate,DES-SL-simulated
DES-0198,DES-SL,25.16339027810336,-54.65175575033878,0.15999389436507985,1.9122974391747816,0.7095108786180786,59894841049.401955,183.75754272348198,candidate,DES-SL-simulated
DES-0199,DES-SL,32.562074835398704,-36.02968885942924,0.05,0.3671374450617575,0.9471759997940441,99672914963.96152,205.16498031925877,candidate,DES-SL-simulated
DES-0200,DES-SL,49.42785692610205,-45.568466175710455,0.09294779656945593,2.125294413690825,0.7352794632437689,85409082681.79701,215.55386100754325,candidate,DES-SL-simulated
DES-0201,DES-SL,49.02509681517897,-35.251592116183275,0.08767136678580043,0.28117521971509707,0.9867092921986513,46743411767.72509,137.65614102645614,candidate,DES-SL-simulated
DES-0202,DES-SL,17.867224393757933,-58.33527836786818,0.25404296717031727,1.0122745868469174,0.5862304482178627,82589074721.68585,237.3870973768765,candidate,DES-SL-simulated
DES-0203,DES-SL,1.4101453690994425,-48.73508276035137,0.09261077432916222,0.3029010984062892,0.6936388206166834,31027419809.38367,133.7630402178939,candidate,DES-SL-simulated
DES-0204,DES-SL,39.39731696838775,-32.434438462232706,0.09254431263905763,0.4288933894495469,0.6245690911191986,33374774419.309875,146.20052130919925,candidate,DES-SL-simulated
DES-0205,DES-SL,8.978203290535603,-46.50818075028654,0.6,1.2033927229721262,0.6190737040483718,100061293954.04845,254.2680980128041,candidate,DES-SL-simulated
DES-0206,DES-SL,31.65087119331269,-49.97354119887721,0.14427532643498545,1.009613778326756,1.1508302800032473,93611622163.61314,180.38035655210538,candidate,DES-SL-simulated
DES-0207,DES-SL,57.59060560431111,-44.39730187182497,0.058122900680367545,1.731480497488639,0.8284945453000216,104577865353.22566,224.70102594037675,candidate,DES-SL-simulated
DES-0208,DES-SL,39.91224620886403,-38.61845991124351,0.05056701331114178,0.37170813437709943,0.7532825376835722,169476156098.4025,299.9890124381109,candidate,DES-SL-simulated
DES-0209,DES-SL,39.97831938769754,-43.6045887389639,0.0629368310231256,1.0837777329372595,0.9632084301142834,64995791046.42427,164.29050898841277,candidate,DES-SL-simulated
DES-0210,DES-SL,5.037099689987031,-49.81305463309414,0.1716622617122203,0.8789194872888242,1.5096794826874682,162674121149.34326,207.60932375604943,candidate,DES-SL-simulated
DES-0211,DES-SL,6.415536146834688,-45.18603312852762,0.20724767818098855,0.6462938815130359,0.9479498483146422,179826716718.80048,275.4637290916765,candidate,DES-SL-simulated
DES-0212,DES-SL,48.78721635728516,-36.41071341869161,0.6,1.4569446466690499,0.8133511369151736,29280640928.946247,120.0,candidate,DES-SL-simulated
DES-0213,DES-SL,36.7843385929629,-58.32103328213979,0.1754393022483743,0.6239898085678778,0.9026786227684668,94914073639.39961,205.08255695017243,candidate,DES-SL-simulated
DES-0214,DES-SL,21.5020579399439,-46.783900556298654,0.29289359789985797,1.663257321192339,0.9354060610089503,109476400705.62354,216.36657036677116,candidate,DES-SL-simulated
DES-0215,DES-SL,20.30883062207866,-40.261475156417575,0.44922634956103646,0.7698638660682071,0.821096014055248,55926986286.50609,165.0607189343487,candidate,DES-SL-simulated
DES-0216,DES-SL,40.40524801481224,-59.44954014979102,0.06804841596677125,0.31951468937157373,0.5744448163743398,72924730209.50078,225.342575558262,candidate,DES-SL-simulated
DES-0217,DES-SL,5.122126759593916,-46.668529130968054,0.14186967957071978,0.2596568424099561,1.0292597047827845,99213412362.28883,196.35985553174783,candidate,DES-SL-simulated
DES-0218,DES-SL,59.89187275727145,-59.89486009406825,0.31037532092502274,0.6944133364035546,0.9338444818343935,85216790412.63506,191.05363443618774,candidate,DES-SL-simulated
DES-0219,DES-SL,43.83397622600429,-41.26993420346383,0.05,1.115130499911855,0.8014729023433118,76736142755.22643,195.6976256091205,candidate,DES-SL-simulated
DES-0220,DES-SL,2.1096427973183207,-54.9477615296991,0.19895405608651504,0.8097262115603052,0.5333081864599387,53184529315.58853,199.72550620477367,candidate,DES-SL-simulated
DES-0221,DES-SL,54.48792339363785,-31.65373074268367,0.2815287582584329,0.6814272678779931,0.7921489023194127,59868924705.26523,173.8710641894732,candidate,DES-SL-simulated
DES-0222,DES-SL,6.616603696594012,-48.49472926521783,0.18110139375491827,1.2209139159696736,0.9021970036193424,111038395544.37987,221.87884392462712,candidate,DES-SL-simulated
DES-0223,DES-SL,38.23828958569946,-37.817462590024036,0.05,0.695886129158163,0.8997141306398136,32389708703.03329,120.0,candidate,DES-SL-simulated
DES-0224,DES-SL,58.63097439569976,-42.536358875404915,0.3873267695259724,1.0348301179648351,0.8790295443269264,75553802392.0903,185.41993419902522,candidate,DES-SL-simulated
DES-0225,DES-SL,15.28552771199072,-50.851960869070176,0.11068683759044284,0.36605589958276846,0.7592503898005621,99713143428.96513,229.19951147666143,candidate,DES-SL-simulated
DES-0226,DES-SL,26.64865213320718,-40.96680176494943,0.6,0.8291525086594577,1.4093716755203995,97754094578.27666,166.56536654622533,candidate,DES-SL-simulated
DES-0227,DES-SL,10.624255314956386,-43.1843344531473,0.17814410031291505,0.9724668403973055,0.8241199275926933,71655206260.02812,186.4913372230121,candidate,DES-SL-simulated
DES-0228,DES-SL,16.474361740775798,-59.02556033892316,0.10580939076816133,1.1795027906334998,1.1545030441006665,52530278322.48414,134.90787619442415,candidate,DES-SL-simulated
DES-0229,DES-SL,36.598889568868294,-43.18579553479495,0.2152219728507452,1.1425832444613588,0.8449654971338628,48076525151.232834,150.8610211669601,candidate,DES-SL-simulated
DES-0230,DES-SL,57.033022316625384,-41.238071103587615,0.2621741820396283,1.531103311044979,0.6340774286745776,54860639040.92552,186.03269594969265,candidate,DES-SL-simulated
DES-0231,DES-SL,29.039445019952396,-38.94412719527352,0.2067002681737601,0.7615006904826959,0.6828678144008488,43306825029.79775,159.27215143318816,candidate,DES-SL-simulated
DES-0232,DES-SL,10.190365998074878,-56.81082536061146,0.11828577094198832,0.2182857709419883,0.9627948115206039,77723492260.92981,179.69635921980574,candidate,DES-SL-simulated
DES-0233,DES-SL,42.754676594835644,-40.95145452717055,0.31568486695340914,0.8040756449677151,0.8345945822301736,41702776387.12041,141.37567769351733,candidate,DES-SL-simulated
DES-0234,DES-SL,5.475034156934717,-46.90654803530661,0.29741649398422176,2.5,0.7178371048162877,83350689295.6847,215.51209164185045,candidate,DES-SL-simulated
DES-0235,DES-SL,3.984984268886096,-43.44515327329245,0.21410845060124395,0.38125393059388474,0.5898762436686489,80899734482.67209,234.2195222471516,candidate,DES-SL-simulated
DES-0236,DES-SL,36.80744559787543,-47.641209603126036,0.08575381525973817,0.5706043672196925,0.8351685126022199,116181520943.89293,235.89105260340565,candidate,DES-SL-simulated
DES-0237,DES-SL,42.95100093160866,-37.1409076620854,0.15219340453963517,0.6706563291061481,1.618644411778477,258497670803.42383,252.74500807121814,candidate,DES-SL-simulated
DES-0238,DES-SL,32.60936746251802,-57.02830697352036,0.1316492698676283,0.6551685035507365,1.3775728972989607,191908247802.13754,236.05843353939764,candidate,DES-SL-simulated
DES-0239,DES-SL,31.92719161228239,-46.97289910165813,0.38659228162487264,0.8158566138512608,0.6947381505599679,133684901148.22124,277.4345862301434,candidate,DES-SL-simulated
DES-0240,DES-SL,17.83803595353836,-45.883755418620744,0.16695967977068144,0.7163737855402359,0.7049571594553101,116429225358.79005,257.02752653540426,candidate,DES-SL-simulated
DES-0241,DES-SL,4.361034660157383,-42.93543804700515,0.2056711757281063,0.4115104618304448,0.6828775731451414,198824597100.00546,341.26647470438957,candidate,DES-SL-simulated
DES-0242,DES-SL,49.496308789043844,-44.86269096321598,0.25516419682808483,1.516705571880699,0.9013287420838361,118371273581.4576,229.198381051899,candidate,DES-SL-simulated
DES-0243,DES-SL,10.213981946299832,-54.30709325561968,0.33413673104741826,0.9015419848796109,0.6881550250190358,110021585630.53987,252.88659142939912,candidate,DES-SL-simulated
DES-0244,DES-SL,21.622687293394172,-47.19293738031489,0.25226697286228184,0.9691196152226199,0.844239294738868,74954186674.95995,188.44957506855826,candidate,DES-SL-simulated
DES-0245,DES-SL,42.96551506989081,-56.71708785492062,0.05,0.5955158927570331,0.6716080277279445,111303722216.72302,257.4701585648286,candidate,DES-SL-simulated
DES-0246,DES-SL,40.45419369769194,-49.91764836773286,0.35193127599764756,0.7168031548220193,1.7622163561793542,66159290780.229965,122.54505814600873,candidate,DES-SL-simulated
DES-0247,DES-SL,17.608714641540864,-53.6558903985076,0.0920198860640668,0.5582440559180364,0.6467619299216963,90385663267.40741,236.43270238878995,candidate,DES-SL-simulated
DES-0248,DES-SL,19.52813932059736,-39.95288949067968,0.08828290513825332,0.967157295875685,0.8225708735703222,83926203559.55562,202.01895531120408,candidate,DES-SL-simulated
DES-0249,DES-SL,19.609218375103925,-54.82644480370604,0.20563951222094973,0.4305329558823282,1.1305796044857812,89310594705.52419,177.7587194520037,candidate,DES-SL-simulated
DES-0250,DES-SL,51.24093182732756,-36.85350194136549,0.568985966327445,0.7169533342793677,0.961277580997526,45603760376.10344,137.7545385432415,candidate,DES-SL-simulated
DES-0251,DES-SL,14.06434466449554,-44.024553907304394,0.08931091130138609,0.29102721696821926,0.6515401837711116,47800865813.676254,171.30785381454473,candidate,DES-SL-simulated
DES-0252,DES-SL,5.570705191837231,-44.49598215928128,0.44047785531183714,1.862542098309926,0.8331878603445567,119756986604.25125,239.77779307597186,candidate,DES-SL-simulated
DES-0253,DES-SL,55.63593795788455,-32.0429194673819,0.6,1.0166511062789165,0.45479897231293565,50174770911.52708,210.06947857855135,candidate,DES-SL-simulated
DES-0254,DES-SL,6.198028668796793,-54.07056656641154,0.6,1.270541866998601,1.0689729705711015,163415777663.80576,247.28263859190074,candidate,DES-SL-simulated
DES-0255,DES-SL,26.842789358284044,-40.22610262130518,0.05,0.15000000000000002,0.7852254764823497,90443941931.14177,214.64587464145885,candidate,DES-SL-simulated
DES-0256,DES-SL,51.78161688897742,-47.49989750380889,0.05,0.4502423448886882,1.0217682676252908,168560375940.27573,256.88073535597175,candidate,DES-SL-simulated
DES-0257,DES-SL,2.6608117172160695,-50.7473673351396,0.11848441199924167,0.21848441199924168,1.4013199377172791,134741767387.74379,196.11574629199325,candidate,DES-SL-simulated
DES-0258,DES-SL,30.102179050580943,-32.964326341361954,0.05,0.8255847726325947,1.0490790182848675,69877765087.50966,163.22827773310593,candidate,DES-SL-simulated
DES-0259,DES-SL,22.886464926336533,-49.31499104056671,0.07756930707296668,1.3017936546129603,0.5078771943510347,64832919550.35526,225.9687740094749,candidate,DES-SL-simulated
DES-0260,DES-SL,28.588992471316224,-34.41810104164357,0.23951506307440434,0.8445671032185198,0.7643349092284997,120148864471.60532,250.75406564867083,candidate,DES-SL-simulated
DES-0261,DES-SL,58.19553441395661,-40.96640580733191,0.1990772338431903,0.5827608348528162,1.304281094992189,203721290279.17355,249.95544685201716,candidate,DES-SL-simulated
DES-0262,DES-SL,11.109902724972155,-41.19251162058313,0.05,0.5509075808893266,0.6928444706123451,82873577097.45251,218.73594684025397,candidate,DES-SL-simulated
DES-0263,DES-SL,28.86403145084842,-58.624439448758956,0.05,0.43090103708897215,0.41130252061286265,73448575141.29755,267.26432846634754,candidate,DES-SL-simulated
DES-0264,DES-SL,52.96870793204224,-54.47609930756445,0.05,0.5114808893266077,0.7157510397045034,53985643034.39719,173.69532965988662,candidate,DES-SL-simulated
DES-0265,DES-SL,57.58361028233768,-33.6302307672405,0.16497808012128054,1.0284427197278276,1.043091792087559,88066221110.4523,183.7694909480955,candidate,DES-SL-simulated
DES-0266,DES-SL,46.463912221035336,-52.12631091045329,0.3959554907024222,1.0757662683814355,0.45874387845029524,48379598733.26005,205.38843495859157,candidate,DES-SL-simulated
DES-0267,DES-SL,46.71274928536134,-34.337515361064604,0.22087733812137117,1.765012083511048,0.6523400779824037,49642770503.344635,174.47008415176555,candidate,DES-SL-simulated
DES-0268,DES-SL,53.29846484626232,-48.37254997689501,0.30643645119174445,0.711830607915113,0.9150611992817747,143149301802.8274,250.14944427644934,candidate,DES-SL-simulated
DES-0269,DES-SL,10.318224110612578,-47.37953288877215,0.20964062314103263,1.6781526546874816,0.6457414584362986,101894087463.95453,251.23211395184416,candidate,DES-SL-simulated
DES-0270,DES-SL,50.60642661988442,-52.951543114998216,0.6,1.3503238577704306,0.5725193644806158,53869943722.96668,194.00287516886095,candidate,DES-SL-simulated
DES-0271,DES-SL,1.6062351421876708,-57.24186192237487,0.05,1.3220582269188965,0.7515593265616687,87377645850.06961,215.64953756848936,candidate,DES-SL-simulated
DES-0272,DES-SL,59.49046129671012,-44.064036172754655,0.15091112923205238,0.5787725989485566,0.5059173524320545,43974991113.27268,186.46318066725365,candidate,DES-SL-simulated
DES-0273,DES-SL,26.72602051716181,-38.63253324467958,0.08869892639001052,1.6802840796502632,0.6131563600530786,41894218874.15422,165.31848839864688,candidate,DES-SL-simulated
DES-0274,DES-SL,3.358817091701183,-56.369528497540536,0.2521367082605999,1.815913783056053,0.8610757520530838,89276045359.53052,203.64642380593483,candidate,DES-SL-simulated
DES-0275,DES-SL,56.74427756413764,-37.57276091837669,0.6,1.2191148521350472,0.6680498763467956,69717716121.13237,204.31353008747377,candidate,DES-SL-simulated
DES-0276,DES-SL,16.190007197465658,-47.65961253355499,0.21040542956364428,1.5097684822387132,0.8438381135257549,108989540876.319,227.29654724325627,candidate,DES-SL-simulated
DES-0277,DES-SL,4.993062164404227,-32.54244347907725,0.05,0.15630886063056215,0.6198964227011077,49632819596.94377,178.95956048719026,candidate,DES-SL-simulated
DES-0278,DES-SL,47.99682291509291,-34.97233489244485,0.05,1.3214625393530641,0.7790228730350793,77380070313.95195,199.3285240753721,candidate,DES-SL-simulated
DES-0279,DES-SL,40.71235465286255,-42.52344910846199,0.22820836780773773,1.1053187634451231,0.4280809192009201,60811460053.202484,238.37448939075534,candidate,DES-SL-simulated
DES-0280,DES-SL,23.978308949636144,-54.33258430698914,0.10340482305876836,0.7058405535310774,0.611834463517451,105797359126.63647,262.99678594597583,candidate,DES-SL-simulated
DES-0281,DES-SL,33.36693248923279,-47.86033746286,0.05,0.5257335705905545,0.5072921234406479,54186072833.90703,206.70204544483914,candidate,DES-SL-simulated
DES-0282,DES-SL,1.786847239255256,-31.994270618501083,0.18673224687021875,1.8356628381145095,0.8498247020070223,115090827255.74667,232.7478490916308,candidate,DES-SL-simulated
DES-0283,DES-SL,40.328921215944426,-55.38764904012642,0.1731791738532004,1.126998467829968,0.6468182202932685,49778047330.76027,175.45178916167782,candidate,DES-SL-simulated
DES-0284,DES-SL,25.320315050743382,-32.388305054998895,0.08689488197345788,0.18689488197345788,0.5736747513422619,59805229651.42219,204.20515853470897,candidate,DES-SL-simulated
DES-0285,DES-SL,29.496800690419843,-59.446973708977744,0.05,1.7126383747152607,0.5926064805285439,115377635241.39966,279.0664412746736,candidate,DES-SL-simulated
DES-0286,DES-SL,53.31554967739752,-50.2178849301863,0.05,1.882938177835243,0.7826776286347551,75303688900.1191,196.17635507788398,candidate,DES-SL-simulated
DES-0287,DES-SL,2.013550898835068,-45.51139910350003,0.16911888734378946,0.9280055971120449,1.1126357921667362,118612390777.84879,206.4992659753162,candidate,DES-SL-simulated
DES-0288,DES-SL,2.4263298727596805,-33.2161993073802,0.15575285222037827,0.6854229667518348,1.058760496893148,139419462091.997,229.50535987647663,candidate,DES-SL-simulated
DES-0289,DES-SL,45.1095833055752,-46.50930979891981,0.5129234292356929,1.6774780448490416,1.015401403178385,228904772269.01642,300.28838869708215,candidate,DES-SL-simulated
DES-0290,DES-SL,38.63653832015462,-41.61435678109908,0.33706330679506274,1.8496094611395466,0.49916792612714994,48020474507.753654,196.1642594993186,candidate,DES-SL-simulated
DES-0291,DES-SL,0.08509320803492759,-43.20107558562471,0.23896961403820552,0.8626665190880589,0.6405088426379512,97177161046.79858,246.3482800192868,candidate,DES-SL-simulated
DES-0292,DES-SL,36.53429166180228,-39.366808933635554,0.37873819999879826,0.9271202230125297,0.7402458820928746,65152754040.02812,187.6326380923943,candidate,DES-SL-simulated
DES-0293,DES-SL,58.33558810450264,-43.24451540517525,0.3313495537757102,0.7933385246646877,0.8105595784701747,142332174053.97305,265.02635649600336,candidate,DES-SL-simulated
DES-0294,DES-SL,47.366303928927294,-54.61939922206344,0.22161329281511985,0.8298044364001572,0.6732089741242892,73843217330.07123,209.46446296075973,candidate,DES-SL-simulated
DES-0295,DES-SL,45.78116386894004,-54.94292566823662,0.09136819066727025,0.794632316802742,0.6969330203952543,66076337267.98562,194.7410267462928,candidate,DES-SL-simulated
DES-0296,DES-SL,56.760131600342866,-38.64288772676085,0.1753900533015998,2.03661428643575,0.49895854743722917,64132003199.80035,226.7436665400324,candidate,DES-SL-simulated
DES-0297,DES-SL,58.62871996802435,-36.10257179954558,0.05858477144453847,0.5204950965520672,0.6777472646238692,56873771315.50159,183.2112436037708,candidate,DES-SL-simulated
DES-0298,DES-SL,33.413438296385664,-36.38830038028901,0.10640703890775449,0.5797597867537898,0.6505568840086694,52213277051.41527,179.17517324431233,candidate,DES-SL-simulated
DES-0299,DES-SL,56.83362164080265,-31.37538818642466,0.10765090083201376,0.45088195745639337,0.6237911490805026,87314158194.59866,236.6206958303894,candidate,DES-SL-simulated
DES-0300,DES-SL,54.57153356173978,-35.16388861481478,0.12620617374051313,0.618132105908924,0.7350762569082088,60611828067.988686,181.61114201924659,candidate,DES-SL-simulated
DES-0301,DES-SL,59.56886773533232,-39.64719998973789,0.07789382921998621,1.0682168358198745,0.6267278247791194,48184225394.75248,175.36501159448753,candidate,DES-SL-simulated
DES-0302,DES-SL,11.565259313222374,-42.75732928033787,0.36378572204677795,0.7279827577621993,0.7970376730121331,75943778607.01926,195.2255575789248,candidate,DES-SL-simulated
DES-0303,DES-SL,3.350293252588463,-30.66829464382069,0.1688217876410449,1.7962037897855796,0.6462689539382475,90582989249.47498,236.7809033661196,candidate,DES-SL-simulated
DES-0304,DES-SL,34.09250044724945,-35.57367304851396,0.29626056979648013,1.2306425995701977,1.2245528692753007,45766353109.52001,122.26844222732852,candidate,DES-SL-simulated
DES-0305,DES-SL,47.43957156273665,-39.0858055816265,0.05,0.30371691629024744,0.6923534647264599,84474698462.27745,220.91712658747235,candidate,DES-SL-simulated
DES-0306,DES-SL,44.4965300366003,-39.197224739511796,0.08016112090923616,0.3453967824071218,0.8201368201888892,109692806746.87971,231.30015039997352,candidate,DES-SL-simulated
DES-0307,DES-SL,54.519333680421575,-35.744601802187674,0.17170413278889377,1.0509500639536011,0.5084912015354337,40754041127.39164,179.0497067328556,candidate,DES-SL-simulated
DES-0308,DES-SL,17.499526230056222,-56.302331401473545,0.07277066387216313,0.4370738260443827,0.7804398507742757,34651013325.90716,133.26565765007925,candidate,DES-SL-simulated
DES-0309,DES-SL,39.16134236045554,-56.36085886304509,0.10829141519110255,0.417965390377972,0.5199361369919073,71634561356.29741,234.75578165480457,candidate,DES-SL-simulated
DES-0310,DES-SL,29.427571509449276,-57.77642476842126,0.17090250990161765,0.5374943705168376,1.3027215047413088,72037286940.75674,148.7246236291366,candidate,DES-SL-simulated
DES-0311,DES-SL,57.77855654186914,-35.05395082659374,0.5542827131840128,1.023913893116688,0.6347497982002456,55710667603.23267,187.36906574828913,candidate,DES-SL-simulated
DES-0312,DES-SL,25.57685437527209,-56.06956336699157,0.12322854152231785,2.140729379660419,0.8617503505957339,56424727389.88867,161.8355753106673,candidate,DES-SL-simulated
DES-0313,DES-SL,59.10058486976678,-57.11248250286823,0.2958730442239999,0.7099626528555938,0.3787569976108125,54401668380.08075,239.69323254470544,candidate,DES-SL-simulated
DES-0314,DES-SL,18.580833861087353,-51.08648525616474,0.29609389142357584,0.7301448345085217,0.6592700179936373,99495256992.31651,245.69681231797637,candidate,DES-SL-simulated
DES-0315,DES-SL,37.08256872490534,-46.19801283126147,0.09328090887089695,1.3306052420480743,0.654223331895551,67524030277.54855,203.18711286263658,candidate,DES-SL-simulated
DES-0316,DES-SL,30.963049340507567,-49.62082536578922,0.2318546861111556,0.8855970673090334,0.6391789312677516,79553185056.34071,223.1246519935071,candidate,DES-SL-simulated
DES-0317,DES-SL,15.210371335500879,-32.43062023498804,0.2854006968374624,0.502132502314359,0.8959442118886096,91221773394.77951,201.8081806011455,candidate,DES-SL-simulated
DES-0318,DES-SL,33.17681361467354,-39.10382932836321,0.06944922714456758,0.7848090667013866,1.0026048485460115,84432206009.26935,183.53511304840606,candidate,DES-SL-simulated
DES-0319,DES-SL,37.11581769006609,-34.85552503870929,0.22324138830563842,0.6343802088813542,0.9398926550900992,114490261962.86896,220.73700329697454,candidate,DES-SL-simulated
DES-0320,DES-SL,53.286475140688324,-45.793810593033285,0.06157189174870543,1.0059522623862027,1.0185084170127574,59591970115.254326,152.982430407072,candidate,DES-SL-simulated
DES-0321,DES-SL,2.868663822148787,-52.60620391087485,0.14771691219969593,0.30060825067883046,0.860087787545301,36996304142.737366,131.17098374445527,candidate,DES-SL-simulated
DES-0322,DES-SL,53.653682564414815,-57.894101657768594,0.3962995215639133,0.577302364874007,0.9109307221446522,83813864496.8291,191.84268926718173,candidate,DES-SL-simulated
DES-0323,DES-SL,51.69795637473284,-55.478027781105894,0.4975576107582402,1.0575611365742312,0.7813588261934922,131792433587.48007,259.74666085539513,candidate,DES-SL-simulated
DES-0324,DES-SL,53.92158322812965,-30.069113440163594,0.15184629459144047,0.44581910091699584,0.9448284154992338,44284341261.979355,136.9236970843515,candidate,DES-SL-simulated
DES-0325,DES-SL,56.010112602146094,-58.95054379451539,0.3118318476264117,1.46843636704458,0.8304141600571696,164995117679.4227,281.91499030882915,candidate,DES-SL-simulated
DES-0326,DES-SL,12.25605319401119,-43.64292845023277,0.23458163430289614,0.948058743322156,0.48507918604715233,78593365131.48714,254.5755072349255,candidate,DES-SL-simulated
DES-0327,DES-SL,0.5523400434385795,-53.99337192634002,0.07674398569638928,0.30393949081667543,0.8403251890521711,65504641759.32231,176.58033754024297,candidate,DES-SL-simulated
DES-0328,DES-SL,11.360863417791517,-49.162716178769685,0.14532551344820258,1.422045564061641,1.2379748388233514,104257987529.29439,183.5391666433365,candidate,DES-SL-simulated
DES-0329,DES-SL,4.390505926080126,-57.31564851052748,0.15025437735371253,1.7516049854304128,0.48439000123721215,48707796420.43174,200.55414940014174,candidate,DES-SL-simulated
DES-0330,DES-SL,46.35158538975566,-52.03580325007053,0.23223913209484606,0.5831749612937513,1.021685483905233,133760933169.43546,228.84215514941073,candidate,DES-SL-simulated
DES-0331,DES-SL,20.885732850472444,-40.2782088151601,0.05,1.4929053086341846,0.7252306182481142,95925206496.42355,230.01613491088088,candidate,DES-SL-simulated
DES-0332,DES-SL,46.10189956155603,-51.33511710241174,0.05,0.24531055690515507,0.8177670881631696,105323905408.97824,226.97533139676807,candidate,DES-SL-simulated
DES-0333,DES-SL,4.417095692020901,-54.30910905449615,0.0645550591688207,0.2458119536084186,1.2783405627719093,68894635915.2081,146.82479918699306,candidate,DES-SL-simulated
DES-0334,DES-SL,50.83256925440331,-45.2417885217193,0.2498901927436503,0.9501724944657319,0.7897878885830962,87682275968.89326,210.73208689732255,candidate,DES-SL-simulated
DES-0335,DES-SL,28.421467937442028,-37.33638572024226,0.26463696667597675,0.8218837762630018,0.8402000966637426,101885454297.15752,220.23925292533085,candidate,DES-SL-simulated
DES-0336,DES-SL,10.790888904551949,-49.57807914748983,0.05,0.8352870078296282,0.5941972945952249,55930165508.72975,194.03841250506267,candidate,DES-SL-simulated
DES-0337,DES-SL,33.778890270915944,-54.384641730345294,0.08586470217219366,0.5840003417594117,0.535262002114158,74782252202.49144,236.39923066524014,candidate,DES-SL-simulated
DES-0338,DES-SL,23.476611324416734,-47.39596337450699,0.1838094280463546,1.4751777700101723,1.07036021329278,134475184766.08775,224.17443909392253,candidate,DES-SL-simulated
DES-0339,DES-SL,44.10694949042376,-51.28767233573261,0.28316889125149813,0.5914817935040293,1.0721843924140317,157726725912.0979,242.5760385041544,candidate,DES-SL-simulated
DES-0340,DES-SL,6.6300810736614,-35.116600807150064,0.10523030054688355,0.7836653856908792,0.5346695596138228,33812620452.552788,159.04743917047966,candidate,DES-SL-simulated
DES-0341,DES-SL,3.7991548183392565,-30.421149467957477,0.05,0.2338349735399795,1.243655523849492,229819298361.31952,271.8774521024119,candidate,DES-SL-simulated
DES-0342,DES-SL,43.75413056810165,-39.28342078801066,0.057035229733604385,0.21697295217099627,1.0514062556306594,52604288673.50498,141.46704876195983,candidate,DES-SL-simulated
DES-0343,DES-SL,28.03044800114679,-38.85527503827851,0.05,0.4623614361938218,0.7603760173007235,29055546097.412327,123.63183395143643,candidate,DES-SL-simulated
DES-0344,DES-SL,42.31133873504128,-43.87926752319369,0.333909929929235,2.5,0.8465318332509528,66200060770.737335,176.86322614398,candidate,DES-SL-simulated
DES-0345,DES-SL,9.398050871431124,-40.818273422909954,0.1203227845222551,0.29964208021975536,0.7257380573294241,118927428108.67206,256.0242250488551,candidate,DES-SL-simulated
DES-0346,DES-SL,0.9248975069044607,-56.7829259469143,0.22379073048547968,0.6520992655550703,0.844050781325842,31755721419.46827,122.67517868833576,candidate,DES-SL-simulated
DES-0347,DES-SL,52.22431019652599,-54.88700394360012,0.13838954753259503,1.3577000767143077,0.9430796181130483,88232999499.61383,193.4511598418376,candidate,DES-SL-simulated
DES-0348,DES-SL,35.18184847937715,-57.68119520548603,0.3124781758886738,0.7734550370392956,0.665010921980987,100269092953.04442,245.58348032579255,candidate,DES-SL-simulated
DES-0349,DES-SL,26.00285088689645,-46.23250427103794,0.3434183610367678,0.4703892027030091,1.2050542176314487,130222956467.09343,207.9076538493049,candidate,DES-SL-simulated
DES-0350,DES-SL,5.925178120901302,-57.91224457811073,0.2498417007871442,0.5947422248643601,1.078438817719687,114783414116.92708,206.33448054999542,candidate,DES-SL-simulated
DES-0351,DES-SL,46.00186943000895,-35.641732460945846,0.26036332607304336,1.5673642692859664,0.9698830004321156,90094125496.27177,192.76072854780926,candidate,DES-SL-simulated
DES-0352,DES-SL,23.327707137684158,-56.426998271719334,0.16514581400550063,1.2750577431616061,0.34877049585562364,62517886797.34937,267.7702173746598,candidate,DES-SL-simulated
DES-0353,DES-SL,0.5264853037150696,-59.948255336704776,0.6,1.3460126606772032,0.6703926672742027,76332074501.72183,213.41203189411974,candidate,DES-SL-simulated
DES-0354,DES-SL,10.527298211816461,-35.813710344827,0.05,0.5382011216992404,1.125484693430086,101216975899.91214,189.66486138497208,candidate,DES-SL-simulated
DES-0355,DES-SL,59.73295588437415,-57.08237352433403,0.5060318318524997,1.9722465722480453,0.7811747572260942,77352142937.50214,199.0178682203817,candidate,DES-SL-simulated
DES-0356,DES-SL,56.98796120772018,-55.449991189271394,0.25953823027029127,1.672936622499297,0.7404768415831753,101468224304.69081,234.12041515161147,candidate,DES-SL-simulated
DES-0357,DES-SL,12.565703168336013,-31.533551253016086,0.31296066247483156,0.7640692854312627,0.9636826097475247,57907865633.17658,155.0357175711416,candidate,DES-SL-simulated
DES-0358,DES-SL,21.488811984101588,-54.211966911216145,0.1372520085364473,0.7009788683372169,0.5308151210217591,84312448121.39621,252.06015711452406,candidate,DES-SL-simulated
DES-0359,DES-SL,38.19266931460345,-39.319796531021865,0.20091695166156992,2.2398577051331836,0.6887312440211742,88697666704.58327,226.96620748636474,candidate,DES-SL-simulated
DES-0360,DES-SL,14.713797493900728,-36.95902637237753,0.25694014645575713,1.257939784195535,1.0096048721047919,111331456155.82823,210.02124156550883,candidate,DES-SL-simulated
DES-0361,DES-SL,42.29017185104019,-55.33796613782954,0.1498401386235781,2.4979561883612487,0.7231728387287925,62820360031.9646,186.40568487137665,candidate,DES-SL-simulated
DES-0362,DES-SL,14.32204828193871,-53.20338454421126,0.10668062406131998,0.38922558693809184,1.4355461686346642,117031160212.5941,180.58104783399557,candidate,DES-SL-simulated
DES-0363,DES-SL,2.930497399244636,-33.66175308001182,0.2378803451265676,1.599548143144168,1.3869357510180598,139107330421.9855,200.29810118970718,candidate,DES-SL-simulated
DES-0364,DES-SL,22.2951504547521,-51.09443897160045,0.3500046714751915,0.802781715785899,0.6996067992227347,79998225973.55891,213.86669741995829,candidate,DES-SL-simulated
DES-0365,DES-SL,59.25574647079686,-48.8259915652298,0.2601429891809585,0.4853055226260444,0.6784699108200746,39276666945.11002,152.17104135600633,candidate,DES-SL-simulated
DES-0366,DES-SL,21.832823617613,-56.127109504211,0.13427986758332505,0.3983183692230946,0.5402362200104528,67486574184.459114,223.53567196415133,candidate,DES-SL-simulated
DES-0367,DES-SL,19.72998281287142,-33.70712175472695,0.16957849864714036,1.3142686389001201,0.9035819490371508,111650698717.55492,222.31918674587791,candidate,DES-SL-simulated
DES-0368,DES-SL,46.176009077683936,-31.137738658883308,0.17299477814479144,0.9639747348622416,0.9841929787822431,149216162708.93533,246.2622244691148,candidate,DES-SL-simulated
DES-0369,DES-SL,49.5023346374017,-34.68345103003104,0.18247601445423536,0.8362527591633715,0.9797633507182946,120732765023.49576,222.01482435859685,candidate,DES-SL-simulated
DES-0370,DES-SL,50.191211666854734,-35.56476095608406,0.13783365531813938,0.26955349468833195,0.5972142718887986,67894225537.341606,213.246212423325,candidate,DES-SL-simulated
DES-0371,DES-SL,31.60136153558107,-32.1986146407668,0.6,1.1495335359732315,0.6853782980451537,80492987113.67085,216.74238278621993,candidate,DES-SL-simulated
DES-0372,DES-SL,1.7423269595864666,-58.784979405542416,0.4864153809456844,0.950459501950716,1.1973871660327022,159493108751.11542,230.82543239377384,candidate,DES-SL-simulated
DES-0373,DES-SL,13.485614259529168,-41.60843922391564,0.4288122690411347,1.448015897041088,1.2257873047028052,275281294763.2917,299.716593066694,candidate,DES-SL-simulated
DES-0374,DES-SL,5.967695847131392,-48.58272175865679,0.24882667458636382,0.8839978753530122,0.7474093795546639,106921045432.75917,239.21164744816892,candidate,DES-SL-simulated
DES-0375,DES-SL,43.17009930286595,-46.73688761376663,0.05,1.477693322595786,0.8591764159864971,84670074801.89488,198.54264062937523,candidate,DES-SL-simulated
DES-0376,DES-SL,20.921873721698198,-47.99551338282465,0.17478774401965783,1.372508389622765,0.9235879213794068,100641419243.94023,208.77536404299644,candidate,DES-SL-simulated
DES-0377,DES-SL,22.341977893716162,-48.852806744514,0.1480944045170023,0.6603272959274752,0.9592499072103614,93435107659.28229,197.38727791152687,candidate,DES-SL-simulated
DES-0378,DES-SL,35.10599391269917,-53.55386478452596,0.2638850639953453,0.5320893874723609,0.6502100174354528,63410232686.53246,197.5071585388567,candidate,DES-SL-simulated
DES-0379,DES-SL,24.713897856596194,-57.79847950043974,0.18117593574317706,0.509551566535869,0.5785538395085401,43522074414.400505,173.4654149009971,candidate,DES-SL-simulated
DES-0380,DES-SL,4.3139651194497635,-38.52978669433982,0.30099673715761543,0.7480785357042599,1.2660630636927666,253184536918.2338,282.8270314601091,candidate,DES-SL-simulated
DES-0381,DES-SL,54.13321719242245,-58.506984102342734,0.1337487430130056,0.703826651642274,0.6862444396704607,96047793461.1125,236.61064118588882,candidate,DES-SL-simulated
DES-0382,DES-SL,37.836508299036566,-31.97533968620981,0.1499024524420335,0.6312623420277573,0.7219865601194005,78922014403.23526,209.10504927665374,candidate,DES-SL-simulated
DES-0383,DES-SL,28.282089342089435,-31.31222405917856,0.05,0.5159004186140379,0.8879485395372898,57053259946.242966,160.31580099732543,candidate,DES-SL-simulated
DES-0384,DES-SL,21.648409574745074,-35.20922369474988,0.05,0.8354864650108964,0.8043874264499283,157281045332.50632,279.6633479344849,candidate,DES-SL-simulated
DES-0385,DES-SL,9.069717491293591,-41.654052161556784,0.1662983520549974,0.5841705376929835,1.0248267471640629,61441902285.26851,154.8592303537965,candidate,DES-SL-simulated
DES-0386,DES-SL,17.093318334183664,-47.501044496417656,0.23724420301758709,2.5,0.9605102911624189,54708662892.271545,150.94093460129676,candidate,DES-SL-simulated
DES-0387,DES-SL,7.585573629301683,-37.17577375706769,0.3775339740804622,0.7266113255143327,0.5085755488829926,116949724751.91518,303.28564813515857,candidate,DES-SL-simulated
DES-0388,DES-SL,2.4961940013192807,-38.35568751797949,0.24675588447634234,1.7037561931618157,0.7706599176891151,94758778901.94337,221.77282955457906,candidate,DES-SL-simulated
DES-0389,DES-SL,24.690696173952624,-54.484628193321065,0.23638250322075677,1.5928854263187822,0.8262267303442651,51894374525.806175,158.50410562445512,candidate,DES-SL-simulated
DES-0390,DES-SL,13.180480679682445,-45.54167161821837,0.18630016624336357,0.3848394205969582,0.6266997981140289,74540926760.2613,218.12106638240428,candidate,DES-SL-simulated
DES-0391,DES-SL,44.03183903963892,-30.157389358140854,0.2110183602429839,1.6777853753434857,0.6936491640026751,56265213196.31169,180.12751037284394,candidate,DES-SL-simulated
DES-0392,DES-SL,5.340967484033772,-51.84784450546555,0.26933999977692213,1.0840778861450586,1.398943326850015,162583824520.15497,215.60985270334007,candidate,DES-SL-simulated
DES-0393,DES-SL,23.45001295603331,-34.76074945500895,0.41049024038844284,1.676249639184674,0.654652315368184,35484527611.66629,147.24622029605356,candidate,DES-SL-simulated
DES-0394,DES-SL,46.65855418066135,-45.21753311611987,0.1347020919447741,1.1898131779319447,1.1873927059277545,42746137413.39916,120.0,candidate,DES-SL-simulated
DES-0395,DES-SL,19.965822920140763,-51.699901734627545,0.0817290606992531,0.8468310826721146,0.9566486392396812,66896020205.01261,167.24529438844579,candidate,DES-SL-simulated
DES-0396,DES-SL,36.15797527713809,-54.46394847790068,0.09937916858076166,0.20673907393750302,1.276350349227084,152221575944.1707,218.41534746636242,candidate,DES-SL-simulated
DES-0397,DES-SL,45.476264376369954,-41.464225378132326,0.09827296140167552,1.4042200696756355,0.8459325547671082,152271712585.5937,268.3315519386601,candidate,DES-SL-simulated
DES-0398,DES-SL,13.106294699320822,-43.727696139650746,0.4825608366224814,0.7195227807401168,1.138440956329225,193975308506.172,261.0645876690044,candidate,DES-SL-simulated
DES-0399,DES-SL,13.029320009463898,-30.47250700526129,0.2462044727359801,1.1153077398494649,0.8289093440267756,52902497860.44409,159.77711207676472,candidate,DES-SL-simulated
DES-0400,DES-SL,8.753354788997235,-43.408864680311964,0.05385271585615305,1.8120013383608071,0.8455965230577428,83584781798.02946,198.8437788415646,candidate,DES-SL-simulated
DES-0401,DES-SL,10.245273059771785,-58.89876051586115,0.27248810494000336,0.5888178499343295,0.7053242519489767,78487302654.34198,210.97708583181793,candidate,DES-SL-simulated
DES-0402,DES-SL,43.002816576115606,-56.69301273836302,0.10888748449506594,0.9530449659866508,0.7692677516310751,102409006333.08096,230.759882086594,candidate,DES-SL-simulated
DES-0403,DES-SL,49.764013211936145,-54.27623203572484,0.26968202019709187,1.553117574691166,0.7294847848575086,50527733675.47979,166.4511447203805,candidate,DES-SL-simulated
DES-0404,DES-SL,12.218918467396644,-40.68006139108579,0.4394979447952086,0.5394979447952086,1.7055172686656446,177997101368.75787,204.31883335126855,candidate,DES-SL-simulated
DES-0405,DES-SL,3.155488274440712,-43.485225916022465,0.10103645410341178,0.2983976742615881,0.8247732137641413,140985743019.00726,261.4871312306362,candidate,DES-SL-simulated
DES-0406,DES-SL,5.741172438354376,-49.362965366515475,0.05,1.020199299327016,1.7464766422614388,232334967680.5404,230.67784949873976,candidate,DES-SL-simulated
DES-0407,DES-SL,1.1079542935941578,-58.14074892031442,0.6,1.0331546147764494,1.04893346329831,187649827613.18826,267.5038951825558,candidate,DES-SL-simulated
DES-0408,DES-SL,25.645864269612858,-56.59805017965274,0.23921288575816865,2.5,0.4627182805584623,53795646378.84087,215.64789935169844,candidate,DES-SL-simulated
DES-0409,DES-SL,32.23249076369332,-46.80537786500267,0.05,2.5,0.8934740837120905,101018183675.51228,212.66146117613067,candidate,DES-SL-simulated
DES-0410,DES-SL,53.051668273702155,-59.478337712236986,0.1243048023014862,0.6151639623018776,0.9602169248019248,102126980502.51282,206.26026112125277,candidate,DES-SL-simulated
DES-0411,DES-SL,30.852430468637174,-34.92580891146492,0.38832400347450147,1.7244679946179584,0.7845813750539602,40946471747.24201,144.48382862403875,candidate,DES-SL-simulated
DES-0412,DES-SL,46.49099079204594,-37.805350969032105,0.6,0.7,0.6504132614594609,42483905732.62623,161.63950809076022,candidate,DES-SL-simulated
DES-0413,DES-SL,50.21633068859737,-51.30188719012867,0.28751052416179085,1.9889587240479998,0.6625386666562181,28350524255.47398,130.8292730047367,candidate,DES-SL-simulated
DES-0414,DES-SL,49.68329837815637,-39.840363857930214,0.25614857756388726,0.7967969873832101,0.4827973921781494,65332303142.05772,232.654534853111,candidate,DES-SL-simulated
DES-0415,DES-SL,26.597159164754373,-46.598353320303794,0.05,0.6447942147170443,0.7169971361138224,56218391025.95432,177.09670915886818,candidate,DES-SL-simulated
DES-0416,DES-SL,7.911119378603817,-44.76948526094747,0.05,1.4165069372359413,0.9314147170448126,172149822997.88895,271.9015842293583,candidate,DES-SL-simulated
DES-0417,DES-SL,25.66207024915431,-38.952019503012096,0.1885843694484789,1.827643938935117,0.6949726642867008,43391347856.22168,158.0329709523173,candidate,DES-SL-simulated
DES-0418,DES-SL,21.546596578055826,-53.08875532901928,0.09492333252005046,1.0253438761786116,0.9658758794143791,107662337374.94545,211.15493570989105,candidate,DES-SL-simulated
DES-0419,DES-SL,23.964018106697687,-34.933821622757236,0.1961470959056354,0.4866994210933889,0.9642257649622428,106884909437.7628,210.57112938507188,candidate,DES-SL-simulated
DES-0420,DES-SL,41.00716460526302,-42.36198800897206,0.39840552849571276,1.3168799152690185,0.4845458436433519,81726792108.96227,259.7435582346742,candidate,DES-SL-simulated
DES-0421,DES-SL,2.5702392713399047,-39.72627109116045,0.343325429143574,0.8324101730366004,0.5920678136305643,24524672785.26473,128.71995530970463,candidate,DES-SL-simulated
DES-0422,DES-SL,44.30349821616345,-36.77353325500924,0.05,0.4262038522499991,0.9384395637878498,33783824296.36259,120.0,candidate,DES-SL-simulated
DES-0423,DES-SL,53.38282320746385,-46.87916125312156,0.06572193610910351,0.5026234322694182,1.4372618564478579,162936439279.44672,212.94681867557452,candidate,DES-SL-simulated
DES-0424,DES-SL,9.607694411078413,-59.76809197978953,0.08743783417989702,0.6230453151632596,0.7726224323027847,111031183952.30742,239.75563566516863,candidate,DES-SL-simulated
DES-0425,DES-SL,48.53563843306748,-46.42399067912098,0.0745236647425649,0.8187313881435132,0.48683240175781295,23631013667.49294,139.3418055118189,candidate,DES-SL-simulated
DES-0426,DES-SL,7.099444380188292,-36.576802953384316,0.5046669644002924,1.1385819620572404,1.343603606361183,218848298830.9976,255.25014811527802,candidate,DES-SL-simulated
DES-0427,DES-SL,15.940707930170234,-31.92600505412126,0.6,1.1003561816368579,0.585807593789553,169558203790.4418,340.2607858713,candidate,DES-SL-simulated
DES-0428,DES-SL,20.26534568961512,-57.85048157305546,0.1939592627512081,1.1082208178299922,0.9203361749625601,97581494998.0582,205.93989309449285,candidate,DES-SL-simulated
DES-0429,DES-SL,12.065009304362757,-56.2672986927836,0.5286397923974285,1.0774694986217526,0.6658937903050083,94384643846.18182,238.1103009164526,candidate,DES-SL-simulated
DES-0430,DES-SL,8.998621449092681,-36.482628582382986,0.05,1.8070729969128736,0.980856470586887,125592977518.73717,226.3132301376795,candidate,DES-SL-simulated
DES-0431,DES-SL,23.303590823033215,-44.90385989775108,0.39506899001979345,1.884266938651104,0.6779741675487053,48182536589.381065,168.60414699417447,candidate,DES-SL-simulated
DES-0432,DES-SL,36.17068480718105,-30.005845675985956,0.05,0.42160401250736046,0.7003325178235863,142399226314.00284,285.1882738249647,candidate,DES-SL-simulated
DES-0433,DES-SL,12.31403560681855,-39.14011780642299,0.6,0.8753394834423898,0.5496289163963783,100113185115.026,269.92359434855274,candidate,DES-SL-simulated
DES-0434,DES-SL,27.163525597796397,-36.19965516417072,0.09821569862310363,1.2301495449918851,0.9076344381901192,46608731281.785164,143.32044679618878,candidate,DES-SL-simulated
DES-0435,DES-SL,23.9177376986445,-37.2508285946012,0.2500958536525877,0.4446846346271668,1.0237096007816597,133276430924.65358,228.20138952827435,candidate,DES-SL-simulated
DES-0436,DES-SL,4.9981549867077835,-54.43259289649334,0.523726693207086,1.3462523043381185,0.4944731662386527,83241496600.80646,259.49474730990613,candidate,DES-SL-simulated
DES-0437,DES-SL,50.9251480001306,-44.654413276113786,0.16266553104932577,1.0894274046581571,0.5970207363139098,57790473810.68095,196.77205235036027,candidate,DES-SL-simulated
DES-0438,DES-SL,52.871354213658535,-50.873864455949885,0.20680710974398903,0.30680710974398906,0.75038163107032,89657000988.57306,218.61552612674706,candidate,DES-SL-simulated
DES-0439,DES-SL,48.43885804614314,-48.48375139697167,0.30591429796336983,0.7849666657574677,1.0889829087281222,200074976974.35742,271.0914694174579,candidate,DES-SL-simulated
DES-0440,DES-SL,34.95605620706996,-55.70069891173168,0.33882659584183655,0.8938179351847395,0.4104673937171755,43940927931.819695,206.93086623644018,candidate,DES-SL-simulated
DES-0441,DES-SL,53.418551866473855,-45.84698546550529,0.1826547522407861,0.9902833759393096,0.6178373882050197,59057881859.385025,195.53830041665137,candidate,DES-SL-simulated
DES-0442,DES-SL,9.09663827582856,-57.237585206291406,0.17011034233299624,0.9139802931971446,0.6635025278043771,45043296878.402214,164.7873197559545,candidate,DES-SL-simulated
DES-0443,DES-SL,56.70968743067382,-32.00717780670438,0.22831620672044942,0.6686032064516177,0.819521329627759,68733909110.65149,183.16200423090868,candidate,DES-SL-simulated
DES-0444,DES-SL,20.549999580488244,-57.694516144162975,0.18039796067275918,0.6094161845280887,1.4713848948201098,140207721225.6634,195.23281417591386,candidate,DES-SL-simulated
DES-0445,DES-SL,6.008597264301068,-35.77503805030018,0.11396299932163703,0.21396299932163704,1.091996738334836,89019528177.46053,180.57680685843783,candidate,DES-SL-simulated
DES-0446,DES-SL,24.00872803707355,-42.21443985323336,0.6,1.4911451376033915,0.4651383242763423,50561292001.212944,208.52014353587427,candidate,DES-SL-simulated
DES-0447,DES-SL,3.460997075012626,-54.40783757795667,0.11769200122976846,0.6413657112093031,0.6450449384503038,84614324226.07487,229.06406048399347,candidate,DES-SL-simulated
DES-0448,DES-SL,44.65411550623433,-32.89976958879616,0.10617374583812247,1.0173944265502455,0.6891099709099633,127964990435.3215,272.54066608928224,candidate,DES-SL-simulated
DES-0449,DES-SL,2.140464981631942,-44.594337692625494,0.6,0.937606200170056,0.623217075677463,106550551708.03137,261.5099242911933,candidate,DES-SL-simulated
DES-0450,DES-SL,20.542905960551302,-52.000210248353966,0.16167809630680452,0.584429118440201,0.8652055338134607,60725246979.64519,167.55407568102999,candidate,DES-SL-simulated
DES-0451,DES-SL,49.15912574081788,-38.67998262171494,0.07285603301017182,0.40053248319070467,1.3158954138970425,167184683180.66867,225.43303203548876,candidate,DES-SL-simulated
DES-0452,DES-SL,51.04835747804694,-31.36864199337321,0.09772116748462822,2.305198986749221,0.8106077040088933,41581850287.568146,143.24403215524126,candidate,DES-SL-simulated
DES-0453,DES-SL,20.007421231898835,-46.75443910467405,0.2813252991722593,0.6938872097809488,0.32587039692302355,41583803520.904045,225.9277857469642,candidate,DES-SL-simulated
DES-0454,DES-SL,47.16692686818794,-54.922572076713166,0.05,0.3185484881082937,1.1014699045067489,76183402845.21246,166.33125391968625,candidate,DES-SL-simulated
DES-0455,DES-SL,17.372564867622295,-44.289048411860726,0.41446036069372727,1.0396713517269927,1.2713562547047026,96580303189.35095,174.31736236562568,candidate,DES-SL-simulated
DES-0456,DES-SL,30.651141897827877,-53.57651269761193,0.5895795790326689,0.8216938829668543,0.6270089947037432,107711481058.98775,262.13445530705013,candidate,DES-SL-simulated
DES-0457,DES-SL,54.77152139786324,-53.9335473762308,0.1192914318933466,0.8962530751539802,1.5650969513289648,168643118055.09286,207.6078087424838,candidate,DES-SL-simulated
DES-0458,DES-SL,24.07288966267973,-36.13309912493191,0.05,0.6749472025513972,1.04460150327807,117240659374.13408,211.88187065529024,candidate,DES-SL-simulated
DES-0459,DES-SL,32.36559087457418,-34.1789390237355,0.09290935401300165,0.4611128764546903,0.517640264914987,85024258099.57018,256.32289281608945,candidate,DES-SL-simulated
DES-0460,DES-SL,53.55937172012883,-54.39496781116251,0.1159778083493113,0.6680698935208852,1.0286637861713732,37031896302.16943,120.0,candidate,DES-SL-simulated
DES-0461,DES-SL,34.65947976396042,-46.84023946778689,0.08850295992129362,0.6829099574002977,0.8445133501671542,114759783555.73581,233.1425789700817,candidate,DES-SL-simulated
DES-0462,DES-SL,15.649864801500526,-36.02318681125419,0.11085075473886993,0.7067692464836732,0.6841897460176791,99761416197.97945,241.50327133468082,candidate,DES-SL-simulated
DES-0463,DES-SL,55.41616007867507,-36.510349282027924,0.43482893980977294,1.3281091584916263,1.132143037969574,139624317859.60193,222.10578874971935,candidate,DES-SL-simulated
DES-0464,DES-SL,27.960210861180773,-40.90076893923816,0.4171122300558114,1.2384852580973726,0.5624875586754127,26607350166.35015,137.55435593953408,candidate,DES-SL-simulated
DES-0465,DES-SL,45.13865824040736,-48.744708050606924,0.43128056944698073,2.3234248789636074,0.5802570846679208,118288736437.30461,285.55611593267224,candidate,DES-SL-simulated
DES-0466,DES-SL,44.52555555349467,-39.11562225184377,0.3691561154316497,0.7589336661040664,1.1069600353249442,89956251039.8814,180.2933459698586,candidate,DES-SL-simulated
DES-0467,DES-SL,54.02256134085595,-53.443546154383114,0.5244252410539426,0.873618292140545,0.5372956275365033,63766975880.98884,217.88194982999133,candidate,DES-SL-simulated
DES-0468,DES-SL,55.87348555073388,-34.48911637026448,0.09104081928771567,0.8622078430384066,0.7230683940494858,107773191412.59541,244.17189747252536,candidate,DES-SL-simulated
DES-0469,DES-SL,35.16663215388811,-36.51792868919425,0.08456420789227907,0.8254964946853324,0.5096199270389318,40620768802.78368,178.55863791335364,candidate,DES-SL-simulated
DES-0470,DES-SL,56.23572268667042,-42.41196470420196,0.17329526656264022,1.605508251795448,0.8230493352524563,82139674765.86548,199.79911070844736,candidate,DES-SL-simulated
DES-0471,DES-SL,4.596216978822603,-38.822799920200254,0.05,1.1088871322937757,0.9352047382014493,47979880840.39071,143.25382569459563,candidate,DES-SL-simulated
DES-0472,DES-SL,37.331858776807984,-59.63587625054399,0.23188436546328076,1.2010429652706385,0.8566829650207385,116768878473.0256,233.49817181611232,candidate,DES-SL-simulated
DES-0473,DES-SL,55.620726775504835,-48.048669730217085,0.47284357501977525,0.9898596544958448,1.1168856960523246,66481427906.387314,154.30350834118127,candidate,DES-SL-simulated
DES-0474,DES-SL,37.46402924832978,-39.6192363023506,0.1253417985749142,0.767553972984682,0.7251757615128224,109708266756.86115,245.99599286208618,candidate,DES-SL-simulated
DES-0475,DES-SL,12.030571413053249,-33.33336181030552,0.26559429387013844,0.9383636197634597,0.9244528747735065,92464849185.7858,200.02115918966658,candidate,DES-SL-simulated
DES-0476,DES-SL,53.86986477608517,-55.51207031557325,0.05,1.1886061903422294,0.6666523753432219,25532214678.790955,123.77260284303246,candidate,DES-SL-simulated
DES-0477,DES-SL,48.133279138278105,-44.11551352861818,0.06477427152340327,0.27737103637232935,0.8936617449692926,137352699353.51173,247.94880034948298,candidate,DES-SL-simulated
DES-0478,DES-SL,17.07932360961552,-50.466437742394085,0.0749822128859162,0.8582073542082659,1.2939631561525855,217970958629.1611,259.5782842295067,candidate,DES-SL-simulated
DES-0479,DES-SL,45.17691597978664,-55.45553660910126,0.05927601431256339,0.15927601431256339,0.739341243197639,49252664386.215454,163.2384241337811,candidate,DES-SL-simulated
DES-0480,DES-SL,42.563444715067725,-31.948674108278084,0.2948378139032848,0.6165113976664478,0.8419807332688313,127468064778.34384,246.08186805904734,candidate,DES-SL-simulated
DES-0481,DES-SL,58.74673018468814,-42.13492198281577,0.05,0.36176359614971915,0.7796558134021436,87853689256.07222,212.3041759758284,candidate,DES-SL-simulated
DES-0482,DES-SL,35.82904226898884,-46.273637778797635,0.05103942973380218,0.1510394297338022,0.7246380222762772,114386156691.5577,251.278985931186,candidate,DES-SL-simulated
DES-0483,DES-SL,14.27544973469901,-30.340303352579625,0.05,0.5874629441901106,0.5265374202283805,30978022360.096825,153.4059552990429,candidate,DES-SL-simulated
DES-0484,DES-SL,49.04858635829524,-48.93346132877983,0.20388687125265323,1.038520304870952,1.1038365194985567,203425312920.1786,271.5064260024127,candidate,DES-SL-simulated
DES-0485,DES-SL,50.18675377557677,-58.357810922701894,0.3063401531083711,0.6283454590345456,0.8428498103875599,101094677942.96109,219.03778824123472,candidate,DES-SL-simulated
DES-0486,DES-SL,32.790102833872986,-31.392793877631078,0.12923663962199877,0.2826734777732312,0.9243252547116186,148239488356.5614,253.27920816909077,candidate,DES-SL-simulated
DES-0487,DES-SL,48.904439440956594,-34.393493161250504,0.35638144436804897,1.8235214823215484,0.5773035880272491,70056680230.56754,220.319351255461,candidate,DES-SL-simulated
DES-0488,DES-SL,24.446139165968628,-48.29885167037085,0.05,0.47476240062064384,0.7828236797456596,52600628747.05466,163.9432296134088,candidate,DES-SL-simulated
DES-0489,DES-SL,56.316018947683645,-40.11590740872792,0.4740197230357333,0.8130439287366427,1.1940969974032842,100546054957.42401,183.52393398904618,candidate,DES-SL-simulated
DES-0490,DES-SL,46.6875396771913,-33.18064824350675,0.07593146680049699,0.3366781241102131,0.7827930928129041,64231223928.00574,181.16721243180098,candidate,DES-SL-simulated
DES-0491,DES-SL,36.54723733279781,-59.805314358390085,0.36616354677812507,0.7823789105012715,0.9719843883704471,153606313952.18652,251.42293087795554,candidate,DES-SL-simulated
DES-0492,DES-SL,31.64616509575368,-44.5634072599866,0.21497452311710452,0.535482304391039,0.9164193134499485,89836781504.29317,198.02041723170788,candidate,DES-SL-simulated
DES-0493,DES-SL,17.060634589187597,-40.38168983460221,0.6,1.7067401263425022,1.0219174974117613,176625839113.5566,262.93548252771546,candidate,DES-SL-simulated
DES-0494,DES-SL,38.618027287177235,-52.68848603497421,0.05,0.5944456220526435,1.116803404336333,95744382685.21149,185.18179214536588,candidate,DES-SL-simulated
DES-0495,DES-SL,55.12342496002983,-33.09745906160806,0.05,0.7103853725154126,0.6133978815177927,47087522887.76501,175.2313399656105,candidate,DES-SL-simulated
DES-0496,DES-SL,30.89894422174835,-50.345174754927605,0.1536364607612797,0.3323914878793698,0.7499011101039622,92451521267.9583,222.06751274198882,candidate,DES-SL-simulated
DES-0497,DES-SL,10.01843242035324,-42.73268622904739,0.6,0.9868586621507961,0.7671890030063762,108008763981.06229,237.30577612768357,candidate,DES-SL-simulated
DES-0498,DES-SL,12.383204534890845,-43.47262080156342,0.13199331085057503,0.4691431093448095,1.1216340146188064,223133893595.26965,282.0896694576036,candidate,DES-SL-simulated
DES-0499,DES-SL,42.501536162319674,-40.18840679185968,0.1305158845600774,0.4597899509230205,0.6333578673292468,90432161257.3602,238.98292153307503,candidate,DES-SL-simulated
DES-0500,DES-SL,20.478554429393604,-31.001550232073573,0.43928951709382813,1.2447954659003324,0.9816253492123042,161934551574.02527,256.87797836945686,candidate,DES-SL-simulated
DES-0501,DES-SL,40.85867575270582,-43.42096254512418,0.5365812143849878,1.3638806904487628,0.7122273727363961,105916362465.07289,243.89460508872708,candidate,DES-SL-simulated
DES-0502,DES-SL,32.778574282757944,-38.92081607979948,0.40634224829705096,0.8820189252107359,0.4417452881925652,40455191651.61063,191.39525389305703,candidate,DES-SL-simulated
DES-0503,DES-SL,36.52382895509092,-33.71330120605077,0.05309326679305173,0.4798076704855338,0.7830026025467413,77214659678.1926,198.60870227428623,candidate,DES-SL-simulated
DES-0504,DES-SL,25.752646772501983,-33.07983103293694,0.5316041129671913,1.3886132810146694,0.9216566083359853,137228776083.98982,244.043935544402,candidate,DES-SL-simulated
DES-0505,DES-SL,14.402305125848986,-38.12690149215371,0.09021387680018356,0.7834398983006864,0.7892620414370275,40592723893.8993,143.43115142174747,candidate,DES-SL-simulated
DES-0506,DES-SL,6.577499179800137,-45.303175736075254,0.07334368923880262,1.2313778007952538,0.9484007066595891,108747938705.80737,214.16306719231895,candidate,DES-SL-simulated
DES-0507,DES-SL,3.3234438012563516,-41.509310292029255,0.1282336449660568,1.0050771052040028,0.6900377139200831,58252520703.00779,183.75998353111007,candidate,DES-SL-simulated
DES-0508,DES-SL,35.19858074673807,-32.55554552426317,0.35025267916894975,1.3736592173052242,0.9780659240162493,94351855852.21002,196.4360329839787,candidate,DES-SL-simulated
DES-0509,DES-SL,54.223495222428454,-54.6829140668294,0.1206452170023655,0.3858882223051805,0.814954375429704,140953705482.50766,263.02776607095495,candidate,DES-SL-simulated
DES-0510,DES-SL,42.45230937688042,-41.34350515635201,0.18608835720134823,0.5002150963085631,0.7178679070477051,27444373915.83259,123.66146591126682,candidate,DES-SL-simulated
DES-0511,DES-SL,2.657725859819544,-42.32819539424126,0.05,1.550537543602285,0.6339677076069593,68998710830.69188,208.6492920578444,candidate,DES-SL-simulated
DES-0512,DES-SL,43.38206585104774,-48.202606056238864,0.09724346695492687,1.132371911627177,0.9839684275720721,114089319028.1819,215.3584455701074,candidate,DES-SL-simulated
DES-0513,DES-SL,21.78770657076432,-52.287545344458955,0.08028890174912169,0.1802889017491217,0.859993396755297,120942121740.52159,237.17626686675186,candidate,DES-SL-simulated
DES-0514,DES-SL,28.294955765653956,-36.623846557833495,0.10866950420431798,0.7832313710497278,1.1759549390976438,120365986432.21315,202.34223608696473,candidate,DES-SL-simulated
DES-0515,DES-SL,18.784990161081122,-48.47519450722555,0.051489716672432746,1.1644120750677656,0.7266350701871735,60610893139.138,182.66155905356803,candidate,DES-SL-simulated
DES-0516,DES-SL,33.10740381476974,-58.079997517428396,0.14344381966539713,0.6074962697454611,0.4935406497499295,62320389032.87593,224.7416729014331,candidate,DES-SL-simulated
DES-0517,DES-SL,22.26718147312392,-57.09930850986771,0.22488125942814174,0.7144168343541355,0.8572672313381088,123738459915.44655,240.28365927143628,candidate,DES-SL-simulated
DES-0518,DES-SL,1.9917891663281928,-30.09712245040773,0.22237485589463551,0.5481740969162968,0.6192045301681033,137740127210.85693,298.29307628543376,candidate,DES-SL-simulated
DES-0519,DES-SL,15.032763535867694,-49.96661439365026,0.226708552565889,0.7615194809618973,0.9432673290680818,81715109393.77013,186.1503180733436,candidate,DES-SL-simulated
DES-0520,DES-SL,9.430948296502411,-53.6861334857399,0.3361865892468785,0.7858818554007121,0.46715713422572874,50443027085.285774,207.8256144569545,candidate,DES-SL-simulated
DES-0521,DES-SL,34.123676498889594,-46.4508994595033,0.06965802647771757,0.5813549886735107,0.7333349881383666,96127128168.7151,228.98222787723947,candidate,DES-SL-simulated
DES-0522,DES-SL,6.807630091486143,-58.39749984196468,0.5040207958868783,1.5465607301061468,0.8799107814746114,103572000619.81941,216.98607234262258,candidate,DES-SL-simulated
DES-0523,DES-SL,3.8924182701064347,-54.23124830306761,0.23211254660397737,1.7698807422786655,0.9389910679789447,39660702026.915565,129.98087725953687,candidate,DES-SL-simulated
DES-0524,DES-SL,15.482633642202927,-57.811204082611354,0.07326820896041347,1.3354315385714441,0.8735443449564239,160272877259.9193,270.90532026642535,candidate,DES-SL-simulated
DES-0525,DES-SL,54.09513757259177,-45.135853108039996,0.2987109190617222,0.9472386505151497,0.8259740430049115,71115191960.53886,185.5786406743824,candidate,DES-SL-simulated
DES-0526,DES-SL,43.315438195736,-36.794424292736906,0.15051115669433907,0.33607877919019374,0.6371929734768095,43857250518.80917,165.92629178031805,candidate,DES-SL-simulated
DES-0527,DES-SL,51.054379329059984,-46.245971695628285,0.17526844030400132,0.5723565984654571,0.5061976717603882,69795115596.67926,234.84560631284293,candidate,DES-SL-simulated
DES-0528,DES-SL,33.82306077285706,-57.69398689854735,0.12937812296503493,1.2229535477686313,0.9255016102705333,214972143429.27756,304.81230820184334,candidate,DES-SL-simulated
DES-0529,DES-SL,27.56078227964048,-32.771071399958785,0.17646516428188858,0.5438388869724522,0.6345823326045078,90924725830.72682,239.40157727081484,candidate,DES-SL-simulated
DES-0530,DES-SL,41.2563060596276,-49.522052824570835,0.309476696505598,0.9061310422835158,0.8675186855016879,145444792118.41544,258.9641608443865,candidate,DES-SL-simulated
DES-0531,DES-SL,16.612231017909398,-48.06956594564897,0.29925359858368955,1.0574968650536452,0.5716643893247854,44772862828.0648,176.99738830886469,candidate,DES-SL-simulated
DES-0532,DES-SL,15.89585317334436,-53.36190004122357,0.13302645271933478,0.5998125270923529,0.6581110138466683,50896165099.62774,175.88262812250323,candidate,DES-SL-simulated
DES-0533,DES-SL,55.98089238782523,-37.328575991967455,0.14480115190074236,0.8165087107373187,0.9317253123387887,44624667395.96832,138.4119364413587,candidate,DES-SL-simulated
DES-0534,DES-SL,49.33097434900404,-36.640435467752724,0.12007943014673211,0.23962766283503042,0.8019383667634131,88121853138.49521,209.65311068329902,candidate,DES-SL-simulated
DES-0535,DES-SL,19.763239319195783,-48.95599230056585,0.16358024864689982,0.6444271544466066,0.7058707295243735,75065162298.14238,206.24651693640473,candidate,DES-SL-simulated
DES-0536,DES-SL,22.255405506543898,-54.82078077659126,0.26544077425378004,0.6983797034312951,0.5803110127009196,71513733463.35509,222.02113334077788,candidate,DES-SL-simulated
DES-0537,DES-SL,15.563496445251353,-43.61256097191334,0.31095399062230483,0.5069494527771345,0.5504266353189256,34618162557.08228,158.61062681882933,candidate,DES-SL-simulated
DES-0538,DES-SL,9.070975160235255,-35.690905879995874,0.16232392175707974,1.9283845311334484,1.2248394753722782,151147914096.37234,222.17310639598801,candidate,DES-SL-simulated
DES-0539,DES-SL,34.42965441503143,-52.04080889638743,0.05531415611603549,1.6214124323076113,1.2424301314623483,94204377297.65417,174.15243436674098,candidate,DES-SL-simulated
DES-0540,DES-SL,53.03256671915291,-59.84362444569225,0.1789246020978949,1.2116416789930462,1.1647473071719927,121735043066.55511,204.46639740145338,candidate,DES-SL-simulated
DES-0541,DES-SL,10.657189167312133,-55.224973965605564,0.3325382045681637,1.114484048983634,0.4323761838679084,54214557609.38454,223.95309707438176,candidate,DES-SL-simulated
DES-0542,DES-SL,58.80002493595988,-50.40912940001249,0.20971322194213105,2.0329659080368403,0.8183044587749998,110115346977.57007,232.00452887970204,candidate,DES-SL-simulated
DES-0543,DES-SL,56.2672578275274,-59.772257514782574,0.5491794712159465,1.4515765509518297,0.6919877735419573,75363002880.37073,208.7179893970323,candidate,DES-SL-simulated
DES-0544,DES-SL,58.471953219742474,-53.33804476375824,0.09115053777708058,0.6564916711860492,0.7713101415763667,73225564519.27647,194.8708318499956,candidate,DES-SL-simulated
DES-0545,DES-SL,23.486161213371336,-30.3023552617518,0.2099075234764728,0.34009566394559515,1.4270900596380227,150483369151.64505,205.375464233058,candidate,DES-SL-simulated
DES-0546,DES-SL,6.626587616469067,-46.765535248595945,0.17950304868093642,1.7271720511841346,0.9424957529593702,88556584118.24342,193.86558625968257,candidate,DES-SL-simulated
DES-0547,DES-SL,27.589345854550736,-53.694446891353685,0.14389871134382215,1.3994016969014655,1.14579991716428,102818983377.44626,189.45769757231568,candidate,DES-SL-simulated
DES-0548,DES-SL,35.068195898676784,-48.28313692718905,0.45669170511707324,0.599208866930464,1.2581324697897567,162354735571.2237,227.1952726766633,candidate,DES-SL-simulated
DES-0549,DES-SL,45.455029963143446,-44.23104256201488,0.45266953859293635,1.4148010027354068,0.7095241240508472,76388663573.63216,207.52043476204557,candidate,DES-SL-simulated
DES-0550,DES-SL,21.757017095127722,-56.1665113627847,0.1279140718705517,0.45750185228233964,0.9300907330181596,43639361588.997185,136.99557240178058,candidate,DES-SL-simulated
DES-0551,DES-SL,57.881133386810504,-33.73330036951181,0.16003509032087015,0.8127638303426362,0.49722265534087157,63513663235.91197,226.04146971012713,candidate,DES-SL-simulated
DES-0552,DES-SL,14.606738041724686,-30.278248342571846,0.28788726110337826,1.1475830600972512,0.9235418190806077,108745785565.41379,217.02408323055835,candidate,DES-SL-simulated
DES-0553,DES-SL,16.880315162738206,-42.14041362651315,0.07545933704599643,0.17545933704599642,0.7670548787829955,99547476150.9636,227.8410137232981,candidate,DES-SL-simulated
DES-0554,DES-SL,2.6863423510857043,-43.73490268662856,0.35594249624669677,0.6699268159133094,1.1156740759579191,106064021517.58876,195.0048305686919,candidate,DES-SL-simulated
DES-0555,DES-SL,13.795509812733634,-49.86295722674811,0.15059265584948392,1.0178109557570565,0.9324491032148854,148330542228.64786,252.2508974417801,candidate,DES-SL-simulated
DES-0556,DES-SL,14.170318948972637,-48.690185123686355,0.3161418210152844,0.8445603803786892,1.037696668767058,37357080075.61408,120.0,candidate,DES-SL-simulated
DES-0557,DES-SL,38.45349989023242,-31.658728475237634,0.07580780992183037,0.21949522302537453,0.7505105909562375,81872005051.82423,208.89079187953513,candidate,DES-SL-simulated
DES-0558,DES-SL,6.240617863688445,-36.441159998319804,0.2662720943915038,1.3427343963160967,0.7299106367457106,163324664211.03757,299.1720631193108,candidate,DES-SL-simulated
DES-0559,DES-SL,17.85081030682667,-42.464818920500576,0.5706455522449433,0.9823633214715637,0.7568379595969174,90513898936.43248,218.71883247041438,candidate,DES-SL-simulated
DES-0560,DES-SL,36.10020130581563,-41.74284827081951,0.05,1.4253289382487753,0.7352775073547223,79950187241.87875,208.55187456919433,candidate,DES-SL-simulated
DES-0561,DES-SL,38.97485667707034,-58.48911003019813,0.21654612023927755,0.3468272388745453,1.543955955866153,181823678166.34677,217.03899091893004,candidate,DES-SL-simulated
DES-0562,DES-SL,54.57413660067525,-46.51015010661232,0.15502873161988182,0.9707673900881552,0.6246500255727845,76944995119.01192,221.97384394801685,candidate,DES-SL-simulated
DES-0563,DES-SL,38.74111951045444,-43.21793652305277,0.2857965537941036,0.9658957838111492,0.9633497331246967,205013810760.45212,291.76256213426404,candidate,DES-SL-simulated
DES-0564,DES-SL,3.3725734719733302,-41.04791469529768,0.22724469217305368,1.223402905217344,0.9937968653017341,162030819744.74792,255.3759522162306,candidate,DES-SL-simulated
DES-0565,DES-SL,20.286655244167928,-30.967370298806355,0.058139173516675274,0.15813917351667528,0.7793554328929125,56112763480.568375,169.70437588262695,candidate,DES-SL-simulated
DES-0566,DES-SL,42.99974508802181,-30.58223628585638,0.23248531991599636,0.658016617614464,1.062514997358355,88228492890.58665,182.24972917147971,candidate,DES-SL-simulated
DES-0567,DES-SL,56.72148806739196,-55.686444809514235,0.1793847790598823,0.4087803242548678,1.0719261487160479,74507363785.38348,166.74282753822862,candidate,DES-SL-simulated
DES-0568,DES-SL,55.927804398069824,-46.43057475709567,0.19641348480818827,2.5,0.8058967468244229,96602279406.93947,218.96967882473217,candidate,DES-SL-simulated
DES-0569,DES-SL,26.41313837826012,-48.29660359698201,0.05,0.5330534333953735,0.8232780483132284,60518950032.456856,171.47563515204592,candidate,DES-SL-simulated
DES-0570,DES-SL,14.154052001897302,-58.4507460833173,0.15014767371951585,0.5680568839691833,0.8552779864534196,76106106561.37596,188.6627241525755,candidate,DES-SL-simulated
DES-0571,DES-SL,47.20780254387456,-32.29571886544849,0.5598054971331297,1.4579371726757606,0.6653310060880799,138988362811.61047,289.06821036890244,candidate,DES-SL-simulated
DES-0572,DES-SL,20.248481702200383,-48.55416916019067,0.31427262071943346,0.999847642458016,0.9699991591770185,85875339137.58255,188.18220341240107,candidate,DES-SL-simulated
DES-0573,DES-SL,31.922081210003405,-54.703374232714786,0.10727558751898054,1.2766629584285838,0.6540922556068905,37047134678.86841,150.51777997134934,candidate,DES-SL-simulated
DES-0574,DES-SL,38.80649766491595,-30.216389452092407,0.15509342035379994,0.37466228029715526,0.668355950121521,59421348733.358055,188.58074140536496,candidate,DES-SL-simulated
DES-0575,DES-SL,19.538686616993562,-52.91259096854656,0.29445765488520803,2.5,0.8088332884104804,45025041293.32635,149.2201757475468,candidate,DES-SL-simulated
DES-0576,DES-SL,20.380706263753527,-40.96559780479559,0.511105832243326,0.7945859548581544,0.6967606271754179,148040263491.80673,291.52655440416737,candidate,DES-SL-simulated
DES-0577,DES-SL,54.87172581821183,-58.91445607401224,0.05326423077509522,0.645026209038096,0.5256285405124368,37522249317.60152,168.97986500973693,candidate,DES-SL-simulated
DES-0578,DES-SL,35.66990194498551,-33.48428209200122,0.32202590901029304,0.8211529667615083,0.8730772715145632,158582747109.9678,269.5452126498711,candidate,DES-SL-simulated
DES-0579,DES-SL,55.656854108883394,-40.59419327948335,0.3059324106483285,0.4667185717435718,0.5387608616420466,84704963512.70366,250.77625131411202,candidate,DES-SL-simulated
DES-0580,DES-SL,44.81847628120623,-49.649380001686,0.3272287667982387,0.5438438404868141,0.8419632379909201,93598531600.36024,210.8715297369291,candidate,DES-SL-simulated
DES-0581,DES-SL,58.9809858423689,-58.260072825818746,0.27499580461496065,1.4775361874362272,0.7030164175286631,100357468873.05432,238.9582954942474,candidate,DES-SL-simulated
DES-0582,DES-SL,22.47918549919566,-59.49500040418316,0.12049266976335064,0.28634889822788884,1.0125796925926442,117643929207.87704,215.57587105362313,candidate,DES-SL-simulated
DES-0583,DES-SL,45.37769543162363,-47.600623157966695,0.10004814019867277,0.6561094685833869,0.5560118145444493,79388638265.5532,238.98308443477305,candidate,DES-SL-simulated
DES-0584,DES-SL,30.97398587614975,-33.805221378515206,0.6,1.2351346324077324,0.740041058142662,117657350604.00139,252.1805690143065,candidate,DES-SL-simulated
DES-0585,DES-SL,10.355147642956325,-47.608369561398064,0.05,0.8796301516452993,0.790869792470363,91178022371.14883,214.74476517816169,candidate,DES-SL-simulated
DES-0586,DES-SL,47.743662898190294,-47.08822145951774,0.27452420514352915,0.5771239890723067,0.6632019217168008,64154776196.37334,196.70781068898592,candidate,DES-SL-simulated
DES-0587,DES-SL,39.120876920347875,-38.755449367781964,0.2915262169843087,1.7804462541768067,0.6171690009520778,110311760887.00883,267.38611558148875,candidate,DES-SL-simulated
DES-0588,DES-SL,40.196950860184806,-52.26607013507622,0.32422042026916625,0.5542013877044497,0.9733848280730139,48571696717.38732,141.279564209891,candidate,DES-SL-simulated
DES-0589,DES-SL,26.636018982186755,-42.091191394634166,0.3709103260512801,0.5955863506134224,1.0888501844201899,63549268525.88157,152.7922087898654,candidate,DES-SL-simulated
DES-0590,DES-SL,41.73511045821265,-38.877009468076494,0.07185182850679608,1.8236775325935435,0.9236308833129898,67986073442.80628,171.5895171883827,candidate,DES-SL-simulated
DES-0591,DES-SL,5.59132715833877,-31.86623139639655,0.21719150002377866,0.9285616351011738,0.7470286141871763,90735382264.60999,220.41934809662126,candidate,DES-SL-simulated
DES-0592,DES-SL,1.2985076764941406,-36.453258160084495,0.4007196926179668,1.4598187807302383,0.9364063344879738,68028017201.16083,170.4675544063723,candidate,DES-SL-simulated
DES-0593,DES-SL,13.4688300739637,-57.946404917218715,0.05,0.6026114505798225,1.0214437693199296,39506475117.48581,124.38181936058511,candidate,DES-SL-simulated
DES-0594,DES-SL,17.098096654638695,-48.66035651370115,0.11696503692675969,0.9529080330497821,1.1816472111740794,42539299602.26686,120.0,candidate,DES-SL-simulated
DES-0595,DES-SL,22.345421770500423,-36.30264899331585,0.16489092677585843,0.5313775615630858,0.8028216932836075,109649243106.17545,233.73473933369985,candidate,DES-SL-simulated
DES-0596,DES-SL,59.21261081650323,-50.932518152604075,0.05,0.29435174206681014,0.6263655812839038,59090488873.969185,194.2561801615603,candidate,DES-SL-simulated
DES-0597,DES-SL,17.767027836714536,-33.40691833933829,0.38384760993487993,0.6077616545915141,0.6566980273886863,37437871711.04264,151.0089596817528,candidate,DES-SL-simulated
DES-0598,DES-SL,35.52643280826257,-49.47740355751935,0.13091280801987837,0.60305908421304,0.75805260083426,188620841487.09424,315.48242004746817,candidate,DES-SL-simulated
DES-0599,DES-SL,52.3539911014778,-43.59195442655367,0.32087585814654923,0.8900630947531063,0.9322875965092221,79109333049.31609,184.23362783430628,candidate,DES-SL-simulated
DES-0600,DES-SL,50.15107927079726,-43.64427512729111,0.6,1.7054989739034285,0.9874999076790624,180283114500.94897,270.23337788615726,candidate,DES-SL-simulated
DES-0601,DES-SL,18.97932342056884,-55.171335376298124,0.5686406366382022,0.7983800081163139,1.1455506245076996,150769344661.84235,229.44541097926964,candidate,DES-SL-simulated
DES-0602,DES-SL,1.577086340256424,-46.48136856209173,0.2202369069691948,1.953204883731167,0.6110807629206179,66804598801.17389,209.1143660552279,candidate,DES-SL-simulated
DES-0603,DES-SL,9.587133726814226,-48.508849487452146,0.15467698673986477,0.9676189733469973,0.9196121164498341,157521015318.37946,261.75615616558275,candidate,DES-SL-simulated
DES-0604,DES-SL,0.01514726943372624,-37.10476843170784,0.18578109045179148,2.0185905619345315,1.6427821449341538,224686037258.2203,233.89883089391773,candidate,DES-SL-simulated
DES-0605,DES-SL,59.79132431548034,-51.03539295565747,0.06756485520070095,0.42651341007494714,0.9864762675820135,131266930781.26654,230.70889565535185,candidate,DES-SL-simulated
DES-0606,DES-SL,2.8890473503920555,-44.851172431734966,0.24096966640258344,2.263116353763943,1.089508335175454,101775628768.32059,193.30211869946163,candidate,DES-SL-simulated
DES-0607,DES-SL,9.774966285917444,-51.873418349208755,0.158413096147362,0.5634757903164762,0.6287886638980003,139050735456.29245,297.41597304737843,candidate,DES-SL-simulated
DES-0608,DES-SL,39.12683871742489,-58.41649948452927,0.2500745573677624,0.44040953379191855,1.276818774890391,102774092091.9072,179.43501282518548,candidate,DES-SL-simulated
DES-0609,DES-SL,41.038819953611366,-31.09819864890453,0.2172031052922098,0.8592161967891796,0.5214808507672718,25368162396.519417,139.4939324518732,candidate,DES-SL-simulated
DES-0610,DES-SL,2.8567427056492867,-42.823036383069336,0.19894005071169293,0.5585756297007907,0.5948173035738812,68575314173.59687,214.74452577615878,candidate,DES-SL-simulated
DES-0611,DES-SL,48.886120880821494,-47.30645407356809,0.27548927611482593,2.5,0.6673119111379967,89041802134.99399,231.02688787652383,candidate,DES-SL-simulated
DES-0612,DES-SL,16.295935414823862,-55.63381406032061,0.5366702701609326,0.7803954485022775,0.7940944705748992,143163631550.40924,268.54079040962336,candidate,DES-SL-simulated
DES-0613,DES-SL,4.566063350001741,-49.545139552619915,0.184684936198862,0.33380136387961906,1.0609623929798884,72696934466.90935,165.5533790554986,candidate,DES-SL-simulated
DES-0614,DES-SL,58.59524035202306,-31.586504902908647,0.07125245371555886,0.49548232445843854,0.7859551880860214,76886415835.1953,197.8134927238754,candidate,DES-SL-simulated
DES-0615,DES-SL,56.46118936183405,-33.85927976303377,0.6,1.4583389738417964,0.5518735311708003,79139361487.2475,239.50053292898264,candidate,DES-SL-simulated
DES-0616,DES-SL,9.463219024994984,-41.17125897230841,0.22139605650680036,1.1041782254377768,0.9716883553982791,181639055011.06293,273.4457094871014,candidate,DES-SL-simulated
DES-0617,DES-SL,25.395548565949753,-41.45543129221328,0.15562983507314315,0.718847524568458,0.6454796322204621,77941897535.48541,219.77293676632013,candidate,DES-SL-simulated
DES-0618,DES-SL,53.09961680370156,-51.93375451975456,0.08261659785039886,0.30033074175030555,1.3820084182814072,147705888753.12634,206.76334831731637,candidate,DES-SL-simulated
DES-0619,DES-SL,18.99226388009754,-36.538064352827064,0.26066374734528447,0.6075316851104408,1.4912917370702543,148654234617.85703,199.68127106103753,candidate,DES-SL-simulated
DES-0620,DES-SL,4.787822793567445,-34.453466488518984,0.51965907716161,1.387459719796225,0.8182993870157058,103717713318.75165,225.16472280434522,candidate,DES-SL-simulated
DES-0621,DES-SL,28.874607322610192,-37.75815083160751,0.16448039142959303,0.682757626201335,0.8660306547714399,75460943583.70255,186.69147153525705,candidate,DES-SL-simulated
DES-0622,DES-SL,18.850044767517815,-48.77361612782826,0.05,1.1079008657159244,1.0414983659659243,123188794922.62921,217.51354305003736,candidate,DES-SL-simulated
DES-0623,DES-SL,34.688440425727215,-58.422394193568685,0.48505722569720205,1.6662821157528,0.8932986001353197,272552051924.45947,349.3465003264147,candidate,DES-SL-simulated
DES-0624,DES-SL,49.98297786413945,-43.871261977579366,0.1801841084619161,0.8018503500873518,0.8241167575643105,95996698778.19518,215.85582471441188,candidate,DES-SL-simulated
DES-0625,DES-SL,50.54832771560148,-56.66556517598673,0.05,0.9068990868377662,0.6879064199328909,71975535251.31978,204.5774523799504,candidate,DES-SL-simulated
DES-0626,DES-SL,40.9143099876463,-40.98441297349373,0.05,0.6590152918858403,1.0620743538748172,122943683654.95122,215.1818541498214,candidate,DES-SL-simulated
DES-0627,DES-SL,48.21405608401861,-53.5364016913307,0.05,1.10647779423513,0.6319732648158009,114290499301.73494,268.9587685224435,candidate,DES-SL-simulated
DES-0628,DES-SL,32.953205993211824,-48.46713800797851,0.3339197569156718,0.8417142430294289,1.0282074156320102,63759237701.06196,157.49297537096703,candidate,DES-SL-simulated
DES-0629,DES-SL,4.413661738662973,-45.04674478695017,0.05,0.15000000000000002,1.1284648047203039,97754171099.31906,186.14596862978087,candidate,DES-SL-simulated
DES-0630,DES-SL,58.15415983602654,-38.82413817311232,0.19046080542397434,0.8233527962965669,1.0535192534168392,141246270941.0913,231.57797533235865,candidate,DES-SL-simulated
DES-0631,DES-SL,52.956337423730496,-30.982361324251443,0.2666523837669079,0.95898864749166,0.6912527068857126,68561029530.65989,199.1820685940215,candidate,DES-SL-simulated
DES-0632,DES-SL,35.094690016309066,-59.63437346964773,0.31283332963188637,0.917221617235743,0.6436408278496479,75135250581.4168,216.0877128848543,candidate,DES-SL-simulated
DES-0633,DES-SL,12.240518190646023,-56.37934596461279,0.05,0.716620903473056,0.6366027120440496,73887774285.7396,215.46763544185205,candidate,DES-SL-simulated
DES-0634,DES-SL,35.48444477393483,-59.130392097187254,0.07043754858327732,0.936720469148908,1.0071244832592234,207157986781.54056,286.8397000194792,candidate,DES-SL-simulated
DES-0635,DES-SL,2.2338721051375066,-34.33956993949132,0.3456635404635161,1.0844802186261635,0.8788556583634756,165914553125.7888,274.7979318642884,candidate,DES-SL-simulated
DES-0636,DES-SL,48.38371760009898,-40.12504624916086,0.38316382734381027,1.4625879356412739,0.7409064315630745,87277187410.07274,217.06943927897237,candidate,DES-SL-simulated
DES-0637,DES-SL,42.37369019747842,-30.182640353046537,0.18617104691946562,0.5852778445107456,0.4735234170011463,41919351253.96072,188.17700048050733,candidate,DES-SL-simulated
DES-0638,DES-SL,22.725086906440424,-40.99984254472232,0.05,0.28080774635789274,0.6507624401453987,94266638851.72218,240.71201441672864,candidate,DES-SL-simulated
DES-0639,DES-SL,0.9567411871986509,-34.4087801365047,0.22156187885409512,0.5099246583704967,0.8564703535707056,66709285769.32511,176.5090484869993,candidate,DES-SL-simulated
DES-0640,DES-SL,30.245706880561645,-35.62632148790663,0.08120259637178318,1.3066401101826668,1.6114437525512262,181904669531.95496,212.49286103025003,candidate,DES-SL-simulated
DES-0641,DES-SL,15.237983898733328,-53.09727623879881,0.2470972316291655,0.7249761216174497,0.8026762888696237,130637698643.43399,255.14909907667055,candidate,DES-SL-simulated
DES-0642,DES-SL,4.126839461859538,-49.138324494825255,0.4314149514602271,0.8366833919296809,0.9906740416936975,35664265500.973114,120.0,candidate,DES-SL-simulated
DES-0643,DES-SL,40.933582602359465,-31.00695569747041,0.09027176751339835,0.9262347475335677,0.8417615418538125,92211528977.96054,209.3283582400668,candidate,DES-SL-simulated
DES-0644,DES-SL,27.037404874207514,-50.05523180235352,0.10430214146792464,0.9753779278901152,1.0868731941387018,171073321847.018,250.91793285121622,candidate,DES-SL-simulated
DES-0645,DES-SL,25.504090416960448,-32.25642270857959,0.3506708103013122,0.854779752153461,0.7774266300752807,39279850282.936226,142.16254875292123,candidate,DES-SL-simulated
DES-0646,DES-SL,9.828819815658923,-58.79556689913779,0.3630752085423565,0.46529078136844076,0.7319411829281666,82191342897.43965,211.9361018256807,candidate,DES-SL-simulated
DES-0647,DES-SL,43.755118387704876,-58.92867152915571,0.3811755543007091,0.5248947428598739,0.7786113682958683,77766634010.8394,199.87858960790152,candidate,DES-SL-simulated
DES-0648,DES-SL,57.497137688668424,-57.505148006026054,0.09965452258857839,0.26633438749084754,0.7749117253968727,143438929265.07587,272.105548031343,candidate,DES-SL-simulated
DES-0649,DES-SL,44.39587508822449,-40.145352060326786,0.2704469705235714,1.0472089630231571,1.4329637889675355,145855035315.71417,201.77766921835527,candidate,DES-SL-simulated
DES-0650,DES-SL,17.68750104045056,-35.94161172774674,0.5497274685377772,0.715206147581976,0.9956923349108437,123465477951.03102,222.710239382502,candidate,DES-SL-simulated
DES-0651,DES-SL,47.4651432916818,-49.352464789058786,0.09032151892257413,0.48117498558009375,1.0125990523096497,66995830354.976425,162.68035987469275,candidate,DES-SL-simulated
DES-0652,DES-SL,53.39787645005454,-30.986364652357572,0.06871544960485935,2.5,0.5086051888322533,25737116658.519924,142.2720364393333,candidate,DES-SL-simulated
DES-0653,DES-SL,32.16338125962524,-40.16427300804186,0.06639692787182355,0.792340740491472,0.7288839676841707,76039895287.07324,204.27797867444713,candidate,DES-SL-simulated
DES-0654,DES-SL,53.633385763331496,-34.02677632931774,0.3594707651490646,1.3097480247191733,0.7593082284654676,54197128838.345184,168.9697970549111,candidate,DES-SL-simulated
DES-0655,DES-SL,17.48884035474591,-30.934727787048253,0.216456805725261,0.9460008719118904,0.6810567264463357,46428780600.872284,165.1322852686532,candidate,DES-SL-simulated
DES-0656,DES-SL,28.133579130527032,-59.346331507132334,0.06272684115864646,1.1630947520331634,0.7014616826186072,41054378381.173294,153.00575269747628,candidate,DES-SL-simulated
DES-0657,DES-SL,30.978993699670202,-46.655122272061234,0.4059788050296724,0.9655315416040686,1.1467122386586344,129830335580.91193,212.80942664973495,candidate,DES-SL-simulated
DES-0658,DES-SL,30.58618040994294,-44.30531810567665,0.230097607707365,0.6263452964403542,0.8583424334492554,130911221009.90103,246.99498812772657,candidate,DES-SL-simulated
DES-0659,DES-SL,31.570968606291622,-55.88811912077461,0.19721308476761173,0.7908442778774865,0.6875117381340321,102137380699.29515,243.77114378707927,candidate,DES-SL-simulated
DES-0660,DES-SL,43.18568478115992,-57.67764977324121,0.1684021342411908,1.1666284401127307,0.8779324996220924,107906646494.44902,221.7295269617341,candidate,DES-SL-simulated
DES-0661,DES-SL,32.765479517783554,-31.26560451739926,0.44530461055212794,0.8570160080667988,1.0702334318530191,52512238493.420525,140.09447398515306,candidate,DES-SL-simulated
DES-0662,DES-SL,34.21488749684397,-52.90033861560858,0.36613959220623676,1.9140220870847389,0.6425398673878925,149396795169.20114,304.96541934433696,candidate,DES-SL-simulated
DES-0663,DES-SL,6.182227858506028,-32.86608724343014,0.09991833323929421,1.067123552100285,0.9656479546461998,133840205125.65002,235.4582327004278,candidate,DES-SL-simulated
DES-0664,DES-SL,5.378072689249667,-39.508503059113096,0.18126056495682064,1.2231152890791848,0.7046725481246261,52627623992.396645,172.8395793635472,candidate,DES-SL-simulated
DES-0665,DES-SL,20.04004312959563,-58.925721167468076,0.3110451583993276,1.1032202652680112,1.0824049503751,125613311044.13528,215.45319683553052,candidate,DES-SL-simulated
DES-0666,DES-SL,43.591571616595374,-32.62192434783297,0.14816115603414656,1.0321515828983927,0.9902148321377788,154427984902.05487,249.76310470369373,candidate,DES-SL-simulated
DES-0667,DES-SL,39.05811431444819,-48.04934034102273,0.15369204802819975,0.9425829707851403,0.4655825470790518,54658047166.03291,216.69989717791967,candidate,DES-SL-simulated
DES-0668,DES-SL,10.189220753744074,-35.987698100246895,0.05,0.24402212034720477,0.8583708577064453,153559600651.87326,267.50444344688873,candidate,DES-SL-simulated
DES-0669,DES-SL,46.209571385169156,-53.31067575636956,0.12719389735557124,0.755291018514495,0.9570157716190322,136327565519.79375,238.7054242316966,candidate,DES-SL-simulated
DES-0670,DES-SL,41.98972146494525,-31.24337976151416,0.33514074949253525,1.551543374928832,0.8993294131915982,65078204252.714325,170.13292835407003,candidate,DES-SL-simulated
DES-0671,DES-SL,22.276015446904253,-55.58095962864321,0.31463869647722265,0.9425018557548738,0.798225396137226,65395265339.19674,181.02575950012414,candidate,DES-SL-simulated
DES-0672,DES-SL,49.89271988056779,-41.547451005369496,0.39189998080753546,1.2109437902052556,0.4652821081384209,70144204035.78627,245.565705391153,candidate,DES-SL-simulated
DES-0673,DES-SL,53.89635986955321,-30.870478263693883,0.20181559560169532,0.5720981892111858,0.4903361163757949,20813207504.446964,130.3024438948268,candidate,DES-SL-simulated
DES-0674,DES-SL,45.70325346571128,-35.02539676141065,0.09226627193241829,0.4409855893004234,1.5179808314111587,122055300535.41812,179.33917771041556,candidate,DES-SL-simulated
DES-0675,DES-SL,24.551362483187926,-30.246409341362106,0.09654450388664508,0.459450844808282,0.683973537785464,57132225425.83536,182.7893617442665,candidate,DES-SL-simulated
DES-0676,DES-SL,8.917447828194298,-47.85008883369157,0.05,0.2933893487080667,0.8184236542153817,166473366188.68936,285.2418797869044,candidate,DES-SL-simulated
DES-0677,DES-SL,25.110983199161033,-48.55526120273318,0.25859945431501585,2.182620820197945,1.911214563796886,280770068099.8148,242.41008076074334,candidate,DES-SL-simulated
DES-0678,DES-SL,45.047380496910485,-55.684027715794684,0.2630877232546393,0.9708868841617251,0.6873598999558936,33363512356.54742,139.339350566317,candidate,DES-SL-simulated
DES-0679,DES-SL,1.8436307790299722,-43.880692229891686,0.422692585319609,1.2142823961444984,0.8189329966433816,150917490109.9469,271.5036031512479,candidate,DES-SL-simulated
DES-0680,DES-SL,31.532443867542973,-57.268009320375825,0.22554323479338761,1.8575403695413046,0.9932905614929404,144797672426.77267,241.47525407729438,candidate,DES-SL-simulated
DES-0681,DES-SL,12.948671185119489,-47.87292732481562,0.4038169989356764,0.5038169989356764,0.8927291166655966,231173149743.86612,321.83912660401586,candidate,DES-SL-simulated
DES-0682,DES-SL,0.5863338851688749,-36.593802833964276,0.19653306769775436,0.3210223823728753,1.410083066969882,266048902566.009,274.7188013343937,candidate,DES-SL-simulated
DES-0683,DES-SL,1.3831670067126067,-30.917996623014396,0.22918600390144406,1.3086520921937166,1.0138999886795013,83522136768.78856,181.5236580350018,candidate,DES-SL-simulated
DES-0684,DES-SL,53.92240977448758,-54.683328500805914,0.4696686487011143,0.5696686487011143,0.9408078569195657,161880841456.07272,262.3476959757394,candidate,DES-SL-simulated
DES-0685,DES-SL,31.391535216521568,-49.12620454156318,0.17242968823474958,0.9996596442276154,0.37127716479749245,35947521996.87168,196.79558689590093,candidate,DES-SL-simulated
DES-0686,DES-SL,22.779240952120393,-49.18804784641456,0.12410045395256013,0.45443748577413634,1.0984005030590487,62351330420.60905,150.68585838920225,candidate,DES-SL-simulated
DES-0687,DES-SL,43.12172322885233,-43.58666040785157,0.28032943382233855,0.6233568685378179,0.9924972238617046,226998874619.1326,302.4664418387392,candidate,DES-SL-simulated
DES-0688,DES-SL,52.50353785013657,-35.472519364519925,0.4013595925101578,0.8110997285407052,1.2757585426581204,169828962682.00885,230.75527176744592,candidate,DES-SL-simulated
DES-0689,DES-SL,0.06875703769537722,-51.52787013462407,0.1112176666576054,1.6541636504995345,0.9227718104831621,194334236044.874,290.24015339966274,candidate,DES-SL-simulated
DES-0690,DES-SL,29.91746779597701,-41.745267403091496,0.1870362804459712,0.2870362804459712,0.5219392414282761,49149478828.95371,194.07941709859588,candidate,DES-SL-simulated
DES-0691,DES-SL,30.248909383698976,-35.872986329033196,0.18869578810879822,1.3020388948334447,0.6491903056687035,94521236761.213,241.32853721218106,candidate,DES-SL-simulated
DES-0692,DES-SL,10.199777804880073,-32.84598375467443,0.4881260798570303,0.7620732611932518,0.6598799950711,103799421178.43515,250.83895353567135,candidate,DES-SL-simulated
DES-0693,DES-SL,47.541057861295826,-52.299043606063044,0.3867432676060564,0.684480950184454,1.4325840646157304,105537034913.22435,171.66129397275117,candidate,DES-SL-simulated
DES-0694,DES-SL,46.862587264618085,-38.37970922722445,0.22265074357509462,0.6062551835863559,0.6459036130042457,45687264944.0677,168.2068658010247,candidate,DES-SL-simulated
DES-0695,DES-SL,48.321460209706544,-40.85303260919393,0.08787398107097674,0.6866466498748044,0.7961047712808224,49088331685.00322,157.0485816403092,candidate,DES-SL-simulated
DES-0696,DES-SL,12.229169622990678,-50.26307147233571,0.28416682139498045,0.47247694744623914,1.04790455042754,100416615636.82605,195.78162218912857,candidate,DES-SL-simulated
DES-0697,DES-SL,57.941334993622156,-52.73483630858169,0.05,0.33400997923371045,0.9909766522210255,173219719703.55496,264.42161302506435,candidate,DES-SL-simulated
DES-0698,DES-SL,37.34899914174225,-45.72050835418359,0.09584467278027943,1.140345583754277,0.6284815552336623,77917331578.82892,222.690024414953,candidate,DES-SL-simulated
DES-0699,DES-SL,24.480850019896124,-30.54575931846519,0.2365619227602254,0.4515788748891312,0.9081248571934064,148747209797.99338,255.96561468069194,candidate,DES-SL-simulated
DES-0700,DES-SL,3.9466022046686766,-37.09746557337985,0.32459943523396817,0.49836180026220955,1.079869015330099,115395482875.61095,206.74683031284815,candidate,DES-SL-simulated
DES-0701,DES-SL,14.62943115602429,-49.52709040517754,0.06767735998631472,0.6838472834837538,1.0253396163621173,246201952396.35635,309.9144836102197,candidate,DES-SL-simulated
DES-0702,DES-SL,55.31272760216095,-54.6392114314106,0.27962137827171607,0.8365630133810096,0.8573027584969747,78233711952.2978,191.05563593940707,candidate,DES-SL-simulated
DES-0703,DES-SL,4.895497823215617,-45.552328346763666,0.18941247132240074,0.3691987358143861,1.482044775403978,323613270877.13605,295.5374316779585,candidate,DES-SL-simulated
DES-0704,DES-SL,53.78911635854979,-55.59384372500378,0.23032979470326242,0.3303297947032624,0.8348646936690939,59235333289.7777,168.46603957316577,candidate,DES-SL-simulated
DES-0705,DES-SL,19.109778795832717,-44.17422228976204,0.19000294378401192,0.5181063642020168,0.7625182650033582,69873656494.58862,191.45274847283036,candidate,DES-SL-simulated
DES-0706,DES-SL,37.085437389899425,-57.97728401388955,0.1085290388011035,0.25767770125263684,1.3999612091291933,112226927263.11269,179.0690504538768,candidate,DES-SL-simulated
DES-0707,DES-SL,28.50100541960513,-48.3460907216701,0.3887095730201172,0.9592567997649007,0.7729352450566646,57874572419.970955,173.0622468517369,candidate,DES-SL-simulated
DES-0708,DES-SL,35.469300277364354,-33.23307420153385,0.24813884392165805,0.6512117608734145,0.4597510879848339,53129014582.41466,214.99803629380347,candidate,DES-SL-simulated
DES-0709,DES-SL,28.795541340263643,-41.85870618337824,0.05,0.8391156007193729,0.7528062007453423,148982140147.41443,281.35556278953413,candidate,DES-SL-simulated
DES-0710,DES-SL,30.33250340578437,-39.17304363530589,0.35468235490219086,0.6571928975665675,0.7606607263339445,100497597026.908,229.8859014973891,candidate,DES-SL-simulated
DES-0711,DES-SL,44.36017175376005,-43.76691250637546,0.20188128433594701,2.5,0.6016766075106216,103169116379.36227,261.89263643046803,candidate,DES-SL-simulated
DES-0712,DES-SL,11.110556330703547,-43.35473428885176,0.1350862988971525,2.5,0.8333639708310085,130817395148.75674,250.57941095731277,candidate,DES-SL-simulated
DES-0713,DES-SL,55.84223959154844,-33.13757825798941,0.1659332333943309,0.9105682506586336,0.40898720282480194,47917137478.77742,216.48139058906517,candidate,DES-SL-simulated
DES-0714,DES-SL,27.3428019094097,-38.58171866377867,0.17864626092699126,1.5261728389990727,0.7954103461088599,56789177506.67262,168.99239743936687,candidate,DES-SL-simulated
DES-0715,DES-SL,23.60481458102545,-37.981906358001474,0.14781945793363865,0.4411713297860749,0.5439930097797947,62905345005.21005,215.06865068215382,candidate,DES-SL-simulated
DES-0716,DES-SL,38.45713319089053,-41.487704099813214,0.18287166721236003,0.892113881829695,0.7041583688331973,103378949393.9107,242.33206337927083,candidate,DES-SL-simulated
DES-0717,DES-SL,47.037647223661075,-36.57254243536422,0.22175321240842003,0.8215533695348836,0.8398935680360685,159558094340.5678,275.6622447384911,candidate,DES-SL-simulated
DES-0718,DES-SL,1.6635194857109514,-58.29337684931553,0.14755257157913027,0.7385282621628306,1.3553215247305537,169375551459.955,223.58063687937926,candidate,DES-SL-simulated
DES-0719,DES-SL,19.26118863305398,-52.04027789805998,0.11153275259815532,0.21153275259815532,1.0372435919985517,160076485074.64914,248.45822897478163,candidate,DES-SL-simulated
DES-0720,DES-SL,13.759137018459235,-55.23486913853953,0.09614551647862277,0.3517164482061921,0.9508446944019946,126726334295.6012,230.8918684456107,candidate,DES-SL-simulated
DES-0721,DES-SL,19.635442421979853,-40.254077753599,0.2721222651321841,0.6893389689472118,0.8013725626427546,86590030311.73929,207.8962745743784,candidate,DES-SL-simulated
DES-0722,DES-SL,25.30089881117366,-46.66844920085832,0.08348197215360366,1.5460368714890331,0.6489090530240125,47617517534.73008,171.325281594211,candidate,DES-SL-simulated
DES-0723,DES-SL,25.394366489411187,-43.08323661512202,0.472639101611006,1.366526297790267,0.8322209199532206,29959953118.31594,120.0,candidate,DES-SL-simulated
DES-0724,DES-SL,38.69782624471177,-43.33095728385091,0.05,0.8319557409718384,0.944797197530193,222138254815.14108,306.67076408809385,candidate,DES-SL-simulated
DES-0725,DES-SL,27.34237706521785,-46.2666194620308,0.1037494793169546,0.6683929293550722,0.5405850263047097,64371873963.12775,218.24588597064235,candidate,DES-SL-simulated
DES-0726,DES-SL,20.69772508555393,-56.85588031381233,0.4405663986003106,1.2400912295527953,0.5070863794890652,71535441208.01385,237.5470563129998,candidate,DES-SL-simulated
DES-0727,DES-SL,3.684394988467301,-32.43195770668508,0.07502282437471341,0.6524199945250517,1.0375921354790651,75854416063.513,171.00432505085266,candidate,DES-SL-simulated
DES-0728,DES-SL,30.370205139312148,-44.125106971330126,0.23174938193667982,0.6724966643629668,0.8115301737339689,66948363211.78757,181.6551193092278,candidate,DES-SL-simulated
DES-0729,DES-SL,34.214366546748046,-42.949164526926765,0.2315580515056535,0.9316807240470448,0.644041676212641,126142885402.1224,279.9009614575152,candidate,DES-SL-simulated
DES-0730,DES-SL,42.3387561817808,-56.432909469660196,0.181847535123837,1.0157813413780468,1.0131495677547304,69594501152.4402,165.76035837851327,candidate,DES-SL-simulated
DES-0731,DES-SL,54.36116734658929,-49.205039037223244,0.06619769767742519,0.2970879293589867,0.8649663000050636,134742478787.22653,249.62189071008592,candidate,DES-SL-simulated
DES-0732,DES-SL,47.090234986958116,-56.63659054985411,0.2289751577609288,0.6310458261920702,1.2278659865018673,161277679078.925,229.2142657737945,candidate,DES-SL-simulated
DES-0733,DES-SL,51.898113565828815,-43.90951116301332,0.09698288499457199,0.24650104077041401,0.5484527595436033,76878392093.91473,236.7895479551699,candidate,DES-SL-simulated
DES-0734,DES-SL,54.024319113904035,-50.78752760749977,0.05,0.9126848316625696,0.986293392234346,98539761721.47466,199.90915700033162,candidate,DES-SL-simulated
DES-0735,DES-SL,32.4857636582998,-41.56699035494714,0.1471036345939878,0.3209708672532967,0.8952397756979177,67425810046.06798,173.56949390596924,candidate,DES-SL-simulated
DES-0736,DES-SL,40.766840148995875,-46.46426158338481,0.6,0.8908435898780875,0.4847136333930941,76671799410.8841,251.53892816025584,candidate,DES-SL-simulated
DES-0737,DES-SL,21.277625666587113,-58.619005915748446,0.24997310728831643,0.593332111578889,0.7146627696188631,51659699900.67479,170.04166785292702,candidate,DES-SL-simulated
DES-0738,DES-SL,34.48219223516927,-47.533200166885734,0.371626827548484,1.7605737703269888,0.6084104414848446,103053602865.23116,260.29345987217806,candidate,DES-SL-simulated
DES-0739,DES-SL,20.968469757490155,-42.14067744469649,0.2594708322609695,0.6294482606172265,1.2185125258978238,187423908595.34357,248.0432950551925,candidate,DES-SL-simulated
DES-0740,DES-SL,17.139520174972965,-54.44673808716464,0.2659249794071292,1.3306294145652986,0.9349175933147975,168151781860.44217,268.22179608666266,candidate,DES-SL-simulated
DES-0741,DES-SL,4.678969979399,-42.979802112931935,0.08564473335876942,0.4256919576402257,0.7235404901558398,54463303321.71898,173.52040999355972,candidate,DES-SL-simulated
DES-0742,DES-SL,53.89431589200884,-45.98630721920581,0.0717639111745686,0.9106836383525954,0.8626751578817972,202953265882.47824,306.7639856999045,candidate,DES-SL-simulated
DES-0743,DES-SL,19.113785887559377,-36.82776833630275,0.06664439085849534,0.19567169967938158,0.7524517944534824,51503023043.02393,165.4653320619929,candidate,DES-SL-simulated
DES-0744,DES-SL,52.754942584667084,-55.1256253986929,0.07357002678914272,1.0628003527899195,0.5113682290082036,124299510561.79494,311.8155963750893,candidate,DES-SL-simulated
DES-0745,DES-SL,50.92421955559043,-53.10391226393237,0.11236877788161387,1.1388600254636965,0.5722166252119743,72752992603.1099,225.51487376665324,candidate,DES-SL-simulated
DES-0746,DES-SL,13.065757112941068,-54.70129721926226,0.10039619653133798,0.27441250955261826,0.9861709585501339,107995571330.09126,209.2940414959378,candidate,DES-SL-simulated
DES-0747,DES-SL,25.718734158910962,-52.983967690878714,0.13946727294435124,1.7019302129752099,0.7214786080231907,76893267187.85347,206.4725985121773,candidate,DES-SL-simulated
DES-0748,DES-SL,59.42386776551788,-52.42141618194676,0.2116749117389853,0.36193669933068706,0.5347481178191784,41799191890.184845,176.82322456236176,candidate,DES-SL-simulated
DES-0749,DES-SL,5.4044317768134675,-30.103157414584295,0.6,0.8895463063986433,1.3077042621500783,99618485707.286,174.5601851717082,candidate,DES-SL-simulated
DES-0750,DES-SL,47.532954228286485,-58.13864218734511,0.11615583086288891,0.7700192810801456,0.45251385271869277,62190756753.77086,234.4644357726273,candidate,DES-SL-simulated
DES-0751,DES-SL,14.248601700337444,-52.13485344775154,0.5265280884600282,0.6265280884600282,0.6588849634984024,154697421882.78632,306.4550168344642,candidate,DES-SL-simulated
DES-0752,DES-SL,11.356410010072528,-43.99477012450539,0.1412814224643467,1.8022460091638968,0.8347423736255642,153450995437.23883,271.168114095143,candidate,DES-SL-simulated
DES-0753,DES-SL,56.47739702365662,-41.229920102252805,0.0654900852818034,0.3790482576432796,0.8783493022366089,31620574880.51792,120.0,candidate,DES-SL-simulated
DES-0754,DES-SL,3.4203956789815426,-48.57648796223671,0.2313913142432089,0.8076918593980401,0.7081049471973342,40169504136.73622,150.63622262544902,candidate,DES-SL-simulated
DES-0755,DES-SL,34.713603311947196,-46.11187999268449,0.05,0.661045397101548,0.7494324302918619,76317392737.69638,201.82525827663878,candidate,DES-SL-simulated
DES-0756,DES-SL,22.21376914949841,-35.737733129366404,0.14243963662119266,0.7753548060943538,0.9797332071893893,173370239246.76123,266.0500566607632,candidate,DES-SL-simulated
DES-0757,DES-SL,9.993975005064364,-58.53264524164539,0.10399825105832737,0.9263020713411706,0.9579203828414656,63686128621.65259,163.07512244596114,candidate,DES-SL-simulated
DES-0758,DES-SL,50.44089051705493,-36.391209511074095,0.20722062540138217,1.0910863822479089,0.7907622051608811,45511143955.974686,151.7280651596883,candidate,DES-SL-simulated
DES-0759,DES-SL,37.08133672089075,-42.73677220408004,0.48454464186586543,0.7634908807222538,0.48649753244205246,23064683731.15387,137.70934945318137,candidate,DES-SL-simulated
DES-0760,DES-SL,45.657799065648526,-44.05597512127761,0.11414606827175337,1.2233600671806688,0.7324604888707519,96746467070.20729,229.8557919976622,candidate,DES-SL-simulated
DES-0761,DES-SL,4.596174501492609,-31.16295888323433,0.1513802309455191,0.7256190823464247,0.7553067461063535,141672683702.7714,273.9121988370358,candidate,DES-SL-simulated
DES-0762,DES-SL,50.54584812902682,-47.963100011649246,0.20461002428070957,0.5581546865167787,0.8451412183990324,45675007132.844055,147.02956284963562,candidate,DES-SL-simulated
DES-0763,DES-SL,32.37137661075898,-54.510068501937035,0.20371297863878862,0.7078243711761567,1.2208284381135162,90882748867.07895,172.5613001364661,candidate,DES-SL-simulated
DES-0764,DES-SL,44.312992462206566,-45.619431323525,0.2773071060740072,1.1152543134375663,1.0085939787905451,147915366272.21414,242.20240805878908,candidate,DES-SL-simulated
DES-0765,DES-SL,1.0995701127119184,-43.642396612140885,0.12481428372987667,1.6359637417533006,0.9664597716848451,152871255931.44177,251.53650467560783,candidate,DES-SL-simulated
DES-0766,DES-SL,38.741440106972306,-47.92744517229054,0.26888258117856295,1.2306157877396513,0.8951983259129442,123368930726.65216,234.78657758325772,candidate,DES-SL-simulated
DES-0767,DES-SL,34.71070754456672,-54.63114548594997,0.14825280401173502,0.42781238136473515,0.9779488169128095,158641438215.50763,254.73009177778252,candidate,DES-SL-simulated
DES-0768,DES-SL,19.78966976549276,-58.138468420937016,0.18574406770644525,1.3466814176231474,0.5939786957923874,86232622066.11046,240.9796433943601,candidate,DES-SL-simulated
DES-0769,DES-SL,27.18144081607238,-36.85077788414095,0.2301417860337349,0.850602492439857,1.396200701088564,92752314989.89644,163.01157695111894,candidate,DES-SL-simulated
DES-0770,DES-SL,48.574755654899086,-31.4902638309818,0.3302237818008473,1.5879698429681697,1.045474437657072,170980140909.01566,255.7679494786569,candidate,DES-SL-simulated
DES-0771,DES-SL,26.935602556133666,-58.16691130540189,0.1948849325868759,1.3280077494702582,0.9140008679263901,115706541407.48521,225.02752715995678,candidate,DES-SL-simulated
DES-0772,DES-SL,49.39259653083815,-38.73884398352991,0.12636100769562447,1.1552947007877548,0.881118973857627,48096448368.452934,147.76419860649867,candidate,DES-SL-simulated
DES-0773,DES-SL,4.936313440572386,-33.239232929100794,0.08663172806094921,1.045117172260635,0.8850597079870284,148182977070.10452,258.78724576296895,candidate,DES-SL-simulated
DES-0774,DES-SL,22.82666710595767,-58.30456126835813,0.05504686028980775,1.4420839534157592,0.4171990500255271,29090570105.856285,167.00691607020514,candidate,DES-SL-simulated
DES-0775,DES-SL,14.386784330642847,-48.82719746472095,0.06471584010729291,0.7561917806378389,0.6819547274646882,76404425630.84077,211.69542921188645,candidate,DES-SL-simulated
DES-0776,DES-SL,57.050462053746685,-51.73872955575166,0.06203422267400377,0.7707130728055407,0.6172438990790843,76258600613.84756,222.30335053876772,candidate,DES-SL-simulated
DES-0777,DES-SL,18.79966992907893,-47.46717985126374,0.17923120800175185,0.3471071587148652,0.4882135133655226,56854829777.78321,215.82849352214487,candidate,DES-SL-simulated
DES-0778,DES-SL,5.722428473881651,-47.282622375371034,0.21141183096258032,1.0283359973434254,0.49422793593651015,88873199207.72742,268.1956673557323,candidate,DES-SL-simulated
DES-0779,DES-SL,10.898594193462966,-39.40020378050117,0.17429675820815907,0.8516395300096405,0.4463200156400704,22999612536.422478,143.5711151682341,candidate,DES-SL-simulated
DES-0780,DES-SL,30.277480975901856,-48.99313014403875,0.2674891266458017,1.0473352912297327,0.7319241389587219,108344500385.58258,243.33265573421886,candidate,DES-SL-simulated
DES-0781,DES-SL,18.55845992911786,-38.19731827805292,0.13742052568616267,0.665293152490293,1.111994547139424,57667668637.770874,144.02731483207788,candidate,DES-SL-simulated
DES-0782,DES-SL,39.60716665578782,-37.98791964820931,0.15433405309132592,1.3065209658584207,1.3348183102642746,115010455702.87129,185.64684804599426,candidate,DES-SL-simulated
DES-0783,DES-SL,0.7873275336980101,-50.526438496803635,0.2938588984099354,1.598290065380907,0.9810903465312757,162738934673.41776,257.5853912745387,candidate,DES-SL-simulated
DES-0784,DES-SL,26.379691942235436,-30.492050133655383,0.05,0.8046627825723569,0.7468726666955986,98038165599.33528,229.14178980595446,candidate,DES-SL-simulated
DES-0785,DES-SL,22.63714346227439,-40.19436007506425,0.3183261359533315,0.7481801348806804,0.6536172625836932,46498643538.79865,168.6896280698385,candidate,DES-SL-simulated
DES-0786,DES-SL,6.775595477332503,-58.0292871197806,0.09688742575090624,0.9600684913255857,0.5713814781216763,83217427344.80344,241.3648696315417,candidate,DES-SL-simulated
DES-0787,DES-SL,14.41936610951201,-42.758723913972744,0.4981871192530257,1.2653970255511453,1.0696901195068713,111645872345.57747,204.3253912548829,candidate,DES-SL-simulated
DES-0788,DES-SL,37.354709413277924,-30.294045286129283,0.3038192304058062,0.40381923040580625,0.6493672894769703,102436282777.63434,251.19540844848143,candidate,DES-SL-simulated
DES-0789,DES-SL,11.034723073969504,-58.3824994863069,0.5798551068422569,1.5677290950233775,0.6043385192302847,113708386376.36815,274.3380869785532,candidate,DES-SL-simulated
DES-0790,DES-SL,40.28004186618033,-35.04836639160246,0.1402775090381914,0.8759047304622296,0.9867207332056318,142424375407.6996,240.28409822113616,candidate,DES-SL-simulated
DES-0791,DES-SL,13.690040062835067,-54.2239554682868,0.5042544971257943,1.4127125816812298,0.5952225572858334,99045284390.87279,257.99257466314685,candidate,DES-SL-simulated
DES-0792,DES-SL,9.981763458703309,-55.56829414808605,0.3286764275332358,0.42867642753323576,0.7343084503683599,63013337693.61854,185.27079906399229,candidate,DES-SL-simulated
DES-0793,DES-SL,39.58226892882551,-57.044547795943984,0.06623588085888162,0.73449970622639,0.8487028071030904,74679307638.95596,187.60841649101118,candidate,DES-SL-simulated
DES-0794,DES-SL,27.80421284316207,-35.068396773079854,0.37613319613955326,0.6656972926330313,0.6901882974589496,68696705207.551476,199.5327343654834,candidate,DES-SL-simulated
DES-0795,DES-SL,56.36601737377124,-43.543830237864334,0.28330963322966113,1.6099822628485745,0.5926247872541948,77450875096.79373,228.6405488685688,candidate,DES-SL-simulated
DES-0796,DES-SL,24.862990161376597,-41.12660569558709,0.2960210501791374,1.5514003681604729,0.7181164741981888,75114433846.55225,204.5475348238648,candidate,DES-SL-simulated
DES-0797,DES-SL,43.168613590587874,-31.422420560477427,0.12483560928814044,0.6091706485505871,0.6678816415541737,75827431660.90477,213.1048902523118,candidate,DES-SL-simulated
DES-0798,DES-SL,58.456334431676765,-35.140502701121974,0.05,0.3232499024700567,0.6931188768039921,82186076004.9347,217.7836413580122,candidate,DES-SL-simulated
DES-0799,DES-SL,57.456262266970256,-55.566475995650464,0.3062221199177661,1.8006682929247984,0.7481923186157147,122883037121.20958,256.3122372361332,candidate,DES-SL-simulated
DES-0800,DES-SL,39.27459085044831,-44.8778698842998,0.15362275870863798,2.0763033630651093,0.7760236990376704,132434794454.45154,261.2724118732273,candidate,DES-SL-simulated
DES-0801,DES-SL,12.806959934676556,-31.961838357682403,0.11538404104287878,0.45120089073489966,0.6307358679754762,46492114968.433136,171.71011649874944,candidate,DES-SL-simulated
DES-0802,DES-SL,18.42724169232365,-42.059449054900895,0.3841158638897399,1.3737886494710254,0.44184152613256156,26802770346.09593,155.77098751363104,candidate,DES-SL-simulated
DES-0803,DES-SL,57.59909449426051,-36.95730284342579,0.11255685524015041,0.27445423147354303,1.2057335798077147,125060005996.35387,203.68710712433176,candidate,DES-SL-simulated
DES-0804,DES-SL,46.056361167493904,-44.845262441155,0.24685751852589627,1.182894880778443,0.6086588025238264,43351034213.98082,168.7884688121014,candidate,DES-SL-simulated
DES-0805,DES-SL,53.337135341438405,-36.83320879842962,0.06722520360434041,0.8452326663120315,0.5197591540619223,94557481790.02092,269.7595764682778,candidate,DES-SL-simulated
DES-0806,DES-SL,6.311297092738302,-50.3148666680607,0.05648208687004424,0.22373570961662323,1.049145773462359,195259872487.67566,272.84662031350115,candidate,DES-SL-simulated
DES-0807,DES-SL,56.771777036913925,-53.789975053258644,0.5719105705094837,1.755722854599743,0.4064748723031753,57895683618.395195,238.69110620018154,candidate,DES-SL-simulated
DES-0808,DES-SL,45.7223078033445,-44.26443172032572,0.08856551916351071,0.9620704736803977,0.5920603122788407,62232770355.07849,205.04849590831304,candidate,DES-SL-simulated
DES-0809,DES-SL,36.1969391670353,-48.736466398283625,0.3775820192946042,0.7637677886774183,0.8653744676571163,96987656451.3152,211.73184877534172,candidate,DES-SL-simulated
DES-0810,DES-SL,35.36659323625494,-58.338625975561264,0.11917654819897275,1.3204101820992433,0.781533013869935,90378665029.72261,215.07468352882805,candidate,DES-SL-simulated
DES-0811,DES-SL,49.86040733938647,-38.73428660387176,0.1875767520392346,1.055323585505065,0.5841551630739084,85149228698.09126,241.46614299684273,candidate,DES-SL-simulated
DES-0812,DES-SL,23.646803010763705,-42.0448975784496,0.05,0.1783049642600371,1.0094441308679498,156010660260.7261,248.63713304810244,candidate,DES-SL-simulated
DES-0813,DES-SL,0.5838576093313796,-48.911871071587065,0.0688253639551932,2.5,1.019608445037786,70992169861.56558,166.88546338520123,candidate,DES-SL-simulated
DES-0814,DES-SL,8.589378699844318,-50.12962158648202,0.05,0.5223510335601541,1.4286693061712215,208051001081.73257,241.35096710792507,candidate,DES-SL-simulated
DES-0815,DES-SL,3.746057041680646,-33.86603636753496,0.10681498149640824,0.4352767333522471,0.5771518435845926,63582757894.387085,209.92039397133414,candidate,DES-SL-simulated
DES-0816,DES-SL,48.34414931258449,-41.488372616873704,0.13194556049533374,0.36492123151870565,0.7371170778059132,54660665283.80893,172.2261985203127,candidate,DES-SL-simulated
DES-0817,DES-SL,14.561663907344077,-44.47603339038821,0.1460970180664733,1.5084586453335762,1.3160769010184024,288165136972.81616,295.9443690559049,candidate,DES-SL-simulated
DES-0818,DES-SL,15.714593512523363,-41.76831756488621,0.4633386462059662,1.1767222712744223,1.3067232949804752,110724847766.63965,184.10294041067453,candidate,DES-SL-simulated
DES-0819,DES-SL,46.43764798939261,-46.38753138187346,0.07221090079596693,0.6725761552620876,0.5608883458358276,91117768960.26306,254.91378776716448,candidate,DES-SL-simulated
DES-0820,DES-SL,59.373796909748386,-56.524960249758905,0.18235368370597757,0.977776895958112,0.6308666099487127,52244511558.71464,182.0042633839625,candidate,DES-SL-simulated
DES-0821,DES-SL,37.656403279923815,-36.90425982963319,0.5067556166747296,0.7657302434118218,0.8202094649409584,32609870844.128426,126.10785732345875,candidate,DES-SL-simulated
DES-0822,DES-SL,54.04692001130553,-32.80408103641532,0.6,2.1990910970673805,0.6241324103944876,49712709635.552666,178.4947083683064,candidate,DES-SL-simulated
DES-0823,DES-SL,4.2578779971321286,-50.046674729860584,0.053407383297505245,0.5952666547605043,0.857611106170962,69520669561.41263,180.07016830415375,candidate,DES-SL-simulated
DES-0824,DES-SL,31.139727385929895,-39.82465892107782,0.10408518055974664,0.5831974783427277,0.5112070486868641,58724614043.40886,214.3589714614144,candidate,DES-SL-simulated
DES-0825,DES-SL,9.621546336234012,-33.16603862054728,0.6,1.7190672443009807,0.9930501667922367,252358933114.72803,318.8260089107603,candidate,DES-SL-simulated
DES-0826,DES-SL,20.092577608772025,-39.65462119763801,0.17151027860131676,1.4891554134857936,0.7540253987346559,27144914354.447613,120.0,candidate,DES-SL-simulated
DES-0827,DES-SL,21.708442082129412,-30.17478624954797,0.6,2.4571078060612077,1.0307766277998378,145897146165.65125,237.94200280262962,candidate,DES-SL-simulated
DES-0828,DES-SL,7.00873900872736,-48.787994495055976,0.4167903451874589,1.1804907905915871,0.9322110915787287,107261270619.72348,214.5331113654605,candidate,DES-SL-simulated
DES-0829,DES-SL,8.998263567809833,-50.10915339884845,0.6,0.8918361702180675,0.9293010771429085,85634660901.94487,191.98909726806517,candidate,DES-SL-simulated
DES-0830,DES-SL,8.113719247083138,-50.5559752159789,0.6,0.9209485224248077,0.8867836450784514,70888859069.54019,178.81755464338192,candidate,DES-SL-simulated
DES-0831,DES-SL,43.14986290673337,-39.94460455596534,0.27379030856033815,0.6823885455961551,0.7148951052965917,124699790562.41006,264.14457520315284,candidate,DES-SL-simulated
DES-0832,DES-SL,44.275436248731,-32.23645223164401,0.10760609711188816,0.35029888521288227,0.5528319759231458,68411724219.18361,222.48395000568044,candidate,DES-SL-simulated
DES-0833,DES-SL,19.508846773869013,-41.01854627097025,0.08587053374970662,1.15871032879238,0.8142263055828841,40855179404.117424,141.67101062958199,candidate,DES-SL-simulated
DES-0834,DES-SL,46.45333146936079,-41.82273170360111,0.5417639549565728,1.0281772215098086,0.9986778679804318,197886366626.57248,281.530349978816,candidate,DES-SL-simulated
DES-0835,DES-SL,26.345677294312523,-45.40169868931853,0.46387850029551553,0.8274401534640594,0.8806277419782426,86974384370.85838,198.76023245818274,candidate,DES-SL-simulated
DES-0836,DES-SL,44.51201160519554,-38.57991874429466,0.2645271341642311,2.5,1.030077643554737,132509892565.55215,226.83975306611154,candidate,DES-SL-simulated
DES-0837,DES-SL,51.0360328980934,-35.89729292705512,0.23504846696816625,1.545269673586288,0.7096993728723531,79851150610.3274,212.1452802580033,candidate,DES-SL-simulated
DES-0838,DES-SL,8.510989315154527,-39.25111528203604,0.05,1.0345973906481405,0.9752084095136409,130920873624.47891,231.7318475329914,candidate,DES-SL-simulated
DES-0839,DES-SL,35.92642224801699,-31.16626794444848,0.28475482201571284,0.8086419262685347,0.9592448190112612,110851673265.5594,214.9989758087175,candidate,DES-SL-simulated
DES-0840,DES-SL,36.67240511149161,-30.06895374574428,0.06363164525107505,0.6096188203737434,0.8660770807438025,149002828241.05624,262.33061576448625,candidate,DES-SL-simulated
DES-0841,DES-SL,12.979198141138319,-44.82500461030193,0.155468821937647,0.8126327435814672,0.8861108276170373,122403919674.22102,235.06265470532264,candidate,DES-SL-simulated
DES-0842,DES-SL,37.08304850012234,-57.25344792746262,0.08231365665483477,0.8371171628346356,0.6771690600863125,24378086163.10725,120.0,candidate,DES-SL-simulated
DES-0843,DES-SL,33.030248446213065,-38.805705383417916,0.11422919489722945,1.5608898206772364,0.559513144275317,41526477574.55273,172.3008405062017,candidate,DES-SL-simulated
DES-0844,DES-SL,44.59892961931628,-49.207096149098206,0.11847543979748056,1.2620606930516531,0.4992929758053732,31311671499.835556,158.3818434438936,candidate,DES-SL-simulated
DES-0845,DES-SL,49.0007243565554,-30.988337903150697,0.43874128788194633,0.9531592922278379,0.8755126165780446,185712807837.70255,291.28607217176506,candidate,DES-SL-simulated
DES-0846,DES-SL,0.9861634759396298,-52.46061123823669,0.15809635123920962,0.6599595330480701,0.8806091075862582,142993206435.12302,254.85673302924693,candidate,DES-SL-simulated
DES-0847,DES-SL,55.690556343974094,-44.99813020229376,0.15969549243699838,1.3615545064588856,0.8180198496165115,29448714586.194416,120.0,candidate,DES-SL-simulated
DES-0848,DES-SL,19.731637951840632,-40.11487199127811,0.06186396143969344,0.46089723219624323,0.46718557447366404,62346784212.85189,231.04273259749107,candidate,DES-SL-simulated
DES-0849,DES-SL,8.020214931882128,-36.84545363692078,0.09470789849298056,0.405504837116176,0.707623359403855,35258383149.32982,141.17575259852896,candidate,DES-SL-simulated
DES-0850,DES-SL,19.918617129673986,-33.474880244673415,0.268014770260394,1.69203271075166,0.8778271676411845,148881318312.38983,260.4627308986636,candidate,DES-SL-simulated
DES-0851,DES-SL,47.06768801360275,-37.52685115800757,0.05,1.0323580552258667,0.9701533233549643,135710238264.39781,236.5462754779649,candidate,DES-SL-simulated
DES-0852,DES-SL,49.32869277422238,-45.81252087064627,0.26106590850127565,1.0176722071736268,1.448414708645985,78718011302.08597,147.44178815739227,candidate,DES-SL-simulated
DES-0853,DES-SL,46.63371120009947,-37.90830629849866,0.5647159606608728,1.5778510590349777,0.8025670369363069,105234646126.01395,229.01752079913567,candidate,DES-SL-simulated
DES-0854,DES-SL,49.84565200879359,-47.18154875618017,0.05,0.4306453885769675,0.9145740603295984,157780090961.5521,262.6918850367937,candidate,DES-SL-simulated
DES-0855,DES-SL,57.581928033060265,-52.43282342769143,0.17400448478312075,0.4574374742381851,0.7265586264385496,65860027116.87997,190.41695522855477,candidate,DES-SL-simulated
DES-0856,DES-SL,6.368679169283511,-31.382820017181437,0.12007851840815024,0.22007851840815024,1.254045763935741,193940262057.5547,248.7180430539999,candidate,DES-SL-simulated
DES-0857,DES-SL,49.72933542632291,-33.66992196444717,0.3217703013213443,1.063832704028124,0.8274301825544201,135931058457.59703,256.3443003230662,candidate,DES-SL-simulated
DES-0858,DES-SL,54.368255254034054,-58.794965581482565,0.2720220273859296,0.7979973850442617,1.439509048278488,221661291845.67487,248.18054054115288,candidate,DES-SL-simulated
DES-0859,DES-SL,52.17701990699215,-36.72308752832447,0.18504201087245728,0.7797402073362276,0.41719178309774146,29725548793.500465,168.82123122251102,candidate,DES-SL-simulated
DES-0860,DES-SL,46.964090481421664,-55.18157920592389,0.05,0.4186843883248186,0.9164877125680725,75011584071.15376,180.93843962588997,candidate,DES-SL-simulated
DES-0861,DES-SL,11.190035004288234,-52.934566453300114,0.12517384764949174,0.6874114866381982,1.3527083530399862,80700936604.2862,154.47819892016872,candidate,DES-SL-simulated
DES-0862,DES-SL,19.930754994198796,-34.89847903576132,0.0740325159426998,1.5577867621966328,0.7361905327543132,62198911464.16191,183.83418483328086,candidate,DES-SL-simulated
DES-0863,DES-SL,27.799556347001598,-45.06029616735694,0.05,0.8479755234675276,0.6003496179308503,71771222148.21515,218.676969766287,candidate,DES-SL-simulated
DES-0864,DES-SL,28.61807346575667,-49.31319337531873,0.3248945673313066,0.9031258542513162,1.1755201313170718,116365894105.21863,198.9884254472142,candidate,DES-SL-simulated
DES-0865,DES-SL,46.8036553930901,-44.59829779415457,0.14486016920594366,1.6754343216162435,1.084951072614496,182916772981.39172,259.68788204446537,candidate,DES-SL-simulated
DES-0866,DES-SL,29.69593946035417,-30.159296101064246,0.11143593040915518,0.7987946844864409,0.6956068335504165,54065544804.58016,176.3227568689035,candidate,DES-SL-simulated
DES-0867,DES-SL,44.36901513727966,-45.17292220777161,0.05,0.19789414471109884,1.358633224904966,293709856943.4049,294.0614816231599,candidate,DES-SL-simulated
DES-0868,DES-SL,13.132109539772811,-37.1707930640504,0.17543201800203692,2.2533661627163983,0.6766408619509332,96062647501.8455,238.3022599363413,candidate,DES-SL-simulated
DES-0869,DES-SL,26.156069453467694,-30.43785649558106,0.15815905351577744,1.0928703197025502,1.3087626202913027,164205695219.35544,224.02354344633412,candidate,DES-SL-simulated
DES-0870,DES-SL,15.539764397977962,-32.9499256310312,0.28742165963636307,0.6914386313594785,1.146907023238621,79774989020.00208,166.80123663851816,candidate,DES-SL-simulated
DES-0871,DES-SL,38.97978980817165,-54.25965711894382,0.2346216270523108,0.9153580781805383,0.5158528455663575,23703075001.246235,135.57181981726586,candidate,DES-SL-simulated
DES-0872,DES-SL,41.10967203685117,-38.87210139538963,0.17743005942877,0.9330424702190431,1.0312348978851904,124273426119.94482,219.55348279472145,candidate,DES-SL-simulated
DES-0873,DES-SL,7.391513282569813,-48.776845951310804,0.21332919761559488,1.3627547087949452,0.8980581136562353,65048990373.092354,170.21508865365354,candidate,DES-SL-simulated
DES-0874,DES-SL,23.37571490631769,-59.54677663236887,0.15458347766308628,1.5244582875377513,0.8223279041695357,63952890559.74452,176.37522111809653,candidate,DES-SL-simulated
DES-0875,DES-SL,23.201489678327285,-35.91400882807362,0.07943004475782822,0.7217497624393304,0.7579022130339222,119959256039.68048,251.61717955695318,candidate,DES-SL-simulated
DES-0876,DES-SL,8.121747705615467,-55.71336197423199,0.4009835251844286,0.6798693169979493,1.2348846182611282,84512303520.86928,165.4538109139403,candidate,DES-SL-simulated
DES-0877,DES-SL,6.256665469892775,-33.1068769284379,0.1471483444973592,0.6462391517646426,0.9398778220643846,127027395641.97919,232.51072578142077,candidate,DES-SL-simulated
DES-0878,DES-SL,7.775143800599064,-59.937580824711425,0.05,1.0926539414062046,0.8240431690760059,57325095253.863396,166.81204493251795,candidate,DES-SL-simulated
DES-0879,DES-SL,42.3624590374901,-43.025740974414774,0.05,0.27231636764847283,0.6818327995454656,43138139443.22879,159.0822614391527,candidate,DES-SL-simulated
DES-0880,DES-SL,12.113763367973391,-47.755060052953354,0.17830393797956784,0.43997479390772076,0.7000212438265924,83720883757.42474,218.7214053749003,candidate,DES-SL-simulated
DES-0881,DES-SL,40.419259846934594,-57.934273871773755,0.17507143426048094,0.8753725181784713,0.9889307102250923,103434897476.7692,204.54110978746888,candidate,DES-SL-simulated
DES-0882,DES-SL,2.9115570946015823,-54.351589533080336,0.3482604001465537,0.7756336815376756,0.5470802587771647,55229559733.88214,200.95104289798343,candidate,DES-SL-simulated
DES-0883,DES-SL,20.410257023309374,-45.970256274358775,0.05049353004096332,0.9428634619889855,0.8444287570921022,167137714459.34955,281.375135913959,candidate,DES-SL-simulated
DES-0884,DES-SL,12.925314216436885,-35.134122804973444,0.18159293513001104,0.4577002523556841,0.8694385904013026,125099913217.07605,239.9048586477382,candidate,DES-SL-simulated
DES-0885,DES-SL,2.2036913343549336,-36.031124242290865,0.3143133861978805,1.1153779795938261,0.5208259795358265,87146339310.65369,258.7070420095549,candidate,DES-SL-simulated
DES-0886,DES-SL,6.488975880795758,-40.31956261225481,0.5307887697460169,1.2897187829692254,0.5688435514098036,23726830202.16243,129.1675544950109,candidate,DES-SL-simulated
DES-0887,DES-SL,21.247838180861716,-59.13264530200328,0.13099639167701918,0.7241397695177322,1.6220570658766051,58394054371.557785,120.0,candidate,DES-SL-simulated
DES-0888,DES-SL,21.594475649620396,-46.0816037483396,0.3052976455583292,1.0099026690150994,0.5427871868343316,69002174135.55432,225.5000224957761,candidate,DES-SL-simulated
DES-0889,DES-SL,55.754934914588155,-46.64162649488266,0.4095235105403337,0.6292731815099333,0.6301500209688509,120253092648.26886,276.28426099334234,candidate,DES-SL-simulated
DES-0890,DES-SL,18.299731098161146,-41.46245229486027,0.05,1.2448316449771075,1.1302649999269636,113497134441.49452,200.41596045524048,candidate,DES-SL-simulated
DES-0891,DES-SL,17.36818132035217,-33.29530912279817,0.14131144916855556,0.7494800479025537,1.0212468602282927,97673009774.83328,195.59237213006733,candidate,DES-SL-simulated
DES-0892,DES-SL,57.51111649088558,-52.01550159210806,0.10857935490595602,0.5517114536727523,0.7389790655281148,60111709987.09242,180.38211266383033,candidate,DES-SL-simulated
DES-0893,DES-SL,33.225350180273914,-56.329055137019274,0.6,0.9253069584420888,0.7590534533797623,100664027982.99205,230.3196371057778,candidate,DES-SL-simulated
DES-0894,DES-SL,14.184237537186878,-46.311123506166034,0.21764367956771913,1.0168422892705173,0.4033112578979855,51564063884.069626,226.14312647984772,candidate,DES-SL-simulated
DES-0895,DES-SL,49.7375410326404,-51.84658496426408,0.5822617292888902,1.5314613292621901,0.9469993464300434,131782305079.6829,235.93029238180318,candidate,DES-SL-simulated
DES-0896,DES-SL,42.76518012359589,-30.438445791962828,0.06635754147562156,1.2172037038059007,0.5684738065596024,49283521960.36782,186.2197050944824,candidate,DES-SL-simulated
DES-0897,DES-SL,32.512857226360865,-54.893560953539854,0.06851695367336619,1.1799290687779287,0.7127886313213583,137566192382.54916,277.8468464691014,candidate,DES-SL-simulated
DES-0898,DES-SL,57.190955814653115,-30.435738029867032,0.1230388262037835,1.1562289351819597,1.1814076825472217,76310018073.90096,160.7388580187683,candidate,DES-SL-simulated
DES-0899,DES-SL,52.295829057093655,-49.263057433630564,0.1791616836040993,0.5841294667816741,0.6905613024531905,51198180201.06413,172.20911666930846,candidate,DES-SL-simulated
DES-0900,DES-SL,30.184107808729856,-45.1599515331797,0.11168165851749126,0.39053051434009567,1.1980371562173586,175781114149.19434,242.25957906687532,candidate,DES-SL-simulated
DES-0901,DES-SL,43.58825593082659,-45.54327341827546,0.05,0.7431787230951622,0.9254642483471913,221123644184.80295,309.1489416865991,candidate,DES-SL-simulated
DES-0902,DES-SL,59.6792533774866,-30.117991344156096,0.28478054084591603,1.7053720823777159,0.9201448032016338,84827178914.89503,192.03014896949045,candidate,DES-SL-simulated
DES-0903,DES-SL,8.812470778129615,-49.28801583740082,0.1417178502933098,0.3704414507272283,1.0052730093588016,177113681023.00815,265.469137697183,candidate,DES-SL-simulated
DES-0904,DES-SL,46.06444859116254,-45.164926356122336,0.10818008034637751,0.24497223229513077,0.671987654154229,76541056466.06561,213.45020425266233,candidate,DES-SL-simulated
DES-0905,DES-SL,24.471777805539713,-47.5052876289279,0.1897976346299333,1.0130385507964974,0.9679893314817934,172736588501.7951,267.1695010049148,candidate,DES-SL-simulated
DES-0906,DES-SL,14.23166106803613,-33.778622569765076,0.3363802225877697,0.91926881029149,0.5581735164670188,88710726386.83313,252.13518213731987,candidate,DES-SL-simulated
DES-0907,DES-SL,45.74517729874341,-38.37350776475628,0.11604218750508768,1.2403964247349109,0.6108825980861772,44244118625.833755,170.2075783637812,candidate,DES-SL-simulated
DES-0908,DES-SL,53.75303022405283,-42.13633551876464,0.11426445332098285,0.23530245275108053,0.8599022107534943,107736901367.25995,223.8657751441427,candidate,DES-SL-simulated
DES-0909,DES-SL,0.33799670288295003,-30.43001930926479,0.16502018984993022,0.7479802225863024,0.8399658873731277,79603027908.6172,194.69910942194443,candidate,DES-SL-simulated
DES-0910,DES-SL,13.460831182305872,-31.641112651878462,0.1653326124717582,0.44630856764191185,0.8208300309485138,126771181388.4546,248.5499303941233,candidate,DES-SL-simulated
DES-0911,DES-SL,41.3011919724137,-30.86912606264701,0.20572910253304574,1.4492058545121742,1.4058088262699926,183682943526.07147,228.61318699714508,candidate,DES-SL-simulated
DES-0912,DES-SL,48.07873589132837,-36.40908190192761,0.3626681903262286,0.5548380833433958,0.9475712509399485,96808870917.9614,202.15367236143595,candidate,DES-SL-simulated
DES-0913,DES-SL,49.29530168914882,-34.67831001638593,0.09020677524460928,0.5411143851478335,0.9821307761815687,155203484290.22205,251.41782725645183,candidate,DES-SL-simulated
DES-0914,DES-SL,20.38058031274013,-48.60284434145321,0.38127015187702956,0.9235633017056983,0.7907357499319844,138477782377.53073,264.66978135823655,candidate,DES-SL-simulated
DES-0915,DES-SL,42.45926298708721,-43.95639373700655,0.07291605426923431,0.17291605426923431,0.9661055603854365,98017300659.13051,201.45083594263147,candidate,DES-SL-simulated
DES-0916,DES-SL,54.09865066621856,-43.6306914502706,0.1810992406167212,0.7005977615103924,1.0810659144056463,61559965388.64624,150.92218771082733,candidate,DES-SL-simulated
DES-0917,DES-SL,53.70882953830367,-36.35567958096267,0.05,1.5632325536570664,0.9159161468939927,53965472477.04071,153.5182919757679,candidate,DES-SL-simulated
DES-0918,DES-SL,43.44458530742419,-45.00049405185494,0.05,1.2264779407812567,0.995107116389993,89469269869.01936,189.64090808359313,candidate,DES-SL-simulated
DES-0919,DES-SL,30.452299505524532,-49.735760481088825,0.08636381989350367,0.6801644375798916,0.6539936425933673,23543771133.361225,120.0,candidate,DES-SL-simulated
DES-0920,DES-SL,17.053551038252547,-32.87676283627093,0.3861775973257168,1.2617865453453123,0.8549911629128913,30779681864.86409,120.0,candidate,DES-SL-simulated
DES-0921,DES-SL,0.48712842221969144,-46.70227975921996,0.11867824587204796,0.9596492628384276,0.8442593520113498,69949871518.64914,182.0478340449647,candidate,DES-SL-simulated
DES-0922,DES-SL,27.311122682062997,-36.755708374732386,0.05,0.6547267159068727,1.0868421477692713,97123418716.15372,189.06395568739134,candidate,DES-SL-simulated
DES-0923,DES-SL,14.110214347476706,-47.077740753561145,0.10637525789490251,0.2452791398338948,0.8238764689936217,159430384661.06854,278.21753158324054,candidate,DES-SL-simulated
DES-0924,DES-SL,26.40198918024032,-48.226654674692256,0.05,0.550066852132106,0.7727587149213457,72535292565.34789,193.7682974797692,candidate,DES-SL-simulated
DES-0925,DES-SL,20.180438311246007,-36.811993789207335,0.14596507869870887,1.401634002698287,0.8832816601895555,87550999954.60779,199.1181939361959,candidate,DES-SL-simulated
DES-0926,DES-SL,24.053599095997594,-47.83945159123435,0.34735095328506393,0.5061147588393146,0.5700080153276881,83731406088.2145,242.40060893263131,candidate,DES-SL-simulated
DES-0927,DES-SL,20.36653234424307,-56.289245037978624,0.12315468174176443,0.7325787383611257,0.5370110413119142,45654530904.67736,184.4082432031326,candidate,DES-SL-simulated
DES-0928,DES-SL,24.2092485168303,-52.73082949000736,0.3570853830413503,0.8706163556718227,1.0188123498754156,101226179892.07219,199.3560036556744,candidate,DES-SL-simulated
DES-0929,DES-SL,37.889946400409855,-48.437906444459415,0.05183977031616077,0.8475974130387667,1.350863623306412,231970357253.8951,262.0839875697222,candidate,DES-SL-simulated
DES-0930,DES-SL,50.715107745430885,-59.70982383459243,0.40147601967983293,1.4141646802592494,0.8763268277536425,36598853379.066956,129.25003867099946,candidate,DES-SL-simulated
DES-0931,DES-SL,44.276880496999226,-37.7628690858842,0.05816466633476261,0.8719202619628245,0.7522017409448796,61911557150.18016,181.44654044547264,candidate,DES-SL-simulated
DES-0932,DES-SL,20.642447316883672,-33.76261450837973,0.2873987936345561,2.442961694399579,0.606979245967258,71793481883.12244,217.5131826478107,candidate,DES-SL-simulated
DES-0933,DES-SL,11.582169732859263,-30.035218214572552,0.24978182857482548,0.417635742491406,0.9442633899520404,179113856593.70435,275.4533206020596,candidate,DES-SL-simulated
DES-0934,DES-SL,0.6443389078789497,-33.606143775196216,0.30685388390763174,0.8487725992290407,0.822667093242854,84450263019.6526,202.63685480521107,candidate,DES-SL-simulated
DES-0935,DES-SL,20.279761878715373,-49.459229570046574,0.10712023472385981,0.3269869550621391,0.7076086253323565,85541497499.5703,219.89829449168235,candidate,DES-SL-simulated
DES-0936,DES-SL,35.465927956319554,-45.54326306188681,0.49876944698638537,0.9734781244120289,0.7501624043656219,62793692085.79161,182.98283742694488,candidate,DES-SL-simulated
DES-0937,DES-SL,13.551730897330218,-38.432705540243674,0.543557629418874,1.0990967049544718,0.9978912977997126,135922773061.7932,233.4180793230911,candidate,DES-SL-simulated
DES-0938,DES-SL,54.21187355476755,-42.84024164079875,0.3233221118064839,1.4046939142966617,0.7517535767135937,66260474613.78817,187.76710713628407,candidate,DES-SL-simulated
DES-0939,DES-SL,28.41051526446387,-30.063064417373493,0.5427344651573422,0.9172611758046436,0.8173507693343552,65555632051.01259,179.1145071007961,candidate,DES-SL-simulated
DES-0940,DES-SL,42.01833553886856,-30.05244629441232,0.315886634895343,0.7775154636045158,0.6720720376217111,78205329626.05241,215.74476074295524,candidate,DES-SL-simulated
DES-0941,DES-SL,4.703305618215509,-59.37707730826617,0.4562525848613468,0.7607163954532037,1.0532429286123053,85946999464.91461,180.66793446009402,candidate,DES-SL-simulated
DES-0942,DES-SL,47.903768940179454,-36.737564551007296,0.05,0.7440241965590755,0.6154745417991304,52000702424.51844,183.83557333272853,candidate,DES-SL-simulated
DES-0943,DES-SL,40.45260962325886,-39.41291915652546,0.06745386144089617,2.025497265876776,0.36870393449198596,44473788509.76341,219.6560516808967,candidate,DES-SL-simulated
DES-0944,DES-SL,35.32949359489759,-54.21628692542683,0.14064863180027512,0.3595332277857455,0.8185439162678178,131880206681.02176,253.86265204075778,candidate,DES-SL-simulated
DES-0945,DES-SL,29.008143859401066,-39.31561218814208,0.22309535377616485,1.5924262206553845,1.4353145860668175,146286661308.26645,201.91045645522894,candidate,DES-SL-simulated
DES-0946,DES-SL,14.556421017207132,-43.9536355359723,0.11032350979920348,2.1682181288664037,0.9191539849775836,100094909580.49103,208.7093253613209,candidate,DES-SL-simulated
DES-0947,DES-SL,4.535105544326838,-59.8991286503119,0.46617767250236697,0.566177672502367,0.7880969304078334,84782294971.78366,207.44012327058476,candidate,DES-SL-simulated
DES-0948,DES-SL,51.12887903112055,-33.96266604782216,0.4089939926315211,1.832240481300491,1.3547184025609822,111029886302.83307,181.06121403955393,candidate,DES-SL-simulated
DES-0949,DES-SL,32.23513632020032,-59.44258997834702,0.2974203110817142,0.4286586752881358,0.31445893511385276,37944865339.90318,219.6972060593782,candidate,DES-SL-simulated
DES-0950,DES-SL,24.61230031701194,-34.932341733212255,0.1013611772867638,0.6108053904102602,1.2919081347100654,104754739859.10579,180.0947366640841,candidate,DES-SL-simulated
DES-0951,DES-SL,12.223347715830927,-40.60594438705351,0.059253273812342265,1.157874050376747,0.4320161170865306,39443254049.16137,191.10250921940852,candidate,DES-SL-simulated
DES-0952,DES-SL,37.14909309445964,-30.66458738015829,0.05,0.20593391454937898,0.4478232176790685,62889829935.1857,237.01012687854472,candidate,DES-SL-simulated
DES-0953,DES-SL,7.285327339875749,-46.012297766478795,0.2056591206552545,0.3347038283929683,0.486957203856286,43748227027.49174,189.56791208281422,candidate,DES-SL-simulated
DES-0954,DES-SL,42.02361477811786,-56.205271220392376,0.17330255928825208,2.479026161231638,0.4345495672112044,26497107547.512768,156.17430035938895,candidate,DES-SL-simulated
DES-0955,DES-SL,29.981436173167218,-44.14454486520719,0.3912526471916034,1.6135977316796597,0.9700093750442523,34920337501.59309,120.0,candidate,DES-SL-simulated
DES-0956,DES-SL,27.20121227485172,-33.3121061059142,0.281568402548775,1.027848544424838,0.8903906306407599,102610627326.98004,214.70189437225594,candidate,DES-SL-simulated
DES-0957,DES-SL,9.490193424565565,-58.42566957511789,0.22017833279368842,0.8294540631188412,1.533860366896801,192639800517.5357,224.1352132219826,candidate,DES-SL-simulated
DES-0958,DES-SL,18.910721730953338,-38.556919245022215,0.06696072624200074,0.24243097505981442,0.8579759731227574,80717099612.88025,193.98815240978047,candidate,DES-SL-simulated
DES-0959,DES-SL,21.92035581664203,-33.60540069883643,0.05,0.8788727243441741,0.6347330183785274,77126270993.70422,220.46295151458565,candidate,DES-SL-simulated
DES-0960,DES-SL,37.26735617470861,-51.73965449584668,0.18152245021037722,0.6167467774661326,0.6094603619020146,74978228511.59937,221.8323350442493,candidate,DES-SL-simulated
DES-0961,DES-SL,30.65583459564886,-45.082370521545855,0.19862030486172536,0.5350550776913239,0.9005371406811894,85995587484.03055,195.44171504509248,candidate,DES-SL-simulated
DES-0962,DES-SL,20.552529939561055,-31.60474865124176,0.17234974107813025,0.4548667050704356,0.9595858476419351,172751958143.75772,268.3487446463692,candidate,DES-SL-simulated
DES-0963,DES-SL,1.0865662372773333,-41.748942279112924,0.17031836822441854,0.9493443861191837,0.46344612157578274,79163568254.29701,261.3924566558511,candidate,DES-SL-simulated
DES-0964,DES-SL,29.904452562792294,-48.10264316065268,0.10992114097768531,1.3235764996666306,0.9267357910658182,93653520152.69035,201.05463084471606,candidate,DES-SL-simulated
DES-0965,DES-SL,40.71179072621654,-35.20088556686983,0.22816279835817624,0.32816279835817624,0.8096209697125232,48047839208.45318,154.07282737515789,candidate,DES-SL-simulated
DES-0966,DES-SL,23.269265323492572,-55.21268301639859,0.4858395623623774,1.267908470013201,0.6153601076053848,29749764539.26671,139.06155864856441,candidate,DES-SL-simulated
DES-0967,DES-SL,14.461783940155543,-58.06186055741037,0.05,0.75587315991864,1.0755840481867873,169506729828.26654,251.0737400961231,candidate,DES-SL-simulated
DES-0968,DES-SL,56.01373869616399,-53.72786144098953,0.08074540334887263,1.5994957894023307,1.2498709885998485,194187775864.0369,249.29200220287703,candidate,DES-SL-simulated
DES-0969,DES-SL,4.942904344704637,-49.3305470150491,0.05,0.44651188478538345,0.7734316397718317,27843539031.785942,120.0,candidate,DES-SL-simulated
DES-0970,DES-SL,3.7785864087996424,-31.606257162283516,0.3152247317507895,1.4510896073355286,0.8931079467886011,99421590831.17345,211.01745107165496,candidate,DES-SL-simulated
DES-0971,DES-SL,44.860306204809476,-42.727143488513065,0.15131678376113955,0.8303854738234194,0.6172679923065052,97589906154.00183,251.47543437649054,candidate,DES-SL-simulated
DES-0972,DES-SL,37.717872934133574,-32.47779221721755,0.06302834550703675,0.377037480047809,0.46184721657042876,36879625188.86437,178.72038020655629,candidate,DES-SL-simulated
DES-0973,DES-SL,42.39364885937988,-33.89275025258995,0.20024196083831416,1.8396945242694667,0.6484800013021358,64571282483.28632,199.57282648898646,candidate,DES-SL-simulated
DES-0974,DES-SL,50.54798443275754,-49.853504484524834,0.24462716957109376,0.6896623239890393,1.0834377429115676,43719208413.58284,127.04692566853682,candidate,DES-SL-simulated
DES-0975,DES-SL,44.006489628639486,-58.10552394279409,0.2682820499003594,0.9114049226464269,0.6281967672831734,94491136035.64319,245.2887794993505,candidate,DES-SL-simulated
DES-0976,DES-SL,44.25666970392796,-36.07740086133522,0.3262301045597082,0.5568447336805562,0.8902316097351386,100524841063.33101,212.5275265410203,candidate,DES-SL-simulated
DES-0977,DES-SL,49.37701920133297,-46.92481083196341,0.05,0.7909643022519415,1.2993300719655423,46775882590.75952,120.0,candidate,DES-SL-simulated
DES-0978,DES-SL,57.168275133836445,-41.88314099565683,0.21944661725675765,0.7039493121883283,1.0760223609436397,58323203101.82268,147.2448219003266,candidate,DES-SL-simulated
DES-0979,DES-SL,41.36934937961743,-32.9106982914763,0.19104005771524404,0.8880335849821384,0.7153044328055502,136924314416.55339,276.70998129395866,candidate,DES-SL-simulated
DES-0980,DES-SL,19.31464581490931,-35.54566207722647,0.35053702514882085,1.1316404390689678,0.9321982129159777,97493439529.76262,204.53308025518152,candidate,DES-SL-simulated
DES-0981,DES-SL,53.39760729691909,-45.973792131993925,0.0782681351192694,0.2589482967105286,0.5464182953818851,101434459379.715,272.496004662881,candidate,DES-SL-simulated
DES-0982,DES-SL,14.19861287291408,-31.535975109670936,0.12922098324244208,0.5864479844420603,0.8451504955825294,89686644044.07268,206.02828964392313,candidate,DES-SL-simulated
DES-0983,DES-SL,26.599200388744805,-54.83205556932636,0.14801786855492757,0.5169220352567729,0.5801893634737395,119518880542.49063,287.05384777651153,candidate,DES-SL-simulated
DES-0984,DES-SL,57.67247407337158,-56.50359936854407,0.15797125454874095,0.5501930568208518,0.5195654570426396,47787174498.729805,191.80747901045646,candidate,DES-SL-simulated
DES-0985,DES-SL,20.519148317279097,-33.01244350613713,0.08198878211695589,0.707054599974495,0.8938732037825903,54208240755.15805,155.74879420393103,candidate,DES-SL-simulated
DES-0986,DES-SL,19.589659659795096,-39.81107480664553,0.05597123849903233,0.26749974919974095,0.7220020542558961,69572037580.15985,196.32614567334915,candidate,DES-SL-simulated
DES-0987,DES-SL,47.126701851134364,-56.62506126558344,0.1462258964130211,0.46118406141086676,0.7574137114992631,39029979583.79599,143.56962838607706,candidate,DES-SL-simulated
DES-0988,DES-SL,53.680870459960076,-58.64225058388346,0.24889210246912924,1.337059192400991,1.079919733831103,73868904361.17377,165.41126606924783,candidate,DES-SL-simulated
DES-0989,DES-SL,30.963709341658625,-32.69318402152658,0.10173746264525936,0.9079722008519107,1.2507545806502705,108351750687.53001,186.14951585490152,candidate,DES-SL-simulated
DES-0990,DES-SL,54.772904713361825,-39.931407676280884,0.12371717840586048,1.843650138494612,0.9203946431911132,95596057821.57162,203.82757901066475,candidate,DES-SL-simulated
DES-0991,DES-SL,17.604654601163702,-40.81007199630474,0.3169950153003111,0.4315187217009922,1.374308956333185,302295755439.3838,296.62232309341755,candidate,DES-SL-simulated
DES-0992,DES-SL,47.95702846005899,-45.200211696103594,0.13489531267446048,1.6720524808825474,0.7074314050538615,80381040389.33803,213.18892486748115,candidate,DES-SL-simulated
DES-0993,DES-SL,14.473387506563801,-36.115484759307776,0.6,0.7254389747937362,0.8305415140657876,67214460693.95587,179.92051362080534,candidate,DES-SL-simulated
DES-0994,DES-SL,42.414054100543254,-37.65747920844285,0.5760111490426455,0.7501919577436627,0.9523646633815287,110759024575.4324,215.68399562106148,candidate,DES-SL-simulated
DES-0995,DES-SL,11.57362462088264,-32.826837126434214,0.15733027323660165,0.6060122645083026,0.9231679367508572,151735781384.72845,256.40922278700714,candidate,DES-SL-simulated
DES-0996,DES-SL,27.504829907531864,-32.011318735737646,0.17561339504991116,1.6314999305771956,0.4742823014689042,74582962647.1139,250.80220577328976,candidate,DES-SL-simulated
DES-0997,DES-SL,27.725076277493805,-57.65635707630767,0.4612681651206003,0.6840132032922311,1.5091406814216108,254563816500.25107,259.7547327502426,candidate,DES-SL-simulated
DES-0998,DES-SL,11.14327113005805,-39.14075675719408,0.15115162495784598,0.5807729073470593,0.7086077503778848,72356909792.48941,202.10034366160505,candidate,DES-SL-simulated
DES-0999,DES-SL,4.487289870171911,-52.447236036337394,0.2648933414800647,0.598665136281427,0.7931828619802289,45335227504.53862,151.20328770946608,candidate,DES-SL-simulated
DES-1000,DES-SL,41.282228013187726,-40.44027438402435,0.30188084054042225,0.9750329558504176,0.5328229698516049,79157438811.4965,243.77232146365807,candidate,DES-SL-simulated
DES-1001,DES-SL,11.414393028527938,-46.235930539251235,0.05,1.0011132761001533,0.8373402719196968,108301073789.84442,227.45494726859488,candidate,DES-SL-simulated
DES-1002,DES-SL,46.9742486150736,-48.99569715733594,0.1305019330485379,0.23050193304853792,0.7212424165001904,47842361388.8552,162.89046737505754,candidate,DES-SL-simulated
DES-1003,DES-SL,7.8625325487259445,-33.88006567143732,0.2839913683375421,1.0049479670651804,0.6500861092879834,54426310138.20618,182.99911882557174,candidate,DES-SL-simulated
DES-1004,DES-SL,13.375131701150432,-38.74220077133991,0.53046249990093,1.936907169995691,0.8373732103471652,155239986582.52213,272.31543783157304,candidate,DES-SL-simulated
DES-1005,DES-SL,6.3279378005651665,-36.08702078797964,0.1381827700918971,1.298311046437723,0.6470875174590521,38033556092.98197,153.33170016539827,candidate,DES-SL-simulated
DES-1006,DES-SL,13.242211233054341,-58.57954785760292,0.24095533981742193,1.4637623543285134,0.6953030288711474,64913300530.487274,193.24567408932822,candidate,DES-SL-simulated
DES-1007,DES-SL,47.092098719633306,-30.711851986888803,0.5156081475493548,1.277237380488015,1.0741543545141534,75823759022.78471,168.03482751989827,candidate,DES-SL-simulated
DES-1008,DES-SL,13.684496366507421,-57.89894324006505,0.6,1.79378619010655,0.6860407810222592,60078775270.63685,187.16108954134043,candidate,DES-SL-simulated
DES-1009,DES-SL,17.111725577065226,-36.21405038692586,0.3271761094561443,1.1961164115098644,1.197220808179863,57994780933.88597,139.1993872677417,candidate,DES-SL-simulated
DES-1010,DES-SL,48.48068520580642,-48.39116761446788,0.1990292737261813,1.5326446794713862,0.7057555712541651,161682593479.99854,302.7153694726574,candidate,DES-SL-simulated
DES-1011,DES-SL,4.217256841795121,-31.553788145536068,0.06194148029853703,1.4812485271343263,0.8069096384167908,121564234362.11876,245.48245263079588,candidate,DES-SL-simulated
DES-1012,DES-SL,3.8842659645888378,-56.60322623246347,0.18203792757776754,0.5503797840758937,0.42226872190661097,73762478282.8516,264.3341587120492,candidate,DES-SL-simulated
DES-1013,DES-SL,35.60857199125828,-30.079663521495053,0.1291032455578328,0.3678382704067801,0.610038102657908,75402103685.63399,222.35312943719777,candidate,DES-SL-simulated
DES-1014,DES-SL,38.39378616499512,-53.19458713496831,0.15073224090301565,0.5246952655456537,0.501972110202877,71959662185.09494,239.4609821853665,candidate,DES-SL-simulated
DES-1015,DES-SL,31.103891447278126,-32.653528550844804,0.2715796371472689,1.1264703303539936,0.6294699715614848,55749694134.34925,188.21911695616745,candidate,DES-SL-simulated
DES-1016,DES-SL,39.29134003009098,-58.79613632765233,0.3207777461750932,0.5840923207207573,1.2210435696626518,216851903852.1706,266.52996049986115,candidate,DES-SL-simulated
DES-1017,DES-SL,19.41284149779905,-52.42592107436161,0.19743439711737604,0.7157131948065845,0.9209484522792389,134454344570.46898,241.65720852200275,candidate,DES-SL-simulated
DES-1018,DES-SL,7.714095876178133,-30.452872525952625,0.36367763281131676,0.9580877112251103,0.657517066079693,61424868147.2794,193.3074524165421,candidate,DES-SL-simulated
DES-1019,DES-SL,45.5471457350556,-42.133521587824404,0.05,0.9220097946634401,1.1304519989139883,97291379263.3823,185.5415211174713,candidate,DES-SL-simulated
DES-1020,DES-SL,20.927435311921258,-37.25584615472137,0.1841338082805327,0.5595320169211526,0.6964201713753709,30584345975.906826,132.539071476268,candidate,DES-SL-simulated
DES-1021,DES-SL,3.778674479197983,-33.79976077186201,0.05,1.4113065739861375,0.46633836491393765,57080254270.23472,221.26991670821786,candidate,DES-SL-simulated
DES-1022,DES-SL,21.01290780789057,-51.87908457233557,0.2953545613881348,0.9640671026290231,0.7334133006979443,129099230681.22949,265.3489857209004,candidate,DES-SL-simulated
DES-1023,DES-SL,15.138428445518281,-30.497546542007164,0.053534041279116894,0.5757818588951327,0.8007866041677315,80802144183.01585,200.90143490755713,candidate,DES-SL-simulated
DES-1024,DES-SL,47.40160569853708,-46.83865353348598,0.07192349007816583,2.361074391279533,1.2361839303556357,195601705381.03995,251.57922056040675,candidate,DES-SL-simulated
DES-1025,DES-SL,33.95602492152284,-50.98411350848559,0.10750836242540913,1.5935018714422746,0.5111376008984657,59771193793.57112,216.2753609713139,candidate,DES-SL-simulated
DES-1026,DES-SL,55.20094661976041,-58.607869242625355,0.31596185123369586,0.5406290940365366,0.7611134285782842,98543108197.45209,227.57179322434507,candidate,DES-SL-simulated
DES-1027,DES-SL,44.20538071988539,-49.526876536512574,0.3830403073269392,0.7149078732916042,1.324894669370091,155230812097.79556,216.48523632508568,candidate,DES-SL-simulated
DES-1028,DES-SL,42.382752594182506,-47.48894326460488,0.3175241985936145,1.3316129911766972,1.2575013352596405,74639212073.9745,154.08461987401324,candidate,DES-SL-simulated
DES-1029,DES-SL,47.636322391917375,-31.555115849390827,0.2644757928349239,0.5177135990299007,0.48244389624416,81753339008.73405,260.35105222682284,candidate,DES-SL-simulated
DES-1030,DES-SL,55.59851805200671,-43.919251170688476,0.6,0.8689656870321127,0.3866565703078365,75251362538.38167,279.01302805798156,candidate,DES-SL-simulated
DES-1031,DES-SL,17.792065761288747,-34.98274878226442,0.5051445212126118,0.7497336543825568,0.5961234816206783,86169504429.62746,240.45769443499532,candidate,DES-SL-simulated
DES-1032,DES-SL,5.467930394027984,-55.58392616706273,0.061000032716548094,0.6853004654896322,0.8589521511219184,161897549919.7299,274.577943540095,candidate,DES-SL-simulated
DES-1033,DES-SL,8.82722070405508,-43.687831315082136,0.4850967597757671,1.7800277375505573,0.3589192578342396,30648826002.867077,184.8155618628677,candidate,DES-SL-simulated
DES-1034,DES-SL,58.78008782534395,-56.44415913539622,0.1510978962243457,0.71688360437446,1.075787188714561,77331031664.19772,169.567928095222,candidate,DES-SL-simulated
DES-1035,DES-SL,12.012959825070107,-58.43910459150465,0.13950749775389215,0.9199564259821446,1.179256899705576,99737741979.94579,183.93126111394307,candidate,DES-SL-simulated
DES-1036,DES-SL,50.71452623044992,-57.36431447020456,0.05887301637518245,1.4852221900540354,0.785592842079245,137275825569.84833,264.37979951112396,candidate,DES-SL-simulated
DES-1037,DES-SL,47.09977040353321,-53.110659660295596,0.08577579816126439,1.8033150167501832,0.9783106174841963,92193430502.14514,194.15187983461857,candidate,DES-SL-simulated
DES-1038,DES-SL,36.17378036678442,-51.30911938203684,0.16594922294540274,0.4615394795037413,0.795297870224756,162627048141.1022,285.99699865362044,candidate,DES-SL-simulated
DES-1039,DES-SL,38.73995467274068,-54.44352845548317,0.10389234550935622,0.40633346225802613,0.6766097025715041,35281664175.543045,144.42268538102462,candidate,DES-SL-simulated
DES-1040,DES-SL,18.754815531585642,-32.66778729280563,0.05,0.6229044515000765,0.976111921874295,134594510114.16992,234.85178216158636,candidate,DES-SL-simulated
DES-1041,DES-SL,7.494236677630042,-30.694155936103087,0.05,0.6243037598604496,0.7192496347393431,39657570034.06348,148.50915280335903,candidate,DES-SL-simulated
DES-1042,DES-SL,39.83339014065543,-57.87260067642027,0.3055138820310561,1.7744173807906978,0.8152417107243876,77481076815.60323,194.97755664929176,candidate,DES-SL-simulated
DES-1043,DES-SL,46.582047707943346,-36.36311060865831,0.19383221754310204,1.266589921930419,0.4347276152824426,80729211231.55284,272.54406921050975,candidate,DES-SL-simulated
DES-1044,DES-SL,46.36838444451937,-47.88349299341736,0.09682416536680186,0.8424117024112124,0.8132470305661603,68020315989.81549,182.9102633902225,candidate,DES-SL-simulated
DES-1045,DES-SL,47.63806356261816,-41.68766388919002,0.5852799503768567,1.6103032103117545,1.1258487492439904,76741329383.03952,165.12188200059407,candidate,DES-SL-simulated
DES-1046,DES-SL,9.698420140246458,-59.60924159061227,0.2815486936808039,0.9355206566132805,0.7926947112036464,181648417605.2572,302.756046080726,candidate,DES-SL-simulated
DES-1047,DES-SL,43.10354410703076,-35.276876284343345,0.09426955570040073,0.28233780120091967,0.7263402948134963,109926362830.83376,246.04291061855196,candidate,DES-SL-simulated
DES-1048,DES-SL,22.468013347833203,-34.18898295984205,0.4334836792155142,0.7818243865285617,0.8633208819488233,89612608080.82994,203.7644569471165,candidate,DES-SL-simulated
DES-1049,DES-SL,57.944022074173766,-30.8804510085663,0.18611109109928797,0.759730729998674,0.8619809723554612,84471262783.17264,197.9865324217397,candidate,DES-SL-simulated
DES-1050,DES-SL,38.73441821239027,-49.074158961243484,0.34580298784104957,0.9332011475942577,0.7170707804163127,57942136848.14627,179.7820119866236,candidate,DES-SL-simulated
DES-1051,DES-SL,58.700413967795,-46.87910811444667,0.1526129322432617,0.40484168530548503,1.27764985131761,177113828245.13983,235.47798258465775,candidate,DES-SL-simulated
DES-1052,DES-SL,50.67059509603714,-41.98361282996891,0.35722623648802987,1.1331731600629178,0.7805781048419641,47448314021.810104,155.93090723673208,candidate,DES-SL-simulated
DES-1053,DES-SL,3.0961525865388095,-56.427170094397354,0.05,1.207836367754215,1.255665622639604,74757244692.22238,154.31908394823745,candidate,DES-SL-simulated
DES-1054,DES-SL,43.219212797162,-35.666463817779146,0.1093703448996333,0.2093703448996333,0.7794498836559016,96438533392.40282,222.46474490035953,candidate,DES-SL-simulated
DES-1055,DES-SL,12.971119942720065,-50.69999966365365,0.6,0.9045482113986042,1.2811712651910003,58929702178.0524,135.64179365732537,candidate,DES-SL-simulated
DES-1056,DES-SL,17.228656246087887,-34.561482758177526,0.12580344376090266,0.34656944722559824,0.6798797892054934,24475672411.397762,120.0,candidate,DES-SL-simulated
DES-1057,DES-SL,32.62178150850851,-51.75026610630243,0.4305446848439174,1.3194573163448062,0.517419570519261,39018228776.70246,173.67701469543735,candidate,DES-SL-simulated
DES-1058,DES-SL,39.79907062046886,-30.57550252514089,0.33871833694695014,1.0797573883063536,0.8525951143778338,108008597298.49382,225.1063461969634,candidate,DES-SL-simulated
DES-1059,DES-SL,58.88461922207435,-36.75707370803274,0.49749778174116593,0.597497781741166,0.7052398444903636,33649651484.222828,138.15030893142847,candidate,DES-SL-simulated
DES-1060,DES-SL,30.978959330947074,-57.09840499346611,0.11428846891113591,0.860822009833264,1.1534693310694297,120944823417.37616,204.79559551565697,candidate,DES-SL-simulated
DES-1061,DES-SL,20.5128793233669,-31.270911180046937,0.23452175905471967,1.1227791988675793,0.9698631261392946,107076136755.51593,210.14599548351896,candidate,DES-SL-simulated
DES-1062,DES-SL,30.30172628321996,-45.843762396861266,0.05,0.3890504830692087,0.9066919589367871,86491879666.29045,195.33846978796197,candidate,DES-SL-simulated
DES-1063,DES-SL,35.93219863361048,-37.08950698650818,0.19473443995678472,0.9943918073940757,0.7133650503462209,42413154024.42528,154.21420038593945,candidate,DES-SL-simulated
DES-1064,DES-SL,28.24796489614848,-33.13915371442245,0.05,0.9183742084243913,0.8671148387775561,53333408220.3452,156.85246759666052,candidate,DES-SL-simulated
DES-1065,DES-SL,54.68367220843703,-34.7213214757254,0.05,1.4869683501390454,0.6446529931545519,116121731472.06645,268.425484324741,candidate,DES-SL-simulated
DES-1066,DES-SL,14.126809533099864,-32.0586084218714,0.25385629100266455,1.548685654147346,0.8610702903039721,63945684338.879555,172.3519942652154,candidate,DES-SL-simulated
DES-1067,DES-SL,6.933767788400161,-34.72118403412101,0.5842400810122836,1.001130651037085,1.018345997412962,170501926565.95532,258.78968418636134,candidate,DES-SL-simulated
DES-1068,DES-SL,7.993115642407396,-44.938062539952966,0.09469644033514386,1.0743493354297156,0.9389457926583084,169264418001.69727,268.52985150445215,candidate,DES-SL-simulated
DES-1069,DES-SL,18.911960799260946,-38.372023549742664,0.4802059706781877,0.6969542544024061,0.878624157953484,37096073831.207855,129.95482215381674,candidate,DES-SL-simulated
DES-1070,DES-SL,10.69759569819314,-32.76400398801725,0.1327595496688923,2.5,0.6004171346255927,56490056300.00874,193.99451937383796,candidate,DES-SL-simulated
DES-1071,DES-SL,41.38132083973746,-45.62919123072798,0.1351774905984237,2.5,0.8564979360669964,98439878472.47426,214.41362026259074,candidate,DES-SL-simulated
DES-1072,DES-SL,59.422471378032725,-38.95890414802156,0.37185775653037534,0.4718577565303753,0.5974201054637843,80043851047.65726,231.50163688142948,candidate,DES-SL-simulated
DES-1073,DES-SL,2.2855626953717123,-33.676545490470716,0.48971182594356194,1.1658222837033814,0.5090867788871918,73360626381.18582,240.0853177351707,candidate,DES-SL-simulated
DES-1074,DES-SL,2.450012721183803,-30.91624299537877,0.05,0.7978995510794975,0.3931652268372265,50165765389.66753,225.91557191509716,candidate,DES-SL-simulated
DES-1075,DES-SL,16.686674845461386,-46.594762366041095,0.30205915844996917,2.5,0.8358954287469671,98334276303.77184,216.92344029930746,candidate,DES-SL-simulated
DES-1076,DES-SL,0.816848835366053,-50.25037771328741,0.093447050682019,0.8692545160320941,0.7629590679468021,124723620198.76561,255.71354335468396,candidate,DES-SL-simulated
DES-1077,DES-SL,45.69761836735769,-44.95836695985348,0.05,0.7529180204711577,0.7583176858832014,102206683653.01082,232.19028872472023,candidate,DES-SL-simulated
DES-1078,DES-SL,10.556497948695727,-32.458572903556544,0.35466439656405024,1.3576432948734287,0.6724141968624324,74779133972.21443,210.91223514550296,candidate,DES-SL-simulated
DES-1079,DES-SL,49.82862172119746,-55.57548075788198,0.05,1.0666636190176575,0.9096354780636221,128959958984.14519,238.1352811892896,candidate,DES-SL-simulated
DES-1080,DES-SL,26.01720511876595,-56.63669537434741,0.40526505775569827,0.9905511003347383,0.7162575828692934,121270532619.93541,260.2393836951993,candidate,DES-SL-simulated
DES-1081,DES-SL,33.486506472991444,-53.29919001797279,0.35649391986481765,0.5702494431751637,1.009672189564738,89765528672.66183,188.5795499990617,candidate,DES-SL-simulated
DES-1082,DES-SL,2.909842133636291,-51.48245127244833,0.16216684726577307,2.141981952007413,1.127140684473582,76534501627.84254,164.80468819651844,candidate,DES-SL-simulated
DES-1083,DES-SL,4.519202552673249,-40.771068120080045,0.12301320575563537,1.129654696436042,0.9494359741930478,68027689778.82271,169.29339538291168,candidate,DES-SL-simulated
DES-1084,DES-SL,59.58048217704986,-54.50503036518339,0.34935108578252333,1.1258942849214009,1.5900736947028649,199382135093.18286,223.9569221745678,candidate,DES-SL-simulated
DES-1085,DES-SL,18.993047968657432,-49.986756231913034,0.19658035511310903,1.2605693221454966,0.8033619139813205,83167325942.61655,203.49359547030986,candidate,DES-SL-simulated
DES-1086,DES-SL,37.608217814728384,-44.86882520582543,0.06117641080571923,1.151144740091838,0.6283341626950181,61774931431.49727,198.30825597481933,candidate,DES-SL-simulated
DES-1087,DES-SL,53.99799118777145,-51.41663930316411,0.2246358644469749,0.7298469735654564,0.8488872210284059,98832349579.616,215.801549064749,candidate,DES-SL-simulated
DES-1088,DES-SL,4.710673092644635,-35.24355015286281,0.6,1.4967125628907736,0.7884647891369101,69118491800.19304,187.25609842252757,candidate,DES-SL-simulated
DES-1089,DES-SL,9.057899587817692,-35.292771679460785,0.11635425751743259,0.2163542575174326,1.2452644016347314,131685714733.28253,205.66886043247342,candidate,DES-SL-simulated
DES-1090,DES-SL,4.410496608160514,-54.252180962910145,0.2872781770870603,0.9106781108894493,0.9059842138305702,61359996727.3037,164.5933726349176,candidate,DES-SL-simulated
DES-1091,DES-SL,23.93957500021483,-35.233428617469414,0.3477120146686939,0.47314619443014627,0.7616764269640813,101221811431.05219,230.55884653658077,candidate,DES-SL-simulated
DES-1092,DES-SL,42.790125780016986,-44.27376843156904,0.26678470960016226,0.6678212830666228,0.5057837735808247,69927136723.58011,235.16377458189,candidate,DES-SL-simulated
DES-1093,DES-SL,41.391097724778085,-50.729195621387056,0.12036146191365302,1.000655426357106,0.8089763728492966,44059630757.011185,147.5986901579597,candidate,DES-SL-simulated
DES-1094,DES-SL,12.222197499394579,-37.10430387841516,0.3201413140198788,0.5429758469126409,0.6676984061017753,123578104149.21599,272.08875287449575,candidate,DES-SL-simulated
DES-1095,DES-SL,45.19660362787821,-31.29973388761528,0.18091972052135838,0.586115305337606,1.6692360245971887,108363837697.87161,161.14369206015112,candidate,DES-SL-simulated
DES-1096,DES-SL,33.057733285123454,-31.19678882494314,0.4093211102997696,1.0864666780998438,0.4689896765253785,46566163423.86567,199.28911709473692,candidate,DES-SL-simulated
DES-1097,DES-SL,22.787415688677314,-42.04460761599674,0.6,1.8864389282576552,0.5954297129446973,74336291532.72736,223.46792165736926,candidate,DES-SL-simulated
DES-1098,DES-SL,15.181892611928397,-58.73616789141014,0.16795592833934744,0.7104258244963445,0.6876102160269894,81708848937.63834,218.01851724098174,candidate,DES-SL-simulated
DES-1099,DES-SL,26.20420066767846,-32.60673639241352,0.09619294838331569,1.3066428306585045,0.7763802817037017,130026917175.19972,258.8268818087877,candidate,DES-SL-simulated
DES-1100,DES-SL,39.98259145154423,-39.86315766429989,0.10736323086818977,0.46168401011994376,0.7918333478078026,63235867841.73877,178.7289250099748,candidate,DES-SL-simulated
DES-1101,DES-SL,38.272369984408584,-39.39722198752605,0.15926887413032206,0.48554069014834655,0.8984245223000626,65823895185.42092,171.1910226119049,candidate,DES-SL-simulated
DES-1102,DES-SL,31.298291795439102,-55.14514016195128,0.33393712435048617,0.9571018256560705,0.742335558535948,47006018412.768906,159.14998307583946,candidate,DES-SL-simulated
DES-1103,DES-SL,48.140639938917175,-51.54643510186324,0.05,1.9825706936727376,0.9303705510978915,123319815019.67506,230.2599734950237,candidate,DES-SL-simulated
DES-1104,DES-SL,50.791171912634205,-49.84326562335062,0.10041322237796173,1.0495718678229455,0.7916961796845049,76998503158.67006,197.23857779012775,candidate,DES-SL-simulated
DES-1105,DES-SL,38.86625930484028,-38.94672688537341,0.05912990719116791,0.8499806898659106,1.4118376384599218,260365643367.81787,271.59980633894696,candidate,DES-SL-simulated
DES-1106,DES-SL,41.21322711554391,-48.194579620091375,0.3487107323569191,0.5599207666925381,0.5791330267594176,84632735925.97691,241.77423603323462,candidate,DES-SL-simulated
DES-1107,DES-SL,32.10781201918158,-43.124314691862594,0.20060652333522025,0.6612539509472517,0.693220610616118,25676604898.76951,121.7203133171063,candidate,DES-SL-simulated
DES-1108,DES-SL,12.939789589044835,-34.01680316086374,0.2819656179340912,0.9285854085690513,0.6458522179838954,130683536593.30637,284.4944886406404,candidate,DES-SL-simulated
DES-1109,DES-SL,18.43250320939143,-55.37817618808397,0.06597026044897303,0.264768931438874,0.7561527913212218,99437642469.36478,229.3509933367577,candidate,DES-SL-simulated
DES-1110,DES-SL,21.627563226405098,-45.80504855297785,0.4497502881202688,1.1752636474137033,1.020328216493851,162257129464.9073,252.20979052910383,candidate,DES-SL-simulated
DES-1111,DES-SL,5.208274422878114,-59.35077930076246,0.37404476431438133,1.100752970004876,0.866828924290444,74417439481.04149,185.3107697036775,candidate,DES-SL-simulated
DES-1112,DES-SL,43.30621663906857,-54.82404897938674,0.16520730819814963,0.5824563624512576,0.9113915702225811,159800296906.70633,264.8294526619604,candidate,DES-SL-simulated
DES-1113,DES-SL,6.652836515909102,-39.52254983572756,0.12523567029659097,1.1427019260029054,0.5686704697546153,86455059667.10701,246.60101784967298,candidate,DES-SL-simulated
DES-1114,DES-SL,57.2300383124975,-46.47541765623973,0.08082182298897739,2.2282165387271293,0.9711369818513609,150060656730.11957,248.6126201495684,candidate,DES-SL-simulated
DES-1115,DES-SL,12.135652661040774,-39.30673632011792,0.3997635918895182,0.8347270833598139,0.7961466452050652,28661279227.382347,120.0,candidate,DES-SL-simulated
DES-1116,DES-SL,56.940287200366406,-31.768970886313657,0.11680780208832037,0.5038507724574914,0.49182910116588957,60038871123.55314,220.9729652622078,candidate,DES-SL-simulated
DES-1117,DES-SL,5.541387494355725,-49.20365962998497,0.1890288560676725,0.2890288560676725,0.9636707285864976,98084094955.87334,201.77388517203016,candidate,DES-SL-simulated
DES-1118,DES-SL,52.61238260962935,-48.171868956471585,0.10905026627135457,0.8301482175301752,0.7695120792980438,242058862682.8597,354.71762594002496,candidate,DES-SL-simulated
DES-1119,DES-SL,11.239117182114619,-40.98635403278124,0.5731966354346301,1.8240388179062472,0.5373763751436327,70681821283.78046,229.37420519391588,candidate,DES-SL-simulated
DES-1120,DES-SL,12.499971449312161,-51.713454944671504,0.3144494884876519,2.012842026767842,0.8525888837454583,109009017925.03558,226.14728396903718,candidate,DES-SL-simulated
DES-1121,DES-SL,23.700700200821817,-57.14213803123632,0.05989332377629561,0.23124834153919147,0.6079464666472997,36784832910.292984,155.57210216324634,candidate,DES-SL-simulated
DES-1122,DES-SL,24.860886505897597,-46.98815160676171,0.19262066025576344,0.7325670753895857,0.8179914953642051,135072678658.65521,257.0036893418163,candidate,DES-SL-simulated
DES-1123,DES-SL,59.36187855311177,-41.68073800104668,0.19808119240420008,0.4769467714448767,1.0041827248849349,78884968194.24377,177.26408370955744,candidate,DES-SL-simulated
DES-1124,DES-SL,8.10422137835604,-50.55366822246751,0.41886363661875475,1.280964566764118,0.8078944921438613,127334830681.04176,251.0881862667987,candidate,DES-SL-simulated
DES-1125,DES-SL,24.258279483759395,-53.08738003930126,0.1799546238069564,0.7734235927834819,1.511724765225319,170175108587.21436,212.19817769442682,candidate,DES-SL-simulated
DES-1126,DES-SL,11.462128665604613,-41.02398693586681,0.09580767536625573,0.19580767536625573,0.9961516824062862,119706937283.57657,219.24359717059878,candidate,DES-SL-simulated
DES-1127,DES-SL,11.605775500797392,-39.55662371640537,0.41667545751577945,0.730153776297636,0.6276346203441127,52458333594.62268,182.84529744801267,candidate,DES-SL-simulated
DES-1128,DES-SL,3.7617383331830445,-33.751500255291596,0.5047722704386869,0.6818493526522805,0.5424804414728347,19529295893.02205,120.0,candidate,DES-SL-simulated
DES-1129,DES-SL,32.87677824423656,-36.79448243186117,0.10765844584632749,0.8293413948469646,0.45825052964207325,104184028308.53835,301.56371211686655,candidate,DES-SL-simulated
DES-1130,DES-SL,12.684780946554246,-37.643396199254454,0.3244293873431228,0.7836682297541583,0.8423487733606436,30324555840.98317,120.0,candidate,DES-SL-simulated
DES-1131,DES-SL,50.67426886011403,-59.868880656419634,0.3645965498930024,1.3637746616161817,0.6256021958265617,79167288661.68137,224.9850958252068,candidate,DES-SL-simulated
DES-1132,DES-SL,49.97196074421017,-55.422944198019906,0.22785203685072922,0.9426027098275876,1.3602190766739983,154108843549.89532,212.88219802579658,candidate,DES-SL-simulated
DES-1133,DES-SL,17.476589508986727,-30.82141610331081,0.07437810022667325,0.7723340410910052,0.8284479005779887,80244943531.28462,196.83677129027961,candidate,DES-SL-simulated
DES-1134,DES-SL,43.96780318146918,-37.90749264670653,0.29263141738591064,1.8929794396370432,0.8527003977299764,218559546524.23825,320.1965537583102,candidate,DES-SL-simulated
DES-1135,DES-SL,9.612285263732723,-36.64333620265384,0.13098246405151862,0.8681963362685892,0.5217076778999632,18781476404.398674,120.0,candidate,DES-SL-simulated
DES-1136,DES-SL,19.531078897875915,-51.97309130755478,0.14037539779669933,0.47933768967906415,1.072931249762705,82666608688.89629,175.55334508010614,candidate,DES-SL-simulated
DES-1137,DES-SL,42.07674036778241,-44.44925201094199,0.1697471746560039,1.0812547502429912,0.7347814544178606,70424074312.23682,195.7994538359465,candidate,DES-SL-simulated
DES-1138,DES-SL,52.83741095850134,-38.1371562500285,0.3525097205256026,1.2217104180401281,1.056096780089362,134291352325.6644,225.5288783706787,candidate,DES-SL-simulated
DES-1139,DES-SL,39.7560301728171,-37.60045701487215,0.07232972817758651,1.4403690154805515,0.9898560457535841,127508743283.67555,226.99378073039884,candidate,DES-SL-simulated
DES-1140,DES-SL,1.0928418559186759,-49.00314840385529,0.14604571427206228,0.5625485521547153,0.7857045609555473,97972956976.58887,223.33329144766503,candidate,DES-SL-simulated
DES-1141,DES-SL,33.11181815006994,-44.797265459286926,0.19013021473603356,0.6102975632965928,0.47940600950144197,58562277558.13785,221.04832994973123,candidate,DES-SL-simulated
DES-1142,DES-SL,53.67721614408403,-31.896837909387433,0.11666722031038934,0.8731208442114736,0.6411364002161779,99893740922.41016,249.6456006224341,candidate,DES-SL-simulated
DES-1143,DES-SL,15.704590330986143,-32.25693940692295,0.3856816627471934,0.8454352549630114,0.9614648827883616,83545752272.64159,186.43415102953975,candidate,DES-SL-simulated
DES-1144,DES-SL,53.08327636533728,-39.25562453275263,0.30518315822089026,0.6647364531633321,0.7608554077584059,69236421702.6549,190.7858832821957,candidate,DES-SL-simulated
DES-1145,DES-SL,36.02128113054491,-45.53238784318135,0.05965427632952095,0.7410780227468663,0.6031849021732993,100688864323.39777,258.40177086892487,candidate,DES-SL-simulated
DES-1146,DES-SL,2.87388128804549,-36.00394186414368,0.22573983316562887,0.6613890585070613,0.7179459457046898,61549688366.15358,185.18126699542665,candidate,DES-SL-simulated
DES-1147,DES-SL,27.8685687430403,-35.476514565710985,0.1838061935704628,1.5180212468612528,0.7914865859777043,123105766797.7787,249.42926962522472,candidate,DES-SL-simulated
DES-1148,DES-SL,32.62893041055996,-39.74512712706999,0.2733067473921327,1.4262815146140406,0.44880964682861535,19812144718.89493,132.8815391641842,candidate,DES-SL-simulated
DES-1149,DES-SL,7.37326736768334,-50.344144308302816,0.11649794024460358,1.6708804645939057,0.6546183373527413,45393677639.44234,166.54576621767148,candidate,DES-SL-simulated
DES-1150,DES-SL,8.317263802049382,-41.47690860329793,0.14987198418638134,0.6748335652734346,0.5130698491344543,46022730558.17787,189.42091920494832,candidate,DES-SL-simulated
DES-1151,DES-SL,58.796414314346755,-41.71139148603357,0.19960710949638807,2.189160899096961,0.4734116735935358,56434289470.51605,218.36450476300197,candidate,DES-SL-simulated
DES-1152,DES-SL,11.038709856654528,-43.12256838706011,0.28558827963450045,0.8774556723582643,0.7905598615184881,46496320857.56981,153.38112194878835,candidate,DES-SL-simulated
DES-1153,DES-SL,36.20579150968602,-58.304671772264406,0.22891400165103448,2.4066399485340644,0.9849197669770304,93348784111.05704,194.70804742612663,candidate,DES-SL-simulated
DES-1154,DES-SL,2.942993296193266,-34.87201297482689,0.20381825170970047,0.5551117167807056,1.0670178810080582,144926693689.92288,233.08715403346127,candidate,DES-SL-simulated
DES-1155,DES-SL,5.265688468733156,-34.15565566096181,0.21443924776124393,0.4193530182150259,0.5305516328419555,58076317479.317116,209.25011400159255,candidate,DES-SL-simulated
DES-1156,DES-SL,5.732378729838632,-54.17994556754361,0.12976509325905694,2.2366960230173767,1.0884005559733076,129013062056.42923,217.74714013228984,candidate,DES-SL-simulated
DES-1157,DES-SL,31.399655622782603,-32.62326684364021,0.1993051438306185,1.3540314158672053,1.050867436797104,103740255232.50429,198.71455767552158,candidate,DES-SL-simulated
DES-1158,DES-SL,0.5208725535785197,-55.2507140584827,0.15741333232536822,0.28870348010971203,0.9374610926449202,104749220459.97093,211.41157872448687,candidate,DES-SL-simulated
DES-1159,DES-SL,4.9428751212767,-39.880867610206636,0.18539621841716925,1.1823337971375172,0.6360872288339235,61924402921.68152,197.3342964050267,candidate,DES-SL-simulated
DES-1160,DES-SL,58.12424933368479,-37.45309104669272,0.1751205207422214,0.405090552662191,0.6980493302323922,82462513484.80098,217.37781664026647,candidate,DES-SL-simulated
DES-1161,DES-SL,12.777927000086052,-49.19729712559348,0.24264392993129677,2.0298568468364486,1.084229487752034,163427980940.5869,245.5458486084252,candidate,DES-SL-simulated
DES-1162,DES-SL,4.883523481077495,-46.01231837269515,0.13584859182983763,0.7977113827803791,0.7270511953226719,63459274421.386925,186.85083817822155,candidate,DES-SL-simulated
DES-1163,DES-SL,14.021402138282754,-31.12043579317718,0.06383470193749509,0.870846595641814,0.755104128548687,56477429908.59672,172.96731183619391,candidate,DES-SL-simulated
DES-1164,DES-SL,11.965731498237403,-30.867780052025346,0.05,0.5063318588809881,1.0027829837649742,99620749044.55238,199.34319706334136,candidate,DES-SL-simulated
DES-1165,DES-SL,46.483329918874645,-37.43226220578522,0.3013452904942439,0.7378415469109689,0.45157682941141947,39432820262.10269,186.8930236301676,candidate,DES-SL-simulated
DES-1166,DES-SL,50.74351397472733,-58.59137882302795,0.4521411569918635,0.7713644213207039,0.6080409621598055,103381739156.92226,260.78673303653613,candidate,DES-SL-simulated
DES-1167,DES-SL,32.68653574032143,-50.054169269055095,0.05,0.4187334696914795,1.2170332343917916,177911882429.64072,241.81389590117698,candidate,DES-SL-simulated
DES-1168,DES-SL,42.4531698684132,-58.636223232288465,0.2148435759791068,0.7938631036478436,0.8706212179628788,34372824693.23199,125.66750237709509,candidate,DES-SL-simulated
DES-1169,DES-SL,19.884285883647305,-40.273353724999836,0.6,0.8824588465559884,0.5002676483776012,43989769394.387436,187.54462810065948,candidate,DES-SL-simulated
DES-1170,DES-SL,6.19656993191402,-52.18120459988773,0.05,1.7860345694678867,0.8953067718627519,118878693475.5957,230.46027334241612,candidate,DES-SL-simulated
DES-1171,DES-SL,3.7952418524575426,-49.053971720387665,0.2689100369766808,1.1828615093901291,0.39131988654205596,49048263245.818924,223.9112184300659,candidate,DES-SL-simulated
DES-1172,DES-SL,59.850150208871824,-36.758550659664266,0.18518760865738662,0.7308010776879372,0.736701533186171,80223304814.96538,208.70578310203976,candidate,DES-SL-simulated
DES-1173,DES-SL,31.229004863432902,-30.482153948951463,0.05,0.6850776388943827,1.495795248699067,272980732816.81693,270.18418142101916,candidate,DES-SL-simulated
DES-1174,DES-SL,32.33952054551765,-38.78852085231035,0.5838398140724385,0.84586456507302,0.6894142201911346,77359257646.3038,211.8585638039189,candidate,DES-SL-simulated
DES-1175,DES-SL,55.61841424750609,-38.93807225918141,0.5707873096001909,0.6854657228119071,0.6214272005101092,56091164486.179726,190.01246603863285,candidate,DES-SL-simulated
DES-1176,DES-SL,13.19912970828667,-59.66283052003869,0.09276168958030084,0.2825813405587818,0.6135067560679365,72088822908.14804,216.79750906127722,candidate,DES-SL-simulated
DES-1177,DES-SL,35.70058665110406,-30.04038244173367,0.10515005419670945,1.4493311053155122,0.8652983967589164,31150742283.32099,120.0,candidate,DES-SL-simulated
DES-1178,DES-SL,39.66502603613128,-37.52833163374776,0.08407331794500561,0.2757923489458428,0.48086710591026904,25307535989.989197,145.09164088937894,candidate,DES-SL-simulated
DES-1179,DES-SL,29.314868698502707,-47.49390649906688,0.1568911809319542,1.6086820567826658,0.7427169722565772,125170998335.97063,259.6391505101494,candidate,DES-SL-simulated
DES-1180,DES-SL,40.06851431433192,-58.23586398335086,0.10181006670486588,0.7076906134032809,1.1014520831167327,80618900457.80153,171.10615282367382,candidate,DES-SL-simulated
DES-1181,DES-SL,53.76495363795553,-55.81826478808948,0.19329977248503694,2.1374515223558346,0.8879065199604029,226510922475.63824,319.4412138831056,candidate,DES-SL-simulated
DES-1182,DES-SL,55.588272273579484,-44.36760911687951,0.17675423086482622,0.9072281377628587,0.8949779549098669,53729888608.03473,154.96434923543484,candidate,DES-SL-simulated
DES-1183,DES-SL,41.58793051161607,-45.94694163878719,0.1657472263271828,0.40919674897596925,0.8264960475371804,50966664336.97893,157.05534117264403,candidate,DES-SL-simulated
DES-1184,DES-SL,34.052242052125116,-32.32570398657061,0.06685806362450968,0.8456060028276238,1.004153622944092,131425309587.77608,228.80705972805788,candidate,DES-SL-simulated
DES-1185,DES-SL,10.83042719066383,-31.453735597335047,0.24135701018945607,1.381118487887719,0.8239331781874099,60578724967.86237,171.49207851107064,candidate,DES-SL-simulated
DES-1186,DES-SL,12.926639226707348,-34.193830883798206,0.5984673859836357,0.9719018027076571,0.6399166345322619,38634548794.09748,155.40186197757362,candidate,DES-SL-simulated
DES-1187,DES-SL,47.79950243099025,-42.41169454741144,0.3063751570459557,0.6573734642686275,1.316679348758519,119232447200.22337,190.32121982154936,candidate,DES-SL-simulated
DES-1188,DES-SL,55.6476768146056,-37.49897706159288,0.055501512768104416,0.5535889014532632,0.848231626197462,78969388252.21014,192.97548984040077,candidate,DES-SL-simulated
DES-1189,DES-SL,17.51111795499538,-58.533353114844445,0.17040512867867208,1.3307828375422284,1.1021296472531774,163786456678.2444,243.81063575175585,candidate,DES-SL-simulated
DES-1190,DES-SL,12.595645636769579,-45.31128505769477,0.20874669913805746,0.6401160722555864,0.9448974652222688,135043442997.04443,239.0971528876694,candidate,DES-SL-simulated
DES-1191,DES-SL,20.814799222253836,-39.2913141019925,0.6,1.7360157548738808,0.8800361773571307,144764840781.1807,256.5141229955432,candidate,DES-SL-simulated
DES-1192,DES-SL,54.46559947442835,-42.53005133297973,0.40453847018133476,1.6682113112513923,0.5082716966334984,46539412345.583305,191.37820637756118,candidate,DES-SL-simulated
DES-1193,DES-SL,37.82558788281943,-35.79564948755784,0.1689139011499405,1.0374600206343505,0.5745018380196515,86486949616.38055,245.3915333532359,candidate,DES-SL-simulated
DES-1194,DES-SL,36.471249066467486,-30.9014385654844,0.15125860086879114,0.8571246251339654,0.7368097999800696,70348845269.38629,195.4252991603524,candidate,DES-SL-simulated
DES-1195,DES-SL,25.232915947203104,-42.31247136739949,0.05,1.1025280680052125,0.5548462485738734,19974464948.659443,120.0,candidate,DES-SL-simulated
DES-1196,DES-SL,42.14982700943471,-40.11012310803298,0.05,0.15000000000000002,1.4205303710206214,129096955788.69643,190.66138111704691,candidate,DES-SL-simulated
DES-1197,DES-SL,44.518002318857576,-36.63379055232112,0.44662283741826386,0.7792956519238261,0.9401227223074041,164695195903.55402,264.7147777166139,candidate,DES-SL-simulated
DES-1198,DES-SL,28.44378744927046,-40.66073980180953,0.1973563710803082,1.3120066958368133,0.9611613373632375,198171668117.72504,287.17896878996356,candidate,DES-SL-simulated
DES-1199,DES-SL,2.2491568275204155,-48.76566305236237,0.4613481703437838,1.207405494299226,1.056525498173618,77299291554.28348,171.0715384814647,candidate,DES-SL-simulated
DES-1200,DES-SL,25.14188502504765,-45.42034516302282,0.0996435307339286,1.2631917238149954,1.2283795495511114,143587435247.45135,216.23297623579808,candidate,DES-SL-simulated
DES-1201,DES-SL,58.0991523739261,-58.34097941014955,0.33216399299681265,1.0148044951726156,1.3872979511808314,251914811664.7126,269.5081946165279,candidate,DES-SL-simulated
DES-1202,DES-SL,43.51202379574522,-40.93801327562663,0.05,1.8472439684213697,0.6861905625715976,66033092153.04716,196.19522919013664,candidate,DES-SL-simulated
DES-1203,DES-SL,53.451897422146565,-57.71897810074096,0.13504876218679646,0.6362842390079839,0.49994483174572707,27674278285.493225,148.80143038474768,candidate,DES-SL-simulated
DES-1204,DES-SL,17.04540361912843,-32.386601283126424,0.2413339466507416,0.4459653813038545,1.6119421956423226,235944199672.3215,241.96910403411522,candidate,DES-SL-simulated
DES-1205,DES-SL,43.094521576327224,-51.75344725177801,0.06282967070145187,0.4406540952193654,0.6187404353724572,57586249013.43924,192.9457166673814,candidate,DES-SL-simulated
DES-1206,DES-SL,24.869851508337,-46.609979228380865,0.3218613971814872,1.3506586319930496,0.7291421327061984,26249116777.423145,120.0,candidate,DES-SL-simulated
DES-1207,DES-SL,14.62270177687115,-41.27824671667954,0.22594705143894084,0.803900803733653,1.0440419982589701,192552852900.1191,271.6101465453638,candidate,DES-SL-simulated
DES-1208,DES-SL,25.490351886556223,-51.91974000750735,0.12470779390364171,1.8576880249300047,1.3209418251273082,91612281526.6641,166.55780906829776,candidate,DES-SL-simulated
DES-1209,DES-SL,2.0306622499801708,-35.68220517368971,0.396632152068754,0.803700256240941,0.8549159806486222,95758778522.05629,211.6691553871405,candidate,DES-SL-simulated
DES-1210,DES-SL,39.18814636689451,-54.85700576465435,0.08983123648718831,0.6294651530676573,1.0004642488530284,96452751696.09247,196.37514546935077,candidate,DES-SL-simulated
DES-1211,DES-SL,57.75437316967158,-35.6281427476186,0.29049427588714455,1.2894321627269931,0.9964406717812464,35871864184.12487,120.0,candidate,DES-SL-simulated
DES-1212,DES-SL,50.39644902881482,-57.37978757658167,0.17843922031046539,0.29797790317933487,0.5518419521020215,47371043277.902374,185.30157631654862,candidate,DES-SL-simulated
DES-1213,DES-SL,38.424367015180444,-32.41815476373965,0.11434383233555041,0.38383854079556334,0.690245832368292,74126814715.50668,207.2601310391984,candidate,DES-SL-simulated
DES-1214,DES-SL,17.457025533127734,-41.95521141075176,0.20513125380492991,2.5,0.6413088859607186,87906698123.48557,234.1571107780054,candidate,DES-SL-simulated
DES-1215,DES-SL,29.200117020530406,-39.05773893805241,0.5426009766559294,1.1139064434150745,0.5791317225982163,51622585001.86498,188.8257387211762,candidate,DES-SL-simulated
DES-1216,DES-SL,9.295781210683398,-43.92610061439167,0.05,0.16179636885270834,0.7857086563184655,111070677915.9207,237.79292992880926,candidate,DES-SL-simulated
DES-1217,DES-SL,20.444361342660773,-58.57517325953033,0.4201075992525835,0.5201075992525835,0.7348954432841632,70637142875.351,196.08021782515664,candidate,DES-SL-simulated
DES-1218,DES-SL,24.440625130211235,-47.00525341958408,0.3422363604131097,0.547822789989408,1.0224437786793978,78990420529.0005,175.79134552165954,candidate,DES-SL-simulated
DES-1219,DES-SL,13.811009480040092,-40.244806584228115,0.07768344810278033,1.7817220018097937,0.5261534465316857,45804939771.9024,186.60786500219075,candidate,DES-SL-simulated
DES-1220,DES-SL,23.46413274908519,-51.64244481458803,0.20483041580552266,0.30483041580552267,1.7401456058432085,227246934003.7578,228.55262691645748,candidate,DES-SL-simulated
DES-1221,DES-SL,52.79140613055927,-31.67547272301548,0.10078882127991393,1.2292586248032842,1.0598690606868952,163265894491.87265,248.22848941473558,candidate,DES-SL-simulated
DES-1222,DES-SL,3.277577325989074,-41.06262837715143,0.07769967268053157,0.9481725923507253,0.8960681066712003,60059452981.48051,163.73826034082114,candidate,DES-SL-simulated
DES-1223,DES-SL,25.014417913408597,-49.17598820222492,0.18618150976451953,1.270446838124378,0.8719828105387528,75008190119.89296,185.49421806792938,candidate,DES-SL-simulated
DES-1224,DES-SL,49.045884552832185,-51.70305562753126,0.25782421029967306,1.434839796318031,0.9856581503200005,174147907785.10956,265.84345194323396,candidate,DES-SL-simulated
DES-1225,DES-SL,51.69542116634996,-59.141048857990754,0.2266905225118222,0.873084978513432,0.6935704416594383,60274052649.49539,186.44464065744944,candidate,DES-SL-simulated
DES-1226,DES-SL,6.42675091890742,-37.11996550837074,0.43875479519424926,0.6244226488623816,0.8749520976104825,116192897057.63551,230.47702924089998,candidate,DES-SL-simulated
DES-1227,DES-SL,39.04782850320477,-35.60445989401212,0.5958993978571335,1.7080536148136929,0.4758699633538278,67250175678.54583,237.75658854323677,candidate,DES-SL-simulated
DES-1228,DES-SL,59.82681804076435,-39.57548730139392,0.45378964810066963,1.9362481368034041,0.783103536779148,108063365478.6576,234.94145142119345,candidate,DES-SL-simulated
DES-1229,DES-SL,51.29266300845491,-48.38311261131092,0.3217038629235189,0.9051885698646709,1.157154258355484,177377266425.87363,247.61864659225245,candidate,DES-SL-simulated
DES-1230,DES-SL,12.229120811092995,-34.59229745670615,0.36382083248714675,0.9238761321021056,1.2397233136432315,61370116540.19261,140.71684376073176,candidate,DES-SL-simulated
DES-1231,DES-SL,50.48157593755994,-58.94093236457791,0.05321308343460467,0.3089675715424185,1.4264129490124624,159932946752.07196,211.7757989686769,candidate,DES-SL-simulated
DES-1232,DES-SL,59.10573140038786,-52.941916864598795,0.06256845266419679,2.17225348971372,0.624690396640853,80957627886.87154,227.68083115564764,candidate,DES-SL-simulated
DES-1233,DES-SL,11.717229060960575,-40.906649164537285,0.1725105523633062,2.3687175350524035,1.1244260855744868,103674331851.47778,192.0437430802536,candidate,DES-SL-simulated
DES-1234,DES-SL,24.796390642732142,-36.883530579192964,0.24084313259907653,0.6956974188969298,1.0507297184269844,240747946229.71573,302.73719537561965,candidate,DES-SL-simulated
DES-1235,DES-SL,15.650136958980944,-59.31154711680166,0.10976965325606519,0.2097696532560652,0.694376330067582,61285378852.789925,187.89316375524052,candidate,DES-SL-simulated
DES-1236,DES-SL,26.288254282174005,-56.05783884583609,0.22321558055067087,1.3638394181879854,0.47129987312235466,54908506510.263756,215.87440315927614,candidate,DES-SL-simulated
DES-1237,DES-SL,40.47022672597426,-46.020546538855456,0.20910876781915672,0.5640967387328175,0.8129016393528848,137003186097.3834,259.64282724571376,candidate,DES-SL-simulated
DES-1238,DES-SL,51.413277252321414,-35.527452376286554,0.1713876839392383,1.049288987956106,0.7198530366601049,25914709319.76378,120.0,candidate,DES-SL-simulated
DES-1239,DES-SL,10.508438033168986,-30.947676339265463,0.05,0.9485051789006026,0.5809188687151093,64104465776.25712,210.09532894578626,candidate,DES-SL-simulated
DES-1240,DES-SL,29.283747594808318,-55.099079342972686,0.14660647146550107,1.3016412833584865,0.7515361265133852,85115704046.10234,212.84326509634903,candidate,DES-SL-simulated
DES-1241,DES-SL,9.110606738716537,-58.59719958566501,0.21354970232980525,0.5007949579252555,0.588025229558485,86311283709.21867,242.30691236201992,candidate,DES-SL-simulated
DES-1242,DES-SL,4.678465411308689,-44.20420400474474,0.6,1.5202074288544805,0.8249101139329275,116761429605.35718,237.9448904642731,candidate,DES-SL-simulated
DES-1243,DES-SL,1.4192623858987652,-31.810824253512656,0.6,1.2531778984429565,0.6795898093115555,25389823779.239155,122.24649330640287,candidate,DES-SL-simulated
DES-1244,DES-SL,31.904563896878482,-44.51094537371226,0.17551249722943643,0.6966823638973054,0.7837422605644505,114435741074.2549,241.67081476878684,candidate,DES-SL-simulated
DES-1245,DES-SL,36.183256075948904,-46.40623779289185,0.12776969893690332,0.9509528005411441,0.8639031205842971,118736551650.41597,234.4712994249653,candidate,DES-SL-simulated
DES-1246,DES-SL,58.61838976353115,-37.50134696687766,0.07496153064898352,0.1749615306489835,0.5446545243704701,72648508616.10555,230.98447421324815,candidate,DES-SL-simulated
DES-1247,DES-SL,16.497546623814195,-31.860344168338315,0.47416378093526423,1.096633066798574,0.9089164221692185,78191750659.8681,185.50195411894893,candidate,DES-SL-simulated
DES-1248,DES-SL,57.84124337743369,-59.34175597207308,0.3764227820696382,0.9253484916525518,0.8571917067521176,166782084480.96204,278.9752748145647,candidate,DES-SL-simulated
DES-1249,DES-SL,51.97067529870314,-41.90866292101356,0.23450116735692828,0.442846785112354,0.6420155468278835,43750678218.13691,165.10096744018796,candidate,DES-SL-simulated
DES-1250,DES-SL,40.82113152911349,-48.17719054283798,0.2719332938201688,0.8996209587114312,0.747055472949631,86826230592.53134,215.61503608548352,candidate,DES-SL-simulated
DES-1251,DES-SL,47.77811378539687,-32.86226952440495,0.21619693911471086,1.2117442873273825,0.7100773989734213,145177359836.5576,285.9740315153797,candidate,DES-SL-simulated
DES-1252,DES-SL,52.06133263086853,-30.730436058261855,0.10180816777916943,0.3795113478068117,0.4678452046466349,63052463672.077255,232.18274147101363,candidate,DES-SL-simulated
DES-1253,DES-SL,21.650995576761538,-41.38342024215357,0.13281692183303773,0.4722602425692128,0.9401730100999892,33846228363.599613,120.0,candidate,DES-SL-simulated
DES-1254,DES-SL,58.97431397158139,-34.951775903588626,0.08388637531402855,0.5228961973704468,1.0271868038268641,150166505159.36737,241.81977720479532,candidate,DES-SL-simulated
DES-1255,DES-SL,27.387204191743702,-56.77502037023273,0.09096454656926864,1.7181349778352368,0.6728754559980904,119989949182.16278,267.07613751732305,candidate,DES-SL-simulated
DES-1256,DES-SL,39.23528219554509,-37.17991085497333,0.3502647306886556,1.3042180856908172,0.8308687825684969,157754835519.57053,275.58470772166964,candidate,DES-SL-simulated
DES-1257,DES-SL,19.99225392755154,-38.98572296035378,0.29576232082638754,0.7769848815162105,0.5128196278285712,54558285305.51031,206.28993183828808,candidate,DES-SL-simulated
DES-1258,DES-SL,39.38182864806041,-48.2856467842168,0.29593732112808163,2.0403156498278308,0.6994363820064465,97711991542.17754,236.39039086501245,candidate,DES-SL-simulated
DES-1259,DES-SL,1.2287076674639597,-41.09285528681515,0.30927437224534454,1.7938352510109186,0.7580555681030365,96356336631.61934,225.48601671726294,candidate,DES-SL-simulated
DES-1260,DES-SL,33.17040052584317,-37.363860715466885,0.2830709957544989,0.7125896461994716,0.5500481449239336,86814793032.95396,251.26182542423274,candidate,DES-SL-simulated
DES-1261,DES-SL,19.307814515256528,-49.936142575765324,0.14201194649575108,2.209274070658672,0.7448272524511166,87710462768.03067,217.03407140171703,candidate,DES-SL-simulated
DES-1262,DES-SL,46.6124347331293,-43.1029479337446,0.05169165617436142,1.4280659693372688,0.7993832305905946,104345414151.0194,228.50155638883206,candidate,DES-SL-simulated
DES-1263,DES-SL,59.76461494779587,-45.30642065816201,0.1819426672624493,0.2972559364210253,0.9506559868395836,144420241624.5949,246.50874775639915,candidate,DES-SL-simulated
DES-1264,DES-SL,36.5896029265476,-42.604972989889106,0.24271118866830987,1.8131988871890723,0.804355806727193,42122332385.69634,144.73117914455537,candidate,DES-SL-simulated
DES-1265,DES-SL,42.66666804303448,-36.76918841455236,0.17609111144394154,0.7331012123423457,0.91350507337223,64842105123.87077,168.50122665985754,candidate,DES-SL-simulated
DES-1266,DES-SL,15.96373141949549,-49.30373570357183,0.6,1.2227863169459563,0.7575623045258367,104428500143.90968,234.81743384980913,candidate,DES-SL-simulated
DES-1267,DES-SL,23.95652304093463,-37.62105457565221,0.12374363904560622,0.4043184122016164,0.5198753421440729,63846589124.92588,221.64055884674562,candidate,DES-SL-simulated
DES-1268,DES-SL,1.5979012148463,-38.41932504748431,0.29255064996892116,0.48234868491819494,1.3349344040514457,48057638545.85204,120.0,candidate,DES-SL-simulated
DES-1269,DES-SL,51.280992485572106,-38.02952791056306,0.09146728870527074,0.5246992625008235,1.3318576198560534,153367826297.3697,214.61902963381976,candidate,DES-SL-simulated
DES-1270,DES-SL,40.97626786196077,-34.50265694723586,0.2973737078597797,0.5822852723804742,0.8497723121037538,91073384163.99802,207.04962332866145,candidate,DES-SL-simulated
DES-1271,DES-SL,46.847270758787545,-51.52227502387403,0.05,1.560962793069538,1.060992730878327,64984191662.764946,156.52281575297764,candidate,DES-SL-simulated
DES-1272,DES-SL,46.71250890516705,-33.78128631757966,0.22786393902319255,0.6613048506949394,0.7754292430758973,122412463843.61401,251.28798721869592,candidate,DES-SL-simulated
DES-1273,DES-SL,11.823812042658972,-55.20394034288647,0.1532923880077075,0.9276235053297103,0.9394807717479433,138509275120.90707,242.84293658017424,candidate,DES-SL-simulated
DES-1274,DES-SL,4.543970247568534,-38.54271128636593,0.15120393451431258,1.3800185965871512,0.42828842099738235,35496058422.69655,182.07566060494528,candidate,DES-SL-simulated
DES-1275,DES-SL,13.320632056459257,-43.53554009510361,0.08795286298087365,0.6107909366785402,0.7476560037461535,74793324818.98628,200.03707838167074,candidate,DES-SL-simulated
DES-1276,DES-SL,35.263523561477236,-42.65513398201609,0.08309412050076956,1.5223068845459615,0.5944471088343821,48356354549.52266,180.38489281087374,candidate,DES-SL-simulated
DES-1277,DES-SL,17.77981506551139,-55.878940362752914,0.14285620280354316,0.6686579624462715,0.5571012622167453,32950718566.54501,153.8138239905106,candidate,DES-SL-simulated
DES-1278,DES-SL,0.059511868177624105,-33.923997358055786,0.2077994309193513,0.9444847821907795,0.6484061390012714,23342621004.045773,120.0,candidate,DES-SL-simulated
DES-1279,DES-SL,53.2241857749441,-52.64555940307646,0.08047372484234612,1.4009734320436522,0.6463497340972475,83259127486.76225,226.99282828890418,candidate,DES-SL-simulated
DES-1280,DES-SL,59.20739673420498,-39.08566348768845,0.2486725999730143,1.7649643965940227,1.0045183426598019,113409551408.73967,212.50828979968657,candidate,DES-SL-simulated
DES-1281,DES-SL,0.41520573508960545,-59.668368039089714,0.29136265207115625,0.3913626520711563,0.41910004093223774,41824452544.488396,199.79576415074348,candidate,DES-SL-simulated
DES-1282,DES-SL,51.373616505784995,-32.914056186250775,0.2929620114367417,2.0016417369370183,0.7276047332362231,58035869899.448814,178.62016536761436,candidate,DES-SL-simulated
DES-1283,DES-SL,15.891144010948821,-56.06914482563103,0.13580060306347488,1.1827790553384665,0.5354689561638689,72128124902.25159,232.12139284157132,candidate,DES-SL-simulated
DES-1284,DES-SL,47.047935516506605,-38.1636713378648,0.20897017534692927,1.347280533006635,0.6980236857673207,69515136090.93198,199.58808191294824,candidate,DES-SL-simulated
DES-1285,DES-SL,47.551863534388225,-51.44793478583125,0.17272486633953607,0.7990187607267621,1.2181458290264962,139198894793.96005,213.7953464489195,candidate,DES-SL-simulated
DES-1286,DES-SL,30.191644354737946,-51.280136359552095,0.3305615928298378,0.8078678894150249,1.219282959791799,130952522593.88689,207.26915550591357,candidate,DES-SL-simulated
DES-1287,DES-SL,27.897301417063826,-40.39625165383812,0.07422080594356047,0.6732980495589335,0.5644693230243439,75857935889.78925,231.8517264019801,candidate,DES-SL-simulated
DES-1288,DES-SL,35.63155589793159,-37.54242819864592,0.07729778296347797,0.7432250027827311,0.9498379010277322,145012195226.94193,247.1197816977953,candidate,DES-SL-simulated
DES-1289,DES-SL,46.86184226003514,-48.07694182838773,0.0771683786833783,0.3892878445551171,0.8668430642362297,69152312890.7733,178.63358387858122,candidate,DES-SL-simulated
DES-1290,DES-SL,58.310525488607404,-33.948113716142984,0.22072511751786397,1.194130543734353,0.6969141685420001,129699538110.89594,272.840956520508,candidate,DES-SL-simulated
DES-1291,DES-SL,42.83345778444195,-59.09576046832416,0.05,0.15097062569249833,1.15586651045972,69607801861.568,155.2047880077082,candidate,DES-SL-simulated
DES-1292,DES-SL,8.755738775539985,-41.12859019238849,0.2976109332164074,0.673513023590799,0.600671493197604,69546201208.12613,215.2029355689645,candidate,DES-SL-simulated
DES-1293,DES-SL,45.818918034753246,-42.73599333441039,0.06964206815200526,0.5732579216067399,0.5851439975080636,101651074522.37808,263.6055837831334,candidate,DES-SL-simulated
DES-1294,DES-SL,43.73792562587286,-40.4571056341195,0.3820007727820265,1.5553316333193519,0.8384787007107972,187244684896.63184,298.8744070593413,candidate,DES-SL-simulated
DES-1295,DES-SL,52.07537451510683,-30.094957141165253,0.26537433246550185,1.7537303605285486,1.0699493863672143,157959433433.43555,243.00833081120473,candidate,DES-SL-simulated
DES-1296,DES-SL,7.473323303969359,-40.38802499621569,0.36759376192179943,0.647721811509196,0.620482674189592,77239661761.58694,223.1440688093187,candidate,DES-SL-simulated
DES-1297,DES-SL,39.55748836729285,-32.231716549291875,0.10996756133697569,1.4180074353814178,0.7630759223125116,60089200262.43338,177.4779209226397,candidate,DES-SL-simulated
DES-1298,DES-SL,20.239069560580447,-36.44456937830169,0.5558764300902665,0.8267794365470911,0.7734226866883878,112010956454.81218,240.68653514478268,candidate,DES-SL-simulated
DES-1299,DES-SL,43.41469269846896,-35.11619718056335,0.062243491555242905,0.24477126229142404,1.509018462197878,162881611999.2584,207.78717970782512,candidate,DES-SL-simulated
DES-1300,DES-SL,29.841835213003062,-40.02620714407153,0.20028953599862995,1.1254752402175445,0.733117458445896,88891173386.9375,220.22799972804586,candidate,DES-SL-simulated
DES-1301,DES-SL,24.4806138898522,-50.28544396325175,0.05,1.0627863396950332,0.8901753615296343,142643470742.42133,253.17344985856917,candidate,DES-SL-simulated
DES-1302,DES-SL,12.917897839286766,-49.91611733915739,0.13014847371972751,1.3980726017113343,0.5391056860977651,37257471646.49835,166.26457603017695,candidate,DES-SL-simulated
DES-1303,DES-SL,28.515294156481716,-53.55357083721633,0.13870617014067932,0.6616524915281743,0.8229095992717397,110538442450.86322,231.79848965409957,candidate,DES-SL-simulated
DES-1304,DES-SL,47.24294552494834,-58.63868241659033,0.05386009918374551,0.901226925974645,1.283461876155173,187289721682.72086,241.59919412651757,candidate,DES-SL-simulated
DES-1305,DES-SL,58.67351147462757,-35.78519765123447,0.3547266382111693,0.572798198335503,0.6579623787738725,98811543624.238,245.0943537793857,candidate,DES-SL-simulated
DES-1306,DES-SL,3.5124853170046766,-47.963124570581826,0.14896667532509467,0.8209825489927584,0.7305742148617864,55532344632.858185,174.36962388153995,candidate,DES-SL-simulated
DES-1307,DES-SL,5.016136861464842,-34.622949976886616,0.23950611414185363,1.141268961969021,0.671312192950564,49659457022.14621,172.0159472552194,candidate,DES-SL-simulated
DES-1308,DES-SL,30.960317530427467,-37.94958574617607,0.1383355732274652,0.493834240978562,0.46203496466858807,56088042798.83099,220.35743949032397,candidate,DES-SL-simulated
DES-1309,DES-SL,47.44660851435474,-55.22067793424955,0.3195463718883478,0.6296702652784334,1.1770095030445602,180400323644.2656,247.6045763032022,candidate,DES-SL-simulated
DES-1310,DES-SL,7.504274367034145,-51.69059220075198,0.1065839242777415,0.26243175101013966,0.7122795456649671,62582220534.72333,187.46933700860077,candidate,DES-SL-simulated
DES-1311,DES-SL,16.317350762330975,-55.607203750533,0.08932026438444522,0.6039684553181112,0.6220400652841817,73114390413.91998,216.83143712169806,candidate,DES-SL-simulated
DES-1312,DES-SL,53.40499017280548,-31.030925138756565,0.287593831686371,0.5266110953551749,0.7433334317261736,26760003542.14225,120.0,candidate,DES-SL-simulated
DES-1313,DES-SL,30.73612504706712,-47.980888674359164,0.1919380239419378,0.8743281398435784,0.62801756860555,82361896208.33519,229.03785485060925,candidate,DES-SL-simulated
DES-1314,DES-SL,21.505544542808927,-32.83355155188252,0.05,0.8172440053500585,0.44121024146621757,61281314447.6661,235.70632643909784,candidate,DES-SL-simulated
DES-1315,DES-SL,37.82496170514711,-57.93945941341834,0.19864208009683348,0.38664556818599144,0.906844449609211,66532828574.811356,171.3095561112827,candidate,DES-SL-simulated
DES-1316,DES-SL,23.472206502865514,-48.00636757373255,0.17553001355332715,1.9227938638662636,1.235533664838095,168025070990.85684,233.23286538333184,candidate,DES-SL-simulated
DES-1317,DES-SL,36.43852457527652,-41.531546718336344,0.4088793368742375,0.5088793368742375,1.1367753144394133,109369526901.42863,196.17372801896786,candidate,DES-SL-simulated
DES-1318,DES-SL,30.80354412754061,-38.06800880104626,0.17196896741655793,0.5936620315717807,0.784297331441212,70099649138.17787,189.0808513691917,candidate,DES-SL-simulated
DES-1319,DES-SL,42.26590923885572,-46.36609479475592,0.6,0.9868778714117121,0.725283725642671,47036328223.62216,161.0618693872044,candidate,DES-SL-simulated
DES-1320,DES-SL,39.36048650825508,-35.14892978309407,0.29354094295919114,1.4242743033408003,0.9143207469523241,86427540379.14243,194.4494796287709,candidate,DES-SL-simulated
DES-1321,DES-SL,51.43988220795957,-31.453174423829527,0.18628338350675003,0.4645627031045765,1.1594895122794784,166494338553.5378,239.6604213375981,candidate,DES-SL-simulated
DES-1322,DES-SL,21.568294577360493,-54.61701683593554,0.09244817221272984,0.5631017594226443,0.6715039509679348,62045862665.93106,192.2481295687907,candidate,DES-SL-simulated
DES-1323,DES-SL,11.584336427803878,-30.870400442891793,0.05,0.7415516326556014,0.7366218799638679,97971682926.4607,230.65239712361455,candidate,DES-SL-simulated
DES-1324,DES-SL,23.59330552825417,-44.85156711629746,0.05,0.8427668514585878,1.1923145774317199,161752891821.11792,232.94886333187785,candidate,DES-SL-simulated
DES-1325,DES-SL,26.991881721685182,-44.03978173599581,0.5674482854827547,0.9064087997929002,0.42419033539253315,41827237865.82204,198.59998163309652,candidate,DES-SL-simulated
DES-1326,DES-SL,10.62580165764503,-31.822568313746736,0.36708445599513945,0.7027300576453357,0.8416479289134856,118136924977.66853,236.9504824374345,candidate,DES-SL-simulated
DES-1327,DES-SL,53.87702060292268,-54.96908031263119,0.43915175270963275,1.3687608651400363,0.9526140801286882,128207426300.77945,232.0214243373947,candidate,DES-SL-simulated
DES-1328,DES-SL,18.772974755755968,-39.551802294950726,0.38267178008891084,0.6381948521932603,0.5637323543261087,54654343317.54336,196.9272677757553,candidate,DES-SL-simulated
DES-1329,DES-SL,10.68177177632182,-57.672932782135966,0.37654723616015384,1.1525628907402736,1.3240655977958813,127783812273.10616,196.47765454686868,candidate,DES-SL-simulated
DES-1330,DES-SL,9.46245868271708,-51.85046041352418,0.11005818668280137,0.24680783143222096,0.9925751617972881,189860775574.88763,276.6087533657642,candidate,DES-SL-simulated
DES-1331,DES-SL,4.870902323501573,-40.86763001262847,0.30783444561219137,0.8756875464195168,0.6151159955097989,90563842057.48941,242.67716047090033,candidate,DES-SL-simulated
DES-1332,DES-SL,54.19341749825617,-45.26450398711191,0.07839337613516513,0.9012033769416414,0.7991793449373927,28770456417.74614,120.0,candidate,DES-SL-simulated
DES-1333,DES-SL,22.440311962397356,-40.783386100678555,0.1499512757972466,0.7342467509486348,0.6500851021375501,63624325161.45434,197.8593068906725,candidate,DES-SL-simulated
DES-1334,DES-SL,13.222181433989489,-53.286831252574395,0.1606323871469299,1.1580318640766265,0.8393695492999405,64901991052.88663,175.86620855784332,candidate,DES-SL-simulated
DES-1335,DES-SL,11.197289494009603,-45.04327079154672,0.4100442312674831,0.7841585182770201,0.6871843512227167,140232097529.4238,285.70449958284007,candidate,DES-SL-simulated
DES-1336,DES-SL,47.59293216079134,-40.14946931290005,0.19349646477114604,1.3297770096032713,0.7912307432189223,82703675352.49672,204.47528584409352,candidate,DES-SL-simulated
DES-1337,DES-SL,4.42464990846964,-33.61435222241738,0.3423962991382671,0.8833307306110281,0.5944104417626285,51637302393.6773,186.40971983529357,candidate,DES-SL-simulated
DES-1338,DES-SL,14.390504908853375,-54.10782097052786,0.22954081710112595,0.8318993539891368,1.106263552526557,204691253239.89905,272.0510059350757,candidate,DES-SL-simulated
DES-1339,DES-SL,7.929371838259362,-57.81866356966225,0.22224068332547015,1.124338434697264,1.2561323950164072,95496724654.30556,174.3839560869216,candidate,DES-SL-simulated
DES-1340,DES-SL,57.953100776600536,-52.78124319811843,0.054054762683850406,0.277699769890852,0.8529231975932108,89709683941.18689,205.11371271988244,candidate,DES-SL-simulated
DES-1341,DES-SL,51.803193887361736,-52.30713916044877,0.2780128168880947,2.5,0.7472037695944611,54926639630.855194,171.47546276532464,candidate,DES-SL-simulated
DES-1342,DES-SL,5.609580699265848,-51.6091495992907,0.07052001856427896,0.6772950092463776,0.8278619825153657,196004022496.2917,307.7396944272431,candidate,DES-SL-simulated
DES-1343,DES-SL,3.334838069044621,-38.49003425750644,0.12943892477468588,0.6530141609735353,0.7664240893530042,129363780559.12572,259.83746580531704,candidate,DES-SL-simulated
DES-1344,DES-SL,33.32960978789953,-51.21582003914692,0.44210247363430427,0.6447786489360137,0.7367272116362981,73040892290.27844,199.1405375427966,candidate,DES-SL-simulated
DES-1345,DES-SL,49.06195871085635,-40.19648711624538,0.13725549246002158,0.2372554924600216,0.5211033243128719,59258159022.200584,213.27608074630393,candidate,DES-SL-simulated
DES-1346,DES-SL,58.156154660911575,-31.32901323243384,0.560077891942683,1.2364538582150169,1.184325318275504,136522856400.65413,214.73219918330454,candidate,DES-SL-simulated
DES-1347,DES-SL,54.034675833789876,-36.59598452414724,0.09913947955033964,0.5031302537782895,0.5889912976162657,87752443922.49315,244.1210149269659,candidate,DES-SL-simulated
DES-1348,DES-SL,21.887028802214875,-43.17906547607202,0.05,0.41633656134982744,0.7359080161064092,91415166434.98927,222.90887292687077,candidate,DES-SL-simulated
DES-1349,DES-SL,14.211642566421538,-59.56889382219753,0.4473917965881847,0.9165340480516859,0.8147986424644855,113530604988.6283,236.08115615931618,candidate,DES-SL-simulated
DES-1350,DES-SL,9.303583284744805,-43.79719736706856,0.07734916409448435,0.9174739919227713,1.2364559252441651,145739492328.3608,217.13473439218393,candidate,DES-SL-simulated
DES-1351,DES-SL,55.29553860079908,-32.501298789656616,0.4080534536804468,0.9908686764878771,0.8788685516718654,67895865999.291435,175.78819201334343,candidate,DES-SL-simulated
DES-1352,DES-SL,43.63294128111854,-34.88142666450717,0.33507418507856707,0.6528467998811593,0.5036580397008673,29315954974.931038,152.58580500441343,candidate,DES-SL-simulated
DES-1353,DES-SL,27.148203024860543,-44.67651028453561,0.17117988383326932,0.7935213790956569,1.1931292364533175,200343681860.3504,259.16364366052886,candidate,DES-SL-simulated
DES-1354,DES-SL,19.162299986295707,-40.64082212947184,0.278278756196882,1.2562790312499412,0.7398287399039886,152656597779.72705,287.2911092269943,candidate,DES-SL-simulated
DES-1355,DES-SL,51.24092491235648,-31.243404440621198,0.2862273829096905,0.3862273829096905,1.2454916325998115,230410302046.0181,272.0260749640147,candidate,DES-SL-simulated
DES-1356,DES-SL,48.293129879491715,-33.228686562201005,0.12797448650027346,0.3573697592032462,0.8163748801284756,89713770023.54025,209.65959031464078,candidate,DES-SL-simulated
DES-1357,DES-SL,45.51269525379682,-58.06847682213957,0.3518101159480538,0.6227543998376739,0.8998467780714947,107322719009.03159,218.41956917500227,candidate,DES-SL-simulated
DES-1358,DES-SL,58.25347554348711,-35.18863526571511,0.10878338598202252,0.7632871051392768,0.8321450608575746,29957222190.872684,120.0,candidate,DES-SL-simulated
DES-1359,DES-SL,49.0856937027528,-54.53797163165926,0.25757938083954146,1.6520296400819368,0.5831675211962981,88008887300.96298,245.69515730145443,candidate,DES-SL-simulated
DES-1360,DES-SL,48.26217750049441,-52.519361096239635,0.08835778155173347,0.4330139700411048,0.6715433660418251,51681088454.591095,175.45218857541246,candidate,DES-SL-simulated
DES-1361,DES-SL,53.0631700472315,-52.43486683004442,0.4807718961242467,1.6018343783613793,0.881235534602489,140802983611.8905,252.80748249944392,candidate,DES-SL-simulated
DES-1362,DES-SL,18.614785481256632,-57.617289011022706,0.1325287459600348,2.018635486101581,1.2820326732165612,87094991535.31311,164.84547851587968,candidate,DES-SL-simulated
DES-1363,DES-SL,26.42901908038069,-49.292552955854546,0.06941106083546016,1.5145335200975112,0.9861221008671932,102904492827.34688,204.30632777121076,candidate,DES-SL-simulated
DES-1364,DES-SL,59.08184336829297,-53.53017559789042,0.3143435848489444,1.8139236891816477,0.8351188416056705,129794188918.9506,249.3351336818037,candidate,DES-SL-simulated
DES-1365,DES-SL,4.030525875951367,-53.85127013303158,0.3059748192149829,1.2182465351813798,1.377290851759985,143661842046.03955,204.2621409490881,candidate,DES-SL-simulated
DES-1366,DES-SL,29.934772397374555,-53.6562147183934,0.11904716822355735,2.5,0.8645014075422227,134244021955.3163,249.22673089776197,candidate,DES-SL-simulated
DES-1367,DES-SL,28.390395481281228,-34.27829491238456,0.20512687348441636,2.5,0.6515292772969528,110879244575.89436,260.9084572612386,candidate,DES-SL-simulated
DES-1368,DES-SL,0.12489074099521602,-30.957801574087725,0.05,0.3367299556341916,0.6365217305818079,82111865542.96332,227.15711161355904,candidate,DES-SL-simulated
DES-1369,DES-SL,21.76402909301665,-31.250719118911952,0.3236895973772636,1.6857303975114717,0.7601960078531836,49622085686.56512,161.586364717296,candidate,DES-SL-simulated
DES-1370,DES-SL,12.551075566603817,-40.293800932219234,0.12272039197290338,0.49613267615655154,0.5246033507626984,78111876956.96529,244.04673533278944,candidate,DES-SL-simulated
DES-1371,DES-SL,20.558123497690268,-39.96295461795422,0.14788509128429939,1.8882623562222114,0.5983479404066698,81195720612.66527,232.98054974247174,candidate,DES-SL-simulated
DES-1372,DES-SL,58.75587588199309,-46.405984538394904,0.14907654770846274,0.9100766899341408,0.6070218781182983,68108097777.319244,211.84938083597024,candidate,DES-SL-simulated
DES-1373,DES-SL,59.6218818076295,-37.4203799636616,0.6,0.8056030262275261,0.9015047972811413,32454172702.121086,120.0,candidate,DES-SL-simulated
DES-1374,DES-SL,41.84301144525881,-49.79972199276284,0.17735812254637873,0.4719685763188348,0.7890805559045585,84652231302.75156,207.15171335103906,candidate,DES-SL-simulated
DES-1375,DES-SL,20.88313721945605,-43.768463315082585,0.06424263259409402,0.2992660804978816,0.9662649788185923,106242802615.01567,209.71603363508711,candidate,DES-SL-simulated
DES-1376,DES-SL,37.50079494696275,-38.483835603166845,0.1303647452261168,0.6933559488365191,0.7773633546342208,53341996908.57964,165.67332889522018,candidate,DES-SL-simulated
DES-1377,DES-SL,54.91973667993902,-53.84745504084074,0.09496227482591345,1.5649177048877843,1.1367860234954899,187322374183.4526,256.735225115109,candidate,DES-SL-simulated
DES-1378,DES-SL,57.900012568603145,-46.39076305668875,0.2871027009340245,2.5,0.9651227005848283,109260824584.29597,212.79967834928394,candidate,DES-SL-simulated
DES-1379,DES-SL,21.992343264537364,-30.597026906760668,0.05,0.7726126217239148,0.7099244748884151,76959734245.23021,208.2359463286011,candidate,DES-SL-simulated
DES-1380,DES-SL,26.702716998891923,-30.34785923532161,0.4028218167145029,1.4373221284287454,0.9521953109815454,91289570782.28029,195.8292492636805,candidate,DES-SL-simulated
DES-1381,DES-SL,10.877548320834752,-46.23800018589774,0.24320432661952252,2.5,1.1625480291715393,101053268279.33266,186.46603047915843,candidate,DES-SL-simulated
DES-1382,DES-SL,31.684284704208288,-47.93647843056128,0.18777955943305916,0.9385570135644734,0.7769334991018151,183886586068.97433,307.68979821862933,candidate,DES-SL-simulated
DES-1383,DES-SL,46.92588882525609,-39.159527476940866,0.1769564596433884,0.9274549121275273,1.1053396215400138,118396054429.75873,206.9906563179818,candidate,DES-SL-simulated
DES-1384,DES-SL,2.546383547504476,-30.66299858141434,0.05791503276859903,0.3716351705740095,0.6499705062448038,70468866384.1781,208.2484670618958,candidate,DES-SL-simulated
DES-1385,DES-SL,43.10845288655551,-48.84211633401438,0.2080249664124205,0.34508667876382443,1.2683269366477636,137102792511.26414,207.93975978178722,candidate,DES-SL-simulated
DES-1386,DES-SL,44.24858831393932,-33.24793616826619,0.24389934620781237,0.6793992586624152,0.8918011312238125,90650712630.22166,201.64227909972826,candidate,DES-SL-simulated
DES-1387,DES-SL,57.8274428678448,-55.635259276289574,0.13712447265259634,0.26232281316791006,1.3930821483743285,186761280032.0726,231.5714702987246,candidate,DES-SL-simulated
DES-1388,DES-SL,58.097613496377086,-36.49945799627267,0.09029384794973612,0.3099228276336792,0.6745654316821249,52436996593.22351,176.3343247822841,candidate,DES-SL-simulated
DES-1389,DES-SL,53.28681931082263,-50.19732974003954,0.05,1.5138539875039796,1.044130545669835,105164866734.43005,200.71874507489613,candidate,DES-SL-simulated
DES-1390,DES-SL,19.46703921878037,-48.622766407137966,0.29764713712996355,1.3346734411302594,0.7067642654996116,128292708445.47466,269.4596187620988,candidate,DES-SL-simulated
DES-1391,DES-SL,49.290511013885514,-44.73976103730185,0.0703102995776155,0.27395778724658726,1.1299603083794199,140732138244.1565,223.20043905205083,candidate,DES-SL-simulated
DES-1392,DES-SL,11.014266159188828,-32.94978524319045,0.08711317422823844,0.6792021059705367,0.7810890768477716,79215285746.01576,201.41147502785688,candidate,DES-SL-simulated
DES-1393,DES-SL,3.5958259871335074,-52.91917184421524,0.0865292365077457,0.3717476165215217,1.0617909602984734,103259528407.45102,197.23117067302303,candidate,DES-SL-simulated
DES-1394,DES-SL,20.408521244865426,-54.089523611549424,0.37149053324767534,0.4742446207525044,1.0108174940030548,68033167745.8948,164.07936528560091,candidate,DES-SL-simulated
DES-1395,DES-SL,20.846301794908,-46.323948851941964,0.6,1.5115094378070975,0.6050949710134305,90760468406.18088,244.94387732570044,candidate,DES-SL-simulated
DES-1396,DES-SL,58.498473756174626,-40.05609026908625,0.052662385430081275,0.5620358611106132,0.450130660968518,23132317104.908127,143.37395519875378,candidate,DES-SL-simulated
DES-1397,DES-SL,43.19637866084761,-54.22850456327251,0.10952657018146071,1.3133081756916496,0.5134114146259152,82453539694.80147,253.45559803242216,candidate,DES-SL-simulated
DES-1398,DES-SL,23.172175472752862,-50.8263955803117,0.05,1.237868638774529,0.7008087636938573,52388456310.04337,172.92111787151475,candidate,DES-SL-simulated
DES-1399,DES-SL,13.286846514609344,-48.29060362345544,0.4759649855696191,2.5,0.7635396002350352,100871296127.43001,229.8783192675821,candidate,DES-SL-simulated
DES-1400,DES-SL,18.01493081496831,-39.44464265459341,0.11520742916042505,1.4990284025479663,0.9321715645612282,131290426936.3333,237.35511791474408,candidate,DES-SL-simulated
DES-1401,DES-SL,40.15741428919116,-37.199327427362896,0.16873048207741673,0.943572680275356,0.7877048722169556,82660193702.9956,204.87852514562738,candidate,DES-SL-simulated
DES-1402,DES-SL,35.21278750780554,-50.71131321221531,0.3520284624930509,1.2435269574678234,0.6856652221693671,109462449873.45216,252.7007416678524,candidate,DES-SL-simulated
DES-1403,DES-SL,17.9229112274769,-50.84715056539462,0.24949017210879168,1.0645014727393567,0.7768824527257308,49183398802.185936,159.13349756105586,candidate,DES-SL-simulated
DES-1404,DES-SL,59.92757105133229,-55.234825568812596,0.3318547954043201,1.8308301639377151,0.6390841794093397,58571881573.86296,191.46771312038842,candidate,DES-SL-simulated
DES-1405,DES-SL,25.35375990116089,-57.27090454719432,0.08787717763436899,0.22750259724387095,1.3320011645522583,120854607541.40416,190.5062812799585,candidate,DES-SL-simulated
DES-1406,DES-SL,34.1189781707403,-49.77474434765796,0.3481880803775449,1.6801761039175118,0.5967980570780376,116691428192.22693,279.66348996738884,candidate,DES-SL-simulated
DES-1407,DES-SL,52.14454890406214,-55.130764635106175,0.13250228564693625,1.197177759520807,1.1331076071131834,101699068425.35612,189.47543179275996,candidate,DES-SL-simulated
DES-1408,DES-SL,25.84712811172604,-39.9431242331367,0.06666369170588778,0.387243206551927,1.0520876091593305,224964322485.15015,292.45622292142247,candidate,DES-SL-simulated
DES-1409,DES-SL,59.283343117446535,-39.26729440514504,0.15251399814046596,0.568619408412224,1.7706305366712727,255271473782.06793,240.1414693351565,candidate,DES-SL-simulated
DES-1410,DES-SL,44.713672849864366,-30.8601089936304,0.05153977976717163,0.3276253413593107,0.5094416895736273,63459844034.47068,223.2195636440748,candidate,DES-SL-simulated
DES-1411,DES-SL,42.71383501840113,-38.01257102491484,0.16746046598082281,0.6309425128715085,0.5487161755112051,42018863528.91858,175.01620610103635,candidate,DES-SL-simulated
DES-1412,DES-SL,14.601271195096936,-57.00695898447581,0.16820198331885328,0.7428876865582705,0.979281501383905,41804311743.86104,130.6732700020703,candidate,DES-SL-simulated
DES-1413,DES-SL,24.573681617606628,-51.53186798252699,0.3336980987486169,0.6578266195287669,0.8795766870611469,172897196594.9586,280.405880048985,candidate,DES-SL-simulated
DES-1414,DES-SL,47.01555944503983,-39.075089691342754,0.1582086474259824,1.787307889969492,1.6725885353176695,188070747933.838,212.07821709856236,candidate,DES-SL-simulated
DES-1415,DES-SL,11.165854066974246,-40.33140358665034,0.6,0.8801894777224784,0.8924629823867445,86880919754.1079,197.33180793283026,candidate,DES-SL-simulated
DES-1416,DES-SL,29.277662702492254,-53.250557532785635,0.19013885718365683,0.6649027001400506,0.4632863525913806,57641253164.42035,223.08581132533905,candidate,DES-SL-simulated
DES-1417,DES-SL,39.46064602755782,-51.74340229685743,0.10699414668507176,1.2675162187207305,1.1732124446963248,88100664578.22511,173.31304690381887,candidate,DES-SL-simulated
DES-1418,DES-SL,39.303541040434965,-54.17270635698727,0.05,0.32855741061118376,0.5921791485883169,48264058607.510735,180.55742808165388,candidate,DES-SL-simulated
DES-1419,DES-SL,24.5416272548789,-54.13492229410339,0.15603289800453052,1.2406812164401064,1.2259033354736815,202184364755.53357,256.8476912224488,candidate,DES-SL-simulated
DES-1420,DES-SL,28.054257735145047,-58.32879312919728,0.6,0.7775300047916733,0.7802375002142873,58989132394.80435,173.9012045068602,candidate,DES-SL-simulated
DES-1421,DES-SL,49.10307338156709,-59.48905616735989,0.3595672131740205,1.0543116933969805,0.6395132624913856,97807315741.66763,247.3380246444316,candidate,DES-SL-simulated
DES-1422,DES-SL,11.519056053638907,-48.66032248292295,0.3560668261067296,0.8187656059466761,0.9608091640497215,108039240216.41638,212.08120779294757,candidate,DES-SL-simulated
DES-1423,DES-SL,6.792880596593722,-53.76853434825926,0.13581241676412117,0.5996820071969987,0.6663188234718324,80665219655.89043,220.05544287625574,candidate,DES-SL-simulated
DES-1424,DES-SL,3.4817776256568433,-45.44439191373452,0.16368169964735543,1.05462348360732,0.4065421274424396,56616004333.09672,236.01892385041887,candidate,DES-SL-simulated
DES-1425,DES-SL,23.15164880049611,-54.151215118994685,0.05,0.9555640151491696,0.8220570262108154,30245692792.01637,121.31396327580565,candidate,DES-SL-simulated
DES-1426,DES-SL,3.4999963370881004,-55.38767914248132,0.18517368113312366,1.1452287329602315,0.809937970892327,86429968838.12193,206.60284328491485,candidate,DES-SL-simulated
DES-1427,DES-SL,44.99776330320161,-40.46763072752242,0.12279160832028306,0.828915101156182,0.9184146849606026,94146529208.33759,202.49427214292052,candidate,DES-SL-simulated
DES-1428,DES-SL,30.172528659548405,-30.977207037509586,0.1691068716809056,0.4242958606506577,1.038482982943907,76856212275.66457,172.05598810701014,candidate,DES-SL-simulated
DES-1429,DES-SL,9.837727129084486,-34.601038401207965,0.21761018258207038,0.7764854712568154,0.6259127926763385,105145811679.2193,259.220336858735,candidate,DES-SL-simulated
DES-1430,DES-SL,43.03689703354301,-53.9996823166991,0.05,0.5075409829632873,0.823491785126547,163854844493.4007,282.1174847345619,candidate,DES-SL-simulated
DES-1431,DES-SL,55.70231062326306,-52.08647692655178,0.27930523611433955,0.41929495345352985,0.4956422189503924,91432289846.03679,271.64120453366667,candidate,DES-SL-simulated
DES-1432,DES-SL,44.84655151923354,-35.756830063641814,0.4459675719076658,1.4573645728632023,0.6521327576104009,53204539306.0768,180.64932001173815,candidate,DES-SL-simulated
DES-1433,DES-SL,33.52805006123978,-31.506386960759805,0.05,1.1634722278065457,0.5699983255780462,71801374388.39496,224.47066046937053,candidate,DES-SL-simulated
DES-1434,DES-SL,38.074007960699646,-47.09506642456501,0.1804812543334488,0.6054718606268786,0.6774577856859018,85764821683.53487,225.03158080304212,candidate,DES-SL-simulated
DES-1435,DES-SL,16.41429441331645,-42.874774940336266,0.46705411787552076,1.3126877588592845,0.7764928549007452,119934135802.03426,248.56081761829483,candidate,DES-SL-simulated
DES-1436,DES-SL,13.515946721703303,-55.14634244929109,0.5176710816964879,0.814195604310648,0.8485698075260413,60698290760.96832,169.15094906365346,candidate,DES-SL-simulated
DES-1437,DES-SL,14.571879031875977,-55.01221715095811,0.481201065427322,1.3536028067038686,0.8083589934677659,75110924750.73625,192.78774029716368,candidate,DES-SL-simulated
DES-1438,DES-SL,5.210185226400689,-33.14585922115452,0.2576811483110478,2.5,1.5500576618335364,135596231224.18613,187.05954689082822,candidate,DES-SL-simulated
DES-1439,DES-SL,55.97685645337663,-42.12346985231907,0.05,0.7752906894007039,0.751747401744811,59569123043.243675,178.03468934989073,candidate,DES-SL-simulated
DES-1440,DES-SL,59.64432828295949,-58.54464389921139,0.3299370983406897,1.1861848046232222,0.6711881689177369,138556432239.169,287.35661251361535,candidate,DES-SL-simulated
DES-1441,DES-SL,5.481704238532606,-31.128847370898548,0.6,0.8875799633293898,0.753484567758018,155059408258.26337,286.90748324956115,candidate,DES-SL-simulated
DES-1442,DES-SL,36.68220339357439,-56.797899539562074,0.08654663378228519,0.7273422022134058,0.8962050047437998,127274065118.92235,238.33963562867413,candidate,DES-SL-simulated
DES-1443,DES-SL,14.973143532907203,-33.3472157343643,0.6,2.0861572048907964,0.7643488989955372,96948581469.2906,225.2448670754824,candidate,DES-SL-simulated
DES-1444,DES-SL,51.66715010176627,-45.333205714087725,0.25519770764047156,0.49051861064189817,0.5655002048545209,53379495107.573265,194.3125464520666,candidate,DES-SL-simulated
DES-1445,DES-SL,11.64179689437625,-48.25828006853192,0.22504039837518267,0.7537487468246221,0.3858049510385273,28252340693.65777,171.14858572041183,candidate,DES-SL-simulated
DES-1446,DES-SL,13.979523152756382,-48.40103423358883,0.6,2.5,0.9567807146780019,193639434250.55582,284.5251701796161,candidate,DES-SL-simulated
DES-1447,DES-SL,57.71072427161007,-48.441452218980515,0.46863871277591723,1.8927067821967636,0.8372327945352892,58783019629.33132,167.58410556040516,candidate,DES-SL-simulated
DES-1448,DES-SL,19.80424802694927,-47.104440651304444,0.31699371831183765,1.01255633741413,0.5677077763870931,71256360724.76688,224.0677705560492,candidate,DES-SL-simulated
DES-1449,DES-SL,11.400557689875138,-38.51666893232247,0.17191226443097093,0.4972167723636616,0.7381539731107496,148037837153.36484,283.232366156606,candidate,DES-SL-simulated
DES-1450,DES-SL,9.807066538855619,-52.442238889300725,0.10058677958047105,0.5998485830089775,0.7663091823375016,62813361377.66884,181.0731256086386,candidate,DES-SL-simulated
DES-1451,DES-SL,24.840040973083497,-49.98541294342196,0.05,1.0731932239037167,0.8976499105082597,58166748158.42282,160.9955574657513,candidate,DES-SL-simulated
DES-1452,DES-SL,30.335664101450735,-50.84785087561953,0.23779482795021503,2.0975670943733036,1.0517872729229614,132147213412.01672,224.17906050613087,candidate,DES-SL-simulated
DES-1453,DES-SL,0.0654924613774166,-44.09292921822326,0.15576413710349005,0.6944283745898594,1.3490692835554339,96984743908.8116,169.57607554844833,candidate,DES-SL-simulated
DES-1454,DES-SL,29.383155230456996,-46.88742402121722,0.08031380494108369,0.20013383286090286,0.9528404623081183,215303008319.12506,300.63874450595324,candidate,DES-SL-simulated
DES-1455,DES-SL,25.812005804559455,-55.426713467762895,0.4548618157965641,0.8624297827095015,0.8427667021955721,75920371434.94403,189.8259026230324,candidate,DES-SL-simulated
DES-1456,DES-SL,14.459135372777673,-50.54246270920785,0.2777017984991132,0.5998980082132472,0.5654195935485645,83618939841.6061,243.21866321462733,candidate,DES-SL-simulated
DES-1457,DES-SL,26.678664859521696,-41.00238835353032,0.41449933082096235,1.3176514856005532,1.4168157467801148,114589779442.64824,179.8648293118321,candidate,DES-SL-simulated
DES-1458,DES-SL,27.343162803917206,-31.5416949062717,0.26607737924763575,0.4936659491187813,0.7165413550795795,65996512412.77389,191.94193038129006,candidate,DES-SL-simulated
DES-1459,DES-SL,58.70605343934236,-38.48217445570108,0.2676434956801938,0.38727902885268634,1.0057214979656268,137356479895.27274,233.7306705876484,candidate,DES-SL-simulated
DES-1460,DES-SL,12.690395278641747,-40.79342386898985,0.4053188468180685,1.1343712863550928,0.8918095148783558,106063132337.14812,218.11029708740907,candidate,DES-SL-simulated
DES-1461,DES-SL,43.030283523496074,-42.64658270991674,0.06424492357955792,1.0945839594235047,1.3028456447284573,155965622772.44064,218.82551274247095,candidate,DES-SL-simulated
DES-1462,DES-SL,46.76583646820059,-40.720475007582955,0.36458109017235013,1.794936767416035,0.5689311680139054,57583408567.625,201.20965515936334,candidate,DES-SL-simulated
DES-1463,DES-SL,54.099804880605475,-35.82902443994154,0.16404933659166235,0.68386522484347,0.7844503199780848,99816354187.80507,225.6046906305405,candidate,DES-SL-simulated
DES-1464,DES-SL,15.019706628121934,-37.247694287188125,0.34944102746527494,0.6869878610472753,0.8155333034340556,34172441830.181168,129.46344273513103,candidate,DES-SL-simulated
DES-1465,DES-SL,33.84142761613092,-31.706757968396037,0.2025408889874082,0.7452631398758132,0.9250231560747586,167672671288.1481,269.2680560884637,candidate,DES-SL-simulated
DES-1466,DES-SL,14.64480062774915,-54.31515093480442,0.24196831009496703,1.2111552526799092,0.5577205973462384,56715551644.24498,201.68459810633732,candidate,DES-SL-simulated
DES-1467,DES-SL,31.91142656142986,-51.55442722600748,0.16534680403419214,0.41117019870677807,0.5110945478026289,42718591817.21838,182.8469985222414,candidate,DES-SL-simulated
DES-1468,DES-SL,1.839035442433945,-56.230123511654824,0.14043021718001614,0.5935204396307725,1.0633483375546604,87147567446.72198,181.05888935872332,candidate,DES-SL-simulated
DES-1469,DES-SL,21.867590876378607,-55.20307919118186,0.4213586219371483,0.5213586219371483,1.1461026100019833,185075693237.75488,254.15165217721352,candidate,DES-SL-simulated
DES-1470,DES-SL,37.73038731352097,-49.74209347204733,0.28081819108140454,0.984651347127314,0.655424009637784,103052215027.8128,250.78265040792093,candidate,DES-SL-simulated
DES-1471,DES-SL,50.58086129069776,-54.745004283007866,0.13446121280076298,1.9870690449786705,0.6992925340762935,25174531226.746567,120.0,candidate,DES-SL-simulated
DES-1472,DES-SL,54.9270821169059,-53.07439341193731,0.19526312774639576,1.3755422742746664,0.7165950434212909,95464208028.82503,230.84123159887682,candidate,DES-SL-simulated
DES-1473,DES-SL,15.492177568114158,-30.88076259750336,0.12913174778337871,0.5724123240140888,0.7168942441124967,134275075241.38838,273.7159788221704,candidate,DES-SL-simulated
DES-1474,DES-SL,13.06899115711245,-33.21881057714746,0.36524881560137074,1.1354950230782426,0.8716749357334791,163836576176.4844,274.1941269482988,candidate,DES-SL-simulated
DES-1475,DES-SL,18.339844355547438,-52.848429235395955,0.05,0.5959233346981498,0.5100667067004279,44098843608.71861,185.9645261274197,candidate,DES-SL-simulated
DES-1476,DES-SL,48.72271431309355,-32.31252769340358,0.3957068701221254,0.6087332151946221,0.9754180690187989,167315559093.16714,261.9405662204892,candidate,DES-SL-simulated
DES-1477,DES-SL,27.902649213497465,-40.17547249620482,0.15869026549421547,0.5715575249295457,0.498620442027431,67840727534.86198,233.28682062961985,candidate,DES-SL-simulated
DES-1478,DES-SL,21.86428236817424,-35.47694192298347,0.09816299060262085,0.2808298818474904,1.0858060098837077,221654155361.8109,285.7536680134201,candidate,DES-SL-simulated
DES-1479,DES-SL,56.05831611818841,-59.38120103958707,0.06730893680267655,1.038271823824752,1.1558691920835271,97170370553.42012,183.37603618814154,candidate,DES-SL-simulated
DES-1480,DES-SL,11.546736321674446,-47.26510876418497,0.1749503151349031,0.5154122316128096,1.0053455410157024,131824112242.55125,229.01806729052282,candidate,DES-SL-simulated
DES-1481,DES-SL,12.156942041770604,-49.305655045565025,0.09479969329002437,0.2107839872022613,0.7324502924792741,106495081510.32817,241.16023168698965,candidate,DES-SL-simulated
DES-1482,DES-SL,50.99907212995251,-57.195632372201196,0.1767599048100191,0.5210634575031114,0.7412030947790237,95967634986.71635,227.57459566919937,candidate,DES-SL-simulated
DES-1483,DES-SL,42.35854650749419,-50.929038228298,0.18677610354576082,0.5337514798140605,1.0226313769698157,124638505116.61653,220.7987215748705,candidate,DES-SL-simulated
DES-1484,DES-SL,47.381670764219265,-54.18370801821542,0.1780657878051778,2.0817665499388927,0.8481529751975815,56573074367.86349,163.34197067340241,candidate,DES-SL-simulated
DES-1485,DES-SL,29.528039543840393,-44.46234799075675,0.05,0.15000000000000002,0.8353202962882068,110026206798.26352,229.5363910804193,candidate,DES-SL-simulated
DES-1486,DES-SL,16.64741969327664,-44.0538960913803,0.484528129889273,1.978177963780472,0.7825731961537971,78647405372.85538,200.49784589661854,candidate,DES-SL-simulated
DES-1487,DES-SL,25.651329273615215,-58.1458728127174,0.11000095853244672,1.3779715209695633,0.79339351819176,63436032283.10723,178.83547697149768,candidate,DES-SL-simulated
DES-1488,DES-SL,11.347760209542399,-31.878021732664166,0.1723612271370336,0.6932068497428417,0.7362866071941538,62523650375.95771,184.30143137541955,candidate,DES-SL-simulated
DES-1489,DES-SL,29.880623630066008,-54.44544937970001,0.42610802059362923,0.9548189984994482,0.6881948566700895,53248027315.69092,175.9243868000292,candidate,DES-SL-simulated
DES-1490,DES-SL,35.691951053256105,-49.17015723622599,0.2562556909445782,1.3003039188443073,0.7274598161114412,63920341609.86203,187.47572211375294,candidate,DES-SL-simulated
DES-1491,DES-SL,10.672238012053683,-54.808141523978854,0.3903238229939183,0.6477694584868541,0.7604031903074484,96019456993.6944,224.74376565246394,candidate,DES-SL-simulated
DES-1492,DES-SL,34.317066097151866,-31.528755701500884,0.18447060088372147,0.7712965236115576,0.3386146541466266,54083583005.99773,252.76087432726936,candidate,DES-SL-simulated
DES-1493,DES-SL,1.756883086088774,-46.80707414914673,0.13038863826421002,0.247444434697817,0.9934242336558785,221762588555.60428,298.81800492311334,candidate,DES-SL-simulated
DES-1494,DES-SL,46.41265108414884,-37.865180179686384,0.15332162503293167,0.43405702372769656,0.6636402966795034,114236117632.21143,262.40091116304956,candidate,DES-SL-simulated
DES-1495,DES-SL,46.70173582767207,-34.46261629482372,0.15399720560648303,0.2581647610258502,0.9828296992896925,73184080734.48085,172.58345971943294,candidate,DES-SL-simulated
DES-1496,DES-SL,40.06186570238829,-40.56107085283773,0.24599801033176458,1.0270416490586618,0.6963831953625402,92139894177.89633,230.05395770205448,candidate,DES-SL-simulated
DES-1497,DES-SL,39.72992128168246,-47.34655545943712,0.2826037462695862,1.3618319840561832,1.215904927495584,81529180521.01282,163.77089596270625,candidate,DES-SL-simulated
DES-1498,DES-SL,33.54406365655424,-52.04869413865972,0.1565661663912818,0.7245873603718915,0.7624650396548257,75224026196.97884,198.65445785525657,candidate,DES-SL-simulated
DES-1499,DES-SL,28.190629214390835,-51.25645057063778,0.1792126699147478,1.163155193247146,0.7646161821025481,118026256043.35884,248.48350740267722,candidate,DES-SL-simulated
DES-1500,DES-SL,57.55431507902853,-54.67091320367112,0.24933025974139778,0.8354736341442479,0.6674083253443733,195002157777.03937,341.86441284716295,candidate,DES-SL-simulated
DES-1501,DES-SL,58.29902987589632,-40.35057917883336,0.6,0.9711158079153557,0.7183994438659574,112867444748.49579,250.68673176832118,candidate,DES-SL-simulated
DES-1502,DES-SL,2.4504265769993006,-37.11513400817117,0.5168680887778972,1.1475492001882257,0.9216196874930056,57908314364.740776,158.5347914307424,candidate,DES-SL-simulated
DES-1503,DES-SL,43.374850932083106,-38.76835019934824,0.12197311608256817,0.6400715934780703,0.8565244060996248,70488468561.34242,181.43420330530913,candidate,DES-SL-simulated
DES-1504,DES-SL,42.842927962949,-33.882130988211465,0.05,0.2560098308219731,1.2004498990367312,73243225238.98053,156.22182464182248,candidate,DES-SL-simulated
DES-1505,DES-SL,2.669665609103946,-39.05192304156874,0.18389219407771668,2.3323877151935073,0.7016972477350978,125155142577.13243,267.1034261444235,candidate,DES-SL-simulated
DES-1506,DES-SL,39.94936584333554,-54.011080539804865,0.5577112881764466,0.6577112881764465,0.43765822132411447,28899545131.048462,162.5204266379992,candidate,DES-SL-simulated
DES-1507,DES-SL,15.087958229464553,-53.55799492847315,0.12236564280695708,2.1286123179717005,0.739601465652916,113902464896.8616,248.19765581907848,candidate,DES-SL-simulated
DES-1508,DES-SL,30.47599603032376,-31.961374789382763,0.2400986550964614,0.9450293158873875,1.2523161453297034,188353625291.3149,245.27879143466768,candidate,DES-SL-simulated
DES-1509,DES-SL,3.356876795917234,-42.25560341776776,0.13725254228277917,1.278017015351756,0.7387210269068847,36628808937.598915,140.83194058190114,candidate,DES-SL-simulated
DES-1510,DES-SL,28.527380769721443,-47.75119818632352,0.2922342946785881,0.9298171125652089,0.6031248882533591,35161657804.37456,152.70773726280456,candidate,DES-SL-simulated
DES-1511,DES-SL,25.869809588088103,-58.42918877416778,0.11890554183328875,0.7090287371408207,0.9991269277957727,162713818560.73187,255.2300950991289,candidate,DES-SL-simulated
DES-1512,DES-SL,8.367879275942094,-40.267887630375824,0.24159123158373103,1.8844149704325024,0.9375423009058218,87664968832.49149,193.39605068189834,candidate,DES-SL-simulated
DES-1513,DES-SL,37.52389457948715,-59.95658338437002,0.35038509073379803,0.7697331501578899,0.9164680424466501,90940813979.18341,199.2281725898068,candidate,DES-SL-simulated
DES-1514,DES-SL,54.08865488820098,-44.437141625954766,0.05,0.989186042280402,0.7925100138584354,54642552664.211555,166.0707343826943,candidate,DES-SL-simulated
DES-1515,DES-SL,38.063835569825066,-56.88959128886913,0.6,1.5706673576571633,0.9522982629830355,41665239903.927,132.29104375291757,candidate,DES-SL-simulated
DES-1516,DES-SL,58.98758459889685,-53.47520451539657,0.13396945461447404,0.6542566724681914,0.8362618757252908,58949383847.747406,167.91847507250992,candidate,DES-SL-simulated
DES-1517,DES-SL,0.36423736882873925,-38.61951551867812,0.132852011505715,0.5999542672933501,0.7434234833550125,69934248005.3707,193.97993638224386,candidate,DES-SL-simulated
DES-1518,DES-SL,0.5078652970385722,-30.947554119131457,0.5221581609606053,1.4936399230034436,0.5905920321416882,72587197767.38585,221.72579427137185,candidate,DES-SL-simulated
DES-1519,DES-SL,24.074187237787676,-42.93110592224121,0.06637784944057226,0.731823195871862,0.7103870392889906,85665921849.21144,219.62740354855404,candidate,DES-SL-simulated
DES-1520,DES-SL,7.644931128093207,-33.22248670831139,0.1641653104257163,0.26416531042571634,0.8508768870428239,76426242188.89185,189.54742346203844,candidate,DES-SL-simulated
DES-1521,DES-SL,29.644354645992404,-41.4680635093611,0.2320965204311312,1.130116237222942,0.594332680761893,62422939356.0457,204.96858229489018,candidate,DES-SL-simulated
DES-1522,DES-SL,59.559284835162956,-59.31537809955458,0.05,0.9059643162832024,0.885776030775547,43504874759.27632,140.1641652840404,candidate,DES-SL-simulated
DES-1523,DES-SL,45.36366672033225,-52.00470488268005,0.05,0.3499565112836448,0.7742481805636013,89908562481.03981,215.52141309351862,candidate,DES-SL-simulated
DES-1524,DES-SL,4.414778289585093,-56.4184948842398,0.19407895872329808,0.3631470324163892,0.7790616677113072,29633851813.538742,123.34970920034087,candidate,DES-SL-simulated
DES-1525,DES-SL,22.843252874128513,-39.9741609221055,0.18669167560627745,0.9434556944950123,0.6339885466640053,149011836807.29483,306.6194311744375,candidate,DES-SL-simulated
DES-1526,DES-SL,53.1469414751777,-48.35366701070694,0.060177757622302104,1.0702046450901535,0.5811952232395965,42907278861.14906,171.8440359280999,candidate,DES-SL-simulated
DES-1527,DES-SL,2.9801223540485577,-34.89761004742623,0.19269913635146807,2.5,1.0668200681689126,62907248710.79477,153.58003175183057,candidate,DES-SL-simulated
DES-1528,DES-SL,30.144133182430995,-49.95769599128025,0.2679263649661831,1.3216980379513903,0.8174781368208617,124639133551.78099,246.95574463561746,candidate,DES-SL-simulated
DES-1529,DES-SL,12.897147009415246,-32.5262353035904,0.4126566840420763,0.6604733025268481,0.8362080982329088,69252513560.40146,182.0080436501076,candidate,DES-SL-simulated
DES-1530,DES-SL,57.966979349565285,-44.91836073135828,0.0869850972403432,0.26380499093326787,1.4839675756968,177020735372.92142,218.43883921363187,candidate,DES-SL-simulated
DES-1531,DES-SL,4.030370213700538,-58.37653596589052,0.3506200147197177,1.0447360031178148,0.9540783178533262,61115318285.907364,160.0711339324837,candidate,DES-SL-simulated
DES-1532,DES-SL,26.610082953002493,-51.279005590592384,0.05,0.15000000000000002,0.8757984917187649,37218403546.554375,130.37873693985105,candidate,DES-SL-simulated
DES-1533,DES-SL,41.8972155978355,-41.08088133122269,0.05,0.7879078635437775,0.9608955021793153,242436338351.93448,317.68065786289657,candidate,DES-SL-simulated
DES-1534,DES-SL,1.0615153872688987,-57.8370279254946,0.05,0.26847189878489147,0.6462889389058508,165044795715.4966,319.60793367488503,candidate,DES-SL-simulated
DES-1535,DES-SL,16.664228913255428,-31.415240551605688,0.1958817488553546,0.29588174885535456,1.2891730115876237,115293246586.72084,189.13692654255004,candidate,DES-SL-simulated
DES-1536,DES-SL,16.161886652912937,-43.1295633319404,0.08765910696439806,0.20692669120640889,0.4945823449584664,56842858599.05277,214.4117819079038,candidate,DES-SL-simulated
DES-1537,DES-SL,11.59103476398137,-31.377379408928572,0.2718858340590388,0.6315494871293093,0.5198111594550154,30251976732.65317,152.5752446832197,candidate,DES-SL-simulated
DES-1538,DES-SL,38.24781773265739,-31.154495801195424,0.23863637570657129,1.9503479435586344,1.628193939991676,158991000412.7867,197.63470038899698,candidate,DES-SL-simulated
DES-1539,DES-SL,32.23900171398286,-43.125881594139685,0.13615666613887964,1.2054529708687107,0.7980729035678987,41360214410.27783,143.97931516536698,candidate,DES-SL-simulated
DES-1540,DES-SL,54.21048632142352,-41.47699438552567,0.14632206834314723,0.8521329641709291,0.8217649327160629,78791344393.47466,195.83731616076656,candidate,DES-SL-simulated
DES-1541,DES-SL,57.08381737565507,-57.624989985739134,0.3195115363170532,0.9863884593175419,0.42155264934028,39760901995.80953,194.2371057272691,candidate,DES-SL-simulated
DES-1542,DES-SL,37.65218939672256,-58.41893716237749,0.1818759342847975,0.2818759342847975,0.8156197491253235,136067215427.35953,258.3228822578221,candidate,DES-SL-simulated
DES-1543,DES-SL,53.04985051160898,-32.37415304455369,0.05,0.3675956515381171,0.8212485641564954,117092284406.86992,238.81237268310306,candidate,DES-SL-simulated
DES-1544,DES-SL,40.0537261071703,-56.61348544524457,0.15987631709521796,0.3473871874632046,1.2225995250226274,246509288845.2254,283.9909684303914,candidate,DES-SL-simulated
DES-1545,DES-SL,51.59248500421611,-59.90049886785295,0.1057192086209538,0.43774020312184647,0.8097525973987955,69718544695.74164,185.57863556680311,candidate,DES-SL-simulated
DES-1546,DES-SL,31.7135077460209,-34.67859103896407,0.18415107818958135,1.140887598423092,0.8657264837411742,89621531875.54654,203.49129023455956,candidate,DES-SL-simulated
DES-1547,DES-SL,40.046590570912485,-47.57712201772099,0.07445958212209569,1.8827147415283227,0.9448904602888584,142216842331.17,245.3662239106694,candidate,DES-SL-simulated
DES-1548,DES-SL,13.746880065400592,-31.30094959567161,0.5624056114611977,1.083831288725738,1.2092730462385166,126431369576.53468,204.50090320316656,candidate,DES-SL-simulated
DES-1549,DES-SL,47.10326604152999,-45.520427450613695,0.4170101626909554,2.5,0.8749393019399685,139799725553.94263,252.80996727497453,candidate,DES-SL-simulated
DES-1550,DES-SL,54.592252444826826,-30.71061299668081,0.05,0.968220014552768,0.5895946445257855,64675390394.244675,209.47044729793646,candidate,DES-SL-simulated
DES-1551,DES-SL,48.404684608335124,-36.07719208850452,0.17073998870691454,2.5,0.6161066671879893,59776112841.15738,196.99984135496786,candidate,DES-SL-simulated
DES-1552,DES-SL,28.533573286988023,-49.91846861248222,0.17824571638190181,0.3316328207446544,1.2625542698477266,185383895592.91034,242.3488538793315,candidate,DES-SL-simulated
DES-1553,DES-SL,4.342400581050272,-56.77072734499608,0.05,0.3322673474792074,1.121794184609097,179387131166.94278,252.91177277981325,candidate,DES-SL-simulated
DES-1554,DES-SL,35.63664316841153,-30.7354651994886,0.10320650475193226,1.111078384397057,0.9975919098096636,81146480386.79782,180.3799990312415,candidate,DES-SL-simulated
DES-1555,DES-SL,7.335182177413733,-47.245087660340516,0.3228498589952211,2.5,0.8030270564926837,77702710543.8355,196.73561665985102,candidate,DES-SL-simulated
DES-1556,DES-SL,42.416338375312485,-30.84029704257821,0.06798097822858898,0.33323990645723955,0.7563975642023631,111419781495.37029,242.73705918705446,candidate,DES-SL-simulated
DES-1557,DES-SL,13.834012934344857,-53.17312016463943,0.16594934308432363,0.8468548785790445,0.8525073478447021,116302535185.95451,233.60144293428306,candidate,DES-SL-simulated
DES-1558,DES-SL,48.1606112782542,-58.51937870402506,0.29446601705061703,2.5,1.325425987878564,189829328203.5508,239.3502636724351,candidate,DES-SL-simulated
DES-1559,DES-SL,1.9903654221113376,-42.97795254228887,0.14440568712498247,0.6340440070940192,0.4376478230928324,32290284740.090637,171.79224167431914,candidate,DES-SL-simulated
DES-1560,DES-SL,38.900179209151425,-45.89640701800593,0.16175407242094603,0.9154636229432414,1.9394817868939256,261241196910.0852,232.1175485822497,candidate,DES-SL-simulated
DES-1561,DES-SL,19.74655686376393,-45.846584132621125,0.2972857643380454,0.5242239032265927,0.6940353010726533,73461300309.33339,205.76358641066642,candidate,DES-SL-simulated
DES-1562,DES-SL,14.223774065860834,-36.62342149883102,0.05,0.8915546398500797,0.6627994324824282,42682415713.09804,160.49570965643713,candidate,DES-SL-simulated
DES-1563,DES-SL,39.86152149927866,-43.16662842875764,0.3490565348789364,0.8926494519299921,0.8934879204776891,58017536640.12668,161.16298237213377,candidate,DES-SL-simulated
DES-1564,DES-SL,52.237413804678795,-46.26294643565586,0.3223525495342767,1.2297381475810973,0.8349367133522515,125545858289.32634,245.2473998900642,candidate,DES-SL-simulated
DES-1565,DES-SL,11.167334671725362,-56.19172405233171,0.11612636938704912,0.5752999420977594,0.7267111124150735,37494464803.50253,143.658945576819,candidate,DES-SL-simulated
DES-1566,DES-SL,28.43488502412129,-43.03804544559107,0.15714204466188303,0.7739415827938749,0.6814013200859869,72263688049.77707,205.96269770434853,candidate,DES-SL-simulated
DES-1567,DES-SL,44.76487600987957,-53.30999456884567,0.1727878746303011,1.1808087849847964,1.0089307762017719,196531252836.31503,279.1355316248716,candidate,DES-SL-simulated
DES-1568,DES-SL,56.1088023750222,-47.33222217038769,0.11667172094078285,1.495397098735159,1.0783065680055708,66402270732.82386,156.94603049052895,candidate,DES-SL-simulated
DES-1569,DES-SL,12.762797697107782,-53.12537438923714,0.3842159707506242,0.565845943259824,0.8417040118884594,150418748017.43393,267.3629853446132,candidate,DES-SL-simulated
DES-1570,DES-SL,4.135393280708717,-56.98601365474498,0.05,0.9831787002301632,0.5784096607732565,113716410565.04991,280.4295648273867,candidate,DES-SL-simulated
DES-1571,DES-SL,48.1525354294405,-37.84430260285819,0.35538452421121813,0.499679503692399,0.7089825850673794,130469039211.86876,271.3100890743822,candidate,DES-SL-simulated
DES-1572,DES-SL,35.42948073928828,-58.33000821587015,0.24032440129359323,1.2737154782532458,0.7338398299299945,119805351741.70569,255.5450453422386,candidate,DES-SL-simulated
DES-1573,DES-SL,15.831892562395195,-43.14981123483167,0.6,0.8342368959993423,0.7215770616135744,93747956691.40182,227.96571793131704,candidate,DES-SL-simulated
DES-1574,DES-SL,19.765972833929208,-46.89553240288083,0.16058761388461978,0.9483395343415433,0.9521082178695351,100347797555.2495,205.3244940433433,candidate,DES-SL-simulated
DES-1575,DES-SL,53.66812562852663,-44.597736666729816,0.11164757596958351,0.7832673632179447,0.5547547767583152,46150396688.45242,182.41778987694818,candidate,DES-SL-simulated
DES-1576,DES-SL,54.904704109021004,-47.198852975846165,0.14195933492336513,0.76962591194699,1.2445874081059074,59045011539.709564,137.75548501488743,candidate,DES-SL-simulated
DES-1577,DES-SL,12.591348029072368,-47.50423053481322,0.19351005202086585,1.2243548469318488,0.7622287793482583,67817515942.94128,188.65063161076088,candidate,DES-SL-simulated
DES-1578,DES-SL,37.24824511612761,-47.93066410443008,0.17276299655977484,0.5665277552817061,0.6088080501489591,48243939023.975746,178.0373750125526,candidate,DES-SL-simulated
DES-1579,DES-SL,15.356337460597572,-50.88780532110456,0.09323527512674547,2.5,0.8695888971351354,92776268755.57675,206.5815129420912,candidate,DES-SL-simulated
DES-1580,DES-SL,13.979819283177154,-35.45815319183224,0.07754972725843562,1.9058742143876497,0.9840754845937008,150065210196.13367,246.97659551316687,candidate,DES-SL-simulated
DES-1581,DES-SL,10.702500116165428,-47.345135922756185,0.4962357016597242,0.8924560315543543,1.2659917954454285,162461376697.7863,226.5633275956985,candidate,DES-SL-simulated
DES-1582,DES-SL,47.171435643909504,-55.56019426708773,0.40180976389914136,1.029147184634931,0.7043917509443641,106865527781.94157,246.3438261398471,candidate,DES-SL-simulated
DES-1583,DES-SL,0.08701899546762926,-52.97522564830925,0.06621714194910684,1.0485855118919674,0.39656587065168536,21157585867.090004,146.0849190255537,candidate,DES-SL-simulated
DES-1584,DES-SL,41.55525838029791,-46.43211712429175,0.08756631222573108,0.6149343664045325,1.0353561533008535,84887658927.88731,181.09538771252573,candidate,DES-SL-simulated
DES-1585,DES-SL,40.18655076224182,-40.489764922066996,0.25942305748734545,0.80541825534022,1.1089865929531062,81820033668.56999,171.78952335597404,candidate,DES-SL-simulated
DES-1586,DES-SL,2.8674890322072866,-58.623183963748524,0.13853742075448283,1.6228987616363186,0.6020937541500957,85840320122.81279,238.80510078563157,candidate,DES-SL-simulated
DES-1587,DES-SL,11.125874484283893,-31.255477567203556,0.05,1.6278160041034022,0.6397936292411838,52095583901.50633,180.47227585833582,candidate,DES-SL-simulated
DES-1588,DES-SL,23.811555970189303,-34.20312419220361,0.050243088690805404,0.9530990097102447,0.8454544221198933,61059261559.13717,169.96545824042366,candidate,DES-SL-simulated
DES-1589,DES-SL,40.98256482507516,-39.59182143102592,0.17654297808099056,2.5,1.1012856601048875,199071659170.64008,268.8962351002574,candidate,DES-SL-simulated
DES-1590,DES-SL,35.216733894807106,-55.32483045587645,0.09434339711633598,0.36584898317638026,0.49324640012060567,62686009943.737564,225.46718734141723,candidate,DES-SL-simulated
DES-1591,DES-SL,6.6534913946502705,-33.03722322060076,0.14199145073837136,1.6998183337252304,1.1861051547712727,162529716287.40067,234.1179904099564,candidate,DES-SL-simulated
DES-1592,DES-SL,4.459731637976225,-50.44238940127631,0.0563522043990651,0.22868995551019244,0.4312100138657606,31525031245.998997,171.00678400460006,candidate,DES-SL-simulated
DES-1593,DES-SL,44.117762881230675,-41.8949761297485,0.056299965340485744,0.9905961138595328,0.7290237080314838,63576887940.19822,186.77072408895913,candidate,DES-SL-simulated
DES-1594,DES-SL,3.927823278121263,-41.921027989358926,0.16404826158974578,0.7857533409298105,0.6685076781399072,65422980553.35452,197.8526897570536,candidate,DES-SL-simulated
DES-1595,DES-SL,24.44299954826603,-32.65220479327665,0.3015599328965441,1.4427857704633238,0.564289856259598,57816409290.39882,202.44377731495044,candidate,DES-SL-simulated
DES-1596,DES-SL,50.25511338724675,-51.610850158448194,0.5038023331752498,2.2107986264926467,1.2187221641485801,160047696131.78165,229.19353042450942,candidate,DES-SL-simulated
DES-1597,DES-SL,45.185980786298025,-52.26572854598422,0.14579047258177438,0.2457904725817744,0.5961697622198059,63900495360.08091,207.06044149742647,candidate,DES-SL-simulated
DES-1598,DES-SL,7.576553266507526,-46.102897927879766,0.3092706003632871,1.1854633965060588,0.5557037523021943,49836760517.26405,189.40142113549624,candidate,DES-SL-simulated
DES-1599,DES-SL,8.793720168861883,-36.24310645014576,0.4832301116698013,0.9890133870493476,0.3352205480083318,45896913122.68781,234.021855506826,candidate,DES-SL-simulated
DES-1600,DES-SL,25.432410365441804,-43.72286852388558,0.12357414975185989,0.2235741497518599,0.8569620317201971,85836078198.71184,200.16315541571086,candidate,DES-SL-simulated
DES-1601,DES-SL,28.90333224079806,-46.40011586047847,0.1573678548627555,0.790329643095179,0.6096659760655964,68375491696.01484,211.80404379495997,candidate,DES-SL-simulated
DES-1602,DES-SL,9.99143177585319,-50.2914527233707,0.07726851304565492,0.9668855774382991,2.068892607465718,167761381220.57996,180.09722384537113,candidate,DES-SL-simulated
DES-1603,DES-SL,1.8703849390638516,-39.4109662276913,0.48739892325381645,1.0432973255489604,0.8195780162438416,83556876648.52365,201.94167034527356,candidate,DES-SL-simulated
DES-1604,DES-SL,58.66576730783246,-46.60026040257297,0.09373368865408117,0.4765654806312983,1.3935876319006766,99763279325.482,169.21864463325124,candidate,DES-SL-simulated
DES-1605,DES-SL,16.389783364813624,-58.47069709593972,0.3646651694662108,0.7952904503958731,0.46741987122539264,52174346724.356155,211.30263844406755,candidate,DES-SL-simulated
DES-1606,DES-SL,11.598839834712875,-39.16426509643271,0.6,1.6746192175676473,0.39718417201859135,58016714815.52203,241.71889245664812,candidate,DES-SL-simulated
DES-1607,DES-SL,32.25116557608422,-41.62645654628025,0.14050451841930084,0.33577029291779287,0.7094445693367495,46508715783.87082,161.93395955981126,candidate,DES-SL-simulated
DES-1608,DES-SL,53.669492692487495,-53.81917884237172,0.05,0.33860850904316664,0.6724291882998691,56096560768.8556,182.6731994081954,candidate,DES-SL-simulated
DES-1609,DES-SL,59.577768018793876,-42.87674946101089,0.12125953918575653,0.4387443275643988,0.7950680193226213,150211905490.23645,274.9033491676488,candidate,DES-SL-simulated
DES-1610,DES-SL,37.872608210926884,-50.062462590240116,0.05,0.8299837275791777,0.8887712004807089,58975581730.406906,162.91877115535422,candidate,DES-SL-simulated
DES-1611,DES-SL,51.134088985387635,-56.38730321457693,0.40674676918929614,0.5095498351255977,0.9903454918177715,113567268170.86055,214.17226060974912,candidate,DES-SL-simulated
DES-1612,DES-SL,10.565157505005667,-36.23935820461726,0.06028597163974365,1.6808908200780652,0.4871080792686309,85545532033.2521,265.0427902973436,candidate,DES-SL-simulated
DES-1613,DES-SL,26.630149488150977,-35.203720317828704,0.09639333477432499,0.5662019517565298,0.5686435779916319,47992916907.247475,183.7377946603417,candidate,DES-SL-simulated
DES-1614,DES-SL,53.845354273700735,-53.47483998936498,0.33431955671289965,1.0848951139021148,1.3532211433968855,92528789077.21104,165.3804036385829,candidate,DES-SL-simulated
DES-1615,DES-SL,22.344273793533237,-39.134512309575186,0.12457555056293503,0.9195248686703725,0.8999742961579175,86254521352.53477,195.7969297647003,candidate,DES-SL-simulated
DES-1616,DES-SL,29.865536346114084,-49.0153961184817,0.05020479707302855,1.493515250835454,0.5944895604824882,49065294309.05959,181.69588158578333,candidate,DES-SL-simulated
DES-1617,DES-SL,48.45876767979433,-35.83886898818305,0.13484384172985933,0.8714404366180488,0.5772001148362034,84992681435.71198,242.69317134306527,candidate,DES-SL-simulated
DES-1618,DES-SL,20.180083221280356,-51.84021071219282,0.2331582130796238,1.9382489829975578,0.6324100114291805,79093234185.60512,223.66616672645387,candidate,DES-SL-simulated
DES-1619,DES-SL,16.116698394627655,-45.16488108123285,0.521804650762874,0.6416504699143621,0.8551091701963424,55628489640.09943,161.3124354369466,candidate,DES-SL-simulated
DES-1620,DES-SL,28.273100939959363,-39.71550964732906,0.07065762155326381,0.5237163930141596,0.5857956061526592,56110179786.59501,195.73918281274342,candidate,DES-SL-simulated
DES-1621,DES-SL,42.41574811129111,-50.334167280711384,0.516261741579345,1.4983993422968997,0.8129319286105958,160723721048.98032,281.2178569680323,candidate,DES-SL-simulated
DES-1622,DES-SL,36.009158884416884,-59.304175787194715,0.1886132673989153,0.40332195302621254,0.623236897721985,122033718085.79291,279.86161682032827,candidate,DES-SL-simulated
DES-1623,DES-SL,23.596419459539348,-46.80118870613363,0.2141901536942675,1.2552502576837605,0.7545415137243013,62583877820.96464,182.1460094216807,candidate,DES-SL-simulated
DES-1624,DES-SL,10.788934198861426,-35.91367386330496,0.11782247364392132,0.9369350094305673,0.7969184983947912,59704726164.71976,173.1120889602513,candidate,DES-SL-simulated
DES-1625,DES-SL,46.16432405458296,-49.573046322122465,0.27888952777163606,1.9664975746393816,1.266403276290317,109482005310.73434,185.95820897975153,candidate,DES-SL-simulated
DES-1626,DES-SL,27.440821556946435,-40.07935179840062,0.2067193378561043,0.4997196412883555,0.7151434004665493,145556189586.55173,285.33087423467566,candidate,DES-SL-simulated
DES-1627,DES-SL,0.8098362530562397,-32.98681321205103,0.20935206642275314,0.6107132113695365,0.6176751690794687,44176846611.940155,169.14037160198455,candidate,DES-SL-simulated
DES-1628,DES-SL,49.39293904266297,-36.64280202126263,0.2314899039347314,1.14111936550596,0.5545052219940173,74330487713.89499,231.55846749738535,candidate,DES-SL-simulated
DES-1629,DES-SL,59.47370676531746,-33.26817488242361,0.05470040200307282,0.6569254936602568,0.8005910467388032,122670003974.87651,247.5676081913098,candidate,DES-SL-simulated
DES-1630,DES-SL,14.051057752157295,-57.07422029109573,0.15338053435528248,0.6296470509027403,0.6336417816755923,76588483658.80421,219.88207568160968,candidate,DES-SL-simulated
DES-1631,DES-SL,13.258903399990846,-48.72730864479264,0.1791038112117465,1.8312722517414992,0.989259441045256,141627783134.12732,239.3035396308923,candidate,DES-SL-simulated
DES-1632,DES-SL,32.34946340213097,-54.864428297888466,0.05,0.8070955992916049,0.7896786149770498,108059140817.01236,233.95674050835254,candidate,DES-SL-simulated
DES-1633,DES-SL,44.1290643497229,-32.897944346228,0.22688200299353306,2.016176521068434,0.7331088561596659,64395390387.85112,187.44469466504458,candidate,DES-SL-simulated
DES-1634,DES-SL,19.066462501601475,-52.15959260446992,0.06543209902081565,1.4197727727581904,0.8118252089475843,33819253472.024826,129.0864738025704,candidate,DES-SL-simulated
DES-1635,DES-SL,3.4574029010497087,-32.08525134370697,0.06860480290943036,0.3748429061226417,1.2176809521150793,216879385750.35165,266.91462870487345,candidate,DES-SL-simulated
DES-1636,DES-SL,16.959289929820596,-51.0273384826846,0.13332975857676044,0.7219969895872741,0.8285538963326633,117842035104.07193,238.51721553263377,candidate,DES-SL-simulated
DES-1637,DES-SL,26.157599347725846,-48.40373249481598,0.2809860047990065,0.544901284278994,1.089624227935406,99463893251.84079,191.08401030405633,candidate,DES-SL-simulated
DES-1638,DES-SL,25.13218318363323,-35.040670537534886,0.36479615096778545,1.1862305955211139,0.7672864416821629,116357940962.89485,246.29139997510194,candidate,DES-SL-simulated
DES-1639,DES-SL,3.6342049898366713,-53.903772202187064,0.31940305257084256,0.4960349784096203,0.46996322831419013,80199061607.2307,261.265881826348,candidate,DES-SL-simulated
DES-1640,DES-SL,8.699745933867629,-43.36135772614165,0.13511510290203924,0.7570221563811419,0.5002823771985407,29955775282.90748,154.7614090812724,candidate,DES-SL-simulated
DES-1641,DES-SL,37.668857801252685,-42.23399459974458,0.18244305633834101,0.5927860046911912,0.6647958150076488,102067679146.59785,247.81636197996505,candidate,DES-SL-simulated
DES-1642,DES-SL,36.726564564380226,-33.7156695011447,0.13886414971386313,0.6882870867766511,0.61479785767572,41054043620.08632,163.433767644958,candidate,DES-SL-simulated
DES-1643,DES-SL,18.375460584354265,-55.94277643126332,0.05,0.27986892498164634,1.2764331011739711,316468093516.5741,314.91687416505766,candidate,DES-SL-simulated
DES-1644,DES-SL,14.912973476867759,-44.353709016954554,0.5647156926265771,2.5,0.47473837733179036,35494859866.21507,172.93605915649601,candidate,DES-SL-simulated
DES-1645,DES-SL,4.233477315925452,-49.5642803657973,0.091207431688363,0.4427917844608349,0.42471037812665363,56089654962.14038,229.8396455127514,candidate,DES-SL-simulated
DES-1646,DES-SL,51.45384842394751,-36.18147938684543,0.19800676010004206,1.1141055985022257,0.5354453161021706,64859764446.39584,220.1203107698844,candidate,DES-SL-simulated
DES-1647,DES-SL,6.021162834382741,-46.82008491620399,0.1846358261721774,1.7542538188333696,0.6466917586532798,84115886079.6972,228.09740504577576,candidate,DES-SL-simulated
DES-1648,DES-SL,22.962377111400162,-59.36100486219212,0.2035218927788406,0.9580208717376955,0.946339136215844,94680507388.66165,200.04922974386452,candidate,DES-SL-simulated
DES-1649,DES-SL,18.091224233318208,-36.59921806278331,0.20356611219598783,0.7782718759209979,0.9576010502024392,139372128600.63834,241.282406241798,candidate,DES-SL-simulated
DES-1650,DES-SL,23.91954552405653,-53.106106344642,0.178240716836417,0.7615703677791033,1.1401796376145155,73744171204.58011,160.84486659220454,candidate,DES-SL-simulated
DES-1651,DES-SL,0.32155827753576505,-51.58245948919527,0.19586014650248484,1.2907677753606386,0.9419334711020327,183499119683.5031,279.149512293299,candidate,DES-SL-simulated
DES-1652,DES-SL,4.480375811883752,-58.274100036837595,0.10635912656664054,0.2357204405449724,0.7408157497506933,42338868079.025314,151.19746638546192,candidate,DES-SL-simulated
DES-1653,DES-SL,33.44229346308133,-47.627887297902234,0.45846990998130627,1.1227262767079675,0.6737087687691361,43035031792.64434,159.84717293576688,candidate,DES-SL-simulated
DES-1654,DES-SL,48.9714637655584,-53.32161262879319,0.05,2.5,0.804081291207128,80249833339.53963,199.80303761934312,candidate,DES-SL-simulated
DES-1655,DES-SL,25.692096765502374,-52.84288428162921,0.19237260705957548,0.6110156793583625,0.9748311952965084,87863270590.67589,189.87551685549516,candidate,DES-SL-simulated
DES-1656,DES-SL,19.345329966807224,-43.85404265034523,0.13855395874438575,0.28297297879644984,0.6911602312520222,62201529606.548775,189.73225016330477,candidate,DES-SL-simulated
DES-1657,DES-SL,45.73602135224682,-58.169168657027406,0.11515710143709479,2.5,1.212304535926504,117561178350.29086,196.95005020438683,candidate,DES-SL-simulated
DES-1658,DES-SL,19.743677097872986,-52.045847888758715,0.6,0.965616597721948,0.4745255007597664,66414602833.0504,236.60940722582296,candidate,DES-SL-simulated
DES-1659,DES-SL,24.39512459794855,-36.54097310788024,0.0710414875673475,0.8000144337168168,0.5359722427429868,95321587733.07607,266.7193229650466,candidate,DES-SL-simulated
DES-1660,DES-SL,44.376653244046075,-58.296577822310795,0.5494018644946063,1.4249733105323272,0.488973975786688,52274241474.92848,206.79069492683314,candidate,DES-SL-simulated
DES-1661,DES-SL,38.576472721499016,-36.17753869569816,0.4254786431451397,0.7366750894248568,0.9176374312610723,173384878302.57376,274.9160177513599,candidate,DES-SL-simulated
DES-1662,DES-SL,55.280433588295296,-52.53505333002351,0.5148453702957428,2.325954468955714,0.821190983807711,63781119031.569115,176.2600856235685,candidate,DES-SL-simulated
DES-1663,DES-SL,36.62323082921812,-35.332130921588664,0.6,1.8147189466861229,0.980473589457739,81502183975.35312,182.346179737191,candidate,DES-SL-simulated
DES-1664,DES-SL,21.438568164483012,-49.91981510703563,0.3796362494662162,1.5962200268009037,1.0002932853557454,177024333087.25122,266.0619699733577,candidate,DES-SL-simulated
DES-1665,DES-SL,17.815039900642894,-57.101355913887204,0.34658698541952854,1.6667206719993857,1.1989590715366218,147767147284.10648,222.03260853588327,candidate,DES-SL-simulated
DES-1666,DES-SL,50.87306503905397,-30.763164487897157,0.43705277952498583,0.8278832160221958,0.9973596402135587,100121952013.02295,200.38663611815764,candidate,DES-SL-simulated
DES-1667,DES-SL,49.046760139518085,-39.139530104749944,0.0725877164330777,0.44834828923903247,0.7749286109104168,87987327194.29233,213.11264068661924,candidate,DES-SL-simulated
DES-1668,DES-SL,13.462345867053347,-49.3430090380038,0.20814101183211364,0.9688508341394437,0.5141042933188968,69378683342.76187,232.33648096357348,candidate,DES-SL-simulated
DES-1669,DES-SL,20.450236461017806,-40.188109089018525,0.23411411551049247,0.46643677291770846,0.6038447358076217,77226745268.31526,226.17844779632125,candidate,DES-SL-simulated
DES-1670,DES-SL,4.14029035202412,-57.16276541375051,0.12400858338581196,0.6794332984460796,0.5869672920108685,46654060806.1931,178.3067443732108,candidate,DES-SL-simulated
DES-1671,DES-SL,56.13127712786418,-48.23599702340798,0.2700112106768753,0.37001121067687526,0.670617784407679,103152216548.40663,248.04572398384653,candidate,DES-SL-simulated
DES-1672,DES-SL,14.402015062459812,-36.07873875689459,0.05,1.294966159636057,0.5645538081170272,128501417068.27269,301.73888662717195,candidate,DES-SL-simulated
DES-1673,DES-SL,34.46727829744775,-57.54406788015463,0.43175339938103835,0.5988491646971672,0.6833392454101184,64607180845.118095,194.46981865817,candidate,DES-SL-simulated
DES-1674,DES-SL,2.1204626765835455,-51.72969006972157,0.08419017311963874,0.8512066060279889,1.0125222861779868,90292986574.0532,188.86640302789502,candidate,DES-SL-simulated
DES-1675,DES-SL,59.85428282199213,-42.34337733837768,0.3881561897490287,0.5635543239287901,0.44989259568050355,39467820374.28883,187.32560519086636,candidate,DES-SL-simulated
DES-1676,DES-SL,17.001539817742792,-34.175362177794824,0.05,0.30325335647062934,0.8286500244194277,40449869605.737114,139.73428752538308,candidate,DES-SL-simulated
DES-1677,DES-SL,24.55636371877105,-51.150528482330266,0.180586782949147,0.4982621405337678,0.9385187745920567,50288068816.484116,146.39997151187703,candidate,DES-SL-simulated
DES-1678,DES-SL,51.35287856777642,-47.73822215171206,0.09530287320389592,0.3695275142007589,0.8296912646734632,70096506855.28392,183.83149745765832,candidate,DES-SL-simulated
DES-1679,DES-SL,33.853893771454295,-48.2835705982662,0.2603318693639082,0.922221285303214,0.7777148698442327,74294596323.43399,195.47823450592037,candidate,DES-SL-simulated
DES-1680,DES-SL,20.257708624671963,-47.07540935524068,0.5342720022164654,1.1311183521019896,0.8765168079372058,108779217803.66182,222.80392498535795,candidate,DES-SL-simulated
DES-1681,DES-SL,13.96595785760119,-50.55984531866075,0.10525056162535307,0.20525056162535307,1.2647197272225517,113803800696.44865,189.71917719901103,candidate,DES-SL-simulated
DES-1682,DES-SL,50.41397877285765,-30.6229472239148,0.21536234636484672,1.9668264147975936,0.6804745982561239,30840774971.580048,134.64389856762952,candidate,DES-SL-simulated
DES-1683,DES-SL,10.629073170361965,-31.07322132369748,0.1406667205799441,1.4906345425522327,0.6614744171602226,41905134258.502525,159.18681288537502,candidate,DES-SL-simulated
DES-1684,DES-SL,30.78735376832747,-40.864674603368194,0.05,2.5,1.2376508529177335,44555430705.03841,120.0,candidate,DES-SL-simulated
DES-1685,DES-SL,53.279117942800006,-41.01512060836165,0.2947579986350985,2.0041800325143537,0.7779914565039082,71242816104.07678,191.38730225116944,candidate,DES-SL-simulated
DES-1686,DES-SL,6.306940697936005,-57.09214648677202,0.13027579194549313,1.6656651717841482,0.6180938134986288,45776974152.617134,172.11801885643993,candidate,DES-SL-simulated
DES-1687,DES-SL,36.96873758447516,-35.550018304632,0.07879319145895546,0.17879319145895545,0.714764594289661,88230681093.37204,222.20728635491818,candidate,DES-SL-simulated
DES-1688,DES-SL,48.901109872215045,-44.3533664279103,0.3528796569233066,1.249969519764491,0.868015841465703,152533867511.23618,265.1241633625148,candidate,DES-SL-simulated
DES-1689,DES-SL,57.50103378008357,-30.575777145299835,0.0677143073839841,0.547752896704903,0.7558842570424519,42317789279.016106,149.64555846598287,candidate,DES-SL-simulated
DES-1690,DES-SL,56.03355094665607,-56.86427185307065,0.13708385090669495,0.4339034555541105,0.8556789197231787,107739994580.4955,224.4207729680212,candidate,DES-SL-simulated
DES-1691,DES-SL,28.626781900645728,-59.87174626018527,0.06154416723817017,0.22213291708355162,0.6306939395155914,49051941510.59051,176.3797682535321,candidate,DES-SL-simulated
DES-1692,DES-SL,52.281354970685335,-40.74337489371366,0.05,0.7738713046888842,0.9075682737150428,129333688322.9292,238.75153600685482,candidate,DES-SL-simulated
DES-1693,DES-SL,29.78765270702475,-37.99162791504999,0.20952572478555254,0.5374788709184926,0.8770902719153179,42830506881.50456,139.76050320836367,candidate,DES-SL-simulated
DES-1694,DES-SL,57.45250232334839,-47.83943897933479,0.29066703325292614,0.9941660237150916,1.4082493854647586,166560775745.86966,217.5086725451704,candidate,DES-SL-simulated
DES-1695,DES-SL,52.05480184764208,-39.427126747198315,0.08957197301255694,0.7771128183336947,0.7461652107936467,142567489926.2241,276.45391784320174,candidate,DES-SL-simulated
DES-1696,DES-SL,24.64580639344534,-44.931991834434015,0.09057914425912615,0.7075998360271497,0.620669796436004,109179815196.71854,265.25945143135203,candidate,DES-SL-simulated
DES-1697,DES-SL,1.6337047402109017,-42.185247030805115,0.05,0.30783505520384274,0.9051993944457877,109565683746.95341,220.03671111719137,candidate,DES-SL-simulated
DES-1698,DES-SL,54.67412179548888,-51.50091410400893,0.18620881957347557,1.480936253704071,1.3150164441607886,159105359468.24496,219.99195966657325,candidate,DES-SL-simulated
DES-1699,DES-SL,54.709635842609515,-32.804991704597796,0.0678351857407653,0.45402480068523765,0.7718423836139355,115527182673.18451,244.6852416591565,candidate,DES-SL-simulated
DES-1700,DES-SL,29.939367995794377,-57.12390975875345,0.2929852990930685,1.6176093495951243,0.6241302783035265,62814586766.906105,200.6423580506678,candidate,DES-SL-simulated
DES-1701,DES-SL,30.87592343245747,-45.97822616338567,0.3124696498003146,1.2511825286210703,0.9296886387395785,88902049082.2822,195.5767024350314,candidate,DES-SL-simulated
DES-1702,DES-SL,1.4003209698388264,-58.19734941770146,0.4667320635891599,1.6389863459531209,0.7250631941152142,69057727503.86005,195.18579465019877,candidate,DES-SL-simulated
DES-1703,DES-SL,37.48411212737776,-33.81846476112921,0.05,0.9582690473836404,0.9638964244366499,211182144305.84253,296.03523740238495,candidate,DES-SL-simulated
DES-1704,DES-SL,1.8689060788163836,-33.27565758602262,0.17736189691329288,1.495870692585066,0.6386275485505433,50883370987.70435,178.5229722727185,candidate,DES-SL-simulated
DES-1705,DES-SL,16.17038750318897,-57.00426526583923,0.2554775931195112,1.5089979414771588,0.5758308747426569,60581330651.114334,205.14074399646285,candidate,DES-SL-simulated
DES-1706,DES-SL,44.214120695457694,-38.134529419061664,0.19716810047487549,0.7627024620504868,0.5063436103804239,50587967498.4278,199.90835438522316,candidate,DES-SL-simulated
DES-1707,DES-SL,56.21902289015774,-46.217120448224065,0.2922766464010314,1.315836109763525,0.9389362353659296,61193801278.69326,161.46026530362514,candidate,DES-SL-simulated
DES-1708,DES-SL,17.857260123058445,-41.29303781498196,0.21656267541863788,0.8217061557407905,0.6758470607403507,74555360767.38582,210.06089861095387,candidate,DES-SL-simulated
DES-1709,DES-SL,42.83053680298959,-58.40318145373407,0.08097381632648609,1.4637346852907038,0.8689718791134986,50086658052.92143,151.8406876829949,candidate,DES-SL-simulated
DES-1710,DES-SL,52.561249937452445,-38.85240551094678,0.12247552691967432,0.9013186313351295,0.5952900490021487,71625055498.01064,219.38057476735648,candidate,DES-SL-simulated
DES-1711,DES-SL,29.950785390507953,-41.899781114933205,0.30734913183214996,0.6760007073002361,1.0445637738332496,181493333136.31805,263.62880065010995,candidate,DES-SL-simulated
DES-1712,DES-SL,28.41143789819769,-53.95635141962912,0.22838203253983322,1.237738619301789,0.9335913325209211,117586562978.98964,224.45559641524903,candidate,DES-SL-simulated
DES-1713,DES-SL,13.370355314516097,-30.3373768375978,0.2264656085692451,0.42615627266537337,1.0753973391661165,115384476920.95946,207.16634773751989,candidate,DES-SL-simulated
DES-1714,DES-SL,38.71645377992771,-45.089971252959415,0.1826707409800165,0.7145606474376527,0.6305479052887603,62730546323.04481,199.48511109875824,candidate,DES-SL-simulated
DES-1715,DES-SL,34.08279850725092,-51.59639410195835,0.4297621283380764,0.7376937874019225,0.401900828607098,35389233955.25495,187.67487090974805,candidate,DES-SL-simulated
DES-1716,DES-SL,50.58471121559139,-58.455039541858774,0.18849521177898454,0.2906840106413364,0.7151771943776599,44267627277.26766,157.3498341102062,candidate,DES-SL-simulated
DES-1717,DES-SL,1.1369493206885672,-47.44740648698017,0.2940554768715024,0.645970036320175,0.45430252231306445,64049608407.549324,237.4737777394197,candidate,DES-SL-simulated
DES-1718,DES-SL,31.062999978151286,-45.82290270824784,0.2007090003652586,0.5492511509537273,0.905130332656401,193175419515.75876,292.179921530751,candidate,DES-SL-simulated
DES-1719,DES-SL,55.05728819739953,-31.602132255053327,0.07430211728180833,1.127823858093368,0.6685418872458423,141067261098.99686,290.5218502092821,candidate,DES-SL-simulated
DES-1720,DES-SL,36.11549715641831,-30.87857836735996,0.12414980932201464,2.5,0.4591186059266169,90750164627.57593,281.1844242074544,candidate,DES-SL-simulated
DES-1721,DES-SL,58.28633280219552,-41.448135467236284,0.417455635183353,1.689235090437846,1.1754183544713663,239213110380.70108,285.3160813794603,candidate,DES-SL-simulated
DES-1722,DES-SL,29.94248746326774,-36.611365921938315,0.1452701796572659,0.6635251504538184,0.6185848276784486,36793414389.91572,154.24653248378235,candidate,DES-SL-simulated
DES-1723,DES-SL,40.32352148312934,-48.686247004312435,0.09022034129071678,1.0913389429437124,1.004109564216136,48176453025.78298,138.53415333020052,candidate,DES-SL-simulated
DES-1724,DES-SL,52.248315162579615,-33.63724560600002,0.6,1.7859480657728612,0.44054903628935,77166640497.76437,264.6961743935904,candidate,DES-SL-simulated
DES-1725,DES-SL,56.26439902042536,-40.43957618493148,0.05133795838093042,1.44874560943088,1.603576308255939,111840993658.3256,167.02661839606486,candidate,DES-SL-simulated
DES-1726,DES-SL,35.91954332918962,-44.267240647739236,0.05,0.6736851552984676,0.6800001996988593,114895616801.29819,259.97237755912096,candidate,DES-SL-simulated
DES-1727,DES-SL,9.444852035530662,-50.73474493486113,0.05,0.3602355436772289,0.8639502800963254,78032595139.01382,190.07440779324685,candidate,DES-SL-simulated
DES-1728,DES-SL,27.55267671814672,-56.719595301054326,0.09935271827963628,0.9454298579448415,0.6760762425930914,74274658090.68011,209.62954359437202,candidate,DES-SL-simulated
DES-1729,DES-SL,52.4456712083604,-31.27381682949447,0.184422362500194,0.48957220279833963,0.7920609181016302,44179700623.722176,149.3695551378253,candidate,DES-SL-simulated
DES-1730,DES-SL,47.87416553364756,-58.881938317093805,0.2355574689593387,0.838161928631413,0.7767251352962753,119567701616.60031,248.14370167812422,candidate,DES-SL-simulated
DES-1731,DES-SL,16.824287977523205,-44.664784538467956,0.07087376098962275,1.5029650644671182,0.9552058828822463,94992583258.48932,199.44646832635564,candidate,DES-SL-simulated
DES-1732,DES-SL,46.313258700176675,-36.57711711754791,0.05303559145082977,0.514158612270644,0.946572142856039,36866876781.84933,124.8163015385187,candidate,DES-SL-simulated
DES-1733,DES-SL,25.028168568622743,-40.050436395339595,0.15092884518959893,1.5369955714544112,0.6661293381201816,115288896886.11234,263.11430276299313,candidate,DES-SL-simulated
DES-1734,DES-SL,45.918775373517995,-42.22543257141638,0.05,0.9464828035045183,1.0481526328802437,184898293324.18594,265.63431808678826,candidate,DES-SL-simulated
DES-1735,DES-SL,23.380099206489938,-54.05997797339238,0.2281362897797422,2.0905165010920737,1.131473343820098,201417697307.9501,266.8435105358115,candidate,DES-SL-simulated
DES-1736,DES-SL,7.824233098820943,-52.95189669153254,0.47990812186972187,0.6621953853169604,0.9998759264770095,44910572286.845566,134.0390169931406,candidate,DES-SL-simulated
DES-1737,DES-SL,27.778440712485278,-32.711264117634556,0.21330970118737272,0.6406834493994997,0.824795490403377,49939057275.46167,155.62416227269804,candidate,DES-SL-simulated
DES-1738,DES-SL,44.839474107103364,-54.901198123314764,0.09603692345619103,0.19603692345619103,0.6365205713966815,41656579991.940506,161.79517996451807,candidate,DES-SL-simulated
DES-1739,DES-SL,51.773196494969156,-33.46405681115993,0.05,0.7415179042865363,1.10313524342776,208370551199.77243,274.874078250399,candidate,DES-SL-simulated
DES-1740,DES-SL,33.060029145686656,-56.66769106347658,0.22136288216225625,1.2020395152765384,0.9441241682132928,66628299498.926094,168.0137413121431,candidate,DES-SL-simulated
DES-1741,DES-SL,30.484832171140418,-55.983687475096204,0.06375322841007865,0.4131719347103831,0.6333302023966819,55548635359.92925,187.30595849230573,candidate,DES-SL-simulated
DES-1742,DES-SL,5.114954700693017,-38.847478961576726,0.1866165645344741,0.7210738913577484,1.2011512505927178,104921358529.63094,186.92315357446455,candidate,DES-SL-simulated
DES-1743,DES-SL,8.070128856118279,-36.0738821825437,0.09426706846867922,0.8827070681123852,0.5833516123796959,31271795696.11723,146.43375678551726,candidate,DES-SL-simulated
DES-1744,DES-SL,13.980296878655752,-35.67094204589881,0.22381137506544035,0.6227346127648844,1.3901501021495841,157407220393.1185,212.81952652211086,candidate,DES-SL-simulated
DES-1745,DES-SL,7.858914226074745,-47.8172987344828,0.24964220124674963,0.7388854359539497,0.8675472385962504,67966441769.63685,177.02340775033355,candidate,DES-SL-simulated
DES-1746,DES-SL,35.49389175625467,-39.0061817362555,0.29028517481751925,1.5367439105671041,1.0916341326317744,167161192824.03195,247.4908647779255,candidate,DES-SL-simulated
DES-1747,DES-SL,1.3084237509064067,-51.3539111003015,0.13133180744599407,0.4264570963769062,0.8705387724220389,87175950125.47047,200.1401776949868,candidate,DES-SL-simulated
DES-1748,DES-SL,42.88664192607738,-34.13895158229117,0.18609356758814471,0.4810314925366717,1.226160602057638,206948614507.78085,259.8289740272704,candidate,DES-SL-simulated
DES-1749,DES-SL,15.123561112173451,-56.97108566276397,0.1673013713229174,0.7946975985107301,0.4467539759446271,54586955441.36566,221.0752978252682,candidate,DES-SL-simulated
DES-1750,DES-SL,55.44933519648205,-39.503128466455124,0.2400980031636821,0.7642932303768504,0.44554010164689395,45314444637.75215,201.69954882054444,candidate,DES-SL-simulated
DES-1751,DES-SL,42.18432131442876,-31.169734532675346,0.29403026949171357,0.7748918248571907,1.1014797240117036,75017918110.56056,165.05331293147134,candidate,DES-SL-simulated
DES-1752,DES-SL,1.6279934920839678,-30.857875404991212,0.05016551236548855,1.3121436517529608,0.8789656686278864,174362907462.26663,281.68977996763164,candidate,DES-SL-simulated
DES-1753,DES-SL,6.386023121982092,-45.332914840379985,0.06413583135527293,0.3744358693326545,0.5947844369086789,41867925959.20988,167.79960001464778,candidate,DES-SL-simulated
DES-1754,DES-SL,32.1725502641,-39.87125897789106,0.09340741668064706,1.6158621565599824,0.682965191734467,58060143502.73829,184.40375622756113,candidate,DES-SL-simulated
DES-1755,DES-SL,23.79874835130787,-57.77318652394636,0.195552876642551,0.4013889727027867,0.39170055611729254,83029291057.0637,291.18470990638355,candidate,DES-SL-simulated
DES-1756,DES-SL,22.15612937733249,-43.567486225481424,0.13472192767273705,1.5353781798194674,0.49910229426309904,66414857646.35263,230.7107524452563,candidate,DES-SL-simulated
DES-1757,DES-SL,48.21444512303237,-46.6977536101585,0.5553136018874598,0.7506995086245658,0.9809650042687873,94300620919.83273,196.09228836403636,candidate,DES-SL-simulated
DES-1758,DES-SL,26.218286018036498,-42.034501910816495,0.18817211431915679,0.6125792716004577,0.9690771484813684,88193261267.06895,190.79567270226443,candidate,DES-SL-simulated
DES-1759,DES-SL,15.461431490037397,-31.67872494792576,0.225243715774645,1.0593439841996732,0.8884505797423337,99881182235.91577,212.05826080511986,candidate,DES-SL-simulated
DES-1760,DES-SL,26.65463524813932,-50.6654526518886,0.06341496029860548,0.37044652037448317,0.7863127976277224,101606240458.92558,227.3487207078801,candidate,DES-SL-simulated
DES-1761,DES-SL,38.84628603833999,-43.18871202353775,0.13960392438845193,1.5627906996670529,0.9974723151609715,103017088401.46797,203.25170896966782,candidate,DES-SL-simulated
DES-1762,DES-SL,51.575543474843116,-32.724771037809575,0.2943070020744581,0.7341621939410861,1.1391437922272463,195526010351.2368,262.02515774903884,candidate,DES-SL-simulated
DES-1763,DES-SL,13.973130679798516,-45.65183805522083,0.09089932338643827,1.0488718884812116,0.8377708226328019,108700477773.7946,227.8154148124516,candidate,DES-SL-simulated
DES-1764,DES-SL,50.01481913171779,-52.09009160790711,0.46356632874166986,1.1590294571668445,0.920333910252416,33132020769.086975,120.0,candidate,DES-SL-simulated
DES-1765,DES-SL,33.34147166871833,-56.38300951734999,0.10248448206524192,2.181862859784712,0.41108895647226185,47703509921.44533,215.44541594394653,candidate,DES-SL-simulated
DES-1766,DES-SL,53.02350911720469,-43.31088415592509,0.23431836144092738,0.3343183614409274,1.2191102595003596,199402068750.8663,255.78397514140053,candidate,DES-SL-simulated
DES-1767,DES-SL,58.33990070773748,-55.57094444635545,0.19323371283829377,0.35852434705958675,1.0999615907188984,128297500150.42894,215.99829977314684,candidate,DES-SL-simulated
DES-1768,DES-SL,26.550673916718882,-43.81056838408905,0.5085040494567548,0.6365993592440181,0.8033855808204203,121323381739.02963,245.77643072032657,candidate,DES-SL-simulated
DES-1769,DES-SL,56.99549825846839,-51.46817004261486,0.39364323890469594,0.7178145105169036,0.8282994556660144,94224770100.13278,213.3137501823108,candidate,DES-SL-simulated
DES-1770,DES-SL,16.651948452631625,-32.549196582228134,0.08484173258545932,0.5363585115475709,0.9584144056187468,38110195369.16437,126.11708287249296,candidate,DES-SL-simulated
DES-1771,DES-SL,46.45001310412364,-56.12110886485928,0.4439482853104796,0.7316153729426547,1.309856918211479,146239081282.6609,211.32447151889968,candidate,DES-SL-simulated
DES-1772,DES-SL,0.6785212008060326,-41.62032314314881,0.6,1.2972086668002332,0.606472783744204,114847812900.27641,275.2236196048591,candidate,DES-SL-simulated
DES-1773,DES-SL,9.6431646059597,-34.90088183355231,0.15134963384453637,0.8380613384819924,0.42912460130451124,47260962072.84592,209.8889467809521,candidate,DES-SL-simulated
DES-1774,DES-SL,37.46919336645724,-55.85956183573001,0.05,0.45961439865722253,0.7861625036585176,54448626692.71504,166.44367559891774,candidate,DES-SL-simulated
DES-1775,DES-SL,56.38697678571841,-48.12489573729312,0.05,0.5336477888599452,0.579189215670658,61114533304.364845,205.443314019457,candidate,DES-SL-simulated
DES-1776,DES-SL,9.604569749601627,-32.779907050591916,0.15358807388825305,0.7882936903948227,0.6872222231490182,47915801389.446075,167.00165542113433,candidate,DES-SL-simulated
DES-1777,DES-SL,44.89406948599167,-41.95339051069446,0.14381625218908503,0.9099379081282255,0.5601623033203968,80799690601.90247,240.20271115732237,candidate,DES-SL-simulated
DES-1778,DES-SL,59.34578264741536,-59.598712817736704,0.06317497128959615,0.5688971857705877,0.7056367910521063,61706720181.967606,187.0275648556382,candidate,DES-SL-simulated
DES-1779,DES-SL,48.67577098001566,-44.59793444023136,0.4552943918390736,1.644336258149306,0.8621813854482352,154227928320.32446,267.4928555954275,candidate,DES-SL-simulated
DES-1780,DES-SL,59.17948251874775,-38.27017797557936,0.20869519142666462,1.4820187206909643,1.092463222046461,135865904184.51271,223.0395214960441,candidate,DES-SL-simulated
DES-1781,DES-SL,57.23286576589127,-46.024840832422626,0.08284901345843969,0.9842844680860026,1.0535067819908581,128119053978.3782,220.555650897144,candidate,DES-SL-simulated
DES-1782,DES-SL,18.724381097725345,-36.1991996328996,0.27860269289516826,1.721010326037919,0.5872121317445793,107744041057.5796,270.91254492960445,candidate,DES-SL-simulated
DES-1783,DES-SL,9.406640785462061,-30.68245814282165,0.17604432332775422,1.2760723266848908,0.8167904408055074,70325723793.81271,185.580259546167,candidate,DES-SL-simulated
DES-1784,DES-SL,43.46418001907346,-58.74079295171288,0.1230772545160019,0.8575432293384352,1.213822915560753,185409820733.06607,247.1830556080024,candidate,DES-SL-simulated
DES-1785,DES-SL,37.032778682656605,-38.35528117292941,0.17233280570471193,0.5149401841909458,0.6368544666212189,80699399742.1656,225.13605318617766,candidate,DES-SL-simulated
DES-1786,DES-SL,42.46751564257062,-37.96812371489096,0.05,1.116057236257518,1.1332119319019425,134216192271.74744,217.65912710760927,candidate,DES-SL-simulated
DES-1787,DES-SL,23.02223397382258,-55.61688001273002,0.11143798712103986,0.8076965898230712,1.3536637646836895,256452108236.4909,275.28194658604906,candidate,DES-SL-simulated
DES-1788,DES-SL,16.959109110352323,-42.330544692324125,0.3123935766321324,0.7142354140612011,0.7791318317652001,79294316933.72841,201.7648704169243,candidate,DES-SL-simulated
DES-1789,DES-SL,50.58210987830941,-48.66197680964841,0.09325053922351159,0.7456435086939056,1.5247059242803835,244955915274.15607,253.50172416284704,candidate,DES-SL-simulated
DES-1790,DES-SL,26.462491335391608,-52.79037134122184,0.4982053469133704,1.0127636507892777,0.8904026014872253,62310621280.49984,167.3084309401575,candidate,DES-SL-simulated
DES-1791,DES-SL,54.46827668684367,-44.202047094995606,0.05,0.6340273157677127,0.5386582570174681,25466965786.537464,137.51875672872396,candidate,DES-SL-simulated
DES-1792,DES-SL,1.8708518480857705,-49.91094679637796,0.23830483599905622,0.8826486452568543,0.6925882861041707,80078145941.4897,215.0549430774242,candidate,DES-SL-simulated
DES-1793,DES-SL,22.231759966782686,-31.03851070923528,0.4996157260933864,0.5996157260933864,0.9156612482392289,67078131723.79884,171.18001389501606,candidate,DES-SL-simulated
DES-1794,DES-SL,39.668108815100986,-40.96555512242965,0.19245067497225,0.6591147871891201,0.6806061784834232,88617416223.1053,228.21363773919765,candidate,DES-SL-simulated
DES-1795,DES-SL,3.5416026492253794,-49.95205341121117,0.08101844947181566,1.0389581903152774,1.1543705422511852,136804230489.93411,217.72441964860033,candidate,DES-SL-simulated
DES-1796,DES-SL,58.7830500231472,-39.15431760632042,0.6,1.705958787239192,0.7548551617921199,72012789622.68184,195.34531437328795,candidate,DES-SL-simulated
DES-1797,DES-SL,49.5527206475073,-40.45410943904977,0.09237164000069448,0.689585257519012,1.2476370510911514,198075492840.51797,252.0004036893264,candidate,DES-SL-simulated
DES-1798,DES-SL,19.09963823134756,-57.17580717990934,0.12952666274835453,1.296366483094804,1.174159266224413,147765397793.89655,224.3638400088954,candidate,DES-SL-simulated
DES-1799,DES-SL,40.58261013929474,-49.01551088368288,0.08611032673328267,0.40811723797374067,1.3071504855147444,192929695519.94308,242.9778813148935,candidate,DES-SL-simulated
DES-1800,DES-SL,6.669990070556238,-58.77012714485898,0.2774054678396964,1.6849199576254426,0.9374214503538029,170814786760.8943,269.9760778714244,candidate,DES-SL-simulated
DES-1801,DES-SL,31.730602453125563,-41.66536529321098,0.2334817150385257,0.6804252787540263,0.9164662143309291,109057922278.6619,218.1726846657489,candidate,DES-SL-simulated
DES-1802,DES-SL,24.70663743374144,-49.56318177356269,0.14701760466955893,0.8403404172875933,0.38257512597168364,69393929753.25621,269.35954623506944,candidate,DES-SL-simulated
DES-1803,DES-SL,22.659057050351638,-49.42065580397093,0.1995912616572262,0.2995912616572262,0.7122186433526881,72367698979.12038,201.6024050222128,candidate,DES-SL-simulated
DES-1804,DES-SL,24.40896912186514,-33.34816747358932,0.07901381393653548,0.3257433586223101,0.8915337865607073,184900210346.9086,288.02474122703734,candidate,DES-SL-simulated
DES-1805,DES-SL,26.02640409962833,-49.731518620010334,0.43455361550812044,1.3077168035736517,0.8287795093162853,84282277780.66368,201.68733396092324,candidate,DES-SL-simulated
DES-1806,DES-SL,22.78363269560074,-46.11473228897015,0.2664959687672063,0.7757511117775857,1.373378651712117,204057692940.59976,243.7874449206067,candidate,DES-SL-simulated
DES-1807,DES-SL,33.49798604227827,-38.7030060681638,0.05,1.0832285782659945,0.640867352263731,54901204911.05665,185.11297465273788,candidate,DES-SL-simulated
DES-1808,DES-SL,43.77889250527314,-44.18645728294787,0.22336812861402755,1.1218261652364414,0.5388546913215595,28884688664.25291,146.42930698468896,candidate,DES-SL-simulated
DES-1809,DES-SL,31.124186147339657,-41.33054242839476,0.0929698942289919,0.7121226912643543,1.0990118147189745,107741695726.15707,198.02531751392024,candidate,DES-SL-simulated
DES-1810,DES-SL,41.863531141016004,-53.407432686222336,0.2322804061344902,0.5712723353993898,0.9508311465093356,162669374986.90292,261.5960577591917,candidate,DES-SL-simulated
DES-1811,DES-SL,49.138579080995996,-37.77256616288457,0.05974763871371714,0.4119654080151942,0.6063764822589301,74353235758.72311,221.46686482561492,candidate,DES-SL-simulated
DES-1812,DES-SL,4.435701893196895,-34.75214319598854,0.561735678522516,0.6994640259671183,0.6931480255501365,104115575848.73578,245.1178017563333,candidate,DES-SL-simulated
DES-1813,DES-SL,54.69536326036383,-57.19460800704702,0.06507736176464962,0.26713690052467465,1.0638049685703361,160622002926.84167,245.7545159195991,candidate,DES-SL-simulated
DES-1814,DES-SL,27.149991049198853,-37.56428343243118,0.26032986888463183,0.6028425063715108,0.6788199014084718,121940938210.20084,268.05720106946967,candidate,DES-SL-simulated
DES-1815,DES-SL,4.413228389489474,-51.37753148758139,0.44805103723323775,0.7290859296292547,0.47342519363166635,49615422686.256454,204.7446963400621,candidate,DES-SL-simulated
DES-1816,DES-SL,31.62531509457839,-37.98534338791102,0.24695933698785755,1.2103967509250513,0.6866362299591499,36527483365.97774,145.8735371893347,candidate,DES-SL-simulated
DES-1817,DES-SL,45.41381262653291,-51.147893197503926,0.05,0.369315447651427,0.5201330734483622,106804921207.78339,286.5948570345738,candidate,DES-SL-simulated
DES-1818,DES-SL,30.824708668827697,-57.84313978456479,0.15492864586813065,0.6193577210128455,0.831489647664768,51143723235.72651,156.8547746206075,candidate,DES-SL-simulated
DES-1819,DES-SL,56.08684747850523,-42.5596918878077,0.11277055442932096,0.3643975937884888,1.2406051857773486,179843378083.11682,240.80218611136033,candidate,DES-SL-simulated
DES-1820,DES-SL,3.1125663598194997,-51.81932879855809,0.05,0.9927431620248048,0.589513027823925,92603813804.41003,250.6673262472464,candidate,DES-SL-simulated
DES-1821,DES-SL,54.98710630907184,-58.24822858727109,0.4510326950353421,0.5510326950353421,0.5563496635146045,49870492019.99867,189.35549266502133,candidate,DES-SL-simulated
DES-1822,DES-SL,30.551594847475684,-32.15842427793619,0.12585891582592765,0.3495262806424354,0.6258272819945516,95301845689.85513,246.80468850183615,candidate,DES-SL-simulated
DES-1823,DES-SL,35.283364040337815,-50.325637388413455,0.2733229085586785,0.7548473092859627,0.816389701670404,108011257927.12053,230.0465628609387,candidate,DES-SL-simulated
DES-1824,DES-SL,49.144129488384415,-54.860527385016056,0.1688588615050106,0.31141443992868556,0.7850213873011948,69739861278.26523,188.50800218818569,candidate,DES-SL-simulated
DES-1825,DES-SL,38.795277031729555,-40.95038730412678,0.18309694519377687,1.4129510380711219,0.4679688599558548,115107532744.31241,313.6702939147872,candidate,DES-SL-simulated
DES-1826,DES-SL,24.224447790089194,-51.33999516995502,0.26654491444057665,0.7784152242431641,0.7273634275073871,60182579459.69401,181.92386091697892,candidate,DES-SL-simulated
DES-1827,DES-SL,49.25682944729809,-55.11059711252336,0.0815298724973194,0.2612048626648795,1.1447409257824404,75497600390.51779,162.4212935610909,candidate,DES-SL-simulated
DES-1828,DES-SL,54.43111930405054,-42.91146097242719,0.1540098815695582,0.5501052730977428,0.7163939961628027,81950845120.48634,213.90983129450152,candidate,DES-SL-simulated
DES-1829,DES-SL,6.250684350480416,-55.931501443709514,0.39555086266005346,2.5,0.7684838749595292,47393799865.7194,157.0628165468019,candidate,DES-SL-simulated
DES-1830,DES-SL,46.23195282228874,-39.13357246753412,0.09701655696938624,0.7698360987832197,0.6679719317452694,118230259864.36732,266.08182514494064,candidate,DES-SL-simulated
DES-1831,DES-SL,30.233892264170798,-48.4651925577804,0.1423507896934305,0.8858914718110258,1.1660713035336545,81884943973.09503,167.59824627477178,candidate,DES-SL-simulated
DES-1832,DES-SL,48.683173415279754,-32.432562090120115,0.6,2.3164567604728212,0.8936170950692897,138612400212.5424,249.0894326296483,candidate,DES-SL-simulated
DES-1833,DES-SL,11.885974321871966,-57.052604773442646,0.2072926689902274,0.9645161304607928,0.8745913095424332,118973149729.47939,233.2662440171141,candidate,DES-SL-simulated
DES-1834,DES-SL,5.242614954407445,-37.13869476345036,0.33257779443712143,0.687921739597812,0.525952570803309,36961854901.217636,167.66159116880186,candidate,DES-SL-simulated
DES-1835,DES-SL,17.632262826572664,-59.41012230072354,0.11208565018804323,0.9860118098655046,0.8973355594568908,177692890805.86554,281.4411410779065,candidate,DES-SL-simulated
DES-1836,DES-SL,17.273446445712747,-58.33312581847146,0.10490390073319764,1.4263926569025307,0.9455412842031633,112334343864.49673,217.9947448411045,candidate,DES-SL-simulated
DES-1837,DES-SL,37.635167281122044,-35.77170902894988,0.1520888544600382,0.5498638626335801,0.7512210964623461,75586954663.86171,200.61783160408743,candidate,DES-SL-simulated
DES-1838,DES-SL,27.571936381559578,-32.795681850561515,0.13216723197530852,1.5889080163549327,0.5718422561448059,104779691563.04836,270.7262897367731,candidate,DES-SL-simulated
DES-1839,DES-SL,8.892247960122802,-39.27550652660919,0.07038130778355843,0.9130566258530846,0.6339266786428575,59680290251.038704,194.05549468879056,candidate,DES-SL-simulated
DES-1840,DES-SL,40.494485470316704,-36.78597605133635,0.20526209183535996,0.9227710976668406,0.9258016548727634,125795265132.27692,233.1326856392814,candidate,DES-SL-simulated
DES-1841,DES-SL,36.86753555840178,-46.8347960185154,0.11556365313949017,0.21556365313949016,0.4041971194466486,50987387121.371574,224.62845344333712,candidate,DES-SL-simulated
DES-1842,DES-SL,59.405887152963096,-34.14407951151284,0.05,0.663109090846721,0.947563819975226,112489849578.85999,217.91264324450134,candidate,DES-SL-simulated
DES-1843,DES-SL,47.171914610101695,-51.805089287428345,0.12410751034832372,0.6241785520195147,1.4024646094393067,154293793918.2508,209.7771926942138,candidate,DES-SL-simulated
DES-1844,DES-SL,45.07086968994951,-58.214123032554625,0.05,0.28387334579808793,1.0637009147760534,56869294812.75618,146.23763361332695,candidate,DES-SL-simulated
DES-1845,DES-SL,52.99815982402278,-46.354748373803524,0.0993928899384517,0.9254885114002079,0.7903787528752321,85964807692.23192,208.58002500222017,candidate,DES-SL-simulated
DES-1846,DES-SL,18.58077009123219,-43.42768659853422,0.41519945188296814,0.5151994518829681,0.9220080912641985,184157477876.72348,282.6554142340617,candidate,DES-SL-simulated
DES-1847,DES-SL,40.150981622379405,-37.62247167111301,0.13657301217966156,0.5652757196178013,0.8756474981099667,94198416260.92847,207.43743834127233,candidate,DES-SL-simulated
DES-1848,DES-SL,12.964303960402372,-47.49902153869684,0.2870712248622986,0.7900541356972861,0.8225605838954108,45438800758.47326,148.64813975716817,candidate,DES-SL-simulated
DES-1849,DES-SL,51.44425016781547,-50.878816143283075,0.18535696225393408,0.7224414823354732,1.2871950361073146,193298670255.7816,245.08811449673803,candidate,DES-SL-simulated
DES-1850,DES-SL,23.685659144112826,-58.82478878753428,0.21444678887881746,1.039948955326416,0.7924805343814898,83942035913.90393,205.8379476819122,candidate,DES-SL-simulated
DES-1851,DES-SL,31.352114135107097,-44.4832915465125,0.28679085745075883,0.6027762099084158,0.6818483930790254,31906600508.162987,136.81268064729647,candidate,DES-SL-simulated
DES-1852,DES-SL,12.450877515013815,-41.00976622403885,0.13750033605271453,0.7030452481562426,0.8850344200454459,52173801223.81738,153.5593109395172,candidate,DES-SL-simulated
DES-1853,DES-SL,24.491506906321277,-40.36740493380832,0.18183241400320058,1.126309432648254,0.4961021134736854,35304546048.44666,168.7173606631524,candidate,DES-SL-simulated
DES-1854,DES-SL,57.12215458069727,-41.17101533583396,0.4292008803897638,0.8004317697779967,1.5756786828605405,303384878072.21094,277.5192613380589,candidate,DES-SL-simulated
DES-1855,DES-SL,49.544788936040284,-46.2891793493871,0.10522336746548863,1.286401164371859,1.0862130991904675,103577682233.43205,195.30149691280852,candidate,DES-SL-simulated
DES-1856,DES-SL,12.959291606145303,-35.69281611302197,0.22390134294365144,0.6068484060803179,0.5899551375359507,106531549605.19362,268.7569006446896,candidate,DES-SL-simulated
DES-1857,DES-SL,28.495139232668414,-47.88698728632568,0.15614881852118861,0.9309743559556147,1.1557397009552712,191428085151.007,257.39660075986166,candidate,DES-SL-simulated
DES-1858,DES-SL,55.44343892160042,-33.547365453725725,0.1264330507912183,0.4456584326758434,0.44500824712135,42851261414.5037,196.25818187578582,candidate,DES-SL-simulated
DES-1859,DES-SL,54.270248473084735,-35.93270346030455,0.05,0.2402624227719008,0.5328154797914507,51833750646.95659,197.26402775074823,candidate,DES-SL-simulated
DES-1860,DES-SL,41.84928339587744,-48.31916506506646,0.1746871563218852,0.5740054908792402,1.660344619120284,331646652689.2319,282.6628186353098,candidate,DES-SL-simulated
DES-1861,DES-SL,40.51317885237792,-59.69285992272014,0.09442676164789947,0.49053092842676016,0.7060836031931876,72748385993.03896,203.00821553019006,candidate,DES-SL-simulated
DES-1862,DES-SL,14.819339717140771,-42.5929852969401,0.05,1.2687367794217836,0.48852861000569237,60411352986.874214,222.40486117808538,candidate,DES-SL-simulated
DES-1863,DES-SL,19.38869666612281,-56.32050130425167,0.10956450422093643,1.0549886979480152,0.6816688913125091,76735018605.2282,212.19740061637845,candidate,DES-SL-simulated
DES-1864,DES-SL,35.336507044617406,-38.1034000643176,0.07221490432955967,1.8402841493619273,0.798572224988423,80521059456.8333,200.8295593762462,candidate,DES-SL-simulated
DES-1865,DES-SL,5.2492013776209,-30.333626422349596,0.1123854730775699,0.2506767405370805,1.0402082580536451,148216741001.1089,238.73630997263476,candidate,DES-SL-simulated
DES-1866,DES-SL,6.6486961701981295,-33.145487997291596,0.09759872135685889,0.483044439244686,0.8485057497902151,99799814803.9879,216.90395379767634,candidate,DES-SL-simulated
DES-1867,DES-SL,16.450646380460622,-53.33772900168211,0.052890498953155875,0.28108281160563153,0.720735717069838,136765382829.77544,275.50536858562606,candidate,DES-SL-simulated
DES-1868,DES-SL,6.165326539235352,-41.381602681620784,0.09248643626185582,0.2249919442356479,0.6888817705511616,62052483813.151085,189.81793061101058,candidate,DES-SL-simulated
DES-1869,DES-SL,40.86546238379083,-31.57237800669878,0.34148465758161695,0.4591518790359857,0.6545939497289444,111443998946.67113,260.95903994950027,candidate,DES-SL-simulated
DES-1870,DES-SL,25.569499508716618,-34.64853861397708,0.42666990632781276,1.4344100075132753,0.5005059598190285,55844927142.858315,211.25997953375534,candidate,DES-SL-simulated
DES-1871,DES-SL,20.173571585088936,-49.737328763979676,0.06246182710781256,0.8784744982447126,0.5612984976083907,60443741120.36833,207.5433030249279,candidate,DES-SL-simulated
DES-1872,DES-SL,25.60354679240362,-54.433637997661414,0.12653651057853613,0.5427111834616002,0.8176743964890739,72398940446.32588,188.1940555422722,candidate,DES-SL-simulated
DES-1873,DES-SL,17.05612157967313,-38.147361058986675,0.05,0.29424544980702855,1.0136121359036894,189889971928.06934,273.74431579469143,candidate,DES-SL-simulated
DES-1874,DES-SL,16.72696475238783,-51.707051648975764,0.17561108780393223,0.9450359437719974,0.5861099023313794,43407026699.70546,172.115699208731,candidate,DES-SL-simulated
DES-1875,DES-SL,56.95443826122838,-30.421753013337565,0.12129921932026054,1.284998554994057,0.919163944953221,142916681773.4572,249.38766419858294,candidate,DES-SL-simulated
DES-1876,DES-SL,54.178778943380934,-56.16770617472951,0.1494264513395953,1.6899176008318904,0.6985701776579957,184956833156.88263,325.4319326369861,candidate,DES-SL-simulated
DES-1877,DES-SL,5.771981628137799,-45.67009073235279,0.23834657100911033,0.8451523562118093,0.6145660250849101,153192411656.53638,315.76526040694364,candidate,DES-SL-simulated
DES-1878,DES-SL,34.64837388716855,-34.4337364406734,0.4328139041329403,0.8885320370276376,0.8023578747059239,119729507573.29758,244.31297613437988,candidate,DES-SL-simulated
DES-1879,DES-SL,15.938319982819031,-59.67634511212523,0.10451786919730145,0.6710523045365112,0.7958715800030951,91558031303.32857,214.51453300902656,candidate,DES-SL-simulated
DES-1880,DES-SL,8.44585312195321,-47.10428312947523,0.05,0.5683408553450123,0.6611378762234842,91747691182.34892,235.60339731763503,candidate,DES-SL-simulated
DES-1881,DES-SL,35.31251914592444,-41.07900579966919,0.05,0.29459629137750387,0.6526980459558895,23497129654.41202,120.0,candidate,DES-SL-simulated
DES-1882,DES-SL,47.160888532105986,-57.18078766774852,0.11732999032012675,0.853080159987804,0.7095402532516979,36130910266.03538,142.71871536822525,candidate,DES-SL-simulated
DES-1883,DES-SL,59.589422293532124,-30.433530153311235,0.056992899397712155,0.98751885187453,1.5521715571069106,102582979586.70511,162.59148208577858,candidate,DES-SL-simulated
DES-1884,DES-SL,12.887402324355257,-51.94955798254351,0.15735901871652538,0.5167980021773214,0.438918513817509,38353003206.41361,186.95527957431457,candidate,DES-SL-simulated
DES-1885,DES-SL,53.38261640855092,-54.037425684942654,0.14766226231176244,0.5744817177704211,0.4200008271877878,64386979411.80488,247.63039393848902,candidate,DES-SL-simulated
DES-1886,DES-SL,17.176211084375286,-52.733470690092226,0.2547782383577252,1.1355232083702513,0.5667924227217142,69767547124.14627,221.89356363341798,candidate,DES-SL-simulated
DES-1887,DES-SL,6.834342934578501,-40.52689095406201,0.6,0.935403008223928,0.5594895116679046,44255720505.960205,177.87656278681442,candidate,DES-SL-simulated
DES-1888,DES-SL,49.37173105970757,-50.32335207161564,0.22284664544690488,1.4060677093031964,0.6081616318342392,29602912719.723087,139.53646269055295,candidate,DES-SL-simulated
DES-1889,DES-SL,15.22222845072873,-48.514116099151714,0.22578503831526917,1.6637078165613084,0.5726763095396128,35804094057.13905,158.13999893510095,candidate,DES-SL-simulated
DES-1890,DES-SL,49.95855470010806,-33.27887917842236,0.09033678310912013,1.825256951661063,1.3326376474152772,120119501264.9542,189.88065309604542,candidate,DES-SL-simulated
DES-1891,DES-SL,40.60655710748185,-44.48648086094544,0.5124563311543743,2.1441530781934404,0.9762309066993677,81154070020.31212,182.35130338824544,candidate,DES-SL-simulated
DES-1892,DES-SL,59.27827327328111,-41.28580021723391,0.15254659598774895,0.6074513267574122,0.6405891770430637,35310249608.05478,148.48773786380508,candidate,DES-SL-simulated
DES-1893,DES-SL,7.627138142382512,-42.3550766975938,0.17683276786936455,0.37759875786280384,1.1100657530591647,125548982652.21088,212.69743002287257,candidate,DES-SL-simulated
DES-1894,DES-SL,25.38861128078867,-32.407060985596566,0.1407932314237702,0.2597340151104506,0.6597963193028942,77965751797.83876,217.40873391523823,candidate,DES-SL-simulated
DES-1895,DES-SL,31.963144276997944,-53.893958462387175,0.2542707621561249,0.578591417302237,0.6358787733754481,128968412748.24777,284.8291994353826,candidate,DES-SL-simulated
DES-1896,DES-SL,57.25952794072701,-53.08274834623312,0.422335172176377,1.1119465528461034,1.7118224120661725,182818189551.6235,206.68565881840095,candidate,DES-SL-simulated
DES-1897,DES-SL,17.253573905441936,-51.763059683270605,0.09183931856330536,0.27116972869026207,0.5332419875222512,67220385792.53022,224.55272347795594,candidate,DES-SL-simulated
DES-1898,DES-SL,59.471880619151406,-49.321808699480925,0.18338028403073417,0.825522011997897,0.9209901822587631,62524662105.26379,164.78898245062882,candidate,DES-SL-simulated
DES-1899,DES-SL,20.36146462031075,-53.173195107139456,0.28768723285148534,0.6604324199121125,0.7418749529368956,88077383577.01445,217.91987634573277,candidate,DES-SL-simulated
DES-1900,DES-SL,8.701348036211499,-57.01134657151022,0.17892276796481593,0.27892276796481597,0.9408606945765258,39947700304.326485,130.32064605349765,candidate,DES-SL-simulated
DES-1901,DES-SL,54.919895014111006,-58.74136286128113,0.09077553021703733,0.9252690994804055,0.9069806135411278,86232991400.79343,195.01486626061606,candidate,DES-SL-simulated
DES-1902,DES-SL,17.82831717407803,-55.499332504367416,0.05,1.453576939580222,0.8756671872997475,79005050588.97859,189.97125214695313,candidate,DES-SL-simulated
DES-1903,DES-SL,38.673335997860775,-37.451512127030725,0.05,0.15000000000000002,1.2128337542498033,106114306692.48412,187.0752475100896,candidate,DES-SL-simulated
DES-1904,DES-SL,25.563625190564988,-33.317556302358966,0.09234936996992468,0.1923493699699247,0.5656012618579866,73861523233.28401,228.5514288315608,candidate,DES-SL-simulated
DES-1905,DES-SL,40.2116765223305,-40.75390907263339,0.23660936674927316,1.547073708749214,0.7116452070593601,149024806260.7466,289.41931697036296,candidate,DES-SL-simulated
DES-1906,DES-SL,22.621191400254364,-55.23362957413788,0.16669694620280373,0.6644942901685407,0.5278835608781459,24790158731.545307,137.0567977745862,candidate,DES-SL-simulated
DES-1907,DES-SL,25.076262415554915,-47.828682340250054,0.37013793492679053,0.7944199482508922,0.5224689660941312,109245359961.75795,289.20196943106856,candidate,DES-SL-simulated
DES-1908,DES-SL,41.903567099952745,-37.17474442786589,0.1856416258444776,0.7066373289893647,0.5415658179404432,43692549435.671295,179.64207640394892,candidate,DES-SL-simulated
DES-1909,DES-SL,3.8971460449315054,-31.042265065343642,0.2019713295785182,1.414396830394187,0.636164468924924,66090653817.89452,203.85215888350925,candidate,DES-SL-simulated
DES-1910,DES-SL,34.13699824580195,-46.417001721657726,0.05,1.223188864900073,0.5481863272612327,104146984168.9369,275.66983432206894,candidate,DES-SL-simulated
DES-1911,DES-SL,13.489016435367926,-42.30686863036762,0.09720789255297808,0.711310470822505,0.6009250113969069,55049619308.36382,191.42427700414686,candidate,DES-SL-simulated
DES-1912,DES-SL,12.161934501012633,-54.91282630404474,0.13616294721181357,0.71244627261886,1.231973220147258,127804637532.86378,203.70545937274295,candidate,DES-SL-simulated
DES-1913,DES-SL,10.018363562831363,-51.778713242202116,0.25699565434791327,0.35699565434791325,0.7972944518714584,135195919041.4725,260.43683919738584,candidate,DES-SL-simulated
DES-1914,DES-SL,42.60946687603385,-53.83227850630917,0.29534786519718176,0.43219799022155425,0.8486833668434031,30552601206.36251,120.0,candidate,DES-SL-simulated
DES-1915,DES-SL,45.36894071631023,-50.57425108354746,0.22610825973134185,2.5,0.9029305269855498,32505498971.47979,120.0,candidate,DES-SL-simulated
DES-1916,DES-SL,22.076316700656765,-51.856158483024785,0.11435482634702777,0.5150656941136633,0.7576872478896192,93154132272.81526,221.76145839511082,candidate,DES-SL-simulated
DES-1917,DES-SL,46.72683296262394,-35.73655361580917,0.3837124407150704,0.5414143609450786,0.8499704383375181,32804318974.906277,124.24919911623614,candidate,DES-SL-simulated
DES-1918,DES-SL,33.48289447474604,-45.045664672864056,0.3784322846337473,0.6406125511487213,0.9628813546349836,123096867418.01288,226.13464712456525,candidate,DES-SL-simulated
DES-1919,DES-SL,50.12435273298374,-47.60596436005952,0.18108545887677974,0.6464177781739575,0.6089373709516481,58864972475.39111,196.64013077884655,candidate,DES-SL-simulated
DES-1920,DES-SL,10.591746243160145,-35.90562221527366,0.6,1.4082283209007804,1.1383737578111541,73186270536.16948,160.36233311410436,candidate,DES-SL-simulated
DES-1921,DES-SL,38.82856075980655,-46.01255616470095,0.6,1.7162923541264714,0.6897249584915776,110861547573.30753,253.56102180043172,candidate,DES-SL-simulated
DES-1922,DES-SL,29.240551851190734,-54.76083405787615,0.11312153620817951,1.1446877032855205,0.9050099789128017,64657306976.15369,169.04880990552604,candidate,DES-SL-simulated
DES-1923,DES-SL,5.642644558599212,-49.64911130964824,0.23986629456539524,1.0561878218300789,1.2548813983688738,231836743261.64233,271.8440229294407,candidate,DES-SL-simulated
DES-1924,DES-SL,16.56736700064159,-33.07915128088617,0.20552969604251617,0.6634229786848856,1.1377357987859629,50445367702.5917,133.17414891575845,candidate,DES-SL-simulated
DES-1925,DES-SL,48.414789089547924,-47.29537164862872,0.21758095362954363,0.5017991053289419,0.9334350625801485,51665002902.32132,148.79425717162707,candidate,DES-SL-simulated
DES-1926,DES-SL,25.99539382135338,-48.51685033367913,0.2589566144142828,1.2360684397704516,0.851674433082497,67805561094.93828,178.4538194813856,candidate,DES-SL-simulated
DES-1927,DES-SL,52.0905631628573,-34.83407306906252,0.45889380020951975,0.7646585353305415,1.2832938984982325,152794373224.67288,218.23309485267254,candidate,DES-SL-simulated
DES-1928,DES-SL,4.714294937500303,-42.29922085173412,0.6,1.8094360859018455,0.6561515489148145,94719975476.48534,240.2971970232067,candidate,DES-SL-simulated
DES-1929,DES-SL,49.55377615752576,-56.33760967154713,0.3398310297749229,1.0753634019237883,0.8043680656463563,151638365235.0966,274.60417284384005,candidate,DES-SL-simulated
DES-1930,DES-SL,18.533856137724246,-47.83685315785368,0.0838134434558248,0.7472580443353878,2.4183766012520014,287847497641.99896,218.1972429500079,candidate,DES-SL-simulated
DES-1931,DES-SL,2.1788843601441155,-31.30419751268202,0.1989923311375395,0.35644532305118753,1.207174070570786,211231767099.5436,264.56029279245683,candidate,DES-SL-simulated
DES-1932,DES-SL,9.25731689148581,-45.01240040634323,0.13867042404064628,1.7184470713535862,0.7135922060903118,69108920632.34607,196.82125726766228,candidate,DES-SL-simulated
DES-1933,DES-SL,22.654867646121225,-43.77191270405775,0.20177283981334695,0.5114870688850076,0.6812634798297824,101358274858.38387,243.95068754986366,candidate,DES-SL-simulated
DES-1934,DES-SL,1.3444557887620379,-34.993748913514466,0.05,0.7282171534660448,0.9889776796767082,137397018165.69951,235.73572553092114,candidate,DES-SL-simulated
DES-1935,DES-SL,13.182106815876724,-38.13322871550752,0.45841957840336,0.6380140475297975,0.47783601464871434,40595872591.76577,184.34505670497765,candidate,DES-SL-simulated
DES-1936,DES-SL,48.415209212441624,-45.78638282397115,0.595008459087947,1.1210882890781135,1.0084527670972894,147485417233.19495,241.8670765113522,candidate,DES-SL-simulated
DES-1937,DES-SL,0.8639263519691709,-55.68628572477801,0.10166651602357632,0.28354483524897933,0.700166434544319,93652515508.37433,231.30715959390122,candidate,DES-SL-simulated
DES-1938,DES-SL,33.778803636116905,-48.96551246756892,0.1930753932740134,0.8955445403972764,0.6426625038984157,26807956359.84822,129.17259033741385,candidate,DES-SL-simulated
DES-1939,DES-SL,59.845582775158675,-47.82297542007858,0.26486421555652423,0.41365745014487787,0.9786272371351219,35230580536.86439,120.0,candidate,DES-SL-simulated
DES-1940,DES-SL,47.765141776174495,-53.501609956014484,0.06195386235996138,0.39418296712428336,1.1111709603936164,78547378343.8523,168.15330255588776,candidate,DES-SL-simulated
DES-1941,DES-SL,33.4159901284228,-58.608954935590496,0.051254605997880086,0.5102330183112497,0.6846615324078917,99638409024.18535,241.27116649101256,candidate,DES-SL-simulated
DES-1942,DES-SL,36.91054868299454,-53.18030324731558,0.11279613894054913,1.0615851704339816,1.0014348665983748,111771756761.46849,211.2927911612087,candidate,DES-SL-simulated
DES-1943,DES-SL,22.436101570283363,-53.28707938776905,0.6,1.3002438442472335,1.0526824768726153,194464487791.42728,271.83254480219915,candidate,DES-SL-simulated
DES-1944,DES-SL,38.91992834775847,-39.88698467811774,0.06643118256844256,0.44285306873732116,0.7116398978567868,77017755383.07674,208.06320304935346,candidate,DES-SL-simulated
DES-1945,DES-SL,25.504819028511715,-49.199431253547715,0.10174572434603162,0.902859464193343,0.8599117008146732,137101713072.92012,252.53670350523618,candidate,DES-SL-simulated
DES-1946,DES-SL,59.63088377132306,-30.921169129039352,0.1994435066550181,0.9740488053742357,0.8849418578436755,137105569695.35612,248.94314715010077,candidate,DES-SL-simulated
DES-1947,DES-SL,18.974906508916455,-46.48055261697226,0.05,0.5714772469076298,0.853981615472689,159167444983.85532,273.0441382361873,candidate,DES-SL-simulated
DES-1948,DES-SL,33.8737884706485,-32.28066955902179,0.05323562686945024,1.0499841174119744,0.641422729868644,71099632540.47702,210.56757754585092,candidate,DES-SL-simulated
DES-1949,DES-SL,39.128523696683175,-58.65519857539504,0.05,0.6814829188280374,1.2100899837465824,188025423470.5036,249.30411689762968,candidate,DES-SL-simulated
DES-1950,DES-SL,11.961568174681485,-35.178257813417574,0.05,1.1539655240716309,0.7860374061269619,115417933524.57906,242.3511226741507,candidate,DES-SL-simulated
DES-1951,DES-SL,34.397711248208914,-49.94256297206324,0.05417857049225679,0.1610040432432374,0.6355538055698657,48791315966.84848,175.23671359420229,candidate,DES-SL-simulated
DES-1952,DES-SL,23.871280546754228,-49.04846191920885,0.6,1.0854134258296686,0.7100863906863856,137146192938.37367,277.9497445994369,candidate,DES-SL-simulated
DES-1953,DES-SL,23.7421286900419,-31.657292824437246,0.2170522594307282,1.781011431584501,1.3182171352166874,191920094171.32248,241.3219041033551,candidate,DES-SL-simulated
DES-1954,DES-SL,30.41592620375908,-39.20139382328134,0.5094860720963971,1.4191477166943227,0.9126304420424481,124444291977.32777,233.54469713697546,candidate,DES-SL-simulated
DES-1955,DES-SL,0.827262272673055,-32.64358608367622,0.2725099916366703,0.713101025446301,0.9966089238379855,179756499372.4179,268.60241359851454,candidate,DES-SL-simulated
DES-1956,DES-SL,24.955316281765793,-39.64128429779165,0.05,0.8384938819644853,0.4128186022176321,69190315547.94014,258.92442577971286,candidate,DES-SL-simulated
DES-1957,DES-SL,18.18622642811684,-44.528760982960875,0.22399332231164468,0.8578744521619833,0.3875008703153063,34530009955.61809,188.79565987973132,candidate,DES-SL-simulated
DES-1958,DES-SL,1.9517792751598328,-49.227092908228556,0.12975610755548322,1.389814503708004,0.7506464744360768,78923217634.6084,205.07591712912304,candidate,DES-SL-simulated
DES-1959,DES-SL,36.82823553718805,-46.55791790863961,0.3599601456652736,2.5,0.7989490245438179,156973129071.8145,280.3387406103611,candidate,DES-SL-simulated
DES-1960,DES-SL,21.23288108123583,-31.996902284011416,0.6,0.754810758723174,0.6422493513345015,181784366718.0343,336.47780659108065,candidate,DES-SL-simulated
DES-1961,DES-SL,25.409702329672093,-44.41538904778126,0.3694897375918602,0.5870053251312638,1.31457223494008,295611206322.67,299.91501911259127,candidate,DES-SL-simulated
DES-1962,DES-SL,18.422515529395522,-57.076321582658224,0.2097290226972189,1.3256276808531222,0.9270128669767868,177939937118.95078,277.0919002196423,candidate,DES-SL-simulated
DES-1963,DES-SL,3.228067325831414,-33.29708893818926,0.08524014921897824,0.4914874534371412,1.0954593449291854,182357780970.06287,258.0441470272493,candidate,DES-SL-simulated
DES-1964,DES-SL,54.94516636089396,-49.53170934007046,0.37563889689217705,1.3382221375128753,1.1799257079926289,138623403148.56607,216.78086360477374,candidate,DES-SL-simulated
DES-1965,DES-SL,36.17616405453228,-32.81685331935071,0.09284761399899948,0.5466480372209575,0.7870395492910404,105826822162.90771,231.91540355136698,candidate,DES-SL-simulated
DES-1966,DES-SL,6.214713088247659,-56.352809395177715,0.18979271948038035,0.3690470981574462,1.015448784711774,66942471331.901405,162.38722272192672,candidate,DES-SL-simulated
DES-1967,DES-SL,31.616473502161973,-39.394603878848216,0.10819495162178328,0.284527998760324,1.2271616963352754,130002793206.23949,205.85216639760134,candidate,DES-SL-simulated
DES-1968,DES-SL,38.101144204312476,-54.28217188282086,0.08580952950056994,0.21321118242631737,0.841143883501809,64617147219.76271,175.2946817497042,candidate,DES-SL-simulated
DES-1969,DES-SL,14.6424320305346,-37.86364941582034,0.3955247440712553,1.3517252956630281,0.712607279786846,51652836530.84143,170.2754184747489,candidate,DES-SL-simulated
DES-1970,DES-SL,43.602581155837065,-53.65248501313524,0.05,0.9351927667745552,1.491216627135535,80903277493.30373,147.31354642310282,candidate,DES-SL-simulated
DES-1971,DES-SL,24.612320698357284,-44.04043513567363,0.20897334448371968,0.46064873299660314,1.4029156819270723,143420920251.63303,202.21830376493668,candidate,DES-SL-simulated
DES-1972,DES-SL,20.478756601899843,-53.1428376903627,0.1444775446656271,1.3788272471945369,0.5661833887360498,48829591726.25553,185.7346708444695,candidate,DES-SL-simulated
DES-1973,DES-SL,33.92434550646415,-59.09932063965938,0.26030499064429713,0.7576915699899816,1.2079598732915369,66724867159.39309,148.6440742716542,candidate,DES-SL-simulated
DES-1974,DES-SL,23.59148747183777,-45.3649958175647,0.13867990842690506,0.7751399170076203,0.9866123516223223,145768940911.10403,243.1023856641997,candidate,DES-SL-simulated
DES-1975,DES-SL,29.813324898154935,-59.934786486552376,0.4117776436899063,0.6779280990356307,0.7274013172423776,107635052160.34337,243.28751189193423,candidate,DES-SL-simulated
DES-1976,DES-SL,51.0746630018151,-49.98001740149955,0.05,0.9390658052680305,0.7322183225529204,66971202191.4357,191.27303412991722,candidate,DES-SL-simulated
DES-1977,DES-SL,50.8267934094552,-31.86860149041076,0.05,0.19324480229798408,0.8101406424336773,112706711044.59573,235.898225469483,candidate,DES-SL-simulated
DES-1978,DES-SL,51.83815539895454,-42.91287290737745,0.2588534245011843,2.5,0.857477233125262,66662100247.67105,176.34298701549284,candidate,DES-SL-simulated
DES-1979,DES-SL,21.009981411461855,-41.281673496121186,0.15766926187064345,0.5494627126633179,0.6335921274266166,46352670489.72813,171.06552298408198,candidate,DES-SL-simulated
DES-1980,DES-SL,7.454303798195971,-39.02611752109694,0.33577047181613945,0.8551670219403913,0.9465875708660118,68343685285.21798,169.94124420499458,candidate,DES-SL-simulated
DES-1981,DES-SL,12.846504703679752,-57.44314018725185,0.0913939040163068,0.7544735270130194,0.8377240954564212,74096467136.46605,188.09542951703463,candidate,DES-SL-simulated
DES-1982,DES-SL,23.274757823227713,-40.774911201157565,0.2675710484302475,1.460142783633012,0.9180396362764932,219064134547.39133,308.9476667217578,candidate,DES-SL-simulated
DES-1983,DES-SL,52.67214041463076,-47.71037482343049,0.2307631466463186,0.6496243108212622,0.8052527818403142,104514609639.02795,227.85175611812625,candidate,DES-SL-simulated
DES-1984,DES-SL,5.264117925181879,-46.220386139405946,0.14932966840547376,0.8908904807304997,0.9542798736263706,70459395989.25432,171.85476228532343,candidate,DES-SL-simulated
DES-1985,DES-SL,5.408091885247634,-36.416751067252875,0.05,0.23227988620904888,1.210774247748959,223737808549.65378,271.87426362953204,candidate,DES-SL-simulated
DES-1986,DES-SL,12.669382652440824,-48.037038395104304,0.21497957543878013,0.8910363454014764,0.645977984328263,41428355648.4042,160.16587294796804,candidate,DES-SL-simulated
DES-1987,DES-SL,3.2055676468529826,-56.404198397590314,0.1915516325813553,1.542782181289604,1.2135705126671696,72739083493.22607,154.83937166482227,candidate,DES-SL-simulated
DES-1988,DES-SL,27.884627057967904,-35.95708781264048,0.5629679221586955,0.8767647440315194,0.6005416160177276,98001809103.32507,255.49093044042348,candidate,DES-SL-simulated
DES-1989,DES-SL,11.031998486876464,-49.4316032005739,0.28189282850191616,0.3818928285019162,0.8912655076721315,122680715737.98059,234.64677869234148,candidate,DES-SL-simulated
DES-1990,DES-SL,53.451083241550975,-30.179729158140503,0.16454228524434575,0.7077471250147769,0.7500174256377655,68728285529.44656,191.45295501636824,candidate,DES-SL-simulated
DES-1991,DES-SL,3.3699698726915206,-45.75098884829298,0.08779688215583167,0.5918091483377289,0.6244851208476709,125654382378.06001,283.69897583421505,candidate,DES-SL-simulated
DES-1992,DES-SL,6.754124185590314,-36.266232293699744,0.21434643658275232,0.3569652133169621,0.8153488887228787,48684511360.21509,154.54453834511528,candidate,DES-SL-simulated
DES-1993,DES-SL,23.74703683148497,-45.61933297199269,0.17656242358036348,0.30991353898201907,0.6392894214914706,75602321148.57396,217.49476159215337,candidate,DES-SL-simulated
DES-1994,DES-SL,53.37686807573879,-41.50861186153085,0.14068388134109108,0.6775849444246511,0.6044262074508502,88946274412.41035,242.6175614401296,candidate,DES-SL-simulated
DES-1995,DES-SL,42.08356597716435,-33.93801610026049,0.1437057897689198,0.5716143052772044,0.7847685491539638,30324848957.90559,124.32501606666067,candidate,DES-SL-simulated
DES-1996,DES-SL,47.27065581582098,-45.151690118798456,0.14517570886410888,0.7161247442858875,0.6334752805652927,97594558044.78734,248.24354257820207,candidate,DES-SL-simulated
DES-1997,DES-SL,40.45124464851931,-40.61329416525962,0.05,1.0610240913528244,1.1441473727655607,149542473482.1564,228.65004526494835,candidate,DES-SL-simulated
DES-1998,DES-SL,21.50073052037152,-40.396696241676,0.09128720145815916,0.7245370934861909,0.6019114450338402,126495510073.32347,289.9354040344087,candidate,DES-SL-simulated
DES-1999,DES-SL,0.587273322372317,-41.56917168874466,0.13655118457187373,0.38186699709967853,0.40765482320951607,42726212565.84466,204.75329600524225,candidate,DES-SL-simulated
DES-2000,DES-SL,33.16391223537235,-52.840509293014385,0.3612950941297609,1.1499714191451402,1.0311464620871378,228303581103.57663,297.59537642293475,candidate,DES-SL-simulated
BELLS-001,BELLS,154.8474169288339,38.5319824803449,0.5383048912049804,0.9366031403509038,1.2019626575829834,131193456584.73946,233.61224440189218,candidate,BELLS-simulated
BELLS-002,BELLS,198.13816911484423,45.55246186278271,0.30594971158276796,1.4717093636679488,1.5355361065965316,203684700976.12332,257.533773054635,candidate,BELLS-simulated
BELLS-003,BELLS,178.0848094212047,39.688323336297614,0.3631263155314138,0.5631263155314138,0.948004384200755,176465686502.16483,305.07734926354647,candidate,BELLS-simulated
BELLS-004,BELLS,128.6074606061859,22.164034269974277,0.6167816318371093,1.4190596367618311,1.557074951739501,312311548611.5911,316.6826459342989,candidate,BELLS-simulated
BELLS-005,BELLS,197.1408265872572,41.3019632497218,0.4373137418848443,1.238449766940894,1.405856697195342,182216446717.1079,254.5706092025328,candidate,BELLS-simulated
BELLS-006,BELLS,134.85515863594728,3.523376062459884,0.7395046127426379,1.6219396258952763,1.0157617975238447,131364956269.96576,254.2897339358418,candidate,BELLS-simulated
BELLS-007,BELLS,244.00672617524336,6.5954983979501165,0.4179601540784452,0.8589011249405003,1.120007198782395,161320948080.0742,268.36135619626816,candidate,BELLS-simulated
BELLS-008,BELLS,194.31596788770983,2.540306820709066,0.3220882163688541,0.5640257340325547,0.9596382334630528,133763089244.10728,263.9972335993744,candidate,BELLS-simulated
BELLS-009,BELLS,229.10657849454824,39.89015438212408,0.599209430610397,1.163270265657136,1.122169733130331,274931584616.931,350.0,candidate,BELLS-simulated
BELLS-010,BELLS,150.30724123403652,42.934296612148096,0.6619261080550073,1.1878710173065725,0.9088526518591746,75738810276.51706,204.12561312158462,candidate,BELLS-simulated
BELLS-011,BELLS,220.89976818350607,5.942419910529139,0.20935520813085473,0.40935520813085474,1.3222927080570581,85684567482.09738,180.0,candidate,BELLS-simulated
BELLS-012,BELLS,109.76570387573699,30.591727706680043,0.7603543980175338,2.0,1.1777294640940008,146881892074.9004,249.7159951113706,candidate,BELLS-simulated
BELLS-013,BELLS,152.38484363637053,4.286418036529433,0.6103969627714948,2.0,1.4898348865828805,152907279574.8171,226.53223675149366,candidate,BELLS-simulated
BELLS-014,BELLS,100.49063879968753,20.016070749851526,0.6516649849271205,1.2614845211738488,1.9828955681617146,450212149749.46594,336.93310686302226,candidate,BELLS-simulated
BELLS-015,BELLS,231.12615535655496,3.031013373590541,0.3593945080531632,0.7512372491757362,0.9840460658677769,135810591611.31094,262.6903432511593,candidate,BELLS-simulated
BELLS-016,BELLS,187.28727326898667,19.110842252416717,0.3918841844506472,0.5918841844506473,1.6043232974910755,248711065469.80707,278.4111415670431,candidate,BELLS-simulated
BELLS-017,BELLS,149.3766533801682,55.46183770114139,0.5437740108894861,0.9467608126469493,0.9448581597384579,87102729465.64862,214.69284711357614,candidate,BELLS-simulated
BELLS-018,BELLS,201.7500744563786,36.10225707933419,0.3879621157632882,1.6604117620799308,1.1756520168327094,103671991594.91412,209.97922398606573,candidate,BELLS-simulated
BELLS-019,BELLS,125.3476614339339,2.4858747677061976,0.41072631089761996,0.7620560481070721,0.9621265695878557,137707663679.7938,267.5148857979742,candidate,BELLS-simulated
BELLS-020,BELLS,103.69195084051394,47.56863369810962,0.7513052996463594,1.2425215382059438,0.9502056494656207,152447228336.03876,283.2278557803257,candidate,BELLS-simulated
BELLS-021,BELLS,208.02804014787563,14.7923518726165,0.5861598101852624,0.7861598101852625,1.347364533322503,188736993747.65576,264.64943012734955,candidate,BELLS-simulated
BELLS-022,BELLS,190.6661374512841,25.729680582413156,0.6218781296180441,1.4575077831980834,0.9302103669822329,94755285289.9708,225.68159175196186,candidate,BELLS-simulated
BELLS-023,BELLS,162.80095589072735,17.20935455761269,0.5808672156658637,0.7808672156658638,1.0894041110150998,151122031486.17325,263.36277448645546,candidate,BELLS-simulated
BELLS-024,BELLS,172.14904591314286,44.75828028482619,0.21326660590623597,0.6252890569620189,1.6254173709290456,239975828742.85126,271.6979138688518,candidate,BELLS-simulated
BELLS-025,BELLS,102.1733029238933,52.82186457147436,0.5641064186491539,1.317958001106528,0.7578681320048125,98084594509.77382,254.38329001753434,candidate,BELLS-simulated
BELLS-026,BELLS,227.83719579745193,35.81020271975651,0.8,1.7403943402705702,0.9692791151873686,149201881438.14774,277.42636042806276,candidate,BELLS-simulated
BELLS-027,BELLS,170.02353166109793,58.81789991917237,0.6548902204194086,1.1893710467039424,0.8881693455851044,163153711654.78986,303.0648655799977,candidate,BELLS-simulated
BELLS-028,BELLS,145.64790212881584,38.605263917855275,0.7548748433184812,1.144718736345483,1.5915065276439433,137887133636.16342,208.13382322699033,candidate,BELLS-simulated
BELLS-029,BELLS,174.1825285145776,19.397526048839822,0.684635794028462,1.1119462703947864,0.9517392396986734,73719170064.17902,196.79598468800484,candidate,BELLS-simulated
BELLS-030,BELLS,132.19276543130377,32.67809924377972,0.596003904942012,0.9753434327183563,0.9400728285177886,127307033316.27838,260.21387550980506,candidate,BELLS-simulated
BELLS-031,BELLS,246.76797223214894,27.27452753361883,0.630507037944822,1.4235123113145947,0.8984900190331356,146257203508.7241,285.2903003843231,candidate,BELLS-simulated
BELLS-032,BELLS,217.88074960998847,57.41212559087332,0.3362399837283512,0.5362399837283511,1.132088671482923,107068154271.86273,217.45777391409553,candidate,BELLS-simulated
BELLS-033,BELLS,248.8107325744767,34.13655906397651,0.46826816737394017,2.0,1.2311254152655837,180955885234.00842,271.0941898700945,candidate,BELLS-simulated
BELLS-034,BELLS,109.75576895817899,29.573434150091916,0.4155872953179927,1.0030736725276916,1.091144047342215,169328109650.23477,278.5534157223648,candidate,BELLS-simulated
BELLS-035,BELLS,145.81769100318894,23.23277976013969,0.47216651952719313,1.4952531616154385,1.0377008754777401,147889193578.04797,266.94213584141886,candidate,BELLS-simulated
BELLS-036,BELLS,139.0632352801955,12.263900619724787,0.4572318414430878,0.8803326949674153,1.1252448395417338,192634773624.6531,292.5693525753564,candidate,BELLS-simulated
BELLS-037,BELLS,191.8131353535213,38.51709425425828,0.5706543441810971,2.0,1.7163240301368061,282796355085.0047,287.02667791631444,candidate,BELLS-simulated
BELLS-038,BELLS,152.00355655438776,19.822228396128907,0.6040285276547833,0.8040285276547834,0.672643690205784,112915656192.79901,289.7140432736907,candidate,BELLS-simulated
BELLS-039,BELLS,225.51012738289913,4.387814384727644,0.8,2.0,1.6757266725103033,186568418376.85956,235.94048939185208,candidate,BELLS-simulated
BELLS-040,BELLS,142.10105653905023,52.28422748556977,0.593273476639937,1.4486813372410694,1.369331793443574,324912445232.1601,344.4401974800144,candidate,BELLS-simulated
BELLS-041,BELLS,245.00166313753445,16.95929785364785,0.4782933743674106,0.7334568396446934,1.5821321235602366,180374429234.31027,238.75425095941867,candidate,BELLS-simulated
BELLS-042,BELLS,137.3854816793225,18.790101304964853,0.6511551678472581,1.1455060058135103,0.9373426854286695,199729286467.03723,326.4049077306117,candidate,BELLS-simulated
BELLS-043,BELLS,107.01877761519118,30.21195755380216,0.45141189646649826,1.6921944174721029,1.3057291714212393,131175640753.95242,224.12228721647335,candidate,BELLS-simulated
BELLS-044,BELLS,223.40986134872043,49.30473891229407,0.40196209251515036,0.6278564813247082,1.6292796070414397,165634727402.14566,225.45656710838722,candidate,BELLS-simulated
BELLS-045,BELLS,238.19766461371862,15.655587943056302,0.47021620969938904,1.324388414198486,1.2100783224899399,90217173300.74847,193.0735889140574,candidate,BELLS-simulated
BELLS-046,BELLS,226.49663413918617,31.683128246130735,0.49698103445705744,0.8167346561666748,1.8146500158864411,375310327596.95044,321.576142572261,candidate,BELLS-simulated
BELLS-047,BELLS,111.5505238759324,45.221753558085254,0.5534416132020188,1.4852027984842016,1.2733233272026816,196173425437.3716,277.54649180585665,candidate,BELLS-simulated
BELLS-048,BELLS,201.14885866465767,43.284264803037274,0.6307127179467459,0.830712717946746,1.3938642293067356,157513536509.31714,237.702476756393,candidate,BELLS-simulated
BELLS-049,BELLS,193.0572924648448,25.390491085983374,0.3490807031623351,1.8237937929041768,1.5161269314925228,187024274875.41165,248.3511702652753,candidate,BELLS-simulated
BELLS-050,BELLS,176.47121212717397,39.62210337824323,0.453922866346603,1.1348061554917943,1.4092627159289062,184226935871.19196,255.66164883360915,candidate,BELLS-simulated
BELLS-051,BELLS,229.89349029173025,4.492322248129406,0.5929235325849319,0.792923532584932,1.1670398766499566,141266628378.95132,246.01520200878105,candidate,BELLS-simulated
BELLS-052,BELLS,184.59861751624197,2.935292878499969,0.5846588681624432,1.2016705681023143,1.2477662345493943,156757291094.4398,250.62954318929275,candidate,BELLS-simulated
BELLS-053,BELLS,151.34743014570276,20.66248898432064,0.6092063421404644,0.8521909519731723,1.1771313539445625,106146327811.56955,212.336681341303,candidate,BELLS-simulated
BELLS-054,BELLS,200.06123632329616,29.610968179315623,0.6998451752974931,1.4449163904106723,1.553407531042411,215815647621.06763,263.5625883380822,candidate,BELLS-simulated
BELLS-055,BELLS,235.08828518046823,23.33318623054825,0.6136011142600473,0.9630762446744874,1.2490075543625518,196197695395.85645,280.2524516275763,candidate,BELLS-simulated
BELLS-056,BELLS,216.2113174769322,23.90955522386427,0.5395999437776048,1.3597192337481987,1.4485424151623727,203561660412.2664,265.0741553966325,candidate,BELLS-simulated
BELLS-057,BELLS,199.7387875969614,33.72127093825123,0.6995974121775801,1.598165811920203,1.1888675938889781,77038620084.00578,180.0,candidate,BELLS-simulated
BELLS-058,BELLS,192.34748474347913,57.482071181376604,0.7234626657246158,0.9855844085611953,1.373309150325093,107247084920.70273,197.6030272013561,candidate,BELLS-simulated
BELLS-059,BELLS,245.07642674345553,7.458497955076345,0.4510542918220126,0.9552135079790562,1.5690945637101534,220667190191.67273,265.1730145612246,candidate,BELLS-simulated
BELLS-060,BELLS,209.54926325891066,27.771406692928434,0.5096638485677486,1.2582999321908876,1.519976142439964,186267488265.65076,247.53416292791258,candidate,BELLS-simulated
BELLS-061,BELLS,219.61492324806403,54.08817967842571,0.6475182421945169,0.8475182421945169,1.2084524838158173,244488580315.20773,318.0530042582661,candidate,BELLS-simulated
BELLS-062,BELLS,101.68757835219289,15.685847032144496,0.6809478462013854,1.029717205216956,1.1030243995167694,88249751107.62743,200.00883817027034,candidate,BELLS-simulated
BELLS-063,BELLS,132.2735449166133,51.61994812976145,0.43759878243225936,1.6124432254008518,1.0752279905303763,88525873521.91078,202.8942932050195,candidate,BELLS-simulated
BELLS-064,BELLS,156.56613825071622,14.276200903283868,0.6049918366441032,1.4672071500330386,1.316728545973386,85324009779.07541,180.0,candidate,BELLS-simulated
BELLS-065,BELLS,141.65664128625647,42.027496585786196,0.2938159697591963,0.5385909436806458,1.0222882018336232,73974937658.19547,190.21319119223082,candidate,BELLS-simulated
BELLS-066,BELLS,157.3436182781158,14.471900740274899,0.4451645676963543,0.6494361496797861,1.4448117774679816,249483821567.7249,293.83299343936693,candidate,BELLS-simulated
BELLS-067,BELLS,168.56544889637402,30.46523907795621,0.5043974657101016,0.9427136870597985,1.0079371790043044,125711698623.81274,249.7216046835057,candidate,BELLS-simulated
BELLS-068,BELLS,113.23499530856597,15.781513973074034,0.3551920547515939,0.5551920547515938,0.9969381030008744,92922521818.05235,215.879497466567,candidate,BELLS-simulated
BELLS-069,BELLS,110.14523143018693,19.565982035381836,0.579953486298018,0.934334811614593,0.9825407303770004,108670161248.93355,235.16077162138637,candidate,BELLS-simulated
BELLS-070,BELLS,133.97554831673438,13.962312536347417,0.5536962349956921,1.0151370826491217,1.2974196670633755,132496835075.91133,225.968298750272,candidate,BELLS-simulated
BELLS-071,BELLS,119.74083242025239,26.62444677178414,0.6779601800648967,1.4841986535735345,1.4283498071627383,132749965708.61441,215.56831184991887,candidate,BELLS-simulated
BELLS-072,BELLS,171.27639593902236,47.81888409043322,0.47020578139086433,1.2862585158320294,1.1218244459732771,213928876719.5237,308.785755466337,candidate,BELLS-simulated
BELLS-073,BELLS,115.21652455626769,46.425148272640484,0.5234455816127774,0.7701393353414012,0.9456143016378686,124762141731.01762,256.843983492195,candidate,BELLS-simulated
BELLS-074,BELLS,197.34240231917306,46.59567537631645,0.6815651503788938,1.5233061422214293,1.0484345325199542,111452271817.29071,230.54664491027918,candidate,BELLS-simulated
BELLS-075,BELLS,136.9196667577338,13.722816308138752,0.39213610596359916,0.6322045276821427,1.0399467270934435,217562216498.0254,323.42321751424333,candidate,BELLS-simulated
BELLS-076,BELLS,151.55870857422406,46.18400415444266,0.6983725060213861,1.2800280631670629,0.9245925577586213,59913597742.75866,180.0,candidate,BELLS-simulated
BELLS-077,BELLS,218.57676476369429,53.47631033028568,0.5970902608465248,0.8630539348432574,1.3767191284358047,165533858589.07452,245.1916906081715,candidate,BELLS-simulated
BELLS-078,BELLS,241.17706140239002,23.547101331736005,0.6704448525711267,1.545362998476314,1.1436310547512216,125330718490.72574,234.0834970552786,candidate,BELLS-simulated
BELLS-079,BELLS,225.32648918192075,34.67267119500326,0.3649245120618707,0.9899647277692063,1.2993408994393534,126389317490.5803,220.53556265969928,candidate,BELLS-simulated
BELLS-080,BELLS,148.2294853771062,21.08475846779801,0.5437009223157099,1.3174826530873802,1.4648660240403888,217826717254.2322,272.6726772824824,candidate,BELLS-simulated
BELLS-081,BELLS,109.27285645171287,4.89156551232327,0.36261467206410514,0.8732056344291065,1.1409047152457517,139163242193.5729,246.95770684292535,candidate,BELLS-simulated
BELLS-082,BELLS,227.7181621267025,6.078502009374846,0.5255215967858621,0.8934540716956711,0.8432892313262599,67884612051.14543,200.6237736895302,candidate,BELLS-simulated
BELLS-083,BELLS,118.31593063461915,40.81187405139185,0.31398477415142295,1.120273707957743,0.8602919760382518,145846631477.5244,291.14562440292326,candidate,BELLS-simulated
BELLS-084,BELLS,210.8358867211105,9.275453996623407,0.5014936231143292,1.9143001457713351,1.6782321489184475,111779409277.643,182.49034367502543,candidate,BELLS-simulated
BELLS-085,BELLS,170.06952141452246,46.624259479372505,0.5138297583418145,0.7138297583418145,1.03093818292844,151491871599.80975,271.0587025845873,candidate,BELLS-simulated
BELLS-086,BELLS,132.84676764763572,35.27138495993644,0.543079245131434,1.4689849951831049,1.3744885425098008,115144688965.07382,204.66161443798165,candidate,BELLS-simulated
BELLS-087,BELLS,165.32141385427303,53.73762787220395,0.7114862972866389,1.7951896212518341,1.073062032759393,147096538035.53497,261.8025145492942,candidate,BELLS-simulated
BELLS-088,BELLS,143.6872862905086,57.08317310402867,0.4410464627964788,0.6410464627964788,0.7790206910879033,92961009899.91841,244.264819806401,candidate,BELLS-simulated
BELLS-089,BELLS,132.10013525675862,46.398518563537294,0.7854451756866572,0.9992776384319728,1.0515879938404247,136554903812.28091,254.8096333729587,candidate,BELLS-simulated
BELLS-090,BELLS,121.83433715929354,2.441686340821707,0.5438333901753956,1.0291187581948522,1.0563205713118997,68449573021.0111,180.0,candidate,BELLS-simulated
BELLS-091,BELLS,150.34434887111735,38.13653979271019,0.571750947604205,1.2833245462632878,1.0300094416539114,119510215308.17114,240.8612377071062,candidate,BELLS-simulated
BELLS-092,BELLS,247.40724881006884,34.54965880284139,0.6552113792012946,1.538182843963586,1.3879576178640054,255078242386.7758,303.1332722553741,candidate,BELLS-simulated
BELLS-093,BELLS,184.1558087834609,3.828815424327998,0.6021115716542654,0.9724198720901986,1.2497225084422376,199974406148.22702,282.8560121142444,candidate,BELLS-simulated
BELLS-094,BELLS,246.45386494469588,7.0693711571960645,0.34223149139730924,0.715377356106119,0.939063503458827,60851315024.131996,180.0,candidate,BELLS-simulated
BELLS-095,BELLS,184.18057483132918,15.631391846745002,0.49541938023050314,0.6954193802305031,0.9372818806853223,120022828857.67558,253.03571283099413,candidate,BELLS-simulated
BELLS-096,BELLS,165.86253640449752,30.260098649799826,0.5686063635370854,1.2219170563171007,1.0462431449872698,165356298675.29935,281.1117900688564,candidate,BELLS-simulated
BELLS-097,BELLS,139.87683007146282,40.04271837244951,0.7140860427448699,1.3667325582098844,1.4836225927350495,176423076524.43204,243.83777044753555,candidate,BELLS-simulated
BELLS-098,BELLS,107.53553488866415,45.24619487704539,0.5311693480163315,0.8860868112763145,0.6472213663592328,66875679477.871895,227.29646580061004,candidate,BELLS-simulated
BELLS-099,BELLS,183.25555458354907,8.784719274490001,0.5865009347896244,0.9350358954648867,0.8780930823346863,93520142904.81483,230.76359982802356,candidate,BELLS-simulated
BELLS-100,BELLS,149.45035082475502,44.956289140543916,0.39393027416843784,1.1447416371888126,1.4181897137845703,153074833815.97977,232.3109789596739,candidate,BELLS-simulated
BELLS-101,BELLS,118.66138087825423,2.6973800093692413,0.6175224640089598,1.0566019672275673,1.3181468711294015,189828764899.84818,268.33919441910734,candidate,BELLS-simulated
BELLS-102,BELLS,235.58935792691324,55.420562700642776,0.5116312034159238,1.5811332544722863,1.1964822206473462,112944790329.22638,217.25259827155207,candidate,BELLS-simulated
BELLS-103,BELLS,207.8860281003616,18.021589303398052,0.2845162996164133,0.7270129918363062,1.2279389710900832,135796188948.71968,235.14751941388144,candidate,BELLS-simulated
BELLS-104,BELLS,138.7938088729708,50.33592441375996,0.4482180907287551,1.1829611632999781,1.0519171049530218,73157753688.30121,186.47663539822503,candidate,BELLS-simulated
BELLS-105,BELLS,134.0344509934334,27.895478826950868,0.5490003249414608,1.0552163943993613,1.1271752817133427,152168970489.7545,259.80788360727354,candidate,BELLS-simulated
BELLS-106,BELLS,244.2668032966685,51.63132836949601,0.3768508750956593,1.0029782647568632,1.30264495383881,84411393008.7549,180.0,candidate,BELLS-simulated
BELLS-107,BELLS,162.13435234087842,20.052386509875934,0.5403602307355585,1.272406727059086,0.8726438099621205,79645291979.47643,213.6222821324448,candidate,BELLS-simulated
BELLS-108,BELLS,219.53394470589996,10.496013765047351,0.5373711413442429,1.1537971479777815,0.9638453328797822,113933077208.2277,243.11191341682957,candidate,BELLS-simulated
BELLS-109,BELLS,215.76705284274442,36.91495231302586,0.47127563178415377,0.6712756317841537,1.0562861345847305,145296404681.9013,262.25371357481725,candidate,BELLS-simulated
BELLS-110,BELLS,221.93557819753363,31.291670313262262,0.6717501044440002,1.4191406541768485,1.2952392515412168,154606771774.21207,244.30044593093768,candidate,BELLS-simulated
BELLS-111,BELLS,235.6330382690585,37.294034068902455,0.6772130738201387,1.639475974352847,1.335672923208634,225473007387.95233,290.5241370891826,candidate,BELLS-simulated
BELLS-112,BELLS,143.19240544489557,24.314779674383523,0.6256598794863182,1.470375404222998,2.34682564500903,216619087340.9084,214.82902151677288,candidate,BELLS-simulated
BELLS-113,BELLS,211.33335756801995,34.364663160968675,0.4266220533727476,0.8634604958492611,1.2996609107531922,266929851016.5222,320.4561019974446,candidate,BELLS-simulated
BELLS-114,BELLS,223.75000435233488,30.42963545554926,0.4530448494481047,0.9758394280838165,1.494047963996621,165489359694.11017,235.33567620988396,candidate,BELLS-simulated
BELLS-115,BELLS,243.95158511038838,56.59603133023936,0.43386945833366897,0.7734291007525665,0.9494520014986448,117629239922.31198,248.88925078634594,candidate,BELLS-simulated
BELLS-116,BELLS,201.63119740336163,33.77160044908641,0.5954486284998594,1.595978373329209,0.8264477072455676,53553811429.51278,180.0,candidate,BELLS-simulated
BELLS-117,BELLS,243.15718404686743,8.30676056401436,0.8,1.0782478131335074,0.9371334795027471,82395045324.8122,209.6692896853462,candidate,BELLS-simulated
BELLS-118,BELLS,135.04840693865737,20.63419203498538,0.5522959862268265,1.6037142714088195,0.9699930557102385,111767498016.62192,240.02609198026116,candidate,BELLS-simulated
BELLS-119,BELLS,235.60536096081069,24.491869925485922,0.47419181250444603,1.2960564420349514,1.2270005137493643,134713205858.54353,234.29753290569641,candidate,BELLS-simulated
BELLS-120,BELLS,146.73605075103842,26.6111928285497,0.4651919186319825,1.2965000254075343,1.1923781968174834,212690622644.8313,298.6428767648152,candidate,BELLS-simulated
BELLS-121,BELLS,224.14977505787314,22.46856020797898,0.3772924397339675,0.753124784918169,1.6272411542581,179850946846.40445,235.07985098955706,candidate,BELLS-simulated
BELLS-122,BELLS,162.2430597508178,27.257927335258366,0.4906425833687286,1.1643549277742575,1.5541355309077152,155125357190.87677,223.39937547562846,candidate,BELLS-simulated
BELLS-123,BELLS,155.89773240521242,21.490092496845694,0.6500463620358037,0.8500463620358036,1.2549597624020172,126007621117.90208,224.06215458335004,candidate,BELLS-simulated
BELLS-124,BELLS,105.36031838203371,31.579941058771077,0.4210920803393874,0.6210920803393873,1.2600204731144968,178082911009.62964,265.8320402087,candidate,BELLS-simulated
BELLS-125,BELLS,240.52683944267446,39.59826027352066,0.588717642395563,1.428166769845638,1.063863607252703,100551887242.02718,217.38878682435512,candidate,BELLS-simulated
BELLS-126,BELLS,154.35514892755543,19.59346909003863,0.4951873418349668,0.6951873418349668,1.0532481078583604,121969576089.67728,240.62758676412025,candidate,BELLS-simulated
BELLS-127,BELLS,206.2798790339745,27.54099334687612,0.29115926764308037,2.0,1.4602144558797037,188946107753.9411,254.35814869083228,candidate,BELLS-simulated
BELLS-128,BELLS,176.58630123340004,17.55528973441691,0.6003333781959398,0.8003333781959399,0.9220802392154666,143203573386.76257,278.6618861093785,candidate,BELLS-simulated
BELLS-129,BELLS,198.82643499482526,46.71528050284513,0.5187508651309132,0.7463745587665058,1.1368597171578934,175098815976.5983,277.5065049518006,candidate,BELLS-simulated
BELLS-130,BELLS,126.84644240726888,1.0126434514763627,0.4108144501361399,0.7754437251202759,0.9183536876836825,138539356871.48566,274.6417758805127,candidate,BELLS-simulated
BELLS-131,BELLS,215.48254119656963,49.0492936314586,0.44443049200209345,0.8466619741557467,1.6044280808061278,103966939636.23708,180.0,candidate,BELLS-simulated
BELLS-132,BELLS,207.78044934936636,12.829104681594432,0.8,1.1793401078693513,1.7020430065116712,130099679609.66666,195.4959888100215,candidate,BELLS-simulated
BELLS-133,BELLS,132.8156458891506,49.42898863003473,0.40935883305290355,1.2381098860515942,1.293270836231812,214466570305.29672,287.9519762145767,candidate,BELLS-simulated
BELLS-134,BELLS,224.67931844856952,50.15164867115286,0.7771720446637398,2.0,1.6187790781553621,215882849625.7333,258.22618663718873,candidate,BELLS-simulated
BELLS-135,BELLS,101.16314172597453,6.264672885236459,0.6307343967745624,0.9131822827846847,1.003879194934145,66982885423.15331,182.65274406244006,candidate,BELLS-simulated
BELLS-136,BELLS,131.14170483526644,45.87192179144855,0.6419059494428954,1.2918755543563538,0.9550755454237085,146624439478.9052,277.05712421283687,candidate,BELLS-simulated
BELLS-137,BELLS,233.1141931747138,13.04093277424877,0.6844901942279586,1.2886619295517079,0.9682147731107874,140667953519.41818,269.5235599867018,candidate,BELLS-simulated
BELLS-138,BELLS,219.3346692087684,42.04750805455565,0.5629734726108907,0.8570658437436816,1.3916754457259906,213681013193.55887,277.0760495077743,candidate,BELLS-simulated
BELLS-139,BELLS,107.19694918174827,17.103480229395785,0.4479901553117519,1.662085297322589,1.4033650324314337,119855984721.04375,206.64720652754983,candidate,BELLS-simulated
BELLS-140,BELLS,249.81706086230855,40.2589339431141,0.4510910424972713,0.7182172803801836,1.1522704859769903,199442247963.20074,294.18218099964764,candidate,BELLS-simulated
BELLS-141,BELLS,143.28652793790454,58.885684828805786,0.6242007279172038,0.8242007279172039,1.0522244819994253,164157763826.62128,279.2939413522384,candidate,BELLS-simulated
BELLS-142,BELLS,210.27381968791008,34.62657896782694,0.5549268716920128,0.9680253590027639,1.1330495423550038,186373410024.90985,286.78242187451303,candidate,BELLS-simulated
BELLS-143,BELLS,133.88715758143877,6.005970770835196,0.6756780692151708,1.513001795290304,1.1412860847144894,94649783379.50594,203.63271575877127,candidate,BELLS-simulated
BELLS-144,BELLS,119.81305678332774,28.393424166369478,0.3726346330346063,0.5726346330346064,1.2018362235530786,147344753598.75894,247.58805937862502,candidate,BELLS-simulated
BELLS-145,BELLS,227.5208694446843,49.759343399751444,0.5554228791888741,2.0,0.8943631431869483,99078839269.50052,235.3523344540546,candidate,BELLS-simulated
BELLS-146,BELLS,181.82539395802377,46.361246213729046,0.7843923737006169,1.923271444360448,0.9870845232541239,70913713410.48631,189.52781021286398,candidate,BELLS-simulated
BELLS-147,BELLS,244.74172232385743,46.31840464253873,0.38318471590779885,0.7042528050936216,1.3319864190770079,221689278954.45697,288.4745132260436,candidate,BELLS-simulated
BELLS-148,BELLS,192.4820033724201,16.551007508953226,0.32715167507618537,0.5271516750761853,1.1214619918055957,72670737069.00261,180.0,candidate,BELLS-simulated
BELLS-149,BELLS,181.43236484468952,56.790439348227096,0.5858935172170535,1.058930652936247,0.9813617835037678,116077337821.27283,243.18912548589324,candidate,BELLS-simulated
BELLS-150,BELLS,153.09446966386184,18.59845029189006,0.8,2.0,0.8131868921863256,115247505420.28693,266.19848790364665,candidate,BELLS-simulated
BELLS-151,BELLS,140.37345664171414,30.069177768677026,0.7690431641762201,1.1823566936932626,0.8485101676770329,137514635647.6701,284.6629449529328,candidate,BELLS-simulated
BELLS-152,BELLS,149.39768953754776,49.73723605839778,0.5991012270440575,0.7991012270440576,1.011888810153291,135216342823.11612,258.4837217670439,candidate,BELLS-simulated
BELLS-153,BELLS,180.9391980602543,45.44929032493819,0.5473208948537623,1.0466965695562085,1.1305438979359312,118268463530.4117,228.70505533318433,candidate,BELLS-simulated
BELLS-154,BELLS,162.8456425574168,25.144317487160322,0.6160486998356096,1.0659067197878611,0.9503702901227303,97284275328.20168,226.2350556013774,candidate,BELLS-simulated
BELLS-155,BELLS,244.1438027593214,1.902484553493733,0.2858921030127031,1.6310061328237917,1.3834475290520705,232114200111.08484,289.63731396419786,candidate,BELLS-simulated
BELLS-156,BELLS,108.85189985095748,32.048197148179966,0.691739049407914,1.1297010977430324,1.235502403482562,184838086646.44464,273.5010116025598,candidate,BELLS-simulated
BELLS-157,BELLS,161.83096253716639,56.42378595445032,0.6805826075800767,1.1675739283483106,1.4575131569780981,247246531848.95465,291.2351999071509,candidate,BELLS-simulated
BELLS-158,BELLS,218.15326033764882,9.193918201993604,0.6340032273009545,0.8900876525411301,0.9630218608063836,119581632451.8523,249.1719598753255,candidate,BELLS-simulated
BELLS-159,BELLS,187.12483888778817,49.61532917810399,0.7568534861456937,1.1507054619984738,1.1635513410913116,119456737197.27132,226.56746779029984,candidate,BELLS-simulated
BELLS-160,BELLS,195.5379258073765,50.069447752231206,0.5230702377669144,0.7647712960327862,1.898380421481424,218935266611.31766,240.1326652964635,candidate,BELLS-simulated
BELLS-161,BELLS,133.6430554739439,48.95859993657925,0.6178430748675214,0.8178430748675214,1.5531284403945957,216727082058.29498,264.14227126628543,candidate,BELLS-simulated
BELLS-162,BELLS,122.69746927240683,53.03014841587963,0.3564081643355513,0.8948833991201681,0.8526174210936568,58148917741.845055,184.66250354405565,candidate,BELLS-simulated
BELLS-163,BELLS,231.0301301597973,26.658092158504175,0.6975859232999386,1.6675172320235254,1.707034677683728,277702139240.37805,285.20257543234254,candidate,BELLS-simulated
BELLS-164,BELLS,234.79060948838588,52.8525981890942,0.8,2.0,1.617841379971667,178849555455.6033,235.1045125830942,candidate,BELLS-simulated
BELLS-165,BELLS,114.37867106004344,4.476792541136412,0.329909140271183,0.8893247944732011,0.974371249556639,85136488403.1263,209.01653227418058,candidate,BELLS-simulated
BELLS-166,BELLS,131.09249587736105,24.690320119316095,0.37778521988897545,1.1711307882255342,0.9425333105939605,141256414210.29523,273.74155945593265,candidate,BELLS-simulated
BELLS-167,BELLS,120.88281902760653,10.57888645121492,0.5890222865167664,0.8298459116048332,0.9792903443423852,106498943467.17776,233.18570086303862,candidate,BELLS-simulated
BELLS-168,BELLS,157.34088925599636,14.783107673555788,0.5601070903631605,1.1237368551796494,1.2104479987622756,78437030319.79546,180.0,candidate,BELLS-simulated
BELLS-169,BELLS,217.74238283197866,4.3188558990436166,0.38885080407073946,0.8541366308055601,1.3645958220151397,129993487879.63516,218.24473819206716,candidate,BELLS-simulated
BELLS-170,BELLS,158.24203462813915,9.524527738643316,0.7299783003282878,2.0,1.2492791399032523,165752369836.4045,257.56398227067405,candidate,BELLS-simulated
BELLS-171,BELLS,227.39780978200702,57.187971558450734,0.4647782642116879,0.7402293840579535,1.4015124094874853,294507805116.7937,324.14172047967406,candidate,BELLS-simulated
BELLS-172,BELLS,166.38021671942062,59.056879815581325,0.8,1.3660849396662522,1.0415541989869423,200739506654.865,310.42771729352694,candidate,BELLS-simulated
BELLS-173,BELLS,137.00902047528194,23.60157278898891,0.5721396353249734,0.7721396353249734,1.3185007148274037,199551226635.7089,275.08823588659266,candidate,BELLS-simulated
BELLS-174,BELLS,136.69092972135985,39.723612625021154,0.6304382720599123,0.8304382720599124,1.2821731419718598,159475728948.33163,249.37847365053918,candidate,BELLS-simulated
BELLS-175,BELLS,219.44155164376758,39.836654380833416,0.8,1.0219177505353025,1.5782325690040515,124637033808.2712,198.71152387884132,candidate,BELLS-simulated
BELLS-176,BELLS,222.31181734480316,31.375210138454314,0.6146892056710053,1.3823897810090826,0.8674747646521476,104680411467.937,245.63445660616978,candidate,BELLS-simulated
BELLS-177,BELLS,170.00588273823962,34.16666620144139,0.5004121992312502,1.4204174959534166,1.2046358227933929,149746183515.01697,249.30730070885957,candidate,BELLS-simulated
BELLS-178,BELLS,112.64944147587684,57.33183857657247,0.603377741372642,1.0452765175551568,1.4004385117181972,172435540241.6197,248.12262696657578,candidate,BELLS-simulated
BELLS-179,BELLS,125.63305536351874,40.375417839582724,0.3173324412101306,0.5173324412101306,0.9159597309098784,76673514455.50468,204.582978376987,candidate,BELLS-simulated
BELLS-180,BELLS,206.1645045695265,52.97682599431957,0.5702565029445564,0.8146038242743646,1.0403052417888654,79673685944.3759,195.68703973466825,candidate,BELLS-simulated
BELLS-181,BELLS,125.77156133928395,58.89616450287038,0.6433211460550959,1.3892185448059795,1.1174833852355646,140065014476.7742,250.3394536284635,candidate,BELLS-simulated
BELLS-182,BELLS,111.7892153673993,44.016317618614345,0.7511232422902187,1.1071457015030841,1.8363780234825002,220895387285.1203,245.24337394093635,candidate,BELLS-simulated
BELLS-183,BELLS,240.03912578681204,20.52440740528809,0.3522016136173199,1.209478617368523,1.7732370907703052,257458982249.793,269.43600024748173,candidate,BELLS-simulated
BELLS-184,BELLS,208.7613865766353,40.979624774134166,0.43645205137178655,0.7102466371689817,1.0139231777477402,149607377827.1336,271.6182721915671,candidate,BELLS-simulated
BELLS-185,BELLS,173.8792423037977,23.197732058963044,0.392568031077729,0.9992135671132114,1.1659705794451016,176083567165.6,274.78980757445566,candidate,BELLS-simulated
BELLS-186,BELLS,198.08159771457005,57.47117566540965,0.5626744891384984,1.589154054272751,1.0442070731881514,105759040848.80464,225.03519108532242,candidate,BELLS-simulated
BELLS-187,BELLS,208.9021531472356,5.943337853818241,0.31535045103263604,0.6621379554789755,1.2907885988852579,191263219988.69894,272.1906315636931,candidate,BELLS-simulated
BELLS-188,BELLS,117.57302501144092,16.16958927974872,0.3038087690206469,0.6825909196165196,0.636100367620929,75365882657.92345,243.393835078865,candidate,BELLS-simulated
BELLS-189,BELLS,178.58200373520646,12.495928760072452,0.7804476360727071,1.6573274987440065,2.1325729918116734,328797783898.0715,277.64988035464825,candidate,BELLS-simulated
BELLS-190,BELLS,147.43230822135345,20.5640561920426,0.3886786432354963,0.9765294223466728,0.923599085936464,162205547440.49637,296.330331231121,candidate,BELLS-simulated
BELLS-191,BELLS,187.70393128725732,16.564172208722177,0.6768662595376549,0.8768662595376548,1.2175390292139214,150171084109.59668,248.33430327195276,candidate,BELLS-simulated
BELLS-192,BELLS,244.81857147672198,32.805326803811276,0.787906728518409,1.0728291320131789,1.118700357552936,78427304774.54944,187.22410315453564,candidate,BELLS-simulated
BELLS-193,BELLS,197.544446213602,45.72842127354237,0.7810033278886538,1.0621493916335731,0.6395903848141529,87041179159.3275,260.85335208581176,candidate,BELLS-simulated
BELLS-194,BELLS,103.35870539805231,7.46234062707527,0.6026778036341167,1.1990156830630996,1.2766234687791915,205818538781.71957,283.919901358514,candidate,BELLS-simulated
BELLS-195,BELLS,236.73380215106445,46.98557074565345,0.5764143232346275,1.3886912086677485,0.9684605502085288,166808535582.06265,293.4628761972209,candidate,BELLS-simulated
BELLS-196,BELLS,216.53494838193745,33.09465014150733,0.7900193649160699,1.3469998757498716,1.1123090224565644,220618668458.0014,314.9150393788484,candidate,BELLS-simulated
BELLS-197,BELLS,178.94892054034725,46.198358757099165,0.6544335523844272,1.5122665733919525,1.629873960971145,340337150754.7469,323.1191299662228,candidate,BELLS-simulated
BELLS-198,BELLS,219.6666944207377,22.562082575672658,0.4965330218763773,1.2092857238646664,1.1867696115694046,140130752991.65524,242.97887749611806,candidate,BELLS-simulated
BELLS-199,BELLS,100.21974896037854,53.94762606039671,0.23546287311622321,0.4414782699110203,0.9643989875434954,157883633270.23355,286.1048271493051,candidate,BELLS-simulated
BELLS-200,BELLS,223.2254715852939,47.54861086262235,0.3592942223400204,0.8275615481375447,1.2173409555695363,78883693920.90596,180.0,candidate,BELLS-simulated
BELLS-201,BELLS,183.55388688147235,17.92731232018143,0.5515296523010675,0.7515296523010675,1.1470712134865908,211434907713.6764,303.5834953246251,candidate,BELLS-simulated
BELLS-202,BELLS,224.38475391246251,52.48510698922349,0.7230521649039995,1.7421191140862957,1.592269247084138,199674363054.84302,250.40206288936795,candidate,BELLS-simulated
BELLS-203,BELLS,134.94268924354475,21.33390361302498,0.5481176583075783,0.9286713511555353,1.0879928535625314,120988767972.97069,235.8003839815928,candidate,BELLS-simulated
BELLS-204,BELLS,122.75070595888589,40.67579437896592,0.3011895622237578,0.5458271914555654,1.6839304272580524,266633325268.46115,281.3715250291083,candidate,BELLS-simulated
BELLS-205,BELLS,209.4946872130681,58.119442667326574,0.3905544404532803,0.7911388578082734,1.1466935234988704,104505765139.3957,213.46734422114076,candidate,BELLS-simulated
BELLS-206,BELLS,235.55863386270693,11.736946290001264,0.28577389033280143,1.1484535904129192,1.4213683813322664,223555284750.30585,280.4297904654144,candidate,BELLS-simulated
BELLS-207,BELLS,156.73838673289742,2.516824383852432,0.552757304915653,1.2325690719035838,1.7459635482840576,231996656682.806,257.7557006440779,candidate,BELLS-simulated
BELLS-208,BELLS,137.1558831986137,54.19611566966904,0.4481736183451679,0.7155496137516734,0.8984944342140975,105895633040.98857,242.75396493074902,candidate,BELLS-simulated
BELLS-209,BELLS,130.63954031543108,51.31819929282379,0.3903223040375442,0.8415943083256352,1.0828079328560978,155508732865.722,267.9703102431549,candidate,BELLS-simulated
BELLS-210,BELLS,235.36474739134283,18.694576035480083,0.6320769221430453,1.0627288940249902,1.4639536560048956,95882236781.98065,180.96326207321405,candidate,BELLS-simulated
BELLS-211,BELLS,181.99555281923523,21.35560257724935,0.2786979147087141,1.0240849774191756,1.6229827820176939,138433117975.29907,206.51330937134725,candidate,BELLS-simulated
BELLS-212,BELLS,212.57353652065507,10.422846192457362,0.6362627965659451,1.1543051584296795,0.999949030402597,104631104471.925,228.73176184018558,candidate,BELLS-simulated
BELLS-213,BELLS,241.86539435180455,17.100193925249393,0.3863892913414979,1.4230682986520715,0.8959607514981838,58058256697.08231,180.0,candidate,BELLS-simulated
BELLS-214,BELLS,244.2368891738783,25.968352473029263,0.6927587267503095,1.4732477880801995,1.2357085419997909,229638824589.61206,304.8243352596042,candidate,BELLS-simulated
BELLS-215,BELLS,156.25721184328683,24.06697233928754,0.2944252997250673,0.8977891393127366,0.8948464444317658,118464073666.8212,257.2788436751543,candidate,BELLS-simulated
BELLS-216,BELLS,245.96528239466292,42.86451575122738,0.3468091848762622,1.2558104778208596,1.1883481549529888,155414846173.10712,255.71688502759835,candidate,BELLS-simulated
BELLS-217,BELLS,127.14596730488017,46.050290324860455,0.3853185567617974,0.8509011420140764,1.295209200985858,87254729740.79732,183.53104209464703,candidate,BELLS-simulated
BELLS-218,BELLS,219.12699473179467,37.063699964819754,0.4588603728543469,1.7405883085164953,0.8222771531412628,142345609622.86685,294.2035634734178,candidate,BELLS-simulated
BELLS-219,BELLS,171.58127379298878,54.276209012641374,0.46483776758287026,1.3066577896326113,1.2392599493135619,283925255837.3409,338.4587981190057,candidate,BELLS-simulated
BELLS-220,BELLS,225.23809648769048,13.29198033214878,0.3152712713542647,0.9257741646648504,1.5596887994783586,199839279225.2884,253.10833840100025,candidate,BELLS-simulated
BELLS-221,BELLS,146.61803568604876,48.31393661099052,0.5316019491617989,1.0601696298369916,1.6157878977179772,317915311457.7651,313.652352447387,candidate,BELLS-simulated
BELLS-222,BELLS,203.13351116032044,2.2989939624798494,0.6279295648773933,1.032376547309567,1.0569102447617909,195919080342.32214,304.4418239063969,candidate,BELLS-simulated
BELLS-223,BELLS,236.05121818909313,32.72777405751732,0.4553718567249949,1.0726052488200066,1.1712289729557266,151811250396.1207,254.57519042810543,candidate,BELLS-simulated
BELLS-224,BELLS,210.6588901952269,1.524045539679273,0.43184840553635506,0.8269644141967387,1.1945040789094932,126689364947.21124,230.28267370875733,candidate,BELLS-simulated
BELLS-225,BELLS,140.76687627068299,28.400343237172613,0.5539699134423514,1.0134693630272342,1.4217888846838433,114452963093.84096,200.62311311734655,candidate,BELLS-simulated
BELLS-226,BELLS,232.63108853424626,16.63932606156682,0.6224935744643535,1.610647909983444,1.244606165678162,80650479535.9449,180.0,candidate,BELLS-simulated
BELLS-227,BELLS,209.7548784932082,17.227833495205015,0.4326499900225682,0.8429860597409715,0.8255525856676287,53495807551.26234,180.0,candidate,BELLS-simulated
BELLS-228,BELLS,215.15781472320302,43.57059753433515,0.6121019412917037,0.8121019412917037,1.7066551184648686,177986225927.2173,228.3522606979751,candidate,BELLS-simulated
BELLS-229,BELLS,159.92628899307496,50.13577438808545,0.5602380352457592,1.1870680414420167,1.617421642622744,227608835753.42468,265.2576610127615,candidate,BELLS-simulated
BELLS-230,BELLS,194.49101183845644,47.16517375100699,0.6144024505738044,1.270358625573068,1.3123996117136334,212475566333.72702,284.51584208941165,candidate,BELLS-simulated
BELLS-231,BELLS,143.45883348917306,59.23768289977566,0.5648019889331204,1.3333713809882601,1.0462660172306195,73715780979.6448,187.6913153388145,candidate,BELLS-simulated
BELLS-232,BELLS,127.59576411157505,31.20615855775488,0.3266518746043112,0.8186654912671398,0.8524753625065963,55346009661.9717,180.17197588319482,candidate,BELLS-simulated
BELLS-233,BELLS,147.96109097897292,15.476798254695026,0.40369700675988424,0.7437197216404512,1.151869033912523,155273559208.24472,259.61644854674626,candidate,BELLS-simulated
BELLS-234,BELLS,202.66766565255256,8.50707062387036,0.3457963193128445,0.5457963193128446,1.8693505260672576,186227029100.73108,223.18293646520297,candidate,BELLS-simulated
BELLS-235,BELLS,190.36942134569938,8.461804517085685,0.523568138634964,1.2445339995848381,0.9269577185992486,74044940188.84964,199.84934672035908,candidate,BELLS-simulated
BELLS-236,BELLS,113.91179910680908,37.198644382796566,0.7348568800025935,0.9348568800025936,1.6482945001122475,272484142257.81372,287.5002414658279,candidate,BELLS-simulated
BELLS-237,BELLS,125.74125246212141,6.702736926145114,0.48132366175872004,0.77533544893689,0.9794951098619872,202361193950.57758,321.4011916645377,candidate,BELLS-simulated
BELLS-238,BELLS,180.66873917730447,2.8402073285494955,0.519712959957839,1.1104633964435897,1.6389397499809484,281285490287.044,292.9389854087572,candidate,BELLS-simulated
BELLS-239,BELLS,201.54482269380281,33.12820727076132,0.5515017975727762,1.3380005735513312,1.0881608259589632,125511850600.94405,240.14902354329843,candidate,BELLS-simulated
BELLS-240,BELLS,182.22323949492682,18.893411201569684,0.3327128429759569,0.8799952038748442,0.9855891301749053,154247560226.06,279.7346092202373,candidate,BELLS-simulated
BELLS-241,BELLS,193.7194001938215,42.29055416837026,0.42828443758519436,1.2342698997605486,0.8452028687634059,92856275067.367,234.3743873912217,candidate,BELLS-simulated
BELLS-242,BELLS,181.37966325578523,51.801427776416524,0.3170444605731326,0.5170444605731326,1.285149123908749,210713699152.63327,286.3219384202474,candidate,BELLS-simulated
BELLS-243,BELLS,219.46949634346734,22.29296333132585,0.2946394690285071,0.5352676809738044,1.1541486057695616,279648486524.4177,348.0650148734521,candidate,BELLS-simulated
BELLS-244,BELLS,225.6875509282675,54.008350116589455,0.31045658864512427,0.7418143084760696,1.4639130199594157,269422224925.7413,303.35005261748245,candidate,BELLS-simulated
BELLS-245,BELLS,211.81206004359638,4.558906943815373,0.5124709922989056,0.7124709922989056,1.275300370223814,220770594434.41336,294.2045417309636,candidate,BELLS-simulated
BELLS-246,BELLS,155.2392844525377,4.177352293516026,0.4076179778864977,1.0000616488822454,1.2619967467399587,235546763164.7864,305.48821073651226,candidate,BELLS-simulated
BELLS-247,BELLS,122.44042887112862,47.21176342442793,0.39535781832120664,0.6665864386841382,1.1358381997893952,163573800933.90326,268.33890276795523,candidate,BELLS-simulated
BELLS-248,BELLS,235.83677514589303,3.2191985243896726,0.58660090947142,0.9134228995365125,0.9802939914712127,107063037924.17267,233.68272749821864,candidate,BELLS-simulated
BELLS-249,BELLS,149.83724036988224,16.827599633547802,0.6843584098260433,1.7098987335855267,1.520042688138058,262013172199.26245,293.57473155833486,candidate,BELLS-simulated
BELLS-250,BELLS,204.13058335939775,52.97804733889057,0.39270307808589133,0.5927030780858913,1.2595627423637445,151082677782.82822,244.8964197840116,candidate,BELLS-simulated
BELLS-251,BELLS,180.2172587630329,18.007495685569907,0.44281428117363864,1.4704571467675005,1.1055850306716326,115557591335.81143,228.60628581901153,candidate,BELLS-simulated
BELLS-252,BELLS,177.31254433240832,51.086847005878894,0.5519717182839652,0.8010498069994029,1.5050767105072194,221876455180.21564,271.4946611546602,candidate,BELLS-simulated
BELLS-253,BELLS,221.10992939487545,47.10408343921986,0.508814080421282,0.7152313237758574,1.2038894838246315,153476029730.79932,252.47127292774084,candidate,BELLS-simulated
BELLS-254,BELLS,206.39008070817013,57.077027777118545,0.38442037146817876,0.8277557901463715,1.102814542209576,202573626960.5108,303.05762260867596,candidate,BELLS-simulated
BELLS-255,BELLS,114.46947312172766,10.132925193103999,0.549205190586961,1.2090661895143708,1.1991059132935276,180654340831.9274,274.46086676959396,candidate,BELLS-simulated
BELLS-256,BELLS,225.44025974377564,32.90748852221361,0.5861504706493541,0.8995809091675595,0.84740842288798,106288959299.04765,250.42788828500923,candidate,BELLS-simulated
BELLS-257,BELLS,167.07614302516413,49.08150653020658,0.692638317778175,1.7263059455342924,1.2218774071505991,185969956422.27362,275.86244398512093,candidate,BELLS-simulated
BELLS-258,BELLS,144.14857813489343,56.14138692913254,0.46158666658333647,0.7397237498568299,1.0546191021507478,76152642732.01662,190.01140756365763,candidate,BELLS-simulated
BELLS-259,BELLS,101.4028957592772,17.763414685891302,0.5468530063878324,0.7468530063878325,1.0541979431502886,211692933225.1875,316.8670642655754,candidate,BELLS-simulated
BELLS-260,BELLS,201.3308743244943,23.62571527699635,0.6449854883187928,1.1443634221028076,0.903629036848831,68172921420.15837,194.2208568760392,candidate,BELLS-simulated
BELLS-261,BELLS,113.95799546405956,56.63559828593277,0.528501839715347,0.7655724309143621,1.5830779646723194,328795259260.4657,322.25274375350256,candidate,BELLS-simulated
BELLS-262,BELLS,159.45855279485343,2.394140552585313,0.5944641033987299,1.2133994296446553,1.1433450253467565,153725916894.68716,259.28052353632114,candidate,BELLS-simulated
BELLS-263,BELLS,241.5403143568455,54.5480445334107,0.7471422764544287,0.9471422764544286,1.1448426005511234,142223850019.0703,249.22885763085324,candidate,BELLS-simulated
BELLS-264,BELLS,223.34248316426417,10.999711307092968,0.8,1.955327573084029,0.9096328942061939,133144127307.47879,270.5284420168341,candidate,BELLS-simulated
BELLS-265,BELLS,193.88139590298613,56.94343407846754,0.5400139826004461,1.5129330750396566,1.5227124415094,194226969531.9042,252.54037503867661,candidate,BELLS-simulated
BELLS-266,BELLS,137.89993007552064,59.92035326107681,0.3771068256978428,0.6076422254856051,0.991786134861962,108002041268.49644,233.34149058156672,candidate,BELLS-simulated
BELLS-267,BELLS,119.42997684887048,48.662576509650755,0.5514289565829704,0.7514289565829704,1.1839067279791942,111852430231.96292,217.34465787843385,candidate,BELLS-simulated
BELLS-268,BELLS,243.65879146676565,21.72147161146446,0.44063740789169237,0.7264947086421077,1.4622484366074016,161981639392.38852,235.3462671764195,candidate,BELLS-simulated
BELLS-269,BELLS,185.11060630098984,32.09141217987676,0.689623018755598,2.0,0.8896626572795697,107928017352.77892,246.2858273156358,candidate,BELLS-simulated
BELLS-270,BELLS,186.98511863912455,42.33036325159745,0.3999578676192076,1.7716405565646394,1.036333699970571,175981841870.82855,291.3862947947283,candidate,BELLS-simulated
BELLS-271,BELLS,233.4165959256252,34.77398975723335,0.6229748525098044,0.8507176508897984,1.0599595790444425,80176131855.89305,194.47460585919697,candidate,BELLS-simulated
BELLS-272,BELLS,242.87723585396395,53.828125732374566,0.5774096197616418,1.1026648420880718,1.0633827663883375,139511788736.69168,256.121270111246,candidate,BELLS-simulated
BELLS-273,BELLS,160.89878236140686,11.792775853084585,0.3054230683538415,1.1878641154500342,0.7140284680237304,58876213081.95104,203.04727842760823,candidate,BELLS-simulated
BELLS-274,BELLS,179.6110890192806,39.15424691624781,0.7860085944994607,1.2477506706312989,1.1360589537190613,178542835186.3712,280.32109515041884,candidate,BELLS-simulated
BELLS-275,BELLS,243.14076641386708,17.975382547996265,0.36274182818094225,0.8704602305004542,1.6073297926536014,241090184506.4459,273.85600570108096,candidate,BELLS-simulated
BELLS-276,BELLS,168.8035325577279,31.80492804723469,0.5383426679482298,1.3218904359073775,1.4865183811258473,275275862556.37427,304.2873698789709,candidate,BELLS-simulated
BELLS-277,BELLS,242.23424999339807,0.5886538165816102,0.49220658945831847,1.5106163139866196,1.277000982977961,166450192181.5418,255.28866770562595,candidate,BELLS-simulated
BELLS-278,BELLS,212.64265237795868,43.02104408188597,0.565101961114148,1.207113689858243,0.8149886498310194,84041282726.95468,227.06780311074402,candidate,BELLS-simulated
BELLS-279,BELLS,146.66487802228716,46.26175083483115,0.5083873852855535,0.7083873852855536,0.8438413901943473,162294433038.52695,310.10331003403337,candidate,BELLS-simulated
BELLS-280,BELLS,153.74848931979892,1.2206361968547497,0.3815790991176665,0.5815790991176666,1.1060335141582875,81769599154.71483,192.26347747925706,candidate,BELLS-simulated
BELLS-281,BELLS,167.91127222596012,16.664999196617188,0.528531040379299,2.0,1.4166181568671947,120778053667.04955,206.46793471283112,candidate,BELLS-simulated
BELLS-282,BELLS,142.419592439583,24.167696442872955,0.4883153785210289,1.1766961706292456,0.9931798474646449,112266089946.20009,237.7362190143099,candidate,BELLS-simulated
BELLS-283,BELLS,149.01939656125617,55.059197754892,0.6495865491350286,2.0,1.0161160915197682,160834109885.41006,281.3211717015489,candidate,BELLS-simulated
BELLS-284,BELLS,118.15456184398849,31.329701773126224,0.6023605676154806,1.496237208192675,1.6905120186659508,189287343303.62228,236.61194128094544,candidate,BELLS-simulated
BELLS-285,BELLS,117.64801790007203,25.564938783756503,0.42796861409416975,1.1606820362925425,1.03138696186581,139473062723.10864,260.02754311490196,candidate,BELLS-simulated
BELLS-286,BELLS,243.02443623414123,32.130465320917224,0.2,0.6966121263734917,1.593884834138394,231758229189.43893,269.63366501971774,candidate,BELLS-simulated
BELLS-287,BELLS,121.15144633578186,40.806608467240935,0.5310756806531741,0.8317619699753276,0.9987422226412986,74266819336.30478,192.82161198699725,candidate,BELLS-simulated
BELLS-288,BELLS,202.49948703374366,11.666921803410018,0.4823764883384303,0.8159275578270395,1.4360893295527797,239682663988.74533,288.87674775280976,candidate,BELLS-simulated
BELLS-289,BELLS,115.1745311839595,28.685962361894646,0.34542052754992925,1.2101163330719684,1.1037722157082457,122350252774.27295,235.42235987577897,candidate,BELLS-simulated
BELLS-290,BELLS,113.28664898949327,12.13937148738048,0.604234430283428,1.124012396521608,0.94525087991057,116525863342.7695,248.26907244155535,candidate,BELLS-simulated
BELLS-291,BELLS,157.91054936617928,20.37638485478402,0.47223970371178337,1.3053191249492437,1.11167367048099,108204970944.26569,220.6073352221432,candidate,BELLS-simulated
BELLS-292,BELLS,157.49432662263624,25.208994770914664,0.6726468589117587,0.9801172998639724,1.1193182669111874,182500092306.54968,285.5221141618103,candidate,BELLS-simulated
BELLS-293,BELLS,120.19414791811178,44.55838998875584,0.4664394709566523,1.2569307558131633,1.0989815159868555,149201776106.66122,260.5414373302608,candidate,BELLS-simulated
BELLS-294,BELLS,185.39297171442013,22.36880707066679,0.36096129314294734,0.5842917746994055,1.1712048504304955,95759315742.25789,202.1897280246543,candidate,BELLS-simulated
BELLS-295,BELLS,172.48710148303803,55.543136410029796,0.48099111366697517,1.1065419947275097,1.1180294039375296,103552202511.55782,215.19791521964086,candidate,BELLS-simulated
BELLS-296,BELLS,222.11955466912107,0.6250318043699887,0.3157458239800758,1.1552145053341598,0.9394943648379868,150060590262.81088,282.59940141616966,candidate,BELLS-simulated
BELLS-297,BELLS,237.6000880219359,56.87917314997173,0.4942736161747243,1.178856800385541,1.1313079907151815,157405453754.87265,263.75728434945256,candidate,BELLS-simulated
BELLS-298,BELLS,103.95022289604869,42.50268934625191,0.38822442161278004,1.2931526340247566,1.4236535567008584,119524743803.20218,204.88575015416976,candidate,BELLS-simulated
BELLS-299,BELLS,241.99751250837636,40.50064156085007,0.6175621241973558,1.0109831127093747,2.0204886239516457,332126979169.4736,286.68757764541385,candidate,BELLS-simulated
BELLS-300,BELLS,126.54402520456586,32.622615801661986,0.3590222881338233,0.9074124551847988,1.337000105466636,181709753432.15323,260.68041333720697,candidate,BELLS-simulated
