Date,Open,High,Low,Close,Volume,Dividends,Stock Splits,returns,volatility,symbol,klein_deformation,klein_state,klein_twist_factor,klein_phase,klein_frequency_alignment
2015-07-29 00:00:00-04:00,1096.4000244140625,1096.9000244140625,1092.699951171875,1092.699951171875,159142,0.0,0.0,,,GC=F,,market_normal,0.996,0.0,1.0
2015-07-30 00:00:00-04:00,1096.0999755859375,1097.5,1081.0,1088.4000244140625,49298,0.0,0.0,-0.003942902550703331,,GC=F,0.10315170641126012,market_elevated,1.0,0.09774417225296211,0.9952268404113358
2015-07-31 00:00:00-04:00,1087.699951171875,1102.800048828125,1079.0999755859375,1094.9000244140625,5700,0.0,0.0,0.0059543068371229295,,GC=F,0.15577278485766874,market_elevated,1.0,0.19548834450592423,0.9809529277502608
2015-08-03 00:00:00-04:00,1095.5,1097.0999755859375,1085.0,1089.4000244140625,2418,0.0,0.0,-0.005035948817230393,,GC=F,0.13174728698390484,market_elevated,1.0,0.4887208612648105,0.8829341324146942
2015-08-04 00:00:00-04:00,1085.0999755859375,1093.9000244140625,1080.5,1090.699951171875,1139,0.0,0.0,0.0011925388068687703,,GC=F,0.031198441074385415,market_normal,0.996,0.5864650335177727,0.8329022008651835
2015-08-05 00:00:00-04:00,1086.5,1090.5999755859375,1082.5,1085.699951171875,1207,0.0,0.0,-0.004594751903060489,,GC=F,0.12020497418900966,market_elevated,1.0,0.6842092057707347,0.7749191190627145
2015-08-06 00:00:00-04:00,1084.4000244140625,1092.199951171875,1083.5999755859375,1090.199951171875,269,0.0,0.0,0.004136225578011975,,GC=F,0.10820930037891224,market_elevated,1.0,0.7819533780236969,0.7095384120130585
2015-08-07 00:00:00-04:00,1088.9000244140625,1098.300048828125,1081.699951171875,1094.0999755859375,614,0.0,0.0,0.0035709643265033203,,GC=F,0.09342129537207244,market_normal,0.996,0.879697550276659,0.6373842248137511
2015-08-10 00:00:00-04:00,1093.199951171875,1107.5999755859375,1089.5,1104.199951171875,900,0.0,0.0,0.00918896146112403,,GC=F,0.24039575989347545,market_elevated,1.0,1.1729300670355454,0.387452152412133
2015-08-11 00:00:00-04:00,1103.800048828125,1116.699951171875,1094.0,1107.5999755859375,997,0.0,0.0,0.003074443624916577,,GC=F,0.0804316368708618,market_normal,0.996,1.2706742392885075,0.29563683910835226
2015-08-12 00:00:00-04:00,1106.0,1124.5,1101.5,1123.199951171875,797,0.0,0.0,0.01398622054471554,,GC=F,0.3658985980199496,market_volatile,1.0,1.3684184115414695,0.2009992821778669
2015-08-13 00:00:00-04:00,1124.300048828125,1124.300048828125,1113.0,1115.699951171875,441,0.0,0.0,-0.006699743964643952,,GC=F,0.1752744364296523,market_elevated,1.0,1.4661625837944317,0.10444292194529747
2015-08-14 00:00:00-04:00,1113.9000244140625,1118.800048828125,1112.5,1112.9000244140625,908,0.0,0.0,-0.0025127239178519196,,GC=F,0.06573628349515717,market_normal,0.996,1.5639067560473938,0.006889516244025443
2015-08-17 00:00:00-04:00,1113.800048828125,1122.0,1113.800048828125,1118.5999755859375,399,0.0,0.0,0.0051086386452189395,,GC=F,0.13364895198813428,market_elevated,1.0,1.85713927280628,-0.2824459711623688
2015-08-18 00:00:00-04:00,1118.199951171875,1118.4000244140625,1110.0,1117.0999755859375,475,0.0,0.0,-0.0013418618399914416,,GC=F,0.035104935205304555,market_normal,0.996,1.954883445059242,-0.37471292301652365
2015-08-19 00:00:00-04:00,1117.0,1134.300048828125,1116.800048828125,1128.0999755859375,348,0.0,0.0,0.009798760247176764,,GC=F,0.25634892752568944,market_elevated,1.0,2.0526276173122042,-0.4634027457076933
2015-08-20 00:00:00-04:00,1132.800048828125,1153.300048828125,1132.800048828125,1153.0,409,0.0,0.0,0.02183246129993839,,GC=F,0.5711669536049588,market_extreme,1.009,2.1503717895651664,-0.5476687778806869
2015-08-21 00:00:00-04:00,1154.0999755859375,1166.5,1150.5,1159.5999755859375,261,0.0,0.0,0.005707855724575729,,GC=F,0.14932528774626724,market_elevated,1.0,2.248115961818128,-0.6267065890965737
2015-08-24 00:00:00-04:00,1164.0,1169.0,1147.5,1153.4000244140625,299,0.0,0.0,-0.0053609736452838765,,GC=F,0.1402503796189898,market_elevated,1.0,2.541348478577015,-0.8251977187240445
2015-08-25 00:00:00-04:00,1151.5,1155.5,1134.0,1138.199951171875,217,0.0,0.0,-0.01326609907875266,,GC=F,0.34705923866926036,market_volatile,1.0,2.6390926508299772,-0.8763812555191112
2015-08-26 00:00:00-04:00,1139.199951171875,1143.0,1119.5999755859375,1124.5999755859375,116,0.0,0.0,-0.012020629120604693,,GC=F,0.31447604651199873,market_volatile,1.0,2.736836823082939,-0.9191985771279645
2015-08-27 00:00:00-04:00,1127.199951171875,1127.4000244140625,1118.4000244140625,1122.4000244140625,564,0.0,0.0,-0.0019581236090830427,0.1338279284124826,GC=F,0.05122718328533416,market_normal,0.996,2.834580995335901,-0.9532409357322082
2015-08-28 00:00:00-04:00,1125.300048828125,1139.0,1123.5999755859375,1133.0999755859375,279,0.0,0.0,0.009487946300354527,0.13530647532136197,GC=F,0.24821761091848255,market_elevated,1.0,2.9323251675888633,-0.978183352111057
2015-08-31 00:00:00-04:00,1131.0999755859375,1134.0,1124.800048828125,1131.5999755859375,194,0.0,0.0,-0.0013246789876694932,0.1349185175178471,GC=F,0.03465540836175995,market_normal,0.996,3.2255576843477503,-0.9964770073300273
2015-09-01 00:00:00-04:00,1133.5,1144.699951171875,1133.5,1138.699951171875,375,0.0,0.0,0.006254679083375538,0.13361587824767435,GC=F,0.16363093234194093,market_elevated,1.0,3.323301856600712,-0.9835362579633666
2015-09-02 00:00:00-04:00,1137.300048828125,1140.4000244140625,1130.800048828125,1132.5,201,0.0,0.0,-0.005459639578781788,0.13615293203695344,GC=F,0.14283161495871535,market_elevated,1.0,3.421046028853674,-0.9612063575557123
2015-09-03 00:00:00-04:00,1130.300048828125,1132.9000244140625,1120.300048828125,1123.699951171875,122,0.0,0.0,-0.007800809896323428,0.1384806003795332,GC=F,0.20407982237655636,market_elevated,1.0,3.518790201106636,-0.9297004744635539
2015-09-04 00:00:00-04:00,1123.4000244140625,1125.199951171875,1116.199951171875,1120.5999755859375,51,0.0,0.0,-0.0027625341162804407,0.1389737744681022,GC=F,0.07227165887293335,market_normal,0.996,3.6165343733595976,-0.8893193739028528
2015-09-08 00:00:00-04:00,1119.800048828125,1124.300048828125,1116.4000244140625,1120.4000244140625,138,0.0,0.0,-0.00017844816814424258,0.13881191764115677,GC=F,0.004668447371786713,market_normal,0.996,4.007511062371447,-0.6479408456553103
2015-09-09 00:00:00-04:00,1123.5,1123.5,1102.0999755859375,1102.199951171875,150,0.0,0.0,-0.016377648027910367,0.1480576840136483,GC=F,0.42846160141102474,market_volatile,1.0,4.1052552346244084,-0.5705157905411419
2015-09-10 00:00:00-04:00,1107.300048828125,1113.5,1105.5,1109.5,56,0.0,0.0,0.0066013252241179255,0.1495033973643421,GC=F,0.17269966799508985,market_elevated,1.0,4.202999406877371,-0.4876444095947611
2015-09-11 00:00:00-04:00,1110.800048828125,1111.699951171875,1098.199951171875,1103.5,81,0.0,0.0,-0.005422516675857549,0.1416718429917713,GC=F,0.14186042920549616,market_elevated,1.0,4.300743579130333,-0.4001178194693496
2015-09-14 00:00:00-04:00,1107.800048828125,1108.5999755859375,1104.0999755859375,1107.699951171875,19,0.0,0.0,0.0037988027454549534,0.14086859541063132,GC=F,0.09938185904279068,market_normal,0.996,4.59397609588922,-0.11813635519779958
2015-09-15 00:00:00-04:00,1104.5,1104.5,1102.800048828125,1102.800048828125,8,0.0,0.0,-0.004433305016104712,0.14139749672698165,GC=F,0.11598130351236474,market_elevated,1.0,4.6917202681421815,-0.020667240676559926
2015-09-16 00:00:00-04:00,1109.800048828125,1119.9000244140625,1109.800048828125,1119.199951171875,31,0.0,0.0,0.014761656297426292,0.14986571939448484,GC=F,0.38618505452650104,market_volatile,1.0,4.789464440395144,0.07699916992069372
2015-09-17 00:00:00-04:00,1118.5999755859375,1130.5,1117.0999755859375,1117.300048828125,14,0.0,0.0,-0.0016989964683834105,0.14991187635595335,GC=F,0.04444806399518843,market_normal,0.996,4.887208612648106,0.17393052186549418
2015-09-18 00:00:00-04:00,1128.300048828125,1141.199951171875,1127.800048828125,1138.0999755859375,59,0.0,0.0,0.0184450795810628,0.1596992282972496,GC=F,0.4825484295417668,market_volatile,1.0,4.984952784901067,0.2692014775338865
2015-09-21 00:00:00-04:00,1137.5999755859375,1138.5,1130.800048828125,1133.0999755859375,17,0.0,0.0,-0.004402965995982146,0.14002537478965654,GC=F,0.11518759338226525,market_elevated,1.0,5.2781853016599545,0.5360882100505074
2015-09-22 00:00:00-04:00,1132.5999755859375,1135.0,1122.5,1125.0,43,0.0,0.0,-0.007174182201744282,0.13955791052191582,GC=F,0.18768638755304978,market_elevated,1.0,5.375929473912916,0.6159099657782364
2015-09-23 00:00:00-04:00,1128.5999755859375,1132.199951171875,1128.300048828125,1131.5999755859375,33,0.0,0.0,0.005849503214074751,0.14098764995762997,GC=F,0.15303097919128886,market_elevated,1.0,5.473673646165878,0.689852048388149
2015-09-24 00:00:00-04:00,1133.0,1155.9000244140625,1133.0,1153.800048828125,37,0.0,0.0,0.019428346289593987,0.15007775778660978,GC=F,0.5082720272056965,market_extreme,1.009,5.5714178184188405,0.757208583159015
2015-09-25 00:00:00-04:00,1149.800048828125,1149.800048828125,1143.4000244140625,1146.0,56,0.0,0.0,-0.006783266867504336,0.14553500387898932,GC=F,0.17745950944215516,market_elevated,1.0,5.669161990671802,0.8173365631112318
2015-09-28 00:00:00-04:00,1133.199951171875,1133.199951171875,1132.0,1132.0,4346,0.0,0.0,-0.012291638511556624,0.15233340716375052,GC=F,0.3215660216687983,market_volatile,1.0,5.962394507430688,0.9489863621422926
2015-09-29 00:00:00-04:00,1132.199951171875,1134.4000244140625,1124.300048828125,1127.0999755859375,2417,0.0,0.0,-0.004338039176050699,0.14944872852116584,GC=F,0.1134890192527599,market_elevated,1.0,6.060138679683651,0.975228056882195
2015-09-30 00:00:00-04:00,1124.300048828125,1126.0,1112.0999755859375,1115.5,865,0.0,0.0,-0.010345205714490345,0.15347642401577655,GC=F,0.2706446859648727,market_elevated,1.0,6.157882851936613,0.9921599133204141
2015-10-01 00:00:00-04:00,1115.199951171875,1119.0,1113.300048828125,1114.199951171875,1181,0.0,0.0,-0.0011661201093563032,0.1513888194629713,GC=F,0.030507291928665903,market_normal,0.996,6.255627024189575,0.9996202945511259
2015-10-02 00:00:00-04:00,1112.199951171875,1141.199951171875,1105.800048828125,1137.0999755859375,323,0.0,0.0,0.020344525396983844,0.16742798124747008,GC=F,0.5322405217576989,market_extreme,1.009,0.07018588926295166,0.9975379813939175
2015-10-05 00:00:00-04:00,1137.0999755859375,1141.699951171875,1132.5,1138.0999755859375,226,0.0,0.0,0.0008790436760322062,0.16488692138827013,GC=F,0.022996981037884008,market_normal,0.996,0.3634184060218377,0.9346871414571639
2015-10-06 00:00:00-04:00,1136.300048828125,1150.0,1136.300048828125,1146.800048828125,145,0.0,0.0,0.007615313750683251,0.1661296367978333,GC=F,0.19922699030438587,market_elevated,1.0,0.46116257827479856,0.8955357676705507
2015-10-07 00:00:00-04:00,1147.5999755859375,1152.9000244140625,1143.0,1149.0,104,0.0,0.0,0.001916501261825459,0.16608492075279474,GC=F,0.05013828593389038,market_normal,0.996,0.5589067505277621,0.8478353236110393
2015-10-08 00:00:00-04:00,1142.699951171875,1146.699951171875,1138.699951171875,1144.699951171875,138,0.0,0.0,-0.003749447580152806,0.15460924207254753,GC=F,0.09809066062851128,market_normal,0.996,0.6566509227807247,0.7920411729425236
2015-10-09 00:00:00-04:00,1151.5999755859375,1157.199951171875,1151.5999755859375,1156.300048828125,22,0.0,0.0,0.010082743094216015,0.1564306420779287,GC=F,0.26377830598151797,market_elevated,1.0,0.7543950950336855,0.7286859444355142
2015-10-12 00:00:00-04:00,1155.9000244140625,1166.800048828125,1155.9000244140625,1164.9000244140625,40,0.0,0.0,0.007409973000988005,0.15510277462861038,GC=F,0.19385499633434627,market_elevated,1.0,1.0476276117925716,0.49962751037217235
2015-10-13 00:00:00-04:00,1163.5,1166.199951171875,1154.9000244140625,1165.800048828125,132,0.0,0.0,0.0007723211314338696,0.155157068473805,GC=F,0.020204973767527674,market_normal,0.996,1.1453717840455342,0.412707519462634
2015-10-14 00:00:00-04:00,1172.4000244140625,1189.0,1167.300048828125,1180.0999755859375,143,0.0,0.0,0.012191571448331816,0.15656679616386496,GC=F,0.3189481308651411,market_volatile,1.0,1.2431159562984968,0.3218476908454218
2015-10-15 00:00:00-04:00,1184.199951171875,1188.300048828125,1177.800048828125,1187.9000244140625,143,0.0,0.0,0.006587902904208858,0.1514555824210772,GC=F,0.17234852180651078,market_elevated,1.0,1.3408601285514585,0.22791540144491393
2015-10-16 00:00:00-04:00,1182.5,1184.0999755859375,1176.199951171875,1183.5999755859375,243,0.0,0.0,-0.0036264419486807366,0.1523275595044721,GC=F,0.09487266560546025,market_normal,0.996,1.4386043008044211,0.13180735887678308
2015-10-19 00:00:00-04:00,1176.5,1177.800048828125,1169.300048828125,1173.300048828125,62,0.0,0.0,-0.008740287853461832,0.1460019156685324,GC=F,0.22865784660322777,market_elevated,1.0,1.7318368175633072,-0.16034532106296306
2015-10-20 00:00:00-04:00,1168.699951171875,1179.0999755859375,1168.699951171875,1178.0,19,0.0,0.0,0.003997752165893153,0.14465220387742592,GC=F,0.10458664712563863,market_elevated,1.0,1.829580989816268,-0.25590587284546457
2015-10-21 00:00:00-04:00,1175.9000244140625,1176.4000244140625,1164.9000244140625,1167.5999755859375,41,0.0,0.0,-0.008867746141184144,0.14609528542294906,GC=F,0.23199232918445936,market_elevated,1.0,1.9273251620692307,-0.34902346548643215
2015-10-22 00:00:00-04:00,1166.199951171875,1168.5999755859375,1163.5,1166.5999755859375,48,0.0,0.0,-0.0008568246783460413,0.1455818494026775,GC=F,0.022415701765418367,market_normal,0.996,2.0250693343221933,-0.438809168725489
2015-10-23 00:00:00-04:00,1166.199951171875,1178.699951171875,1163.300048828125,1163.300048828125,38,0.0,0.0,-0.002832678595479044,0.13059691105979557,GC=F,0.07410673408253356,market_normal,0.996,2.122813506575156,-0.524405859581954
2015-10-26 00:00:00-04:00,1165.0999755859375,1170.0,1163.800048828125,1167.0,176,0.0,0.0,0.0031755174900332073,0.1282394246822184,GC=F,0.0830758669846652,market_normal,0.996,2.416046023334042,-0.7481368202600505
2015-10-27 00:00:00-04:00,1164.5,1166.800048828125,1162.0,1166.800048828125,302,0.0,0.0,-0.00017135244509453186,0.11912098542928859,GC=F,0.0044828135826207064,market_normal,0.996,2.513790195587003,-0.8093202265593997
2015-10-28 00:00:00-04:00,1175.0999755859375,1182.699951171875,1175.0999755859375,1177.0999755859375,217,0.0,0.0,0.008788764836116568,0.11977312374877792,GC=F,0.22992607056215192,market_elevated,1.0,2.6115343678399654,-0.8627776036593462
2015-10-29 00:00:00-04:00,1158.0,1162.0,1144.9000244140625,1147.199951171875,329,0.0,0.0,-0.02572961739509339,0.14831653284852028,GC=F,0.65,market_extreme,1.009,2.7092785400929262,-0.907998630375709
2015-10-30 00:00:00-04:00,1147.5,1147.5999755859375,1139.199951171875,1141.5,249,0.0,0.0,-0.004980961312634337,0.1497090864198227,GC=F,0.1303087388946632,market_elevated,1.0,2.807022712345889,-0.9445516123539291
2015-11-02 00:00:00-05:00,1137.9000244140625,1138.699951171875,1132.5999755859375,1135.800048828125,180,0.0,0.0,-0.0050058955364459265,0.1336570510273366,GC=F,0.1309610521844621,market_elevated,1.0,3.1002552291047767,-0.9991457303256343
2015-11-03 00:00:00-05:00,1133.300048828125,1134.699951171875,1114.199951171875,1114.199951171875,185,0.0,0.0,-0.01920067667017338,0.14909789922911262,GC=F,0.5023158795608483,market_extreme,1.009,3.1979994013577375,-0.9984095611646284
2015-11-04 00:00:00-05:00,1119.0,1121.9000244140625,1106.5,1106.5,141,0.0,0.0,-0.006934734272126623,0.14699600480750408,GC=F,0.18142210325510308,market_elevated,1.0,3.295743573610702,-0.9881422556630483
2015-11-05 00:00:00-05:00,1107.9000244140625,1110.699951171875,1104.4000244140625,1104.4000244140625,84,0.0,0.0,-0.001899657328927695,0.1464051102837211,GC=F,0.04969762568455929,market_normal,0.996,3.3934877458636645,-0.9684418287963033
2015-11-06 00:00:00-05:00,1105.199951171875,1109.5,1084.800048828125,1087.5999755859375,78,0.0,0.0,-0.015328811851509786,0.15358195156645685,GC=F,0.4010226170713579,market_volatile,1.0,3.4912319181166254,-0.9394963471271937
2015-11-09 00:00:00-05:00,1088.5999755859375,1088.5999755859375,1087.9000244140625,1087.9000244140625,5,0.0,0.0,0.0002758435578281864,0.1471310951061205,GC=F,0.007216443553101505,market_normal,0.996,3.7844644348755114,-0.8003774380583755
2015-11-10 00:00:00-05:00,1090.0999755859375,1091.300048828125,1085.0,1088.199951171875,18,0.0,0.0,0.0002756553127857822,0.1428429680892774,GC=F,0.007211518806142191,market_normal,0.996,3.882208607128474,-0.7380530886435694
2015-11-11 00:00:00-05:00,1091.4000244140625,1091.4000244140625,1084.199951171875,1084.699951171875,15,0.0,0.0,-0.0032215041504368553,0.14209632782985307,GC=F,0.08427894071823877,market_normal,0.996,3.979952779381435,-0.6686830488747602
2015-11-12 00:00:00-05:00,1086.0,1086.5999755859375,1080.800048828125,1080.800048828125,4,0.0,0.0,-0.003601853207094119,0.1302530276141233,GC=F,0.09422939060169108,market_normal,0.996,4.0776969516343975,-0.5929295472929218
2015-11-13 00:00:00-05:00,1083.0999755859375,1085.9000244140625,1080.800048828125,1080.800048828125,23,0.0,0.0,0.0,0.1252920268312018,GC=F,0.0,market_normal,0.996,4.17544112388736,-0.5115157510029564
2015-11-16 00:00:00-05:00,1092.0,1092.4000244140625,1083.699951171875,1083.699951171875,11,0.0,0.0,0.002679514048333107,0.12772619348302355,GC=F,0.07009974070731229,market_normal,0.996,4.468673640646246,-0.24130982811010304
2015-11-17 00:00:00-05:00,1075.5,1075.800048828125,1065.0999755859375,1068.699951171875,6,0.0,0.0,-0.013938156030505203,0.131274664130263,GC=F,0.3646411647978832,market_volatile,1.0,4.566417812899209,-0.14545333738175245
2015-11-18 00:00:00-05:00,1064.0,1071.9000244140625,1064.0,1068.800048828125,5,0.0,0.0,9.365862579947371e-05,0.1287834006778237,GC=F,0.002450237343458072,market_normal,0.996,4.66416198515217,-0.04820830266934978
2015-11-19 00:00:00-05:00,1077.4000244140625,1082.4000244140625,1077.4000244140625,1078.0,10,0.0,0.0,0.008570903001564972,0.13554787279330777,GC=F,0.22422650794124055,market_elevated,1.0,4.761906157405132,0.04949694388733354
2015-11-20 00:00:00-05:00,1082.9000244140625,1082.9000244140625,1076.4000244140625,1076.4000244140625,5,0.0,0.0,-0.0014853099349744917,0.13539320480836242,GC=F,0.03885773294470257,market_normal,0.996,4.859650329658095,0.14672967681936605
2015-11-23 00:00:00-05:00,1070.0,1071.5,1066.800048828125,1066.800048828125,57,0.0,0.0,-0.008958603455463966,0.1364821584972936,GC=F,0.23436928039930388,market_elevated,1.0,5.152882846416981,0.4263862392178633
2015-11-24 00:00:00-05:00,1073.199951171875,1079.4000244140625,1073.199951171875,1074.300048828125,222,0.0,0.0,0.007005773045099333,0.13967092115429974,GC=F,0.18328057440909853,market_elevated,1.0,5.2506270186699435,0.5126239445063707
2015-11-25 00:00:00-05:00,1070.199951171875,1072.0,1068.5,1070.5,148662,0.0,0.0,-0.00354350309386584,0.13901100963901034,GC=F,0.09270287208610829,market_normal,0.996,5.348371190922906,0.5939679780026791
2015-11-27 00:00:00-05:00,1070.699951171875,1074.199951171875,1051.0999755859375,1056.199951171875,52133,0.0,0.0,-0.013448313986904855,0.13429197269424967,GC=F,0.351826229095163,market_volatile,1.0,5.54385953542883,0.7389230148053962
2015-11-30 00:00:00-05:00,1056.5,1068.4000244140625,1052.0999755859375,1065.800048828125,4601,0.0,0.0,0.009048221633438932,0.12050620207998801,GC=F,0.23671381411899645,market_elevated,1.0,5.837092052187716,0.902139525860444
2015-12-01 00:00:00-05:00,1064.5999755859375,1074.5999755859375,1063.4000244140625,1063.800048828125,3441,0.0,0.0,-0.00187828746833272,0.12050658770489686,GC=F,0.04913856099609794,market_normal,0.996,5.9348362244406765,0.9399375283564131
2015-12-02 00:00:00-05:00,1068.699951171875,1069.5,1049.5999755859375,1054.199951171875,503,0.0,0.0,-0.009065310104538793,0.12201748834820006,GC=F,0.23716087182109352,market_elevated,1.0,6.032580396693639,0.9687625871999432
2015-12-03 00:00:00-05:00,1054.4000244140625,1064.5999755859375,1046.199951171875,1061.699951171875,1161,0.0,0.0,0.007089211925615804,0.11319750153805744,GC=F,0.18546344928253003,market_elevated,1.0,6.130324568946602,0.9883395291790081
2015-12-04 00:00:00-05:00,1063.0,1088.800048828125,1058.699951171875,1084.5,889,0.0,0.0,0.021247700237913326,0.1380286890249915,GC=F,0.5558688069693067,market_extreme,1.009,6.228068741199564,0.9984814665569596
2015-12-07 00:00:00-05:00,1084.9000244140625,1086.5,1067.4000244140625,1076.4000244140625,656,0.0,0.0,-0.00749688873296108,0.13986037395035802,GC=F,0.19612883038216142,market_elevated,1.0,0.23811595077886416,0.971784094084997
2015-12-08 00:00:00-05:00,1071.0,1078.4000244140625,1069.5999755859375,1076.300048828125,306,0.0,0.0,-9.28838970668577e-05,0.13011768178816635,GC=F,0.0024299693835611374,market_normal,0.996,0.33586012303182855,0.9441271783895032
2015-12-09 00:00:00-05:00,1075.0999755859375,1086.0,1070.5999755859375,1077.5999755859375,386,0.0,0.0,0.001207044803292825,0.13022734148424248,GC=F,0.031577937718062284,market_normal,0.996,0.4336042952847894,0.9074573233051137
2015-12-10 00:00:00-05:00,1073.0,1076.300048828125,1071.699951171875,1073.0999755859375,226,0.0,0.0,-0.00418469025807936,0.1308281149259971,GC=F,0.10947720248537815,market_elevated,1.0,0.5313484675377502,0.8621245909726497
2015-12-11 00:00:00-05:00,1067.800048828125,1079.4000244140625,1064.4000244140625,1076.9000244140625,410,0.0,0.0,0.0035349328234069743,0.13125768548438582,GC=F,0.09247866212634646,market_normal,0.996,0.6290926397907111,0.8085617421241372
2015-12-14 00:00:00-05:00,1074.0,1076.699951171875,1060.0,1064.699951171875,509,0.0,0.0,-0.011393542545885472,0.13637028032621173,GC=F,0.2980706067583986,market_elevated,1.0,0.9223251565495971,0.6039686223545652
2015-12-15 00:00:00-05:00,1064.5999755859375,1066.199951171875,1061.800048828125,1062.9000244140625,220,0.0,0.0,-0.0016919789508065548,0.1363845076633313,GC=F,0.04426447616781629,market_normal,0.996,1.0200693288025615,0.5233068743651074
2015-12-16 00:00:00-05:00,1064.800048828125,1078.699951171875,1064.300048828125,1078.0,81,0.0,0.0,0.014106427960112739,0.14549301260973607,GC=F,0.36904338789544283,market_volatile,1.0,1.1178135010555241,0.4376494719252715
2015-12-17 00:00:00-05:00,1072.5999755859375,1072.5999755859375,1050.5,1050.800048828125,56,0.0,0.0,-0.025555647189986472,0.1636912832047116,GC=F,0.65,market_extreme,1.009,1.215557673308485,0.34781412793864935
2015-12-18 00:00:00-05:00,1053.699951171875,1070.300048828125,1052.699951171875,1066.199951171875,253,0.0,0.0,0.01454905431330043,0.17213208924647605,GC=F,0.3806230967639156,market_volatile,1.0,1.3133018455614494,0.25465843927233733
2015-12-21 00:00:00-05:00,1070.199951171875,1081.9000244140625,1070.199951171875,1081.9000244140625,26,0.0,0.0,0.01461789766718511,0.17717786251618423,GC=F,0.38242413276137194,market_volatile,1.0,1.6065343623203319,-0.03573042853195564
2015-12-22 00:00:00-05:00,1078.5999755859375,1078.5999755859375,1073.800048828125,1074.800048828125,106,0.0,0.0,-0.006584134088142776,0.17865305810304608,GC=F,0.1722499244398837,market_elevated,1.0,1.7042785345732963,-0.1330861742245606
2015-12-23 00:00:00-05:00,1074.5,1074.800048828125,1069.4000244140625,1069.4000244140625,202,0.0,0.0,-0.005036876826985434,0.1767006461160503,GC=F,0.1317715649843291,market_elevated,1.0,1.8020227068262606,-0.22917143681992833
2015-12-24 00:00:00-05:00,1074.300048828125,1077.800048828125,1073.5,1077.199951171875,24,0.0,0.0,0.007267270264383618,0.17683139204776496,GC=F,0.19012169818634275,market_elevated,1.0,1.899766879079218,-0.3230689557330792
2015-12-28 00:00:00-05:00,1077.9000244140625,1098.800048828125,1070.5,1070.5,361,0.0,0.0,-0.006239207578959481,0.17778070662988293,GC=F,0.16322617669283646,market_elevated,1.0,2.2907435680910684,-0.6593450067579991
2015-12-29 00:00:00-05:00,1079.0999755859375,1079.699951171875,1077.5,1077.5,252,0.0,0.0,0.0065177139481654685,0.17211406016582922,GC=F,0.17051228302201202,market_elevated,1.0,2.388487740344031,-0.7295689161441542
2015-12-30 00:00:00-05:00,1068.5999755859375,1070.199951171875,1059.699951171875,1060.0999755859375,71,0.0,0.0,-0.01628032272881288,0.17931322147957615,GC=F,0.425915438895012,market_volatile,1.0,2.4862319125969936,-0.7928281277949396
2015-12-31 00:00:00-05:00,1061.9000244140625,1062.0,1058.5,1060.300048828125,10,0.0,0.0,0.00018871273389700527,0.17922043818695862,GC=F,0.004936982406409667,market_normal,0.996,2.5839760848499527,-0.8485187490850287
2016-01-04 00:00:00-05:00,1063.4000244140625,1082.5,1063.199951171875,1075.0999755859375,143,0.0,0.0,0.01386172479955186,0.18243035698767385,GC=F,0.3626416195911309,market_volatile,1.0,2.974952773861803,-0.986147675058659
2016-01-05 00:00:00-05:00,1075.5999755859375,1081.5,1075.300048828125,1078.4000244140625,82,0.0,0.0,0.0030648260146564294,0.1812485587337007,GC=F,0.08018002707397354,market_normal,0.996,3.072696946114764,-0.9976276293633741
2016-01-06 00:00:00-05:00,1081.5999755859375,1093.699951171875,1081.5999755859375,1091.9000244140625,52,0.0,0.0,0.012440836582072724,0.1709711817418542,GC=F,0.3254692466075576,market_volatile,1.0,3.1704411183677284,-0.999583911898065
2016-01-07 00:00:00-05:00,1091.5999755859375,1109.4000244140625,1091.5999755859375,1107.699951171875,122,0.0,0.0,0.01436642906297819,0.17509522077918566,GC=F,0.3758453712273912,market_volatile,1.0,3.268185290620689,-0.9919978473652543
2016-01-08 00:00:00-05:00,1111.0999755859375,1111.0999755859375,1093.0,1097.800048828125,98,0.0,0.0,-0.008977527848297442,0.17869519884757554,GC=F,0.23486436831701613,market_elevated,1.0,3.365929462873652,-0.974941854758272
2016-01-11 00:00:00-05:00,1105.699951171875,1107.9000244140625,1096.5,1096.5,43,0.0,0.0,-0.0011849327360058722,0.17884252198023293,GC=F,0.030999455890627085,market_normal,0.996,3.659161979632536,-0.8690243684864019
2016-01-12 00:00:00-05:00,1093.800048828125,1098.5,1084.0,1085.5999755859375,87,0.0,0.0,-0.009990481826287485,0.18199591601735438,GC=F,0.26136462542509725,market_elevated,1.0,3.7569061518855023,-0.8165925312536251
2016-01-13 00:00:00-05:00,1081.5,1093.9000244140625,1081.5,1087.5,50,0.0,0.0,0.0017486769311837599,0.18173196216640475,GC=F,0.04574777263552575,market_normal,0.996,3.8546503241384613,-0.7563652410796826
2016-01-14 00:00:00-05:00,1091.5,1091.5,1073.699951171875,1073.9000244140625,59,0.0,0.0,-0.012584579364650109,0.18275528848502737,GC=F,0.3292297537761954,market_volatile,1.0,3.952394496391424,-0.6889174468997543
2016-01-15 00:00:00-05:00,1085.0,1095.800048828125,1081.800048828125,1091.5,44,0.0,0.0,0.01625599239180944,0.19056358953776822,GC=F,0.42527892410744306,market_volatile,1.0,4.0501386686443865,-0.6148930268848908
2016-01-19 00:00:00-05:00,1089.800048828125,1094.4000244140625,1084.9000244140625,1089.9000244140625,17,0.0,0.0,-0.0014669256944553847,0.1848918299678128,GC=F,0.03837677614796849,market_normal,0.996,4.441115357656237,-0.2679587005411282
2016-01-20 00:00:00-05:00,1099.800048828125,1109.800048828125,1099.800048828125,1107.0999755859375,30,0.0,0.0,0.0156579905176128,0.16578034106730716,GC=F,0.4096343797730892,market_volatile,1.0,4.538859529909196,-0.17265986071618555
2016-01-21 00:00:00-05:00,1103.5999755859375,1103.5999755859375,1094.0999755859375,1099.0999755859375,16,0.0,0.0,-0.007252320951077914,0.16296926327228836,GC=F,0.1897306037686314,market_elevated,1.0,4.636603702162159,-0.0757127547517297
2016-01-22 00:00:00-05:00,1098.0,1103.199951171875,1097.199951171875,1097.199951171875,4,0.0,0.0,-0.0017302053011144954,0.15601325773009792,GC=F,0.04526452960901415,market_normal,0.996,4.734347874415121,0.021957129335380982
2016-01-25 00:00:00-05:00,1099.300048828125,1109.300048828125,1099.300048828125,1106.199951171875,8,0.0,0.0,0.008169238859200036,0.15574205140788291,GC=F,0.2137184263550579,market_elevated,1.0,5.027580391174006,0.3099984582363161
2016-01-26 00:00:00-05:00,1115.0999755859375,1121.699951171875,1114.300048828125,1121.699951171875,181,0.0,0.0,0.013914673700546146,0.15970328577939039,GC=F,0.36402683503075345,market_volatile,1.0,5.125324563426972,0.4012998909165835
2016-01-27 00:00:00-05:00,1117.800048828125,1117.800048828125,1115.800048828125,1116.0999755859375,168706,0.0,0.0,-0.005004904333480651,0.1605244761181785,GC=F,0.1309351209635016,market_elevated,1.0,5.223068735679931,0.4887703867523276
2016-01-28 00:00:00-05:00,1125.4000244140625,1125.699951171875,1109.800048828125,1115.5999755859375,52861,0.0,0.0,-0.0004480889181392674,0.15815655269971263,GC=F,0.011722617015172236,market_normal,0.996,5.320812907932893,0.5715749244717109
2016-01-29 00:00:00-05:00,1114.4000244140625,1118.5999755859375,1108.800048828125,1116.4000244140625,6955,0.0,0.0,0.0007168896616390326,0.15732698844227214,GC=F,0.0187548109433915,market_normal,0.996,5.4185570801858525,0.648923025528327
2016-02-01 00:00:00-05:00,1116.699951171875,1130.0,1115.300048828125,1127.9000244140625,1682,0.0,0.0,0.01024827376073344,0.1455480006651944,GC=F,0.26810881389924973,market_elevated,1.0,5.71178959694474,0.8411469854189413
2016-02-02 00:00:00-05:00,1128.300048828125,1131.4000244140625,1123.0,1127.300048828125,1230,0.0,0.0,-0.0005320819267533649,0.1457417217027163,GC=F,0.01391998863512626,market_normal,0.996,5.8095337691977065,0.8899086164392128
2016-02-03 00:00:00-05:00,1128.5,1146.0,1125.0,1141.300048828125,1630,0.0,0.0,0.012342569977745608,0.14439314344583212,GC=F,0.32289845826337854,market_volatile,1.0,5.9072779414506655,0.9301748957682975
2016-02-04 00:00:00-05:00,1142.5,1157.5999755859375,1141.0,1157.5999755859375,771,0.0,0.0,0.01418086888457877,0.1496450155687132,GC=F,0.3709908639709378,market_volatile,1.0,6.005022113703628,0.9615614286516412
2016-02-05 00:00:00-05:00,1155.5999755859375,1174.800048828125,1146.0,1157.800048828125,877,0.0,0.0,0.00017281959106493736,0.14627670296916834,GC=F,0.00452119612148785,market_normal,0.996,6.102766285956594,0.983768589228469
2016-02-08 00:00:00-05:00,1173.5,1200.4000244140625,1165.0,1197.9000244140625,931,0.0,0.0,0.03404834929990521,0.17828865775943367,GC=F,0.65,market_extreme,1.009,0.11281349553588882,0.9936433036498917
2016-02-09 00:00:00-05:00,1188.699951171875,1199.199951171875,1186.699951171875,1198.699951171875,700,0.0,0.0,0.0006675513608169836,0.1726703920192385,GC=F,0.01746405372690422,market_normal,0.996,0.21055766778885499,0.9779145112782042
2016-02-10 00:00:00-05:00,1189.800048828125,1197.699951171875,1182.0999755859375,1194.699951171875,671,0.0,0.0,-0.003342528526259136,0.1736750201951257,GC=F,0.08744510339228179,market_normal,0.996,0.3083018400418176,0.9528502348537139
2016-02-11 00:00:00-05:00,1205.5999755859375,1260.800048828125,1204.5999755859375,1247.9000244140625,995,0.0,0.0,0.043567091125364873,0.2135130909282991,GC=F,0.65,market_extreme,1.009,0.4060460122947731,0.9186897459591203
2016-02-12 00:00:00-05:00,1247.800048828125,1247.800048828125,1233.5,1239.0999755859375,250,0.0,0.0,-0.007076868158539852,0.21819532449686738,GC=F,0.18514051950654545,market_elevated,1.0,0.5037901845477428,0.8757591515246567
2016-02-16 00:00:00-05:00,1233.0999755859375,1233.5999755859375,1193.5999755859375,1207.9000244140625,422,0.0,0.0,-0.025501955096164056,0.2360739889670266,GC=F,0.65,market_extreme,1.009,0.8947668735595897,0.6257006867574889
2016-02-17 00:00:00-05:00,1196.5,1212.9000244140625,1196.5,1211.0999755859375,53,0.0,0.0,0.0026456825451971347,0.23302103515265785,GC=F,0.06921466245999143,market_normal,0.996,0.9925110458125523,0.5465888334147823
2016-02-18 00:00:00-05:00,1209.5999755859375,1239.199951171875,1201.5999755859375,1226.0999755859375,315,0.0,0.0,0.012309362957954846,0.2331267654345172,GC=F,0.32202971735177816,market_volatile,1.0,1.0902552180655078,0.46225906860954075
2016-02-19 00:00:00-05:00,1230.800048828125,1232.800048828125,1221.800048828125,1230.4000244140625,76,0.0,0.0,0.003500959267383596,0.23030956426183033,GC=F,0.09158986758181863,market_normal,0.996,1.1879993903184776,0.3735164311927254
2016-02-22 00:00:00-05:00,1226.0999755859375,1226.0999755859375,1203.0,1209.5,280,0.0,0.0,-0.017132288543675846,0.23931452763447505,GC=F,0.448204026167223,market_volatile,1.0,1.4812319070773619,0.08944472331262507
2016-02-23 00:00:00-05:00,1207.4000244140625,1226.0999755859375,1207.4000244140625,1222.300048828125,351,0.0,0.0,0.010527318680876351,0.23902318446763973,GC=F,0.2754090094551862,market_elevated,1.0,1.5789760793303245,-0.008179661320106642
2016-02-24 00:00:00-05:00,1230.0,1250.0999755859375,1230.0,1238.699951171875,111,0.0,0.0,0.013328033410348807,0.24050996389790433,GC=F,0.34867952522400764,market_volatile,1.0,1.6767202515832835,-0.10572596029511064
2016-02-25 00:00:00-05:00,1239.4000244140625,1241.5,1235.0,1238.199951171875,1349,0.0,0.0,-0.0004037304909403373,0.23922444870735857,GC=F,0.010562140082138958,market_normal,0.996,1.7744644238362497,-0.20226296550781497
2016-02-26 00:00:00-05:00,1232.4000244140625,1239.0999755859375,1212.199951171875,1219.800048828125,656,0.0,0.0,-0.0149717217583961,0.2466967009884211,GC=F,0.3916806533850725,market_volatile,1.0,1.8722085960892088,-0.29686910389402177
2016-02-29 00:00:00-05:00,1218.5999755859375,1241.0,1218.5999755859375,1233.9000244140625,580,0.0,0.0,0.011492953798612126,0.2473102990496979,GC=F,0.3006713406653034,market_volatile,1.0,2.1654411128480966,-0.5602145492464795
2016-03-01 00:00:00-05:00,1240.5,1248.4000244140625,1229.0,1230.300048828125,477,0.0,0.0,-0.0029218229364777115,0.2483860211124281,GC=F,0.07643887158090504,market_normal,0.996,2.263185285101059,-0.6383778386463057
2016-03-02 00:00:00-05:00,1232.800048828125,1242.5999755859375,1226.0,1241.0999755859375,267,0.0,0.0,0.008739981710060525,0.2480105303844058,GC=F,0.228649837474459,market_elevated,1.0,2.3609294573540183,-0.7104469694426786
2016-03-03 00:00:00-05:00,1238.4000244140625,1267.9000244140625,1238.0,1257.4000244140625,123,0.0,0.0,0.013048052901100447,0.24896104388084594,GC=F,0.3413548533815067,market_volatile,1.0,2.4586736296069844,-0.7757339467101908
2016-03-04 00:00:00-05:00,1263.0,1279.9000244140625,1250.9000244140625,1269.9000244140625,268,0.0,0.0,0.009892060054906658,0.24821895196747695,GC=F,0.258789777699241,market_elevated,1.0,2.5564178018599435,-0.8336155201257143
2016-03-07 00:00:00-05:00,1259.800048828125,1272.300048828125,1259.699951171875,1263.199951171875,67,0.0,0.0,-0.005290031133051419,0.2483921359305035,GC=F,0.1383944267771996,market_elevated,1.0,2.8496503186188313,-0.9576866532890203
2016-03-08 00:00:00-05:00,1268.699951171875,1276.300048828125,1261.0,1262.0999755859375,43,0.0,0.0,-0.0008711643665365201,0.24862934714332144,GC=F,0.022790847558963132,market_normal,0.996,2.9473944908717904,-0.9812027233858025
2016-03-09 00:00:00-05:00,1254.5,1260.0,1244.800048828125,1256.5999755859375,79,0.0,0.0,-0.004367339380404757,0.22481244079652327,GC=F,0.11425555254605181,market_elevated,1.0,3.045138663124753,-0.9953519191074808
2016-03-10 00:00:00-05:00,1250.0,1273.0,1237.5,1272.0,119,0.0,0.0,0.012180823359887589,0.2272972283493294,GC=F,0.31866694621768304,market_volatile,1.0,3.1428828353777156,-0.9999991677155925
2016-03-11 00:00:00-05:00,1270.0,1280.699951171875,1249.4000244140625,1258.699951171875,87,0.0,0.0,-0.010511061395113142,0.23107373242499477,GC=F,0.2749836966947196,market_elevated,1.0,3.2406270076306782,-0.9951001050916283
2016-03-14 00:00:00-04:00,1256.0,1258.0,1234.5,1244.4000244140625,58,0.0,0.0,-0.011425897862328808,0.18097859561362425,GC=F,0.2989170659492328,market_elevated,1.0,3.533859524389566,-0.9240448461632141
2016-03-15 00:00:00-04:00,1228.300048828125,1236.0,1228.0,1230.4000244140625,37,0.0,0.0,-0.011314166048867756,0.18360308929163244,GC=F,0.29599400937587766,market_elevated,1.0,3.631603696642525,-0.8823276614098218
2016-03-16 00:00:00-04:00,1229.5,1263.800048828125,1228.9000244140625,1229.300048828125,45,0.0,0.0,-0.0008943982001956458,0.1592812248365771,GC=F,0.023398676324091167,market_normal,0.996,3.7293478688954913,-0.8321874951816219
2016-03-17 00:00:00-04:00,1261.5,1270.0999755859375,1255.9000244140625,1264.5,27,0.0,0.0,0.02823184571645773,0.1854534679735762,GC=F,0.65,market_extreme,1.009,3.8270920411484504,-0.7741030015090407
2016-03-18 00:00:00-04:00,1257.0999755859375,1264.4000244140625,1251.5,1253.800048828125,542,0.0,0.0,-0.00849780832604257,0.1849629388739798,GC=F,0.22231425157356338,market_elevated,1.0,3.924836213401413,-0.7086286735079241
2016-03-21 00:00:00-04:00,1256.199951171875,1256.199951171875,1243.4000244140625,1243.800048828125,1061,0.0,0.0,-0.008007729856973357,0.18733359676718572,GC=F,0.20949313065823924,market_elevated,1.0,4.218068730160301,-0.4744333830374586
2016-03-22 00:00:00-04:00,1244.0,1252.4000244140625,1243.800048828125,1248.199951171875,20,0.0,0.0,0.0035312254541069133,0.1761474412933048,GC=F,0.09238167229089396,market_normal,0.996,4.31581290241326,-0.38626242482292567
2016-03-23 00:00:00-04:00,1247.699951171875,1247.699951171875,1218.5999755859375,1223.699951171875,28,0.0,0.0,-0.019823458291528016,0.18755623081046902,GC=F,0.5186086958651323,market_extreme,1.009,4.413557074666226,-0.2944040822148177
2016-03-24 00:00:00-04:00,1214.199951171875,1221.4000244140625,1214.199951171875,1221.4000244140625,13,0.0,0.0,-0.0018812543119597132,0.18128930102820282,GC=F,0.04921617767032316,market_normal,0.996,4.511301246919185,-0.19973526427078533
2016-03-28 00:00:00-04:00,1211.5,1222.199951171875,1210.0,1219.9000244140625,33,0.0,0.0,-0.0012288536097643887,0.18129657840635321,GC=F,0.03214848582910638,market_normal,0.996,4.902277935931032,0.18874984768854908
2016-03-29 00:00:00-04:00,1217.800048828125,1235.5999755859375,1217.699951171875,1235.5999755859375,189732,0.0,0.0,0.01278775411769549,0.17927132974402013,GC=F,0.33454508232079233,market_volatile,1.0,5.000022108183995,0.28368338546820265
2016-03-30 00:00:00-04:00,1241.4000244140625,1245.0,1223.4000244140625,1226.9000244140625,48248,0.0,0.0,-0.007065979589434121,0.17658695313550282,GC=F,0.18485565969345352,market_elevated,1.0,5.097766280436957,0.37590879110487163
2016-03-31 00:00:00-04:00,1225.5999755859375,1239.5999755859375,1224.5,1234.199951171875,3377,0.0,0.0,0.005932264628274546,0.17757311717193142,GC=F,0.15519613062223028,market_elevated,1.0,5.19551045268992,0.46454565144008975
2016-04-01 00:00:00-04:00,1232.300048828125,1235.199951171875,1209.199951171875,1222.199951171875,1602,0.0,0.0,-0.009770473814590914,0.17786869582410916,GC=F,0.2556089158840127,market_elevated,1.0,5.2932546249428825,0.5487478107142207
2016-04-04 00:00:00-04:00,1221.699951171875,1222.300048828125,1215.0,1218.0,2038,0.0,0.0,-0.0034423042399615686,0.17080568101895546,GC=F,0.09005537209521268,market_normal,0.996,5.586487141701767,0.7669651144255257
2016-04-05 00:00:00-04:00,1215.4000244140625,1236.699951171875,1215.4000244140625,1228.4000244140625,477,0.0,0.0,0.008502360171509305,0.16970044400831116,GC=F,0.22243333405688023,market_elevated,1.0,5.684231313954733,0.8259257831424238
2016-04-06 00:00:00-04:00,1230.4000244140625,1230.4000244140625,1217.5999755859375,1222.5,248,0.0,0.0,-0.004814587092324561,0.16957750062105095,GC=F,0.12595616245963692,market_elevated,1.0,5.781975486207692,0.8770019007166553
2016-04-07 00:00:00-04:00,1224.800048828125,1242.9000244140625,1224.5999755859375,1236.199951171875,375,0.0,0.0,0.0111441763775809,0.17520667398102852,GC=F,0.2915468478140479,market_elevated,1.0,5.879719658460655,0.9197058782275237
2016-04-08 00:00:00-04:00,1241.0,1242.800048828125,1232.0,1242.5,409,0.0,0.0,0.005083360244175877,0.17596648213465843,GC=F,0.1329876345527148,market_elevated,1.0,5.977463830713617,0.9536300498755669
2016-04-11 00:00:00-04:00,1241.5,1258.699951171875,1241.5,1256.699951171875,437,0.0,0.0,0.011363719796072987,0.17524364434991754,GC=F,0.29729040296348486,market_elevated,1.0,6.2706963474725015,0.9999220139563757
2016-04-12 00:00:00-04:00,1260.0,1261.699951171875,1253.699951171875,1259.4000244140625,185,0.0,0.0,0.0021462376732565664,0.1716507361340453,GC=F,0.056148503675561644,market_normal,0.996,0.08525521254588142,0.9963679750996131
2016-04-13 00:00:00-04:00,1256.5,1256.9000244140625,1241.300048828125,1246.800048828125,203,0.0,0.0,-0.010055128384175412,0.1705606034102552,GC=F,0.2630558675174397,market_elevated,1.0,0.18299938479884048,0.9833022895344816
2016-04-14 00:00:00-04:00,1231.4000244140625,1243.699951171875,1224.5,1225.0,264,0.0,0.0,-0.01763946407711058,0.17716971297677617,GC=F,0.4614724295961897,market_volatile,1.0,0.28074355705180665,0.9608496864656548
2016-04-15 00:00:00-04:00,1225.699951171875,1235.0,1225.699951171875,1233.0999755859375,97,0.0,0.0,0.006590460098725617,0.1786958057635369,GC=F,0.1724154215015038,market_elevated,1.0,0.37848772930476926,0.9292245056083914
2016-04-18 00:00:00-04:00,1238.699951171875,1241.0999755859375,1232.199951171875,1233.5999755859375,304,0.0,0.0,0.00040539994060510945,0.14673127319012355,GC=F,0.010605815161468078,market_normal,0.996,0.6717202460636571,0.7827522579474495
2016-04-19 00:00:00-04:00,1231.5999755859375,1256.199951171875,1228.800048828125,1253.0,386,0.0,0.0,0.015603971877910185,0.15509700873950372,GC=F,0.4082211785103936,market_volatile,1.0,0.7694644183166126,0.7182834039105641
2016-04-20 00:00:00-04:00,1256.0999755859375,1256.0999755859375,1243.0,1253.199951171875,180,0.0,0.0,0.00015956521921236389,0.15236035200007328,GC=F,0.004174443683044134,market_normal,0.996,0.8672085905695788,0.6469575872401634
2016-04-21 00:00:00-04:00,1247.699951171875,1270.5999755859375,1247.5999755859375,1249.0,124,0.0,0.0,-0.003357009989702909,0.15242152566538067,GC=F,0.08782395821974665,market_normal,0.996,0.9649527628225378,0.569455706947779
2016-04-22 00:00:00-04:00,1248.5,1248.5,1228.0,1228.699951171875,188,0.0,0.0,-0.01638657099171672,0.14715476264131028,GC=F,0.4286950383096128,market_volatile,1.0,1.0626969350755004,0.4865176207195171
2016-04-25 00:00:00-04:00,1231.5999755859375,1240.9000244140625,1231.5999755859375,1238.9000244140625,442,0.0,0.0,0.008267248694073434,0.14953145116919037,GC=F,0.21628249726025267,market_elevated,1.0,1.3559294518343883,0.2132173663896042
2016-04-26 00:00:00-04:00,1239.800048828125,1244.199951171875,1233.0,1242.199951171875,97,0.0,0.0,0.002660052989486988,0.14951361420434478,GC=F,0.06959061287502816,market_normal,0.996,1.453673624087351,0.11685511009186766
2016-04-27 00:00:00-04:00,1248.5999755859375,1249.5,1248.5999755859375,1249.199951171875,547,0.0,0.0,0.005619345503985562,0.14428011438341184,GC=F,0.1470097397023309,market_elevated,1.0,1.55141779634031,0.019377317615695836
2016-04-28 00:00:00-04:00,1245.9000244140625,1270.0999755859375,1238.5,1265.5,887,0.0,0.0,0.012963993663771956,0.14765312495509603,GC=F,0.33915574912808905,market_volatile,1.0,1.6491619685932726,-0.07828545691923942
2016-04-29 00:00:00-04:00,1267.300048828125,1295.5,1267.199951171875,1289.199951171875,464,0.0,0.0,0.018554532081355487,0.1585277648822064,GC=F,0.4854118561750615,market_volatile,1.0,1.7469061408462387,-0.17520089349548412
2016-05-02 00:00:00-04:00,1292.0999755859375,1304.4000244140625,1290.4000244140625,1294.699951171875,192,0.0,0.0,0.004257137284214135,0.15265847963851747,GC=F,0.11137251546208109,market_elevated,1.0,2.040138657605123,-0.4522998304844435
2016-05-03 00:00:00-04:00,1292.699951171875,1301.5,1284.5,1290.699951171875,151,0.0,0.0,-0.003094301340338286,0.1524854477298499,GC=F,0.08095114177995805,market_normal,0.996,2.137882829858082,-0.5371768859698255
2016-05-04 00:00:00-04:00,1286.9000244140625,1290.0,1273.0,1273.300048828125,109,0.0,0.0,-0.013572675083321833,0.16095173004566232,GC=F,0.35507968492919023,market_volatile,1.0,2.2356270021110483,-0.616925879447062
2016-05-05 00:00:00-04:00,1282.9000244140625,1286.0,1270.800048828125,1271.4000244140625,330,0.0,0.0,-0.0014933192222766592,0.15966148477392236,GC=F,0.03906726682025048,market_normal,0.996,2.333371174364011,-0.6907855015703398
2016-05-06 00:00:00-04:00,1278.5999755859375,1295.5999755859375,1276.9000244140625,1292.9000244140625,305,0.0,0.0,0.016769101438875392,0.16488297863447704,GC=F,0.43870255634265193,market_volatile,1.0,2.43111534661697,-0.7580506648125537
2016-05-09 00:00:00-04:00,1286.5,1286.5,1262.300048828125,1265.5999755859375,341,0.0,0.0,-0.02134147742080195,0.1833103069293172,GC=F,0.5583221459278557,market_extreme,1.009,2.724347863375854,-0.9142089387720429
2016-05-10 00:00:00-04:00,1265.0999755859375,1267.4000244140625,1258.699951171875,1263.9000244140625,23,0.0,0.0,-0.0013441007533533627,0.17939441130957012,GC=F,0.035163508231348006,market_normal,0.996,2.8220920356288204,-0.949392388605051
2016-05-11 00:00:00-04:00,1266.9000244140625,1279.199951171875,1266.9000244140625,1274.5999755859375,50,0.0,0.0,0.008430186756368665,0.18152961009946017,GC=F,0.2205451791168203,market_elevated,1.0,2.9198362078817794,-0.9755126356719068
2016-05-12 00:00:00-04:00,1267.0,1281.199951171875,1264.0,1270.300048828125,101,0.0,0.0,-0.003379253258223161,0.1780452302080953,GC=F,0.08840587245032244,market_normal,0.996,3.017580380134742,-0.9923203277571226
2016-05-13 00:00:00-04:00,1271.4000244140625,1275.699951171875,1264.5999755859375,1271.9000244140625,66,0.0,0.0,0.0012587331847161139,0.16480844780864323,GC=F,0.03293017624713708,market_normal,0.996,3.1153245523877047,-0.9996550132674177
2016-05-16 00:00:00-04:00,1272.800048828125,1287.800048828125,1272.800048828125,1273.4000244140625,44,0.0,0.0,0.0011786431028753658,0.1638855644686831,GC=F,0.03083491051275646,market_normal,0.996,3.4085570691465925,-0.9645761404605399
2016-05-17 00:00:00-04:00,1272.5,1281.5999755859375,1270.800048828125,1276.199951171875,16,0.0,0.0,0.00219636641841862,0.1638479489025138,GC=F,0.05745993999366153,market_normal,0.996,3.5063012413995516,-0.9342277408755177
2016-05-18 00:00:00-04:00,1276.4000244140625,1276.4000244140625,1256.800048828125,1273.699951171875,17,0.0,0.0,-0.00196086191362997,0.1560678710069339,GC=F,0.051298821065638635,market_normal,0.996,3.6040454136525213,-0.8949609050917792
2016-05-19 00:00:00-04:00,1248.0,1255.5,1247.5,1254.199951171875,69,0.0,0.0,-0.015428132082826979,0.1658816108965215,GC=F,0.4036209697340941,market_volatile,1.0,3.7017895859054804,-0.8471504868568082
2016-05-20 00:00:00-04:00,1256.5999755859375,1256.5999755859375,1252.4000244140625,1252.4000244140625,44,0.0,0.0,-0.0014361502311578814,0.1655193293026582,GC=F,0.037571648069373624,market_normal,0.996,3.799533758158436,-0.7912528996830754
2016-05-23 00:00:00-04:00,1251.5999755859375,1251.5999755859375,1247.5,1251.0999755859375,56,0.0,0.0,-0.001038585136795765,0.1543874559864152,GC=F,0.02717080316751554,market_normal,0.996,4.092766274917324,-0.5807280472971479
2016-05-24 00:00:00-04:00,1240.0,1240.0,1228.199951171875,1228.9000244140625,20,0.0,0.0,-0.01790366465212703,0.16483190891603264,GC=F,0.4683842768450957,market_volatile,1.0,4.190510447170286,-0.4985094873213622
2016-05-25 00:00:00-04:00,1219.300048828125,1223.5,1218.5999755859375,1223.5,5,0.0,0.0,-0.004403876274423123,0.16500342325083103,GC=F,0.11521140750733905,market_elevated,1.0,4.2882546194232525,-0.4115319966666771
2016-05-26 00:00:00-04:00,1232.5999755859375,1232.5999755859375,1220.0999755859375,1220.0999755859375,199778,0.0,0.0,-0.002782801311324475,0.1634947685766757,GC=F,0.07280187632722704,market_normal,0.996,4.3859987916762115,-0.3206258902201351
2016-05-27 00:00:00-04:00,1220.300048828125,1223.199951171875,1206.4000244140625,1213.800048828125,63739,0.0,0.0,-0.005176827942159796,0.15569211078297385,GC=F,0.13543287696421027,market_elevated,1.0,4.483742963929174,-0.2266589866890333
2016-05-31 00:00:00-04:00,1212.5,1217.5999755859375,1199.0,1214.800048828125,6432,0.0,0.0,0.000823519736724513,0.1372393312143017,GC=F,0.021544399085220187,market_normal,0.996,4.874719652941021,0.16161867535656688
2016-06-01 00:00:00-04:00,1215.699951171875,1219.800048828125,1205.4000244140625,1211.9000244140625,2717,0.0,0.0,-0.002390098246246816,0.13482431438484774,GC=F,0.06252822874025665,market_normal,0.996,4.972463825193987,0.25715288044565804
2016-06-02 00:00:00-04:00,1212.4000244140625,1217.0,1209.5999755859375,1209.800048828125,1627,0.0,0.0,-0.0017342990864130377,0.1349133103719629,GC=F,0.0453716286138198,market_normal,0.996,5.070207997446946,0.35023222206063864
2016-06-03 00:00:00-04:00,1209.0999755859375,1244.5,1206.4000244140625,1240.0999755859375,1622,0.0,0.0,0.024736904788247527,0.16026766293793365,GC=F,0.6471511551269361,market_extreme,1.009,5.167952169699905,0.43996813509764365
2016-06-06 00:00:00-04:00,1244.4000244140625,1247.300048828125,1240.0,1244.5999755859375,1135,0.0,0.0,0.0036221716975720704,0.16115030217851775,GC=F,0.09476095001447134,market_normal,0.996,5.461184686458793,0.6807570974774808
2016-06-07 00:00:00-04:00,1244.0,1244.9000244140625,1236.5,1244.4000244140625,281,0.0,0.0,-0.00016066787650068854,0.14772204890973997,GC=F,0.004203290701050503,market_normal,0.996,5.558928858711763,0.7489922903841542
2016-06-08 00:00:00-04:00,1247.5999755859375,1264.0,1247.300048828125,1259.800048828125,406,0.0,0.0,0.012299511303834583,0.13730835329894175,GC=F,0.32177198464841794,market_volatile,1.0,5.656673030964722,0.8100773638254548
2016-06-09 00:00:00-04:00,1262.5,1271.4000244140625,1258.0999755859375,1270.199951171875,381,0.0,0.0,0.008221312981124862,0.14028642187392568,GC=F,0.21508075638156476,market_elevated,1.0,5.754417203217685,0.8634291801933511
2016-06-10 00:00:00-04:00,1267.5999755859375,1278.0,1265.300048828125,1273.4000244140625,397,0.0,0.0,0.002516177827683463,0.1374004957312912,GC=F,0.06582664248535103,market_normal,0.996,5.852161375470644,0.9085384260201009
2016-06-13 00:00:00-04:00,1276.199951171875,1287.300048828125,1273.0,1284.4000244140625,328,0.0,0.0,0.008601194468236007,0.13998067552532797,GC=F,0.2250189740082144,market_elevated,1.0,6.145393892229528,0.9905217737383714
2016-06-14 00:00:00-04:00,1281.800048828125,1289.699951171875,1277.800048828125,1285.5999755859375,554,0.0,0.0,0.0009338142093947642,0.13996375924952284,GC=F,0.024429852863842506,market_normal,0.996,6.243138064482494,0.9991982163419332
2016-06-15 00:00:00-04:00,1284.5999755859375,1296.199951171875,1278.800048828125,1285.800048828125,162,0.0,0.0,0.00015561424958520132,0.13994706000777335,GC=F,0.004071080930914188,market_normal,0.996,0.05769692955587047,0.9983359938508769
2016-06-16 00:00:00-04:00,1296.300048828125,1316.4000244140625,1281.0999755859375,1296.0999755859375,251,0.0,0.0,0.007978605910287052,0.14226450303436558,GC=F,0.2087312085058424,market_elevated,1.0,0.15544110180882953,0.9879433373163052
2016-06-17 00:00:00-04:00,1280.300048828125,1300.0999755859375,1280.300048828125,1292.5,129,0.0,0.0,-0.0027814092101873097,0.14248877201752233,GC=F,0.07276545706351227,market_normal,0.996,0.25318527406179214,0.9681194583545968
2016-06-20 00:00:00-04:00,1288.9000244140625,1291.199951171875,1280.300048828125,1290.0,153,0.0,0.0,-0.0019361090268664404,0.1304020319994005,GC=F,0.05065125180024878,market_normal,0.996,0.54641779082068,0.8543914231580695
2016-06-21 00:00:00-04:00,1293.9000244140625,1293.9000244140625,1266.300048828125,1270.5,134,0.0,0.0,-0.015231694595499006,0.14231545450495117,GC=F,0.3984818972461357,market_volatile,1.0,0.6441619630736426,0.7996033127693009
2016-06-22 00:00:00-04:00,1267.0,1269.199951171875,1264.9000244140625,1268.0,53,0.0,0.0,-0.001969667763047546,0.14249383172797883,GC=F,0.0515291940921446,market_normal,0.996,0.7419061353266017,0.7371819339415896
2016-06-23 00:00:00-04:00,1263.4000244140625,1270.5,1255.199951171875,1261.199951171875,218,0.0,0.0,-0.0053772460418744,0.1278051692479006,GC=F,0.14067608769930082,market_elevated,1.0,0.8396503075795678,0.6677231810807068
2016-06-24 00:00:00-04:00,1253.699951171875,1355.5999755859375,1253.699951171875,1320.0,694,0.0,0.0,0.045568126625119755,0.19798742627785776,GC=F,0.65,market_extreme,1.009,0.937394479832534,0.591890129611126
2016-06-27 00:00:00-04:00,1330.0,1331.699951171875,1320.0,1322.5,92,0.0,0.0,0.0018921481520379623,0.19674236863178812,GC=F,0.04950117537924252,market_normal,0.996,1.2306269965914183,0.33364672419840496
2016-06-28 00:00:00-04:00,1314.800048828125,1315.5999755859375,1314.0999755859375,1315.300048828125,1072,0.0,0.0,-0.005459071134537385,0.1969076723407655,GC=F,0.14281674368227476,market_elevated,1.0,1.3283711688443773,0.2400575731196964
2016-06-29 00:00:00-04:00,1311.5999755859375,1327.4000244140625,1311.5999755859375,1323.9000244140625,414,0.0,0.0,0.006517130786711063,0.1968021822633104,GC=F,0.17049702672329256,market_elevated,1.0,1.4261153410973364,0.14417675582705247
2016-06-30 00:00:00-04:00,1315.800048828125,1323.5,1314.5,1318.4000244140625,560,0.0,0.0,-0.004163045711473091,0.19763243133782438,GC=F,0.1089109516363592,market_elevated,1.0,1.5238595133502955,0.04691958120533182
2016-07-01 00:00:00-04:00,1324.5,1344.199951171875,1321.9000244140625,1336.699951171875,137,0.0,0.0,0.013784954775413433,0.19925328419345262,GC=F,0.360633211092752,market_volatile,1.0,1.6216036856032616,-0.050785502714248566
2016-07-05 00:00:00-04:00,1342.199951171875,1356.800048828125,1339.699951171875,1356.4000244140625,90,0.0,0.0,0.014630295802076445,0.18930711282829674,GC=F,0.382748484873531,market_volatile,1.0,2.012580374615112,-0.4275529065968043
2016-07-06 00:00:00-04:00,1359.0,1374.9000244140625,1359.0,1364.9000244140625,130,0.0,0.0,0.006247034498575354,0.18941250738188545,GC=F,0.16343093958107396,market_elevated,1.0,2.110324546868071,-0.5137312847119505
2016-07-07 00:00:00-04:00,1366.800048828125,1368.5999755859375,1350.5,1360.0999755859375,207,0.0,0.0,-0.0035229752607092743,0.1907842990302631,GC=F,0.09216583598344133,market_normal,0.996,2.2080687191210373,-0.5950054200118634
2016-07-08 00:00:00-04:00,1361.300048828125,1365.800048828125,1335.0,1356.5999755859375,249,0.0,0.0,-0.0025766569730396745,0.18981699875118044,GC=F,0.06740885938408596,market_normal,0.996,2.3058128913739964,-0.6705994436600969
2016-07-11 00:00:00-04:00,1371.699951171875,1371.800048828125,1353.0,1355.0,26,0.0,0.0,-0.0011800972016698774,0.18968010317883188,GC=F,0.030872951719713923,market_normal,0.996,2.5990454081328878,-0.8563962696086201
2016-07-12 00:00:00-04:00,1353.5999755859375,1356.0,1330.300048828125,1334.0999755859375,252,0.0,0.0,-0.015544565429065389,0.2003703913636461,GC=F,0.4066670248148931,market_volatile,1.0,2.696789580385847,-0.9026954165850937
2016-07-13 00:00:00-04:00,1341.5,1342.4000244140625,1336.699951171875,1342.4000244140625,7,0.0,0.0,0.006202186015081687,0.19957812275075365,GC=F,0.16225764210723612,market_elevated,1.0,2.794533752638806,-0.9403771449949349
2016-07-14 00:00:00-04:00,1341.4000244140625,1341.4000244140625,1322.699951171875,1331.300048828125,20,0.0,0.0,-0.00830312978492063,0.20279911659957098,GC=F,0.21722119551647143,market_elevated,1.0,2.892277924891772,-0.969081733031592
2016-07-15 00:00:00-04:00,1333.699951171875,1333.699951171875,1322.9000244140625,1326.5,52,0.0,0.0,-0.003612050537102661,0.20357057210113164,GC=F,0.09449616665757718,market_normal,0.996,2.990022097144731,-0.9885351575358089
2016-07-18 00:00:00-04:00,1327.5,1335.0,1326.199951171875,1328.4000244140625,54,0.0,0.0,0.0014313343033443948,0.2021974683030048,GC=F,0.03744565683182047,market_normal,0.996,3.2832546139036154,-0.9899827136573238
2016-07-19 00:00:00-04:00,1328.5,1333.199951171875,1326.4000244140625,1331.5,322,0.0,0.0,0.0023308973728481423,0.20171292645911532,GC=F,0.0609794531787047,market_normal,0.996,3.3809987861565816,-0.9714789674073373
2016-07-20 00:00:00-04:00,1331.0,1337.5,1315.5,1318.800048828125,751,0.0,0.0,-0.009583857031749085,0.20502662114013512,GC=F,0.2507267664147897,market_elevated,1.0,3.4787429584095477,-0.9437011728604181
2016-07-21 00:00:00-04:00,1312.800048828125,1330.5,1312.800048828125,1330.5,318,0.0,0.0,0.008832542195506029,0.19776393083496824,GC=F,0.23107134596907172,market_elevated,1.0,3.576487130662507,-0.9069145057093563
2016-07-22 00:00:00-04:00,1330.699951171875,1330.699951171875,1320.4000244140625,1323.0999755859375,55,0.0,0.0,-0.005577361821546027,0.19911202209339324,GC=F,0.14591138932988915,market_elevated,1.0,3.674231302915466,-0.8614701432202445
2016-07-25 00:00:00-04:00,1315.699951171875,1319.300048828125,1313.800048828125,1319.300048828125,548,0.0,0.0,-0.0028761196958370064,0.19812642059109697,GC=F,0.07524321249473963,market_normal,0.996,3.9674638196743572,-0.6779167951006762
2016-07-26 00:00:00-04:00,1315.199951171875,1320.699951171875,1315.199951171875,1320.699951171875,63,0.0,0.0,0.0010605321779994731,0.11967370955344447,GC=F,0.02774496768761937,market_normal,0.996,4.065207991927309,-0.6029398346374107
2016-07-27 00:00:00-04:00,1326.0,1326.5999755859375,1326.0,1326.5999755859375,215388,0.0,0.0,0.0044573976096106815,0.12050496876719462,GC=F,0.11661159860590445,market_elevated,1.0,4.162952164180275,-0.52220701806796
2016-07-28 00:00:00-04:00,1339.5,1344.300048828125,1330.0999755859375,1332.300048828125,56908,0.0,0.0,0.004287548927691639,0.11951725646277354,GC=F,0.11216812551815915,market_elevated,1.0,4.2606963364332415,-0.43648904662739113
2016-07-29 00:00:00-04:00,1333.199951171875,1353.300048828125,1325.800048828125,1349.0,6076,0.0,0.0,0.012456768592093142,0.12486661199030766,GC=F,0.3258860497111175,market_volatile,1.0,4.358440508686201,-0.3466042114303157
2016-08-01 00:00:00-04:00,1348.800048828125,1353.5,1345.5999755859375,1351.4000244140625,1257,0.0,0.0,0.0017775329760739552,0.12352347661317792,GC=F,0.04650268611168372,market_normal,0.996,4.651673025445092,-0.06067865765714652
2016-08-02 00:00:00-04:00,1352.0999755859375,1366.0,1346.5999755859375,1364.4000244140625,2941,0.0,0.0,0.009573679254285983,0.11888181236892517,GC=F,0.2504605018801499,market_elevated,1.0,4.749417197698058,0.03701975639727109
2016-08-03 00:00:00-04:00,1362.4000244140625,1364.699951171875,1353.300048828125,1356.0999755859375,715,0.0,0.0,-0.006101874347359719,0.11026076008808379,GC=F,0.1596333521164438,market_elevated,1.0,4.84716136995101,0.13436476804123929
2016-08-04 00:00:00-04:00,1354.4000244140625,1361.5999755859375,1347.0,1358.800048828125,381,0.0,0.0,0.001989078130412177,0.1081829801296005,GC=F,0.05203699576616111,market_normal,0.996,4.944905542203969,0.2304270907233053
2016-08-05 00:00:00-04:00,1357.5999755859375,1360.800048828125,1333.699951171875,1336.4000244140625,1107,0.0,0.0,-0.016622543470037807,0.12188230856809953,GC=F,0.43486840006327127,market_volatile,1.0,5.042649714456935,0.3242896828502303
2016-08-08 00:00:00-04:00,1330.0,1335.4000244140625,1327.800048828125,1333.4000244140625,587,0.0,0.0,-0.002247360257539687,0.12182841588454969,GC=F,0.05879400834918329,market_normal,0.996,5.335882231215827,0.5838746912255082
2016-08-09 00:00:00-04:00,1331.800048828125,1339.4000244140625,1328.5,1339.0,620,0.0,0.0,0.004190977197581718,0.12304387244930001,GC=F,0.10964167739426395,market_elevated,1.0,5.433626403468786,0.6603144686679733
2016-08-10 00:00:00-04:00,1344.800048828125,1354.199951171875,1344.300048828125,1344.300048828125,110,0.0,0.0,0.003950401091376265,0.11109317703557349,GC=F,0.10334787845864421,market_elevated,1.0,5.531370575721745,0.7304506734351263
2016-08-11 00:00:00-04:00,1341.5999755859375,1350.4000244140625,1334.800048828125,1342.5,666,0.0,0.0,-0.0013399203995291173,0.10915326055393132,GC=F,0.035054144475883946,market_normal,0.996,5.629114747974711,0.7936137629303778
2016-08-12 00:00:00-04:00,1336.800048828125,1351.800048828125,1333.199951171875,1335.800048828125,113,0.0,0.0,-0.005003147538014941,0.10655671455046647,GC=F,0.1308891607989342,market_elevated,1.0,5.72685892022767,0.8492007621411708
2016-08-15 00:00:00-04:00,1336.5,1340.5999755859375,1333.5999755859375,1340.300048828125,62,0.0,0.0,0.0033631060701886342,0.10618388735593984,GC=F,0.08798343999654348,market_normal,0.996,6.0200914369865615,0.9655899803921169
2016-08-16 00:00:00-04:00,1342.199951171875,1355.0,1341.0,1350.5,338,0.0,0.0,0.0075813883174767425,0.10896946931430523,GC=F,0.19833945471835718,market_elevated,1.0,6.1178356092395205,0.9863608563318365
2016-08-17 00:00:00-04:00,1345.5,1347.300048828125,1338.5999755859375,1342.699951171875,135,0.0,0.0,-0.005792418519633738,0.1111300609794002,GC=F,0.15153756575643093,market_elevated,1.0,6.21557978149248,0.9977156167129898
2016-08-18 00:00:00-04:00,1351.300048828125,1354.4000244140625,1348.199951171875,1351.199951171875,140,0.0,0.0,0.006310574643693422,0.10669117191265098,GC=F,0.16509323640689297,market_elevated,1.0,0.03013864656585241,0.9995458653687964
2016-08-19 00:00:00-04:00,1350.0999755859375,1350.0999755859375,1338.5999755859375,1340.4000244140625,197,0.0,0.0,-0.008024955279562044,0.10738686847123302,GC=F,0.2099437711980013,market_elevated,1.0,0.12788281881881858,0.9918341301614132
2016-08-22 00:00:00-04:00,1334.4000244140625,1337.699951171875,1333.300048828125,1337.699951171875,117,0.0,0.0,-0.002016410277178946,0.10560272721555179,GC=F,0.05275204198975401,market_normal,0.996,0.42111533557770997,0.9126335827369777
2016-08-23 00:00:00-04:00,1337.0,1341.199951171875,1334.300048828125,1340.5999755859375,551,0.0,0.0,0.0021655719125730603,0.1050007265694958,GC=F,0.056654313736047235,market_normal,0.996,0.518859507830669,0.8683853030652493
2016-08-24 00:00:00-04:00,1337.199951171875,1337.199951171875,1322.9000244140625,1324.4000244140625,262,0.0,0.0,-0.012157711605415717,0.11411659002293724,GC=F,0.31806231121053424,market_volatile,1.0,0.6166036800836352,0.8158471401215555
2016-08-25 00:00:00-04:00,1321.4000244140625,1324.0,1317.0,1320.0999755859375,58,0.0,0.0,-0.003252072314533185,0.11355937858916093,GC=F,0.0850786455671028,market_normal,0.996,0.7143478523365943,0.7555206399783545
2016-08-26 00:00:00-04:00,1323.800048828125,1340.5,1320.0999755859375,1321.5,141,0.0,0.0,0.0010599822517309905,0.11248550369120398,GC=F,0.02773058086667594,market_normal,0.996,0.8120920245895462,0.6879816986608663
2016-08-29 00:00:00-04:00,1315.0,1323.0,1315.0,1322.9000244140625,437,0.0,0.0,0.0010588598789471667,0.10258014662781123,GC=F,0.027701218064427546,market_normal,0.996,1.1053245413484447,0.4488444435310584
2016-08-30 00:00:00-04:00,1322.0,1322.0999755859375,1308.0,1311.699951171875,705,0.0,0.0,-0.008502346327262383,0.10530580938415048,GC=F,0.2224329718725057,market_elevated,1.0,1.2030687136014038,0.3594958917848262
2016-08-31 00:00:00-04:00,1310.300048828125,1313.699951171875,1306.300048828125,1306.9000244140625,214,0.0,0.0,-0.003666029312143101,0.09759558976574509,GC=F,0.09590832500635953,market_normal,0.996,1.3008128858543628,0.26671547751267793
2016-09-01 00:00:00-04:00,1305.300048828125,1313.0999755859375,1301.5,1312.199951171875,225,0.0,0.0,0.004047141416004483,0.09861401978017162,GC=F,0.1058787372449969,market_elevated,1.0,1.398557058107329,0.1713889121626532
2016-09-02 00:00:00-04:00,1309.5999755859375,1326.699951171875,1309.199951171875,1322.0999755859375,55,0.0,0.0,0.007516282350036655,0.10289140175180098,GC=F,0.19663619384577916,market_elevated,1.0,1.496301230360288,0.07442621355367561
2016-09-06 00:00:00-04:00,1323.300048828125,1349.4000244140625,1323.199951171875,1349.4000244140625,46,0.0,0.0,0.020438704235929906,0.11297021929211028,GC=F,0.5347043685863213,market_extreme,1.009,1.8872779193721385,-0.3112248235281244
2016-09-07 00:00:00-04:00,1348.4000244140625,1350.5,1343.9000244140625,1344.300048828125,14,0.0,0.0,-0.003786599503307889,0.11355947760011706,GC=F,0.09906260559053506,market_normal,0.996,1.9850220916251047,-0.4024812943725348
2016-09-08 00:00:00-04:00,1344.800048828125,1345.4000244140625,1335.699951171875,1336.800048828125,30,0.0,0.0,-0.005594732975239715,0.11448574101306429,GC=F,0.1463658423940453,market_elevated,1.0,2.0827662638780566,-0.48989555031794796
2016-09-09 00:00:00-04:00,1338.5,1338.5,1328.0,1330.0999755859375,35,0.0,0.0,-0.005024625803116637,0.11472760691633588,GC=F,0.13145106149708818,market_elevated,1.0,2.1805104361310157,-0.5726331069764798
2016-09-12 00:00:00-04:00,1327.0,1329.300048828125,1319.9000244140625,1321.0,177,0.0,0.0,-0.006865083481867175,0.11681141686818897,GC=F,0.17959994362123813,market_elevated,1.0,2.473742952889907,-0.7851551584735789
2016-09-13 00:00:00-04:00,1324.5999755859375,1324.5999755859375,1315.0,1319.0,79,0.0,0.0,-0.0015151518050107637,0.11583915912389722,GC=F,0.03963843695073879,market_normal,0.996,2.5714871251428733,-0.8418440239425521
2016-09-14 00:00:00-04:00,1319.199951171875,1322.300048828125,1319.199951171875,1321.5,73,0.0,0.0,0.0018935813270292768,0.11531592823671445,GC=F,0.049538669190981204,market_normal,0.996,2.6692312973958323,-0.8904963776614393
2016-09-15 00:00:00-04:00,1320.699951171875,1320.699951171875,1310.800048828125,1313.5,37,0.0,0.0,-0.006072124918749371,0.11267130496119455,GC=F,0.15885506650414277,market_elevated,1.0,2.7669754696487985,-0.9306477687329187
2016-09-16 00:00:00-04:00,1312.199951171875,1312.5999755859375,1305.800048828125,1305.800048828125,4,0.0,0.0,-0.0058794129797974425,0.1127151820563245,GC=F,0.1538134594410496,market_elevated,1.0,2.8647196419017575,-0.9619148991624024
2016-09-19 00:00:00-04:00,1313.5,1313.5,1313.5,1313.5,20,0.0,0.0,0.005879412979797392,0.11235639260088441,GC=F,0.1538134594410483,market_elevated,1.0,3.157952158660649,-0.9998661862813767
2016-09-20 00:00:00-04:00,1313.699951171875,1313.699951171875,1313.699951171875,1313.699951171875,97,0.0,0.0,0.00015221618146868613,0.10977416252745936,GC=F,0.003982182836119095,market_normal,0.996,3.255696330913608,-0.993497235315422
2016-09-21 00:00:00-04:00,1326.300048828125,1326.9000244140625,1324.0,1326.9000244140625,76,0.0,0.0,0.009997866634651048,0.1160261765309462,GC=F,0.2615578220802075,market_elevated,1.0,3.353440503166567,-0.9776440426393533
2016-09-22 00:00:00-04:00,1338.5999755859375,1340.4000244140625,1338.199951171875,1340.4000244140625,23,0.0,0.0,0.010122682135453616,0.12138164018897332,GC=F,0.2648231657524888,market_elevated,1.0,3.451184675419526,-0.9524579478904364
2016-09-23 00:00:00-04:00,1337.199951171875,1337.199951171875,1337.199951171875,1337.199951171875,40,0.0,0.0,-0.002390256046424515,0.11352352827065126,GC=F,0.06253235700804728,market_normal,0.996,3.5489288476724994,-0.918179385567969
2016-09-26 00:00:00-04:00,1335.199951171875,1341.800048828125,1335.199951171875,1339.699951171875,24,0.0,0.0,0.0018678328051372278,0.11279836570984403,GC=F,0.04886505275319763,market_normal,0.996,3.8421613644313766,-0.7644756900339421
2016-09-27 00:00:00-04:00,1328.0,1328.699951171875,1325.9000244140625,1325.9000244140625,48,0.0,0.0,-0.010354179302007023,0.11909595861326279,GC=F,0.27087944724874236,market_elevated,1.0,3.9399055366843427,-0.6979159808211861
2016-09-28 00:00:00-04:00,1319.4000244140625,1319.4000244140625,1319.4000244140625,1319.4000244140625,10551,0.0,0.0,-0.004914386241190314,0.12031809510074902,GC=F,0.12856704425839138,market_elevated,1.0,4.037649708937302,-0.6246937428965579
2016-09-29 00:00:00-04:00,1321.199951171875,1325.0,1314.699951171875,1321.699951171875,6108,0.0,0.0,0.0017416435276520423,0.11650499464897011,GC=F,0.04556376920991579,market_normal,0.996,4.135393881190268,-0.5455079791141535
2016-09-30 00:00:00-04:00,1320.5999755859375,1327.699951171875,1312.9000244140625,1313.300048828125,868,0.0,0.0,-0.006375659049502699,0.1180531237174532,GC=F,0.16679593319781222,market_elevated,1.0,4.233138053443227,-0.4611146220493518
2016-10-03 00:00:00-04:00,1313.5,1316.800048828125,1308.199951171875,1309.0,299,0.0,0.0,-0.0032796038609326033,0.11779823961827927,GC=F,0.0857989083569438,market_normal,0.996,4.526370570202118,-0.1849474702505426
2016-10-04 00:00:00-04:00,1307.5999755859375,1310.199951171875,1266.300048828125,1266.300048828125,1893,0.0,0.0,-0.03316418589365621,0.16096813562857995,GC=F,0.65,market_extreme,1.009,4.6241147424550775,-0.08815963876006581
2016-10-05 00:00:00-04:00,1272.0999755859375,1274.0,1261.300048828125,1265.199951171875,246,0.0,0.0,-0.0008691271779573132,0.13885858702860318,GC=F,0.02273755192826355,market_normal,0.996,4.7218589147080365,0.009469792780572472
2016-10-06 00:00:00-04:00,1265.300048828125,1265.300048828125,1249.800048828125,1249.800048828125,114,0.0,0.0,-0.01224659627455489,0.14245611998290053,GC=F,0.3203876553390292,market_volatile,1.0,4.81960308696101,0.10700882265679838
2016-10-07 00:00:00-04:00,1253.9000244140625,1263.5999755859375,1248.9000244140625,1248.9000244140625,169,0.0,0.0,-0.0007203941462396616,0.1425411679693632,GC=F,0.0188464930384974,market_normal,0.996,4.917347259213969,0.20352631215713823
2016-10-11 00:00:00-04:00,1258.9000244140625,1258.9000244140625,1253.0,1253.0,26,0.0,0.0,0.003277492478576479,0.14412312588121487,GC=F,0.08574367171588555,market_normal,0.996,5.308323948225812,0.5612828016115115
2016-10-12 00:00:00-04:00,1251.699951171875,1254.0,1251.0999755859375,1251.0999755859375,127,0.0,0.0,-0.0015175310867917425,0.14343182683335176,GC=F,0.039700682206000655,market_normal,0.996,5.406068120478771,0.6393703898550132
2016-10-13 00:00:00-04:00,1258.699951171875,1259.0,1255.0,1255.0,315,0.0,0.0,0.003112427756607694,0.14475797853942585,GC=F,0.0814253535428069,market_normal,0.996,5.503812292731737,0.7113543442844315
2016-10-14 00:00:00-04:00,1253.9000244140625,1253.9000244140625,1250.5999755859375,1253.0999755859375,311,0.0,0.0,-0.001515110877577383,0.14397289552271997,GC=F,0.0396373662332818,market_normal,0.996,5.601556464984704,0.7765474830951307
2016-10-17 00:00:00-04:00,1249.9000244140625,1255.0,1249.9000244140625,1254.4000244140625,41,0.0,0.0,0.0010369283705775325,0.1438757734164034,GC=F,0.027127459904440293,market_normal,0.996,5.894788981743581,0.9255175687594311
2016-10-18 00:00:00-04:00,1260.9000244140625,1261.699951171875,1260.800048828125,1260.800048828125,11,0.0,0.0,0.005089088772620536,0.14534369183567708,GC=F,0.13313750066700328,market_elevated,1.0,5.99253315399654,0.9580571870997534
2016-10-19 00:00:00-04:00,1262.9000244140625,1271.5,1262.9000244140625,1267.9000244140625,219,0.0,0.0,0.005615528957908329,0.14517376443841346,GC=F,0.14690989365353785,market_elevated,1.0,6.090277326249506,0.9814508857418898
2016-10-20 00:00:00-04:00,1270.0,1270.5,1265.5,1265.5999755859375,415,0.0,0.0,-0.0018157090665284902,0.14502036399201057,GC=F,0.04750142468659307,market_normal,0.996,6.188021498502479,0.9954753409718623
2016-10-21 00:00:00-04:00,1265.9000244140625,1265.9000244140625,1265.9000244140625,1265.9000244140625,224,0.0,0.0,0.00023705220583055664,0.1388455213486499,GC=F,0.00620160889738789,market_normal,0.996,0.0025803635758450127,0.9999966708637554
2016-10-24 00:00:00-04:00,1269.199951171875,1269.199951171875,1261.800048828125,1262.0,42,0.0,0.0,-0.003085586827556825,0.13136335429062962,GC=F,0.08072315824437964,market_normal,0.996,0.2958128803347293,0.956565489525172
2016-10-25 00:00:00-04:00,1264.0999755859375,1274.0999755859375,1264.0999755859375,1271.9000244140625,61,0.0,0.0,0.00781410055123449,0.13648900205273073,GC=F,0.2044275240292778,market_elevated,1.0,0.39355705258769547,0.9235508612665778
2016-10-26 00:00:00-04:00,1274.0,1274.0,1264.800048828125,1264.800048828125,279,0.0,0.0,-0.005597819151719624,0.1360078871414727,GC=F,0.14644658097839913,market_elevated,1.0,0.49130122484066163,0.8817197217098355
2016-10-27 00:00:00-04:00,1269.4000244140625,1269.4000244140625,1267.9000244140625,1267.9000244140625,338,0.0,0.0,0.0024479622887396643,0.13419505980864613,GC=F,0.06404203098270016,market_normal,0.996,0.5890453970936207,0.8314714042647091
2016-10-28 00:00:00-04:00,1270.300048828125,1281.5,1262.0,1275.5,560,0.0,0.0,0.005976250792452862,0.13662877002094348,GC=F,0.15634686864710737,market_elevated,1.0,0.6867895693465869,0.7732855954076463
2016-10-31 00:00:00-04:00,1276.5999755859375,1276.5999755859375,1271.5,1271.5,58,0.0,0.0,-0.003140952719691709,0.13616511202050055,GC=F,0.082171605467524,market_normal,0.996,0.980022086105464,0.5570042041778498
2016-11-01 00:00:00-04:00,1279.300048828125,1290.699951171875,1279.0,1286.4000244140625,49,0.0,0.0,0.011650332541120672,0.14276410679053905,GC=F,0.30478858313677126,market_volatile,1.0,1.077766258358423,0.47329725254486615
2016-11-02 00:00:00-04:00,1288.300048828125,1307.0,1288.300048828125,1306.800048828125,30,0.0,0.0,0.01573379968826969,0.1536896596014881,GC=F,0.4116176510343802,market_volatile,1.0,1.1755104306113964,0.38507205427332375
2016-11-03 00:00:00-04:00,1296.4000244140625,1303.0999755859375,1287.300048828125,1302.0999755859375,73,0.0,0.0,-0.003603111106642254,0.09726852883676641,GC=F,0.0942622989688687,market_normal,0.996,1.2732546028643554,0.2931708352654314
2016-11-04 00:00:00-04:00,1300.0,1303.300048828125,1296.699951171875,1303.300048828125,11,0.0,0.0,0.0009212200167436073,0.09695629357022466,GC=F,0.024100371613384707,market_normal,0.996,1.3709987751173145,0.19847091389061142
2016-11-07 00:00:00-05:00,1292.0,1294.5,1278.300048828125,1278.300048828125,34,0.0,0.0,-0.019368438629986755,0.11162720596032819,GC=F,0.5067047611533088,market_extreme,1.009,1.6642312918761988,-0.09329907509371657
2016-11-08 00:00:00-05:00,1284.0999755859375,1289.4000244140625,1273.199951171875,1273.4000244140625,50,0.0,0.0,-0.003840600616410818,0.11277645556995933,GC=F,0.10047534833348745,market_elevated,1.0,1.761975464129165,-0.19001668127284593
2016-11-09 00:00:00-05:00,1272.199951171875,1318.5999755859375,1270.0,1272.5999755859375,108,0.0,0.0,-0.0006284751409729952,0.11256137030062846,GC=F,0.016441766539945987,market_normal,0.996,1.8597196363821311,-0.28492032756352786
2016-11-10 00:00:00-05:00,1274.4000244140625,1287.5,1253.300048828125,1265.5,63,0.0,0.0,-0.00559473162911677,0.11446136770065178,GC=F,0.14636580717763378,market_elevated,1.0,1.9574638086350902,-0.3771040334671726
2016-11-14 00:00:00-05:00,1227.800048828125,1229.5,1210.4000244140625,1221.199951171875,216,0.0,0.0,-0.03563335910818179,0.16914306619448943,GC=F,0.65,market_extreme,1.009,2.3484404976469335,-0.7016026783398276
2016-11-15 00:00:00-05:00,1224.300048828125,1226.0,1222.5,1224.0,20,0.0,0.0,0.002290242195274511,0.16959517916690894,GC=F,0.05991585830481546,market_normal,0.996,2.446184669899907,-0.7677923710632132
2016-11-16 00:00:00-05:00,1229.300048828125,1229.300048828125,1223.0,1223.4000244140625,66,0.0,0.0,-0.0004902963078952605,0.16943301206020064,GC=F,0.01282681987601119,market_normal,0.996,2.543928842152866,-0.8266524727505019
2016-11-17 00:00:00-05:00,1224.5999755859375,1225.0,1211.0,1216.5,1139,0.0,0.0,-0.005656004540798839,0.16850035373446856,GC=F,0.14796879008566036,market_elevated,1.0,2.641673014405825,-0.8776210860841869
2016-11-18 00:00:00-05:00,1211.9000244140625,1211.9000244140625,1207.199951171875,1208.5,607,0.0,0.0,-0.006597962080039653,0.16712217957181397,GC=F,0.17261168356075,market_elevated,1.0,2.739417186658784,-0.9202116484133591
2016-11-21 00:00:00-05:00,1209.5999755859375,1209.5999755859375,1209.5999755859375,1209.5999755859375,19,0.0,0.0,0.0009097850981472162,0.16748488066149778,GC=F,0.023801218552733695,market_normal,0.996,3.0326497034176683,-0.9940715837685639
2016-11-22 00:00:00-05:00,1210.4000244140625,1211.0999755859375,1207.5999755859375,1211.0,19,0.0,0.0,0.0011567583114072402,0.16768058009814113,GC=F,0.03026237453060568,market_normal,0.996,3.1303938756706344,-0.9999372943419029
2016-11-23 00:00:00-05:00,1212.800048828125,1213.800048828125,1186.800048828125,1189.0999755859375,309,0.0,0.0,-0.01824976664110634,0.176772520573745,GC=F,0.4774387767462354,market_volatile,1.0,3.2281380479236006,-0.9962572843461391
2016-11-25 00:00:00-05:00,1177.0,1189.300048828125,1177.0,1178.199951171875,14,0.0,0.0,-0.009208889267384899,0.17366162282350178,GC=F,0.24091709847448473,market_elevated,1.0,3.423626392429526,-0.9604914159751734
2016-11-28 00:00:00-05:00,1188.0,1190.5999755859375,1188.0,1190.5999755859375,189914,0.0,0.0,0.010469552569008554,0.1801809882239339,GC=F,0.27389776921141096,market_elevated,1.0,3.716858909188403,-0.8390474736185981
2016-11-29 00:00:00-05:00,1193.199951171875,1194.800048828125,1179.4000244140625,1187.9000244140625,42124,0.0,0.0,-0.0022702983658282566,0.17916185062192555,GC=F,0.05939410053543074,market_normal,0.996,3.8146030814413763,-0.7819486834355501
2016-11-30 00:00:00-05:00,1187.0999755859375,1193.300048828125,1167.9000244140625,1170.800048828125,7158,0.0,0.0,-0.01449974532512753,0.1801250212509343,GC=F,0.3793331064062945,market_volatile,1.0,3.9123472536943282,-0.7173851615401478
2016-12-01 00:00:00-05:00,1172.699951171875,1174.5999755859375,1160.0,1166.9000244140625,1588,0.0,0.0,-0.003336636788437604,0.18011346131042064,GC=F,0.08729096749817748,market_normal,0.996,4.010091425947294,-0.6459732519195944
2016-12-02 00:00:00-05:00,1172.300048828125,1177.300048828125,1166.4000244140625,1175.0999755859375,1521,0.0,0.0,0.007002548829521464,0.1756608963900966,GC=F,0.18319622453374193,market_elevated,1.0,4.1078355982002535,-0.568394675456205
2016-12-05 00:00:00-05:00,1181.800048828125,1186.699951171875,1157.0,1174.0,358,0.0,0.0,-0.0009365081756959433,0.16053540834273028,GC=F,0.024500330695188224,market_normal,0.996,4.401068114959145,-0.30631627444806986
2016-12-06 00:00:00-05:00,1170.9000244140625,1174.5,1167.0999755859375,1167.5999755859375,652,0.0,0.0,-0.00546638231769391,0.1604457802928736,GC=F,0.1430080142015896,market_elevated,1.0,4.498812287212104,-0.21195667549835584
2016-12-07 00:00:00-05:00,1167.699951171875,1178.5,1166.4000244140625,1175.0,182,0.0,0.0,0.006317808507911522,0.16408431328506684,GC=F,0.16528248415736332,market_elevated,1.0,4.59655645946507,-0.1155736704725621
2016-12-08 00:00:00-05:00,1173.800048828125,1177.800048828125,1169.0999755859375,1169.800048828125,322,0.0,0.0,-0.0044353118287595375,0.1554607994084013,GC=F,0.11603380446746848,market_elevated,1.0,4.694300631718029,-0.01808736229994893
2016-12-09 00:00:00-05:00,1166.5999755859375,1168.800048828125,1156.0,1159.4000244140625,365,0.0,0.0,-0.008930184786370197,0.15630024850401963,GC=F,0.233625809270291,market_elevated,1.0,4.792044803970988,0.07957161360625553
2016-12-12 00:00:00-05:00,1158.300048828125,1163.9000244140625,1153.0,1163.5,331,0.0,0.0,0.003530052779216629,0.15823858647441807,GC=F,0.09235099351695954,market_normal,0.996,5.08527732072988,0.36430679851885234
2016-12-13 00:00:00-05:00,1163.5,1164.0,1155.4000244140625,1156.699951171875,637,0.0,0.0,-0.005861622654292204,0.15826947820513446,GC=F,0.15334804027081173,market_elevated,1.0,5.183021492982839,0.45345012292225956
2016-12-14 00:00:00-05:00,1159.800048828125,1164.0,1142.0,1161.300048828125,487,0.0,0.0,0.003969028209747736,0.11216129978928664,GC=F,0.10383518927113157,market_elevated,1.0,5.280765665235798,0.5382646677212523
2016-12-15 00:00:00-05:00,1139.800048828125,1143.300048828125,1123.9000244140625,1127.800048828125,244,0.0,0.0,-0.02927123362969974,0.14424742240813854,GC=F,0.65,market_extreme,1.009,5.378509837488764,0.6179407662003052
2016-12-16 00:00:00-05:00,1126.9000244140625,1140.9000244140625,1126.9000244140625,1135.300048828125,146,0.0,0.0,0.006628100511391451,0.14841374907465824,GC=F,0.17340014601512693,market_elevated,1.0,5.476254009741723,0.6917178048925215
2016-12-19 00:00:00-05:00,1139.4000244140625,1140.699951171875,1137.9000244140625,1140.5,249,0.0,0.0,0.0045697865449492924,0.150801326131245,GC=F,0.1195518463834851,market_elevated,1.0,5.769486526500614,0.8709328812016436
2016-12-20 00:00:00-05:00,1133.5,1133.5,1126.5,1131.5,46,0.0,0.0,-0.007922576650850659,0.15126068303729603,GC=F,0.2072654066896671,market_elevated,1.0,5.867230698753573,0.9147310150859497
2016-12-21 00:00:00-05:00,1136.0999755859375,1136.0999755859375,1130.0,1131.0999755859375,50,0.0,0.0,-0.00035359712061060043,0.15089788591249886,GC=F,0.009250582763346603,market_normal,0.996,5.96497487100654,0.9497968347388465
2016-12-22 00:00:00-05:00,1131.199951171875,1132.800048828125,1128.300048828125,1128.800048828125,104,0.0,0.0,-0.0020354241577117678,0.150141160452372,GC=F,0.05324947102768712,market_normal,0.996,6.062719043259499,0.9757955906537076
2016-12-23 00:00:00-05:00,1130.9000244140625,1132.800048828125,1130.300048828125,1131.9000244140625,70,0.0,0.0,0.002742493412203079,0.1412336319366935,GC=F,0.07174736673112168,market_normal,0.996,6.160463215512458,0.9924790904083592
2016-12-27 00:00:00-05:00,1134.300048828125,1142.199951171875,1134.300048828125,1137.300048828125,84,0.0,0.0,0.0047594169162982715,0.14097201665460618,GC=F,0.12451283543672936,market_elevated,1.0,0.2682545973447219,0.9642349818572339
2016-12-28 00:00:00-05:00,1141.199951171875,1141.199951171875,1138.0,1139.4000244140625,1570,0.0,0.0,0.0018447543496458321,0.13462758506321607,GC=F,0.0482612888927773,market_normal,0.996,0.36599876959768096,0.9337667852075072
2016-12-29 00:00:00-05:00,1143.800048828125,1158.800048828125,1143.5999755859375,1156.4000244140625,950,0.0,0.0,0.01480992278090006,0.14679622938868048,GC=F,0.38744777153986015,market_volatile,1.0,0.46374294185064,0.8943845527890023
2016-12-30 00:00:00-05:00,1162.0,1162.0,1150.0,1150.0,16,0.0,0.0,-0.005549809897021,0.13974526424739336,GC=F,0.14519059342049906,market_elevated,1.0,0.5614871141036133,0.8464642399622944
2017-01-03 00:00:00-05:00,1155.199951171875,1160.800048828125,1146.5,1160.4000244140625,52,0.0,0.0,0.00900285192930361,0.14347047898553772,GC=F,0.23552688080254974,market_elevated,1.0,0.9524638031154566,0.5796772303345705
2017-01-04 00:00:00-05:00,1156.300048828125,1165.0,1156.300048828125,1163.800048828125,36,0.0,0.0,0.0029257608917391607,0.14155029679678224,GC=F,0.07654189385948436,market_normal,0.996,1.0502079753684157,0.4973906344672045
2017-01-05 00:00:00-05:00,1172.0,1183.300048828125,1171.5,1179.699951171875,500,0.0,0.0,0.013569572279167469,0.14962439780161038,GC=F,0.3549985113422027,market_volatile,1.0,1.1479521476213819,0.41035578884739443
2017-01-06 00:00:00-05:00,1176.5,1176.5,1171.9000244140625,1171.9000244140625,16,0.0,0.0,-0.006633743360060724,0.1502378291102605,GC=F,0.173547770629677,market_elevated,1.0,1.245696319874341,0.3194035558909892
2017-01-09 00:00:00-05:00,1173.9000244140625,1183.5999755859375,1173.0,1183.5,62,0.0,0.0,0.009849765856593362,0.15253799594834125,GC=F,0.2576833038081897,market_elevated,1.0,1.5389288366332252,0.03186209666669332
2017-01-10 00:00:00-05:00,1184.300048828125,1188.9000244140625,1182.300048828125,1184.199951171875,8,0.0,0.0,0.0005912499106309624,0.1515445156644005,GC=F,0.015467903761965855,market_normal,0.996,1.6366730088861843,-0.06582904451406763
2017-01-11 00:00:00-05:00,1187.5,1197.0,1176.5,1195.5999755859375,20,0.0,0.0,0.009580731125187961,0.1504663153872124,GC=F,0.25064498843734395,market_elevated,1.0,1.7344171811391575,-0.16289176062477279
2017-01-12 00:00:00-05:00,1192.699951171875,1204.300048828125,1192.300048828125,1198.9000244140625,110,0.0,0.0,0.002756359087469122,0.15035629240241272,GC=F,0.07211011170030222,market_normal,0.996,1.8321613533921166,-0.2583994599971828
2017-01-13 00:00:00-05:00,1195.699951171875,1196.0,1187.699951171875,1195.300048828125,65,0.0,0.0,-0.0030072493432917323,0.14893117704209372,GC=F,0.07867374285203926,market_normal,0.996,1.9299055256450757,-0.35144039564921054
2017-01-17 00:00:00-05:00,1205.5,1214.5999755859375,1200.800048828125,1212.0,79,0.0,0.0,0.013874646895225017,0.15478536721911237,GC=F,0.3629796792317015,market_volatile,1.0,2.320882214656926,-0.6817016007017445
2017-01-18 00:00:00-05:00,1213.5999755859375,1214.699951171875,1203.0999755859375,1211.300048828125,114,0.0,0.0,-0.0005776842959905698,0.1058377378130888,GC=F,0.01511300878784978,market_normal,0.996,2.418626386909885,-0.7498465137590405
2017-01-19 00:00:00-05:00,1200.5,1204.0,1195.800048828125,1200.9000244140625,26,0.0,0.0,-0.008622907336826992,0.11292726926581964,GC=F,0.22558701225350256,market_elevated,1.0,2.5163705591628442,-0.8108331526619863
2017-01-20 00:00:00-05:00,1202.800048828125,1212.0999755859375,1202.800048828125,1204.300048828125,38,0.0,0.0,0.0028272298148097597,0.11272000748872284,GC=F,0.07396418655145214,market_normal,0.996,2.6141147314158033,-0.8640793194900617
2017-01-23 00:00:00-05:00,1212.0,1215.0,1210.0,1215.0,16,0.0,0.0,0.008845550963396858,0.1078741862992218,GC=F,0.23141167307302404,market_elevated,1.0,2.907347248174702,-0.9726897664908349
2017-01-24 00:00:00-05:00,1219.0,1219.0,1207.699951171875,1210.300048828125,24,0.0,0.0,-0.0038757736862718066,0.1100819148645103,GC=F,0.10139552379540351,market_elevated,1.0,3.005091420427661,-0.9906981632448016
2017-01-25 00:00:00-05:00,1202.0,1202.800048828125,1194.9000244140625,1197.300048828125,403,0.0,0.0,-0.010799240583716598,0.11916769488503759,GC=F,0.2825228571670869,market_elevated,1.0,3.10283559268062,-0.9992490391240408
2017-01-26 00:00:00-05:00,1199.699951171875,1199.699951171875,1185.5999755859375,1189.5,19,0.0,0.0,-0.0065360117616481,0.12348579537046052,GC=F,0.17099097876963879,market_elevated,1.0,3.200579764933579,-0.9982607647381638
2017-01-27 00:00:00-05:00,1187.9000244140625,1188.300048828125,1187.9000244140625,1188.0999755859375,234352,0.0,0.0,-0.001177678827598852,0.12374683733878561,GC=F,0.03080968375684669,market_normal,0.996,3.298323937186545,-0.9877427744698918
2017-01-30 00:00:00-05:00,1191.699951171875,1198.5,1187.0999755859375,1193.199951171875,50503,0.0,0.0,0.004283360803183659,0.12397633364003573,GC=F,0.11205855847101417,market_elevated,1.0,3.5915564539454365,-0.9004628473603363
2017-01-31 00:00:00-05:00,1194.9000244140625,1214.699951171875,1193.5,1208.5999755859375,3212,0.0,0.0,0.012823912008577408,0.12159858981400769,GC=F,0.3354910220433038,market_volatile,1.0,3.6893006261983885,-0.8537202951356812
2017-02-01 00:00:00-05:00,1211.9000244140625,1211.9000244140625,1197.9000244140625,1205.5999755859375,1145,0.0,0.0,-0.002485296665438633,0.11961589613501876,GC=F,0.065018749178186,market_normal,0.996,3.7870447984513476,-0.798827856485495
2017-02-02 00:00:00-05:00,1209.699951171875,1224.199951171875,1208.9000244140625,1216.699951171875,1512,0.0,0.0,0.009164887600060555,0.11973244470223675,GC=F,0.23976595486617083,market_elevated,1.0,3.884788970704321,-0.7363095521495481
2017-02-03 00:00:00-05:00,1214.9000244140625,1220.5999755859375,1206.199951171875,1218.5,865,0.0,0.0,0.0014783584034642827,0.11973542200695433,GC=F,0.03867587140279817,market_normal,0.996,3.982533142957287,-0.6667622018154695
2017-02-06 00:00:00-05:00,1221.9000244140625,1235.4000244140625,1218.5,1230.0,908,0.0,0.0,0.009393575301202162,0.1155335774452282,GC=F,0.24574873691687538,market_elevated,1.0,4.275765659716164,-0.42288198635952223
2017-02-07 00:00:00-05:00,1234.199951171875,1236.199951171875,1228.5,1234.199951171875,1177,0.0,0.0,0.0034087779579315197,0.1112485670630011,GC=F,0.08917827884815593,market_normal,0.996,4.3735098319691375,-0.3324301948201912
2017-02-08 00:00:00-05:00,1232.0999755859375,1243.9000244140625,1231.0,1237.5999755859375,288,0.0,0.0,0.002751053207520085,0.10798226920526839,GC=F,0.07197130264689083,market_normal,0.996,4.4712540042220965,-0.23880491853693822
2017-02-09 00:00:00-05:00,1239.4000244140625,1243.5,1226.9000244140625,1235.0999755859375,885,0.0,0.0,-0.002022081854817559,0.10882720037874626,GC=F,0.052900418193310574,market_normal,0.996,4.5689981764750485,-0.14289993428022288
2017-02-10 00:00:00-05:00,1227.5999755859375,1234.4000244140625,1221.5,1234.4000244140625,391,0.0,0.0,-0.000566876850066067,0.10555346352493095,GC=F,0.014830271267780706,market_normal,0.996,4.666742348728022,-0.045630781640428233
2017-02-13 00:00:00-05:00,1230.5,1231.0999755859375,1219.0,1224.4000244140625,398,0.0,0.0,-0.008134093816160818,0.1105697633760687,GC=F,0.21279898411301063,market_elevated,1.0,4.959974865486906,0.24506417468592273
2017-02-14 00:00:00-05:00,1225.9000244140625,1233.5,1222.0999755859375,1223.9000244140625,159,0.0,0.0,-0.00040844667481872133,0.10974579229989584,GC=F,0.010685521882360677,market_normal,0.996,5.057719037739865,0.3385072676958488
2017-02-15 00:00:00-05:00,1225.5,1231.699951171875,1217.300048828125,1231.699951171875,175,0.0,0.0,0.006352787968514301,0.10152120863699564,GC=F,0.1661975945371211,market_elevated,1.0,5.155463209992824,0.4287188622845052
2017-02-16 00:00:00-05:00,1234.5,1240.699951171875,1233.199951171875,1240.0,87,0.0,0.0,0.0067160902945164426,0.10342941966242479,GC=F,0.1757020787054189,market_elevated,1.0,5.253207382245797,0.5148377697764649
2017-02-17 00:00:00-05:00,1240.699951171875,1241.199951171875,1234.800048828125,1237.5999755859375,301,0.0,0.0,-0.001937379067167637,0.09794583130795041,GC=F,0.05068447778607897,market_normal,0.996,5.350951554498749,0.5960418715935764
2017-02-21 00:00:00-05:00,1237.300048828125,1237.5,1228.0999755859375,1237.5,119,0.0,0.0,-8.078508906953723e-05,0.09794246488965636,GC=F,0.0021134480710465315,market_normal,0.996,5.7419282435106,0.8570617021785851
2017-02-22 00:00:00-05:00,1236.0999755859375,1238.5999755859375,1231.800048828125,1232.0,36,0.0,0.0,-0.004454350349380309,0.0958370809816483,GC=F,0.11653187812369623,market_elevated,1.0,5.839672415763559,0.903249804711101
2017-02-23 00:00:00-05:00,1236.0999755859375,1250.300048828125,1236.0999755859375,1250.199951171875,112,0.0,0.0,0.014664634347995097,0.10578155072182646,GC=F,0.38364682805134015,market_volatile,1.0,5.937416588016525,0.940815196310988
2017-02-24 00:00:00-05:00,1250.0,1258.800048828125,1250.0,1256.9000244140625,1264,0.0,0.0,0.005344891913360862,0.09641311512272328,GC=F,0.13982965958632973,market_elevated,1.0,6.035160760269484,0.9693992657600068
2017-02-27 00:00:00-05:00,1254.699951171875,1263.0999755859375,1250.4000244140625,1257.4000244140625,544,0.0,0.0,0.00039772501044503744,0.09124783436447151,GC=F,0.010405028524614104,market_normal,0.996,0.04520796984878217,0.9989782937591004
2017-02-28 00:00:00-05:00,1253.5999755859375,1257.300048828125,1247.199951171875,1252.5999755859375,721,0.0,0.0,-0.00382474476466306,0.09308676159169015,GC=F,0.1000605376341732,market_elevated,1.0,0.14295214210174123,0.9897997307733917
2017-03-01 00:00:00-05:00,1247.800048828125,1248.9000244140625,1236.9000244140625,1248.9000244140625,138,0.0,0.0,-0.002958188183111069,0.09472151722561535,GC=F,0.07739023601257937,market_normal,0.996,0.2406963143547145,0.9711722236360836
2017-03-02 00:00:00-05:00,1247.199951171875,1247.5999755859375,1230.699951171875,1231.9000244140625,79,0.0,0.0,-0.013705470631345843,0.10147426248981141,GC=F,0.35855379751664224,market_volatile,1.0,0.33844048660767356,0.9432735964757922
2017-03-03 00:00:00-05:00,1231.699951171875,1235.199951171875,1222.9000244140625,1225.5,121,0.0,0.0,-0.005208788817978716,0.10304859081929711,GC=F,0.13626901705053626,market_elevated,1.0,0.43618465886063973,0.906370178491994
2017-03-06 00:00:00-05:00,1235.199951171875,1235.199951171875,1224.5,1224.5,29,0.0,0.0,-0.0008163265759448011,0.09851591019478956,GC=F,0.021356216192192443,market_normal,0.996,0.7294171756195169,0.7455629436427468
2017-03-07 00:00:00-05:00,1224.300048828125,1225.4000244140625,1213.699951171875,1215.0999755859375,53,0.0,0.0,-0.007706239569881471,0.10220532916312072,GC=F,0.2016057337012941,market_elevated,1.0,0.8271613478724831,0.6769677686602704
2017-03-08 00:00:00-05:00,1212.199951171875,1212.199951171875,1206.699951171875,1208.5,24,0.0,0.0,-0.005446436678803248,0.09760113510013274,GC=F,0.14248620909467222,market_elevated,1.0,0.9249055201254563,0.6019100432853931
2017-03-09 00:00:00-05:00,1204.5,1205.5999755859375,1202.300048828125,1202.4000244140625,37,0.0,0.0,-0.00506034140032999,0.09736513722801243,GC=F,0.13238543021421448,market_elevated,1.0,1.0226496923784154,0.5211062925212846
2017-03-10 00:00:00-05:00,1196.199951171875,1203.300048828125,1196.199951171875,1200.699951171875,3,0.0,0.0,-0.001414900372918341,0.09627526331353448,GC=F,0.037015722806139566,market_normal,0.996,1.1203938646313745,0.4353278947634539
2017-03-13 00:00:00-04:00,1206.199951171875,1210.0,1202.300048828125,1202.4000244140625,35,0.0,0.0,0.001414900372918352,0.09674908874981172,GC=F,0.03701572280613986,market_normal,0.996,1.4136263813902588,0.15652366522777575
2017-03-14 00:00:00-04:00,1203.0999755859375,1205.9000244140625,1196.800048828125,1201.9000244140625,22,0.0,0.0,-0.00041592147157480674,0.09676447573842165,GC=F,0.010881072756507954,market_normal,0.996,1.5113705536432178,0.05939080307474582
2017-03-15 00:00:00-04:00,1198.199951171875,1221.199951171875,1197.699951171875,1200.0999755859375,36,0.0,0.0,-0.001498791977594266,0.09350956499719244,GC=F,0.03921044156081863,market_normal,0.996,1.609114725896184,-0.03830902264064055
2017-03-16 00:00:00-04:00,1222.199951171875,1231.4000244140625,1222.199951171875,1226.5,47,0.0,0.0,0.021759718404505305,0.12225488679273787,GC=F,0.5692639002840291,market_extreme,1.009,1.706858898149143,-0.1356431381985208
2017-03-17 00:00:00-04:00,1227.0999755859375,1230.9000244140625,1227.0999755859375,1229.800048828125,26,0.0,0.0,0.0026870095249430263,0.12054041652649504,GC=F,0.0702958325946304,market_normal,0.996,1.804603070402102,-0.23168236106494355
2017-03-20 00:00:00-04:00,1229.300048828125,1234.4000244140625,1229.300048828125,1233.5999755859375,23,0.0,0.0,0.0030851097946710264,0.11860416129308368,GC=F,0.0807106784137088,market_normal,0.996,2.0978355871609864,-0.5029765821011855
2017-03-21 00:00:00-04:00,1226.4000244140625,1246.0999755859375,1226.4000244140625,1246.0999755859375,11,0.0,0.0,0.010081950338285382,0.1236460539424498,GC=F,0.26375756640554293,market_elevated,1.0,2.1955797594139455,-0.5849216310620463
2017-03-22 00:00:00-04:00,1247.9000244140625,1249.5,1247.699951171875,1249.300048828125,3,0.0,0.0,0.0025647791657264977,0.1238758225580474,GC=F,0.06709811975077705,market_normal,0.996,2.2933239316669187,-0.6612828314390763
2017-03-23 00:00:00-04:00,1246.4000244140625,1247.5,1244.800048828125,1246.9000244140625,16,0.0,0.0,-0.0019229429398218444,0.12291923292958698,GC=F,0.05030680901274773,market_normal,0.996,2.391068103919878,-0.7313312148406902
2017-03-24 00:00:00-04:00,1248.0,1248.300048828125,1247.5999755859375,1248.199951171875,3,0.0,0.0,0.0010419837987625065,0.11179598757027212,GC=F,0.0272597167982422,market_normal,0.996,2.488812276172837,-0.7943980770410919
2017-03-27 00:00:00-04:00,1255.800048828125,1257.699951171875,1253.800048828125,1255.4000244140625,72,0.0,0.0,0.0057517919495583296,0.11205318952283329,GC=F,0.15047471929369818,market_elevated,1.0,2.782044792931721,-0.9360560050498342
2017-03-28 00:00:00-04:00,1255.9000244140625,1255.9000244140625,1255.300048828125,1255.300048828125,19,0.0,0.0,-7.963960893288656e-05,0.11204098936629166,GC=F,0.0020834807489440253,market_normal,0.996,2.8797889651846873,-0.9659247132014087
2017-03-29 00:00:00-04:00,1252.199951171875,1253.4000244140625,1252.0999755859375,1253.4000244140625,190678,0.0,0.0,-0.0015147484528922495,0.11135171291381377,GC=F,0.039627884709395184,market_normal,0.996,2.9775331374376464,-0.9865723957394913
2017-03-30 00:00:00-04:00,1253.0999755859375,1253.5999755859375,1241.0999755859375,1245.0,51328,0.0,0.0,-0.006724348370036059,0.11337129551912037,GC=F,0.1759181212199288,market_elevated,1.0,3.0752773096906196,-0.9978019432963044
2017-03-31 00:00:00-04:00,1242.0999755859375,1248.800048828125,1238.699951171875,1247.300048828125,8223,0.0,0.0,0.0018457243799123385,0.10218832952322804,GC=F,0.04828666620707153,market_normal,0.996,3.1730214819435787,-0.9995061550266509
2017-04-03 00:00:00-04:00,1247.5,1252.4000244140625,1243.5999755859375,1250.800048828125,1160,0.0,0.0,0.0028021313424812086,0.10020777799970214,GC=F,0.07330757629651595,market_normal,0.996,3.466253998702456,-0.9477588075519772
2017-04-04 00:00:00-04:00,1253.0999755859375,1260.300048828125,1253.0,1255.0,724,0.0,0.0,0.003352186944682863,0.1003102534777572,GC=F,0.08769778078636642,market_normal,0.996,3.563998170955422,-0.9121054246078295
2017-04-05 00:00:00-04:00,1255.4000244140625,1255.4000244140625,1243.0,1245.4000244140625,907,0.0,0.0,-0.0076787895241424015,0.10027968312892178,GC=F,0.2008876030798444,market_elevated,1.0,3.661742343208388,-0.8677447921570021
2017-04-06 00:00:00-04:00,1256.0999755859375,1257.5,1249.0,1250.300048828125,169,0.0,0.0,0.00392677851233867,0.09770765360854096,GC=F,0.10272987958440671,market_elevated,1.0,3.7594865154613473,-0.8151003909557828
2017-04-07 00:00:00-04:00,1249.5,1269.0999755859375,1249.5,1254.300048828125,445,0.0,0.0,0.003194125405133405,0.0947364098353956,GC=F,0.08356267541339465,market_normal,0.996,3.8572306877143063,-0.7546747812609348
2017-04-10 00:00:00-04:00,1252.699951171875,1255.199951171875,1246.800048828125,1251.0999755859375,182,0.0,0.0,-0.0025545421499374417,0.09533623738976697,GC=F,0.0668303054607658,market_normal,0.996,4.150463204473198,-0.5328168354143736
2017-04-11 00:00:00-04:00,1254.5,1273.5,1254.5,1271.199951171875,401,0.0,0.0,0.0159381530021803,0.1068705834615928,GC=F,0.4169638123380409,market_volatile,1.0,4.248207376726164,-0.4476911510574297
2017-04-12 00:00:00-04:00,1275.0,1285.0999755859375,1272.0,1275.300048828125,492,0.0,0.0,0.003220185508956306,0.10629714468690471,GC=F,0.0842444432592947,market_normal,0.996,4.345951548979123,-0.35829166407963225
2017-04-13 00:00:00-04:00,1285.300048828125,1287.5999755859375,1282.0,1285.9000244140625,915,0.0,0.0,0.00827739794195269,0.10668324019871148,GC=F,0.21654801542208232,market_elevated,1.0,4.443695721232082,-0.2654718105179547
2017-04-17 00:00:00-04:00,1291.800048828125,1294.800048828125,1284.300048828125,1289.4000244140625,73,0.0,0.0,0.002718131548590306,0.08287833622323848,GC=F,0.07111002716446978,market_normal,0.996,4.83467241024394,0.12197890210980257
2017-04-18 00:00:00-04:00,1283.9000244140625,1291.699951171875,1278.5999755859375,1291.699951171875,394,0.0,0.0,0.0017821296255692255,0.08289558968320107,GC=F,0.046622940729472075,market_normal,0.996,4.932416582496899,0.21825655982863457
2017-04-19 00:00:00-04:00,1288.0,1288.0,1274.0,1281.4000244140625,194,0.0,0.0,-0.008005893178956763,0.09021705974104888,GC=F,0.20944508065723022,market_elevated,1.0,5.030160754749858,0.3124506707647968
2017-04-20 00:00:00-04:00,1279.699951171875,1281.9000244140625,1276.199951171875,1281.9000244140625,127,0.0,0.0,0.00039012210573624806,0.08512391141481818,GC=F,0.010206126171763934,market_normal,0.996,5.12790492700281,0.4036620278706617
2017-04-21 00:00:00-04:00,1279.800048828125,1287.4000244140625,1279.199951171875,1287.4000244140625,474,0.0,0.0,0.004281328219062014,0.08563900167601382,GC=F,0.11200538329920205,market_elevated,1.0,5.225649099255783,0.49101989841872484
2017-04-24 00:00:00-04:00,1275.0,1276.4000244140625,1265.0,1275.800048828125,605,0.0,0.0,-0.009051228501958202,0.09244556751746633,GC=F,0.23679247789897287,market_elevated,1.0,5.518881616014667,0.7218644021486933
2017-04-25 00:00:00-04:00,1275.5999755859375,1276.9000244140625,1262.0999755859375,1265.5999755859375,356,0.0,0.0,-0.008027172357523912,0.09769545498488681,GC=F,0.21000177298020936,market_elevated,1.0,5.616625788267626,0.7859535132015535
2017-04-26 00:00:00-04:00,1266.0,1266.0,1262.0999755859375,1262.0999755859375,1156,0.0,0.0,-0.002769317802300099,0.0965514254973443,GC=F,0.07244912934796732,market_normal,0.996,5.714369960520585,0.8425396611588496
2017-04-27 00:00:00-04:00,1266.699951171875,1267.199951171875,1262.199951171875,1263.699951171875,206,0.0,0.0,0.0012669062050332798,0.09660555289956832,GC=F,0.033143993601588095,market_normal,0.996,5.812114132773559,0.891082656591172
2017-04-28 00:00:00-04:00,1265.9000244140625,1267.199951171875,1264.699951171875,1266.0999755859375,85,0.0,0.0,0.0018974031177029385,0.09651316420679802,GC=F,0.04963865244556723,market_normal,0.996,5.909858305026518,0.9311190925702862
2017-05-01 00:00:00-04:00,1268.699951171875,1269.300048828125,1253.300048828125,1253.300048828125,34,0.0,0.0,-0.01016117866619856,0.10040166040155146,GC=F,0.26583028748227794,market_elevated,1.0,6.203090821785402,0.9967941510818014
2017-05-02 00:00:00-04:00,1256.199951171875,1256.199951171875,1251.199951171875,1255.0999755859375,90,0.0,0.0,0.0014351196373916847,0.1003329077138266,GC=F,0.037544686331356276,market_normal,0.996,0.01764968685877477,0.9998442483201592
2017-05-03 00:00:00-04:00,1255.0999755859375,1255.800048828125,1238.699951171875,1246.4000244140625,195,0.0,0.0,-0.006955815510367903,0.10292353881811696,GC=F,0.1819736171892891,market_elevated,1.0,0.11539385911174094,0.9933495132364364
2017-05-04 00:00:00-04:00,1239.800048828125,1239.800048828125,1224.199951171875,1226.5,72,0.0,0.0,-0.016094831005602106,0.11578629919460617,GC=F,0.4210627225196241,market_volatile,1.0,0.2131380313647,0.9773719466447155
2017-05-05 00:00:00-04:00,1227.0,1233.699951171875,1224.800048828125,1224.800048828125,16,0.0,0.0,-0.0013869794888681627,0.11330244768819853,GC=F,0.036285274412538496,market_normal,0.996,0.31088220361765906,0.9520640754953579
2017-05-08 00:00:00-04:00,1224.0,1234.0,1224.0,1225.300048828125,43,0.0,0.0,0.0004081465956588177,0.1121044283301931,GC=F,0.010677671402414884,market_normal,0.996,0.6041147203765433,0.8230052887376622
2017-05-09 00:00:00-04:00,1226.0999755859375,1226.199951171875,1214.0,1214.300048828125,55,0.0,0.0,-0.009017932534638276,0.1143593218390139,GC=F,0.23592140999874,market_elevated,1.0,0.7018588926295166,0.7636433350148011
2017-05-10 00:00:00-04:00,1219.800048828125,1220.199951171875,1217.300048828125,1217.300048828125,23,0.0,0.0,0.002467512256678818,0.1151205096765567,GC=F,0.06455348479807518,market_normal,0.996,0.7996030648824757,0.6969913982782575
2017-05-11 00:00:00-04:00,1218.5,1222.699951171875,1218.300048828125,1222.699951171875,13,0.0,0.0,0.0044261566880950615,0.09920183170723343,GC=F,0.11579429350572601,market_elevated,1.0,0.8973472371354347,0.6236857591898978
2017-05-12 00:00:00-04:00,1228.0,1229.5,1226.0999755859375,1226.199951171875,29,0.0,0.0,0.0028584282924305183,0.09897641623403867,GC=F,0.07478038126147375,market_normal,0.996,0.9950914093883938,0.5444262167779571
2017-05-15 00:00:00-04:00,1227.5,1232.699951171875,1227.5,1228.5999755859375,13,0.0,0.0,0.0019553733504766723,0.09305577888804202,GC=F,0.05115523277053669,market_normal,0.996,1.2883239261472852,0.2787309155832808
2017-05-16 00:00:00-04:00,1230.4000244140625,1237.300048828125,1230.4000244140625,1235.0,20,0.0,0.0,0.005195680203699949,0.09506978526804963,GC=F,0.13592607782894667,market_elevated,1.0,1.3860680984002443,0.1836793925754139
2017-05-17 00:00:00-04:00,1241.0,1259.199951171875,1240.699951171875,1257.5,26,0.0,0.0,0.018054652911816706,0.11742372305615036,GC=F,0.4723343355733487,market_volatile,1.0,1.4838122706532033,0.08687440745972444
2017-05-18 00:00:00-04:00,1254.800048828125,1260.0,1245.800048828125,1251.699951171875,43,0.0,0.0,-0.0046230346493643755,0.11555127717633687,GC=F,0.12094488939252446,market_elevated,1.0,1.5815564429061624,-0.010759908477916802
2017-05-19 00:00:00-04:00,1252.699951171875,1252.699951171875,1252.699951171875,1252.699951171875,14,0.0,0.0,0.000798594547308718,0.11562703108025447,GC=F,0.02089232214753262,market_normal,0.996,1.6793006151591356,-0.10829150689492313
2017-05-22 00:00:00-04:00,1251.699951171875,1260.699951171875,1251.699951171875,1260.699951171875,14,0.0,0.0,0.00636590063442143,0.11706536110361798,GC=F,0.16654063975483258,market_elevated,1.0,1.9725331319180128,-0.3910174576189721
2017-05-23 00:00:00-04:00,1261.5,1261.5999755859375,1250.5999755859375,1254.800048828125,20,0.0,0.0,-0.004690847276663877,0.11422587345373046,GC=F,0.12271896017723778,market_elevated,1.0,2.070277304170972,-0.4789699888457709
2017-05-24 00:00:00-04:00,1251.9000244140625,1257.800048828125,1249.699951171875,1252.4000244140625,14,0.0,0.0,-0.0019145062835238531,0.11127071196680852,GC=F,0.0500860945816016,market_normal,0.996,2.168021476423931,-0.5623501196826868
2017-05-25 00:00:00-04:00,1257.0999755859375,1258.300048828125,1255.800048828125,1255.800048828125,11,0.0,0.0,0.0027111286160230396,0.11148131741450644,GC=F,0.07092682090083345,market_normal,0.996,2.265765648676904,-0.6403618767877142
2017-05-26 00:00:00-04:00,1267.5999755859375,1267.5999755859375,1267.5999755859375,1267.5999755859375,271457,0.0,0.0,0.009352470994601849,0.11627249825406374,GC=F,0.24467339221531342,market_elevated,1.0,2.3635098209298633,-0.7122605350279215
2017-05-30 00:00:00-04:00,1267.4000244140625,1270.0,1258.4000244140625,1262.0999755859375,129819,0.0,0.0,-0.0043483486361126054,0.1170976689615312,GC=F,0.11375872878371818,market_elevated,1.0,2.7544865099417137,-0.9260053962031095
2017-05-31 00:00:00-04:00,1262.4000244140625,1273.199951171875,1258.5,1272.0,2712,0.0,0.0,0.007813483979482729,0.11425653678074384,GC=F,0.20441139367162853,market_elevated,1.0,2.852230682194673,-0.958426126158373
2017-06-01 00:00:00-04:00,1268.0,1269.199951171875,1260.800048828125,1267.0,825,0.0,0.0,-0.003938563578928373,0.11533532804805982,GC=F,0.10303819299394847,market_elevated,1.0,2.949974854447632,-0.9816974144054387
2017-06-02 00:00:00-04:00,1265.199951171875,1279.0,1259.0,1276.800048828125,1732,0.0,0.0,0.007705084616983541,0.11465453805705672,GC=F,0.2015755185588415,market_elevated,1.0,3.047719026700591,-0.9955971057990326
2017-06-05 00:00:00-04:00,1279.199951171875,1282.0,1277.0,1279.300048828125,433,0.0,0.0,0.0019561055527115654,0.09598147571905874,GC=F,0.051174388179273306,market_normal,0.996,3.3409515434594823,-0.980193745338518
2017-06-06 00:00:00-04:00,1279.4000244140625,1295.199951171875,1279.4000244140625,1294.4000244140625,942,0.0,0.0,0.011734194674689481,0.1007778298763751,GC=F,0.30698253088710775,market_volatile,1.0,3.4386957157124556,-0.9561885829002879
2017-06-07 00:00:00-04:00,1291.5999755859375,1293.0999755859375,1284.300048828125,1290.0999755859375,641,0.0,0.0,-0.0033275703585958936,0.10263031365839646,GC=F,0.08705377733250536,market_normal,0.996,3.5364398879654146,-0.9230553390559775
2017-06-08 00:00:00-04:00,1285.4000244140625,1287.5999755859375,1268.0999755859375,1276.300048828125,319,0.0,0.0,-0.01075441056072261,0.1052196207874741,GC=F,0.2813500426450894,market_elevated,1.0,3.6341840602183737,-0.8811103143267021
2017-06-09 00:00:00-04:00,1277.9000244140625,1277.9000244140625,1264.5999755859375,1268.5,467,0.0,0.0,-0.0061302052068687345,0.10925828974621253,GC=F,0.16037452602700147,market_elevated,1.0,3.7319282324713328,-0.8307539293064283
2017-06-12 00:00:00-04:00,1266.4000244140625,1269.300048828125,1263.199951171875,1266.0999755859375,255,0.0,0.0,-0.00189380979601569,0.10965496478285953,GC=F,0.04954464625115642,market_normal,0.996,4.025160749230224,-0.6343970241212487
2017-06-13 00:00:00-04:00,1264.0999755859375,1266.9000244140625,1259.699951171875,1265.800048828125,150,0.0,0.0,-0.0002369183272036132,0.10975326062836267,GC=F,0.0061981064499792545,market_normal,0.996,4.122904921483183,-0.5559322324347264
2017-06-14 00:00:00-04:00,1269.4000244140625,1278.0,1256.800048828125,1272.800048828125,336,0.0,0.0,0.0055148644702221845,0.11062300636642297,GC=F,0.14427637341145402,market_elevated,1.0,4.220649093736142,-0.4721603342164178
2017-06-15 00:00:00-04:00,1263.199951171875,1264.199951171875,1250.300048828125,1252.199951171875,743,0.0,0.0,-0.016317271069001,0.12604301752630173,GC=F,0.4268820578490585,market_volatile,1.0,4.318393265989101,-0.3838810427448054
2017-06-16 00:00:00-04:00,1252.800048828125,1255.300048828125,1251.300048828125,1254.0,34,0.0,0.0,0.0014364768755273823,0.10915919829297138,GC=F,0.03758019353142102,market_normal,0.996,4.416137438242075,-0.29193710031301207
2017-06-19 00:00:00-04:00,1252.0999755859375,1252.199951171875,1241.9000244140625,1244.199951171875,108,0.0,0.0,-0.007845728356542297,0.11137785369865918,GC=F,0.20525495053693052,market_elevated,1.0,4.709369955000952,-0.0030190207975818346
2017-06-20 00:00:00-04:00,1242.199951171875,1245.5,1240.5,1241.0,75,0.0,0.0,-0.002575207631716499,0.1115768303657351,GC=F,0.0673709426390649,market_normal,0.996,4.807114127253911,0.09458355126651002
2017-06-21 00:00:00-04:00,1244.0999755859375,1245.0,1240.0,1243.4000244140625,205,0.0,0.0,0.0019320762655520435,0.10919748521188416,GC=F,0.05054574926606742,market_normal,0.996,4.90485829950687,0.19128319856128662
2017-06-22 00:00:00-04:00,1251.0,1252.699951171875,1246.300048828125,1247.5999755859375,156,0.0,0.0,0.003372103694666421,0.109017432150131,GC=F,0.08821883012008734,market_normal,0.996,5.002602471759843,0.2861567953893506
2017-06-23 00:00:00-04:00,1250.0,1273.5999755859375,1249.800048828125,1256.199951171875,269,0.0,0.0,0.0068695659857476036,0.11156874656189807,GC=F,0.17971721203411808,market_elevated,1.0,5.1003466440128165,0.37829864811386577
2017-06-26 00:00:00-04:00,1260.199951171875,1260.199951171875,1241.5999755859375,1246.300048828125,194,0.0,0.0,-0.00791205113977467,0.11451920385058008,GC=F,0.20699004496962026,market_elevated,1.0,5.393579160771694,0.6297180302474714
2017-06-27 00:00:00-04:00,1251.5999755859375,1251.800048828125,1245.9000244140625,1246.4000244140625,111,0.0,0.0,8.021469334752496e-05,0.10897956726949663,GC=F,0.0020985257412910693,market_normal,0.996,5.491323333024653,0.7025214368852715
2017-06-28 00:00:00-04:00,1248.5,1248.5,1248.0,1248.0,370,0.0,0.0,0.0012828542252268432,0.1084157911484638,GC=F,0.033561215553105476,market_normal,0.996,5.589067505277612,0.7686183496576496
2017-06-29 00:00:00-04:00,1248.199951171875,1250.699951171875,1238.0999755859375,1244.199951171875,540,0.0,0.0,-0.003049556093049251,0.10432961865942143,GC=F,0.07978054510598383,market_normal,0.996,5.686811677530585,0.8273777863386528
2017-06-30 00:00:00-04:00,1243.699951171875,1243.699951171875,1239.0999755859375,1240.699951171875,43,0.0,0.0,-0.002817016742802062,0.10401052152504646,GC=F,0.07369699866340576,market_normal,0.996,5.784555849783544,0.8782388105910272
2017-07-03 00:00:00-04:00,1236.0,1236.0,1217.9000244140625,1217.9000244140625,33,0.0,0.0,-0.018547612954424916,0.11545727588049536,GC=F,0.4852308423811402,market_volatile,1.0,6.0777883665424355,0.9789801033121329
2017-07-05 00:00:00-04:00,1222.5,1225.0,1217.0999755859375,1220.4000244140625,40,0.0,0.0,0.0020506097083853696,0.11550110040068025,GC=F,0.05364674573702461,market_normal,0.996,6.273276711048354,0.999950910262993
2017-07-06 00:00:00-04:00,1225.0999755859375,1225.0999755859375,1222.199951171875,1222.199951171875,5,0.0,0.0,0.001473779662321924,0.10483059281369343,GC=F,0.038556085291937915,market_normal,0.996,0.08783557612172643,0.9961449352538585
2017-07-07 00:00:00-04:00,1219.0999755859375,1220.4000244140625,1208.5999755859375,1208.5999755859375,116,0.0,0.0,-0.011189828782629333,0.10885319911022577,GC=F,0.2927411769718111,market_elevated,1.0,0.1855797483746855,0.982829442745912
2017-07-10 00:00:00-04:00,1211.4000244140625,1212.0999755859375,1209.5999755859375,1212.0999755859375,28,0.0,0.0,0.0028917276073374782,0.10702325384817733,GC=F,0.07565153673914746,market_normal,0.996,0.4788122651335769,0.8875427682296526
2017-07-11 00:00:00-04:00,1208.699951171875,1214.9000244140625,1208.699951171875,1213.5999755859375,12,0.0,0.0,0.0012367565827513586,0.10688051466778205,GC=F,0.03235523837722163,market_normal,0.996,0.576556437386536,0.8383448414917326
2017-07-12 00:00:00-04:00,1218.300048828125,1219.4000244140625,1217.9000244140625,1218.0999755859375,7,0.0,0.0,0.0037011187459087707,0.10876176230833096,GC=F,0.09682631243399405,market_normal,0.996,0.6743006096395092,0.7811438073162573
2017-07-13 00:00:00-04:00,1221.4000244140625,1221.4000244140625,1216.300048828125,1216.300048828125,7,0.0,0.0,-0.0014787438939784538,0.10861604940970149,GC=F,0.03868595636021996,market_normal,0.996,0.7720447818924683,0.7164857250327555
2017-07-14 00:00:00-04:00,1214.9000244140625,1227.5,1214.800048828125,1226.5999755859375,23,0.0,0.0,0.008432590518839307,0.11155609444915601,GC=F,0.2206080648203003,market_elevated,1.0,0.8697889541454273,0.644987841332092
2017-07-17 00:00:00-04:00,1229.9000244140625,1233.4000244140625,1229.9000244140625,1232.800048828125,7,0.0,0.0,0.005041950325371254,0.10042016396605967,GC=F,0.13190429461922173,market_elevated,1.0,1.1630214709043045,0.3965676168618858
2017-07-18 00:00:00-04:00,1236.199951171875,1241.199951171875,1236.199951171875,1241.0999755859375,29,0.0,0.0,0.006710018850761259,0.10347772302157468,GC=F,0.17554324145908232,market_elevated,1.0,1.2607656431572636,0.3050878573579989
2017-07-19 00:00:00-04:00,1240.4000244140625,1241.199951171875,1240.0999755859375,1241.199951171875,3,0.0,0.0,8.055077060915145e-05,0.09996389115937267,GC=F,0.00210731798065712,market_normal,0.996,1.3585098154102369,0.21069563179063158
2017-07-20 00:00:00-04:00,1236.5999755859375,1244.800048828125,1236.5999755859375,1244.800048828125,5,0.0,0.0,0.0028962994150305284,0.10006399953388205,GC=F,0.07577114146152085,market_normal,0.996,1.456253987663196,0.11429203847293565
2017-07-21 00:00:00-04:00,1250.699951171875,1254.300048828125,1250.5,1254.300048828125,16,0.0,0.0,0.00760277330940865,0.10321810513502162,GC=F,0.19889891526322248,market_elevated,1.0,1.5539981599161692,0.01679737687653544
2017-07-24 00:00:00-04:00,1256.0,1256.0,1253.9000244140625,1253.9000244140625,8,0.0,0.0,-0.0003189732922199768,0.10267652335756151,GC=F,0.008344776207121575,market_normal,0.996,1.8472306766750322,-0.27292711161482386
2017-07-25 00:00:00-04:00,1252.699951171875,1253.5999755859375,1249.199951171875,1251.699951171875,18,0.0,0.0,-0.001756125342464039,0.09997107895716147,GC=F,0.04594263322965243,market_normal,0.996,1.9449748489280054,-0.3655080141705599
2017-07-26 00:00:00-04:00,1244.800048828125,1249.0,1244.800048828125,1249.0,7,0.0,0.0,-0.0021593571989522043,0.0962762614684734,GC=F,0.056491728354693016,market_normal,0.996,2.0427190211809645,-0.4545996605611388
2017-07-27 00:00:00-04:00,1259.5999755859375,1259.5999755859375,1259.5999755859375,1259.5999755859375,220309,0.0,0.0,0.008450959718898568,0.10052429679703871,GC=F,0.22108862813809893,market_elevated,1.0,2.1404631934339378,-0.5393515534941082
2017-07-28 00:00:00-04:00,1258.4000244140625,1270.0,1256.9000244140625,1268.4000244140625,64180,0.0,0.0,0.0069620920676366025,0.1029756366682366,GC=F,0.18213782048478744,market_elevated,1.0,2.238207365686897,-0.6189546243486225
2017-07-31 00:00:00-04:00,1268.9000244140625,1270.800048828125,1265.800048828125,1266.5999755859375,7780,0.0,0.0,-0.0014201571050572992,0.10236659975470866,GC=F,0.03715324608583202,market_normal,0.996,2.531439882445788,-0.8195604906636854
2017-08-01 00:00:00-04:00,1268.4000244140625,1273.300048828125,1262.0,1272.5999755859375,1061,0.0,0.0,0.004725906807239984,0.10229709695803622,GC=F,0.12363616529666385,market_elevated,1.0,2.629184054698733,-0.8715661540608135
2017-08-02 00:00:00-04:00,1268.5,1272.0999755859375,1262.9000244140625,1271.800048828125,393,0.0,0.0,-0.0006287743880614377,0.07346140878554544,GC=F,0.016449595251767927,market_normal,0.996,2.726928226951692,-0.9152515687671291
2017-08-03 00:00:00-04:00,1265.9000244140625,1269.800048828125,1256.5999755859375,1267.800048828125,878,0.0,0.0,-0.003150104862108906,0.07564826741722293,GC=F,0.0824110379910299,market_normal,0.996,2.824672399204651,-0.9501996998704436
2017-08-04 00:00:00-04:00,1269.0,1269.5999755859375,1253.9000244140625,1258.300048828125,521,0.0,0.0,-0.0075215109613676855,0.08228534440745824,GC=F,0.1967729814467968,market_elevated,1.0,2.9224165714576102,-0.9760769213565937
2017-08-07 00:00:00-04:00,1258.699951171875,1259.0999755859375,1255.300048828125,1258.199951171875,260,0.0,0.0,-7.955307474891721e-05,0.0687831887922287,GC=F,0.0020812168967121836,market_normal,0.996,3.21564908821653,-0.9972590752725734
2017-08-08 00:00:00-04:00,1256.9000244140625,1264.0999755859375,1251.4000244140625,1256.4000244140625,555,0.0,0.0,-0.0014315812317578045,0.069634978238166,GC=F,0.03745211681577318,market_normal,0.996,3.313393260469489,-0.9852785384488104
2017-08-09 00:00:00-04:00,1260.199951171875,1277.800048828125,1260.199951171875,1273.0,574,0.0,0.0,0.013125811461155778,0.08002273300083744,GC=F,0.3433891233272245,market_volatile,1.0,3.411137432722434,-0.9638922182184478
2017-08-10 00:00:00-04:00,1276.5999755859375,1287.4000244140625,1274.9000244140625,1283.699951171875,608,0.0,0.0,0.008370175496451656,0.08266183672772627,GC=F,0.2189752027390818,market_elevated,1.0,3.508881604975393,-0.9333042752204269
2017-08-11 00:00:00-04:00,1286.300048828125,1291.0999755859375,1282.0,1287.699951171875,139,0.0,0.0,0.003111148307012124,0.08139922625752616,GC=F,0.08139188139700743,market_normal,0.996,3.606625777228352,-0.8938067117215871
2017-08-14 00:00:00-04:00,1288.4000244140625,1288.4000244140625,1278.800048828125,1284.199951171875,338,0.0,0.0,-0.0027217250231354575,0.08069757589328688,GC=F,0.07120403735785173,market_normal,0.996,3.8998582939872435,-0.7260297575113648
2017-08-15 00:00:00-04:00,1280.5,1280.5,1267.4000244140625,1273.699951171875,188,0.0,0.0,-0.008209906077677841,0.08755253554329431,GC=F,0.21478233623541665,market_elevated,1.0,3.9976024662402025,-0.6554562000314942
2017-08-16 00:00:00-04:00,1271.300048828125,1282.5999755859375,1269.4000244140625,1276.9000244140625,110,0.0,0.0,0.0025092722903703076,0.0856236632218127,GC=F,0.06564598421434924,market_normal,0.996,4.095346638493176,-0.5786254484593529
2017-08-17 00:00:00-04:00,1283.800048828125,1288.5,1283.199951171875,1286.4000244140625,43,0.0,0.0,0.007412353852867797,0.08798387972064353,GC=F,0.19391728266553374,market_elevated,1.0,4.193090810746135,-0.4962709536721049
2017-08-18 00:00:00-04:00,1288.5999755859375,1300.699951171875,1284.300048828125,1285.699951171875,358,0.0,0.0,-0.0005443592909452205,0.08820306685974666,GC=F,0.01424118122113032,market_normal,0.996,4.290834982999094,-0.40917889796266604
2017-08-21 00:00:00-04:00,1285.199951171875,1290.800048828125,1284.699951171875,1290.800048828125,18,0.0,0.0,0.003958939893256818,0.08592059501179558,GC=F,0.10357126515749367,market_elevated,1.0,4.584067499757985,-0.12796960493546405
2017-08-22 00:00:00-04:00,1287.199951171875,1288.4000244140625,1283.199951171875,1285.0999755859375,100,0.0,0.0,-0.004425701690303351,0.08808576030146698,GC=F,0.11578239014315876,market_elevated,1.0,4.681811672010944,-0.03057254377637853
2017-08-23 00:00:00-04:00,1289.4000244140625,1289.4000244140625,1286.9000244140625,1288.9000244140625,250,0.0,0.0,0.0029526430372122,0.08762368525436066,GC=F,0.07724516743570935,market_normal,0.996,4.7795558442639035,0.06711637264365913
2017-08-24 00:00:00-04:00,1288.699951171875,1288.699951171875,1284.0,1286.5,550,0.0,0.0,-0.0018638076307166027,0.08747850641756594,GC=F,0.04875974870250118,market_normal,0.996,4.877300016516877,0.16416457474842996
2017-08-25 00:00:00-04:00,1285.4000244140625,1292.699951171875,1280.300048828125,1292.5,280,0.0,0.0,0.004652974660785244,0.08456697656777415,GC=F,0.12172816091098598,market_elevated,1.0,4.975044188769836,0.25964560942502785
2017-08-28 00:00:00-04:00,1293.5,1311.300048828125,1293.5,1309.699951171875,145,0.0,0.0,0.013219738670856719,0.09233485071980595,GC=F,0.34584638719172756,market_volatile,1.0,5.268276705528713,0.5276975704645671
2017-08-29 00:00:00-04:00,1318.800048828125,1323.800048828125,1313.0999755859375,1313.0999755859375,1178,0.0,0.0,0.002592669218827388,0.09176629752555471,GC=F,0.06782776156471036,market_normal,0.996,5.366020877781672,0.6080737026500882
2017-08-30 00:00:00-04:00,1308.199951171875,1312.5,1304.9000244140625,1308.0999755859375,1178,0.0,0.0,-0.003815051241845523,0.09299887619555267,GC=F,0.09980694186128578,market_normal,0.996,5.463765050034631,0.682644969186772
2017-08-31 00:00:00-04:00,1306.5999755859375,1322.300048828125,1301.699951171875,1316.199951171875,373,0.0,0.0,0.006173075893794918,0.09418930087055195,GC=F,0.16149608164614046,market_elevated,1.0,5.561509222287619,0.7506994889628205
2017-09-01 00:00:00-04:00,1320.199951171875,1327.699951171875,1316.9000244140625,1324.5,313,0.0,0.0,0.006286269787906836,0.09382166767299988,GC=F,0.1644573882426976,market_elevated,1.0,5.659253394540578,0.8115875918109521
2017-09-05 00:00:00-04:00,1335.199951171875,1339.199951171875,1328.5999755859375,1339.199951171875,39,0.0,0.0,0.011037354562418965,0.09188914553988115,GC=F,0.28875224349040407,market_elevated,1.0,6.050230083552414,0.9729884197420059
2017-09-06 00:00:00-04:00,1340.0,1340.300048828125,1332.5999755859375,1333.9000244140625,20,0.0,0.0,-0.003965383824776996,0.09446245869238505,GC=F,0.10373984719160584,market_elevated,1.0,6.147974255805373,0.9908729036659633
2017-09-07 00:00:00-04:00,1336.4000244140625,1349.0,1336.4000244140625,1345.0999755859375,26,0.0,0.0,0.008361341114399392,0.09504790018338989,GC=F,0.2187440832599515,market_elevated,1.0,6.245718428058332,0.9992981985873597
2017-09-08 00:00:00-04:00,1351.0,1355.800048828125,1345.5999755859375,1346.0,37,0.0,0.0,0.0006688896405072527,0.08829247750865112,GC=F,0.01749906494818895,market_normal,0.996,0.06027729313170482,0.9981838739517124
2017-09-11 00:00:00-04:00,1331.0,1331.0,1327.300048828125,1331.0,9,0.0,0.0,-0.011206691809561442,0.09785314205524166,GC=F,0.29318233674711314,market_elevated,1.0,0.3535098098905962,0.9381634232521294
2017-09-12 00:00:00-04:00,1327.0,1328.0,1325.199951171875,1328.0,15,0.0,0.0,-0.002256488358732504,0.09865705909085604,GC=F,0.05903281192148201,market_normal,0.996,0.4512539821435553,0.8999009555193049
2017-09-13 00:00:00-04:00,1323.4000244140625,1323.4000244140625,1323.4000244140625,1323.4000244140625,16,0.0,0.0,-0.003469850010435886,0.09909040836779354,GC=F,0.0907760070062459,market_normal,0.996,0.5489981543965285,0.8530477460371034
2017-09-14 00:00:00-04:00,1319.5999755859375,1329.300048828125,1319.5999755859375,1324.699951171875,316,0.0,0.0,0.000981780804511102,0.09273314245057074,GC=F,0.02568472438890865,market_normal,0.996,0.6467423266494876,0.7980510704977378
2017-09-15 00:00:00-04:00,1320.5999755859375,1321.199951171875,1319.800048828125,1320.4000244140625,15,0.0,0.0,-0.0032512423615178305,0.09436508241150209,GC=F,0.0850569328646776,market_normal,0.996,0.7444864989024467,0.7354359447195925
2017-09-18 00:00:00-04:00,1309.800048828125,1310.4000244140625,1306.0,1306.300048828125,129,0.0,0.0,-0.010735988597467801,0.1009787873230736,GC=F,0.28086809897015885,market_elevated,1.0,1.037719015661338,0.50818606915945
2017-09-19 00:00:00-04:00,1307.9000244140625,1310.300048828125,1305.0999755859375,1306.199951171875,20,0.0,0.0,-7.662978472650562e-05,0.1009173339564881,GC=F,0.0020047396441630486,market_normal,0.996,1.1354631879142971,0.42171249164741875
2017-09-20 00:00:00-04:00,1312.0,1312.0,1298.699951171875,1312.0,12,0.0,0.0,0.004430569417291893,0.10111912282211141,GC=F,0.11590973651775348,market_elevated,1.0,1.2332073601672704,0.33121311208904175
2017-09-21 00:00:00-04:00,1299.0999755859375,1304.0999755859375,1290.300048828125,1290.5999755859375,336,0.0,0.0,-0.01644548291912643,0.11633695251194397,GC=F,0.43023625465014953,market_volatile,1.0,1.3309515324202295,0.23755186644695955
2017-09-22 00:00:00-04:00,1295.0,1295.699951171875,1293.300048828125,1293.300048828125,209,0.0,0.0,0.0020899215909679653,0.11611824621961062,GC=F,0.054675198182523296,market_normal,0.996,1.4286957046731885,0.1416228748666047
2017-09-25 00:00:00-04:00,1293.0999755859375,1309.199951171875,1291.0,1306.800048828125,51,0.0,0.0,0.010384308915688903,0.1210714046316653,GC=F,0.27166767902085237,market_elevated,1.0,1.7219282214320657,-0.15055722118615067
2017-09-26 00:00:00-04:00,1304.5,1305.5999755859375,1297.0,1297.0,39,0.0,0.0,-0.007527532775120786,0.1234474629285443,GC=F,0.19693052030461422,market_elevated,1.0,1.8196723936850248,-0.24631481046897474
2017-09-27 00:00:00-04:00,1283.4000244140625,1283.4000244140625,1283.4000244140625,1283.4000244140625,19488,0.0,0.0,-0.0105410799770725,0.11915399925644202,GC=F,0.2757690237255897,market_elevated,1.0,1.9174165659380122,-0.3397209999529857
2017-09-28 00:00:00-04:00,1283.0999755859375,1288.0,1277.0,1285.5,5226,0.0,0.0,0.0016349223665728455,0.11883936423985315,GC=F,0.04277179813430642,market_normal,0.996,2.0151607381909713,-0.42988410434017693
2017-09-29 00:00:00-04:00,1284.199951171875,1289.4000244140625,1281.5,1281.5,492,0.0,0.0,-0.0031164809018184073,0.1186562181557266,GC=F,0.08153138934750695,market_normal,0.996,2.1129049104439304,-0.5159433978580771
2017-10-02 00:00:00-04:00,1275.0,1276.0999755859375,1270.4000244140625,1272.699951171875,136,0.0,0.0,-0.006890677171902543,0.11735823796647123,GC=F,0.18026950944655584,market_elevated,1.0,2.4061374272028075,-0.741525407579665
2017-10-03 00:00:00-04:00,1269.699951171875,1273.300048828125,1268.5999755859375,1271.5,192,0.0,0.0,-0.0009432837700489293,0.11385659570803079,GC=F,0.024677589481190004,market_normal,0.996,2.5038815994557666,-0.8034606035288643
2017-10-04 00:00:00-04:00,1273.800048828125,1280.800048828125,1270.0,1273.699951171875,218,0.0,0.0,0.0017287063978827545,0.10467971590984648,GC=F,0.045225316256893175,market_normal,0.996,2.6016257717087257,-0.8577257081103684
2017-10-05 00:00:00-04:00,1277.800048828125,1277.800048828125,1267.5999755859375,1269.9000244140625,36,0.0,0.0,-0.0029878358398845554,0.10454879535814818,GC=F,0.07816585913487413,market_normal,0.996,2.6993699439616847,-0.9038026893156514
2017-10-06 00:00:00-04:00,1267.5999755859375,1272.0,1260.5,1271.5999755859375,46,0.0,0.0,0.0013377544169920026,0.09812288024461967,GC=F,0.03499747941965005,market_normal,0.996,2.797114116214658,-0.9412516815754047
2017-10-09 00:00:00-04:00,1280.5999755859375,1284.0,1279.0,1281.800048828125,19,0.0,0.0,0.007989447326364975,0.10434660322969233,GC=F,0.20901483473143925,market_elevated,1.0,3.090346632973535,-0.9986872100223506
2017-10-10 00:00:00-04:00,1282.5999755859375,1293.0,1281.699951171875,1290.5999755859375,18,0.0,0.0,0.006841829421378427,0.10372377944503273,GC=F,0.17899158569467025,market_elevated,1.0,3.1880908052265085,-0.9989191557073868
2017-10-11 00:00:00-04:00,1287.300048828125,1292.0,1284.9000244140625,1285.800048828125,21,0.0,0.0,-0.003726076902423367,0.10398917024267045,GC=F,0.09747925183593302,market_normal,0.996,3.2858349774794675,-0.9896151002996926
2017-10-12 00:00:00-04:00,1291.5,1294.5,1289.300048828125,1293.300048828125,14,0.0,0.0,0.005815998493391344,0.10675371318071805,GC=F,0.15215445001845662,market_elevated,1.0,3.3835791497324266,-0.9708638632818343
2017-10-13 00:00:00-04:00,1293.300048828125,1301.699951171875,1291.699951171875,1301.5,74,0.0,0.0,0.006320316258744202,0.10962583516262807,GC=F,0.16534809033817013,market_elevated,1.0,3.4813233219853856,-0.9428444499473538
2017-10-16 00:00:00-04:00,1302.0,1303.800048828125,1291.9000244140625,1299.9000244140625,173,0.0,0.0,-0.0012300882391540026,0.1092890740432088,GC=F,0.03218078541721095,market_normal,0.996,3.774555838744277,-0.8062782184397757
2017-10-17 00:00:00-04:00,1295.0999755859375,1295.0999755859375,1283.0,1283.0,571,0.0,0.0,-0.013086271579829653,0.11225915793200789,GC=F,0.3423547061237455,market_volatile,1.0,3.872300010997236,-0.7447025007824136
2017-10-18 00:00:00-04:00,1279.9000244140625,1279.9000244140625,1279.9000244140625,1279.9000244140625,163,0.0,0.0,-0.002419116678913994,0.11234721995370157,GC=F,0.06328739050205716,market_normal,0.996,3.9700441832502094,-0.6760176153604179
2017-10-19 00:00:00-04:00,1286.4000244140625,1286.9000244140625,1285.0999755859375,1286.9000244140625,134,0.0,0.0,0.005454275534116093,0.11302104880612597,GC=F,0.14269128423701544,market_elevated,1.0,4.067788355503154,-0.6008792500127165
2017-10-20 00:00:00-04:00,1279.5999755859375,1279.5999755859375,1277.4000244140625,1277.4000244140625,304,0.0,0.0,-0.007409463231041783,0.1010853244118565,GC=F,0.1938416600575416,market_elevated,1.0,4.165532527756113,-0.5200046995573498
2017-10-23 00:00:00-04:00,1274.699951171875,1280.800048828125,1271.5,1277.699951171875,115,0.0,0.0,0.00023476714183852992,0.10069236438028015,GC=F,0.006141828507939909,market_normal,0.996,4.458765044515019,-0.2509136034832537
2017-10-24 00:00:00-04:00,1275.5,1275.5,1273.699951171875,1275.0,111,0.0,0.0,-0.0021153697891088514,0.09252488094420773,GC=F,0.05534095774152026,market_normal,0.996,4.556509216767978,-0.15524925603282266
2017-10-25 00:00:00-04:00,1269.9000244140625,1275.4000244140625,1269.9000244140625,1275.4000244140625,105,0.0,0.0,0.000313695430923488,0.08968302048129759,GC=F,0.008206700159860999,market_normal,0.996,4.654253389020951,-0.058102849632245386
2017-10-26 00:00:00-04:00,1273.5,1273.5,1264.699951171875,1266.300048828125,39,0.0,0.0,-0.007160573007206216,0.08573402592761867,GC=F,0.18733035246939447,market_elevated,1.0,4.75199756127391,0.03959822511601955
2017-10-27 00:00:00-04:00,1268.4000244140625,1268.5,1267.0999755859375,1268.5,567,0.0,0.0,0.0017357990230928244,0.08576843925004837,GC=F,0.04541086900235063,market_normal,0.996,4.849741733526855,0.1369212825684572
2017-10-30 00:00:00-04:00,1270.0,1274.0999755859375,1267.9000244140625,1274.0999755859375,222,0.0,0.0,0.004404927786188189,0.08697438613303177,GC=F,0.11523891648872603,market_elevated,1.0,5.1429742502857465,0.41740272129557654
2017-10-31 00:00:00-04:00,1273.0999755859375,1274.5999755859375,1266.0999755859375,1267.0,235,0.0,0.0,-0.005588126504385657,0.08583573886076987,GC=F,0.1461930081093555,market_elevated,1.0,5.240718422538706,0.5040912673422092
2017-11-01 00:00:00-04:00,1272.199951171875,1274.800048828125,1270.300048828125,1274.0999755859375,78,0.0,0.0,0.005588126504385709,0.08808865045196262,GC=F,0.14619300810935687,market_elevated,1.0,5.338462594791665,0.5859675972562896
2017-11-02 00:00:00-04:00,1274.9000244140625,1274.9000244140625,1274.9000244140625,1274.9000244140625,70,0.0,0.0,0.0006277354683380319,0.08791412126021851,GC=F,0.016422415695358523,market_normal,0.996,5.436206767044624,0.6622500934593893
2017-11-03 00:00:00-04:00,1265.300048828125,1267.9000244140625,1265.300048828125,1266.5,75,0.0,0.0,-0.006610572852132713,0.09035068275257062,GC=F,0.1729415985520121,market_elevated,1.0,5.533950939297597,0.7322105388951203
2017-11-06 00:00:00-05:00,1269.0,1280.5,1269.0,1279.4000244140625,128,0.0,0.0,0.010134046656738413,0.09703905228787837,GC=F,0.26512047712349,market_elevated,1.0,5.827183456056488,0.8978203016447595
2017-11-07 00:00:00-05:00,1276.800048828125,1276.800048828125,1270.4000244140625,1273.699951171875,11,0.0,0.0,-0.004465224838411223,0.09413740523927876,GC=F,0.11681636958283442,market_elevated,1.0,5.924927628309447,0.9365091776648963
2017-11-08 00:00:00-05:00,1275.9000244140625,1284.9000244140625,1274.699951171875,1281.5999755859375,15,0.0,0.0,0.006183266004363352,0.09353341683771489,GC=F,0.16176266883163046,market_elevated,1.0,6.0226718005624065,0.9662578381625472
2017-11-09 00:00:00-05:00,1279.699951171875,1286.9000244140625,1279.699951171875,1285.5999755859375,18,0.0,0.0,0.0031162381684789577,0.09340927156523884,GC=F,0.08152503911240852,market_normal,0.996,6.1204159728153655,0.9867822929295035
2017-11-10 00:00:00-05:00,1283.5,1283.5,1272.4000244140625,1272.4000244140625,10,0.0,0.0,-0.010320616370498838,0.0973751995218055,GC=F,0.2700013952013703,market_elevated,1.0,6.218160145068339,0.9978866089696203
2017-11-13 00:00:00-05:00,1277.300048828125,1277.300048828125,1277.0,1277.300048828125,3,0.0,0.0,0.0038436132139390324,0.09546018850325129,GC=F,0.10055416199214869,market_elevated,1.0,0.22820735464762976,0.9740735131587738
2017-11-14 00:00:00-05:00,1276.9000244140625,1281.5,1276.9000244140625,1281.5,4,0.0,0.0,0.0032827535277863674,0.09653386900830109,GC=F,0.08588130793603936,market_normal,0.996,0.3259515269005888,0.9473464665582441
2017-11-15 00:00:00-05:00,1281.4000244140625,1284.699951171875,1275.9000244140625,1276.5,13,0.0,0.0,-0.003909309122587321,0.08637161948897616,GC=F,0.10227285653104883,market_elevated,1.0,0.4236956991535479,0.9115757482164355
2017-11-16 00:00:00-05:00,1277.5,1277.5,1277.4000244140625,1277.4000244140625,43,0.0,0.0,0.0007048235582582072,0.08605674942433669,GC=F,0.01843914522823331,market_normal,0.996,0.5214398714065069,0.8671028368278414
2017-11-17 00:00:00-05:00,1288.300048828125,1295.800048828125,1288.300048828125,1295.800048828125,1,0.0,0.0,0.01430152145789673,0.09788687790724779,GC=F,0.3741472997845587,market_volatile,1.0,0.619184043659466,0.8143522849993223
2017-11-20 00:00:00-05:00,1274.5999755859375,1275.9000244140625,1274.5999755859375,1274.5999755859375,1,0.0,0.0,-0.016495917971793554,0.11110518886032955,GC=F,0.4315557043901964,market_volatile,1.0,0.9124165604183716,0.6118360757938787
2017-11-21 00:00:00-05:00,1281.0999755859375,1281.0999755859375,1281.0999755859375,1281.0999755859375,4,0.0,0.0,0.005086680079378604,0.11255370577551241,GC=F,0.1330744859678238,market_elevated,1.0,1.0101607326713307,0.5317246009600796
2017-11-22 00:00:00-05:00,1284.699951171875,1291.5999755859375,1282.9000244140625,1291.5999755859375,4,0.0,0.0,0.008162676176655977,0.11556523468319979,GC=F,0.21354673763225787,market_elevated,1.0,1.1079049049242897,0.44653711337107826
2017-11-24 00:00:00-05:00,1286.699951171875,1286.699951171875,1286.699951171875,1286.699951171875,0,0.0,0.0,-0.0038009777393278247,0.1165754417516825,GC=F,0.09943875984785387,market_normal,0.996,1.3033932494302078,0.26422770162714104
2017-11-27 00:00:00-05:00,1293.800048828125,1293.800048828125,1293.800048828125,1293.800048828125,1,0.0,0.0,0.00550289910736466,0.11443370907047987,GC=F,0.14396334320573329,market_elevated,1.0,1.5966257661890992,-0.02582656742880373
2017-11-28 00:00:00-05:00,1294.699951171875,1294.699951171875,1294.699951171875,1294.699951171875,275442,0.0,0.0,0.000695308000776598,0.11440881554050439,GC=F,0.018190205271168602,market_normal,0.996,1.6943699384420583,-0.1232593478383182
2017-11-29 00:00:00-05:00,1293.4000244140625,1296.199951171875,1281.0999755859375,1282.0999755859375,47244,0.0,0.0,-0.009779630834338625,0.11948739240349367,GC=F,0.2558484760051345,market_elevated,1.0,1.7921141106950174,-0.2195154551717788
2017-11-30 00:00:00-05:00,1283.0999755859375,1284.5,1269.699951171875,1273.199951171875,3049,0.0,0.0,-0.00696596145918346,0.12043419387953123,GC=F,0.18223904904311447,market_elevated,1.0,1.8898582829479764,-0.3136759979058132
2017-12-01 00:00:00-05:00,1274.0999755859375,1288.5999755859375,1271.0,1278.800048828125,823,0.0,0.0,0.004388798311228533,0.11983234439364125,GC=F,0.11481694743313539,market_elevated,1.0,1.9876024552009497,-0.40484208944558486
2017-12-04 00:00:00-05:00,1272.5,1276.0999755859375,1270.300048828125,1274.300048828125,850,0.0,0.0,-0.0035251298326162196,0.1204964817095754,GC=F,0.09222220252203293,market_normal,0.996,2.280834971959841,-0.6518630775545745
2017-12-05 00:00:00-05:00,1275.4000244140625,1275.800048828125,1260.0,1261.5999755859375,1499,0.0,0.0,-0.010016309238676628,0.12338564061483329,GC=F,0.2620403057458427,market_elevated,1.0,2.3785791442128,-0.722756651446319
2017-12-06 00:00:00-05:00,1264.9000244140625,1267.800048828125,1261.5999755859375,1262.800048828125,373,0.0,0.0,0.000950779053228449,0.11767787666854332,GC=F,0.024873676308105157,market_normal,0.996,2.476323316465759,-0.7867505596558202
2017-12-07 00:00:00-05:00,1262.300048828125,1262.4000244140625,1243.9000244140625,1249.800048828125,358,0.0,0.0,-0.010347938786658826,0.12179126058694127,GC=F,0.27071618685902327,market_elevated,1.0,2.5740674887187183,-0.8432338959099057
2017-12-08 00:00:00-05:00,1246.300048828125,1249.300048828125,1241.5,1245.199951171875,157,0.0,0.0,-0.003687457209357425,0.11933094861366435,GC=F,0.09646890801190916,market_normal,0.996,2.6718116609716915,-0.8916674522525
2017-12-11 00:00:00-05:00,1248.4000244140625,1249.199951171875,1239.9000244140625,1243.699951171875,146,0.0,0.0,-0.0012053519550518667,0.11821673137885108,GC=F,0.031533650500078926,market_normal,0.996,2.9650441777305687,-0.9844557561873895
2017-12-12 00:00:00-05:00,1241.300048828125,1244.4000244140625,1236.5,1238.5,692,0.0,0.0,-0.004189798469908035,0.11434819714127714,GC=F,0.10961084027126357,market_elevated,1.0,3.0627883499835136,-0.9968965474326709
2017-12-13 00:00:00-05:00,1241.9000244140625,1254.5,1239.800048828125,1245.4000244140625,349,0.0,0.0,0.005555813112327661,0.11546434576859775,GC=F,0.14534764571760078,market_elevated,1.0,3.160532522236487,-0.999820646049386
2017-12-14 00:00:00-05:00,1252.9000244140625,1257.699951171875,1250.300048828125,1253.800048828125,139,0.0,0.0,0.006722195742235451,0.11774076959614813,GC=F,0.17586180554180955,market_elevated,1.0,3.258276694489446,-0.9932001376588305
2017-12-15 00:00:00-05:00,1253.0999755859375,1260.300048828125,1253.0999755859375,1254.300048828125,578,0.0,0.0,0.00039870817523665717,0.1173633778738842,GC=F,0.010430749455992679,market_normal,0.996,3.3560208667424334,-0.9770982237472117
2017-12-18 00:00:00-05:00,1256.199951171875,1262.4000244140625,1255.699951171875,1262.199951171875,45,0.0,0.0,0.006278504505989414,0.11984696129604464,GC=F,0.16425423788068735,market_elevated,1.0,3.6492533835013106,-0.873884097127328
2017-12-19 00:00:00-05:00,1261.0999755859375,1264.300048828125,1259.5,1260.699951171875,329,0.0,0.0,-0.001189107958943395,0.10694621931467754,GC=F,0.03110868541509912,market_normal,0.996,3.7469975557542696,-0.8222717372200573
2017-12-20 00:00:00-05:00,1261.300048828125,1266.5999755859375,1261.300048828125,1266.0999755859375,63,0.0,0.0,0.004274206737060993,0.09308403212288109,GC=F,0.11181907562075045,market_elevated,1.0,3.8447417280072287,-0.7628097088587881
2017-12-21 00:00:00-05:00,1266.4000244140625,1267.4000244140625,1264.300048828125,1267.300048828125,226,0.0,0.0,0.0009474013739520169,0.09113953208199303,GC=F,0.024785311613164426,market_normal,0.996,3.9424859002601877,-0.6960656555451883
2017-12-22 00:00:00-05:00,1266.300048828125,1276.300048828125,1266.300048828125,1275.4000244140625,119,0.0,0.0,0.006371182406177087,0.08918035314594581,GC=F,0.16667881810503643,market_elevated,1.0,4.040230072513147,-0.6226767373153782
2017-12-26 00:00:00-05:00,1282.4000244140625,1284.0999755859375,1281.800048828125,1284.0999755859375,84,0.0,0.0,0.006798190801191451,0.09190508089209966,GC=F,0.17784993989444206,market_elevated,1.0,4.431206761524997,-0.2774916330408036
2017-12-27 00:00:00-05:00,1284.0,1287.0,1284.0,1287.0,456,0.0,0.0,0.002255863771485303,0.09008276810641055,GC=F,0.059016471867543836,market_normal,0.996,4.528950933777956,-0.18241100915329664
2017-12-28 00:00:00-05:00,1288.199951171875,1294.0999755859375,1288.199951171875,1294.0999755859375,245,0.0,0.0,0.005501525365828419,0.09223181767724975,GC=F,0.14392740425420986,market_elevated,1.0,4.626695106030915,-0.08558903155095382
2017-12-29 00:00:00-05:00,1294.199951171875,1306.300048828125,1294.0,1306.300048828125,65,0.0,0.0,0.009383296909513904,0.09056125185814877,GC=F,0.24547984017692984,market_elevated,1.0,4.724439278283889,0.01205000626466699
2018-01-02 00:00:00-05:00,1302.300048828125,1317.5999755859375,1302.300048828125,1313.699951171875,68,0.0,0.0,0.005648795435594413,0.08725500937817147,GC=F,0.14778019006474372,market_elevated,1.0,5.115415967295739,0.39220459357356074
2018-01-03 00:00:00-05:00,1320.0,1320.0999755859375,1312.0999755859375,1316.199951171875,42,0.0,0.0,0.0019012136171542553,0.08663745367086685,GC=F,0.049738340306382446,market_normal,0.996,5.213160139548698,0.48010215181797217
2018-01-04 00:00:00-05:00,1319.4000244140625,1322.0,1319.4000244140625,1319.4000244140625,2,0.0,0.0,0.0024283463684654956,0.08483257688345053,GC=F,0.06352885176432288,market_normal,0.996,5.310904311801657,0.5634165016834073
2018-01-05 00:00:00-05:00,1320.300048828125,1320.300048828125,1320.300048828125,1320.300048828125,1,0.0,0.0,0.0006819141750703172,0.0736419642489825,GC=F,0.01783980452978294,market_normal,0.996,5.4086484840546305,0.64135229779401
2018-01-08 00:00:00-05:00,1319.9000244140625,1319.9000244140625,1314.5999755859375,1318.5999755859375,41,0.0,0.0,-0.0012884713036933884,0.07451082407101797,GC=F,0.03370816598401753,market_normal,0.996,5.7018810008134935,0.8357471475069838
2018-01-09 00:00:00-05:00,1309.5999755859375,1311.699951171875,1309.5999755859375,1311.699951171875,16,0.0,0.0,-0.005246580568031189,0.06533899711851568,GC=F,0.13725770075652463,market_elevated,1.0,5.7996251730664525,0.8853453093295343
2018-01-10 00:00:00-05:00,1320.300048828125,1320.699951171875,1315.300048828125,1317.4000244140625,70,0.0,0.0,0.004336147142567866,0.06189266093342269,GC=F,0.11343952107728339,market_elevated,1.0,5.897369345319426,0.9264916822470801
2018-01-11 00:00:00-05:00,1317.0999755859375,1320.5999755859375,1316.300048828125,1320.5999755859375,9,0.0,0.0,0.002426044534775419,0.06027459457673883,GC=F,0.06346863265671039,market_normal,0.996,5.995113517572399,0.9587934698507534
2018-01-12 00:00:00-05:00,1327.800048828125,1338.199951171875,1327.800048828125,1333.4000244140625,14,0.0,0.0,0.009645929220218629,0.058934223033997625,GC=F,0.2523506594932967,market_elevated,1.0,6.092857689825372,0.9819423089660911
2018-01-16 00:00:00-05:00,1331.0999755859375,1335.4000244140625,1331.0,1335.4000244140625,13,0.0,0.0,0.0014988012123869202,0.0588403540976715,GC=F,0.03921068315558502,market_normal,0.996,0.20064907165760815,0.9799374207703556
2018-01-17 00:00:00-05:00,1334.4000244140625,1338.0,1326.800048828125,1338.0,27,0.0,0.0,0.0019450709821960197,0.057678246473155684,GC=F,0.05088570877024483,market_normal,0.996,0.2983932439105814,0.9558100846337114
2018-01-18 00:00:00-05:00,1328.9000244140625,1328.9000244140625,1326.0,1326.0,211,0.0,0.0,-0.009009069942365968,0.07090912547016345,GC=F,0.23568955250179205,market_elevated,1.0,0.3961374161635405,0.9225582803562479
2018-01-19 00:00:00-05:00,1330.0999755859375,1333.0,1330.0999755859375,1331.9000244140625,50,0.0,0.0,0.004439620791428774,0.07000288147399629,GC=F,0.11614653280566058,market_elevated,1.0,0.49388158841649954,0.8804994402748169
2018-01-22 00:00:00-05:00,1328.4000244140625,1330.9000244140625,1328.4000244140625,1330.9000244140625,162,0.0,0.0,-0.0007510891007015731,0.06972322348171008,GC=F,0.019649514896188835,market_normal,0.996,0.7871141051753909,0.7058923866924752
2018-01-23 00:00:00-05:00,1335.800048828125,1335.9000244140625,1335.699951171875,1335.699951171875,47,0.0,0.0,0.003600038990317503,0.06955577431914003,GC=F,0.09418192821734317,market_normal,0.996,0.88485827742835,0.6333991763503618
2018-01-24 00:00:00-05:00,1355.9000244140625,1357.199951171875,1355.9000244140625,1355.9000244140625,18,0.0,0.0,0.015009996047209607,0.08150929060793712,GC=F,0.3926819609629345,market_volatile,1.0,0.9826024496813233,0.5548593353041396
2018-01-25 00:00:00-05:00,1356.300048828125,1362.4000244140625,1346.699951171875,1362.4000244140625,4,0.0,0.0,0.0047824097943095206,0.08091852878782738,GC=F,0.1251143604735942,market_elevated,1.0,1.0803466219342823,0.4710226299445949
2018-01-26 00:00:00-05:00,1351.5999755859375,1352.0,1350.9000244140625,1351.5999755859375,280546,0.0,0.0,-0.007958810491319437,0.08832605676413699,GC=F,0.20821333335691913,market_elevated,1.0,1.1780907941872414,0.3826893922198547
2018-01-30 00:00:00-05:00,1338.699951171875,1347.800048828125,1332.800048828125,1335.4000244140625,52100,0.0,0.0,-0.012058167071074382,0.10161917031810384,GC=F,0.31545809047487555,market_volatile,1.0,1.5690674831990918,0.00172884273458142
2018-01-31 00:00:00-05:00,1337.5,1346.9000244140625,1331.800048828125,1339.0,4881,0.0,0.0,0.0026921759851948287,0.10077765855418382,GC=F,0.07043099423867974,market_normal,0.996,1.666811655452051,-0.09586786999848801
2018-02-01 00:00:00-05:00,1343.800048828125,1350.5999755859375,1336.800048828125,1344.300048828125,1680,0.0,0.0,0.003950401091376265,0.09720102322907571,GC=F,0.10334787845864421,market_elevated,1.0,1.76455582770501,-0.1925493974457013
2018-02-02 00:00:00-05:00,1348.5,1352.0999755859375,1327.699951171875,1333.699951171875,2841,0.0,0.0,-0.007916469765226359,0.10095544283690608,GC=F,0.2071056422357136,market_elevated,1.0,1.862299999957969,-0.28739278688749575
2018-02-05 00:00:00-05:00,1331.0999755859375,1340.199951171875,1329.0,1333.0,641,0.0,0.0,-0.0005249568386138391,0.10094744949927739,GC=F,0.013733586615174837,market_normal,0.996,2.155532516716846,-0.5519794214669623
2018-02-06 00:00:00-05:00,1338.199951171875,1343.699951171875,1319.5,1326.0999755859375,529,0.0,0.0,-0.005189755905578952,0.10264782382023827,GC=F,0.13577109011301622,market_elevated,1.0,2.2532766889698195,-0.6307197497725913
2018-02-07 00:00:00-05:00,1325.4000244140625,1331.0999755859375,1310.5,1311.5999755859375,491,0.0,0.0,-0.010994537916590984,0.10974047201248527,GC=F,0.28763210166007275,market_elevated,1.0,2.3510208612227927,-0.7034390260354448
2018-02-08 00:00:00-05:00,1317.0999755859375,1321.0999755859375,1307.0,1316.9000244140625,459,0.0,0.0,0.0040327608986760796,0.11068963754918737,GC=F,0.10550252330553828,market_elevated,1.0,2.448765033475752,-0.7694430488339643
2018-02-09 00:00:00-05:00,1320.9000244140625,1322.0,1311.9000244140625,1313.0999755859375,451,0.0,0.0,-0.002889772982946634,0.10959423461290577,GC=F,0.07560040110018201,market_normal,0.996,2.546509205728711,-0.8281017226995386
2018-02-12 00:00:00-05:00,1323.800048828125,1325.5,1318.0,1324.199951171875,140,0.0,0.0,0.008417731344798464,0.11247925012995955,GC=F,0.220219328568652,market_elevated,1.0,2.839741722487588,-0.9547878654309729
2018-02-13 00:00:00-05:00,1324.5,1329.5999755859375,1323.4000244140625,1328.0999755859375,71,0.0,0.0,0.002940864406439292,0.11261907391460467,GC=F,0.07693702239590944,market_normal,0.996,2.9374858947405613,-0.9792424284730542
2018-02-14 00:00:00-05:00,1332.800048828125,1355.5,1324.0,1355.5,400,0.0,0.0,0.020421058915214334,0.1289273510804447,GC=F,0.5342427429390781,market_extreme,1.009,3.0352300669935204,-0.9943488307409457
2018-02-15 00:00:00-05:00,1352.0,1355.9000244140625,1349.699951171875,1352.0999755859375,111,0.0,0.0,-0.002511468630411128,0.12939431363006323,GC=F,0.06570344346426897,market_normal,0.996,3.1329742392464794,-0.9999628616969813
2018-02-16 00:00:00-05:00,1354.0,1361.4000244140625,1344.9000244140625,1353.199951171875,110,0.0,0.0,0.0008132005147932578,0.12930453491698937,GC=F,0.021274434170450586,market_normal,0.996,3.2307184114994385,-0.9960309280097834
2018-02-20 00:00:00-05:00,1348.4000244140625,1350.199951171875,1328.5,1328.800048828125,283,0.0,0.0,-0.018195805777987704,0.14121826146807848,GC=F,0.4760270869977483,market_volatile,1.0,3.621695100511289,-0.8869476102697512
2018-02-21 00:00:00-05:00,1326.800048828125,1331.5,1324.4000244140625,1330.0,119,0.0,0.0,0.0009026261706847339,0.14037792246612324,GC=F,0.023613931249957785,market_normal,0.996,3.7194392727642622,-0.8376408138821839
2018-02-22 00:00:00-05:00,1322.0,1331.4000244140625,1322.0,1330.5999755859375,70,0.0,0.0,0.00045100774382701627,0.14036597959907343,GC=F,0.011798977474639998,market_normal,0.996,3.8171834450172213,-0.7803376309293473
2018-02-23 00:00:00-05:00,1328.0,1332.0999755859375,1327.699951171875,1328.199951171875,427,0.0,0.0,-0.001805344615643647,0.13986201076543597,GC=F,0.047230276520733236,market_normal,0.996,3.9149276172701803,-0.7155850958855792
2018-02-26 00:00:00-05:00,1335.0,1340.5,1330.699951171875,1330.699951171875,652,0.0,0.0,0.0018804775121498492,0.12874397566832937,GC=F,0.04919585552822174,market_normal,0.996,4.208160134029072,-0.4831324025506275
2018-02-27 00:00:00-05:00,1331.699951171875,1332.5999755859375,1312.699951171875,1315.5,710,0.0,0.0,-0.011488261375785172,0.13200245239772784,GC=F,0.30054858048658245,market_volatile,1.0,4.305904306282031,-0.3953828931369715
2018-02-28 00:00:00-05:00,1315.4000244140625,1321.0,1315.4000244140625,1315.5,58,0.0,0.0,0.0,0.13008878054500933,GC=F,0.0,market_normal,0.996,4.40364847853499,-0.3038589324281747
2018-03-01 00:00:00-05:00,1310.4000244140625,1318.0999755859375,1301.800048828125,1302.9000244140625,43,0.0,0.0,-0.009624253533214297,0.12780322654297624,GC=F,0.2517835939690081,market_elevated,1.0,4.501392650787935,-0.20943423736555025
2018-03-02 00:00:00-05:00,1314.300048828125,1323.199951171875,1314.300048828125,1321.0999755859375,155,0.0,0.0,0.013872136457073265,0.13755940422136984,GC=F,0.3629140027469639,market_volatile,1.0,4.599136823040908,-0.1130102162263464
2018-03-05 00:00:00-05:00,1323.5,1325.9000244140625,1318.0999755859375,1318.0999755859375,18,0.0,0.0,-0.0022734172079491807,0.13662841577747561,GC=F,0.0594756936974893,market_normal,0.996,4.892369339799814,0.17901025012574168
2018-03-06 00:00:00-05:00,1321.5999755859375,1333.5999755859375,1321.4000244140625,1333.5999755859375,18,0.0,0.0,0.011690746933441305,0.14082681652191822,GC=F,0.3058458787401596,market_volatile,1.0,4.990113512052773,0.274168083785416
2018-03-07 00:00:00-05:00,1338.0999755859375,1338.0999755859375,1326.0,1326.0,27,0.0,0.0,-0.005715142383890748,0.14220985261724486,GC=F,0.1495159166884529,market_elevated,1.0,5.087857684305732,0.3667086214090385
2018-03-08 00:00:00-05:00,1324.800048828125,1326.800048828125,1319.300048828125,1319.9000244140625,62,0.0,0.0,-0.004610897113995902,0.14197047658616288,GC=F,0.12062735491918027,market_elevated,1.0,5.185601856558691,0.4557484414876123
2018-03-09 00:00:00-05:00,1316.800048828125,1322.4000244140625,1313.0,1322.4000244140625,88,0.0,0.0,0.0018922913369371754,0.1365667422380923,GC=F,0.04950492129142174,market_normal,0.996,5.28334602881165,0.5404375414791757
2018-03-12 00:00:00-04:00,1319.4000244140625,1319.4000244140625,1319.4000244140625,1319.4000244140625,0,0.0,0.0,-0.0022711796760658443,0.1361937750157046,GC=F,0.05941715681280911,market_normal,0.996,5.576578545570527,0.7605693332118793
2018-03-13 00:00:00-04:00,1325.9000244140625,1325.9000244140625,1325.300048828125,1325.9000244140625,13,0.0,0.0,0.004914386241190294,0.13672426588570522,GC=F,0.12856704425839086,market_elevated,1.0,5.6743227178235,0.8202990730611751
2018-03-14 00:00:00-04:00,1322.199951171875,1324.4000244140625,1322.199951171875,1324.4000244140625,19,0.0,0.0,-0.001131947426727324,0.13369108090004483,GC=F,0.02961328796064979,market_normal,0.996,5.772066890076459,0.8721979761381535
2018-03-15 00:00:00-04:00,1316.800048828125,1316.800048828125,1316.800048828125,1316.800048828125,0,0.0,0.0,-0.0057549571034445565,0.1346768128128673,GC=F,0.15055752403467773,market_elevated,1.0,5.869811062329418,0.9157705989490977
2018-03-16 00:00:00-04:00,1310.0999755859375,1311.300048828125,1310.0999755859375,1311.300048828125,34,0.0,0.0,-0.004185539229898073,0.11175210597008597,GC=F,0.1094994127456291,market_elevated,1.0,5.9675552345823775,0.9506009833292611
2018-03-19 00:00:00-04:00,1309.4000244140625,1316.9000244140625,1307.300048828125,1316.800048828125,6,0.0,0.0,0.00418553922989804,0.11344295005399845,GC=F,0.10949941274562824,market_elevated,1.0,6.260787751341269,0.9997491852316107
2018-03-20 00:00:00-04:00,1311.0999755859375,1311.0999755859375,1311.0999755859375,1311.0999755859375,4,0.0,0.0,-0.004338127119398508,0.11366020736519633,GC=F,0.11349131997063902,market_elevated,1.0,0.0753466164146559,0.9971627863436444
2018-03-21 00:00:00-04:00,1312.4000244140625,1328.800048828125,1312.4000244140625,1320.699951171875,34,0.0,0.0,0.007295401194057268,0.09997234206722738,GC=F,0.19085764165982638,market_elevated,1.0,0.17309078866761496,0.9850571532254877
2018-03-22 00:00:00-04:00,1326.5999755859375,1326.5999755859375,1326.5999755859375,1326.5999755859375,0,0.0,0.0,0.0044573976096106815,0.10125732581413201,GC=F,0.11661159860590445,market_elevated,1.0,0.270834960920574,0.9635478501147305
2018-03-23 00:00:00-04:00,1343.199951171875,1349.300048828125,1343.199951171875,1349.300048828125,8,0.0,0.0,0.016966715936515404,0.11732308787973712,GC=F,0.4438724210250887,market_volatile,1.0,0.3685791331735331,0.93284021168415
2018-03-26 00:00:00-04:00,1348.5,1354.4000244140625,1345.0999755859375,1354.4000244140625,10,0.0,0.0,0.003772594220179005,0.11743460381842813,GC=F,0.09869620828932367,market_normal,0.996,0.6618116499324103,0.788880182594813
2018-03-27 00:00:00-04:00,1341.0,1341.300048828125,1341.0,1341.300048828125,290889,0.0,0.0,-0.00971924053303923,0.12299490245645672,GC=F,0.2542685833880543,market_elevated,1.0,0.7595558221853693,0.7251419428499127
2018-03-28 00:00:00-04:00,1345.0,1346.4000244140625,1322.4000244140625,1324.199951171875,59284,0.0,0.0,-0.012830862694559693,0.12470304209764317,GC=F,0.3356728614650449,market_volatile,1.0,0.8572999944383284,0.6544812666696995
2018-03-29 00:00:00-04:00,1324.0,1327.0999755859375,1321.699951171875,1322.800048828125,5585,0.0,0.0,-0.0010577275967254573,0.12479038728361959,GC=F,0.027671596017773713,market_normal,0.996,0.9550441666913017,0.5775727034222639
2018-04-02 00:00:00-04:00,1327.0,1344.199951171875,1324.699951171875,1342.0999755859375,649,0.0,0.0,0.014484794192477413,0.12860908970718998,GC=F,0.3789419643920528,market_volatile,1.0,1.3460208557031663,0.2228874870531803
2018-04-03 00:00:00-04:00,1340.4000244140625,1341.5,1328.5,1332.800048828125,702,0.0,0.0,-0.006953504164492984,0.12331019298655906,GC=F,0.18191314922995236,market_elevated,1.0,1.4437650279561112,0.12668992475370616
2018-04-04 00:00:00-04:00,1331.800048828125,1347.300048828125,1331.5999755859375,1335.800048828125,718,0.0,0.0,0.002248370796679207,0.12306041060989123,GC=F,0.058820445430824646,market_normal,0.996,1.5415092002090702,0.029282939995967643
2018-04-05 00:00:00-04:00,1333.5,1333.699951171875,1322.5999755859375,1324.300048828125,258,0.0,0.0,-0.008646345041192702,0.12017121469878772,GC=F,0.2262001745542686,market_elevated,1.0,1.6392533724620293,-0.06840358905342292
2018-04-06 00:00:00-04:00,1326.5,1333.0,1319.0,1331.9000244140625,348,0.0,0.0,0.005722457733424547,0.12024862566301657,GC=F,0.1497072962058776,market_elevated,1.0,1.7369975447150026,-0.16543711560884874
2018-04-09 00:00:00-04:00,1333.0,1337.5,1327.0,1336.300048828125,290,0.0,0.0,0.003298124789570669,0.11937018949386749,GC=F,0.08628344110122806,market_normal,0.996,2.0302300614738797,-0.44344063236007547
2018-04-10 00:00:00-04:00,1335.199951171875,1342.0,1333.0,1342.0,105,0.0,0.0,0.004256401204819836,0.11997504907371033,GC=F,0.11135325862156838,market_elevated,1.0,2.127974233726853,-0.5287930530813867
2018-04-11 00:00:00-04:00,1340.0999755859375,1365.4000244140625,1340.0999755859375,1356.5,118,0.0,0.0,0.01074681456735932,0.12430899209787372,GC=F,0.2811513211024603,market_elevated,1.0,2.225718405979812,-0.6090974465392166
2018-04-12 00:00:00-04:00,1351.199951171875,1351.5,1334.5999755859375,1338.4000244140625,34,0.0,0.0,-0.013432964185142135,0.13353122948486534,GC=F,0.3514246573533971,market_volatile,1.0,2.323462578232771,-0.6835872013622878
2018-04-13 00:00:00-04:00,1335.9000244140625,1346.0,1335.9000244140625,1344.800048828125,67,0.0,0.0,0.0047704504893987506,0.13421557685467264,GC=F,0.12480148875201984,market_elevated,1.0,2.42120675048573,-0.7515512145756181
2018-04-16 00:00:00-04:00,1341.0,1348.800048828125,1341.0,1347.5,60,0.0,0.0,0.002005684379909184,0.13216925610550198,GC=F,0.05247143789367498,market_normal,0.996,2.7144392672446216,-0.9101487354233695
2018-04-17 00:00:00-04:00,1348.0,1348.0999755859375,1339.0,1347.199951171875,409,0.0,0.0,-0.00022269553924516243,0.1308800337826981,GC=F,0.005826018925884088,market_normal,0.996,2.812183439497595,-0.9462336184743242
2018-04-18 00:00:00-04:00,1343.5,1354.199951171875,1343.5,1351.199951171875,45,0.0,0.0,0.0029647221128227827,0.1306073108252683,GC=F,0.0775611725220841,market_normal,0.996,2.909927611750554,-0.9732854533869993
2018-04-19 00:00:00-04:00,1348.5999755859375,1355.199951171875,1341.5999755859375,1346.800048828125,387,0.0,0.0,-0.0032616058148920136,0.13008142084702695,GC=F,0.08532805493429858,market_normal,0.996,3.007671784003513,-0.9910459947109919
2018-04-20 00:00:00-04:00,1342.5,1343.4000244140625,1335.300048828125,1336.699951171875,310,0.0,0.0,-0.007527591093269497,0.131569649853265,GC=F,0.19693204598689446,market_elevated,1.0,3.105415956256472,-0.9993456946500607
2018-04-23 00:00:00-04:00,1334.0,1334.4000244140625,1322.5,1322.5,68,0.0,0.0,-0.010679968716113873,0.13630357937874563,GC=F,0.27940254249740676,market_elevated,1.0,3.3986484730153492,-0.967142680180562
2018-04-24 00:00:00-04:00,1326.4000244140625,1331.699951171875,1326.199951171875,1331.4000244140625,28,0.0,0.0,0.006707153771284317,0.12416549187897334,GC=F,0.17546828707376594,market_elevated,1.0,3.4963926452683083,-0.9377159910299107
2018-04-25 00:00:00-04:00,1324.0,1325.0,1320.0,1321.199951171875,278,0.0,0.0,-0.007690660944510987,0.12538113989904645,GC=F,0.20119817562197495,market_elevated,1.0,3.5941368175212673,-0.8993375657312034
2018-04-26 00:00:00-04:00,1315.699951171875,1316.300048828125,1315.699951171875,1316.300048828125,569,0.0,0.0,-0.003715570032884322,0.12190697719740888,GC=F,0.09720437780390816,market_normal,0.996,3.6918809897742406,-0.8523737769818575
2018-04-27 00:00:00-04:00,1315.300048828125,1321.699951171875,1312.800048828125,1320.300048828125,622,0.0,0.0,0.0030342129414097896,0.11449949110157949,GC=F,0.07937914734050903,market_normal,0.996,3.789625162027214,-0.7972729560990559
2018-04-30 00:00:00-04:00,1309.5999755859375,1316.199951171875,1309.5999755859375,1316.199951171875,49,0.0,0.0,-0.003110260543535764,0.11492664304108058,GC=F,0.08136865629410454,market_normal,0.996,4.082857678786091,-0.5887659720435753
2018-05-01 00:00:00-04:00,1313.199951171875,1313.800048828125,1303.4000244140625,1303.800048828125,28,0.0,0.0,-0.009465644983154229,0.10585623841995627,GC=F,0.24763417805529417,market_elevated,1.0,4.18060185103905,-0.5070744809255138
2018-05-02 00:00:00-04:00,1309.0,1309.300048828125,1302.5999755859375,1302.5999755859375,23,0.0,0.0,-0.0009208665713252698,0.10389782617958948,GC=F,0.024091124999359653,market_normal,0.996,4.278346023292009,-0.4205422949658595
2018-05-03 00:00:00-04:00,1310.699951171875,1310.699951171875,1310.699951171875,1310.699951171875,4,0.0,0.0,0.00619906000228972,0.10636989340102741,GC=F,0.1621758613506467,market_elevated,1.0,4.3760901955449825,-0.32999547803088175
2018-05-04 00:00:00-04:00,1312.699951171875,1312.699951171875,1312.699951171875,1312.699951171875,0,0.0,0.0,0.0015247392406204264,0.10281698797905556,GC=F,0.03988925733763077,market_normal,0.996,4.4738343677979415,-0.2362984189355592
2018-05-07 00:00:00-04:00,1310.5999755859375,1312.5,1310.199951171875,1312.199951171875,4,0.0,0.0,-0.0003809669127580398,0.10036815680396334,GC=F,0.009966613841422898,market_normal,0.996,4.767066884556819,0.054650663400332956
2018-05-08 00:00:00-04:00,1310.0999755859375,1312.0,1308.5,1312.0,337,0.0,0.0,-0.00015239019585577444,0.09933859590568192,GC=F,0.003986735289733518,market_normal,0.996,4.864811056809792,0.1518325709139505
2018-05-09 00:00:00-04:00,1311.300048828125,1311.300048828125,1311.300048828125,1311.300048828125,70,0.0,0.0,-0.0005336417302308635,0.09759209268470118,GC=F,0.013960795220706595,market_normal,0.996,4.962555229062751,0.247565036244095
2018-05-10 00:00:00-04:00,1312.199951171875,1320.800048828125,1312.199951171875,1320.800048828125,8,0.0,0.0,0.007218601800712527,0.09284452877495811,GC=F,0.18884846482296888,market_elevated,1.0,5.06029940131571,0.34093416672110666
2018-05-11 00:00:00-04:00,1319.0,1319.0,1319.0,1319.0,3,0.0,0.0,-0.0013637768572015564,0.08166275834622225,GC=F,0.03567826193407502,market_normal,0.996,5.158043573568683,0.4310486308241551
2018-05-14 00:00:00-04:00,1319.9000244140625,1319.9000244140625,1316.5,1316.5,4,0.0,0.0,-0.0018971737809504907,0.07927116096539562,GC=F,0.04963265268344944,market_normal,0.996,5.4512760903275606,0.6734656599203441
2018-05-15 00:00:00-04:00,1304.5999755859375,1304.699951171875,1288.9000244140625,1288.9000244140625,8,0.0,0.0,-0.021187539583848607,0.10476076459975575,GC=F,0.5542949222369827,market_extreme,1.009,5.549020262580534,0.7423904051208438
2018-05-16 00:00:00-04:00,1290.9000244140625,1294.0,1285.4000244140625,1290.199951171875,26,0.0,0.0,0.001008046900233056,0.10512731808724714,GC=F,0.026371881263733705,market_normal,0.996,5.646764434833493,0.8042280545598635
2018-05-17 00:00:00-04:00,1291.300048828125,1291.300048828125,1288.199951171875,1288.199951171875,2,0.0,0.0,-0.0015513500441079692,0.10356065764702811,GC=F,0.04058543223757221,market_normal,0.996,5.744508607086452,0.8583882862986932
2018-05-18 00:00:00-04:00,1285.199951171875,1290.199951171875,1285.199951171875,1290.199951171875,2,0.0,0.0,0.0015513500441079395,0.10432143493899995,GC=F,0.04058543223757143,market_normal,0.996,5.842252779339411,0.9043540694784362
2018-05-21 00:00:00-04:00,1287.4000244140625,1292.0999755859375,1287.4000244140625,1290.199951171875,52,0.0,0.0,0.0,0.10258078943534112,GC=F,0.0,market_normal,0.996,6.135485296098288,0.9891121684085844
2018-05-22 00:00:00-04:00,1291.699951171875,1291.699951171875,1291.699951171875,1291.699951171875,50,0.0,0.0,0.0011619351837768423,0.0975789517594919,GC=F,0.03039780856985235,market_normal,0.996,6.233229468351247,0.9987524665597532
2018-05-23 00:00:00-04:00,1289.300048828125,1289.300048828125,1289.300048828125,1289.300048828125,10,0.0,0.0,-0.0018596691479237644,0.09333874088702124,GC=F,0.04865148035030496,market_normal,0.996,0.04778833342463429,0.9988583548859985
2018-05-24 00:00:00-04:00,1303.699951171875,1303.699951171875,1303.699951171875,1303.699951171875,0,0.0,0.0,0.011106864926633073,0.1001700003973472,GC=F,0.29057072938746853,market_elevated,1.0,0.14553250567760756,0.9894288225435587
2018-05-25 00:00:00-04:00,1303.300048828125,1303.300048828125,1303.300048828125,1303.300048828125,1,0.0,0.0,-0.0003067912135685513,0.09954314433004582,GC=F,0.008026076420765818,market_normal,0.996,0.24327667793056662,0.9705538868578709
2018-05-29 00:00:00-04:00,1298.699951171875,1298.699951171875,1298.699951171875,1298.699951171875,386334,0.0,0.0,-0.0035358204833160823,0.09922807825561528,GC=F,0.09250188451978884,market_normal,0.996,0.6342533669424029,0.8055143579755606
2018-05-30 00:00:00-04:00,1298.0,1303.699951171875,1295.199951171875,1301.5,50845,0.0,0.0,0.002153718916270126,0.0993495806617359,GC=F,0.05634422319259316,market_normal,0.996,0.7319975391953619,0.7438408183135258
2018-05-31 00:00:00-04:00,1301.0,1306.800048828125,1296.5999755859375,1300.0999755859375,4082,0.0,0.0,-0.0010762796451007667,0.09395123154412553,GC=F,0.028156942896812368,market_normal,0.996,0.829741711448321,0.6750663367827453
2018-06-01 00:00:00-04:00,1298.5999755859375,1299.5,1288.9000244140625,1294.800048828125,663,0.0,0.0,-0.004084885026490751,0.09491890952293018,GC=F,0.1068661615543007,market_elevated,1.0,0.92748588370128,0.5998474565351672
2018-06-04 00:00:00-04:00,1293.9000244140625,1297.0999755859375,1290.0,1293.0999755859375,144,0.0,0.0,-0.0013138633414813785,0.0919735807959948,GC=F,0.03437245631161469,market_normal,0.996,1.2207184004601856,0.34297100828669114
2018-06-05 00:00:00-04:00,1292.0999755859375,1299.800048828125,1289.9000244140625,1297.5,357,0.0,0.0,0.0033969186184965657,0.09275509435970405,GC=F,0.0888680223597201,market_normal,0.996,1.3184625727131305,0.24966448678983214
2018-06-06 00:00:00-04:00,1296.0999755859375,1300.4000244140625,1294.0999755859375,1297.0999755859375,373,0.0,0.0,-0.00030835151545212326,0.09275714823089642,GC=F,0.00806689604532855,market_normal,0.996,1.416206744966118,0.15397458841479217
2018-06-07 00:00:00-04:00,1298.4000244140625,1302.800048828125,1296.199951171875,1298.699951171875,79,0.0,0.0,0.001232741993758485,0.09295606701921078,GC=F,0.03225021125574715,market_normal,0.996,1.513950917219077,0.05681479947357443
2018-06-08 00:00:00-04:00,1295.300048828125,1299.4000244140625,1294.800048828125,1298.0999755859375,650,0.0,0.0,-0.0004620884269374544,0.09295592754923639,GC=F,0.012088863252019974,market_normal,0.996,1.611695089472036,-0.040887361677413935
2018-06-11 00:00:00-04:00,1299.300048828125,1302.0,1295.199951171875,1298.9000244140625,71,0.0,0.0,0.0006161331177777786,0.08878462022146497,GC=F,0.016118882386259043,market_normal,0.996,1.9049276062309133,-0.32794861726328267
2018-06-12 00:00:00-04:00,1297.800048828125,1298.0999755859375,1292.699951171875,1295.0999755859375,153,0.0,0.0,-0.0029298778307513215,0.08907604223811785,GC=F,0.07664959859700564,market_normal,0.996,2.0026717784838723,-0.4185747896467284
2018-06-13 00:00:00-04:00,1294.0,1299.4000244140625,1290.9000244140625,1296.9000244140625,135,0.0,0.0,0.0013889267881947254,0.08932595262234909,GC=F,0.03633621841783546,market_normal,0.996,2.1004159507368314,-0.5052051134886236
2018-06-14 00:00:00-04:00,1297.199951171875,1307.699951171875,1297.199951171875,1304.0,42,0.0,0.0,0.005459643319964293,0.052459659046576325,GC=F,0.14283171283315035,market_elevated,1.0,2.1981601229898047,-0.5870125880671497
2018-06-15 00:00:00-04:00,1297.199951171875,1307.699951171875,1274.0,1274.5999755859375,589,0.0,0.0,-0.022804078760698156,0.09635427333435104,GC=F,0.5965857910648061,market_extreme,1.009,2.2959042952427637,-0.6632162531188652
2018-06-18 00:00:00-04:00,1280.699951171875,1280.699951171875,1276.199951171875,1276.199951171875,35,0.0,0.0,0.0012544894477869528,0.09648775213393536,GC=F,0.032819154303233,market_normal,0.996,2.589136812001641,-0.8512383154616907
2018-06-19 00:00:00-04:00,1278.699951171875,1281.800048828125,1269.9000244140625,1275.5999755859375,34,0.0,0.0,-0.0004702371770622632,0.0962143030763212,GC=F,0.012302045665149372,market_normal,0.996,2.6868809842546284,-0.8983877012996422
2018-06-20 00:00:00-04:00,1274.4000244140625,1274.4000244140625,1271.199951171875,1271.199951171875,7,0.0,0.0,-0.0034553391851679326,0.09671233668281533,GC=F,0.09039638403342908,market_normal,0.996,2.7846251565075875,-0.9369607913959864
2018-06-21 00:00:00-04:00,1262.699951171875,1268.9000244140625,1260.0,1267.199951171875,46,0.0,0.0,-0.003151594283591868,0.09681661476982929,GC=F,0.08245000328767557,market_normal,0.996,2.8823693287605323,-0.9665893547210191
2018-06-22 00:00:00-04:00,1268.0999755859375,1270.199951171875,1267.0,1267.4000244140625,74,0.0,0.0,0.00015787362465893563,0.09682001328451408,GC=F,0.0041301892632358145,market_normal,0.996,2.9801135010134914,-0.9869905475524827
2018-06-25 00:00:00-04:00,1270.5999755859375,1271.199951171875,1265.5999755859375,1265.5999755859375,37,0.0,0.0,-0.0014212784296392148,0.08656483629494091,GC=F,0.037182581465689396,market_normal,0.996,3.2733460177723686,-0.9913330737967299
2018-06-26 00:00:00-04:00,1267.199951171875,1267.199951171875,1256.5999755859375,1256.5999755859375,89,0.0,0.0,-0.007136657182704904,0.08867327353663704,GC=F,0.1867046818940204,market_elevated,1.0,3.371090190025356,-0.9737808224890454
2018-06-27 00:00:00-04:00,1255.5,1255.5,1252.300048828125,1252.800048828125,1162,0.0,0.0,-0.003028556328446318,0.08856099973642134,GC=F,0.07923116263325675,market_normal,0.996,3.468834362278315,-0.9469325486411234
2018-06-28 00:00:00-04:00,1251.699951171875,1251.699951171875,1244.800048828125,1247.800048828125,378,0.0,0.0,-0.003999045403677075,0.08773667498938192,GC=F,0.10462047998924397,market_elevated,1.0,3.566578534531274,-0.9110445544444727
2018-06-29 00:00:00-04:00,1250.300048828125,1253.300048828125,1249.0999755859375,1251.300048828125,48,0.0,0.0,0.00280101008486938,0.08926930741656278,GC=F,0.07327824266868736,market_normal,0.996,3.664322706784233,-0.8664594381463286
2018-07-02 00:00:00-04:00,1249.9000244140625,1249.9000244140625,1239.800048828125,1239.800048828125,29,0.0,0.0,-0.009232934241235006,0.09263168003279071,GC=F,0.24154614777290329,market_elevated,1.0,3.9575552235431104,-0.6851675890268973
2018-07-03 00:00:00-04:00,1238.0999755859375,1254.0999755859375,1237.0,1251.5999755859375,36,0.0,0.0,0.009472597636754327,0.10090345355645661,GC=F,0.24781606895259994,market_elevated,1.0,4.055299395796084,-0.6108150529471198
2018-07-05 00:00:00-04:00,1255.5,1257.300048828125,1253.5999755859375,1257.300048828125,9,0.0,0.0,0.004543890146389284,0.10168762740546905,GC=F,0.11887436129045521,market_elevated,1.0,4.250787740302002,-0.4453823323929734
2018-07-06 00:00:00-04:00,1255.5,1255.5,1254.300048828125,1254.300048828125,7,0.0,0.0,-0.0023889164756203734,0.10163615616225159,GC=F,0.06249731200946336,market_normal,0.996,4.348531912554961,-0.3558814214713779
2018-07-09 00:00:00-04:00,1258.199951171875,1262.300048828125,1257.699951171875,1258.0999755859375,37,0.0,0.0,0.003024939992368851,0.10245139195551045,GC=F,0.0791365543510204,market_normal,0.996,4.641764429313852,-0.07056585520135866
2018-07-10 00:00:00-04:00,1256.199951171875,1256.9000244140625,1249.300048828125,1253.800048828125,65,0.0,0.0,-0.0034236481676053563,0.10258240169141665,GC=F,0.08956730380700911,market_normal,0.996,4.739508601566811,0.027116297008985196
2018-07-11 00:00:00-04:00,1253.199951171875,1253.199951171875,1242.800048828125,1242.800048828125,30,0.0,0.0,-0.008812040976282251,0.10512184428488168,GC=F,0.23053500612317146,market_elevated,1.0,4.83725277381977,0.12453958839317407
2018-07-12 00:00:00-04:00,1240.9000244140625,1246.699951171875,1240.9000244140625,1245.0,7,0.0,0.0,0.0017685920911130215,0.1059128767257028,GC=F,0.04626878037125841,market_normal,0.996,4.934996946072729,0.22077398511634866
2018-07-13 00:00:00-04:00,1244.699951171875,1247.0,1239.5999755859375,1239.5999755859375,2,0.0,0.0,-0.004346802680328338,0.1055462877452014,GC=F,0.11371828447267249,market_elevated,1.0,5.0327411183256885,0.3149008029115519
2018-07-16 00:00:00-04:00,1242.699951171875,1243.800048828125,1238.0999755859375,1238.0999755859375,2,0.0,0.0,-0.0012108005108086726,0.10195345699495939,GC=F,0.03167619214714326,market_normal,0.996,5.325973635084594,0.5758019283298101
2018-07-17 00:00:00-04:00,1225.699951171875,1225.699951171875,1225.699951171875,1225.699951171875,0,0.0,0.0,-0.010065857197482181,0.07625074175073453,GC=F,0.2633365479010225,market_elevated,1.0,5.423717807337553,0.6528409269280222
2018-07-18 00:00:00-04:00,1226.699951171875,1226.699951171875,1222.199951171875,1226.300048828125,67,0.0,0.0,0.0004894760752293569,0.07590191707461806,GC=F,0.012805361471180181,market_normal,0.996,5.521461979590512,0.7236476976657569
2018-07-19 00:00:00-04:00,1227.199951171875,1228.0,1211.699951171875,1222.4000244140625,33,0.0,0.0,-0.00318538620092535,0.07584053234381806,GC=F,0.08333404591643269,market_normal,0.996,5.6192061518434855,0.7875462965096444
2018-07-20 00:00:00-04:00,1229.5,1229.5,1229.5,1229.5,0,0.0,0.0,0.005791423271754504,0.08028299868205871,GC=F,0.1515115287150065,market_elevated,1.0,5.7169503240964445,0.8439267270401186
2018-07-23 00:00:00-04:00,1222.0,1224.0,1222.0,1224.0,1,0.0,0.0,-0.004483398583975911,0.08074101619404807,GC=F,0.11729181954457574,market_elevated,1.0,6.010182840855322,0.9629657013132472
2018-07-24 00:00:00-04:00,1223.9000244140625,1223.9000244140625,1223.9000244140625,1223.9000244140625,0,0.0,0.0,-8.16827362195705e-05,0.08067760732797905,GC=F,0.002136931744327937,market_normal,0.996,6.107927013108281,0.9846815349573044
2018-07-25 00:00:00-04:00,1231.4000244140625,1231.4000244140625,1231.4000244140625,1231.4000244140625,0,0.0,0.0,0.006109251967322684,0.08506040846620683,GC=F,0.1598263607131939,market_elevated,1.0,6.20567118536124,0.996997284380638
2018-07-26 00:00:00-04:00,1227.800048828125,1227.800048828125,1225.300048828125,1225.300048828125,1,0.0,0.0,-0.004966001498039611,0.08350324610679234,GC=F,0.12991736974891377,market_elevated,1.0,0.02023005043461268,0.999795379508345
2018-07-27 00:00:00-04:00,1222.5999755859375,1222.5999755859375,1222.5999755859375,1222.5999755859375,254428,0.0,0.0,-0.0022060331796797134,0.0833248622468736,GC=F,0.05771283564774616,market_normal,0.996,0.11797422268757174,0.9930491088312475
2018-07-30 00:00:00-04:00,1222.5,1223.9000244140625,1218.0999755859375,1221.300048828125,62239,0.0,0.0,-0.0010638134681618262,0.08268353730667787,GC=F,0.027830810711920548,market_normal,0.996,0.41120673944646313,0.9166391375687394
2018-07-31 00:00:00-04:00,1220.4000244140625,1228.0999755859375,1213.0,1223.699951171875,2722,0.0,0.0,0.001963110932089534,0.08224515184472296,GC=F,0.05135765845481355,market_normal,0.996,0.5089509116994506,0.8732561683248442
2018-08-01 00:00:00-04:00,1222.9000244140625,1223.699951171875,1214.4000244140625,1217.9000244140625,1026,0.0,0.0,-0.004750931950486037,0.07799011473334076,GC=F,0.12429085716282627,market_elevated,1.0,0.6066950839524097,0.821536816974561
2018-08-02 00:00:00-04:00,1214.699951171875,1219.300048828125,1205.800048828125,1210.5999755859375,411,0.0,0.0,-0.006011999848421064,0.07022998515828383,GC=F,0.15728211269087758,market_elevated,1.0,0.7044392562053687,0.7619748129535127
2018-08-03 00:00:00-04:00,1206.5,1218.5999755859375,1205.0999755859375,1214.199951171875,784,0.0,0.0,0.002969299191421566,0.06869330035410423,GC=F,0.07768091513853774,market_normal,0.996,0.8021834284583278,0.6951387541629254
2018-08-06 00:00:00-04:00,1214.4000244140625,1214.4000244140625,1206.5999755859375,1208.5999755859375,297,0.0,0.0,-0.0046227387549226465,0.06942351601488371,GC=F,0.12093714839051149,market_elevated,1.0,1.0954159452171908,0.4576766846531088
2018-08-07 00:00:00-04:00,1207.800048828125,1214.800048828125,1207.800048828125,1209.5999755859375,715,0.0,0.0,0.0008270615145103922,0.06791290332275496,GC=F,0.021637056820897112,market_normal,0.996,1.1931601174701498,0.36872426639146444
2018-08-08 00:00:00-04:00,1212.0,1215.199951171875,1205.9000244140625,1212.5999755859375,209,0.0,0.0,0.0024770882622964334,0.06927673055975826,GC=F,0.06480400616079175,market_normal,0.996,1.2909042897231089,0.27625188859442107
2018-08-09 00:00:00-04:00,1214.5,1215.300048828125,1211.5999755859375,1211.9000244140625,44,0.0,0.0,-0.0005773983842617266,0.06414459708462804,GC=F,0.015105528947216156,market_normal,0.996,1.3886484619760964,0.1811423220954878
2018-08-10 00:00:00-04:00,1212.5,1216.4000244140625,1205.5999755859375,1211.0999755859375,75,0.0,0.0,-0.0006603787513001009,0.06327468587481193,GC=F,0.01727640848293132,market_normal,0.996,1.4863926342290554,0.08430351317333598
2018-08-13 00:00:00-04:00,1207.0,1207.4000244140625,1191.300048828125,1191.300048828125,78,0.0,0.0,-0.01648382857584301,0.08184610169911667,GC=F,0.43123942930965775,market_volatile,1.0,1.7796251509879468,-0.20731431099490144
2018-08-14 00:00:00-04:00,1193.0999755859375,1197.5,1192.800048828125,1193.0,92,0.0,0.0,0.0014259543053397558,0.08262877050835182,GC=F,0.03730490874902327,market_normal,0.996,1.8773693232409059,-0.3017932009466433
2018-08-15 00:00:00-04:00,1187.800048828125,1188.0999755859375,1174.5999755859375,1177.5,71,0.0,0.0,-0.013077596207343322,0.08698396379507041,GC=F,0.3421277465516509,market_volatile,1.0,1.975113495493865,-0.393391076676601
2018-08-16 00:00:00-04:00,1173.199951171875,1180.199951171875,1161.4000244140625,1176.199951171875,123,0.0,0.0,-0.0011046853781724766,0.08660424946570172,GC=F,0.028900075601851444,market_normal,0.996,2.072857667746824,-0.4812335156270912
2018-08-17 00:00:00-04:00,1174.699951171875,1181.199951171875,1174.699951171875,1176.5,66,0.0,0.0,0.0002550676550167926,0.08682383420040989,GC=F,0.006672917610050367,market_normal,0.996,2.170601839999783,-0.5644819458385777
2018-08-20 00:00:00-04:00,1184.800048828125,1190.0,1184.4000244140625,1186.800048828125,68,0.0,0.0,0.008716721391922366,0.09056679939284547,GC=F,0.22804131583925097,market_elevated,1.0,2.4638343567586887,-0.7789803311436196
2018-08-21 00:00:00-04:00,1189.800048828125,1192.5999755859375,1189.800048828125,1192.5999755859375,22,0.0,0.0,0.0048751266583741855,0.09269812137293452,GC=F,0.12753996004608809,market_elevated,1.0,2.5615785290116477,-0.8364549092248277
2018-08-22 00:00:00-04:00,1194.699951171875,1196.300048828125,1194.699951171875,1196.300048828125,17,0.0,0.0,0.0030977237750973805,0.09384483982137042,GC=F,0.08104067733934407,market_normal,0.996,2.659322701264607,-0.8859444217651327
2018-08-23 00:00:00-04:00,1189.300048828125,1190.300048828125,1184.9000244140625,1187.0,95,0.0,0.0,-0.0078043853831430325,0.09277418784257345,GC=F,0.20417336198651384,market_elevated,1.0,2.7570668735175516,-0.9269764260818892
2018-08-24 00:00:00-04:00,1185.300048828125,1208.0,1185.300048828125,1206.300048828125,12,0.0,0.0,0.01612874843926602,0.11061931184557841,GC=F,0.42195004882671217,market_volatile,1.0,2.8548110457705107,-0.959159217565416
2018-08-27 00:00:00-04:00,1210.300048828125,1211.4000244140625,1205.199951171875,1209.0,154,0.0,0.0,0.0022357075658587097,0.11094932853504136,GC=F,0.05848915804773146,market_normal,0.996,3.1480435625294163,-0.9999791929590822
2018-08-28 00:00:00-04:00,1209.699951171875,1217.0,1202.300048828125,1207.4000244140625,136,0.0,0.0,-0.001324264032107223,0.11096870538571339,GC=F,0.03464455255850775,market_normal,0.996,3.2457877347823754,-0.9945766018377232
2018-08-29 00:00:00-04:00,1205.199951171875,1205.199951171875,1202.4000244140625,1204.5,817,0.0,0.0,-0.002404764527759338,0.11075611182122373,GC=F,0.06291191866037774,market_normal,0.996,3.3435319070353344,-0.9796794650289191
2018-08-30 00:00:00-04:00,1205.4000244140625,1205.5999755859375,1196.0,1197.699951171875,493,0.0,0.0,-0.0056615328697090395,0.11121423533602993,GC=F,0.1481134187071788,market_elevated,1.0,3.4412760792882935,-0.9554299953554751
2018-08-31 00:00:00-04:00,1207.0999755859375,1208.199951171875,1199.0999755859375,1200.300048828125,191,0.0,0.0,0.0021685560260155255,0.10998397492213359,GC=F,0.05673238221219056,market_normal,0.996,3.5390202515412525,-0.9220596859947748
2018-09-04 00:00:00-04:00,1193.800048828125,1193.800048828125,1189.9000244140625,1192.699951171875,26,0.0,0.0,-0.006351962565760579,0.11111280332674972,GC=F,0.16617600087574397,market_elevated,1.0,3.929996940553103,-0.7049779390481344
2018-09-05 00:00:00-04:00,1192.5,1196.0,1192.5,1194.9000244140625,21,0.0,0.0,0.0018429166421238857,0.1106034562254881,GC=F,0.04821321195850467,market_normal,0.996,4.027741112806062,-0.6324002742429589
2018-09-06 00:00:00-04:00,1202.0,1202.0,1197.9000244140625,1197.9000244140625,7,0.0,0.0,0.002507523830407757,0.1110181294178081,GC=F,0.06560024211790898,market_normal,0.996,4.125485285059021,-0.5537855145720303
2018-09-07 00:00:00-04:00,1198.300048828125,1198.300048828125,1193.0999755859375,1193.5999755859375,29,0.0,0.0,-0.003596114122648065,0.11098508866274236,GC=F,0.09407924832801424,market_normal,0.996,4.223229457312009,-0.4698841416231912
2018-09-10 00:00:00-04:00,1193.0,1193.0,1193.0,1193.0,11,0.0,0.0,-0.0005027868974392518,0.11098686892140948,GC=F,0.013153590727934863,market_normal,0.996,4.516461974070872,-0.19467588896026883
2018-09-11 00:00:00-04:00,1190.4000244140625,1196.300048828125,1190.4000244140625,1195.4000244140625,21,0.0,0.0,0.0020097347155790214,0.1113982394600868,GC=F,0.052577400196955226,market_normal,0.996,4.614206146323831,-0.09802516513393984
2018-09-12 00:00:00-04:00,1205.0,1205.0,1204.699951171875,1204.699951171875,37,0.0,0.0,0.0077496549279547884,0.09884201466363803,GC=F,0.20274153866023728,market_elevated,1.0,4.71195031857679,-0.0004386617938319699
2018-09-13 00:00:00-04:00,1203.4000244140625,1203.4000244140625,1200.0,1202.0,22,0.0,0.0,-0.002243696646296927,0.0992407682078007,GC=F,0.05869816328416874,market_normal,0.996,4.809694490829777,0.097152029151799
2018-09-14 00:00:00-04:00,1195.0,1195.0,1195.0,1195.0,1,0.0,0.0,-0.005840650729541842,0.08959334351190369,GC=F,0.15279938612658428,market_elevated,1.0,4.907438663082736,0.19381527581839342
2018-09-17 00:00:00-04:00,1199.699951171875,1199.699951171875,1199.699951171875,1199.699951171875,0,0.0,0.0,0.003925299454991307,0.09000835758855841,GC=F,0.10269118542767859,market_elevated,1.0,5.200671179841613,0.46910952268250783
2018-09-18 00:00:00-04:00,1198.699951171875,1198.699951171875,1196.800048828125,1196.800048828125,2,0.0,0.0,-0.0024201158014890986,0.09073971016149907,GC=F,0.06331352891080826,market_normal,0.996,5.2984153520945725,0.5530547898250059
2018-09-19 00:00:00-04:00,1202.199951171875,1202.199951171875,1202.199951171875,1202.199951171875,0,0.0,0.0,0.004501801970305429,0.0872212950643084,GC=F,0.11777327722181324,market_elevated,1.0,5.3961595243475315,0.6317204194212843
2018-09-20 00:00:00-04:00,1206.199951171875,1206.199951171875,1206.199951171875,1206.199951171875,0,0.0,0.0,0.003321710546514391,0.08642743975915791,GC=F,0.08690047665928721,market_normal,0.996,5.493903696600505,0.7043554442629419
2018-09-21 00:00:00-04:00,1196.199951171875,1196.199951171875,1196.199951171875,1196.199951171875,0,0.0,0.0,-0.008325056744842725,0.09109993330013977,GC=F,0.21779483468286978,market_elevated,1.0,5.591647868853464,0.7702664672193659
2018-09-24 00:00:00-04:00,1199.300048828125,1199.300048828125,1199.300048828125,1199.300048828125,0,0.0,0.0,0.0025882691604381183,0.0869045448968248,GC=F,0.06771265003828388,market_normal,0.996,5.8848803856123695,0.9217197650823891
2018-09-25 00:00:00-04:00,1202.0999755859375,1202.800048828125,1200.0,1200.0,21,0.0,0.0,0.0005834628245632641,0.06577448418254003,GC=F,0.015264182973656962,market_normal,0.996,5.982624557865314,0.9551706261831513
2018-09-26 00:00:00-04:00,1194.0,1194.0,1194.0,1194.0,17857,0.0,0.0,-0.005012541823544286,0.06710304153793221,GC=F,0.1311349281163876,market_elevated,1.0,6.080368730118273,0.9795031236175666
2018-09-27 00:00:00-04:00,1194.5999755859375,1197.300048828125,1180.5,1182.300048828125,4947,0.0,0.0,-0.009847279784212154,0.07437242695274632,GC=F,0.25761826476522937,market_elevated,1.0,6.1781129023712325,0.994484971598739
2018-09-28 00:00:00-04:00,1181.699951171875,1191.9000244140625,1180.0,1191.5,404,0.0,0.0,0.007751282370461494,0.0800597833464171,GC=F,0.20278411477503955,market_elevated,1.0,6.2758570746241915,0.9999731486239739
2018-10-01 00:00:00-04:00,1191.5999755859375,1191.5999755859375,1185.800048828125,1187.0999755859375,180,0.0,0.0,-0.0036996800454468406,0.0787489901370129,GC=F,0.09678867406841073,market_normal,0.996,0.28590428420348246,0.9594070140781573
2018-10-02 00:00:00-04:00,1193.0,1206.0,1190.300048828125,1202.4000244140625,451,0.0,0.0,0.01280624224985772,0.09085224637970711,GC=F,0.3350287570645546,market_volatile,1.0,0.3836484564564415,0.9273051705678541
2018-10-03 00:00:00-04:00,1202.5999755859375,1202.5999755859375,1196.5999755859375,1198.300048828125,76,0.0,0.0,-0.0034156533069074047,0.08877736726991989,GC=F,0.08935814735109647,market_normal,0.996,0.481392628709429,0.8863509759245104
2018-10-04 00:00:00-04:00,1199.300048828125,1204.5999755859375,1197.199951171875,1197.199951171875,496,0.0,0.0,-0.0009184702430270636,0.08865778790065572,GC=F,0.024028433783966196,market_normal,0.996,0.5791368009623881,0.836935391961866
2018-10-05 00:00:00-04:00,1197.0999755859375,1205.300048828125,1196.9000244140625,1201.199951171875,34,0.0,0.0,0.003335560266446415,0.08898788493908678,GC=F,0.0872628042151766,market_normal,0.996,0.6768809732153471,0.7795301556167515
2018-10-08 00:00:00-04:00,1201.0,1201.0,1183.699951171875,1184.4000244140625,250,0.0,0.0,-0.014084678619262271,0.101114210065283,GC=F,0.368474395486121,market_volatile,1.0,0.9701134899742385,0.5652059112616771
2018-10-09 00:00:00-04:00,1185.5999755859375,1189.0999755859375,1185.5999755859375,1187.199951171875,9,0.0,0.0,0.0023612144438462214,0.10155204840527263,GC=F,0.061772589089782524,market_normal,0.996,1.0678576622271976,0.48200238557431957
2018-10-10 00:00:00-04:00,1189.300048828125,1192.0,1189.300048828125,1189.300048828125,1078,0.0,0.0,0.0017673875050836347,0.1014880891987389,GC=F,0.04623726675841798,market_normal,0.996,1.1656018344801566,0.39419751127003616
2018-10-11 00:00:00-04:00,1198.0999755859375,1224.5999755859375,1196.300048828125,1223.5,126,0.0,0.0,0.02835066409333902,0.13979385295345093,GC=F,0.65,market_extreme,1.009,1.2633460067331157,0.3026295017042607
2018-10-12 00:00:00-04:00,1221.5999755859375,1221.5999755859375,1216.0,1218.0999755859375,122,0.0,0.0,-0.004423356219554005,0.14058120573156604,GC=F,0.1157210294305818,market_elevated,1.0,1.3610901789860748,0.20817249432274063
2018-10-15 00:00:00-04:00,1222.4000244140625,1232.300048828125,1222.4000244140625,1226.4000244140625,136,0.0,0.0,0.006790820801527913,0.14006030283594284,GC=F,0.17765713065511438,market_elevated,1.0,1.6543226957449662,-0.08342928039026914
2018-10-16 00:00:00-04:00,1227.0999755859375,1230.5,1227.0999755859375,1227.300048828125,426,0.0,0.0,0.0007336059237572539,0.13972385597145223,GC=F,0.01919213115106563,market_normal,0.996,1.7520668679979252,-0.180279442537082
2018-10-17 00:00:00-04:00,1225.9000244140625,1225.9000244140625,1223.699951171875,1223.699951171875,1,0.0,0.0,-0.002937658298874482,0.13989874686707185,GC=F,0.07685314625086263,market_normal,0.996,1.8498110402509127,-0.2754085995843525
2018-10-18 00:00:00-04:00,1226.5,1226.5,1226.5,1226.5,165,0.0,0.0,0.002285568608961214,0.13942127578220237,GC=F,0.059793590914973195,market_normal,0.996,1.9475552125038718,-0.36790861823578186
2018-10-19 00:00:00-04:00,1225.300048828125,1225.300048828125,1225.300048828125,1225.300048828125,55,0.0,0.0,-0.0009788328932091772,0.13929649718284107,GC=F,0.02560760301011922,market_normal,0.996,2.045299384756831,-0.45689646378944276
2018-10-22 00:00:00-04:00,1224.5,1224.5,1219.5999755859375,1221.199951171875,18,0.0,0.0,-0.0033518099283377867,0.1362468602584774,GC=F,0.0876879175247617,market_normal,0.996,2.338531901515708,-0.6945078001898152
2018-10-23 00:00:00-04:00,1224.800048828125,1237.800048828125,1224.800048828125,1233.4000244140625,33,0.0,0.0,0.009940661474511047,0.13967448214364672,GC=F,0.2600612570984232,market_elevated,1.0,2.436276073768667,-0.7614063591662361
2018-10-24 00:00:00-04:00,1231.5999755859375,1231.5999755859375,1227.800048828125,1227.800048828125,36,0.0,0.0,-0.004550613589319168,0.14114711499301058,GC=F,0.11905025572412632,market_elevated,1.0,2.534020246021612,-0.8210362900144008
2018-10-25 00:00:00-04:00,1238.5999755859375,1238.5999755859375,1229.0999755859375,1229.0999755859375,7,0.0,0.0,0.0010581845953804216,0.13939541315997087,GC=F,0.02768355172565161,market_normal,0.996,2.631764418274571,-0.8728283463819282
2018-10-26 00:00:00-04:00,1234.300048828125,1234.800048828125,1232.5,1232.5,20,0.0,0.0,0.002762452559275811,0.1333102002579092,GC=F,0.07226952523049883,market_normal,0.996,2.7295085905275585,-0.9162881047678858
2018-10-29 00:00:00-04:00,1224.5,1224.5,1224.5,1224.5,214,0.0,0.0,-0.006512029524622742,0.13467947226762195,GC=F,0.17036357075208997,market_elevated,1.0,3.0227411072864356,-0.9929454650202735
2018-10-30 00:00:00-04:00,1227.699951171875,1227.699951171875,1219.800048828125,1222.5999755859375,72,0.0,0.0,-0.0015528787665673905,0.13387806103465918,GC=F,0.04062542570134432,market_normal,0.996,3.120485279539409,-0.999777247650608
2018-10-31 00:00:00-04:00,1216.0,1216.5999755859375,1212.0,1212.300048828125,121,0.0,0.0,-0.008460296595855924,0.1312989746738181,GC=F,0.22133289356903926,market_elevated,1.0,3.218229451792368,-0.9970648375686377
2018-11-01 00:00:00-04:00,1215.4000244140625,1236.0,1215.4000244140625,1236.0,14,0.0,0.0,0.019360936987837057,0.14587699411408162,GC=F,0.5065085079670639,market_extreme,1.009,3.315973624045327,-0.9848341283067468
2018-11-02 00:00:00-04:00,1233.300048828125,1233.300048828125,1230.9000244140625,1230.9000244140625,18,0.0,0.0,-0.004134730067067751,0.1469633458618062,GC=F,0.10817017577365769,market_elevated,1.0,3.413717796298286,-0.963201878119314
2018-11-05 00:00:00-05:00,1230.5999755859375,1231.5,1226.699951171875,1229.800048828125,15,0.0,0.0,-0.0008940347270811313,0.1469635074396859,GC=F,0.02338916737186254,market_normal,0.996,3.7069503130571633,-0.8443970498718492
2018-11-06 00:00:00-05:00,1230.699951171875,1233.800048828125,1223.800048828125,1223.800048828125,4,0.0,0.0,-0.0048907822962693795,0.1381657502932465,GC=F,0.12794953287805116,market_elevated,1.0,3.8046944853101223,-0.7880866488504814
2018-11-07 00:00:00-05:00,1228.5999755859375,1228.5999755859375,1226.199951171875,1226.199951171875,1,0.0,0.0,0.001959104580683226,0.13814332730468992,GC=F,0.0512528468398346,market_normal,0.996,3.90243865756311,-0.7242529211397767
2018-11-08 00:00:00-05:00,1222.9000244140625,1222.9000244140625,1222.9000244140625,1222.9000244140625,2,0.0,0.0,-0.0026948093485058135,0.13891310136182453,GC=F,0.0704998866131769,market_normal,0.996,4.000182829816069,-0.653505243878777
2018-11-09 00:00:00-05:00,1207.9000244140625,1207.9000244140625,1206.4000244140625,1206.4000244140625,14,0.0,0.0,-0.013584368668582848,0.10881850001563675,GC=F,0.35538560506244943,market_volatile,1.0,4.097927002069028,-0.576518996975653
2018-11-12 00:00:00-05:00,1201.5999755859375,1201.5999755859375,1201.300048828125,1201.300048828125,1,0.0,0.0,-0.004236394117412716,0.10873915009719985,GC=F,0.1108298459376826,market_elevated,1.0,4.391159518827891,-0.3157333710314308
2018-11-13 00:00:00-05:00,1196.300048828125,1201.300048828125,1196.300048828125,1199.199951171875,5,0.0,0.0,-0.0017497173022614182,0.10533579167769325,GC=F,0.04577499016134115,market_normal,0.996,4.488903691080878,-0.22162957569397537
2018-11-14 00:00:00-05:00,1207.9000244140625,1207.9000244140625,1207.9000244140625,1207.9000244140625,0,0.0,0.0,0.007228707752084227,0.10907222053659978,GC=F,0.18911285028913113,market_elevated,1.0,4.5866478633338374,-0.1254100336878365
2018-11-15 00:00:00-05:00,1212.800048828125,1212.800048828125,1212.800048828125,1212.800048828125,0,0.0,0.0,0.004048441325541188,0.10999462137862122,GC=F,0.10591274465075116,market_elevated,1.0,4.6843920355867965,-0.027993287472074063
2018-11-16 00:00:00-05:00,1216.699951171875,1223.800048828125,1216.699951171875,1220.800048828125,5,0.0,0.0,0.0065746453782541325,0.11230608372601336,GC=F,0.1720016868524545,market_elevated,1.0,4.782136207839756,0.06969069160071946
2018-11-19 00:00:00-05:00,1223.0999755859375,1223.0999755859375,1223.0999755859375,1223.0999755859375,0,0.0,0.0,0.001882178005493029,0.11250023168529098,GC=F,0.04924034275250242,market_normal,0.996,5.075368724598647,0.3550613983951179
2018-11-20 00:00:00-05:00,1225.300048828125,1228.800048828125,1219.0,1219.0,12,0.0,0.0,-0.0033577490512391004,0.1125024061785006,GC=F,0.08784329307715708,market_normal,0.996,5.173112896851606,0.4445966577404248
2018-11-21 00:00:00-05:00,1225.800048828125,1225.800048828125,1225.800048828125,1225.800048828125,0,0.0,0.0,0.005562881404039089,0.10853867652963987,GC=F,0.1455325618655579,market_elevated,1.0,5.270857069104565,0.5298876554857683
2018-11-23 00:00:00-05:00,1224.800048828125,1224.800048828125,1221.0,1221.0,1,0.0,0.0,-0.0039235367746059515,0.10825019048710435,GC=F,0.10264507130558986,market_elevated,1.0,5.466345413610483,0.6845282956598553
2018-11-26 00:00:00-05:00,1220.199951171875,1222.0,1220.199951171875,1220.199951171875,2,0.0,0.0,-0.0006554554094466516,0.10814908914913075,GC=F,0.017147607147646307,market_normal,0.996,5.759577930369375,0.8660211031464475
2018-11-27 00:00:00-05:00,1221.9000244140625,1222.0,1211.199951171875,1211.199951171875,5,0.0,0.0,-0.007403176331916226,0.11018159491581148,GC=F,0.19367718620496796,market_elevated,1.0,5.857322102622334,0.9106824764028536
2018-11-28 00:00:00-05:00,1211.5,1221.4000244140625,1211.5,1221.4000244140625,247168,0.0,0.0,0.008386198408281134,0.11256238388430213,GC=F,0.21939438395790065,market_elevated,1.0,5.955066274875293,0.9466501840703188
2018-11-29 00:00:00-05:00,1221.0,1228.699951171875,1220.5,1224.0999755859375,55478,0.0,0.0,0.002208098359343363,0.11271332306883886,GC=F,0.05776686356337732,market_normal,0.996,6.052810447128252,0.9735808669313724
2018-11-30 00:00:00-05:00,1224.0999755859375,1225.0,1216.0999755859375,1220.199951171875,2060,0.0,0.0,-0.0031911204357085257,0.10911610931692602,GC=F,0.08348406131631668,market_normal,0.996,6.150554619381239,0.9912174360917633
2018-12-03 00:00:00-05:00,1222.5,1234.0999755859375,1221.300048828125,1233.9000244140625,751,0.0,0.0,0.011165164989324806,0.09368870386402775,GC=F,0.2920959385127772,market_elevated,1.0,0.1606018289605302,0.9871312222848182
2018-12-04 00:00:00-05:00,1231.0,1241.4000244140625,1230.4000244140625,1241.0999755859375,474,0.0,0.0,0.005818158773582782,0.09460211036837028,GC=F,0.15221096589355315,market_elevated,1.0,0.2583460012134893,0.9668138669794809
2018-12-06 00:00:00-05:00,1237.5,1244.4000244140625,1234.800048828125,1238.0999755859375,434,0.0,0.0,-0.0024201367564945673,0.09501053934378238,GC=F,0.06331407712232101,market_normal,0.996,0.4538343457194074,0.8987726789338294
2018-12-07 00:00:00-05:00,1238.300048828125,1249.800048828125,1237.5999755859375,1246.800048828125,211,0.0,0.0,0.0070023813482669945,0.09572130696311838,GC=F,0.18319184299578398,market_elevated,1.0,0.5515785179723665,0.8516983890918035
2018-12-10 00:00:00-05:00,1249.5999755859375,1249.5999755859375,1241.699951171875,1243.699951171875,131,0.0,0.0,-0.0024895396566155777,0.09633184621855227,GC=F,0.06512975161219535,market_normal,0.996,0.8448110347312578,0.6638726111980578
2018-12-11 00:00:00-05:00,1245.800048828125,1248.699951171875,1241.5,1241.9000244140625,117,0.0,0.0,-0.0014482837866976904,0.09587816625528552,GC=F,0.037889078424973924,market_normal,0.996,0.9425552069842169,0.5877226237918606
2018-12-12 00:00:00-05:00,1245.300048828125,1245.5999755859375,1244.0999755859375,1244.4000244140625,84,0.0,0.0,0.0020110210300008265,0.08052316515596535,GC=F,0.05261105193596839,market_normal,0.996,1.0402993792371902,0.5059620486311973
2018-12-13 00:00:00-05:00,1243.5,1243.5,1241.0,1242.699951171875,194,0.0,0.0,-0.0013671131226424276,0.07854728503637688,GC=F,0.035765543186614575,market_normal,0.996,1.1380435514901492,0.41937139826269754
2018-12-14 00:00:00-05:00,1241.699951171875,1241.699951171875,1234.0999755859375,1237.0,33,0.0,0.0,-0.00459729912749512,0.08067414090881658,GC=F,0.12027161305306118,market_elevated,1.0,1.2357877237431083,0.3287772946725397
2018-12-17 00:00:00-05:00,1239.300048828125,1247.4000244140625,1239.300048828125,1247.4000244140625,10,0.0,0.0,0.008372311271493809,0.08179085740703564,GC=F,0.2190310775260631,market_elevated,1.0,1.5290202405019855,0.04176393579411368
2018-12-18 00:00:00-05:00,1248.199951171875,1249.199951171875,1245.5999755859375,1249.199951171875,31,0.0,0.0,0.0014419026574249351,0.08127730301872292,GC=F,0.03772213938327782,market_normal,0.996,1.6267644127549445,-0.055938871215444115
2018-12-19 00:00:00-05:00,1255.800048828125,1255.800048828125,1252.0999755859375,1252.0999755859375,268,0.0,0.0,0.0023188148550025403,0.07917863531272358,GC=F,0.06066335803876876,market_normal,0.996,1.7245085850079036,-0.15310766790595984
2018-12-20 00:00:00-05:00,1243.199951171875,1263.5999755859375,1243.199951171875,1263.5999755859375,49,0.0,0.0,0.009142648430483463,0.08381906303224079,GC=F,0.23918414786953654,market_elevated,1.0,1.8222527572608627,-0.24881484993014896
2018-12-21 00:00:00-05:00,1260.300048828125,1261.300048828125,1253.800048828125,1253.800048828125,96,0.0,0.0,-0.0077857918229155085,0.08836687477415522,GC=F,0.2036869291008247,market_elevated,1.0,1.9199969295138501,-0.3421467659808726
2018-12-24 00:00:00-05:00,1260.300048828125,1268.5,1260.300048828125,1267.5,27,0.0,0.0,0.010867477681360828,0.09333174635181549,GC=F,0.2843080326747338,market_elevated,1.0,2.2132294462727415,-0.5991452665297475
2018-12-26 00:00:00-05:00,1269.300048828125,1277.4000244140625,1269.199951171875,1269.199951171875,63,0.0,0.0,0.001340285772125058,0.0911677090309595,GC=F,0.0350637031211364,market_normal,0.996,2.4087177907786597,-0.7432541669020961
2018-12-27 00:00:00-05:00,1276.699951171875,1277.300048828125,1276.699951171875,1277.300048828125,480,0.0,0.0,0.006361771038876295,0.09198109897373942,GC=F,0.166432603905153,market_elevated,1.0,2.5064619630316187,-0.8049941668979146
2018-12-28 00:00:00-05:00,1273.5,1280.0999755859375,1273.5,1279.9000244140625,805,0.0,0.0,0.0020334556603831245,0.08515125967426286,GC=F,0.053197972453754745,market_normal,0.996,2.604206135284578,-0.8590494356406384
2018-12-31 00:00:00-05:00,1278.0,1281.300048828125,1277.5999755859375,1278.300048828125,19,0.0,0.0,-0.0012508605650431678,0.08346620610241116,GC=F,0.03272421778309987,market_normal,0.996,2.897438652043455,-0.9703421800537417
2019-01-02 00:00:00-05:00,1286.0,1286.0,1277.5999755859375,1281.0,149,0.0,0.0,0.002109914525054996,0.0834663085273575,GC=F,0.055198240596259135,market_normal,0.996,3.0929269965493873,-0.9988160606049469
2019-01-03 00:00:00-05:00,1286.800048828125,1292.0,1286.699951171875,1291.800048828125,10,0.0,0.0,0.008395609500155037,0.08375056559036378,GC=F,0.2196405909522412,market_elevated,1.0,3.1906711688023464,-0.9987958913961422
2019-01-04 00:00:00-05:00,1294.199951171875,1294.199951171875,1275.300048828125,1282.699951171875,34,0.0,0.0,-0.007069439157760669,0.08438818103590859,GC=F,0.1849461667175914,market_elevated,1.0,3.2884153410553054,-0.9892408978150662
2019-01-07 00:00:00-05:00,1286.800048828125,1286.800048828125,1286.5999755859375,1286.800048828125,2,0.0,0.0,0.0031913610711298765,0.08331443300787345,GC=F,0.08349035666701737,market_normal,0.996,3.581647857814211,-0.9047281481835392
2019-01-08 00:00:00-05:00,1280.5,1283.199951171875,1278.199951171875,1283.199951171875,54,0.0,0.0,-0.0028016342498520465,0.08356352046968929,GC=F,0.07329457167560961,market_normal,0.996,3.67939203006717,-0.8588380233767882
2019-01-09 00:00:00-05:00,1279.4000244140625,1289.300048828125,1279.199951171875,1289.300048828125,102,0.0,0.0,0.0047425532281951755,0.08211211718501953,GC=F,0.12407165836429287,market_elevated,1.0,3.777136202320129,-0.8047491566772569
2019-01-10 00:00:00-05:00,1284.699951171875,1284.699951171875,1284.699951171875,1284.699951171875,0,0.0,0.0,-0.0035742832584524176,0.08287463037993456,GC=F,0.093508123156835,market_normal,0.996,3.874880374573088,-0.7429778976703991
2019-01-11 00:00:00-05:00,1291.199951171875,1291.199951171875,1286.300048828125,1287.0999755859375,11,0.0,0.0,0.0018664166569111902,0.08215876679163105,GC=F,0.04882800438485259,market_normal,0.996,3.972624546826033,-0.6741139345106901
2019-01-14 00:00:00-05:00,1292.4000244140625,1293.9000244140625,1289.0999755859375,1289.0999755859375,7,0.0,0.0,0.0015526748231558635,0.08215241055361515,GC=F,0.040620090263645874,market_normal,0.996,4.265857063584939,-0.431840099109518
2019-01-15 00:00:00-05:00,1290.0999755859375,1292.699951171875,1286.199951171875,1286.199951171875,3,0.0,0.0,-0.0022521847725428135,0.08262198524141832,GC=F,0.058920224239325046,market_normal,0.996,4.363601235837898,-0.34175879608563753
2019-01-16 00:00:00-05:00,1291.5999755859375,1291.5999755859375,1291.5999755859375,1291.5999755859375,2,0.0,0.0,0.004189644244261605,0.07982573108137332,GC=F,0.10960680551808438,market_elevated,1.0,4.461345408090857,-0.24841495451266432
2019-01-17 00:00:00-05:00,1291.5999755859375,1292.699951171875,1288.5,1291.0,10,0.0,0.0,-0.0004646291352922488,0.07682992280054625,GC=F,0.012155331646539041,market_normal,0.996,4.559089580343816,-0.15269966449549183
2019-01-18 00:00:00-05:00,1281.300048828125,1281.300048828125,1281.300048828125,1281.300048828125,3,0.0,0.0,-0.007541886222843759,0.0831581470281611,GC=F,0.19730602606628853,market_elevated,1.0,4.656833752596789,-0.05552665474276028
2019-01-22 00:00:00-05:00,1282.5,1283.300048828125,1282.5,1282.5,7,0.0,0.0,0.00093607242112592,0.08306335638144001,GC=F,0.024488930761536198,market_normal,0.996,5.047810441608625,0.3291671729875529
2019-01-23 00:00:00-05:00,1281.699951171875,1283.9000244140625,1278.699951171875,1283.0999755859375,14,0.0,0.0,0.0004677078286435974,0.07780514911769633,GC=F,0.012235874462047368,market_normal,0.996,5.145554613861584,0.41974616125133846
2019-01-24 00:00:00-05:00,1279.0999755859375,1279.0999755859375,1278.5,1279.0999755859375,1,0.0,0.0,-0.003122319355127618,0.07289673179896013,GC=F,0.08168413124612174,market_normal,0.996,5.2432987861145435,0.5063181186863606
2019-01-25 00:00:00-05:00,1297.4000244140625,1297.4000244140625,1297.4000244140625,1297.4000244140625,0,0.0,0.0,0.01420559407819777,0.07925782157303014,GC=F,0.3716377087459104,market_volatile,1.0,5.341042958367531,0.5880566017551616
2019-01-28 00:00:00-05:00,1300.800048828125,1307.0999755859375,1298.4000244140625,1302.4000244140625,54,0.0,0.0,0.0038464543970783884,0.07982292365313191,GC=F,0.100628491216694,market_elevated,1.0,5.634275475126394,0.7967430801804726
2019-01-29 00:00:00-05:00,1308.199951171875,1308.199951171875,1308.199951171875,1308.199951171875,213607,0.0,0.0,0.0044433742087311885,0.07853505826708453,GC=F,0.1162447273196357,market_elevated,1.0,5.732019647379353,0.8519146675173978
2019-01-30 00:00:00-05:00,1310.4000244140625,1323.4000244140625,1308.0999755859375,1309.9000244140625,54958,0.0,0.0,0.0012987078392666725,0.07847075011781147,GC=F,0.033975967710929464,market_normal,0.996,5.829763819632312,0.8989536055263546
2019-01-31 00:00:00-05:00,1320.0,1325.4000244140625,1316.699951171875,1319.699951171875,1970,0.0,0.0,0.007453583981655651,0.08093504660105615,GC=F,0.19499591904706554,market_elevated,1.0,5.9275079918852995,0.9374108454913572
2019-02-01 00:00:00-05:00,1320.300048828125,1320.699951171875,1315.4000244140625,1316.9000244140625,878,0.0,0.0,-0.002123892768155545,0.08186822846150954,GC=F,0.05556393049346337,market_normal,0.996,6.025252164138259,0.966919262324998
2019-02-04 00:00:00-05:00,1318.0999755859375,1318.0999755859375,1308.300048828125,1314.300048828125,675,0.0,0.0,-0.0019762666158226303,0.07837699533275787,GC=F,0.05170182907750207,market_normal,0.996,0.03529937371754954,0.9993770417978082
2019-02-05 00:00:00-05:00,1311.0999755859375,1315.0999755859375,1311.0,1314.199951171875,362,0.0,0.0,-7.616332988273438e-05,0.07306890266592392,GC=F,0.00199253654949356,market_normal,0.996,0.1330435459705086,0.9911627543508271
2019-02-06 00:00:00-05:00,1312.5,1313.5,1305.0,1309.5,358,0.0,0.0,-0.0035826933617428332,0.07444559580386521,GC=F,0.09372814292510105,market_normal,0.996,0.23078771822348187,0.9734865108941304
2019-02-07 00:00:00-05:00,1302.9000244140625,1310.4000244140625,1302.199951171875,1309.4000244140625,203,0.0,0.0,-7.634929554701608e-05,0.0733599114899149,GC=F,0.0019974016648135265,market_normal,0.996,0.32853189047644094,0.946517054489617
2019-02-08 00:00:00-05:00,1309.5,1314.0,1307.800048828125,1313.699951171875,122,0.0,0.0,0.0032785106548437006,0.07258054962025158,GC=F,0.08577030859519992,market_normal,0.996,0.4262760627294,0.9105118441761614
2019-02-11 00:00:00-05:00,1313.4000244140625,1313.4000244140625,1304.699951171875,1307.0,119,0.0,0.0,-0.005113111682841348,0.07395659157923903,GC=F,0.1337659727507983,market_elevated,1.0,0.7195085794882772,0.7521296735024459
2019-02-12 00:00:00-05:00,1310.0,1312.0,1307.5999755859375,1309.199951171875,109,0.0,0.0,0.001681791706648733,0.07392642008862862,GC=F,0.043997963971535915,market_normal,0.996,0.8172527517412362,0.6842272693812369
2019-02-13 00:00:00-05:00,1311.5999755859375,1316.0,1308.0999755859375,1310.800048828125,143,0.0,0.0,0.001221448744417649,0.07389342931683304,GC=F,0.031954764455970855,market_normal,0.996,0.9149969239942095,0.6097930133566718
2019-02-14 00:00:00-05:00,1305.0,1311.800048828125,1301.5999755859375,1309.800048828125,858,0.0,0.0,-0.0007631840122664169,0.0732973961514757,GC=F,0.019965934272717523,market_normal,0.996,1.0127410962471686,0.5295374785945098
2019-02-15 00:00:00-05:00,1313.5999755859375,1318.800048828125,1313.5999755859375,1318.0999755859375,190,0.0,0.0,0.0063167961332353875,0.07486638879237234,GC=F,0.16525599905558158,market_elevated,1.0,1.1104852685001276,0.44422681004532716
2019-02-19 00:00:00-05:00,1320.9000244140625,1340.0999755859375,1320.5,1340.0999755859375,390,0.0,0.0,0.01655293261183519,0.09201168170686004,GC=F,0.4330472851064557,market_volatile,1.0,1.5014619575119923,0.06927883130434007
2019-02-20 00:00:00-05:00,1342.199951171875,1344.0,1338.0,1343.300048828125,581,0.0,0.0,0.002385089610256545,0.08554154967747847,GC=F,0.062397195994063834,market_normal,0.996,1.5992061297649514,-0.02840598145223873
2019-02-21 00:00:00-05:00,1331.300048828125,1334.9000244140625,1320.9000244140625,1323.5,414,0.0,0.0,-0.014849566751193068,0.10406896190668649,GC=F,0.38848491185262585,market_volatile,1.0,1.6969503020179104,-0.12581962164332922
2019-02-22 00:00:00-05:00,1324.199951171875,1331.300048828125,1321.0,1329.199951171875,718,0.0,0.0,0.004297478078310308,0.10443597464281437,GC=F,0.11242788563557506,market_elevated,1.0,1.7946944742708695,-0.22203214756744183
2019-02-25 00:00:00-05:00,1329.199951171875,1331.5999755859375,1325.5999755859375,1325.9000244140625,185,0.0,0.0,-0.0024857282115930447,0.10408978140264334,GC=F,0.06503003901394794,market_normal,0.996,2.0879269910297467,-0.4943880312231427
2019-02-26 00:00:00-05:00,1323.300048828125,1325.5,1323.300048828125,1325.0999755859375,939,0.0,0.0,-0.0006035826876001255,0.09382759502660712,GC=F,0.015790546021773096,market_normal,0.996,2.18567116328272,-0.5768562875331084
2019-02-27 00:00:00-05:00,1327.699951171875,1327.9000244140625,1316.5,1317.699951171875,604,0.0,0.0,-0.005600154350637701,0.09590772295035217,GC=F,0.14650767296586567,market_elevated,1.0,2.283415335535679,-0.6538176896028222
2019-02-28 00:00:00-05:00,1321.0999755859375,1323.699951171875,1311.5,1312.800048828125,141,0.0,0.0,-0.00372545752587554,0.09591060925160025,GC=F,0.09746304810099464,market_normal,0.996,2.381159507788624,-0.7245375393237945
2019-03-01 00:00:00-05:00,1312.199951171875,1312.199951171875,1288.9000244140625,1296.4000244140625,110,0.0,0.0,-0.01257108687016906,0.1054125196896977,GC=F,0.3288767717251385,market_volatile,1.0,2.4789036800416113,-0.7883407224384544
2019-03-04 00:00:00-05:00,1285.5,1287.0,1281.9000244140625,1284.800048828125,28,0.0,0.0,-0.008988108902638492,0.10518130422941326,GC=F,0.23514118312460372,market_elevated,1.0,2.7721361968004885,-0.9325237614862539
2019-03-05 00:00:00-05:00,1287.0,1287.0,1282.0,1282.0,114,0.0,0.0,-0.0021817437163371535,0.10518736923999605,GC=F,0.05707739017087231,market_normal,0.996,2.8698803690534476,-0.9633127636262336
2019-03-06 00:00:00-05:00,1287.0999755859375,1287.0999755859375,1282.5999755859375,1284.9000244140625,14,0.0,0.0,0.00225955480956854,0.10585490770658752,GC=F,0.05911303445609853,market_normal,0.996,2.9676245413064066,-0.9849056746570436
2019-03-07 00:00:00-05:00,1281.0,1284.5999755859375,1281.0,1283.800048828125,11,0.0,0.0,-0.0008564453784477475,0.10579641809550443,GC=F,0.022405778762948105,market_normal,0.996,3.0653687135593657,-0.9970963617580159
2019-03-08 00:00:00-05:00,1292.0999755859375,1297.4000244140625,1291.5999755859375,1297.0,10,0.0,0.0,0.010229437404707756,0.11235245157167074,GC=F,0.26761602914445715,market_elevated,1.0,3.1631128858123247,-0.9997684487390938
2019-03-11 00:00:00-04:00,1291.0,1291.0,1288.800048828125,1288.800048828125,9,0.0,0.0,-0.0063423145671770475,0.11416723304401731,GC=F,0.16592359607888507,market_elevated,1.0,3.4563454025712304,-0.9508729522888025
2019-03-12 00:00:00-04:00,1294.699951171875,1296.300048828125,1294.699951171875,1296.300048828125,1,0.0,0.0,0.0058024995240326446,0.1156164359028234,GC=F,0.15180129857577265,market_elevated,1.0,3.5540895748241894,-0.9161226688091144
2019-03-13 00:00:00-04:00,1307.5,1307.5,1307.5,1307.5,0,0.0,0.0,0.008602826665778341,0.11864584493854095,GC=F,0.22506167452123169,market_elevated,1.0,3.651833747077177,-0.8726267859273752
2019-03-14 00:00:00-04:00,1293.4000244140625,1293.4000244140625,1293.4000244140625,1293.4000244140625,1,0.0,0.0,-0.01084248805070627,0.12423398290896563,GC=F,0.28365426986638215,market_elevated,1.0,3.749577919330136,-0.8208005292244989
2019-03-15 00:00:00-04:00,1300.9000244140625,1304.699951171875,1300.5,1301.800048828125,26,0.0,0.0,0.006473530758076257,0.12650407230062707,GC=F,0.16935639053068421,market_elevated,1.0,3.847322091583095,-0.7611386486887258
2019-03-18 00:00:00-04:00,1297.300048828125,1302.199951171875,1297.300048828125,1300.300048828125,8,0.0,0.0,-0.0011529150377441156,0.12652816377537646,GC=F,0.030161829251725773,market_normal,0.996,4.140554608341944,-0.5411754995701642
2019-03-19 00:00:00-04:00,1306.9000244140625,1306.9000244140625,1304.800048828125,1305.0,20,0.0,0.0,0.0036079961480897727,0.125070258255489,GC=F,0.09439009831331645,market_normal,0.996,4.238298780594903,-0.4565291793076672
2019-03-20 00:00:00-04:00,1300.699951171875,1300.699951171875,1300.5,1300.5,2,0.0,0.0,-0.0034542348680875576,0.10890610106181116,GC=F,0.09036749359299974,market_normal,0.996,4.336042952847862,-0.3675246857857356
2019-03-21 00:00:00-04:00,1306.0999755859375,1306.0999755859375,1306.0999755859375,1306.0999755859375,0,0.0,0.0,0.004296773002431159,0.10994591235195823,GC=F,0.1124094398892883,market_elevated,1.0,4.433787125100821,-0.2750116843077463
2019-03-22 00:00:00-04:00,1311.5999755859375,1311.5999755859375,1311.5999755859375,1311.5999755859375,0,0.0,0.0,0.0042021684654013165,0.09978199852255258,GC=F,0.10993445621840484,market_elevated,1.0,4.531531297353808,-0.17987333351383275
2019-03-25 00:00:00-04:00,1320.699951171875,1322.9000244140625,1320.699951171875,1321.9000244140625,19,0.0,0.0,0.007822366697732926,0.10259377347119777,GC=F,0.20464377769159747,market_elevated,1.0,4.824763814112714,0.11213846951837239
2019-03-26 00:00:00-04:00,1315.5999755859375,1315.5999755859375,1314.300048828125,1314.300048828125,1,0.0,0.0,-0.005765872414879459,0.10410757400922174,GC=F,0.15084308346356082,market_elevated,1.0,4.922507986365673,0.20857628989811483
2019-03-27 00:00:00-04:00,1309.9000244140625,1309.9000244140625,1309.9000244140625,1309.9000244140625,206263,0.0,0.0,-0.0033534245976774187,0.10460380560557007,GC=F,0.08773015947609861,market_normal,0.996,5.020252158618632,0.30302297444166704
2019-03-28 00:00:00-04:00,1308.4000244140625,1311.0999755859375,1287.699951171875,1289.800048828125,87798,0.0,0.0,-0.015463611608309486,0.1156063334052681,GC=F,0.40454916249288536,market_volatile,1.0,5.117996330871591,0.39457690495313574
2019-03-29 00:00:00-04:00,1289.5999755859375,1298.5,1286.0999755859375,1293.0,1265,0.0,0.0,0.002477894338452264,0.11577361195108435,GC=F,0.06482509421201853,market_normal,0.996,5.21574050312455,0.4823640783899197
2019-04-01 00:00:00-04:00,1291.800048828125,1295.9000244140625,1285.699951171875,1288.4000244140625,675,0.0,0.0,-0.0035639423656812787,0.10811081010851557,GC=F,0.0932375913033484,market_normal,0.996,5.5089730198834275,0.7149719875945557
2019-04-02 00:00:00-04:00,1286.300048828125,1290.9000244140625,1284.5,1290.0,525,0.0,0.0,0.0012410609495414877,0.10345361613567626,GC=F,0.03246784648095034,market_normal,0.996,5.6067171921363865,0.7797886889580552
2019-04-03 00:00:00-04:00,1291.4000244140625,1293.0999755859375,1287.5,1289.9000244140625,172,0.0,0.0,-7.750345753043755e-05,0.10310137964499498,GC=F,0.0020275961158642357,market_normal,0.996,5.704461364389346,0.837161278605891
2019-04-04 00:00:00-04:00,1290.5999755859375,1292.5999755859375,1279.5,1289.0,269,0.0,0.0,-0.0006979909589999726,0.10289925923548843,GC=F,0.01826039511619073,market_normal,0.996,5.802205536642305,0.886542059485255
2019-04-05 00:00:00-04:00,1292.0,1292.0,1283.5999755859375,1290.4000244140625,181,0.0,0.0,0.0010855427915747453,0.1028794264600194,GC=F,0.028399279437784676,market_normal,0.996,5.899949708895264,0.9274596269006472
2019-04-08 00:00:00-04:00,1292.199951171875,1302.0999755859375,1291.800048828125,1297.0999755859375,63,0.0,0.0,0.005178717793829374,0.0980784828284739,GC=F,0.1354823180604774,market_elevated,1.0,6.193182225654169,0.9959524560442318
2019-04-09 00:00:00-04:00,1298.5,1304.9000244140625,1298.5,1303.5,30,0.0,0.0,0.004921969848964953,0.09664691893029502,GC=F,0.1287654417771351,market_elevated,1.0,0.007741090727542144,0.9999700379067964
2019-04-10 00:00:00-04:00,1304.0,1309.0999755859375,1301.5,1309.0999755859375,66,0.0,0.0,0.004286905162995197,0.09574551271969194,GC=F,0.11215128375600261,market_elevated,1.0,0.1054852629805012,0.994441586619738
2019-04-11 00:00:00-04:00,1307.0,1307.0999755859375,1288.5999755859375,1288.5999755859375,420,0.0,0.0,-0.015783520778201384,0.10632178397597448,GC=F,0.41291842253586375,market_volatile,1.0,0.20322943523346026,0.9794198785435992
2019-04-12 00:00:00-04:00,1293.4000244140625,1293.4000244140625,1289.199951171875,1290.5999755859375,607,0.0,0.0,0.0015508688265574986,0.0998887633978085,GC=F,0.04057284293036825,market_normal,0.996,0.3009736074864193,0.9550483156982635
2019-04-15 00:00:00-04:00,1284.800048828125,1287.300048828125,1282.300048828125,1286.800048828125,523,0.0,0.0,-0.002948653274649578,0.09737311134865462,GC=F,0.07714078980749817,market_normal,0.996,0.5942061242453249,0.828593212137721
2019-04-16 00:00:00-04:00,1285.199951171875,1285.199951171875,1272.199951171875,1272.5999755859375,643,0.0,0.0,-0.011096521695962844,0.1040126634424387,GC=F,0.29030013637135427,market_elevated,1.0,0.691950296498284,0.7700031127696233
2019-04-17 00:00:00-04:00,1273.5,1273.5,1271.5999755859375,1272.199951171875,308,0.0,0.0,-0.00031438575044829805,0.10269018171391323,GC=F,0.008224759859799681,market_normal,0.996,0.789694468751243,0.7040623179194908
2019-04-18 00:00:00-04:00,1270.800048828125,1273.5999755859375,1270.0999755859375,1271.9000244140625,27,0.0,0.0,-0.00023578221145405452,0.10240962505360285,GC=F,0.006168384113010317,market_normal,0.996,0.8874386410042021,0.6314003194617694
2019-04-22 00:00:00-04:00,1273.5,1273.5,1273.5,1273.5,147,0.0,0.0,0.0012571507671187557,0.10093743795083694,GC=F,0.03288877804534952,market_normal,0.996,1.2784153300160384,0.28823298797800334
2019-04-23 00:00:00-04:00,1266.4000244140625,1269.800048828125,1266.0,1269.300048828125,206,0.0,0.0,-0.0033034095568352825,0.09920641114203277,GC=F,0.08642169781803025,market_normal,0.996,1.3761595022689974,0.19341022973919358
2019-04-24 00:00:00-04:00,1268.4000244140625,1275.5,1267.800048828125,1275.5,518,0.0,0.0,0.004872652719189608,0.09617081612637375,GC=F,0.1274752384240938,market_elevated,1.0,1.4739036745219565,0.09674111571513319
2019-04-25 00:00:00-04:00,1280.5999755859375,1280.800048828125,1275.800048828125,1275.800048828125,95,0.0,0.0,0.00023521249854262027,0.09521733270576993,GC=F,0.006153479646510508,market_normal,0.996,1.571647846774944,-0.0008515198771430999
2019-04-26 00:00:00-04:00,1284.9000244140625,1284.9000244140625,1284.9000244140625,1284.9000244140625,804,0.0,0.0,0.0071074422097751645,0.09934132911230599,GC=F,0.1859403783709917,market_elevated,1.0,1.669392019027903,-0.09843602658885806
2019-04-29 00:00:00-04:00,1284.800048828125,1284.9000244140625,1277.0999755859375,1278.5999755859375,568,0.0,0.0,-0.004915203051928451,0.08565810705451049,GC=F,0.12858841314092662,market_elevated,1.0,1.9626245357867802,-0.3818787058802829
2019-04-30 00:00:00-04:00,1281.699951171875,1283.300048828125,1280.800048828125,1282.800048828125,114,0.0,0.0,0.0032795166444519316,0.08604340619444863,GC=F,0.0857966266549,market_normal,0.996,2.0603687080397393,-0.47024854307521696
2019-05-01 00:00:00-04:00,1278.699951171875,1283.300048828125,1278.699951171875,1281.4000244140625,70,0.0,0.0,-0.001091977625138958,0.0853128229337025,GC=F,0.02856762345696481,market_normal,0.996,2.1581128802926983,-0.5541292375852815
2019-05-02 00:00:00-04:00,1269.199951171875,1270.800048828125,1266.5999755859375,1269.699951171875,63,0.0,0.0,-0.009172635638250213,0.0904757074057387,GC=F,0.239968654108753,market_elevated,1.0,2.2558570525456574,-0.6327200375278678
2019-05-03 00:00:00-04:00,1270.0999755859375,1279.199951171875,1270.0999755859375,1279.199951171875,15,0.0,0.0,0.007454230729596022,0.09484316635707858,GC=F,0.19501283885495055,market_elevated,1.0,2.3536012247986164,-0.705270690042322
2019-05-06 00:00:00-04:00,1282.199951171875,1282.199951171875,1280.300048828125,1281.699951171875,12,0.0,0.0,0.0019524392904874438,0.0951808670674869,GC=F,0.05107847376097204,market_normal,0.996,2.646833741557522,-0.8800832086771164
2019-05-07 00:00:00-04:00,1280.5,1283.5,1280.5,1283.5,8,0.0,0.0,0.001403437671793296,0.09524428029893052,GC=F,0.03671584291666075,market_normal,0.996,2.744577913810481,-0.9222194032199335
2019-05-08 00:00:00-04:00,1279.4000244140625,1279.4000244140625,1279.4000244140625,1279.4000244140625,5,0.0,0.0,-0.003199484212726764,0.0936296628171258,GC=F,0.08370286912614212,market_normal,0.996,2.84232208606344,-0.9555517969880882
2019-05-09 00:00:00-04:00,1278.9000244140625,1285.0,1278.800048828125,1283.5,38,0.0,0.0,0.0031994842127267375,0.09252065313055473,GC=F,0.08370286912614143,market_normal,0.996,2.9400662583163992,-0.9797621883117255
2019-05-10 00:00:00-04:00,1285.4000244140625,1286.5,1283.300048828125,1285.699951171875,6,0.0,0.0,0.0017125578011547432,0.09117963295378478,GC=F,0.044802846949772074,market_normal,0.996,3.0378104305693583,-0.9946194570678617
2019-05-13 00:00:00-04:00,1286.699951171875,1300.0999755859375,1281.800048828125,1300.0999755859375,56,0.0,0.0,0.011137886677169313,0.0829801663496706,GC=F,0.2913823006760125,market_elevated,1.0,3.3310429473282355,-0.9821079036596309
2019-05-14 00:00:00-04:00,1297.800048828125,1297.800048828125,1294.699951171875,1294.699951171875,6,0.0,0.0,-0.004162195438771078,0.08435052683836472,GC=F,0.1088887073432275,market_elevated,1.0,3.4287871195811945,-0.9590423519762491
2019-05-15 00:00:00-04:00,1296.9000244140625,1296.9000244140625,1296.0,1296.300048828125,55,0.0,0.0,0.0012351199225512385,0.08365557506750139,GC=F,0.0323124211149924,market_normal,0.996,3.5265312918341536,-0.9268214758963267
2019-05-16 00:00:00-04:00,1285.199951171875,1285.4000244140625,1285.0,1285.0,3,0.0,0.0,-0.008755371943979367,0.07992935213775583,GC=F,0.22905246697655354,market_elevated,1.0,3.624275464087141,-0.8857528661870827
2019-05-17 00:00:00-04:00,1280.0,1280.0,1274.5,1274.5,1,0.0,0.0,-0.00820477351315001,0.08538222564518123,GC=F,0.21464806134971925,market_elevated,1.0,3.7220196363401,-0.8362285769049945
2019-05-20 00:00:00-04:00,1276.0999755859375,1276.0999755859375,1276.0999755859375,1276.0999755859375,20,0.0,0.0,0.0012545877919818633,0.08546749719875046,GC=F,0.03282172712145262,market_normal,0.996,4.015252153099006,-0.6420251743797672
2019-05-21 00:00:00-04:00,1272.0,1272.0,1272.0,1272.0,0,0.0,0.0,-0.003218067708084531,0.08614494877874572,GC=F,0.08418903870111615,market_normal,0.996,4.112996325351965,-0.5641411058545828
2019-05-22 00:00:00-04:00,1273.5999755859375,1273.5999755859375,1273.5999755859375,1273.5999755859375,0,0.0,0.0,0.0012570520207180209,0.0854244448356947,GC=F,0.03288619470487717,market_normal,0.996,4.210740497604924,-0.4808715662718596
2019-05-23 00:00:00-04:00,1284.800048828125,1284.800048828125,1284.800048828125,1284.800048828125,0,0.0,0.0,0.00875558527616713,0.08910270625945867,GC=F,0.22905804803743884,market_elevated,1.0,4.308484669857883,-0.39301147323420377
2019-05-24 00:00:00-04:00,1283.0,1283.0,1283.0,1283.0,9,0.0,0.0,-0.0014020165813160776,0.08930860602113758,GC=F,0.03667866525228664,market_normal,0.996,4.406228842110842,-0.30139956723270234
2019-05-28 00:00:00-04:00,1276.5,1276.5,1276.5,1276.5,0,0.0,0.0,-0.005079127934097918,0.08750867357352865,GC=F,0.13287691155081735,market_elevated,1.0,4.797205531122678,0.08471489442442014
2019-05-29 00:00:00-04:00,1280.5999755859375,1280.5999755859375,1280.5999755859375,1280.5999755859375,189694,0.0,0.0,0.0032067413386132966,0.08664453899975674,GC=F,0.08389272543357322,market_normal,0.996,4.894949703375637,0.18154833486089805
2019-05-30 00:00:00-04:00,1279.4000244140625,1288.300048828125,1273.9000244140625,1287.0999755859375,55573,0.0,0.0,0.005062907666908317,0.08768969883860386,GC=F,0.1324525672467068,market_elevated,1.0,4.992693875628596,0.27664865694668145
2019-05-31 00:00:00-04:00,1287.699951171875,1306.4000244140625,1287.5,1305.800048828125,2814,0.0,0.0,0.014424310458736921,0.1004453228792933,GC=F,0.37735962745492935,market_volatile,1.0,5.090438047881584,0.3691080026532991
2019-06-03 00:00:00-04:00,1307.0,1327.800048828125,1307.0,1322.699951171875,812,0.0,0.0,0.012859147970708999,0.10160072294645907,GC=F,0.336412842852765,market_volatile,1.0,5.383670564640461,0.6219900102962059
2019-06-04 00:00:00-04:00,1324.300048828125,1328.5999755859375,1320.800048828125,1323.4000244140625,302,0.0,0.0,0.0005291359094371339,0.09968536548198788,GC=F,0.013842916805584813,market_normal,0.996,5.48141473689342,0.6954354885723305
2019-06-05 00:00:00-04:00,1328.9000244140625,1343.300048828125,1326.300048828125,1328.300048828125,622,0.0,0.0,0.003695764872375826,0.09994174755138054,GC=F,0.09668624780299401,market_normal,0.996,5.579158909146379,0.7622421177073025
2019-06-06 00:00:00-04:00,1330.800048828125,1338.699951171875,1326.199951171875,1337.5999755859375,161,0.0,0.0,0.006976979179977753,0.10158438521342614,GC=F,0.18252728764046233,market_elevated,1.0,5.676903081399338,0.8217721402962384
2019-06-07 00:00:00-04:00,1333.0999755859375,1347.699951171875,1329.800048828125,1341.199951171875,240,0.0,0.0,0.0026877541074792105,0.09984466754165063,GC=F,0.07031531188892788,market_normal,0.996,5.774647253652297,0.8734572637428705
2019-06-10 00:00:00-04:00,1335.800048828125,1336.5,1324.0999755859375,1324.699951171875,268,0.0,0.0,-0.012378717355321674,0.11183448285490098,GC=F,0.32384412294347525,market_volatile,1.0,6.067879770411203,0.9769111631223906
2019-06-11 00:00:00-04:00,1328.4000244140625,1328.4000244140625,1319.0999755859375,1326.4000244140625,201,0.0,0.0,0.001282541956835377,0.1118343252940525,GC=F,0.033553046186243426,market_normal,0.996,6.165623942664162,0.9930976179144111
2019-06-12 00:00:00-04:00,1326.9000244140625,1334.5,1326.9000244140625,1331.9000244140625,139,0.0,0.0,0.004137988749946852,0.10673326024812607,GC=F,0.10825542736060659,market_elevated,1.0,6.263368114917121,0.9998036458715767
2019-06-13 00:00:00-04:00,1331.5999755859375,1341.0999755859375,1331.5999755859375,1339.199951171875,157,0.0,0.0,0.0054658717373067345,0.10590242709214234,GC=F,0.14299465672254466,market_elevated,1.0,0.0779269799904938,0.996965229110596
2019-06-14 00:00:00-04:00,1345.4000244140625,1355.4000244140625,1339.300048828125,1340.0999755859375,914,0.0,0.0,0.0006718355335490992,0.10594546549820492,GC=F,0.017576133526543063,market_normal,0.996,0.17567115224345287,0.9846094640638278
2019-06-17 00:00:00-04:00,1339.0,1340.300048828125,1335.0,1338.699951171875,76,0.0,0.0,-0.0010452624905258059,0.09964546509982335,GC=F,0.027345491844881522,market_normal,0.996,0.46890366900233005,0.8920642655624674
2019-06-18 00:00:00-04:00,1349.300048828125,1349.300048828125,1341.5999755859375,1346.5999755859375,29,0.0,0.0,0.005883921663461859,0.093305833167796,GC=F,0.15393141275277172,market_elevated,1.0,0.5666478412552891,0.8437051738627072
2019-06-19 00:00:00-04:00,1344.0,1344.5999755859375,1344.0,1344.5999755859375,129,0.0,0.0,-0.001486326103211523,0.09428928689961648,GC=F,0.03888431729120943,market_normal,0.996,0.6643920135082482,0.7872918032816906
2019-06-20 00:00:00-04:00,1381.5,1392.9000244140625,1379.5,1392.9000244140625,76,0.0,0.0,0.03529136934367409,0.14541993421608193,GC=F,0.65,market_extreme,1.009,0.7621361857612357,0.7233626938608333
2019-06-21 00:00:00-04:00,1406.0,1406.0,1390.300048828125,1396.199951171875,35,0.0,0.0,0.0023663033426528273,0.14517575704157304,GC=F,0.06190572162067959,market_normal,0.996,0.8598803580141947,0.6525281332834263
2019-06-24 00:00:00-04:00,1406.0,1420.5999755859375,1402.0999755859375,1414.300048828125,125,0.0,0.0,0.012880517986897823,0.1474292329462885,GC=F,0.3369719116117736,market_volatile,1.0,1.153112874773072,0.4056441465115966
2019-06-25 00:00:00-04:00,1418.0999755859375,1433.300048828125,1414.9000244140625,1414.9000244140625,105,0.0,0.0,0.00042413090583868053,0.14663026866912365,GC=F,0.011095842749450994,market_normal,0.996,1.250857047026031,0.3145089222422713
2019-06-26 00:00:00-04:00,1407.199951171875,1413.300048828125,1405.800048828125,1411.5999755859375,1333,0.0,0.0,-0.002335078951077535,0.14462828076648845,GC=F,0.06108884896627674,market_normal,0.996,1.3486012192790184,0.22037129541707615
2019-06-27 00:00:00-04:00,1407.0,1410.800048828125,1399.800048828125,1408.4000244140625,437,0.0,0.0,-0.0022694698902970736,0.14661437373440292,GC=F,0.059372426486005846,market_normal,0.996,1.4463453915319775,0.12412993386833539
2019-06-28 00:00:00-04:00,1408.300048828125,1422.0,1408.300048828125,1409.699951171875,356,0.0,0.0,0.0009225555241278228,0.14712532456007946,GC=F,0.024135310307363357,market_normal,0.996,1.5440895637849366,0.02670358835142688
2019-07-01 00:00:00-04:00,1386.5999755859375,1395.800048828125,1382.800048828125,1385.5999755859375,214,0.0,0.0,-0.017243639951311836,0.16008336684039642,GC=F,0.4511171308055558,market_volatile,1.0,1.8373220805438137,-0.26338145622704484
2019-07-02 00:00:00-04:00,1391.0999755859375,1418.4000244140625,1390.800048828125,1404.5999755859375,38,0.0,0.0,0.013619306155092862,0.16070419853567183,GC=F,0.35629961734271376,market_volatile,1.0,1.9350662527967728,-0.3562672199400207
2019-07-03 00:00:00-04:00,1431.0,1434.0,1413.0999755859375,1417.699951171875,46,0.0,0.0,0.009283258338381215,0.1619601000767321,GC=F,0.24286269476524816,market_elevated,1.0,2.032810425049732,-0.4457519430590298
2019-07-05 00:00:00-04:00,1418.300048828125,1418.300048828125,1390.199951171875,1396.699951171875,20,0.0,0.0,-0.014923529329707681,0.1737672312308974,GC=F,0.3904198737458631,market_volatile,1.0,2.22829876955565,-0.611141890961202
2019-07-08 00:00:00-04:00,1395.9000244140625,1397.0,1393.5999755859375,1397.0,14,0.0,0.0,0.00021480390487373257,0.1730962256732056,GC=F,0.005619563011410236,market_normal,0.996,2.521531286314527,-0.8138427985854106
2019-07-09 00:00:00-04:00,1394.5,1397.5,1386.199951171875,1397.5,53,0.0,0.0,0.0003578457722924877,0.17317944119746662,GC=F,0.00936173328388269,market_normal,0.996,2.6192754585674862,-0.8666654826959402
2019-07-10 00:00:00-04:00,1409.9000244140625,1410.0999755859375,1409.9000244140625,1410.0999755859375,50,0.0,0.0,0.008975680500219938,0.16657777742330676,GC=F,0.23481603917266636,market_elevated,1.0,2.7170196308204737,-0.9112147014886932
2019-07-11 00:00:00-04:00,1424.0,1424.0,1404.300048828125,1404.300048828125,6,0.0,0.0,-0.0041216137849031005,0.1683125046498304,GC=F,0.10782703594971911,market_elevated,1.0,2.8147638030734328,-0.9470651739019473
2019-07-12 00:00:00-04:00,1405.5999755859375,1410.0999755859375,1405.5999755859375,1409.9000244140625,8,0.0,0.0,0.0039798044429101,0.1682965764264093,GC=F,0.10411711022278816,market_elevated,1.0,2.912507975326392,-0.9738746598834019
2019-07-15 00:00:00-04:00,1414.4000244140625,1415.0,1411.4000244140625,1411.4000244140625,25,0.0,0.0,0.0010633396770111903,0.1680791190617506,GC=F,0.027818415689461286,market_normal,0.996,3.2057404920852974,-0.9979432328436546
2019-07-16 00:00:00-04:00,1413.5999755859375,1413.699951171875,1405.0,1409.199951171875,13,0.0,0.0,-0.001560004046945811,0.1685621842476852,GC=F,0.04081183275052733,market_normal,0.996,3.3034846643382565,-0.986924084805594
2019-07-17 00:00:00-04:00,1404.5999755859375,1421.300048828125,1404.5999755859375,1421.300048828125,6,0.0,0.0,0.008549847281970965,0.16937046948463944,GC=F,0.22367566160965893,market_elevated,1.0,3.4012288365912156,-0.966483444450187
2019-07-18 00:00:00-04:00,1422.300048828125,1444.199951171875,1419.5,1426.0999755859375,66,0.0,0.0,0.0033714485237431127,0.16902687628067445,GC=F,0.08820168995548493,market_normal,0.996,3.4989730088441746,-0.9368164446544551
2019-07-19 00:00:00-04:00,1440.5,1442.0,1425.0999755859375,1425.0999755859375,22,0.0,0.0,-0.0007014590755676152,0.16880182194767557,GC=F,0.018351125773970158,market_normal,0.996,3.5967171810971053,-0.8982062960674949
2019-07-22 00:00:00-04:00,1425.300048828125,1425.300048828125,1424.0,1425.300048828125,1,0.0,0.0,0.00014038257143025957,0.12046797647731264,GC=F,0.003672599463775445,market_normal,0.996,3.889949697856011,-0.7328077831541876
2019-07-23 00:00:00-04:00,1418.5999755859375,1421.300048828125,1416.300048828125,1420.0999755859375,5,0.0,0.0,-0.003655077659947234,0.12146895711274036,GC=F,0.09562181485362324,market_normal,0.996,3.98769387010897,-0.6629072020627111
2019-07-24 00:00:00-04:00,1422.800048828125,1422.800048828125,1422.800048828125,1422.800048828125,20,0.0,0.0,0.001899520933457056,0.11340652917649356,GC=F,0.04969405739308816,market_normal,0.996,4.085438042361929,-0.5866782972353947
2019-07-25 00:00:00-04:00,1413.9000244140625,1413.9000244140625,1413.9000244140625,1413.9000244140625,4,0.0,0.0,-0.006274934527660716,0.11565526229050353,GC=F,0.16416084238036213,market_elevated,1.0,4.1831822146149165,-0.5048487741282334
2019-07-26 00:00:00-04:00,1422.800048828125,1423.0,1418.5,1418.5,5,0.0,0.0,0.003248114383933726,0.11587235982412136,GC=F,0.08497510070644711,market_normal,0.996,4.2809263868678755,-0.4181998034869843
2019-07-29 00:00:00-04:00,1419.5999755859375,1419.5999755859375,1419.5999755859375,1419.5999755859375,224267,0.0,0.0,0.0007751493255889368,0.11552359580327302,GC=F,0.020278963182535026,market_normal,0.996,4.574158903626753,-0.13779029068462445
2019-07-30 00:00:00-04:00,1426.300048828125,1433.9000244140625,1422.0999755859375,1429.699951171875,73874,0.0,0.0,0.00708947330791591,0.11784237927888323,GC=F,0.18547028739986487,market_elevated,1.0,4.671903075879712,-0.04047484527992547
2019-07-31 00:00:00-04:00,1431.300048828125,1435.800048828125,1411.199951171875,1426.0999755859375,3294,0.0,0.0,-0.0025211692591502522,0.09920410518346796,GC=F,0.0659572251377532,market_normal,0.996,4.769647248132671,0.05722698591646865
2019-08-01 00:00:00-04:00,1411.300048828125,1445.199951171875,1400.9000244140625,1420.9000244140625,2431,0.0,0.0,-0.003652937797119556,0.08994783303043931,GC=F,0.09556583312459936,market_normal,0.996,4.86739142038563,0.1543825100397477
2019-08-02 00:00:00-04:00,1448.0,1448.0,1432.300048828125,1445.5999755859375,1873,0.0,0.0,0.0172339525633451,0.10295175529939417,GC=F,0.4508636955287295,market_volatile,1.0,4.965135592638589,0.2500642494467903
2019-08-05 00:00:00-04:00,1440.4000244140625,1469.699951171875,1440.4000244140625,1464.5999755859375,1008,0.0,0.0,0.013057707568042691,0.09389938185587138,GC=F,0.341607432631721,market_volatile,1.0,5.258368109397466,0.5192551218087155
2019-08-06 00:00:00-04:00,1469.699951171875,1475.0,1457.699951171875,1472.4000244140625,460,0.0,0.0,0.0053115881284716455,0.0941598490178506,GC=F,0.1389583871678259,market_elevated,1.0,5.356112281650425,0.6001777391656498
2019-08-07 00:00:00-04:00,1473.5,1509.9000244140625,1473.199951171875,1507.300048828125,824,0.0,0.0,0.023426264124913006,0.1183417468375448,GC=F,0.6128630084693867,market_extreme,1.009,5.453856453903384,0.6753708682613817
2019-08-08 00:00:00-04:00,1498.4000244140625,1508.5,1492.0,1497.699951171875,367,0.0,0.0,-0.006389437814637304,0.12147834937334055,GC=F,0.16715640447946256,market_elevated,1.0,5.551600626156343,0.7441166914856215
2019-08-09 00:00:00-04:00,1506.199951171875,1507.5,1495.5999755859375,1496.5999755859375,74,0.0,0.0,-0.000734713063036057,0.11957386489912018,GC=F,0.019221095424053584,market_normal,0.996,5.649344798409302,0.8057589392677623
2019-08-12 00:00:00-04:00,1496.0,1514.9000244140625,1488.0999755859375,1505.300048828125,257,0.0,0.0,0.005796393970688471,0.11992051862261453,GC=F,0.1516415689760837,market_elevated,1.0,5.942577315168236,0.942551733806282
2019-08-13 00:00:00-04:00,1510.4000244140625,1531.4000244140625,1483.699951171875,1502.199951171875,672,0.0,0.0,-0.0020615785564280236,0.12107805480643626,GC=F,0.053933705756557364,market_normal,0.996,6.0403214874211955,0.9706532551105492
2019-08-14 00:00:00-04:00,1500.0,1520.5,1497.0,1515.9000244140625,328,0.0,0.0,0.009078670323797037,0.12167118209014662,GC=F,0.23751039337198007,market_elevated,1.0,6.1380656596741545,0.9894886106310188
2019-08-15 00:00:00-04:00,1519.800048828125,1522.699951171875,1510.5999755859375,1519.5999755859375,87,0.0,0.0,0.0024377881760616533,0.12029383006468802,GC=F,0.06377586232383486,market_normal,0.996,6.235809831927114,0.9988779920520741
2019-08-16 00:00:00-04:00,1524.5999755859375,1524.5999755859375,1504.699951171875,1512.5,1815,0.0,0.0,-0.004683215342362713,0.12333368058851024,GC=F,0.12251929837067264,market_elevated,1.0,0.050368697000486407,0.9987317653417918
2019-08-19 00:00:00-04:00,1507.199951171875,1507.5999755859375,1492.9000244140625,1500.4000244140625,205,0.0,0.0,-0.008032155425561887,0.128464326615446,GC=F,0.21013213683391122,market_elevated,1.0,0.343601213759392,0.9415475966556481
2019-08-20 00:00:00-04:00,1497.5,1506.0999755859375,1497.5,1504.5999755859375,486,0.0,0.0,0.0027953104204053326,0.12819133003643154,GC=F,0.07312913167548434,market_normal,0.996,0.44134538601235107,0.9041777915655648
2019-08-21 00:00:00-04:00,1504.9000244140625,1505.0,1498.800048828125,1504.5999755859375,350,0.0,0.0,0.0,0.12656692582334897,GC=F,0.0,market_normal,0.996,0.5390895582652817,0.8581764166841597
2019-08-22 00:00:00-04:00,1495.0999755859375,1497.300048828125,1493.800048828125,1497.300048828125,686,0.0,0.0,-0.0048635471453845345,0.1292803405284695,GC=F,0.1272370241989719,market_elevated,1.0,0.6368337305182408,0.80398261581862
2019-08-23 00:00:00-04:00,1493.5,1527.5999755859375,1493.5,1526.5999755859375,983,0.0,0.0,0.019379505617472023,0.13778001838669698,GC=F,0.5069942886344618,market_extreme,1.009,0.7345779027711998,0.7421137402894527
2019-08-26 00:00:00-04:00,1543.199951171875,1543.300048828125,1524.300048828125,1526.300048828125,334,0.0,0.0,-0.00019648645968019812,0.13842244099831247,GC=F,0.005140353671460718,market_normal,0.996,1.0278104195301054,0.5166947345057554
2019-08-27 00:00:00-04:00,1530.5,1542.0999755859375,1528.5,1541.0,166,0.0,0.0,0.009585018407868445,0.13960614754480496,GC=F,0.25075714959747214,market_elevated,1.0,1.1255545917830645,0.43067606032158445
2019-08-28 00:00:00-04:00,1538.0999755859375,1538.0999755859375,1537.800048828125,1537.800048828125,2756,0.0,0.0,-0.002078700970101249,0.140582264143223,GC=F,0.05438165144265038,market_normal,0.996,1.2232987640360236,0.34054601500354953
2019-08-29 00:00:00-04:00,1537.5,1549.300048828125,1519.5999755859375,1526.5,704,0.0,0.0,-0.007375322175081968,0.14414957735294226,GC=F,0.19294848348631008,market_elevated,1.0,1.3210429362889826,0.2471650087317236
2019-08-30 00:00:00-04:00,1524.5999755859375,1530.4000244140625,1516.699951171875,1519.0999755859375,276,0.0,0.0,-0.004859495032714913,0.14493496101246722,GC=F,0.12713101540695457,market_elevated,1.0,1.4187871085419417,0.15142448639707762
2019-09-03 00:00:00-04:00,1522.9000244140625,1547.300048828125,1521.0,1545.9000244140625,139,0.0,0.0,0.017488242652852915,0.145247938552188,GC=F,0.4575162709649457,market_volatile,1.0,1.809763797553778,-0.23669956503394773
2019-09-04 00:00:00-04:00,1549.0,1553.199951171875,1534.800048828125,1550.300048828125,46,0.0,0.0,0.0028422112731653843,0.14074841692663156,GC=F,0.07435612192749541,market_normal,0.996,1.9075079698067654,-0.33038518079042567
2019-09-05 00:00:00-04:00,1551.0,1551.0999755859375,1511.0999755859375,1515.4000244140625,125,0.0,0.0,-0.0227690454603242,0.1656198737289472,GC=F,0.5956692721632302,market_extreme,1.009,2.0052521420597245,-0.42091683415959136
2019-09-06 00:00:00-04:00,1517.300048828125,1526.0,1504.5,1506.199951171875,54,0.0,0.0,-0.006089556358749777,0.1465581207800668,GC=F,0.15931109674027596,market_elevated,1.0,2.1029963143126835,-0.5074302810827592
2019-09-09 00:00:00-04:00,1509.0,1513.0,1498.0,1502.199951171875,69,0.0,0.0,-0.002659222501661612,0.1450824205444152,GC=F,0.06956888618124364,market_normal,0.996,2.3962288310715607,-0.734841192324787
2019-09-10 00:00:00-04:00,1498.5,1498.5,1486.9000244140625,1490.300048828125,23,0.0,0.0,-0.007953193028797172,0.14776272226829976,GC=F,0.20806637287858587,market_elevated,1.0,2.493973003324548,-0.7975220971588941
2019-09-11 00:00:00-04:00,1491.699951171875,1496.5999755859375,1490.199951171875,1494.4000244140625,8,0.0,0.0,0.0027473300929079327,0.14657617457523092,GC=F,0.07187390089260713,market_normal,0.996,2.5917171755775072,-0.8525896015025312
2019-09-12 00:00:00-04:00,1499.5,1515.4000244140625,1498.699951171875,1498.699951171875,27,0.0,0.0,0.00287322825901904,0.14684504377197535,GC=F,0.07516756856544689,market_normal,0.996,2.6894613478304663,-0.8995180133829543
2019-09-13 00:00:00-04:00,1490.9000244140625,1490.9000244140625,1486.9000244140625,1490.9000244140625,1,0.0,0.0,-0.005218052260891263,0.14389358408447261,GC=F,0.13651136134674569,market_elevated,1.0,2.7872055200834254,-0.9378593392018678
2019-09-16 00:00:00-04:00,1506.5999755859375,1506.800048828125,1496.9000244140625,1503.0999755859375,21,0.0,0.0,0.008149645086967567,0.14683916696381927,GC=F,0.2132058265596477,market_elevated,1.0,3.0804380368423026,-0.9981306391340828
2019-09-17 00:00:00-04:00,1497.9000244140625,1505.0999755859375,1497.9000244140625,1505.0999755859375,3,0.0,0.0,0.0013296990407197322,0.1461668619905801,GC=F,0.03478673979380734,market_normal,0.996,3.1781822090952616,-0.999330676892856
2019-09-18 00:00:00-04:00,1508.9000244140625,1509.4000244140625,1489.300048828125,1507.5,8,0.0,0.0,0.0015933246639142726,0.14347440283050047,GC=F,0.04168354551917278,market_normal,0.996,3.2759263813482207,-0.9909907850463149
2019-09-19 00:00:00-04:00,1496.0999755859375,1502.4000244140625,1496.0999755859375,1498.4000244140625,10,0.0,0.0,-0.006054761178040599,0.144746366458165,GC=F,0.1584008073737788,market_elevated,1.0,3.373670553601208,-0.9731905788639245
2019-09-20 00:00:00-04:00,1503.0,1507.300048828125,1503.0,1507.300048828125,2,0.0,0.0,0.005922114787613536,0.14629324003906277,GC=F,0.15493059695242178,market_elevated,1.0,3.471414725854167,-0.9460999847953342
2019-09-23 00:00:00-04:00,1515.5,1523.699951171875,1515.5,1523.699951171875,5,0.0,0.0,0.010821552218634716,0.14965909847387307,GC=F,0.28310655995584044,market_elevated,1.0,3.7646472426130444,-0.8120998388497793
2019-09-24 00:00:00-04:00,1515.0999755859375,1533.0,1515.0999755859375,1532.0999755859375,25,0.0,0.0,0.005497771957127581,0.1349892367401416,GC=F,0.1438292099652637,market_elevated,1.0,3.8623914148660035,-0.7512787984214304
2019-09-25 00:00:00-04:00,1527.5999755859375,1527.9000244140625,1504.5999755859375,1504.5999755859375,25,0.0,0.0,-0.01811226148683577,0.1491302110978496,GC=F,0.4738414544383781,market_volatile,1.0,3.9601355871189625,-0.6832858107921912
2019-09-26 00:00:00-04:00,1507.5,1507.5,1507.5,1507.5,8178,0.0,0.0,0.0019255837015005862,0.14478304299316672,GC=F,0.050375894938632225,market_normal,0.996,4.057879759371922,-0.6087699587237905
2019-09-27 00:00:00-04:00,1504.199951171875,1506.0999755859375,1485.5999755859375,1499.0999755859375,7827,0.0,0.0,-0.0055877378688848015,0.14560616289176023,GC=F,0.14618284087479425,market_elevated,1.0,4.155623931624881,-0.5284425943238437
2019-09-30 00:00:00-04:00,1495.9000244140625,1495.9000244140625,1463.5,1465.699951171875,1078,0.0,0.0,-0.022532001013061617,0.16220749168369822,GC=F,0.5894678662405584,market_extreme,1.009,4.448856448383758,-0.2604927442908241
2019-10-01 00:00:00-04:00,1468.699951171875,1485.5,1458.300048828125,1482.0,219,0.0,0.0,0.011059616136638108,0.16786684088795728,GC=F,0.28933463662302056,market_elevated,1.0,4.546600620636717,-0.1650299323936243
2019-10-02 00:00:00-04:00,1476.5999755859375,1503.699951171875,1474.0999755859375,1501.0,205,0.0,0.0,0.012739025777429712,0.16191364149656914,GC=F,0.3332702825040667,market_volatile,1.0,4.644344792889676,-0.06799169208798211
2019-10-03 00:00:00-04:00,1497.4000244140625,1518.199951171875,1496.5999755859375,1507.0999755859375,1213,0.0,0.0,0.004055705592803874,0.16236851297221536,GC=F,0.10610278778631888,market_elevated,1.0,4.742088965142635,0.02969561861173852
2019-10-04 00:00:00-04:00,1505.5999755859375,1508.699951171875,1497.0999755859375,1506.199951171875,233,0.0,0.0,-0.0005973679771035407,0.14245275795184698,GC=F,0.01562796072215408,market_normal,0.996,4.839833137395651,0.1270994454580797
2019-10-07 00:00:00-04:00,1504.800048828125,1505.800048828125,1489.0999755859375,1497.699951171875,121,0.0,0.0,-0.005659324852886079,0.14223969692676075,GC=F,0.14805565397671838,market_elevated,1.0,5.133065654154528,0.40837822299367554
2019-10-08 00:00:00-04:00,1489.4000244140625,1506.300048828125,1489.300048828125,1497.199951171875,46,0.0,0.0,-0.00033390097896368473,0.14197529056671374,GC=F,0.008735304844485831,market_normal,0.996,5.230809826407487,0.4955090987625821
2019-10-09 00:00:00-04:00,1507.699951171875,1507.699951171875,1498.4000244140625,1506.0999755859375,120,0.0,0.0,0.005926847590369729,0.14050813712665736,GC=F,0.15505441352514487,market_elevated,1.0,5.328553998660446,0.5779096865194309
2019-10-10 00:00:00-04:00,1511.199951171875,1511.199951171875,1490.5999755859375,1494.800048828125,78,0.0,0.0,-0.007531060731030875,0.14292919585768227,GC=F,0.19702281644117595,market_elevated,1.0,5.426298170913405,0.6547933639530957
2019-10-11 00:00:00-04:00,1491.9000244140625,1494.9000244140625,1476.9000244140625,1482.699951171875,57,0.0,0.0,-0.008127734184569402,0.14521712642705648,GC=F,0.21263260747996793,market_elevated,1.0,5.524042343166364,0.7254261749392681
2019-10-14 00:00:00-04:00,1484.4000244140625,1493.5,1481.300048828125,1491.699951171875,400,0.0,0.0,0.006051659334595071,0.1458606679717056,GC=F,0.1583196589202443,market_elevated,1.0,5.8172748599252415,0.8934129299040918
2019-10-15 00:00:00-04:00,1488.9000244140625,1495.4000244140625,1476.5999755859375,1477.5999755859375,367,0.0,0.0,-0.00949724306442893,0.1462856288098332,GC=F,0.24846082694171562,market_elevated,1.0,5.915019032178201,0.932988880994901
2019-10-16 00:00:00-04:00,1482.0,1488.0,1480.0,1488.0,383,0.0,0.0,0.007013803030788963,0.1486417450014975,GC=F,0.18349064978268229,market_elevated,1.0,6.01276320443116,0.9636582224388347
2019-10-17 00:00:00-04:00,1486.199951171875,1493.199951171875,1485.800048828125,1492.300048828125,271,0.0,0.0,0.0028856502644308848,0.1489430049887756,GC=F,0.07549254516296719,market_normal,0.996,6.110507376684119,0.985128174913511
2019-10-18 00:00:00-04:00,1487.300048828125,1489.0999755859375,1486.5999755859375,1488.199951171875,82,0.0,0.0,-0.0027512835044978985,0.14782118565971217,GC=F,0.07197732752981334,market_normal,0.996,6.208251548937078,0.9971937793998843
2019-10-21 00:00:00-04:00,1489.9000244140625,1489.9000244140625,1481.5,1482.4000244140625,72,0.0,0.0,-0.0039048907125390424,0.14650200899830718,GC=F,0.10215726490020233,market_elevated,1.0,0.21829875851639713,0.9762672982073773
2019-10-22 00:00:00-04:00,1483.4000244140625,1483.5,1481.699951171875,1481.699951171875,99,0.0,0.0,-0.0004723681798664878,0.1403133194234064,GC=F,0.012357795603880102,market_normal,0.996,0.3160429307693562,0.9504727447491869
2019-10-23 00:00:00-04:00,1486.4000244140625,1490.300048828125,1486.4000244140625,1489.9000244140625,67,0.0,0.0,0.005518975719105269,0.1403263406004949,GC=F,0.14438392928744084,market_elevated,1.0,0.41378710302231525,0.9156046751002699
2019-10-24 00:00:00-04:00,1490.5,1501.199951171875,1485.9000244140625,1498.9000244140625,115,0.0,0.0,0.006022502044866212,0.12835274637822514,GC=F,0.1575568644683949,market_elevated,1.0,0.5115312752752743,0.871995950982592
2019-10-25 00:00:00-04:00,1501.4000244140625,1514.300048828125,1499.0,1499.5,93,0.0,0.0,0.00040019716452753957,0.12814594261155035,GC=F,0.010469703445904302,market_normal,0.996,0.6092754475282334,0.8200628751954968
2019-10-28 00:00:00-04:00,1504.0999755859375,1504.0999755859375,1490.0,1490.0,37,0.0,0.0,-0.006355599249558961,0.12857557458992228,GC=F,0.16627114148210118,market_elevated,1.0,0.9025079642871106,0.619643459489116
2019-10-29 00:00:00-04:00,1485.9000244140625,1487.0,1485.9000244140625,1487.0,425,0.0,0.0,-0.0020154524793497153,0.10041563946735738,GC=F,0.052726984692696405,market_normal,0.996,1.0002521365400696,0.5400901231134347
2019-10-30 00:00:00-04:00,1487.199951171875,1495.4000244140625,1481.0,1493.199951171875,320,0.0,0.0,0.004160767879948392,0.094080533384397,GC=F,0.10885136045811714,market_elevated,1.0,1.097996308793057,0.455380914037965
2019-10-31 00:00:00-04:00,1496.0999755859375,1513.0999755859375,1496.0999755859375,1511.4000244140625,210,0.0,0.0,0.012114954399792637,0.09306512283349103,GC=F,0.31694372441700286,market_volatile,1.0,1.1957404810460162,0.3663244934098494
2019-11-01 00:00:00-04:00,1511.0,1511.5999755859375,1503.0,1508.0,235,0.0,0.0,-0.0022521201719947464,0.09244545876990824,GC=F,0.058918534200912344,market_normal,0.996,1.2934846532989752,0.27377102224517047
2019-11-04 00:00:00-05:00,1511.5999755859375,1511.5999755859375,1508.0,1508.0,101,0.0,0.0,0.0,0.09241766327076735,GC=F,0.0,market_normal,0.996,1.5867171700578808,-0.015920170686860285
2019-11-05 00:00:00-05:00,1507.0999755859375,1507.0999755859375,1480.800048828125,1480.800048828125,31,0.0,0.0,-0.018201754334461643,0.11061414847423613,GC=F,0.47618270934526513,market_volatile,1.0,1.6844613423108399,-0.11342041991415712
2019-11-06 00:00:00-05:00,1483.199951171875,1491.0,1483.199951171875,1490.199951171875,567,0.0,0.0,0.0063277911200314285,0.11314897566719169,GC=F,0.16554364290054005,market_elevated,1.0,1.782205514563799,-0.20983792161172685
2019-11-07 00:00:00-05:00,1489.0999755859375,1489.0999755859375,1464.199951171875,1464.199951171875,581,0.0,0.0,-0.017601321488917986,0.12569481885729972,GC=F,0.4604745674861292,market_volatile,1.0,1.879949686816758,-0.3042522435340839
2019-11-08 00:00:00-05:00,1469.0999755859375,1469.0999755859375,1461.300048828125,1461.300048828125,21,0.0,0.0,-0.001982500969778094,0.12370717375822068,GC=F,0.05186492827678691,market_normal,0.996,1.977693859069717,-0.39576207642924655
2019-11-11 00:00:00-05:00,1461.0,1461.0,1449.300048828125,1455.5,22,0.0,0.0,-0.003976999709097086,0.12154404805943281,GC=F,0.10404373456231433,market_elevated,1.0,2.2709263758285942,-0.6443171487770515
2019-11-12 00:00:00-05:00,1454.9000244140625,1454.9000244140625,1447.0999755859375,1452.0999755859375,6,0.0,0.0,-0.00233871646192102,0.11896120895844804,GC=F,0.061184011209261424,market_normal,0.996,2.3686705480815533,-0.7158734268805935
2019-11-13 00:00:00-05:00,1456.800048828125,1463.300048828125,1456.800048828125,1461.699951171875,56,0.0,0.0,0.00658934076646455,0.11801050812380837,GC=F,0.1723861382434761,market_elevated,1.0,2.466414720334541,-0.7805957487605837
2019-11-14 00:00:00-05:00,1463.800048828125,1471.800048828125,1463.699951171875,1471.800048828125,83,0.0,0.0,0.006886066178064791,0.11790860965134593,GC=F,0.18014887956121134,market_elevated,1.0,2.5641588925875,-0.8378662544744203
2019-11-15 00:00:00-05:00,1469.0999755859375,1469.0999755859375,1467.300048828125,1467.300048828125,13,0.0,0.0,-0.003062164177331961,0.11754280730935843,GC=F,0.08011038978046267,market_normal,0.996,2.661903064840459,-0.8871382214951318
2019-11-18 00:00:00-05:00,1472.0,1472.0,1469.699951171875,1470.9000244140625,141,0.0,0.0,0.0024504644323866277,0.11783810055505255,GC=F,0.06410749047188392,market_normal,0.996,2.955135581599336,-0.9826671839677877
2019-11-19 00:00:00-05:00,1467.699951171875,1474.300048828125,1467.699951171875,1473.300048828125,18,0.0,0.0,0.0016303409319782403,0.11741578117605035,GC=F,0.04265194155906319,market_normal,0.996,3.052879753852295,-0.9960675907232969
2019-11-20 00:00:00-05:00,1472.5999755859375,1474.5,1467.300048828125,1473.300048828125,31,0.0,0.0,0.0,0.11741810215638229,GC=F,0.0,market_normal,0.996,3.150623926105254,-0.9999592183355694
2019-11-21 00:00:00-05:00,1463.0999755859375,1463.0999755859375,1463.0999755859375,1463.0999755859375,16,0.0,0.0,-0.006947360157733074,0.11761411866722742,GC=F,0.181752413636481,market_elevated,1.0,3.248368098358185,-0.9943049160853024
2019-11-22 00:00:00-05:00,1468.5999755859375,1468.5999755859375,1463.0999755859375,1463.0999755859375,19,0.0,0.0,0.0,0.11499186276706493,GC=F,0.0,market_normal,0.996,3.3461122706111723,-0.9791586617464928
2019-11-25 00:00:00-05:00,1457.0999755859375,1457.0999755859375,1455.5,1456.5999755859375,14,0.0,0.0,-0.004452519674764632,0.11539498886924675,GC=F,0.11648398517984014,market_elevated,1.0,3.6393447873700495,-0.8786580282872661
2019-11-26 00:00:00-05:00,1459.800048828125,1459.800048828125,1459.800048828125,1459.800048828125,346362,0.0,0.0,0.0021945374432130837,0.11454990945054105,GC=F,0.05741209150869167,market_normal,0.996,3.737088959623037,-0.8278702129798328
2019-11-27 00:00:00-05:00,1461.0999755859375,1461.9000244140625,1452.0,1453.4000244140625,88364,0.0,0.0,-0.0043938174856029385,0.11511696576355421,GC=F,0.11494825587782502,market_elevated,1.0,3.8348331318760245,-0.769179284381887
2019-11-29 00:00:00-05:00,1453.5999755859375,1465.5999755859375,1452.0999755859375,1465.5999755859375,7020,0.0,0.0,0.008359042281367265,0.11840083857237638,GC=F,0.21868394265364205,market_elevated,1.0,4.030321476381943,-0.6303993136712878
2019-12-02 00:00:00-05:00,1462.800048828125,1464.4000244140625,1453.300048828125,1462.300048828125,2172,0.0,0.0,-0.0022541262526476727,0.10857197177584474,GC=F,0.05897101600584842,market_normal,0.996,4.32355399314082,-0.3791106265076832
2019-12-03 00:00:00-05:00,1461.5999755859375,1480.4000244140625,1459.5,1478.199951171875,1460,0.0,0.0,0.010814526309483834,0.11667470632472804,GC=F,0.28292275259345084,market_elevated,1.0,4.421298165393779,-0.2869973215578833
2019-12-04 00:00:00-05:00,1477.5,1483.4000244140625,1471.199951171875,1474.0,613,0.0,0.0,-0.0028453045693533395,0.11679892245942543,GC=F,0.07443704677311863,market_normal,0.996,4.519042337646738,-0.19214424857345375
2019-12-05 00:00:00-05:00,1474.699951171875,1478.0,1472.300048828125,1476.9000244140625,907,0.0,0.0,0.0019655192135956674,0.09911654936835605,GC=F,0.051420662382423175,market_normal,0.996,4.616786509899697,-0.09545690526405415
2019-12-06 00:00:00-05:00,1475.0,1476.0,1458.199951171875,1459.0999755859375,899,0.0,0.0,-0.01212552242517598,0.1044481593970201,GC=F,0.3172201983692934,market_volatile,1.0,4.714530682152656,0.0021417001306760705
2019-12-09 00:00:00-05:00,1458.800048828125,1464.199951171875,1458.5999755859375,1459.300048828125,1461,0.0,0.0,0.00013711159596173993,0.08524222420098934,GC=F,0.0035870262859278245,market_normal,0.996,5.007763198911533,0.2910978828459335
2019-12-10 00:00:00-05:00,1460.699951171875,1467.199951171875,1460.699951171875,1462.5999755859375,367,0.0,0.0,0.0022587550109528006,0.08536549216273653,GC=F,0.05909211063387925,market_normal,0.996,5.105507371164492,0.383070789789822
2019-12-11 00:00:00-05:00,1463.0999755859375,1475.4000244140625,1463.0999755859375,1469.4000244140625,393,0.0,0.0,0.0046385136565482935,0.0854713352268199,GC=F,0.12134984132426532,market_elevated,1.0,5.203251543417451,0.47138678070686574
2019-12-12 00:00:00-05:00,1475.0999755859375,1483.9000244140625,1463.699951171875,1466.699951171875,955,0.0,0.0,-0.0018392248396021497,0.08528310599744432,GC=F,0.04811662937119661,market_normal,0.996,5.30099571567041,0.5552027629593087
2019-12-13 00:00:00-05:00,1463.0999755859375,1475.9000244140625,1463.0999755859375,1475.5999755859375,468,0.0,0.0,0.006049724215781696,0.08481495403616818,GC=F,0.158269033573779,market_elevated,1.0,5.3987398879233695,0.6337186024284078
2019-12-16 00:00:00-05:00,1473.800048828125,1475.300048828125,1473.800048828125,1475.0,99,0.0,0.0,-0.0004066804034237166,0.08154208351416029,GC=F,0.010639313814563608,market_normal,0.996,5.691972404682275,0.830265256379691
2019-12-17 00:00:00-05:00,1474.0999755859375,1476.9000244140625,1474.0,1474.5999755859375,410,0.0,0.0,-0.00027123977476679824,0.0807461632154992,GC=F,0.00709600231149772,market_normal,0.996,5.789716576935234,0.8806950794830815
2019-12-18 00:00:00-05:00,1472.5999755859375,1472.5999755859375,1472.5999755859375,1472.5999755859375,250,0.0,0.0,-0.0013572206434196252,0.08050757281203685,GC=F,0.035506742442911694,market_normal,0.996,5.887460749188193,0.9227175062598242
2019-12-19 00:00:00-05:00,1475.9000244140625,1478.9000244140625,1473.300048828125,1478.199951171875,319,0.0,0.0,0.0037955689629014283,0.08138601962769308,GC=F,0.09929725888230749,market_normal,0.996,5.985204921441152,0.9559313772113026
2019-12-20 00:00:00-05:00,1476.699951171875,1478.0999755859375,1474.699951171875,1474.699951171875,118,0.0,0.0,-0.002370552172288522,0.0818569696814204,GC=F,0.0620168767967299,market_normal,0.996,6.082949093694111,0.9800196221242994
2019-12-23 00:00:00-05:00,1482.300048828125,1482.5,1479.9000244140625,1482.5,391,0.0,0.0,0.005275305725533864,0.07962092523864522,GC=F,0.1380091900401755,market_elevated,1.0,0.09299630327343067,0.9956789592783168
2019-12-24 00:00:00-05:00,1488.699951171875,1499.0999755859375,1488.699951171875,1499.0999755859375,52,0.0,0.0,0.011135059860575142,0.08747202941027182,GC=F,0.2913083472998763,market_elevated,1.0,0.19074047552638973,0.9818641205219635
2019-12-26 00:00:00-05:00,1505.199951171875,1512.300048828125,1505.0,1509.300048828125,126,0.0,0.0,0.006781087784430196,0.08704918515984879,GC=F,0.17740250165801164,market_elevated,1.0,0.38622882003230785,0.9263362384666627
2019-12-27 00:00:00-05:00,1513.800048828125,1513.800048828125,1513.800048828125,1513.800048828125,839,0.0,0.0,0.0029770786135146807,0.08714821071797535,GC=F,0.07788443542682259,market_normal,0.996,0.4839729922852669,0.8851532820530561
2019-12-30 00:00:00-05:00,1512.5999755859375,1515.0999755859375,1510.0,1514.5,446,0.0,0.0,0.00046227333689126925,0.08443005629405595,GC=F,0.012093700748514789,market_normal,0.996,0.7772055090441725,0.7128760676067671
2019-12-31 00:00:00-05:00,1513.800048828125,1523.4000244140625,1513.800048828125,1519.5,301,0.0,0.0,0.003295981889555684,0.08136166695690493,GC=F,0.08622737991524337,market_normal,0.996,0.8749496812971316,0.6410354791452434
2020-01-02 00:00:00-05:00,1518.0999755859375,1528.699951171875,1518.0,1524.5,214,0.0,0.0,0.0032851540714616823,0.08020722530611216,GC=F,0.08594410943144515,market_normal,0.996,1.0704380258030497,0.47973994652559865
2020-01-03 00:00:00-05:00,1530.0999755859375,1552.699951171875,1530.0999755859375,1549.199951171875,107,0.0,0.0,0.016072149694003442,0.0890782594062534,GC=F,0.42046934848489675,market_volatile,1.0,1.1681821980560088,0.3918247810037419
2020-01-06 00:00:00-05:00,1580.0,1580.0,1560.4000244140625,1566.199951171875,416,0.0,0.0,0.010913635018349008,0.09189951931101606,GC=F,0.28551557154045626,market_elevated,1.0,1.461414714814886,0.10916362934316125
2020-01-07 00:00:00-05:00,1558.300048828125,1576.300048828125,1558.300048828125,1571.800048828125,47,0.0,0.0,0.0035692183565126895,0.09186433658512558,GC=F,0.09337561841669238,market_normal,0.996,1.559158887067845,0.011637177052413357
2020-01-08 00:00:00-05:00,1579.699951171875,1604.199951171875,1552.300048828125,1557.4000244140625,236,0.0,0.0,-0.009203710678121977,0.08619948362404477,GC=F,0.24078161951896804,market_elevated,1.0,1.6569030593208325,-0.08600036744482827
2020-01-09 00:00:00-05:00,1555.699951171875,1555.699951171875,1543.300048828125,1551.699951171875,54,0.0,0.0,-0.0036667071971181846,0.08881687919021093,GC=F,0.09592605940152432,market_normal,0.996,1.7546472315737915,-0.18281692498504565
2020-01-10 00:00:00-05:00,1551.199951171875,1558.800048828125,1545.4000244140625,1557.5,16,0.0,0.0,0.0037308990396736773,0.08882444827798422,GC=F,0.09760540552081932,market_normal,0.996,1.8523914038267222,-0.2778882538083109
2020-01-13 00:00:00-05:00,1557.4000244140625,1558.0,1548.4000244140625,1548.4000244140625,48,0.0,0.0,-0.00585981619083129,0.09368668980027514,GC=F,0.15330078072377332,market_elevated,1.0,2.1456239205855994,-0.5436901006381818
2020-01-14 00:00:00-05:00,1546.699951171875,1546.699951171875,1534.9000244140625,1542.4000244140625,32,0.0,0.0,-0.003882494785876494,0.09513359035181974,GC=F,0.10157135692449261,market_elevated,1.0,2.2433680928385584,-0.6229997371655771
2020-01-15 00:00:00-05:00,1548.0,1553.9000244140625,1545.5999755859375,1552.0999755859375,11,0.0,0.0,0.006269176242541576,0.09524274996881521,GC=F,0.1640101977908995,market_elevated,1.0,2.3411122650915175,-0.6963620193545984
2020-01-16 00:00:00-05:00,1555.699951171875,1556.0999755859375,1548.5,1549.0,98,0.0,0.0,-0.001999275510573253,0.0959923688054432,GC=F,0.05230377313410586,market_normal,0.996,2.4388564373444765,-0.7630766074438922
2020-01-17 00:00:00-05:00,1554.0999755859375,1558.800048828125,1553.5999755859375,1558.800048828125,108,0.0,0.0,0.006306764371860662,0.0964490016001411,GC=F,0.16499355450088954,market_elevated,1.0,2.536600609597464,-0.8225066226817901
2020-01-21 00:00:00-05:00,1559.300048828125,1566.199951171875,1551.0,1556.4000244140625,45,0.0,0.0,-0.0015408479920918832,0.09654704061495552,GC=F,0.040310684238516074,market_normal,0.996,2.9275772986093287,-0.9771859920537456
2020-01-22 00:00:00-05:00,1549.800048828125,1557.0999755859375,1549.800048828125,1555.300048828125,42,0.0,0.0,-0.0007069933514569245,0.09712354790050899,GC=F,0.01849590997657012,market_normal,0.996,3.025321470862316,-0.9932481177292254
2020-01-23 00:00:00-05:00,1553.0999755859375,1564.5999755859375,1552.199951171875,1564.5999755859375,15,0.0,0.0,0.00596170020177131,0.09622879725240946,GC=F,0.15596620535685532,market_elevated,1.0,3.1230656431152752,-0.9998283798505758
2020-01-24 00:00:00-05:00,1556.300048828125,1571.0999755859375,1556.300048828125,1571.0999755859375,43,0.0,0.0,0.004145810767128866,0.0959444858375101,GC=F,0.10846006199449047,market_elevated,1.0,3.2208098153682343,-0.996863961135322
2020-01-27 00:00:00-05:00,1584.300048828125,1584.5,1576.800048828125,1576.800048828125,22,0.0,0.0,0.0036215123910229036,0.09109235025142942,GC=F,0.09474370165625803,market_normal,0.996,3.514042332127083,-0.9314387075177655
2020-01-28 00:00:00-05:00,1576.4000244140625,1576.4000244140625,1569.199951171875,1569.199951171875,3,0.0,0.0,-0.004831603586278797,0.09292921225175388,GC=F,0.1264013371414721,market_elevated,1.0,3.611786504380042,-0.8914804790798312
2020-01-29 00:00:00-05:00,1569.800048828125,1569.800048828125,1569.800048828125,1569.800048828125,251274,0.0,0.0,0.0003823495785668443,0.09296854894329257,GC=F,0.010002786264083775,market_normal,0.996,3.709530676633001,-0.8430118934482437
2020-01-30 00:00:00-05:00,1576.800048828125,1585.0,1571.4000244140625,1583.5,62336,0.0,0.0,0.00868933318130266,0.09587797126658874,GC=F,0.22732480290882878,market_elevated,1.0,3.8072748488859602,-0.7864956472115158
2020-01-31 00:00:00-05:00,1573.4000244140625,1589.0,1570.0,1582.9000244140625,1095,0.0,0.0,-0.000378963863372795,0.09615552075129952,GC=F,0.00991421133858215,market_normal,0.996,3.9050190211389477,-0.722471262494908
2020-02-03 00:00:00-05:00,1592.9000244140625,1593.300048828125,1568.199951171875,1577.199951171875,1062,0.0,0.0,-0.0036075310705902057,0.09789525828612651,GC=F,0.09437793125184919,market_normal,0.996,4.198251537897825,-0.49178398837865045
2020-02-04 00:00:00-05:00,1577.699951171875,1577.699951171875,1547.800048828125,1550.4000244140625,978,0.0,0.0,-0.017138114161285474,0.10354779550843363,GC=F,0.44835643226643673,market_volatile,1.0,4.295995710150784,-0.4044645429665513
2020-02-05 00:00:00-05:00,1553.199951171875,1560.699951171875,1547.699951171875,1557.800048828125,1305,0.0,0.0,0.004761622946685296,0.09741704659414659,GC=F,0.12457054819931744,market_elevated,1.0,4.393739882403743,-0.31328394993138153
2020-02-06 00:00:00-05:00,1553.5999755859375,1565.5999755859375,1551.5999755859375,1565.0999755859375,110,0.0,0.0,0.0046751032672821095,0.09803755042871516,GC=F,0.12230707542670177,market_elevated,1.0,4.491484054656702,-0.21911264831703273
2020-02-07 00:00:00-05:00,1564.9000244140625,1571.9000244140625,1560.5,1568.5999755859375,431,0.0,0.0,0.002233782116915276,0.09266632928725975,GC=F,0.05843878567824759,market_normal,0.996,4.589228226909661,-0.12284962742605993
2020-02-10 00:00:00-05:00,1569.300048828125,1574.699951171875,1568.5999755859375,1574.699951171875,128,0.0,0.0,0.0038812607041441385,0.0922408079283685,GC=F,0.10153907166384858,market_elevated,1.0,4.882460743668567,0.16925307743070586
2020-02-11 00:00:00-05:00,1570.9000244140625,1571.0999755859375,1561.9000244140625,1565.5999755859375,440,0.0,0.0,-0.005795625430667941,0.09418044307510298,GC=F,0.1516214629213325,market_elevated,1.0,4.980204915921526,0.26462586442434805
2020-02-12 00:00:00-05:00,1565.199951171875,1568.699951171875,1561.0,1567.4000244140625,36,0.0,0.0,0.0011490897071122928,0.09154692141122667,GC=F,0.03006175338700794,market_normal,0.996,5.077949088174485,0.3574724484536191
2020-02-13 00:00:00-05:00,1570.199951171875,1575.0999755859375,1570.199951171875,1575.0999755859375,74,0.0,0.0,0.004900535612764321,0.09120676808633228,GC=F,0.12820469293506118,market_elevated,1.0,5.175693260427444,0.446906486392851
2020-02-14 00:00:00-05:00,1575.800048828125,1582.699951171875,1574.800048828125,1582.699951171875,68,0.0,0.0,0.004813471680398959,0.09028163573260681,GC=F,0.12592698176292996,market_elevated,1.0,5.273437432680431,0.5320742123705827
2020-02-18 00:00:00-05:00,1579.800048828125,1604.300048828125,1579.800048828125,1600.0,310,0.0,0.0,0.010871410739791924,0.09585742400932129,GC=F,0.28441092684555486,market_elevated,1.0,5.664414121692268,0.8145918264483991
2020-02-19 00:00:00-05:00,1600.5999755859375,1610.5,1599.699951171875,1607.5,542,0.0,0.0,0.004676547883901803,0.09499903767698557,GC=F,0.12234486856703816,market_elevated,1.0,5.762158293945227,0.8673084196211186
2020-02-20 00:00:00-05:00,1606.5,1621.0,1603.0,1616.5999755859375,117,0.0,0.0,0.005644986085864686,0.0953947250794905,GC=F,0.1476805322822128,market_elevated,1.0,5.859902466198186,0.9117454097949509
2020-02-21 00:00:00-05:00,1619.300048828125,1645.0,1619.300048828125,1644.5999755859375,186,0.0,0.0,0.01717201549417072,0.10864309075941575,GC=F,0.4492433373552033,market_volatile,1.0,5.957646638451145,0.9474785872784172
2020-02-24 00:00:00-05:00,1657.0,1686.5999755859375,1650.0,1672.4000244140625,435,0.0,0.0,0.01676255638881947,0.1187530665754725,GC=F,0.43853132890978147,market_volatile,1.0,6.25087915521005,0.9994782016576943
2020-02-25 00:00:00-05:00,1645.0999755859375,1653.699951171875,1632.300048828125,1646.9000244140625,409,0.0,0.0,-0.015364987376213718,0.13487757805202916,GC=F,0.40196901811869484,market_volatile,1.0,0.06543802028342327,0.9978596966698068
2020-02-26 00:00:00-05:00,1644.0,1648.0999755859375,1636.4000244140625,1640.0,1990,0.0,0.0,-0.004198505886171601,0.1365806915729306,GC=F,0.10983863815225857,market_elevated,1.0,0.16318219253638233,0.9867153045233177
2020-02-27 00:00:00-05:00,1641.0999755859375,1658.0,1638.5,1640.0,707,0.0,0.0,0.0,0.13460419100113427,GC=F,0.0,market_normal,0.996,0.2609263647893414,0.9661514131426947
2020-02-28 00:00:00-05:00,1640.300048828125,1642.5,1564.0999755859375,1564.0999755859375,289,0.0,0.0,-0.047385678747064744,0.2181033486713826,GC=F,0.65,market_extreme,1.009,0.35867053704230045,0.9363643319985852
2020-03-02 00:00:00-05:00,1583.9000244140625,1608.300048828125,1574.300048828125,1592.300048828125,537,0.0,0.0,0.017868979456354687,0.22501202401804238,GC=F,0.4674768648344977,market_volatile,1.0,0.6519030538011776,0.7949306554007803
2020-03-03 00:00:00-05:00,1594.5,1645.300048828125,1594.0,1642.0999755859375,610,0.0,0.0,0.030796353102671873,0.2485722593436066,GC=F,0.65,market_extreme,1.009,0.7496472260541367,0.7319292877347194
2020-03-04 00:00:00-05:00,1645.4000244140625,1645.9000244140625,1631.300048828125,1641.0999755859375,83,0.0,0.0,-0.0006091618212690988,0.2479745134208536,GC=F,0.01593650376504739,market_normal,0.996,0.8473913983070958,0.6619406894727085
2020-03-05 00:00:00-05:00,1637.300048828125,1672.9000244140625,1637.199951171875,1666.4000244140625,154,0.0,0.0,0.01529889178860684,0.24199680609190993,GC=F,0.4002398674333227,market_volatile,1.0,0.9451355705600548,0.5856329941125307
2020-03-06 00:00:00-05:00,1670.800048828125,1686.199951171875,1647.199951171875,1670.800048828125,175,0.0,0.0,0.002636957249874577,0.24196206339510362,GC=F,0.0689863968384372,market_normal,0.996,1.0428797428130139,0.5037346592697803
2020-03-09 00:00:00-04:00,1696.0999755859375,1701.5999755859375,1657.699951171875,1674.5,161,0.0,0.0,0.0022120303868409007,0.2419405725810706,GC=F,0.0578697307635709,market_normal,0.996,1.336112259571891,0.23253572474056505
2020-03-10 00:00:00-04:00,1671.5999755859375,1674.5999755859375,1643.0,1659.0999755859375,48,0.0,0.0,-0.009239341300194449,0.24576250914689582,GC=F,0.24171376517055523,market_elevated,1.0,1.4338564318248501,0.13651230106539056
2020-03-11 00:00:00-04:00,1656.5999755859375,1666.5,1635.0,1641.4000244140625,47,0.0,0.0,-0.010725720864527515,0.2500281975198255,GC=F,0.2805994810775922,market_elevated,1.0,1.531600604077866,0.03918568739255756
2020-03-12 00:00:00-04:00,1637.0,1647.5,1566.4000244140625,1589.300048828125,256,0.0,0.0,-0.03225585264372553,0.275857879557686,GC=F,0.65,market_extreme,1.009,1.629344776330825,-0.05851500535925148
2020-03-13 00:00:00-04:00,1574.9000244140625,1589.800048828125,1513.800048828125,1515.699951171875,89,0.0,0.0,-0.047416352203101815,0.3222888352178703,GC=F,0.65,market_extreme,1.009,1.7270889485837841,-0.15565709519323806
2020-03-16 00:00:00-04:00,1569.0999755859375,1569.0999755859375,1452.0999755859375,1485.9000244140625,193,0.0,0.0,-0.019856680529920206,0.3273703116943625,GC=F,0.5194778349160948,market_extreme,1.009,2.0203214653426613,-0.43453789746768823
2020-03-17 00:00:00-04:00,1469.300048828125,1537.699951171875,1469.300048828125,1524.9000244140625,122,0.0,0.0,0.02590818443844778,0.34138787208646537,GC=F,0.65,market_extreme,1.009,2.1180656375956204,-0.5203573035691312
2020-03-18 00:00:00-04:00,1537.5,1542.0,1477.300048828125,1477.300048828125,333,0.0,0.0,-0.03171271975140128,0.35318425825445987,GC=F,0.65,market_extreme,1.009,2.2158098098485794,-0.6012092127644496
2020-03-19 00:00:00-04:00,1481.5,1491.5999755859375,1471.0,1478.5999755859375,262,0.0,0.0,0.0008795472315558977,0.35227987491307133,GC=F,0.023010154736922632,market_normal,0.996,2.3135539821015385,-0.6763217869223684
2020-03-20 00:00:00-04:00,1483.5,1484.0,1483.5,1484.0,14,0.0,0.0,0.0036454671159334207,0.351659058977365,GC=F,0.09537038991937308,market_normal,0.996,2.4112981543544976,-0.7449779774357457
2020-03-23 00:00:00-04:00,1505.300048828125,1567.0,1490.199951171875,1567.0,51,0.0,0.0,0.05442181862869502,0.4003242921991996,GC=F,0.65,market_extreme,1.009,2.7045306711133748,-0.9059991741505717
2020-03-24 00:00:00-04:00,1592.699951171875,1685.5,1592.699951171875,1660.199951171875,442,0.0,0.0,0.05777508425392426,0.44737792020644823,GC=F,0.65,market_extreme,1.009,2.802274843366334,-0.9429819476246296
2020-03-25 00:00:00-04:00,1676.5,1676.5,1631.0999755859375,1632.300048828125,476,0.0,0.0,-0.016947954536260905,0.4480804460523593,GC=F,0.4433815972154638,market_volatile,1.0,2.900019015619293,-0.9709627144482045
2020-03-26 00:00:00-04:00,1660.5,1660.5,1650.0999755859375,1650.0999755859375,3,0.0,0.0,0.010845784249569976,0.449512057621136,GC=F,0.28374050292263703,market_elevated,1.0,2.997763187872252,-0.9896743612903721
2020-03-27 00:00:00-04:00,1623.9000244140625,1623.9000244140625,1623.9000244140625,1623.9000244140625,100638,0.0,0.0,-0.016005198817997043,0.4530485690536326,GC=F,0.4187178222889078,market_volatile,1.0,3.0955073601252394,-0.998938260798045
2020-03-30 00:00:00-04:00,1641.199951171875,1652.800048828125,1607.199951171875,1622.0,16389,0.0,0.0,-0.0011707228298990415,0.41981404674461026,GC=F,0.030627705373333192,market_normal,0.996,3.3887398768841166,-0.9696142663409449
2020-03-31 00:00:00-04:00,1618.699951171875,1621.0,1576.0,1583.4000244140625,2874,0.0,0.0,-0.02408550651926629,0.42462215167711465,GC=F,0.6301096883052999,market_extreme,1.009,3.4864840491370757,-0.941112176721526
2020-04-01 00:00:00-04:00,1570.0,1600.0,1570.0,1578.199951171875,2158,0.0,0.0,-0.003289523008281446,0.40934570796277064,GC=F,0.08605840677518277,market_normal,0.996,3.5842282213900347,-0.9036259298814535
2020-04-02 00:00:00-04:00,1590.9000244140625,1631.199951171875,1586.0,1625.699951171875,1294,0.0,0.0,0.0296535360572285,0.42371064091401967,GC=F,0.65,market_extreme,1.009,3.681972393642994,-0.8575133814978231
2020-04-03 00:00:00-04:00,1624.5,1636.0,1619.800048828125,1633.699951171875,643,0.0,0.0,0.00490888893936245,0.4203604430413988,GC=F,0.12842322734764863,market_elevated,1.0,3.779716565895953,-0.8032147366755845
2020-04-06 00:00:00-04:00,1629.0999755859375,1696.699951171875,1625.9000244140625,1677.0,1063,0.0,0.0,0.02615913167880727,0.4306563556318794,GC=F,0.65,market_extreme,1.009,4.072949082654858,-0.5967460920565502
2020-04-07 00:00:00-04:00,1695.699951171875,1724.4000244140625,1658.0,1664.800048828125,1144,0.0,0.0,-0.007301457414060284,0.43135014376853764,GC=F,0.19101608063205047,market_elevated,1.0,4.1706932549078175,-0.5155896902238392
2020-04-08 00:00:00-04:00,1669.699951171875,1677.0,1662.5,1665.4000244140625,747,0.0,0.0,0.00036032405214913405,0.43011697248021824,GC=F,0.009426568463776276,market_normal,0.996,4.268437427160777,-0.4295113046437118
2020-04-09 00:00:00-04:00,1662.699951171875,1736.199951171875,1662.699951171875,1736.199951171875,825,0.0,0.0,0.041633439372849586,0.45111882495654676,GC=F,0.65,market_extreme,1.009,4.366181599413736,-0.3393326670591851
2020-04-13 00:00:00-04:00,1722.0,1756.800048828125,1710.699951171875,1744.800048828125,696,0.0,0.0,0.004941175038212751,0.43286234357797637,GC=F,0.12926787571187895,market_elevated,1.0,4.7571582884256,0.04475435441979169
2020-04-14 00:00:00-04:00,1756.800048828125,1775.0,1739.5,1756.699951171875,675,0.0,0.0,0.006797057351607868,0.3895985332977619,GC=F,0.17782028730801008,market_elevated,1.0,4.854902460678559,0.14203155962938008
2020-04-15 00:00:00-04:00,1739.4000244140625,1744.9000244140625,1722.699951171875,1727.199951171875,642,0.0,0.0,-0.016935449293475353,0.38718264818596754,GC=F,0.44305444301476293,market_volatile,1.0,4.952646632931518,0.23795288623749275
2020-04-16 00:00:00-04:00,1731.0,1750.5999755859375,1715.0,1720.4000244140625,162,0.0,0.0,-0.003944735829989091,0.38275966027332914,GC=F,0.10319966749683673,market_elevated,1.0,5.0503908051844775,0.3316026386444159
2020-04-17 00:00:00-04:00,1715.699951171875,1725.0,1684.9000244140625,1689.199951171875,223,0.0,0.0,-0.018301820946780283,0.36878780790300825,GC=F,0.4788005883526021,market_volatile,1.0,5.1481349774374365,0.42208680642279534
2020-04-20 00:00:00-04:00,1686.0,1701.5999755859375,1680.0,1701.5999755859375,106,0.0,0.0,0.007313955384594793,0.3682511771953581,GC=F,0.19134304458074922,market_elevated,1.0,5.441367494196342,0.6661081018589606
2020-04-21 00:00:00-04:00,1697.0,1707.0999755859375,1659.9000244140625,1678.199951171875,666,0.0,0.0,-0.013847209197883095,0.3749967741352558,GC=F,0.36226187166115675,market_volatile,1.0,5.539111666449301,0.735715632358043
2020-04-22 00:00:00-04:00,1696.0,1728.699951171875,1684.800048828125,1728.699951171875,453,0.0,0.0,0.029647891342731346,0.34302755405613217,GC=F,0.65,market_extreme,1.009,5.63685583870226,0.798299786606886
2020-04-23 00:00:00-04:00,1734.0,1745.0999755859375,1733.300048828125,1733.300048828125,482,0.0,0.0,0.0026574814347122173,0.2834983541147797,GC=F,0.06952333749610703,market_normal,0.996,5.734600010955219,0.8532631162935869
2020-04-24 00:00:00-04:00,1744.0,1744.0,1714.5,1723.5,221,0.0,0.0,-0.005670027160958046,0.2765823516781822,GC=F,0.14833564094722199,market_elevated,1.0,5.832344183208178,0.9000809239299078
2020-04-27 00:00:00-04:00,1731.9000244140625,1731.9000244140625,1711.9000244140625,1711.9000244140625,169,0.0,0.0,-0.006753227914803885,0.27668143171323245,GC=F,0.17667364948492492,market_elevated,1.0,6.125576699967027,0.9876054525663588
2020-04-28 00:00:00-04:00,1716.5999755859375,1716.5999755859375,1707.0999755859375,1710.5,1255,0.0,0.0,-0.0008181536244567528,0.26930445170996714,GC=F,0.02140401427223131,market_normal,0.996,6.223320872220015,0.9982086597857369
2020-04-29 00:00:00-04:00,1710.0,1713.5,1702.0,1703.4000244140625,373,0.0,0.0,-0.004159457378130776,0.2700122001387248,GC=F,0.10881707594385287,market_elevated,1.0,0.03787973729338745,0.9992826485332233
2020-04-30 00:00:00-04:00,1719.300048828125,1719.300048828125,1680.800048828125,1684.199951171875,327,0.0,0.0,-0.011335623435517613,0.2576228298434725,GC=F,0.2965553638652662,market_elevated,1.0,0.1356239095463465,0.9908171661694459
2020-05-01 00:00:00-04:00,1686.5999755859375,1701.5,1670.5,1694.5,337,0.0,0.0,0.006097067443094948,0.2568142192842667,GC=F,0.1595075969472276,market_elevated,1.0,0.23336808179930557,0.9728930268910395
2020-05-04 00:00:00-04:00,1702.5999755859375,1709.0,1699.5999755859375,1706.9000244140625,320,0.0,0.0,0.007291162026340241,0.23906437144935047,GC=F,0.19074673925274133,market_elevated,1.0,0.5266005985582396,0.8645205927095565
2020-05-05 00:00:00-04:00,1701.5,1704.4000244140625,1697.199951171875,1704.4000244140625,82,0.0,0.0,-0.001465717123550518,0.23921471058330118,GC=F,0.03834515828535259,market_normal,0.996,0.6243447708111987,0.8113463182058227
2020-05-06 00:00:00-04:00,1704.0,1704.0,1684.199951171875,1684.199951171875,469,0.0,0.0,-0.011922512345884834,0.22684453592435447,GC=F,0.3119091779146206,market_volatile,1.0,0.7220889430641577,0.7504266727851462
2020-05-07 00:00:00-04:00,1686.199951171875,1721.800048828125,1685.5999755859375,1721.800048828125,853,0.0,0.0,0.02207963897860998,0.23719265538842707,GC=F,0.577633458676762,market_extreme,1.009,0.8198331153171168,0.6823432148268825
2020-05-08 00:00:00-04:00,1726.199951171875,1728.9000244140625,1703.800048828125,1709.9000244140625,330,0.0,0.0,-0.006935380050009182,0.23901374701005898,GC=F,0.1814389976849532,market_elevated,1.0,0.9175772875700758,0.6077458907513975
2020-05-11 00:00:00-04:00,1702.300048828125,1704.5,1690.199951171875,1695.300048828125,749,0.0,0.0,-0.00857515842664911,0.19049986389125373,GC=F,0.22433783566321427,market_elevated,1.0,1.210809804328953,0.3522616196617817
2020-05-12 00:00:00-04:00,1699.300048828125,1713.0999755859375,1699.300048828125,1704.4000244140625,324,0.0,0.0,0.005353411843933332,0.1906708183033758,GC=F,0.14005255258603092,market_elevated,1.0,1.308553976581912,0.25924688853194733
2020-05-13 00:00:00-04:00,1702.0,1721.300048828125,1701.9000244140625,1713.9000244140625,431,0.0,0.0,0.0055583326933722026,0.19007044741783702,GC=F,0.14541356139287903,market_elevated,1.0,1.4062981488348711,0.16375730385845788
2020-05-14 00:00:00-04:00,1724.300048828125,1743.0999755859375,1720.5,1738.0999755859375,672,0.0,0.0,0.014021058879757815,0.18796621611415956,GC=F,0.36681001636263644,market_volatile,1.0,1.5040423210878302,0.06670443969471689
2020-05-15 00:00:00-04:00,1739.699951171875,1753.4000244140625,1739.699951171875,1753.4000244140625,719,0.0,0.0,0.008764225555300193,0.18949988015128072,GC=F,0.22928408951956628,market_elevated,1.0,1.6017864933407893,-0.030985206340894696
2020-05-18 00:00:00-04:00,1755.699951171875,1770.5,1731.800048828125,1731.800048828125,229,0.0,0.0,-0.012395415869611638,0.18294834690354983,GC=F,0.32428097884376506,market_volatile,1.0,1.8950190100996664,-0.31857206473372124
2020-05-19 00:00:00-04:00,1744.199951171875,1749.5,1744.199951171875,1744.199951171875,167,0.0,0.0,0.007134611589602911,0.1828736957777766,GC=F,0.18665116638954615,market_elevated,1.0,1.9927631823526255,-0.4095555772439629
2020-05-20 00:00:00-04:00,1751.5999755859375,1752.0999755859375,1745.5999755859375,1750.5999755859375,16,0.0,0.0,0.0036626025539089747,0.17462047277427706,GC=F,0.09581867633897212,market_normal,0.996,2.0905073546055846,-0.496629341492979
2020-05-21 00:00:00-04:00,1746.800048828125,1746.800048828125,1720.5,1720.5,528,0.0,0.0,-0.01734362611469108,0.1557685568618391,GC=F,0.45373290515895554,market_volatile,1.0,2.188251526858572,-0.5789621235353001
2020-05-22 00:00:00-04:00,1726.5999755859375,1734.5999755859375,1726.5999755859375,1734.5999755859375,6,0.0,0.0,0.008161878938069567,0.15820066872065344,GC=F,0.21352588078389617,market_elevated,1.0,2.285995699111531,-0.655767948354745
2020-05-26 00:00:00-04:00,1726.4000244140625,1726.4000244140625,1704.800048828125,1704.800048828125,39,0.0,0.0,-0.017328994749641426,0.16833005239693616,GC=F,0.4533501287011076,market_volatile,1.0,2.6769723881233674,-0.8939917827821977
2020-05-27 00:00:00-04:00,1685.5999755859375,1710.300048828125,1685.5999755859375,1710.300048828125,137416,0.0,0.0,0.003220991829132791,0.16721834517683967,GC=F,0.08426553769443447,market_normal,0.996,2.7747165603763264,-0.933452447479352
2020-05-28 00:00:00-04:00,1709.300048828125,1727.800048828125,1705.0,1713.300048828125,23355,0.0,0.0,0.001752541583290877,0.16730558840139156,GC=F,0.0458488772036475,market_normal,0.996,2.8724607326292855,-0.9640020771760105
2020-05-29 00:00:00-04:00,1718.800048828125,1738.300048828125,1715.0999755859375,1736.9000244140625,1526,0.0,0.0,0.013680565277693138,0.17293171979010535,GC=F,0.35790223950956085,market_volatile,1.0,2.9702049048822445,-0.9853490353563397
2020-06-01 00:00:00-04:00,1740.4000244140625,1747.0,1727.0999755859375,1737.800048828125,871,0.0,0.0,0.0005180443866920326,0.1671178379683098,GC=F,0.013552747448583478,market_normal,0.996,3.26343742164115,-0.992586105376374
2020-06-02 00:00:00-04:00,1743.0,1745.5,1721.800048828125,1725.199951171875,741,0.0,0.0,-0.007277016031962099,0.1688866204986491,GC=F,0.19037666075340606,market_elevated,1.0,3.361181593894109,-0.9759870722818015
2020-06-03 00:00:00-04:00,1726.300048828125,1726.300048828125,1684.5,1697.800048828125,2755,0.0,0.0,-0.016009633407297864,0.17680112090151032,GC=F,0.41883383719105927,market_volatile,1.0,3.4589257661470683,-0.950070955082281
2020-06-04 00:00:00-04:00,1694.5,1718.9000244140625,1694.5,1718.9000244140625,807,0.0,0.0,0.012351241473905206,0.18201050357488513,GC=F,0.32312531642548087,market_volatile,1.0,3.5566699384000557,-0.9150851573044249
2020-06-05 00:00:00-04:00,1711.800048828125,1711.800048828125,1668.5999755859375,1676.199951171875,1502,0.0,0.0,-0.025155268002861633,0.19834152170082506,GC=F,0.65,market_extreme,1.009,3.654414110653015,-0.8713636645405143
2020-06-08 00:00:00-04:00,1679.0999755859375,1699.4000244140625,1675.9000244140625,1698.300048828125,587,0.0,0.0,0.013098481927345721,0.18777326954008042,GC=F,0.34267414546214164,market_volatile,1.0,3.947646627411892,-0.6923511135595959
2020-06-09 00:00:00-04:00,1694.5999755859375,1720.9000244140625,1692.0,1714.699951171875,690,0.0,0.0,0.009610330246712897,0.1895390793723524,GC=F,0.2514193418113645,market_elevated,1.0,4.045390799664851,-0.6186303017562164
2020-06-10 00:00:00-04:00,1716.0999755859375,1740.800048828125,1711.9000244140625,1713.300048828125,718,0.0,0.0,-0.0008167458702274134,0.18693510567693272,GC=F,0.021367185502284124,market_normal,0.996,4.14313497191781,-0.5390038476395054
2020-06-11 00:00:00-04:00,1737.199951171875,1744.0999755859375,1720.0,1732.0,347,0.0,0.0,0.010855446283993906,0.18968533734025736,GC=F,0.28399327491621695,market_elevated,1.0,4.240879144170769,-0.45423189075541986
2020-06-12 00:00:00-04:00,1724.9000244140625,1743.0,1724.9000244140625,1729.300048828125,318,0.0,0.0,-0.0015600795547297869,0.1890204488273484,GC=F,0.04081380813710214,market_normal,0.996,4.338623316423728,-0.365123691261662
2020-06-15 00:00:00-04:00,1730.0,1730.0,1703.300048828125,1720.300048828125,188,0.0,0.0,-0.005218007981163413,0.18324626996436696,GC=F,0.13651020292869492,market_elevated,1.0,4.631855833182634,-0.08044612462700255
2020-06-16 00:00:00-04:00,1726.300048828125,1729.5999755859375,1722.4000244140625,1729.5999755859375,22,0.0,0.0,0.005391431183017847,0.18146385688802089,GC=F,0.14104719033138846,market_elevated,1.0,4.7296000054355645,0.01721017535692174
2020-06-17 00:00:00-04:00,1714.699951171875,1729.199951171875,1714.699951171875,1729.199951171875,51,0.0,0.0,-0.00023130821343635084,0.17636488614450943,GC=F,0.006051338225095992,market_normal,0.996,4.8273441776885235,0.1147021815138194
2020-06-18 00:00:00-04:00,1730.5,1734.0999755859375,1717.300048828125,1724.800048828125,110,0.0,0.0,-0.002547715531949515,0.17456024224538974,GC=F,0.06665171182690924,market_normal,0.996,4.925088349941483,0.21109920403565036
2020-06-19 00:00:00-04:00,1723.699951171875,1750.699951171875,1723.5,1745.9000244140625,1329,0.0,0.0,0.0121590659502639,0.17954330341417093,GC=F,0.3180977427182529,market_volatile,1.0,5.022832522194442,0.3054810061776771
2020-06-22 00:00:00-04:00,1755.199951171875,1767.5999755859375,1750.5,1756.699951171875,1356,0.0,0.0,0.006166825249584587,0.16931945062426318,GC=F,0.16133255627157844,market_elevated,1.0,5.316065038953319,0.5676726335036175
2020-06-23 00:00:00-04:00,1755.4000244140625,1776.300048828125,1754.199951171875,1772.0999755859375,666,0.0,0.0,0.008728248980421311,0.16963273470161958,GC=F,0.22834289327089732,market_elevated,1.0,5.413809211206306,0.6453032896092398
2020-06-24 00:00:00-04:00,1778.300048828125,1783.0999755859375,1764.5,1765.800048828125,961,0.0,0.0,-0.0035613970847807024,0.15711232670964825,GC=F,0.09317100328479755,market_normal,0.996,5.511553383459265,0.7167736745460493
2020-06-25 00:00:00-04:00,1761.699951171875,1764.800048828125,1759.800048828125,1762.0999755859375,207,0.0,0.0,-0.0020976074000182165,0.15753223450998077,GC=F,0.05487626942597645,market_normal,0.996,5.609297555712224,0.7814015092077361
2020-06-26 00:00:00-04:00,1766.0,1772.5,1764.699951171875,1772.5,640,0.0,0.0,0.005884713686692411,0.15829037990380027,GC=F,0.1539521331603137,market_elevated,1.0,5.707041727965212,0.8385698356568956
2020-06-29 00:00:00-04:00,1779.800048828125,1780.199951171875,1774.300048828125,1774.800048828125,584,0.0,0.0,0.0012967886103743235,0.15209088067266144,GC=F,0.033925758066462273,market_normal,0.996,6.0002742447241175,0.9602468787683388
2020-06-30 00:00:00-04:00,1777.300048828125,1793.199951171875,1774.4000244140625,1793.0,986,0.0,0.0,0.010202426588476162,0.1553468871731917,GC=F,0.2669093893657609,market_elevated,1.0,6.098018416977077,0.9829055380676054
2020-07-01 00:00:00-04:00,1793.5999755859375,1798.0,1765.800048828125,1773.199951171875,331,0.0,0.0,-0.011104398270962212,0.15859990463708815,GC=F,0.2905061983121233,market_elevated,1.0,6.195762589230036,0.9961810673793153
2020-07-02 00:00:00-04:00,1773.4000244140625,1784.0,1768.699951171875,1784.0,215,0.0,0.0,0.006072237805783904,0.14618235186442888,GC=F,0.1588580197828744,market_elevated,1.0,0.010321454303380051,0.9999467342634114
2020-07-06 00:00:00-04:00,1788.199951171875,1790.0999755859375,1788.199951171875,1788.5,172,0.0,0.0,0.0025192455591178196,0.1416099871238857,GC=F,0.06590689852216555,market_normal,0.996,0.4012981433152163,0.9205546972521138
2020-07-07 00:00:00-04:00,1789.300048828125,1804.199951171875,1783.300048828125,1804.199951171875,751,0.0,0.0,0.00873997345987791,0.1036288491204293,GC=F,0.22864962163843364,market_elevated,1.0,0.4990423155682038,0.8780412977531673
2020-07-08 00:00:00-04:00,1801.5,1817.9000244140625,1801.5,1815.5,209,0.0,0.0,0.006243658695440093,0.0982113460389152,GC=F,0.16334262396854415,market_elevated,1.0,0.5967864878211628,0.827145835775005
2020-07-09 00:00:00-04:00,1816.0999755859375,1819.800048828125,1799.199951171875,1799.199951171875,396,0.0,0.0,-0.009018817348082771,0.10387595897176713,GC=F,0.23594455792478727,market_elevated,1.0,0.6945306600741219,0.7683541756423369
2020-07-10 00:00:00-04:00,1805.5,1805.5,1797.699951171875,1798.199951171875,236,0.0,0.0,-0.0005559571095256041,0.10378154679002051,GC=F,0.014544595967457588,market_normal,0.996,0.792274832327081,0.7022275613077543
2020-07-13 00:00:00-04:00,1805.0,1811.0,1805.0,1811.0,164,0.0,0.0,0.0070930414866313,0.10064594409943019,GC=F,0.18556363581985236,market_elevated,1.0,1.0855073490859581,0.4664639913189724
2020-07-14 00:00:00-04:00,1791.0,1811.5,1791.0,1810.5999755859375,339,0.0,0.0,-0.0002209103260360273,0.10013392185048793,GC=F,0.005779315314404428,market_normal,0.996,1.1832515213389172,0.3779164398435523
2020-07-15 00:00:00-04:00,1806.0999755859375,1813.5,1806.0999755859375,1811.4000244140625,167,0.0,0.0,0.00044177186147791053,0.0967209948549913,GC=F,0.011557354200345798,market_normal,0.996,1.2809956935918763,0.28576117741102613
2020-07-16 00:00:00-04:00,1810.9000244140625,1810.9000244140625,1794.300048828125,1798.699951171875,146,0.0,0.0,-0.007035885831272417,0.10143619989528453,GC=F,0.18406836595063608,market_elevated,1.0,1.3787398658448637,0.1908779475704174
2020-07-17 00:00:00-04:00,1798.5,1810.0999755859375,1798.5,1808.300048828125,24,0.0,0.0,0.005323049805576425,0.10181371953258368,GC=F,0.13925824026753844,market_elevated,1.0,1.4764840380978228,0.09417253591841547
2020-07-20 00:00:00-04:00,1807.0,1817.300048828125,1807.0,1815.9000244140625,89,0.0,0.0,0.004194021617199042,0.1005820739474861,GC=F,0.10972132356216198,market_elevated,1.0,1.7697165548567,-0.1976109667973664
2020-07-21 00:00:00-04:00,1822.0,1842.4000244140625,1822.0,1842.4000244140625,117,0.0,0.0,0.014487856747344773,0.10368972129288564,GC=F,0.37902208500281703,market_volatile,1.0,1.867460727109659,-0.2923319484674186
2020-07-22 00:00:00-04:00,1858.0999755859375,1867.0,1854.699951171875,1864.0999755859375,213,0.0,0.0,0.011709267020525905,0.1078132051040516,GC=F,0.30633038946825786,market_volatile,1.0,1.9652048993626465,-0.38426223605169696
2020-07-23 00:00:00-04:00,1868.699951171875,1890.300048828125,1868.5,1889.0999755859375,133,0.0,0.0,0.013322162460929807,0.11207249820098282,GC=F,0.34852593318285613,market_volatile,1.0,2.0629490716156056,-0.4725242336828049
2020-07-24 00:00:00-04:00,1884.300048828125,1897.300048828125,1884.300048828125,1897.300048828125,474,0.0,0.0,0.0043313363665133785,0.10951661235441634,GC=F,0.11331366461676949,market_elevated,1.0,2.1606932438685647,-0.5562753641601544
2020-07-27 00:00:00-04:00,1901.699951171875,1938.0,1901.5,1931.0,364,0.0,0.0,0.017606154822841998,0.11795284915098196,GC=F,0.4606010140912649,market_volatile,1.0,2.453925760627442,-0.7727290239344636
2020-07-28 00:00:00-04:00,1931.5,1944.699951171875,1928.5999755859375,1944.699951171875,825,0.0,0.0,0.007069694974014618,0.1182171529859861,GC=F,0.1849528592195701,market_elevated,1.0,2.551669932880401,-0.8309836718040674
2020-07-29 00:00:00-04:00,1953.199951171875,1953.5,1952.5999755859375,1953.5,209835,0.0,0.0,0.004514937092596289,0.11767194960080311,GC=F,0.11811690992913977,market_elevated,1.0,2.64941410513336,-0.8813054843114817
2020-07-30 00:00:00-04:00,1963.4000244140625,1965.0999755859375,1930.0,1942.300048828125,28853,0.0,0.0,-0.005749772517706172,0.12097717715223326,GC=F,0.15042188820318744,market_elevated,1.0,2.7471582773863474,-0.9232140733729399
2020-07-31 00:00:00-04:00,1948.5999755859375,1981.0999755859375,1948.0,1962.800048828125,2914,0.0,0.0,0.01049918711509946,0.11007820835652954,GC=F,0.2746730493403745,market_elevated,1.0,2.8449024496393065,-0.9563093662209657
2020-08-03 00:00:00-04:00,1984.300048828125,1984.300048828125,1955.5,1966.0,683,0.0,0.0,0.0016289716145934227,0.11052539396463454,GC=F,0.04261611834937282,market_normal,0.996,3.1381349663981837,-0.9999940222055982
2020-08-04 00:00:00-04:00,1971.0,2016.199951171875,1968.800048828125,2001.199951171875,2010,0.0,0.0,0.017745954507515056,0.11912078128684352,GC=F,0.46425836444277424,market_volatile,1.0,3.2358791386511427,-0.9955583213523894
2020-08-05 00:00:00-04:00,2024.0,2050.199951171875,2011.0,2031.0999755859375,1422,0.0,0.0,0.01483052996269477,0.12310586951383748,GC=F,0.3879868835110835,market_volatile,1.0,3.333623310904102,-0.981618703003906
2020-08-06 00:00:00-04:00,2045.5,2063.0,2040.0,2051.5,294,0.0,0.0,0.009993726704919284,0.12401921976340559,GC=F,0.26144951587411625,market_elevated,1.0,3.431367483157061,-0.9583082392061126
2020-08-07 00:00:00-04:00,2040.0999755859375,2055.0,2009.5999755859375,2010.0999755859375,808,0.0,0.0,-0.020386772968585872,0.14554144648418288,GC=F,0.5333457758304133,market_extreme,1.009,3.52911165541002,-0.9258494590865947
2020-08-10 00:00:00-04:00,2026.4000244140625,2043.800048828125,2017.5,2024.4000244140625,233,0.0,0.0,0.007088912486168325,0.1440822160062465,GC=F,0.18545561553833342,market_elevated,1.0,3.822344172168897,-0.7770999495766306
2020-08-11 00:00:00-04:00,2012.4000244140625,2016.0,1904.0,1932.5999755859375,971,0.0,0.0,-0.04640713846737035,0.23054490106355552,GC=F,0.65,market_extreme,1.009,3.920088344421856,-0.7119706829118404
2020-08-12 00:00:00-04:00,1923.0,1946.5999755859375,1871.5999755859375,1934.9000244140625,404,0.0,0.0,0.001189424227168705,0.23034101782745892,GC=F,0.031116959423067837,market_normal,0.996,4.017832516674815,-0.6400447168630737
2020-08-13 00:00:00-04:00,1921.5,1957.4000244140625,1916.9000244140625,1956.699951171875,71,0.0,0.0,0.011203697670107498,0.23175233609461315,GC=F,0.2931040059768402,market_elevated,1.0,4.115576688927774,-0.5620086796593696
2020-08-14 00:00:00-04:00,1938.699951171875,1947.4000244140625,1937.0,1937.0,201,0.0,0.0,-0.010118971422733294,0.2337847754199897,GC=F,0.2647260884486039,market_elevated,1.0,4.213320861180733,-0.4786075282192086
2020-08-17 00:00:00-04:00,1949.5999755859375,1985.0,1949.5999755859375,1985.0,97,0.0,0.0,0.02447852971429491,0.24479641280249187,GC=F,0.6403917109282471,market_extreme,1.009,4.506553377939639,-0.20438519449359982
2020-08-18 00:00:00-04:00,2001.0999755859375,2002.800048828125,1972.0999755859375,1999.4000244140625,92,0.0,0.0,0.007228233622483832,0.24498363860072225,GC=F,0.18910044641236473,market_elevated,1.0,4.604297550192626,-0.10788106744861847
2020-08-19 00:00:00-04:00,1980.0,1980.0,1938.699951171875,1958.699951171875,347,0.0,0.0,-0.020566184811920643,0.25693151769192674,GC=F,0.5380394342590423,market_extreme,1.009,4.7020417224455855,-0.010347073300609593
2020-08-20 00:00:00-04:00,1941.199951171875,1948.300048828125,1922.300048828125,1933.800048828125,106,0.0,0.0,-0.012793958632575233,0.26036189149741445,GC=F,0.3347074008891742,market_volatile,1.0,4.7997858946985446,0.08728569731167811
2020-08-21 00:00:00-04:00,1941.0,1945.0,1908.9000244140625,1934.5999755859375,184,0.0,0.0,0.0004135698294723892,0.25694916016876224,GC=F,0.01081955059292071,market_normal,0.996,4.897530066951504,0.1840852107978129
2020-08-24 00:00:00-04:00,1930.199951171875,1940.0,1922.199951171875,1927.699951171875,85,0.0,0.0,-0.0035730170549382228,0.25716844256232485,GC=F,0.09347499754658378,market_normal,0.996,5.190762583710381,0.4603359598437486
2020-08-25 00:00:00-04:00,1927.5,1928.5,1911.800048828125,1911.800048828125,176,0.0,0.0,-0.008282324903757287,0.2513680835766256,GC=F,0.21667691146022472,market_elevated,1.0,5.28850675596334,0.5447724794101402
2020-08-26 00:00:00-04:00,1909.699951171875,1950.800048828125,1909.699951171875,1940.699951171875,287,0.0,0.0,0.015003475387935178,0.2558316663624047,GC=F,0.39251137162616184,market_volatile,1.0,5.386250928216299,0.6240084270090583
2020-08-27 00:00:00-04:00,1948.9000244140625,1972.5,1921.5999755859375,1921.5999755859375,2303,0.0,0.0,-0.009890547937341882,0.2574207842187383,GC=F,0.25875021864215164,market_elevated,1.0,5.483995100469258,0.6972873909944056
2020-08-28 00:00:00-04:00,1927.0999755859375,1971.300048828125,1922.5,1964.5999755859375,778,0.0,0.0,0.02213049019313123,0.2685224742686013,GC=F,0.5789637957783006,market_extreme,1.009,5.581739272722217,0.7639098269869942
2020-08-31 00:00:00-04:00,1970.0,1971.300048828125,1953.300048828125,1967.5999755859375,158,0.0,0.0,0.0015258636993629058,0.2661190205183305,GC=F,0.03991867471140155,market_normal,0.996,5.874971789481123,0.9178314674436092
2020-09-01 00:00:00-04:00,1961.699951171875,1986.300048828125,1961.699951171875,1968.199951171875,186,0.0,0.0,0.0003048811432237371,0.2660637113430135,GC=F,0.007976106376388743,market_normal,0.996,5.972715961734082,0.952190287116875
2020-09-02 00:00:00-04:00,1967.300048828125,1967.300048828125,1934.4000244140625,1934.4000244140625,71,0.0,0.0,-0.017322181174838722,0.2644084893899717,GC=F,0.4531718762947593,market_volatile,1.0,6.070460133987041,0.9774591943917716
2020-09-03 00:00:00-04:00,1937.0999755859375,1938.800048828125,1923.0,1927.5999755859375,179,0.0,0.0,-0.0035215203808738388,0.2575792403096887,GC=F,0.09212777434338842,market_normal,0.996,6.16820430624,0.9933969642141907
2020-09-04 00:00:00-04:00,1927.9000244140625,1939.699951171875,1917.699951171875,1923.9000244140625,607,0.0,0.0,-0.0019213045878463265,0.253578711894038,GC=F,0.05026394749136755,market_normal,0.996,6.265948478492959,0.9998514495464325
2020-09-08 00:00:00-04:00,1930.9000244140625,1937.9000244140625,1903.0999755859375,1933.0,271,0.0,0.0,0.004718811695522806,0.2467840729642954,GC=F,0.12345054750079036,market_elevated,1.0,0.3737398603252089,0.9309684375352254
2020-09-09 00:00:00-04:00,1926.9000244140625,1946.199951171875,1924.5999755859375,1944.699951171875,219,0.0,0.0,0.006034498194198085,0.24632878756096932,GC=F,0.15787070009025833,market_elevated,1.0,0.4714840325781964,0.8908952086665773
2020-09-10 00:00:00-04:00,1944.0999755859375,1962.699951171875,1944.0999755859375,1954.199951171875,722,0.0,0.0,0.004873179121465835,0.18637408331955843,GC=F,0.12748900982532763,market_elevated,1.0,0.5692282048311554,0.8423172097824564
2020-09-11 00:00:00-04:00,1944.0,1949.5,1937.800048828125,1937.800048828125,73,0.0,0.0,-0.008427543375380205,0.18890512072762086,GC=F,0.22047602466622246,market_elevated,1.0,0.6669723770841145,0.7856981819651958
2020-09-14 00:00:00-04:00,1946.300048828125,1953.0999755859375,1943.0,1953.0999755859375,55,0.0,0.0,0.007864507194070882,0.18676772717468273,GC=F,0.20574623052941926,market_elevated,1.0,0.9602048938429917,0.5733521267264446
2020-09-15 00:00:00-04:00,1955.800048828125,1968.5,1955.800048828125,1956.300048828125,74,0.0,0.0,0.0016371176840063052,0.1832180399095767,GC=F,0.04282923063142339,market_normal,0.996,1.0579490660959792,0.4906601958630777
2020-09-16 00:00:00-04:00,1961.300048828125,1961.4000244140625,1956.699951171875,1960.199951171875,124,0.0,0.0,0.0019915248986203523,0.1613476480388502,GC=F,0.05210100655836825,market_normal,0.996,1.1556932383489382,0.4032842661624149
2020-09-17 00:00:00-04:00,1939.0,1946.0,1933.699951171875,1940.0,67,0.0,0.0,-0.010358510867938483,0.1620981341733746,GC=F,0.27099276691909113,market_elevated,1.0,1.2534374106018973,0.3120584561377712
2020-09-18 00:00:00-04:00,1950.5,1952.0999755859375,1949.0,1952.0999755859375,38,0.0,0.0,0.006217730605110695,0.14823102607645486,GC=F,0.16266430977561908,market_elevated,1.0,1.3511815828548563,0.21785363648885223
2020-09-21 00:00:00-04:00,1946.199951171875,1946.199951171875,1883.4000244140625,1901.199951171875,52,0.0,0.0,-0.026420463605422984,0.1689340583533481,GC=F,0.65,market_extreme,1.009,1.6444140996137335,-0.07355129464395564
2020-09-22 00:00:00-04:00,1913.0999755859375,1913.0999755859375,1898.5999755859375,1898.5999755859375,331,0.0,0.0,-0.00136848046834515,0.16888426349328783,GC=F,0.03580131481441318,market_normal,0.996,1.7421582718666926,-0.17052450406048125
2020-09-23 00:00:00-04:00,1875.5,1875.5,1859.9000244140625,1859.9000244140625,5,0.0,0.0,-0.020594023641089643,0.18206421686020427,GC=F,0.5387677359850795,market_extreme,1.009,1.8399024441196516,-0.2658698321336899
2020-09-24 00:00:00-04:00,1851.5,1868.300048828125,1851.5,1868.300048828125,365,0.0,0.0,0.00450621665322058,0.18163219746928855,GC=F,0.1178887713457756,market_elevated,1.0,1.9376466163726391,-0.3586770819297544
2020-09-25 00:00:00-04:00,1856.300048828125,1857.699951171875,1856.300048828125,1857.699951171875,4,0.0,0.0,-0.005689815487671344,0.1724337184494787,GC=F,0.14885333055310285,market_elevated,1.0,2.035390788625598,-0.44806028582009744
2020-09-28 00:00:00-04:00,1872.800048828125,1872.800048828125,1872.800048828125,1872.800048828125,10455,0.0,0.0,0.008095526135782653,0.1734240128989223,GC=F,0.2117900010118122,market_elevated,1.0,2.3286233053844754,-0.6873447356292764
2020-09-29 00:00:00-04:00,1876.5,1895.4000244140625,1872.4000244140625,1894.300048828125,3283,0.0,0.0,0.0114147396616161,0.15857802753173394,GC=F,0.2986251522056913,market_elevated,1.0,2.4263674776374344,-0.7549455927934098
2020-09-30 00:00:00-04:00,1893.0,1899.699951171875,1879.800048828125,1887.5,600,0.0,0.0,-0.0035962007873952123,0.15824314178833215,GC=F,0.09408151559595683,market_normal,0.996,2.5241116498903935,-0.8153394983672201
2020-10-01 00:00:00-04:00,1884.0999755859375,1909.5999755859375,1882.5,1908.4000244140625,730,0.0,0.0,0.011012005311720377,0.16441674930196923,GC=F,0.28808907253140087,market_elevated,1.0,2.6218558221433526,-0.8679499128517345
2020-10-02 00:00:00-04:00,1893.9000244140625,1913.0,1893.9000244140625,1900.199951171875,530,0.0,0.0,-0.004306089358559664,0.1544863793016711,GC=F,0.11265316846736813,market_elevated,1.0,2.719599994396283,-0.9122746004382208
2020-10-05 00:00:00-04:00,1898.9000244140625,1915.5999755859375,1884.699951171875,1912.5,1360,0.0,0.0,0.006452168624350489,0.15616702840229904,GC=F,0.168797527987656,market_elevated,1.0,3.012832511155189,-0.9917218594085012
2020-10-06 00:00:00-04:00,1906.5999755859375,1918.0,1874.4000244140625,1901.0999755859375,968,0.0,0.0,-0.005978633545181685,0.157301738038998,GC=F,0.15640920470709707,market_elevated,1.0,3.110576683408148,-0.9995190433550067
2020-10-07 00:00:00-04:00,1874.0999755859375,1889.800048828125,1873.0999755859375,1883.5999755859375,50,0.0,0.0,-0.009247826747493606,0.15882066356075614,GC=F,0.24193575604081266,market_elevated,1.0,3.208320855661107,-0.9977744994898281
2020-10-08 00:00:00-04:00,1893.0,1893.0,1882.699951171875,1888.5999755859375,348,0.0,0.0,0.00265097449388411,0.1572950698173518,GC=F,0.06935310705259363,market_normal,0.996,3.306065027914066,-0.9865048817855209
2020-10-09 00:00:00-04:00,1909.300048828125,1929.0999755859375,1905.0999755859375,1919.5,580,0.0,0.0,0.016228934538952623,0.16757862648225894,GC=F,0.42457105378650206,market_volatile,1.0,3.403809200167025,-0.965817773609697
2020-10-12 00:00:00-04:00,1924.0,1926.5,1921.5999755859375,1922.5,96,0.0,0.0,0.001561686938946659,0.1654488475514993,GC=F,0.04085585949969524,market_normal,0.996,3.697041716925959,-0.849663723666866
2020-10-13 00:00:00-04:00,1921.9000244140625,1922.199951171875,1887.0,1888.5,191,0.0,0.0,-0.017843559227287458,0.17310305176085797,GC=F,0.4668118369846001,market_volatile,1.0,3.794785889178918,-0.7941472403327205
2020-10-14 00:00:00-04:00,1889.699951171875,1910.800048828125,1882.5,1901.300048828125,33,0.0,0.0,0.006755025244470127,0.17520471529386825,GC=F,0.17672067007944187,market_elevated,1.0,3.892530061431877,-0.7310495739685648
2020-10-15 00:00:00-04:00,1897.300048828125,1906.300048828125,1889.5999755859375,1903.199951171875,254,0.0,0.0,0.0009987659359625074,0.174999209675081,GC=F,0.02612907858491065,market_normal,0.996,3.9902742336848362,-0.6609730750368557
2020-10-16 00:00:00-04:00,1898.5,1900.800048828125,1898.5,1900.800048828125,53,0.0,0.0,-0.0012617784764216624,0.17194563310194372,GC=F,0.03300984523005205,market_normal,0.996,4.088018405937795,-0.5845867161632247
2020-10-19 00:00:00-04:00,1907.300048828125,1907.800048828125,1899.5,1906.4000244140625,43,0.0,0.0,0.0029417837343790644,0.17058879899440832,GC=F,0.07696107326820963,market_normal,0.996,4.3812509226966725,-0.3251194690784614
2020-10-20 00:00:00-04:00,1901.300048828125,1910.4000244140625,1896.0999755859375,1910.4000244140625,329,0.0,0.0,0.002095997386936684,0.14381688890771072,GC=F,0.05483414928869968,market_normal,0.996,4.4789950949496316,-0.23128071641444808
2020-10-21 00:00:00-04:00,1913.5999755859375,1927.300048828125,1913.5999755859375,1924.5999755859375,1202,0.0,0.0,0.007405484259196327,0.14578643260868693,GC=F,0.19373756472920337,market_elevated,1.0,4.576739267202591,-0.13523408421198138
2020-10-22 00:00:00-04:00,1924.300048828125,1924.300048828125,1898.199951171875,1901.0999755859375,899,0.0,0.0,-0.012285488081525436,0.1327952572038657,GC=F,0.3214051180337929,market_volatile,1.0,4.67448343945555,-0.03789646427797347
2020-10-23 00:00:00-04:00,1899.9000244140625,1913.300048828125,1896.199951171875,1902.0,287,0.0,0.0,0.000473310949826521,0.13220371300559933,GC=F,0.01238245975139076,market_normal,0.996,4.772227611708509,0.05980292739972419
2020-10-26 00:00:00-04:00,1895.5,1907.0,1893.5,1902.699951171875,242,0.0,0.0,0.0003679402784737119,0.13007553110067402,GC=F,0.009625819328257932,market_normal,0.996,5.065460128467414,0.34578113853004644
2020-10-27 00:00:00-04:00,1904.5999755859375,1908.800048828125,1904.4000244140625,1908.800048828125,176,0.0,0.0,0.003200893540376839,0.12786389100428944,GC=F,0.08373973905892093,market_normal,0.996,5.163204300720373,0.43569954229258473
2020-10-28 00:00:00-04:00,1870.9000244140625,1876.199951171875,1870.9000244140625,1876.199951171875,277,0.0,0.0,-0.017226369257346583,0.13641360834130353,GC=F,0.4506653059048606,market_volatile,1.0,5.2609484729733325,0.5214586191589823
2020-10-29 00:00:00-04:00,1876.0999755859375,1879.800048828125,1858.800048828125,1865.5999755859375,240,0.0,0.0,-0.0056657245971064325,0.13719975734676326,GC=F,0.14822308001082296,market_elevated,1.0,5.3586926452262915,0.6022396856091197
2020-10-30 00:00:00-04:00,1862.800048828125,1886.5999755859375,1862.800048828125,1877.4000244140625,725,0.0,0.0,0.006305149837346229,0.13310727004817902,GC=F,0.16495131607676364,market_elevated,1.0,5.456436817479251,0.6772715797991786
2020-11-02 00:00:00-05:00,1872.9000244140625,1894.699951171875,1872.9000244140625,1890.4000244140625,190,0.0,0.0,0.006900605880378817,0.13501404217910162,GC=F,0.1805292579969239,market_elevated,1.0,5.749669334238128,0.8610242995948559
2020-11-03 00:00:00-05:00,1891.5,1908.5,1891.5,1908.5,712,0.0,0.0,0.009529133397826345,0.13733824689646615,GC=F,0.2492951215421187,market_elevated,1.0,5.847413506491087,0.9065445273932276
2020-11-04 00:00:00-05:00,1893.800048828125,1907.0,1885.300048828125,1894.5999755859375,782,0.0,0.0,-0.00730987162998074,0.13813139457377224,GC=F,0.19123620799232546,market_elevated,1.0,5.945157678744046,0.9434105917846435
2020-11-05 00:00:00-05:00,1901.699951171875,1948.0,1901.699951171875,1945.300048828125,135,0.0,0.0,0.026408510349030297,0.16178312601700473,GC=F,0.65,market_extreme,1.009,6.042901850997033,0.9712705575516183
2020-11-06 00:00:00-05:00,1940.800048828125,1958.800048828125,1940.800048828125,1950.300048828125,304,0.0,0.0,0.0025670000104109966,0.16177608767974938,GC=F,0.06715622007558461,market_normal,0.996,6.140646023249992,0.9898584645686547
2020-11-09 00:00:00-05:00,1955.5999755859375,1963.199951171875,1847.0999755859375,1853.199951171875,745,0.0,0.0,-0.051069383720258016,0.2357827216799906,GC=F,0.65,market_extreme,1.009,0.1506932328293118,0.9886672449372411
2020-11-10 00:00:00-05:00,1879.300048828125,1885.300048828125,1871.199951171875,1875.4000244140625,276,0.0,0.0,0.011908134809094027,0.24025337297787092,GC=F,0.31153304195008913,market_volatile,1.0,0.24843740508227086,0.969297830824795
2020-11-11 00:00:00-05:00,1878.800048828125,1878.800048828125,1855.5,1860.699951171875,222,0.0,0.0,-0.007869248251789697,0.23393885686856988,GC=F,0.20587026306321923,market_elevated,1.0,0.3461815773352299,0.9406751902414039
2020-11-12 00:00:00-05:00,1869.0,1878.5,1866.5999755859375,1872.5999755859375,220,0.0,0.0,0.006375091715476151,0.2337898303703198,GC=F,0.16678109096618435,market_elevated,1.0,0.443925749588189,0.9030725640497747
2020-11-13 00:00:00-05:00,1877.0,1890.0999755859375,1876.800048828125,1885.699951171875,240,0.0,0.0,0.006971252371710459,0.2352553147218705,GC=F,0.182377466528359,market_elevated,1.0,0.541669921841148,0.8568489189214383
2020-11-16 00:00:00-05:00,1874.5999755859375,1887.300048828125,1871.0,1887.300048828125,6,0.0,0.0,0.0008481832770622549,0.23527597713377826,GC=F,0.022189630926298082,market_normal,0.996,0.8349024386000252,0.6712500013909974
2020-11-17 00:00:00-05:00,1888.4000244140625,1888.4000244140625,1884.5,1884.5,59,0.0,0.0,-0.001484728408849857,0.2349976650243901,GC=F,0.03884251942843951,market_normal,0.996,0.9326466108529843,0.595710314951075
2020-11-18 00:00:00-05:00,1873.5,1873.5,1873.5,1873.5,152,0.0,0.0,-0.005854194473448053,0.23548294609770543,GC=F,0.15315370893247598,market_elevated,1.0,1.0303907831059718,0.5144837877073786
2020-11-19 00:00:00-05:00,1865.800048828125,1865.800048828125,1856.0,1861.0999755859375,59,0.0,0.0,-0.006640641601906184,0.23424287999662505,GC=F,0.17372823804129736,market_elevated,1.0,1.1281349553589308,0.42834583401468984
2020-11-20 00:00:00-05:00,1871.199951171875,1872.5999755859375,1871.199951171875,1872.5999755859375,1900,0.0,0.0,0.006160128835431433,0.23234583864477099,GC=F,0.16115736894755717,market_elevated,1.0,1.2258791276118615,0.3381187542722449
2020-11-23 00:00:00-05:00,1834.800048828125,1837.800048828125,1829.199951171875,1837.800048828125,843,0.0,0.0,-0.018758595831691597,0.24050988070833673,GC=F,0.49075044210082736,market_volatile,1.0,1.5191116443707386,0.05166167456029212
2020-11-24 00:00:00-05:00,1829.300048828125,1829.300048828125,1799.300048828125,1804.800048828125,1041,0.0,0.0,-0.01811942127724579,0.24700854613821668,GC=F,0.47402876431703805,market_volatile,1.0,1.6168558166236977,-0.04604320586786063
2020-11-25 00:00:00-05:00,1801.4000244140625,1805.699951171875,1801.4000244140625,1805.699951171875,205754,0.0,0.0,0.0004984918223985983,0.2463971849079804,GC=F,0.013041225709040651,market_normal,0.996,1.7145999888766568,-0.14330854315685138
2020-11-27 00:00:00-05:00,1806.0999755859375,1817.0,1770.699951171875,1781.9000244140625,71804,0.0,0.0,-0.013268076746218986,0.2438135049848119,GC=F,0.3471109771464969,market_volatile,1.0,1.9100883333826033,-0.33281954452299517
2020-11-30 00:00:00-05:00,1785.0,1787.199951171875,1762.300048828125,1775.699951171875,3145,0.0,0.0,-0.0034855405676794873,0.243568673951839,GC=F,0.09118649337597175,market_normal,0.996,2.2033208501414805,-0.5911827627118865
2020-12-01 00:00:00-05:00,1775.0,1815.9000244140625,1774.9000244140625,1814.0999755859375,1859,0.0,0.0,0.02139477962249914,0.2556363555504322,GC=F,0.5597166041955504,market_extreme,1.009,2.3010650223944396,-0.6670698360109889
2020-12-02 00:00:00-05:00,1811.300048828125,1830.0,1807.800048828125,1825.699951171875,771,0.0,0.0,0.0063739848852561315,0.25542126503681434,GC=F,0.16675213477859555,market_elevated,1.0,2.3988091946474555,-0.7365888477420011
2020-12-03 00:00:00-05:00,1829.199951171875,1842.0,1825.300048828125,1836.800048828125,1765,0.0,0.0,0.006061505333917496,0.2537847666497057,GC=F,0.1585772436863834,market_elevated,1.0,2.4965533669004145,-0.7990761472299654
2020-12-04 00:00:00-05:00,1840.699951171875,1847.5999755859375,1828.199951171875,1835.9000244140625,1213,0.0,0.0,-0.0004901159441992974,0.2530255590978319,GC=F,0.012822101315820065,market_normal,0.996,2.5942975391533736,-0.8539352107694833
2020-12-07 00:00:00-05:00,1836.5,1866.9000244140625,1820.800048828125,1861.800048828125,1427,0.0,0.0,0.014008950144385123,0.23905393563513036,GC=F,0.3664932353364473,market_volatile,1.0,2.8875300559122223,-0.9678993259318005
2020-12-08 00:00:00-05:00,1863.0,1875.800048828125,1861.800048828125,1870.800048828125,121,0.0,0.0,0.00482238504317269,0.2397341478312764,GC=F,0.12616016748541475,market_elevated,1.0,2.9852742281651814,-0.9878071334820232
2020-12-09 00:00:00-05:00,1867.0999755859375,1867.0999755859375,1827.0,1834.5999755859375,215,0.0,0.0,-0.019539712183873674,0.17435437472716875,GC=F,0.5111855108343794,market_extreme,1.009,3.0830184004181405,-0.9982850188503851
2020-12-10 00:00:00-05:00,1833.199951171875,1849.0999755859375,1828.0,1833.5999755859375,177,0.0,0.0,-0.0005452265623923936,0.16844188710243682,GC=F,0.014263870224611197,market_normal,0.996,3.1807625726710995,-0.9992329567988565
2020-12-11 00:00:00-05:00,1838.5,1846.0,1829.0999755859375,1839.800048828125,109,0.0,0.0,0.0033756623773700503,0.16722525325682003,GC=F,0.08831193011146048,market_normal,0.996,3.2785067449240586,-0.9906418980092209
2020-12-14 00:00:00-05:00,1835.5,1835.699951171875,1822.699951171875,1828.699951171875,258,0.0,0.0,-0.0060515914033823295,0.16629051578816917,GC=F,0.15831788174710273,market_elevated,1.0,3.571739261682964,-0.9089046232730368
2020-12-15 00:00:00-05:00,1833.5,1853.5999755859375,1833.199951171875,1852.300048828125,961,0.0,0.0,0.012822831309901658,0.17104965304418315,GC=F,0.33546274949254035,market_volatile,1.0,3.6694834339359232,-0.8638714313525114
2020-12-16 00:00:00-05:00,1856.5,1864.699951171875,1850.5,1856.0999755859375,1090,0.0,0.0,0.0020493625621477644,0.17125049343618315,GC=F,0.05361411869111134,market_normal,0.996,3.7672276061888823,-0.81059144702012
2020-12-17 00:00:00-05:00,1874.199951171875,1896.199951171875,1874.199951171875,1887.199951171875,414,0.0,0.0,0.01661672416851431,0.18150347150265023,GC=F,0.43471615920148193,market_volatile,1.0,3.8649717784418414,-0.7495732980120623
2020-12-18 00:00:00-05:00,1882.4000244140625,1889.5,1882.300048828125,1885.699951171875,276,0.0,0.0,-0.0007951443811694825,0.18026537805384685,GC=F,0.020802061097433624,market_normal,0.996,3.9627159506948004,-0.6813994830543791
2020-12-21 00:00:00-05:00,1884.800048828125,1908.0,1869.0999755859375,1879.199951171875,136,0.0,0.0,-0.003452950477738774,0.1790510344385389,GC=F,0.09033389219036006,market_normal,0.996,4.255948467453706,-0.44075581402573144
2020-12-22 00:00:00-05:00,1882.199951171875,1882.199951171875,1861.0,1866.5999755859375,233,0.0,0.0,-0.006727547309021927,0.17944758756330084,GC=F,0.176001809825177,market_elevated,1.0,4.353692639706665,-0.35105384365223785
2020-12-23 00:00:00-05:00,1867.0,1878.800048828125,1864.5,1874.699951171875,82,0.0,0.0,0.004330039505094346,0.16665231063193547,GC=F,0.11327973695392925,market_elevated,1.0,4.451436811959624,-0.2580006012388123
2020-12-24 00:00:00-05:00,1877.300048828125,1879.9000244140625,1875.699951171875,1879.9000244140625,46,0.0,0.0,0.002769976349498633,0.15156773405260723,GC=F,0.07246635784053279,market_normal,0.996,4.549180984212583,-0.1624844027380185
2020-12-28 00:00:00-05:00,1895.5,1895.800048828125,1873.699951171875,1877.199951171875,75,0.0,0.0,-0.0014373179976945852,0.15194779838387057,GC=F,0.03760219843408641,market_normal,0.996,4.940157673224448,0.22580440901986196
2020-12-29 00:00:00-05:00,1881.300048828125,1881.300048828125,1879.699951171875,1879.699951171875,343,0.0,0.0,0.0013308847368819284,0.14171852600268123,GC=F,0.03481775922196795,market_normal,0.996,5.037901845477407,0.31979476081937047
2020-12-30 00:00:00-05:00,1879.9000244140625,1895.800048828125,1877.300048828125,1891.0,444,0.0,0.0,0.005993626012460182,0.14043503481159567,GC=F,0.15680142809157208,market_elevated,1.0,5.135646017730366,0.4107322497608601
2020-12-31 00:00:00-05:00,1897.0,1901.300048828125,1892.699951171875,1893.0999755859375,127,0.0,0.0,0.001109894461065988,0.12350921803802872,GC=F,0.029036352312318856,market_normal,0.996,5.233390189983325,0.49774875754971054
2021-01-04 00:00:00-05:00,1912.199951171875,1945.0999755859375,1912.199951171875,1944.699951171875,154,0.0,0.0,0.026892014283005597,0.15017513309608096,GC=F,0.65,market_extreme,1.009,5.62436687899519,0.790716121462026
2021-01-05 00:00:00-05:00,1941.699951171875,1952.699951171875,1941.300048828125,1952.699951171875,113,0.0,0.0,0.0041053068384807835,0.14982626333012597,GC=F,0.10740042399870375,market_elevated,1.0,5.722111051248149,0.8466839923222711
2021-01-06 00:00:00-05:00,1952.0,1959.9000244140625,1901.5,1906.9000244140625,331,0.0,0.0,-0.02373410559741736,0.1758553265212773,GC=F,0.6209165610958179,market_extreme,1.009,5.819855223501108,0.8945691475494736
2021-01-07 00:00:00-05:00,1922.5999755859375,1926.699951171875,1912.0,1912.300048828125,122,0.0,0.0,0.002827831959051613,0.1702562563752028,GC=F,0.07397993946577203,market_normal,0.996,5.917599395754067,0.9339144601679787
2021-01-08 00:00:00-05:00,1908.0,1908.0,1834.0999755859375,1834.0999755859375,60,0.0,0.0,-0.04175284695685227,0.22550830304916877,GC=F,0.65,market_extreme,1.009,6.015343568007026,0.9643443272653984
2021-01-11 00:00:00-05:00,1826.5,1849.5999755859375,1826.5,1849.5999755859375,20,0.0,0.0,0.008415501632621867,0.21709763342480023,GC=F,0.22016099625816138,market_elevated,1.0,0.025390777586316915,0.9996776715242107
2021-01-12 00:00:00-05:00,1849.0,1859.699951171875,1839.4000244140625,1842.9000244140625,176,0.0,0.0,-0.003628955192789631,0.217527003491619,GC=F,0.0949384154978623,market_normal,0.996,0.12313494983927598,0.9924284660903783
2021-01-13 00:00:00-05:00,1858.0,1858.5999755859375,1853.5999755859375,1853.5999755859375,189,0.0,0.0,0.005789249861382061,0.21812511324543912,GC=F,0.15145466933647345,market_elevated,1.0,0.22087912209223504,0.9757052217585811
2021-01-14 00:00:00-05:00,1836.699951171875,1850.699951171875,1836.699951171875,1850.300048828125,149,0.0,0.0,-0.001781866470034287,0.21704356720776496,GC=F,0.04661605622189641,market_normal,0.996,0.3186232943451941,0.9496675839568911
2021-01-15 00:00:00-05:00,1829.4000244140625,1829.4000244140625,1825.0,1829.300048828125,31,0.0,0.0,-0.011414407787474065,0.21602512276771632,GC=F,0.2986164699256642,market_elevated,1.0,0.41636746659815316,0.9145641162863868
2021-01-19 00:00:00-05:00,1802.0,1842.9000244140625,1802.0,1839.5,13,0.0,0.0,0.005560388855331254,0.2169072330360976,GC=F,0.14546735339306333,market_elevated,1.0,0.8073441556099894,0.6914195930287893
2021-01-20 00:00:00-05:00,1847.800048828125,1866.5999755859375,1844.4000244140625,1865.9000244140625,16,0.0,0.0,0.014249727942710165,0.21470748262866254,GC=F,0.37279231081289904,market_volatile,1.0,0.9050883278629485,0.6176161142706529
2021-01-21 00:00:00-05:00,1865.300048828125,1868.0,1865.300048828125,1865.300048828125,6,0.0,0.0,-0.0003215992599331132,0.2147066729116465,GC=F,0.008413475102696,market_normal,0.996,1.0028325001159075,0.5379166749566278
2021-01-22 00:00:00-05:00,1854.9000244140625,1855.699951171875,1852.699951171875,1855.699951171875,8,0.0,0.0,-0.0051599671898233754,0.2150817896450854,GC=F,0.1349917766954326,market_elevated,1.0,1.100576672368895,0.45308211137263443
2021-01-25 00:00:00-05:00,1864.699951171875,1864.699951171875,1851.800048828125,1854.9000244140625,26,0.0,0.0,-0.00043115764322087933,0.21392414307566146,GC=F,0.011279671779501028,market_normal,0.996,1.3938091891278006,0.17606457975135315
2021-01-26 00:00:00-05:00,1855.800048828125,1855.800048828125,1850.699951171875,1850.699951171875,59,0.0,0.0,-0.002266879894457694,0.21334516429075043,GC=F,0.05930466866369233,market_normal,0.996,1.4915533613807597,0.07916005777472365
2021-01-27 00:00:00-05:00,1844.9000244140625,1844.9000244140625,1844.9000244140625,1844.9000244140625,195540,0.0,0.0,-0.003138830803113128,0.21314622314376977,GC=F,0.08211609323684411,market_normal,0.996,1.5892975336337187,-0.018500151379519075
2021-01-28 00:00:00-05:00,1843.4000244140625,1862.9000244140625,1831.5,1837.9000244140625,27283,0.0,0.0,-0.0038014599418898284,0.2133792305255761,GC=F,0.09945137492430248,market_normal,0.996,1.6870417058866778,-0.11598375218386403
2021-01-29 00:00:00-05:00,1842.0,1876.0,1838.699951171875,1847.300048828125,1634,0.0,0.0,0.005101511241647846,0.21429769250211733,GC=F,0.13346248939333624,market_elevated,1.0,1.7847858781396368,-0.2123601350704777
2021-02-01 00:00:00-05:00,1866.5999755859375,1871.9000244140625,1850.0,1860.800048828125,1494,0.0,0.0,0.007281389008044573,0.2148598900948693,GC=F,0.19049106376976324,market_elevated,1.0,2.078018394898514,-0.4857509415882417
2021-02-02 00:00:00-05:00,1859.5999755859375,1861.300048828125,1827.5999755859375,1830.5,1293,0.0,0.0,-0.01641737544450263,0.2214100204890934,GC=F,0.4295009247927482,market_volatile,1.0,2.175762567151473,-0.5687343085572613
2021-02-03 00:00:00-05:00,1834.800048828125,1842.4000244140625,1829.800048828125,1832.199951171875,1195,0.0,0.0,0.0009282503708198232,0.19613522049573828,GC=F,0.024284295261081168,market_normal,0.996,2.273506739404432,-0.6462883562896963
2021-02-04 00:00:00-05:00,1832.199951171875,1832.199951171875,1782.800048828125,1788.9000244140625,2375,0.0,0.0,-0.023916484486413037,0.20733770311368221,GC=F,0.6256878414841547,market_extreme,1.009,2.371250911657391,-0.7176727290923992
2021-02-05 00:00:00-05:00,1794.300048828125,1813.5,1790.9000244140625,1810.9000244140625,1278,0.0,0.0,0.012223053284327792,0.20193640362527823,GC=F,0.3197717386165843,market_volatile,1.0,2.4689950839103787,-0.7822059689583398
2021-02-08 00:00:00-05:00,1816.300048828125,1836.699951171875,1809.0,1831.9000244140625,254,0.0,0.0,0.011529720189568878,0.20699393307943798,GC=F,0.3016331995793909,market_volatile,1.0,2.762227600669256,-0.9288999632302655
2021-02-09 00:00:00-05:00,1841.9000244140625,1843.300048828125,1830.699951171875,1835.300048828125,184,0.0,0.0,0.0018542895508146806,0.14842826742203105,GC=F,0.048510742755482054,market_normal,0.996,2.859971772922215,-0.9606062365106167
2021-02-10 00:00:00-05:00,1842.5999755859375,1851.0999755859375,1837.0,1840.5999755859375,543,0.0,0.0,0.0028836096711605716,0.14570299488061503,GC=F,0.07543916046090637,market_normal,0.996,2.957715945175174,-0.9831422560535058
2021-02-11 00:00:00-05:00,1840.5,1845.0,1820.9000244140625,1824.9000244140625,602,0.0,0.0,-0.008566387767498658,0.14813685446430133,GC=F,0.2241083832620741,market_elevated,1.0,3.055460117428133,-0.9962928858233899
2021-02-12 00:00:00-05:00,1825.0,1827.5,1809.199951171875,1821.5999755859375,259,0.0,0.0,-0.0018099820260786762,0.14642184488368815,GC=F,0.04735159750027845,market_normal,0.996,3.153204289681092,-0.999932585711103
2021-02-16 00:00:00-05:00,1820.9000244140625,1823.4000244140625,1787.300048828125,1797.199951171875,1141,0.0,0.0,-0.01348535131998669,0.15285275764025197,GC=F,0.3527951762246405,market_volatile,1.0,3.544180978692957,-0.9200499685686434
2021-02-17 00:00:00-05:00,1785.800048828125,1789.699951171875,1768.800048828125,1771.0999755859375,614,0.0,0.0,-0.014629062349107949,0.15588560465009046,GC=F,0.38271621606220685,market_volatile,1.0,3.641925150945916,-0.8774231056589197
2021-02-18 00:00:00-05:00,1776.0999755859375,1784.5999755859375,1766.0,1773.4000244140625,587,0.0,0.0,0.0012978130348198413,0.15412881753595417,GC=F,0.03395255840663952,market_normal,0.996,3.739669323198875,-0.8264200817290137
2021-02-19 00:00:00-05:00,1764.300048828125,1787.5999755859375,1764.300048828125,1775.800048828125,118,0.0,0.0,0.0013524313819186311,0.14336690745530137,GC=F,0.03538144883244974,market_normal,0.996,3.837413495451834,-0.7675277879243692
2021-02-22 00:00:00-05:00,1784.0,1807.800048828125,1784.0,1806.699951171875,165,0.0,0.0,0.017250896659106188,0.15862161323599844,GC=F,0.45130697617512544,market_volatile,1.0,4.13064601221074,-0.5494810314000159
2021-02-23 00:00:00-05:00,1809.5999755859375,1811.300048828125,1796.4000244140625,1804.4000244140625,569,0.0,0.0,-0.0012738096892075683,0.15806826520813702,GC=F,0.033324598159677914,market_normal,0.996,4.228390184463699,-0.4653223857631576
2021-02-24 00:00:00-05:00,1805.800048828125,1805.800048828125,1796.4000244140625,1796.4000244140625,1500,0.0,0.0,-0.004443464260402694,0.15838995485615223,GC=F,0.11624708319413717,market_elevated,1.0,4.326134356716658,-0.37672162411144855
2021-02-25 00:00:00-05:00,1801.5,1802.0,1766.699951171875,1774.4000244140625,1049,0.0,0.0,-0.012322324448977169,0.16275274739045445,GC=F,0.32236880762839387,market_volatile,1.0,4.423878528969617,-0.2845245575949702
2021-02-26 00:00:00-05:00,1768.0999755859375,1768.199951171875,1718.800048828125,1728.0999755859375,1593,0.0,0.0,-0.02643982642289971,0.18349266482921484,GC=F,0.65,market_extreme,1.009,4.521622701222576,-0.18961132883790233
2021-03-01 00:00:00-05:00,1737.0999755859375,1747.0,1720.300048828125,1722.5,407,0.0,0.0,-0.0032458010444414774,0.18347654511846576,GC=F,0.084914580591363,market_normal,0.996,4.814855217981481,0.10228702723098113
2021-03-02 00:00:00-05:00,1709.4000244140625,1733.0999755859375,1708.699951171875,1733.0999755859375,867,0.0,0.0,0.006134974480583479,0.1840916605600532,GC=F,0.16049929672972413,market_elevated,1.0,4.9125993902344405,0.19887554205715421
2021-03-03 00:00:00-05:00,1730.0,1732.4000244140625,1703.5,1715.300048828125,501,0.0,0.0,-0.01032367748638774,0.18174295230989995,GC=F,0.27008147816649625,market_elevated,1.0,5.0103435624873995,0.2935655274822856
2021-03-04 00:00:00-05:00,1706.5,1717.4000244140625,1700.199951171875,1700.199951171875,521,0.0,0.0,-0.008842158417799017,0.17698932319984267,GC=F,0.23132291945484676,market_elevated,1.0,5.108087734740359,0.3854530426826105
2021-03-05 00:00:00-05:00,1690.5999755859375,1701.0,1685.0,1698.0,302,0.0,0.0,-0.0012947745929176705,0.17645264303142402,GC=F,0.03387306862391981,market_normal,0.996,5.205831906993318,0.473660900109615
2021-03-08 00:00:00-05:00,1704.699951171875,1705.4000244140625,1673.699951171875,1677.699951171875,1290,0.0,0.0,-0.012027309199143453,0.16355871317635173,GC=F,0.3146508064740758,market_volatile,1.0,5.499064423752195,0.7080093774667464
2021-03-09 00:00:00-05:00,1686.199951171875,1717.5,1685.199951171875,1716.5999755859375,335,0.0,0.0,0.022921797389633937,0.1795672163136561,GC=F,0.5996654708933005,market_extreme,1.009,5.596808596005154,0.7735473054712373
2021-03-10 00:00:00-05:00,1713.5999755859375,1722.9000244140625,1711.0,1721.5,412,0.0,0.0,0.002850427716795303,0.17340588718292416,GC=F,0.07457107529501064,market_normal,0.996,5.694552768258113,0.8317007039989378
2021-03-11 00:00:00-05:00,1725.5999755859375,1737.5,1720.199951171875,1722.300048828125,18,0.0,0.0,0.00046463141365605257,0.17298608585828099,GC=F,0.01215539125164243,market_normal,0.996,5.792296940511072,0.8819144221462561
2021-03-12 00:00:00-05:00,1715.9000244140625,1722.5,1699.0,1719.5,80,0.0,0.0,-0.0016270843199136934,0.17174572082691536,GC=F,0.04256674414744631,market_normal,0.996,5.890041112764031,0.9237091037326777
2021-03-15 00:00:00-04:00,1729.5,1731.9000244140625,1722.800048828125,1728.9000244140625,147,0.0,0.0,0.005451831359562948,0.17312835311941827,GC=F,0.14262734129836002,market_elevated,1.0,6.183273629522908,0.995012978918382
2021-03-16 00:00:00-04:00,1732.300048828125,1733.9000244140625,1726.0,1730.5999755859375,729,0.0,0.0,0.000982772833472422,0.1735532843586829,GC=F,0.025710677219051833,market_normal,0.996,6.281017801775867,0.9999976509610821
2021-03-17 00:00:00-04:00,1735.300048828125,1750.0999755859375,1725.5999755859375,1726.800048828125,488,0.0,0.0,-0.0021981421073807767,0.16884293683669,GC=F,0.057506394437855046,market_normal,0.996,0.09557666684926858,0.9954360262511268
2021-03-18 00:00:00-04:00,1745.800048828125,1750.300048828125,1721.800048828125,1732.199951171875,138,0.0,0.0,0.003122235750465632,0.16308399497545967,GC=F,0.08168194403417904,market_normal,0.996,0.19332083910222764,0.9813716515139672
2021-03-19 00:00:00-04:00,1742.199951171875,1742.199951171875,1733.5999755859375,1741.4000244140625,13,0.0,0.0,0.0052971527058642155,0.16439497400663,GC=F,0.13858073683141106,market_elevated,1.0,0.2910650113552151,0.9579387897598658
2021-03-22 00:00:00-04:00,1737.800048828125,1737.800048828125,1737.800048828125,1737.800048828125,51,0.0,0.0,-0.002069427911533476,0.1642401423220957,GC=F,0.054139055587790426,market_normal,0.996,0.5842975281140923,0.8340997846920487
2021-03-23 00:00:00-04:00,1724.699951171875,1724.699951171875,1724.699951171875,1724.699951171875,6,0.0,0.0,-0.007566879516500325,0.15143592073955536,GC=F,0.1979598847037668,market_elevated,1.0,0.6820417003670514,0.7762872920238447
2021-03-24 00:00:00-04:00,1727.5,1732.9000244140625,1727.5,1732.9000244140625,26,0.0,0.0,0.004743225748486408,0.153328174535997,GC=F,0.124089252412014,market_elevated,1.0,0.7797858726200104,0.7110641130926776
2021-03-25 00:00:00-04:00,1732.699951171875,1733.199951171875,1724.5,1724.9000244140625,15,0.0,0.0,-0.004627227810274516,0.15336751755100933,GC=F,0.1210545881988165,market_elevated,1.0,0.8775300448729695,0.6390528891823842
2021-03-26 00:00:00-04:00,1721.300048828125,1732.199951171875,1721.300048828125,1732.199951171875,33,0.0,0.0,0.004223156783957694,0.14991761281459215,GC=F,0.11048353924694869,market_elevated,1.0,0.9752742171259285,0.5609410624207622
2021-03-29 00:00:00-04:00,1712.0999755859375,1712.0999755859375,1712.0999755859375,1712.0999755859375,135457,0.0,0.0,-0.011671575757386563,0.12521673105057668,GC=F,0.30534433463691907,market_volatile,1.0,1.2685067338848057,0.2977067618095591
2021-03-30 00:00:00-04:00,1711.0,1712.5999755859375,1676.5,1683.9000244140625,25316,0.0,0.0,-0.01660812683626846,0.13698780257859314,GC=F,0.4344912412684771,market_volatile,1.0,1.3662509061377648,0.20312207798833457
2021-03-31 00:00:00-04:00,1683.699951171875,1713.800048828125,1676.5,1713.800048828125,762,0.0,0.0,0.017600609611377438,0.1497585433398286,GC=F,0.460455943799107,market_volatile,1.0,1.4639950783907238,0.10659832597867135
2021-04-01 00:00:00-04:00,1706.800048828125,1728.800048828125,1706.4000244140625,1726.5,720,0.0,0.0,0.0073830821038836664,0.1477206469988889,GC=F,0.19315149380351468,market_elevated,1.0,1.561739250643683,0.009056952325446883
2021-04-05 00:00:00-04:00,1727.9000244140625,1729.699951171875,1721.9000244140625,1727.0,275,0.0,0.0,0.00028956131663167214,0.1439304697492057,GC=F,0.007575318825954808,market_normal,0.996,1.9527159396555192,-0.3727024614910869
2021-04-06 00:00:00-04:00,1726.9000244140625,1744.800048828125,1726.9000244140625,1741.5,890,0.0,0.0,0.008361011659377205,0.14607710113534217,GC=F,0.21873546426739784,market_elevated,1.0,2.050460111908535,-0.4614809285500733
2021-04-07 00:00:00-04:00,1742.699951171875,1742.699951171875,1733.699951171875,1740.0999755859375,557,0.0,0.0,-0.000804242014787378,0.13823079419314752,GC=F,0.021040067596433443,market_normal,0.996,2.148204284161494,-0.5458539513708183
2021-04-08 00:00:00-04:00,1736.0,1758.0,1734.5999755859375,1756.800048828125,1298,0.0,0.0,0.009551431317729613,0.11880976863601375,GC=F,0.24987846552738494,market_elevated,1.0,2.245948456414453,-0.6250160781475718
2021-04-09 00:00:00-04:00,1750.800048828125,1750.800048828125,1733.300048828125,1743.300048828125,484,0.0,0.0,-0.007714103350808669,0.1224323369327479,GC=F,0.20181146093169194,market_elevated,1.0,2.3436926286674122,-0.6982116019513669
2021-04-12 00:00:00-04:00,1740.800048828125,1740.800048828125,1726.699951171875,1731.199951171875,40,0.0,0.0,-0.0069651153108131235,0.12520899395342766,GC=F,0.18221691264812245,market_elevated,1.0,2.636925145426261,-0.8753352880719395
2021-04-13 00:00:00-04:00,1733.800048828125,1746.9000244140625,1722.0999755859375,1746.199951171875,367,0.0,0.0,0.008627188966826281,0.12827790179920978,GC=F,0.22569902553178395,market_elevated,1.0,2.73466931767922,-0.9183428672208126
2021-04-14 00:00:00-04:00,1741.300048828125,1745.9000244140625,1732.699951171875,1734.9000244140625,1037,0.0,0.0,-0.006492181509603616,0.12941034540496807,GC=F,0.16984431961875066,market_elevated,1.0,2.832413489932236,-0.9525836522449908
2021-04-15 00:00:00-04:00,1740.0999755859375,1767.9000244140625,1740.0999755859375,1765.4000244140625,368,0.0,0.0,0.01742751851072938,0.14258715370259648,GC=F,0.4559276446167532,market_volatile,1.0,2.930157662185195,-0.9777307696817109
2021-04-16 00:00:00-04:00,1770.4000244140625,1779.5,1770.0999755859375,1779.0,625,0.0,0.0,0.007674101250506838,0.14393720195735496,GC=F,0.20076495144962722,market_elevated,1.0,3.027901834438154,-0.9935441571215551
2021-04-19 00:00:00-04:00,1782.0999755859375,1788.5,1769.4000244140625,1769.4000244140625,144,0.0,0.0,-0.005410888818616735,0.1456888930818406,GC=F,0.14155622860685782,market_elevated,1.0,3.3211343511970313,-0.9839256391433296
2021-04-20 00:00:00-04:00,1769.300048828125,1777.300048828125,1765.5,1777.300048828125,1464,0.0,0.0,0.004454866391931009,0.14540566753492828,GC=F,0.116545378500386,market_elevated,1.0,3.4188785234499903,-0.96180196277852
2021-04-21 00:00:00-04:00,1783.0,1794.0999755859375,1777.699951171875,1792.300048828125,250,0.0,0.0,0.00840435224167868,0.14716158591734452,GC=F,0.21986931299020163,market_elevated,1.0,3.5166226957029494,-0.9304966178916463
2021-04-22 00:00:00-04:00,1794.199951171875,1794.199951171875,1779.5,1781.199951171875,159,0.0,0.0,-0.006212471446331363,0.14618512600558842,GC=F,0.16252672301170598,market_elevated,1.0,3.6143668679559084,-0.8903084552969548
2021-04-23 00:00:00-04:00,1786.0999755859375,1794.5,1772.0,1777.0,332,0.0,0.0,-0.002360717879845413,0.14629197385380824,GC=F,0.06175959829851465,market_normal,0.996,3.7121110402088675,-0.8416211240217247
2021-04-26 00:00:00-04:00,1778.0,1779.699951171875,1770.800048828125,1779.199951171875,549,0.0,0.0,0.001237248457746213,0.1447527612532209,GC=F,0.032368106497700846,market_normal,0.996,4.005343556967745,-0.6495902909443941
2021-04-27 00:00:00-04:00,1780.0,1782.0,1777.699951171875,1778.0,117,0.0,0.0,-0.0006746605385477973,0.14457575813753537,GC=F,0.01765003950887176,market_normal,0.996,4.103087729220704,-0.5722945921974317
2021-04-28 00:00:00-04:00,1768.199951171875,1774.0,1764.5999755859375,1773.199951171875,756,0.0,0.0,-0.00270334073967916,0.13765419910762827,GC=F,0.07072307943782222,market_normal,0.996,4.200831901473663,-0.48953558660989394
2021-04-29 00:00:00-04:00,1781.0,1789.0,1758.5999755859375,1768.0999755859375,196,0.0,0.0,-0.002880286458205009,0.12201245039679556,GC=F,0.07535222067917802,market_normal,0.996,4.29857607372665,-0.40210331806389166
2021-04-30 00:00:00-04:00,1771.800048828125,1771.800048828125,1763.9000244140625,1767.300048828125,18,0.0,0.0,-0.00045252405155806857,0.1088478827088778,GC=F,0.011838646152191953,market_normal,0.996,4.396320245979609,-0.3108324429014136
2021-05-03 00:00:00-04:00,1788.5,1793.0,1788.5,1791.4000244140625,18,0.0,0.0,0.013544464845169118,0.11498904840242669,GC=F,0.3543416666377664,market_volatile,1.0,4.6895527627384865,-0.022834232877304066
2021-05-04 00:00:00-04:00,1788.199951171875,1788.5,1774.800048828125,1775.800048828125,182,0.0,0.0,-0.00874639757494062,0.12056721944055047,GC=F,0.22881768524700105,market_elevated,1.0,4.787296934991446,0.07483792031855452
2021-05-05 00:00:00-04:00,1781.5,1784.0999755859375,1779.199951171875,1784.0999755859375,57,0.0,0.0,0.004663019601775825,0.11851182672363438,GC=F,0.12199095026239769,market_elevated,1.0,4.885041107244405,0.17179564684048473
2021-05-06 00:00:00-04:00,1788.9000244140625,1815.5,1787.5999755859375,1815.5,13,0.0,0.0,0.017446839157978355,0.13093162122371502,GC=F,0.45643309909022134,market_volatile,1.0,4.982785279497364,0.2671133572844002
2021-05-07 00:00:00-04:00,1842.9000244140625,1842.9000244140625,1831.0999755859375,1831.0999755859375,2,0.0,0.0,0.00855595396027406,0.13025377327144538,GC=F,0.22383542063980702,market_elevated,1.0,5.080529451750323,0.3598811183631511
2021-05-10 00:00:00-04:00,1835.5999755859375,1845.5999755859375,1835.4000244140625,1837.5,13,0.0,0.0,0.003489086272326999,0.12544900359643948,GC=F,0.09127925384370279,market_normal,0.996,5.373761968509257,0.6142009236929101
2021-05-11 00:00:00-04:00,1837.199951171875,1838.0999755859375,1831.5999755859375,1835.9000244140625,420,0.0,0.0,-0.0008711143226879709,0.12136155168120212,GC=F,0.022789538343656175,market_normal,0.996,5.471506140762216,0.6882812627689314
2021-05-12 00:00:00-04:00,1825.199951171875,1825.199951171875,1821.699951171875,1822.5999755859375,3,0.0,0.0,-0.007270798097461572,0.12419947874729483,GC=F,0.19021399110944837,market_elevated,1.0,5.569250313015175,0.7557910492267863
2021-05-13 00:00:00-04:00,1814.699951171875,1826.800048828125,1814.0999755859375,1823.800048828125,100,0.0,0.0,0.00065822360546342,0.1204233711816701,GC=F,0.017220026929555342,market_normal,0.996,5.666994485268134,0.8160858130973547
2021-05-14 00:00:00-04:00,1824.5,1842.9000244140625,1824.5,1837.9000244140625,41,0.0,0.0,0.00770136548279548,0.109310313045908,GC=F,0.20147822093787887,market_elevated,1.0,5.764738657521065,0.8685899613199926
2021-05-17 00:00:00-04:00,1849.9000244140625,1867.5,1847.199951171875,1867.5,13,0.0,0.0,0.01597700925187108,0.11823995728013817,GC=F,0.4179803448058877,market_volatile,1.0,6.057971174279942,0.9747463103084884
2021-05-18 00:00:00-04:00,1870.5,1870.5,1867.800048828125,1867.800048828125,3,0.0,0.0,0.00016065581069687392,0.11519069042052715,GC=F,0.004202975043172406,market_normal,0.996,6.155715346532901,0.9918866993059499
2021-05-19 00:00:00-04:00,1866.4000244140625,1884.9000244140625,1863.5999755859375,1881.300048828125,348,0.0,0.0,0.007201759353874979,0.11614394895921426,GC=F,0.1884078434509991,market_elevated,1.0,6.25345951878586,0.9995582212840906
2021-05-20 00:00:00-04:00,1865.5,1885.0,1864.800048828125,1881.800048828125,85,0.0,0.0,0.00026573834868414716,0.11452500028615802,GC=F,0.00695207750462679,market_normal,0.996,0.06801838385923276,0.9976876414455312
2021-05-21 00:00:00-04:00,1872.0999755859375,1876.699951171875,1872.0999755859375,1876.699951171875,5,0.0,0.0,-0.0027139022410788334,0.11185061996515626,GC=F,0.07099938271380525,market_normal,0.996,0.16576255611219182,0.9862928169424574
2021-05-24 00:00:00-04:00,1882.0999755859375,1884.5999755859375,1882.0999755859375,1884.5999755859375,39,0.0,0.0,0.004200694538999877,0.11056954101211833,GC=F,0.10989589629421753,market_elevated,1.0,0.45899507287112584,0.8964981804948834
2021-05-25 00:00:00-04:00,1882.5,1898.0999755859375,1882.5,1898.0999755859375,56,0.0,0.0,0.007137789140429843,0.11140523512561364,GC=F,0.1867342954513963,market_elevated,1.0,0.5567392451240849,0.8489826717034662
2021-05-26 00:00:00-04:00,1901.300048828125,1901.300048828125,1901.300048828125,1901.300048828125,170526,0.0,0.0,0.001684515438402536,0.1107008068460723,GC=F,0.04406922050770397,market_normal,0.996,0.654483417377044,0.7933625033519471
2021-05-27 00:00:00-04:00,1896.800048828125,1903.9000244140625,1888.199951171875,1895.699951171875,35794,0.0,0.0,-0.002949750706768753,0.11086933528325245,GC=F,0.07716950012795568,market_normal,0.996,0.752227589630003,0.7301686433201064
2021-05-28 00:00:00-04:00,1897.5,1905.4000244140625,1881.9000244140625,1902.5,2415,0.0,0.0,0.0035806730456278716,0.10865565597324622,GC=F,0.09367528870106975,market_normal,0.996,0.8499717618829621,0.6600043603658556
2021-06-01 00:00:00-04:00,1905.0999755859375,1916.199951171875,1892.800048828125,1902.9000244140625,640,0.0,0.0,0.00021024040204428116,0.10837664497937861,GC=F,0.005500175555591283,market_normal,0.996,1.2409484508947983,0.3238991088059852
2021-06-02 00:00:00-04:00,1899.199951171875,1908.800048828125,1896.0,1907.5,1267,0.0,0.0,0.002414433020726898,0.10208075061052671,GC=F,0.0631648596182645,market_normal,0.996,1.3386926231477574,0.2300253231056905
2021-06-03 00:00:00-04:00,1908.800048828125,1908.800048828125,1865.0,1871.199951171875,1021,0.0,0.0,-0.019213573983194728,0.121782756567505,GC=F,0.5026532908534593,market_extreme,1.009,1.4364367954007164,0.13395564225216083
2021-06-04 00:00:00-04:00,1869.300048828125,1895.5,1854.0,1889.800048828125,367,0.0,0.0,0.00989111901082882,0.12427825036920573,GC=F,0.2587651587031616,market_elevated,1.0,1.5341809676536755,0.0366071780820881
2021-06-07 00:00:00-04:00,1890.5,1899.699951171875,1883.199951171875,1896.800048828125,87,0.0,0.0,0.0036972523073180667,0.11233080744515116,GC=F,0.096725161129026,market_normal,0.996,1.8274134844125811,-0.2538099421864147
2021-06-08 00:00:00-04:00,1896.5,1902.9000244140625,1890.0,1892.199951171875,930,0.0,0.0,-0.002428134028169905,0.11079329277254038,GC=F,0.06352329665268916,market_normal,0.996,1.9251576566655402,-0.34699144758121936
2021-06-09 00:00:00-04:00,1894.9000244140625,1897.699951171875,1889.199951171875,1893.199951171875,148,0.0,0.0,0.0005283457753793965,0.11061934716194968,GC=F,0.013822245821379349,market_normal,0.996,2.0229018289184992,-0.4368604618656106
2021-06-10 00:00:00-04:00,1887.699951171875,1899.800048828125,1871.5,1894.199951171875,186,0.0,0.0,0.0005280667735240403,0.11035976530907013,GC=F,0.013814946752456946,market_normal,0.996,2.1206460011714583,-0.5225590667450779
2021-06-11 00:00:00-04:00,1900.9000244140625,1902.300048828125,1875.199951171875,1877.4000244140625,349,0.0,0.0,-0.008908706107218346,0.11212947668609605,GC=F,0.23306389774002043,market_elevated,1.0,2.2183901734244174,-0.60326915598439
2021-06-14 00:00:00-04:00,1866.199951171875,1866.5999755859375,1846.5,1864.0,41,0.0,0.0,-0.007163137661542878,0.1159974454650575,GC=F,0.18739744732344674,market_elevated,1.0,2.5116226901832945,-0.8080452038492569
2021-06-15 00:00:00-04:00,1866.4000244140625,1867.199951171875,1854.4000244140625,1854.5,78,0.0,0.0,-0.005109598315890978,0.11521175788892134,GC=F,0.13367405828131315,market_elevated,1.0,2.6093668624363104,-0.8616797225698657
2021-06-16 00:00:00-04:00,1859.4000244140625,1860.0999755859375,1809.199951171875,1859.5,117,0.0,0.0,0.0026925164354793135,0.10092674614671594,GC=F,0.07043990088228587,market_normal,0.996,2.707111034689241,-0.9070883716301457
2021-06-17 00:00:00-04:00,1811.800048828125,1823.300048828125,1769.5999755859375,1773.800048828125,1135,0.0,0.0,-0.04718346889536021,0.19143727348157444,GC=F,0.65,market_extreme,1.009,2.8048552069422,-0.943837665572816
2021-06-18 00:00:00-04:00,1775.699951171875,1792.4000244140625,1767.9000244140625,1767.9000244140625,354,0.0,0.0,-0.003331750148147224,0.18818957557188876,GC=F,0.08716312632582064,market_normal,0.996,2.902599379195159,-0.9715767839083443
2021-06-21 00:00:00-04:00,1768.800048828125,1785.199951171875,1766.800048828125,1781.800048828125,38,0.0,0.0,0.007831701368745038,0.19161775774585424,GC=F,0.20488798541200268,market_elevated,1.0,3.1958318959540364,-0.998529412873041
2021-06-22 00:00:00-04:00,1783.4000244140625,1786.9000244140625,1775.9000244140625,1776.300048828125,101,0.0,0.0,-0.00309153999585223,0.19162504595116495,GC=F,0.0808789012434337,market_normal,0.996,3.2935760682069954,-0.9884727354748438
2021-06-23 00:00:00-04:00,1780.699951171875,1793.199951171875,1780.5999755859375,1782.300048828125,136,0.0,0.0,0.003372115731426366,0.19127471566303406,GC=F,0.0882191450181382,market_normal,0.996,3.3913202404599545,-0.9689797818457175
2021-06-24 00:00:00-04:00,1778.9000244140625,1786.4000244140625,1775.5999755859375,1775.5999755859375,78,0.0,0.0,-0.0037663122158099844,0.18793930719084762,GC=F,0.09853186249025443,market_normal,0.996,3.4890644127129136,-0.9402366379427144
2021-06-25 00:00:00-04:00,1777.699951171875,1788.0,1775.199951171875,1776.5999755859375,35,0.0,0.0,0.0005630313834598243,0.18761365990496892,GC=F,0.01472966861851901,market_normal,0.996,3.5868085849658726,-0.9025176949916924
2021-06-28 00:00:00-04:00,1779.5999755859375,1779.5999755859375,1779.5999755859375,1779.5999755859375,888,0.0,0.0,0.0016871946194519283,0.18838705895556696,GC=F,0.044139311536704987,market_normal,0.996,3.88004110172475,-0.739513862114326
2021-06-29 00:00:00-04:00,1776.800048828125,1777.0999755859375,1752.0999755859375,1762.800048828125,419,0.0,0.0,-0.009485124546020829,0.18806487295012256,GC=F,0.24814378997798214,market_elevated,1.0,3.977785273977709,-0.6702931202135306
2021-06-30 00:00:00-04:00,1761.0999755859375,1770.800048828125,1759.199951171875,1770.800048828125,51,0.0,0.0,0.004527967765016482,0.1897633703354843,GC=F,0.1184578100854445,market_elevated,1.0,4.075529446230668,-0.5946735462448098
2021-07-01 00:00:00-04:00,1775.699951171875,1781.199951171875,1768.800048828125,1775.9000244140625,44,0.0,0.0,0.0028759009759461445,0.18994897049407267,GC=F,0.07523749048419578,market_normal,0.996,4.173273618483627,-0.5133770287973226
2021-07-02 00:00:00-04:00,1778.699951171875,1787.9000244140625,1778.300048828125,1782.5999755859375,23,0.0,0.0,0.0037656085928761485,0.18237940897946797,GC=F,0.098513454754998,market_normal,0.996,4.271017790736643,-0.42717965037457645
2021-07-06 00:00:00-04:00,1786.699951171875,1809.800048828125,1786.699951171875,1793.5,332,0.0,0.0,0.006096058971480818,0.17963360542233187,GC=F,0.15948121395486928,market_elevated,1.0,4.661994479748479,-0.05037317298445202
2021-07-07 00:00:00-04:00,1798.699951171875,1808.4000244140625,1797.199951171875,1801.5,244,0.0,0.0,0.0044506332158106765,0.17997922175915296,GC=F,0.1164346328416393,market_elevated,1.0,4.759738652001438,0.04733198067390148
2021-07-08 00:00:00-04:00,1797.0,1818.5,1797.0,1799.5999755859375,148,0.0,0.0,-0.001055246787513598,0.1800445974730385,GC=F,0.02760669466649928,market_normal,0.996,4.857482824254426,0.14458528813747493
2021-07-09 00:00:00-04:00,1803.5999755859375,1810.0999755859375,1798.800048828125,1810.0,218,0.0,0.0,0.005762440859237031,0.18201550486306975,GC=F,0.15075330928943154,market_elevated,1.0,4.955226996507385,0.24045833829211372
2021-07-12 00:00:00-04:00,1802.5999755859375,1805.5,1799.5,1805.5,147,0.0,0.0,-0.0024892835423589803,0.1817581318048489,GC=F,0.06512305131406103,market_normal,0.996,5.248459513266262,0.5107616929581621
2021-07-13 00:00:00-04:00,1808.0999755859375,1812.0,1800.5999755859375,1809.4000244140625,78,0.0,0.0,0.0021577503670339305,0.18071548526198797,GC=F,0.056449691440984245,market_normal,0.996,5.346203685519221,0.5922228505464994
2021-07-14 00:00:00-04:00,1813.0999755859375,1829.0,1813.0999755859375,1824.300048828125,707,0.0,0.0,0.008201066475030334,0.18275002702264476,GC=F,0.21455108017839714,market_elevated,1.0,5.44394785777218,0.6680304597794128
2021-07-15 00:00:00-04:00,1831.5999755859375,1833.0,1823.4000244140625,1828.4000244140625,99,0.0,0.0,0.0022449022507048935,0.18245452426389133,GC=F,0.05872970353918126,market_normal,0.996,5.541692030025139,0.737460837023095
2021-07-16 00:00:00-04:00,1830.0999755859375,1831.4000244140625,1814.5,1814.5,78,0.0,0.0,-0.007631333157156481,0.18355531536742128,GC=F,0.19964607981830615,market_elevated,1.0,5.639436202278098,0.7998511777357751
2021-07-19 00:00:00-04:00,1803.300048828125,1813.4000244140625,1803.300048828125,1808.699951171875,33,0.0,0.0,-0.003201619485910015,0.0768302425921077,GC=F,0.08375873078381035,market_normal,0.996,5.932668719036975,0.9391954505717461
2021-07-20 00:00:00-04:00,1812.9000244140625,1824.0,1810.9000244140625,1810.9000244140625,128,0.0,0.0,0.0012156445618103438,0.07525230504723143,GC=F,0.03180291912564199,market_normal,0.996,6.030412891289934,0.9682227922530454
2021-07-21 00:00:00-04:00,1807.0,1807.0,1800.0,1802.9000244140625,135,0.0,0.0,-0.0044274796393197775,0.07348761889889552,GC=F,0.1158289037134533,market_elevated,1.0,6.1281570635428935,0.9880071701247335
2021-07-22 00:00:00-04:00,1793.5999755859375,1805.0,1793.5999755859375,1805.0,2,0.0,0.0,0.0011640986772757504,0.07229172605982262,GC=F,0.03045440850945325,market_normal,0.996,6.2259012357958525,0.9983597162009225
2021-07-23 00:00:00-04:00,1800.0,1801.4000244140625,1800.0,1801.4000244140625,1,0.0,0.0,-0.00199643786451196,0.07224265707390448,GC=F,0.05222953644434508,market_normal,0.996,0.04046010086922536,0.9991816017724708
2021-07-26 00:00:00-04:00,1802.5,1802.5,1797.199951171875,1798.699951171875,17,0.0,0.0,-0.001499999314886413,0.07096864239592336,GC=F,0.0392420271504439,market_normal,0.996,0.33369261762813096,0.9448393294113872
2021-07-27 00:00:00-04:00,1803.699951171875,1803.699951171875,1799.5,1799.5,1,0.0,0.0,0.0004446939315025321,0.07097092893836209,GC=F,0.011633799536089421,market_normal,0.996,0.43143678988109,0.9083658559118578
2021-07-28 00:00:00-04:00,1799.5,1799.5,1799.5,1799.5,209783,0.0,0.0,0.0,0.07088884017777457,GC=F,0.0,market_normal,0.996,0.5291809621340491,0.8632208320220073
2021-07-29 00:00:00-04:00,1806.5999755859375,1832.5999755859375,1806.0999755859375,1831.199951171875,30496,0.0,0.0,0.017462614454720644,0.08329831808329324,GC=F,0.4568458023607653,market_volatile,1.0,0.6269251343870081,0.8098352265491561
2021-07-30 00:00:00-04:00,1828.0,1830.5,1808.9000244140625,1812.5999755859375,3100,0.0,0.0,-0.010209197822209233,0.09239293378091554,GC=F,0.2670865340720005,market_elevated,1.0,0.7246693066399672,0.7487186755226231
2021-08-02 00:00:00-04:00,1812.4000244140625,1818.699951171875,1804.800048828125,1818.0999755859375,1334,0.0,0.0,0.0030297211452917027,0.09243148491743614,GC=F,0.07926163583002306,market_normal,0.996,1.0179018233989012,0.5251526710347773
2021-08-03 00:00:00-04:00,1812.300048828125,1813.5,1806.0,1810.0999755859375,3341,0.0,0.0,-0.004409907432068376,0.09380962092581066,GC=F,0.11536919081411445,market_elevated,1.0,1.1156459956518603,0.43959734544665185
2021-08-04 00:00:00-04:00,1809.300048828125,1831.300048828125,1806.300048828125,1810.5,2860,0.0,0.0,0.00022097134087597074,0.09175969020516699,GC=F,0.005780911545803921,market_normal,0.996,1.2133901679048194,0.34984548328938664
2021-08-05 00:00:00-04:00,1810.800048828125,1813.699951171875,1796.0,1805.0999755859375,588,0.0,0.0,-0.0029870718363273446,0.091289059336879,GC=F,0.0781458717601883,market_normal,0.996,1.3111343401577784,0.2567538844858945
2021-08-06 00:00:00-04:00,1799.800048828125,1800.0999755859375,1758.4000244140625,1760.0,859,0.0,0.0,-0.02530216933717106,0.12685234178537433,GC=F,0.65,market_extreme,1.009,1.4088785124107375,0.16121123115108113
2021-08-09 00:00:00-04:00,1753.5,1753.800048828125,1692.5999755859375,1723.4000244140625,1621,0.0,0.0,-0.021014711060311712,0.14174742925282327,GC=F,0.5497734924298502,market_extreme,1.009,1.7021110291696147,-0.13093763898795233
2021-08-10 00:00:00-04:00,1728.5999755859375,1735.199951171875,1720.0999755859375,1728.800048828125,1363,0.0,0.0,0.0031284564647309984,0.14300052928201493,GC=F,0.08184468640057482,market_normal,0.996,1.7998552014225737,-0.2270610805601678
2021-08-11 00:00:00-04:00,1727.300048828125,1752.199951171875,1727.300048828125,1750.4000244140625,542,0.0,0.0,0.012416792738750166,0.15101119000251992,GC=F,0.32484022688528114,market_volatile,1.0,1.8975993736755328,-0.32101692458460696
2021-08-12 00:00:00-04:00,1749.699951171875,1752.4000244140625,1745.5,1749.0,739,0.0,0.0,-0.0008001511567647293,0.14682748431993087,GC=F,0.020933045173156174,market_normal,0.996,1.9953435459284918,-0.41190823858563724
2021-08-13 00:00:00-04:00,1758.300048828125,1777.300048828125,1757.4000244140625,1775.199951171875,436,0.0,0.0,0.014868869094078072,0.15755441957495817,GC=F,0.3889898874589766,market_volatile,1.0,2.093087718181451,-0.49886734506935815
2021-08-16 00:00:00-04:00,1776.9000244140625,1787.800048828125,1771.9000244140625,1786.9000244140625,219,0.0,0.0,0.006569223434738159,0.158163023619947,GC=F,0.171859841417893,market_elevated,1.0,2.3863202349402997,-0.7280848307481528
2021-08-17 00:00:00-04:00,1787.699951171875,1794.199951171875,1780.0,1785.0,200,0.0,0.0,-0.0010638733336789578,0.15791525076350726,GC=F,0.02783237687546832,market_normal,0.996,2.4840644071932587,-0.7915052904888671
2021-08-18 00:00:00-04:00,1787.800048828125,1791.5,1779.0,1781.5999755859375,263,0.0,0.0,-0.0019065919740294643,0.1578262999920059,GC=F,0.049879045454996274,market_normal,0.996,2.5818085794462178,-0.8473697880960311
2021-08-19 00:00:00-04:00,1780.0,1789.300048828125,1775.5,1780.199951171875,245,0.0,0.0,-0.0007861331433283399,0.15726810726467452,GC=F,0.02056631482974416,market_normal,0.996,2.6795527516992337,-0.8951450232448311
2021-08-20 00:00:00-04:00,1784.0999755859375,1787.5,1778.199951171875,1781.0,235,0.0,0.0,0.0004493141932800512,0.15718636036602296,GC=F,0.01175467188337399,market_normal,0.996,2.7772969239521927,-0.9343749182917092
2021-08-23 00:00:00-04:00,1776.800048828125,1804.800048828125,1776.800048828125,1803.199951171875,32,0.0,0.0,0.012387832917253414,0.16339465444863854,GC=F,0.32408259847160836,market_volatile,1.0,3.07052944071107,-0.9974760723046677
2021-08-24 00:00:00-04:00,1801.0,1805.5999755859375,1801.0,1805.5999755859375,22,0.0,0.0,0.0013300957751090471,0.16335102440147325,GC=F,0.034797118906332594,market_normal,0.996,3.168273612964029,-0.9996440843181014
2021-08-25 00:00:00-04:00,1792.0,1792.9000244140625,1784.0,1788.199951171875,812,0.0,0.0,-0.00968343298654714,0.16687582196917558,GC=F,0.2533318091524342,market_elevated,1.0,3.2660177852170165,-0.9922691748389032
2021-08-26 00:00:00-04:00,1787.4000244140625,1792.199951171875,1781.0,1792.199951171875,61,0.0,0.0,0.0022343882098449877,0.16710577510678837,GC=F,0.058454641895625416,market_normal,0.996,3.3637619574699755,-0.9754217471068699
2021-08-27 00:00:00-04:00,1803.4000244140625,1816.5999755859375,1803.0999755859375,1816.5999755859375,1219,0.0,0.0,0.013522720423364637,0.16235027935511478,GC=F,0.35377280291739416,market_volatile,1.0,3.4615061297229346,-0.9492626320444475
2021-08-30 00:00:00-04:00,1818.199951171875,1820.300048828125,1807.800048828125,1809.0,684,0.0,0.0,-0.004192402233391229,0.15906564588720998,GC=F,0.10967895827390982,market_elevated,1.0,3.7547386464818118,-0.8178417277247579
2021-08-31 00:00:00-04:00,1815.9000244140625,1815.9000244140625,1801.0999755859375,1815.0,82,0.0,0.0,0.003311261303656005,0.15913829785380823,GC=F,0.0866271102197956,market_normal,0.996,3.852482818734771,-0.7577813359031804
2021-09-01 00:00:00-04:00,1813.5,1815.9000244140625,1809.5,1813.0999755859375,114,0.0,0.0,-0.0010473937325582944,0.1584105003662277,GC=F,0.027401248042149797,market_normal,0.996,3.95022699098773,-0.6904869215824493
2021-09-02 00:00:00-04:00,1813.199951171875,1813.9000244140625,1806.800048828125,1808.699951171875,26,0.0,0.0,-0.0024297457991779466,0.15864649152299234,GC=F,0.06356546277972012,market_normal,0.996,4.047971163240689,-0.6166008987205214
2021-09-03 00:00:00-04:00,1820.9000244140625,1833.9000244140625,1818.9000244140625,1830.9000244140625,53,0.0,0.0,0.012199334385803619,0.16374130587035793,GC=F,0.3191512198932576,market_volatile,1.0,4.145715335493648,-0.5368286068743803
2021-09-07 00:00:00-04:00,1825.699951171875,1825.699951171875,1792.699951171875,1795.9000244140625,48,0.0,0.0,-0.019301359933995132,0.15269228470573312,GC=F,0.5049498910122386,market_extreme,1.009,4.536692024505484,-0.17479440620243886
2021-09-08 00:00:00-04:00,1781.699951171875,1790.699951171875,1781.699951171875,1790.699951171875,69,0.0,0.0,-0.002899725043928858,0.13122749779711612,GC=F,0.0758607605839441,market_normal,0.996,4.634436196758443,-0.07787385915510978
2021-09-09 00:00:00-04:00,1798.699951171875,1798.699951171875,1787.9000244140625,1797.4000244140625,49,0.0,0.0,0.0037346122321662177,0.13132017545238625,GC=F,0.09770254769892633,market_normal,0.996,4.732180369011402,0.019790096607284275
2021-09-10 00:00:00-04:00,1789.5999755859375,1789.5999755859375,1789.5999755859375,1789.5999755859375,0,0.0,0.0,-0.00434907227353077,0.12710205237409378,GC=F,0.11377766012517206,market_elevated,1.0,4.829924541264361,0.11726512979091504
2021-09-13 00:00:00-04:00,1789.800048828125,1796.0,1784.0,1792.0,533,0.0,0.0,0.0013401970011455836,0.12692463315445918,GC=F,0.03506138075128454,market_normal,0.996,5.1231570580232955,0.3993136303326294
2021-09-14 00:00:00-04:00,1791.4000244140625,1806.199951171875,1783.0,1804.699951171875,764,0.0,0.0,0.007062031376286556,0.11892675137101379,GC=F,0.18475236905458797,market_elevated,1.0,5.2209012302762545,0.48687828136025696
2021-09-15 00:00:00-04:00,1803.699951171875,1803.699951171875,1792.4000244140625,1792.4000244140625,59,0.0,0.0,-0.0068388283782960125,0.11977659358463334,GC=F,0.17891307431606426,market_elevated,1.0,5.318645402529214,0.5697950369135107
2021-09-16 00:00:00-04:00,1792.9000244140625,1792.9000244140625,1743.9000244140625,1754.5999755859375,1645,0.0,0.0,-0.021314620752901005,0.14101468875302173,GC=F,0.5576195388796524,market_extreme,1.009,5.416389574782144,0.6472723471787091
2021-09-17 00:00:00-04:00,1758.800048828125,1763.0,1749.4000244140625,1749.4000244140625,581,0.0,0.0,-0.002968010838533277,0.14116578823989476,GC=F,0.07764721007046214,market_normal,0.996,5.514133747035103,0.7185705890231047
2021-09-20 00:00:00-04:00,1751.800048828125,1761.800048828125,1750.9000244140625,1761.800048828125,185,0.0,0.0,0.007063155449170932,0.1438172875569028,GC=F,0.1847817763337847,market_elevated,1.0,5.807366263794037,0.8889178433519082
2021-09-21 00:00:00-04:00,1762.199951171875,1776.0,1759.0,1776.0,106,0.0,0.0,0.008027603161512306,0.14680894898839156,GC=F,0.21001304339989643,market_elevated,1.0,5.905110436046996,0.929376983967324
2021-09-22 00:00:00-04:00,1776.699951171875,1784.300048828125,1767.0,1776.699951171875,17,0.0,0.0,0.0003940390072630704,0.13962261518163077,GC=F,0.010308597655941124,market_normal,0.996,6.002854608299955,0.9609639952577256
2021-09-23 00:00:00-04:00,1766.800048828125,1766.800048828125,1738.199951171875,1747.699951171875,31,0.0,0.0,-0.01645707372556822,0.14959568048747962,GC=F,0.43053948594937097,market_volatile,1.0,6.1005987805529145,0.9833773375314765
2021-09-24 00:00:00-04:00,1749.699951171875,1749.699951171875,1745.0,1749.699951171875,76,0.0,0.0,0.0011437069101939464,0.14685701625731448,GC=F,0.029920932080812163,market_normal,0.996,6.1983429528058736,0.9964030458694012
2021-09-27 00:00:00-04:00,1751.699951171875,1754.4000244140625,1747.5,1750.0,808,0.0,0.0,0.00017147117355570008,0.14645140905602955,GC=F,0.004485919681037189,market_normal,0.996,0.2083901623851645,0.9783652338461459
2021-09-28 00:00:00-04:00,1739.5999755859375,1741.699951171875,1726.800048828125,1735.800048828125,15748,0.0,0.0,-0.008147357577374788,0.13812648765097835,GC=F,0.21314598218994976,market_elevated,1.0,0.30613433463812356,0.9535057060259857
2021-09-29 00:00:00-04:00,1732.4000244140625,1744.0999755859375,1721.4000244140625,1721.5,6634,0.0,0.0,-0.008272426561606493,0.13959575194869875,GC=F,0.2164179573343322,market_elevated,1.0,0.4038785068910826,0.9195437083986981
2021-09-30 00:00:00-04:00,1725.5,1760.300048828125,1724.5,1755.300048828125,997,0.0,0.0,0.01944380650125953,0.1578481228294386,GC=F,0.5086764874210513,market_extreme,1.009,0.5016226791440417,0.8768034530335328
2021-10-01 00:00:00-04:00,1754.300048828125,1762.5999755859375,1748.5,1757.0,2220,0.0,0.0,0.0009679989072590911,0.1580900503081426,GC=F,0.02532417116679668,market_normal,0.996,0.5993668513970007,0.8256929520499262
2021-10-04 00:00:00-04:00,1764.5,1768.9000244140625,1749.5,1766.199951171875,417,0.0,0.0,0.005222509201740211,0.15973483808696373,GC=F,0.1366279609958699,market_elevated,1.0,0.8925993681559063,0.6273900069153799
2021-10-05 00:00:00-04:00,1764.300048828125,1764.300048828125,1749.0,1759.5999755859375,98,0.0,0.0,-0.0037438217890526193,0.15234571508292452,GC=F,0.09794348226322452,market_normal,0.996,0.9903435404088654,0.5484026195025347
2021-10-06 00:00:00-04:00,1759.300048828125,1762.9000244140625,1744.699951171875,1760.5,56,0.0,0.0,0.0005113629953223071,0.13866265256578408,GC=F,0.013377953141058501,market_normal,0.996,1.0880877126618245,0.46418000564623546
2021-10-07 00:00:00-04:00,1762.4000244140625,1762.4000244140625,1752.800048828125,1757.9000244140625,336,0.0,0.0,-0.001477930901064451,0.13849787429529897,GC=F,0.03866468735716923,market_normal,0.996,1.1858318849147835,0.37552618130030346
2021-10-08 00:00:00-04:00,1757.0,1780.0,1754.199951171875,1756.300048828125,254,0.0,0.0,-0.0009105774646536376,0.1374786408502868,GC=F,0.02382194794084041,market_normal,0.996,1.2835760571677426,0.28328746416823564
2021-10-11 00:00:00-04:00,1756.5999755859375,1757.800048828125,1752.199951171875,1754.5999755859375,128,0.0,0.0,-0.000968454449423833,0.13697027125646688,GC=F,0.025336088770904604,market_normal,0.996,1.5768085739266198,-0.006012210910889963
2021-10-12 00:00:00-04:00,1751.9000244140625,1768.0,1749.800048828125,1758.300048828125,139,0.0,0.0,0.00210656414060376,0.13715666059356957,GC=F,0.05511058997115882,market_normal,0.996,1.6745527461795788,-0.10357035643278406
2021-10-13 00:00:00-04:00,1760.800048828125,1794.5,1760.800048828125,1793.699951171875,150,0.0,0.0,0.019933037412385866,0.15291727633524368,GC=F,0.5214754350650439,market_extreme,1.009,1.772296918432538,-0.2001397862748612
2021-10-14 00:00:00-04:00,1792.199951171875,1799.9000244140625,1792.0,1796.699951171875,337,0.0,0.0,0.0016711234290114187,0.15115742422690243,GC=F,0.04371886728359932,market_normal,0.996,1.870041090685497,-0.2947986178370763
2021-10-15 00:00:00-04:00,1794.5,1795.4000244140625,1766.5999755859375,1767.199951171875,874,0.0,0.0,-0.01655527628627928,0.14335382544780956,GC=F,0.43310859882523806,market_volatile,1.0,1.967785262938456,-0.3866432077003836
2021-10-18 00:00:00-04:00,1761.5999755859375,1770.0999755859375,1759.5,1764.800048828125,266,0.0,0.0,-0.001358948308654003,0.14299378993944173,GC=F,0.03555194052091179,market_normal,0.996,2.26101777969739,-0.6367079612807961
2021-10-19 00:00:00-04:00,1777.5999755859375,1785.0,1767.5,1769.699951171875,51,0.0,0.0,0.0027726159189181846,0.14124296248634113,GC=F,0.07253541257529136,market_normal,0.996,2.3587619519503207,-0.7089199182383662
2021-10-20 00:00:00-04:00,1774.5999755859375,1785.5999755859375,1774.0,1784.0999755859375,127,0.0,0.0,0.008104059610460861,0.14129650004647484,GC=F,0.2120132483437853,market_elevated,1.0,2.4565061242032797,-0.7743642993852896
2021-10-21 00:00:00-04:00,1782.0,1785.699951171875,1781.0,1781.199951171875,146,0.0,0.0,-0.0016268056619152453,0.1414378838382734,GC=F,0.04255945407428943,market_normal,0.996,2.554250296456239,-0.8324163517707531
2021-10-22 00:00:00-04:00,1787.0999755859375,1806.9000244140625,1784.0,1795.5,532,0.0,0.0,0.00799626763164088,0.1302489561496466,GC=F,0.2091932632161427,market_elevated,1.0,2.651994468709198,-0.8825218919737862
2021-10-25 00:00:00-04:00,1794.300048828125,1809.0,1794.0,1806.0,140,0.0,0.0,0.005830920310793144,0.13119356942304203,GC=F,0.1525448251058344,market_elevated,1.0,2.945226985468075,-0.9807821340009277
2021-10-26 00:00:00-04:00,1808.800048828125,1808.800048828125,1788.5999755859375,1792.699951171875,359,0.0,0.0,-0.0073916189533362806,0.13473271654661476,GC=F,0.19337482942418735,market_elevated,1.0,3.042971157721034,-0.9951408406217794
2021-10-27 00:00:00-04:00,1791.5,1798.0999755859375,1791.5,1797.9000244140625,543,0.0,0.0,0.0028964946878651475,0.13049740376844401,GC=F,0.07577625006510608,market_normal,0.996,3.140715329973993,-0.9999996151516612
2021-10-28 00:00:00-04:00,1795.5,1807.300048828125,1795.5,1801.5999755859375,452,0.0,0.0,0.0020558146825891866,0.125383046973592,GC=F,0.05378291495856789,market_normal,0.996,3.238459502227009,-0.9953120741780948
2021-10-29 00:00:00-04:00,1793.0999755859375,1797.0,1774.5999755859375,1783.0,583,0.0,0.0,-0.0103778065309083,0.11579401703336417,GC=F,0.2714975677697533,market_elevated,1.0,3.336203674479968,-0.9811229664633759
2021-11-01 00:00:00-04:00,1787.5,1795.0999755859375,1786.699951171875,1795.0999755859375,142,0.0,0.0,0.006763378213492534,0.11765955915628405,GC=F,0.17693919513736092,market_elevated,1.0,3.6294361912388453,-0.8833456932641217
2021-11-02 00:00:00-04:00,1790.5,1795.5,1787.699951171875,1788.699951171875,213,0.0,0.0,-0.003571645375540873,0.11764708072307231,GC=F,0.09343911254342525,market_normal,0.996,3.7271803634918044,-0.833387408877546
2021-11-03 00:00:00-04:00,1768.0,1768.0,1761.800048828125,1763.5999755859375,108,0.0,0.0,-0.014131911060620329,0.1275681849193969,GC=F,0.36971006054793804,market_volatile,1.0,3.8249245357447634,-0.7754733422874591
2021-11-04 00:00:00-04:00,1776.5999755859375,1798.199951171875,1776.199951171875,1793.0,103,0.0,0.0,0.01653303396466099,0.13970244848323674,GC=F,0.4325267093669086,market_volatile,1.0,3.9226687079977225,-0.7101563596583869
2021-11-05 00:00:00-04:00,1794.9000244140625,1817.0999755859375,1794.9000244140625,1816.4000244140625,239,0.0,0.0,0.012966339059569584,0.14548331061983785,GC=F,0.3392171078798269,market_volatile,1.0,4.0204128802506816,-0.6380599977542064
2021-11-08 00:00:00-05:00,1817.0,1827.4000244140625,1816.9000244140625,1827.4000244140625,261,0.0,0.0,0.006037671259816749,0.1459874609446037,GC=F,0.15795371181294518,market_elevated,1.0,4.313645397009559,-0.388260798903237
2021-11-09 00:00:00-05:00,1826.0999755859375,1832.699951171875,1820.699951171875,1830.199951171875,170,0.0,0.0,0.0015310188776383894,0.14562718804952637,GC=F,0.04005354120356873,market_normal,0.996,4.411389569262518,-0.2964748328289299
2021-11-10 00:00:00-05:00,1825.800048828125,1865.0,1824.9000244140625,1847.5999755859375,795,0.0,0.0,0.009462262540359543,0.1479009113376588,GC=F,0.24754568874022143,market_elevated,1.0,4.509133741515477,-0.20185862337239294
2021-11-11 00:00:00-05:00,1853.9000244140625,1866.5,1853.9000244140625,1863.199951171875,292,0.0,0.0,0.00840792702102006,0.13551588547619045,GC=F,0.2199628340915642,market_elevated,1.0,4.606877913768436,-0.10531540706844707
2021-11-12 00:00:00-05:00,1860.800048828125,1867.9000244140625,1847.5999755859375,1867.9000244140625,210,0.0,0.0,0.002519404872046127,0.1355367716464628,GC=F,0.06591106636557456,market_normal,0.996,4.704622086021423,-0.007766816274307175
2021-11-15 00:00:00-05:00,1864.5,1866.9000244140625,1864.5,1866.0999755859375,87,0.0,0.0,-0.0009641397790913792,0.11855631915231307,GC=F,0.025223211112461015,market_normal,0.996,4.997854602780301,0.2816042607587742
2021-11-16 00:00:00-05:00,1853.5999755859375,1853.5999755859375,1853.5999755859375,1853.5999755859375,1,0.0,0.0,-0.006720997509486058,0.12220732337936609,GC=F,0.1758304581394357,market_elevated,1.0,5.09559877503326,0.37389937631744463
2021-11-17 00:00:00-05:00,1862.5999755859375,1869.699951171875,1862.5999755859375,1869.699951171875,2,0.0,0.0,0.008648283108735479,0.12415032808919858,GC=F,0.22625087704351526,market_elevated,1.0,5.193342947286219,0.4626251290895849
2021-11-18 00:00:00-05:00,1861.0,1861.0,1861.0,1861.0,9,0.0,0.0,-0.004663986413490948,0.12491701323632591,GC=F,0.1220162433749996,market_elevated,1.0,5.291087119539178,0.5469345147199834
2021-11-19 00:00:00-05:00,1851.199951171875,1851.199951171875,1851.199951171875,1851.199951171875,21,0.0,0.0,-0.005279926579310966,0.12688246080547905,GC=F,0.13813007787497628,market_elevated,1.0,5.388831291792137,0.6260226889037681
2021-11-22 00:00:00-05:00,1841.5999755859375,1841.5999755859375,1805.699951171875,1806.0,14,0.0,0.0,-0.02471959608600904,0.15447964368358413,GC=F,0.6466983358779933,market_extreme,1.009,5.682063808551042,0.824701850246227
2021-11-23 00:00:00-05:00,1795.5,1795.5,1783.5,1783.5,264,0.0,0.0,-0.012536729177984571,0.1591917073039385,GC=F,0.32797792765491146,market_volatile,1.0,5.7798079808040015,0.8759583834569517
2021-11-24 00:00:00-05:00,1793.0,1793.0,1781.4000244140625,1784.0999755859375,188,0.0,0.0,0.0003363468974658657,0.15727504042119916,GC=F,0.008799293407225692,market_normal,0.996,5.8775521530569605,0.9188527383531402
2021-11-26 00:00:00-05:00,1791.0999755859375,1791.4000244140625,1785.300048828125,1785.300048828125,186800,0.0,0.0,0.0006724229725988722,0.15690641649698298,GC=F,0.017591501732989324,market_normal,0.996,6.073040497562879,0.9780007174714895
2021-11-29 00:00:00-05:00,1791.699951171875,1798.9000244140625,1779.0999755859375,1782.300048828125,26926,0.0,0.0,-0.00168180324307445,0.15672295529193236,GC=F,0.043998265780161236,market_normal,0.996,0.08308770714216962,0.9965502018056145
2021-11-30 00:00:00-05:00,1783.9000244140625,1808.0999755859375,1768.699951171875,1773.5999755859375,4903,0.0,0.0,-0.0048933268890934195,0.15349142720332398,GC=F,0.1280161028955817,market_elevated,1.0,0.18083187939512868,0.9836944213706734
2021-12-01 00:00:00-05:00,1774.800048828125,1790.5,1772.300048828125,1781.5999755859375,1128,0.0,0.0,0.00450045770286688,0.15238447483698897,GC=F,0.11773810935286994,market_elevated,1.0,0.27857605164808774,0.9614479800163711
2021-12-02 00:00:00-05:00,1780.9000244140625,1780.9000244140625,1760.5999755859375,1760.699951171875,1557,0.0,0.0,-0.011800393739534874,0.15716127557338783,GC=F,0.30871438867811857,market_volatile,1.0,0.3763202239010468,0.9300232493724353
2021-12-03 00:00:00-05:00,1767.5,1785.0999755859375,1766.5,1782.0,694,0.0,0.0,0.012024899530579426,0.15520944112734328,GC=F,0.3145877662591406,market_volatile,1.0,0.47406439615400586,0.8897202199476546
2021-12-06 00:00:00-05:00,1780.199951171875,1783.0,1777.199951171875,1777.5,381,0.0,0.0,-0.0025284463533586377,0.14403412934667076,GC=F,0.06614760384370844,market_normal,0.996,0.767296912912883,0.719789758723754
2021-12-07 00:00:00-05:00,1779.5,1786.0999755859375,1772.300048828125,1782.5999755859375,308,0.0,0.0,0.0028650763234604835,0.13625126982023233,GC=F,0.07495430281702768,market_normal,0.996,0.8650410851658421,0.6486088454140125
2021-12-08 00:00:00-05:00,1789.9000244140625,1789.9000244140625,1779.0,1783.4000244140625,1383,0.0,0.0,0.0004487093895392277,0.13402579200166403,GC=F,0.011738849392935128,market_normal,0.996,0.962785257418858,0.5712361050446642
2021-12-09 00:00:00-05:00,1783.5,1783.5,1771.800048828125,1774.5999755859375,455,0.0,0.0,-0.004946636746660119,0.13426489527641686,GC=F,0.12941076145126054,market_elevated,1.0,1.060529429671817,0.4884101624909891
2021-12-10 00:00:00-05:00,1773.800048828125,1785.4000244140625,1769.0999755859375,1782.9000244140625,545,0.0,0.0,0.004666234090444804,0.13031472068224426,GC=F,0.1220750456685562,market_elevated,1.0,1.1582736019247761,0.4009217006367245
2021-12-13 00:00:00-05:00,1784.4000244140625,1787.0999755859375,1783.800048828125,1786.300048828125,206,0.0,0.0,0.001905203055442121,0.1258308341198782,GC=F,0.04984270945112389,market_normal,0.996,1.4515061186836817,0.11900748967547065
2021-12-14 00:00:00-05:00,1787.0,1787.0,1769.0,1770.4000244140625,322,0.0,0.0,-0.008940945262643642,0.12689451572530877,GC=F,0.23390731800025077,market_elevated,1.0,1.5492502909366408,0.021544368838280658
2021-12-15 00:00:00-05:00,1767.4000244140625,1778.699951171875,1753.9000244140625,1762.5999755859375,283,0.0,0.0,-0.00441554571258348,0.12691330939725784,GC=F,0.11551669591952331,market_elevated,1.0,1.6469944631895999,-0.07612442142031363
2021-12-16 00:00:00-05:00,1781.0,1798.0999755859375,1781.0,1796.5999755859375,21,0.0,0.0,0.019105998391674383,0.1466476882673973,GC=F,0.4998389667125939,market_volatile,1.0,1.744738635442559,-0.1730665036548402
2021-12-17 00:00:00-05:00,1804.0,1812.9000244140625,1803.800048828125,1803.800048828125,654,0.0,0.0,0.003999601595126616,0.14344864666106558,GC=F,0.10463503071586572,market_elevated,1.0,1.842482807695518,-0.2683564378065735
2021-12-20 00:00:00-05:00,1796.800048828125,1799.800048828125,1792.0,1793.699951171875,226,0.0,0.0,-0.0056150794682417494,0.1437330876416472,GC=F,0.14689813439103372,market_elevated,1.0,2.135715324454395,-0.5353474006013299
2021-12-21 00:00:00-05:00,1791.4000244140625,1796.5,1787.9000244140625,1787.9000244140625,575,0.0,0.0,-0.0032387379200195265,0.14327536484466788,GC=F,0.0847297996267436,market_normal,0.996,2.233459496707354,-0.6152185587721017
2021-12-22 00:00:00-05:00,1786.0,1805.199951171875,1785.5,1801.5999755859375,567,0.0,0.0,0.007633384981113343,0.11952158731616126,GC=F,0.19969975833043882,market_elevated,1.0,2.3312036689603133,-0.6892166442170194
2021-12-23 00:00:00-05:00,1806.0,1811.199951171875,1800.800048828125,1811.199951171875,193,0.0,0.0,0.005314436655823481,0.11190171081083378,GC=F,0.13903290852698263,market_elevated,1.0,2.4289478412132723,-0.7566352475939147
2021-12-27 00:00:00-05:00,1810.0,1812.0999755859375,1807.0,1808.0999755859375,150,0.0,0.0,-0.001713025395370446,0.11221819460778948,GC=F,0.044815079851964694,market_normal,0.996,2.8199245302251086,-0.9487093618084784
2021-12-28 00:00:00-05:00,1812.0,1818.0,1805.5,1810.199951171875,146,0.0,0.0,0.0011607527646842581,0.1122329239178073,GC=F,0.030366874874300693,market_normal,0.996,2.9176687024780676,-0.9750336160277171
2021-12-29 00:00:00-05:00,1803.199951171875,1805.0999755859375,1791.4000244140625,1805.0999755859375,623,0.0,0.0,-0.0028213310498173137,0.1126012717105879,GC=F,0.073809866816976,market_normal,0.996,3.0154128747310267,-0.9920498881397309
2021-12-30 00:00:00-05:00,1801.699951171875,1816.0,1796.0,1812.699951171875,306,0.0,0.0,0.004201441162821637,0.11140648124785411,GC=F,0.1099154289913287,market_elevated,1.0,3.1131570469839858,-0.9995957353797306
2021-12-31 00:00:00-05:00,1825.0999755859375,1827.800048828125,1821.4000244140625,1827.5,80,0.0,0.0,0.00813149309174338,0.11351829856609666,GC=F,0.21273094561646794,market_elevated,1.0,3.2109012192369732,-0.9975991226814974
2022-01-03 00:00:00-05:00,1830.0999755859375,1830.0999755859375,1798.800048828125,1799.4000244140625,116,0.0,0.0,-0.015495623073024625,0.11942322161720871,GC=F,0.40538662605370845,market_volatile,1.0,3.5041337359958504,-0.9349986451970379
2022-01-04 00:00:00-05:00,1800.5,1815.300048828125,1800.0,1814.0,38,0.0,0.0,0.00808106212417286,0.11556970482048762,GC=F,0.21141160274811777,market_elevated,1.0,3.6018779082488095,-0.8959258228053749
2022-01-05 00:00:00-05:00,1813.0999755859375,1824.5999755859375,1813.0999755859375,1824.5999755859375,8,0.0,0.0,0.005826419855790741,0.11611725231854314,GC=F,0.15242708706712935,market_elevated,1.0,3.6996220805018254,-0.8483002065499716
2022-01-06 00:00:00-05:00,1787.0999755859375,1791.300048828125,1787.0999755859375,1788.699951171875,30,0.0,0.0,-0.019871699829780518,0.13696245297214962,GC=F,0.5198707602774931,market_extreme,1.009,3.7973662527547845,-0.7925764457646743
2022-01-07 00:00:00-05:00,1791.800048828125,1797.0,1784.4000244140625,1797.0,17,0.0,0.0,0.0046295360824668225,0.1378354136499596,GC=F,0.12111497574642546,market_elevated,1.0,3.8951104250077435,-0.7292864972556754
2022-01-10 00:00:00-05:00,1794.9000244140625,1798.699951171875,1790.4000244140625,1798.4000244140625,534,0.0,0.0,0.0007787864912479449,0.1364773535676197,GC=F,0.02037411639502317,market_normal,0.996,4.188342941766621,-0.5003872911133288
2022-01-11 00:00:00-05:00,1803.9000244140625,1822.5,1803.0,1818.5999755859375,743,0.0,0.0,0.011169566592358682,0.14069236420509093,GC=F,0.29221109044921256,market_elevated,1.0,4.28608711401958,-0.4135064826800065
2022-01-12 00:00:00-05:00,1819.0,1827.199951171875,1816.9000244140625,1827.199951171875,1547,0.0,0.0,0.004717752871602087,0.14127061738125393,GC=F,0.12342284722344221,market_elevated,1.0,4.383831286272539,-0.3226782093811267
2022-01-13 00:00:00-05:00,1819.800048828125,1823.0,1815.4000244140625,1821.199951171875,40,0.0,0.0,-0.0032891160891035777,0.137527250021797,GC=F,0.08604776121470319,market_normal,0.996,4.481575458525498,-0.22876954690392592
2022-01-14 00:00:00-05:00,1821.5,1822.0,1816.5,1816.5,816,0.0,0.0,-0.0025840249884074937,0.136704151247638,GC=F,0.0676016167115323,market_normal,0.996,4.579319630778457,-0.13267697731392766
2022-01-18 00:00:00-05:00,1816.800048828125,1820.0999755859375,1812.300048828125,1812.300048828125,900,0.0,0.0,-0.002314788905823573,0.12105787518502607,GC=F,0.06055803371933778,market_normal,0.996,4.970296319790293,0.25505766423511406
2022-01-19 00:00:00-05:00,1817.4000244140625,1843.0999755859375,1817.4000244140625,1843.0999755859375,4,0.0,0.0,0.016852139555948643,0.13341092821447703,GC=F,0.44087494669801486,market_volatile,1.0,5.068040492043224,0.3482011790412227
2022-01-20 00:00:00-05:00,1840.5999755859375,1843.0,1838.199951171875,1842.5,20,0.0,0.0,-0.00032557824789001627,0.1313352560117967,GC=F,0.00851757085253166,market_normal,0.996,5.165784664296183,0.4380206542543094
2022-01-21 00:00:00-05:00,1838.0,1842.4000244140625,1828.9000244140625,1831.800048828125,19,0.0,0.0,-0.00582422843878814,0.1327534060470007,GC=F,0.15236975661060143,market_elevated,1.0,5.263528836549142,0.5236586444956225
2022-01-24 00:00:00-05:00,1837.9000244140625,1842.0999755859375,1837.9000244140625,1841.699951171875,8,0.0,0.0,0.005389914964327385,0.13159640070660147,GC=F,0.14100752398325975,market_elevated,1.0,5.556761353308076,0.7475543891590697
2022-01-25 00:00:00-05:00,1843.0,1852.699951171875,1842.0,1852.699951171875,11,0.0,0.0,0.005954976611818967,0.13187645276950496,GC=F,0.15579030707687627,market_elevated,1.0,5.654505525561035,0.8088046036385664
2022-01-26 00:00:00-05:00,1829.9000244140625,1829.9000244140625,1829.9000244140625,1829.9000244140625,55,0.0,0.0,-0.01238267432546163,0.13967155540193313,GC=F,0.32394764267720083,market_volatile,1.0,5.752249697813994,0.8623337112196373
2022-01-27 00:00:00-05:00,1793.300048828125,1793.300048828125,1793.300048828125,1793.300048828125,196036,0.0,0.0,-0.02020380869292505,0.15705986914513276,GC=F,0.5285591809288104,market_extreme,1.009,5.849993870066953,0.9076307059560359
2022-01-28 00:00:00-05:00,1797.5,1798.4000244140625,1778.800048828125,1784.9000244140625,28521,0.0,0.0,-0.004695120268889005,0.157550202953204,GC=F,0.12283074747957053,market_elevated,1.0,5.947738042319912,0.9442631682782346
2022-01-31 00:00:00-05:00,1788.5,1798.5,1785.0999755859375,1795.0,1735,0.0,0.0,0.005642617008805025,0.15817407736249897,GC=F,0.14761855399637355,market_elevated,1.0,6.240970559078818,0.9991090898396505
2022-02-01 00:00:00-05:00,1797.199951171875,1806.0999755859375,1797.0999755859375,1800.300048828125,223,0.0,0.0,0.002948322863412963,0.1556222618877852,GC=F,0.07713214579907136,market_normal,0.996,0.05552942415219064,0.9984586376558104
2022-02-02 00:00:00-05:00,1797.800048828125,1810.0999755859375,1795.0999755859375,1809.199951171875,1690,0.0,0.0,0.0049313868291021275,0.14702544587530686,GC=F,0.12901180281647073,market_elevated,1.0,0.1532735964051497,0.988276580631548
2022-02-03 00:00:00-05:00,1805.800048828125,1808.0999755859375,1787.9000244140625,1803.0,466,0.0,0.0,-0.0034327874115770577,0.14469843991934742,GC=F,0.08980639888959532,market_normal,0.996,0.25101776865810876,0.9686601199330986
2022-02-04 00:00:00-05:00,1806.0,1813.699951171875,1792.5,1806.5999755859375,571,0.0,0.0,0.0019946679986083213,0.14325941119061797,GC=F,0.05218323433930146,market_normal,0.996,0.3487619409110678,0.9397965205554193
2022-02-07 00:00:00-05:00,1812.199951171875,1821.300048828125,1809.0999755859375,1820.5999755859375,601,0.0,0.0,0.007719491459363494,0.12716148607264904,GC=F,0.20195242119753978,market_elevated,1.0,0.641994457669945,0.800903082333123
2022-02-08 00:00:00-05:00,1818.9000244140625,1827.5999755859375,1815.0,1826.5999755859375,108,0.0,0.0,0.003290198230438897,0.1267427597419633,GC=F,0.08607607150740784,market_normal,0.996,0.7397386299229041,0.7386447721870408
2022-02-09 00:00:00-05:00,1825.4000244140625,1835.199951171875,1825.300048828125,1835.199951171875,683,0.0,0.0,0.004697138876945367,0.12746783151225974,GC=F,0.12288355701846011,market_elevated,1.0,0.8374828021758631,0.6693351232869966
2022-02-10 00:00:00-05:00,1833.300048828125,1842.0999755859375,1820.800048828125,1836.199951171875,365,0.0,0.0,0.0005447513489833872,0.12194404089044386,GC=F,0.014251437993933882,market_normal,0.996,0.9352269744288222,0.5936357876634586
2022-02-11 00:00:00-05:00,1822.0,1864.800048828125,1822.0,1840.800048828125,181,0.0,0.0,0.002502094128990784,0.12120830174850349,GC=F,0.06545819372608035,market_normal,0.996,1.0329711466817812,0.5122694153358007
2022-02-14 00:00:00-05:00,1861.800048828125,1870.5999755859375,1854.5999755859375,1868.0,79,0.0,0.0,0.014668053542140463,0.13004915779344153,GC=F,0.38373627883185285,market_volatile,1.0,1.3262036634406584,0.2421611321927638
2022-02-15 00:00:00-05:00,1872.5999755859375,1879.699951171875,1847.4000244140625,1854.800048828125,86,0.0,0.0,-0.007091439946204802,0.1326172491330188,GC=F,0.18552173733878277,market_elevated,1.0,1.4239478356936175,0.14632127467113173
2022-02-16 00:00:00-05:00,1858.699951171875,1870.199951171875,1856.300048828125,1870.199951171875,34,0.0,0.0,0.008268451050258554,0.13434678377914738,GC=F,0.21631395253732696,market_elevated,1.0,1.5216920079466334,0.049084587558998805
2022-02-17 00:00:00-05:00,1876.300048828125,1900.699951171875,1876.199951171875,1900.699951171875,393,0.0,0.0,0.016176862774401283,0.13339131023223297,GC=F,0.42320878543209955,market_volatile,1.0,1.6194361801995925,-0.048620676692603594
2022-02-18 00:00:00-05:00,1899.4000244140625,1899.4000244140625,1890.699951171875,1898.5999755859375,51,0.0,0.0,-0.0011054540785265011,0.13355050686142547,GC=F,0.02892018585114544,market_normal,0.996,1.7171803524525515,-0.14586179244588074
2022-02-22 00:00:00-05:00,1908.0999755859375,1912.0,1890.800048828125,1906.0999755859375,173,0.0,0.0,0.003942497337925904,0.13113127905658015,GC=F,0.10314110549254257,market_elevated,1.0,2.1081570414643593,-0.5118704656504875
2022-02-23 00:00:00-05:00,1896.5999755859375,1910.5999755859375,1895.699951171875,1909.199951171875,73,0.0,0.0,0.0016250236299235957,0.13051347349970557,GC=F,0.04251283368779641,market_normal,0.996,2.2059012137173184,-0.5932619525853781
2022-02-24 00:00:00-05:00,1911.9000244140625,1972.5,1911.699951171875,1925.0999755859375,2706,0.0,0.0,0.008293621186042542,0.13171686077407868,GC=F,0.21697243760596208,market_elevated,1.0,2.3036453859702775,-0.6689899715651239
2022-02-25 00:00:00-05:00,1906.9000244140625,1920.0,1883.5999755859375,1886.5,586,0.0,0.0,-0.020254641338243038,0.1446079418938176,GC=F,0.5298890322346748,market_extreme,1.009,2.4013895582232365,-0.7383315987498774
2022-02-28 00:00:00-05:00,1928.300048828125,1928.4000244140625,1894.199951171875,1899.4000244140625,390,0.0,0.0,0.006814799258052393,0.1221790773155627,GC=F,0.17828443976960595,market_elevated,1.0,2.6946220749821705,-0.901760662355417
2022-03-01 00:00:00-05:00,1908.300048828125,1942.4000244140625,1903.800048828125,1942.4000244140625,547,0.0,0.0,0.022386274771780384,0.13658834685910512,GC=F,0.5856554690880148,market_extreme,1.009,2.7923662472351296,-0.9396376953033314
2022-03-02 00:00:00-05:00,1945.5999755859375,1948.199951171875,1919.800048828125,1920.9000244140625,109,0.0,0.0,-0.011130495531632012,0.1461144385713209,GC=F,0.2911889382317972,market_elevated,1.0,2.8901104194880887,-0.9685446469008315
2022-03-03 00:00:00-05:00,1930.5,1940.300048828125,1924.800048828125,1934.4000244140625,122,0.0,0.0,0.007003374578962224,0.14669071907984474,GC=F,0.18321782726492467,market_elevated,1.0,2.9878545917410477,-0.9882055621615239
2022-03-04 00:00:00-05:00,1937.0,1970.9000244140625,1935.5999755859375,1965.0999755859375,47,0.0,0.0,0.015745908688366235,0.15275207376388134,GC=F,0.4119344389861062,market_volatile,1.0,3.085598763994007,-0.9984327517130116
2022-03-07 00:00:00-05:00,1989.0,2001.0999755859375,1963.0,1993.9000244140625,2516,0.0,0.0,0.014549409887335826,0.15451304593974172,GC=F,0.38063239906546503,market_volatile,1.0,3.378831280752884,-0.9719906562826621
2022-03-08 00:00:00-05:00,1999.4000244140625,2072.0,1998.0,2040.0999755859375,1813,0.0,0.0,0.022906282220362194,0.16627536088582162,GC=F,0.5992595729120394,market_extreme,1.009,3.476575453005843,-0.9444159645146427
2022-03-09 00:00:00-05:00,2053.60009765625,2063.0,1980.800048828125,1985.9000244140625,1022,0.0,0.0,-0.026926590113771603,0.2009117541910403,GC=F,0.65,market_extreme,1.009,3.574319625258802,-0.9078255765132026
2022-03-10 00:00:00-05:00,1978.0999755859375,2010.5,1978.0999755859375,1998.0999755859375,670,0.0,0.0,0.00612449262362708,0.20100087181533288,GC=F,0.160225077060963,market_elevated,1.0,3.672063797511761,-0.8625687958010257
2022-03-11 00:00:00-05:00,1985.0,1996.0,1959.9000244140625,1982.699951171875,865,0.0,0.0,-0.007737189270018215,0.20524110085805292,GC=F,0.20241542005315497,market_elevated,1.0,3.7698079697647486,-0.8090776580517123
2022-03-14 00:00:00-04:00,1976.5,1977.699951171875,1959.5999755859375,1959.5999755859375,145,0.0,0.0,-0.011719169211706966,0.2118916927596754,GC=F,0.3065894442900299,market_volatile,1.0,4.063040486523626,-0.6046676238520869
2022-03-15 00:00:00-04:00,1939.800048828125,1939.9000244140625,1910.699951171875,1928.5,71,0.0,0.0,-0.015997859657440227,0.2219966847840258,GC=F,0.4185258198426574,market_volatile,1.0,4.160784658776585,-0.5240542791975713
2022-03-16 00:00:00-04:00,1922.4000244140625,1922.4000244140625,1907.199951171875,1908.0,104,0.0,0.0,-0.010686925640050688,0.22145210189868916,GC=F,0.2795845451125431,market_elevated,1.0,4.258528831029544,-0.43843814512759116
2022-03-17 00:00:00-04:00,1933.9000244140625,1947.199951171875,1933.9000244140625,1942.0999755859375,39,0.0,0.0,0.017714276252213116,0.22663042800488778,GC=F,0.4634296180944924,market_volatile,1.0,4.356273003282503,-0.3486365405847074
2022-03-18 00:00:00-04:00,1934.5,1939.300048828125,1928.199951171875,1928.199951171875,28,0.0,0.0,-0.007182949353329487,0.22772693348953074,GC=F,0.18791574819150098,market_elevated,1.0,4.454017175535462,-0.25550674034852255
2022-03-21 00:00:00-04:00,1925.4000244140625,1928.5999755859375,1925.0,1928.5999755859375,5,0.0,0.0,0.00020743851021229863,0.22134827050937947,GC=F,0.005426874245215958,market_normal,0.996,4.747249692294339,0.034853651480231056
2022-03-22 00:00:00-04:00,1920.699951171875,1920.699951171875,1920.699951171875,1920.699951171875,26,0.0,0.0,-0.004104660928568712,0.22189861597381969,GC=F,0.1073835261147816,market_elevated,1.0,4.844993864547298,0.13221660376096372
2022-03-23 00:00:00-04:00,1936.5999755859375,1936.5999755859375,1936.5999755859375,1936.5999755859375,204,0.0,0.0,0.008244168082008863,0.22322339431179367,GC=F,0.21567867698093784,market_elevated,1.0,4.942738036800257,0.22831737414165193
2022-03-24 00:00:00-04:00,1963.5999755859375,1964.0,1961.5999755859375,1961.5999755859375,8,0.0,0.0,0.012826608725129677,0.22711168350629643,GC=F,0.33556157182496765,market_volatile,1.0,5.040482209053216,0.3222385539950545
2022-03-25 00:00:00-04:00,1953.800048828125,1953.800048828125,1953.800048828125,1953.800048828125,83,0.0,0.0,-0.0039842350856929614,0.2263217353325765,GC=F,0.10423302187864923,market_elevated,1.0,5.138226381306232,0.4130835417608315
2022-03-28 00:00:00-04:00,1932.5999755859375,1939.5999755859375,1932.5999755859375,1939.5999755859375,7,0.0,0.0,-0.007294465566171339,0.21538774723940382,GC=F,0.19083316435871167,market_elevated,1.0,5.431458898065081,0.6586851456544683
2022-03-29 00:00:00-04:00,1893.5,1912.0,1893.5,1912.0,128051,0.0,0.0,-0.014331939032686957,0.2209771628235353,GC=F,0.37494306501186425,market_volatile,1.0,5.52920307031804,0.7289686274214143
2022-03-30 00:00:00-04:00,1918.4000244140625,1937.0,1914.5,1933.5,17765,0.0,0.0,0.011182017436005276,0.21001314945399185,GC=F,0.29253682149427146,market_elevated,1.0,5.626947242570999,0.7922931420007367
2022-03-31 00:00:00-04:00,1933.5,1949.9000244140625,1919.0999755859375,1949.199951171875,3617,0.0,0.0,0.00808717487165785,0.20797336980070139,GC=F,0.2115715205563389,market_elevated,1.0,5.724691414823958,0.8480541733645123
2022-04-01 00:00:00-04:00,1935.0,1938.0,1917.0,1919.0999755859375,1016,0.0,0.0,-0.015562693516428947,0.21395587705374886,GC=F,0.40714128029584323,market_volatile,1.0,5.822435587076917,0.8957194089096853
2022-04-04 00:00:00-04:00,1921.199951171875,1936.0999755859375,1915.5999755859375,1929.199951171875,371,0.0,0.0,0.005249070482197901,0.20696420611495678,GC=F,0.13732284030583158,market_elevated,1.0,6.115668103835851,0.9860017741402806
2022-04-05 00:00:00-04:00,1927.0999755859375,1943.5,1918.4000244140625,1922.9000244140625,412,0.0,0.0,-0.003270908031756635,0.19929108105224283,GC=F,0.085571413609958,market_normal,0.996,6.21341227608881,0.9975668494105487
2022-04-06 00:00:00-04:00,1916.699951171875,1931.800048828125,1916.699951171875,1918.4000244140625,138,0.0,0.0,-0.0023429578535094993,0.17802755326485947,GC=F,0.06129497179585568,market_normal,0.996,0.027971141162183244,0.9996088331356223
2022-04-07 00:00:00-04:00,1919.5,1934.800048828125,1919.5,1933.800048828125,311,0.0,0.0,0.007995486299766241,0.15877532663916497,GC=F,0.20917282250904784,market_elevated,1.0,0.1257153134151423,0.9921082318871071
2022-04-08 00:00:00-04:00,1928.800048828125,1947.699951171875,1928.800048828125,1941.5999755859375,153,0.0,0.0,0.004025358538914993,0.15770713072068399,GC=F,0.10530886748193952,market_elevated,1.0,0.22345948566810137,0.9751366487985431
2022-04-11 00:00:00-04:00,1946.5999755859375,1968.4000244140625,1941.800048828125,1944.300048828125,163,0.0,0.0,0.0013896773770587837,0.1562234384447215,GC=F,0.03635585484585904,market_normal,0.996,0.5166920024269785,0.8694581067676348
2022-04-12 00:00:00-04:00,1952.5,1977.0999755859375,1950.5999755859375,1972.0999755859375,246,0.0,0.0,0.014196912221042413,0.15943678867375044,GC=F,0.37141057952603296,market_volatile,1.0,0.6144361746799376,0.8170986208813534
2022-04-13 00:00:00-04:00,1969.5,1981.0,1969.5,1981.0,204,0.0,0.0,0.004502815262256247,0.14846625439082814,GC=F,0.1177997863207513,market_elevated,1.0,0.7121803469328967,0.7569388507607842
2022-04-14 00:00:00-04:00,1977.199951171875,1978.699951171875,1963.0,1970.9000244140625,101,0.0,0.0,-0.0051114641128363805,0.14399313902038938,GC=F,0.13372287007320002,market_elevated,1.0,0.8099245191858557,0.6895531007731327
2022-04-18 00:00:00-04:00,1973.4000244140625,1997.0999755859375,1972.800048828125,1982.9000244140625,196,0.0,0.0,0.006070128331346491,0.1327264975802785,GC=F,0.15880283305557086,market_elevated,1.0,1.200901208197692,0.3615176461763651
2022-04-19 00:00:00-04:00,1973.800048828125,1978.300048828125,1945.699951171875,1955.699951171875,130,0.0,0.0,-0.013812271285541397,0.13967486079782704,GC=F,0.36134784824055505,market_volatile,1.0,1.298645380450651,0.2688038375509479
2022-04-20 00:00:00-04:00,1945.5,1953.5999755859375,1945.5,1952.300048828125,621,0.0,0.0,-0.001739970932198888,0.13991958019651884,GC=F,0.04552001183247368,market_normal,0.996,1.39638955270361,0.17352394169617877
2022-04-21 00:00:00-04:00,1942.5,1944.9000244140625,1942.5,1944.9000244140625,4,0.0,0.0,-0.0037976152973985644,0.13979399120210614,GC=F,0.09935079378268949,market_normal,0.996,1.4941337249565976,0.07658753090904152
2022-04-22 00:00:00-04:00,1949.5999755859375,1950.4000244140625,1930.199951171875,1931.0,178,0.0,0.0,-0.007172570973407727,0.13936726098745444,GC=F,0.18764423562304477,market_elevated,1.0,1.5918778972095566,-0.021080008893128895
2022-04-25 00:00:00-04:00,1925.0,1925.0,1889.300048828125,1893.199951171875,748,0.0,0.0,-0.019769510187740744,0.14671054522958674,GC=F,0.5171973399181494,market_extreme,1.009,1.8851104139684338,-0.3091642349664222
2022-04-26 00:00:00-04:00,1900.5,1909.0999755859375,1894.0,1901.4000244140625,302,0.0,0.0,0.0043219765242018485,0.14789083849567303,GC=F,0.1130687983808534,market_elevated,1.0,1.9828545862213929,-0.4004961548900571
2022-04-27 00:00:00-04:00,1897.800048828125,1900.5999755859375,1882.199951171875,1885.9000244140625,1786,0.0,0.0,-0.008185296301079753,0.148377608021543,GC=F,0.21413851092706865,market_elevated,1.0,2.0805987584743804,-0.48800481068984375
2022-04-28 00:00:00-04:00,1883.800048828125,1893.0,1872.9000244140625,1888.699951171875,513,0.0,0.0,0.0014835623851351678,0.14084859389794346,GC=F,0.03881201465832676,market_normal,0.996,2.1783429307273394,-0.5708548168066877
2022-04-29 00:00:00-04:00,1902.699951171875,1918.199951171875,1902.4000244140625,1909.300048828125,132,0.0,0.0,0.010847972444223454,0.14050132045967959,GC=F,0.28379774907811856,market_elevated,1.0,2.2760871029802985,-0.6482552606383799
2022-05-02 00:00:00-04:00,1896.699951171875,1896.800048828125,1853.0,1861.800048828125,385,0.0,0.0,-0.02519292038456543,0.16045566518522672,GC=F,0.65,market_extreme,1.009,2.5693196197391757,-0.8406721993881182
2022-05-03 00:00:00-04:00,1868.800048828125,1868.800048828125,1868.800048828125,1868.800048828125,466,0.0,0.0,0.0037527518532821575,0.15398457393550824,GC=F,0.09817710491856371,market_normal,0.996,2.6670637919921347,-0.8895080926217593
2022-05-04 00:00:00-04:00,1867.0,1867.0,1867.0,1867.0,1,0.0,0.0,-0.0009636752202483986,0.15216640840404946,GC=F,0.025211057619757185,market_normal,0.996,2.764807964245094,-0.9298524576924169
2022-05-05 00:00:00-04:00,1897.0,1904.300048828125,1874.0,1874.0,80,0.0,0.0,0.003742319256644968,0.15310966991665023,GC=F,0.09790417396691377,market_normal,0.996,2.862552136498053,-0.9613201544141199
2022-05-06 00:00:00-04:00,1874.699951171875,1890.300048828125,1871.5,1881.199951171875,214,0.0,0.0,0.003834661316685816,0.15403487191859508,GC=F,0.10031996815514331,market_elevated,1.0,2.960296308751012,-0.9836107821101876
2022-05-09 00:00:00-04:00,1866.5999755859375,1867.5,1854.0,1857.0999755859375,304,0.0,0.0,-0.012893727062383077,0.15576683963252988,GC=F,0.3373174790354919,market_volatile,1.0,3.253528825509889,-0.9937416853742839
2022-05-10 00:00:00-04:00,1839.9000244140625,1839.9000244140625,1839.9000244140625,1839.9000244140625,1540,0.0,0.0,-0.00930488248338918,0.15619238601150354,GC=F,0.2434284118806403,market_elevated,1.0,3.351272997762848,-0.9780975001771591
2022-05-11 00:00:00-04:00,1841.5,1852.5999755859375,1841.0,1852.5999755859375,892,0.0,0.0,0.006878809072376239,0.15907307344285523,GC=F,0.17995902378218698,market_elevated,1.0,3.449017170015807,-0.9531160840567966
2022-05-12 00:00:00-04:00,1849.800048828125,1851.9000244140625,1822.199951171875,1823.800048828125,153,0.0,0.0,-0.015667781369351496,0.15359425808967392,GC=F,0.40989052180325075,market_volatile,1.0,3.5467613422687663,-0.919035917584983
2022-05-13 00:00:00-04:00,1825.0,1825.0,1807.4000244140625,1807.4000244140625,335,0.0,0.0,-0.009032901296614637,0.15160494728117543,GC=F,0.23631301322019171,market_elevated,1.0,3.6445055145217253,-0.8761823409084749
2022-05-16 00:00:00-04:00,1790.5,1813.5,1787.0,1813.5,34,0.0,0.0,0.003369317747265814,0.1539093737047863,GC=F,0.08814594593777515,market_normal,0.996,3.9377380312806594,-0.6994666634241424
2022-05-17 00:00:00-04:00,1824.9000244140625,1828.5999755859375,1816.699951171875,1818.199951171875,121,0.0,0.0,0.0025882941096002548,0.15150316280277212,GC=F,0.06771330274238062,market_normal,0.996,4.035482203533618,-0.6263848137676774
2022-05-18 00:00:00-04:00,1815.0,1819.699951171875,1805.0,1815.9000244140625,311,0.0,0.0,-0.0012657478221988101,0.14758277485487872,GC=F,0.03311368872731933,market_normal,0.996,4.1332263757865775,-0.5473232947511552
2022-05-19 00:00:00-04:00,1810.9000244140625,1841.199951171875,1810.699951171875,1841.199951171875,138,0.0,0.0,0.013836280412998598,0.15935942402142123,GC=F,0.3619759597484628,market_volatile,1.0,4.2309705480395365,-0.4630368528697516
2022-05-20 00:00:00-04:00,1839.0999755859375,1841.800048828125,1836.300048828125,1841.800048828125,110,0.0,0.0,0.00032587437499885286,0.15967079930371855,GC=F,0.008525317941433382,market_normal,0.996,4.328714720292524,-0.37433011339996164
2022-05-23 00:00:00-04:00,1846.300048828125,1863.0,1845.800048828125,1847.800048828125,216,0.0,0.0,0.003252387863293797,0.1599875138020627,GC=F,0.08508690075289412,market_normal,0.996,4.621947237051401,-0.09031849589445827
2022-05-24 00:00:00-04:00,1852.5,1867.0,1852.5,1865.0999755859375,33,0.0,0.0,0.009318889191803466,0.15098135041435082,GC=F,0.243794846469261,market_elevated,1.0,4.71969140930436,0.007302364018936682
2022-05-25 00:00:00-04:00,1846.199951171875,1846.199951171875,1846.199951171875,1846.199951171875,0,0.0,0.0,-0.01018521174530886,0.15323351937698082,GC=F,0.2664590255980861,market_elevated,1.0,4.817435581557319,0.10485351323465783
2022-05-26 00:00:00-04:00,1840.4000244140625,1847.4000244140625,1840.4000244140625,1847.4000244140625,123355,0.0,0.0,0.0006498122657287857,0.15135110722825013,GC=F,0.016999974814222798,market_normal,0.996,4.915179753810278,0.20140369734617675
2022-05-27 00:00:00-04:00,1848.300048828125,1860.699951171875,1845.9000244140625,1851.300048828125,30091,0.0,0.0,0.0021088629963046065,0.15149489724868567,GC=F,0.0551707311705129,market_normal,0.996,5.0129239260632374,0.29603121747933514
2022-05-31 00:00:00-04:00,1850.300048828125,1862.0999755859375,1832.800048828125,1842.699951171875,4073,0.0,0.0,-0.004656260527504244,0.14568730400957186,GC=F,0.12181412366424864,market_elevated,1.0,5.403900615075074,0.6377022967529148
2022-06-01 00:00:00-04:00,1831.0,1847.9000244140625,1825.300048828125,1843.300048828125,1623,0.0,0.0,0.00032560914897010034,0.11800694137979187,GC=F,0.008518379266916655,market_normal,0.996,5.501644787328033,0.7098292789639976
2022-06-02 00:00:00-04:00,1845.4000244140625,1868.699951171875,1842.0999755859375,1866.5,551,0.0,0.0,0.0125075493629948,0.12561148545229509,GC=F,0.32721454391152605,market_volatile,1.0,5.599388959580992,0.7751800043166776
2022-06-03 00:00:00-04:00,1867.5999755859375,1871.800048828125,1845.4000244140625,1845.4000244140625,53,0.0,0.0,-0.011368949980497233,0.13158568736363951,GC=F,0.2974272317187657,market_elevated,1.0,5.697133131833951,0.833130613928268
2022-06-06 00:00:00-04:00,1849.0,1854.0999755859375,1839.199951171875,1839.199951171875,142,0.0,0.0,-0.003365401473737211,0.1309636295404232,GC=F,0.08804349088288758,market_normal,0.996,5.990365648592828,0.9574337796899254
2022-06-07 00:00:00-04:00,1836.9000244140625,1851.5999755859375,1835.0,1847.5,1168,0.0,0.0,0.004502705921952788,0.13128750792785873,GC=F,0.11779692582934012,market_elevated,1.0,6.0881098208458155,0.981033040029163
2022-06-08 00:00:00-04:00,1844.800048828125,1855.0,1844.4000244140625,1851.9000244140625,218,0.0,0.0,0.0023787784288539122,0.12411413536185294,GC=F,0.062232086884015846,market_normal,0.996,6.185853993098775,0.9952670458447698
2022-06-09 00:00:00-04:00,1846.0999755859375,1850.0999755859375,1837.9000244140625,1848.800048828125,159,0.0,0.0,-0.001675345880327806,0.11974769796515947,GC=F,0.043829332366852804,market_normal,0.996,0.0004128581721474234,0.999999914774066
2022-06-10 00:00:00-04:00,1842.699951171875,1875.5999755859375,1823.9000244140625,1871.5,1490,0.0,0.0,0.012203441973600668,0.12478742820092814,GC=F,0.3192586799902423,market_volatile,1.0,0.09815703042510648,0.9951864653396284
2022-06-13 00:00:00-04:00,1873.800048828125,1873.800048828125,1818.699951171875,1828.0,127,0.0,0.0,-0.02351777533038834,0.13966525720707698,GC=F,0.6152570663694097,market_extreme,1.009,0.3913895471840405,0.9243798773594836
2022-06-14 00:00:00-04:00,1825.0,1825.5,1805.300048828125,1809.5,536,0.0,0.0,-0.01017190901029815,0.1406569137893446,GC=F,0.266111007913488,market_elevated,1.0,0.48913371943699957,0.8827402215486942
2022-06-15 00:00:00-04:00,1814.0999755859375,1839.0,1810.800048828125,1815.300048828125,108,0.0,0.0,0.00320020619069026,0.14060792120734233,GC=F,0.0837217570539994,market_normal,0.996,0.5868778916899586,0.8326736458323359
2022-06-16 00:00:00-04:00,1819.199951171875,1850.5999755859375,1814.9000244140625,1845.699951171875,136,0.0,0.0,0.016607812663686532,0.1517461143323479,GC=F,0.4344830220853964,market_volatile,1.0,0.6846220639429177,0.774658101722313
2022-06-17 00:00:00-04:00,1853.699951171875,1853.699951171875,1833.5999755859375,1835.5999755859375,170,0.0,0.0,-0.00548719263781298,0.15313858415604917,GC=F,0.14355244054833352,market_elevated,1.0,0.7823662361958768,0.7092474241199458
2022-06-21 00:00:00-04:00,1835.300048828125,1838.5999755859375,1830.0999755859375,1834.5999755859375,216,0.0,0.0,-0.0005449294523729552,0.1452759762071591,GC=F,0.014256097421428048,market_normal,0.996,1.173342925207713,0.3870715096583288
2022-06-22 00:00:00-04:00,1829.5,1842.699951171875,1821.5999755859375,1834.300048828125,115,0.0,0.0,-0.00016349682819632593,0.14526477726811804,GC=F,0.004277299934351989,market_normal,0.996,1.271087097460672,0.2952424103455122
2022-06-23 00:00:00-04:00,1835.5,1841.199951171875,1825.699951171875,1825.699951171875,9,0.0,0.0,-0.004699515565206118,0.1454990475761192,GC=F,0.12294573442369684,market_elevated,1.0,1.3688312697136311,0.2005948327488537
2022-06-24 00:00:00-04:00,1820.5,1826.5,1815.800048828125,1826.5,61,0.0,0.0,0.0004381188607517011,0.1410767083850336,GC=F,0.011461786720910411,market_normal,0.996,1.4665754419665902,0.10403231285345194
2022-06-27 00:00:00-04:00,1830.5,1830.699951171875,1819.9000244140625,1820.9000244140625,77,0.0,0.0,-0.003070669489849738,0.13734086085228844,GC=F,0.08033290035192309,market_normal,0.996,1.759807958725439,-0.18788822125903779
2022-06-28 00:00:00-04:00,1824.199951171875,1826.0,1817.5,1817.5,391,0.0,0.0,-0.001868967337812985,0.13731602518107866,GC=F,0.04889473367479759,market_normal,0.996,1.857552130978398,-0.28284199499124224
2022-06-29 00:00:00-04:00,1818.300048828125,1830.300048828125,1812.800048828125,1813.699951171875,173,0.0,0.0,-0.0020929997061283,0.13697438343595042,GC=F,0.05475572587176639,market_normal,0.996,1.955296303231357,-0.37509566876250816
2022-06-30 00:00:00-04:00,1809.5999755859375,1817.300048828125,1801.0,1804.0999755859375,328,0.0,0.0,-0.005307091775332891,0.13721299625421401,GC=F,0.1388407564394663,market_elevated,1.0,2.053040475484373,-0.46376855955778423
2022-07-01 00:00:00-04:00,1795.5,1806.0999755859375,1791.5999755859375,1798.9000244140625,77,0.0,0.0,-0.0028864583859110646,0.13727075175354336,GC=F,0.07551368672266749,market_normal,0.996,2.150784647737332,-0.5480141676590594
2022-07-05 00:00:00-04:00,1805.4000244140625,1805.4000244140625,1761.800048828125,1761.800048828125,64,0.0,0.0,-0.02083933914969923,0.14387892431188762,GC=F,0.5451855241492104,market_extreme,1.009,2.5417613367491683,-0.825430848843503
2022-07-06 00:00:00-04:00,1762.5,1768.0,1734.0,1734.9000244140625,1729,0.0,0.0,-0.015386252486003978,0.14753799190752775,GC=F,0.4025253423832894,market_volatile,1.0,2.6395055090021273,-0.8765800207489419
2022-07-07 00:00:00-04:00,1745.199951171875,1745.199951171875,1737.0,1737.9000244140625,1869,0.0,0.0,0.0017277129141139384,0.14840544608558812,GC=F,0.04519932536700243,market_normal,0.996,2.7372496812550864,-0.9193610799918427
2022-07-08 00:00:00-04:00,1738.0999755859375,1749.300048828125,1732.0999755859375,1740.5999755859375,370,0.0,0.0,0.0015523655104664287,0.14694653924430448,GC=F,0.04061199822197871,market_normal,0.996,2.8349938535080454,-0.9533656249259286
2022-07-11 00:00:00-04:00,1732.5,1736.699951171875,1730.0,1730.0,75,0.0,0.0,-0.006108458837354837,0.14608857435270156,GC=F,0.1598056113518954,market_elevated,1.0,3.128226370266951,-0.9999106725649969
2022-07-12 00:00:00-04:00,1734.199951171875,1735.5,1723.300048828125,1723.300048828125,451,0.0,0.0,-0.003880322870210738,0.1459902041528414,GC=F,0.10151453664952433,market_elevated,1.0,3.22597054251991,-0.9964422974747151
2022-07-13 00:00:00-04:00,1710.0,1734.199951171875,1710.0,1734.199951171875,368,0.0,0.0,0.0063050981654516405,0.13935269211721363,GC=F,0.16494996426955263,market_elevated,1.0,3.323714714772869,-0.9834615661709497
2022-07-14 00:00:00-04:00,1710.300048828125,1710.5,1704.5,1704.5,1289,0.0,0.0,-0.017274371209107783,0.12945132584864727,GC=F,0.45192110240796096,market_volatile,1.0,3.4214588870258282,-0.9610923968578817
2022-07-15 00:00:00-04:00,1705.4000244140625,1709.699951171875,1701.0999755859375,1702.4000244140625,721,0.0,0.0,-0.0012327780896654707,0.127182994040668,GC=F,0.03225115557388643,market_normal,0.996,3.5192030592787873,-0.9295483327655054
2022-07-18 00:00:00-04:00,1712.199951171875,1712.4000244140625,1709.199951171875,1709.199951171875,264,0.0,0.0,0.003986361713753098,0.12768667740431253,GC=F,0.10428865736811017,market_elevated,1.0,3.8124355760376645,-0.7832979444547647
2022-07-19 00:00:00-04:00,1712.300048828125,1714.4000244140625,1706.0999755859375,1710.0,1684,0.0,0.0,0.0004679742946601952,0.10727810602058868,GC=F,0.012242845576336706,market_normal,0.996,3.9101797482906235,-0.7188935258683747
2022-07-20 00:00:00-04:00,1707.0999755859375,1708.5,1699.5,1699.5,130,0.0,0.0,-0.006159280360534849,0.10744932737484471,GC=F,0.16113517168746658,market_elevated,1.0,4.007923920543583,-0.6476263202295306
2022-07-21 00:00:00-04:00,1687.0,1715.5,1679.800048828125,1712.699951171875,183,0.0,0.0,0.007736953992708003,0.11410662180016518,GC=F,0.20240926487794683,market_elevated,1.0,4.105668092796542,-0.570176667030137
2022-07-22 00:00:00-04:00,1713.300048828125,1735.0,1713.0,1727.0999755859375,61,0.0,0.0,0.008372643085123987,0.1206806797303425,GC=F,0.21903975822301752,market_elevated,1.0,4.203412265049501,-0.4872839253798087
2022-07-25 00:00:00-04:00,1727.0,1732.0,1719.0,1719.0,67,0.0,0.0,-0.004700960831153482,0.12068095626673805,GC=F,0.12298354455133038,market_elevated,1.0,4.496644781808435,-0.21407443359601142
2022-07-26 00:00:00-04:00,1718.0,1718.0,1717.699951171875,1717.699951171875,1,0.0,0.0,-0.000756568166326809,0.1203390899758315,GC=F,0.019792854723007923,market_normal,0.996,4.594388954061394,-0.11772637805686721
2022-07-27 00:00:00-04:00,1719.0999755859375,1719.0999755859375,1719.0999755859375,1719.0999755859375,144865,0.0,0.0,0.0008147256292718839,0.1210303458495561,GC=F,0.02131433324452604,market_normal,0.996,4.692133126314353,-0.0202544689372014
2022-07-28 00:00:00-04:00,1732.300048828125,1755.0,1732.0,1750.300048828125,37236,0.0,0.0,0.017986345847998488,0.14076481381081912,GC=F,0.4705473296551996,market_volatile,1.0,4.789877298567312,0.07741079580770621
2022-07-29 00:00:00-04:00,1754.0,1765.699951171875,1750.0,1762.9000244140625,3485,0.0,0.0,0.007172964446712137,0.14413611823774014,GC=F,0.18765452942114283,market_elevated,1.0,4.887621470820243,0.1743370723880345
2022-08-01 00:00:00-04:00,1763.9000244140625,1772.5,1756.0999755859375,1769.0,705,0.0,0.0,0.003454221019280375,0.14430280143069907,GC=F,0.09036713128932261,market_normal,0.996,5.18085398757912,0.45151720146255686
2022-08-02 00:00:00-04:00,1772.0999755859375,1786.5999755859375,1759.4000244140625,1771.0999755859375,1078,0.0,0.0,0.001186393518112395,0.144298742431313,GC=F,0.031037671942138675,market_normal,0.996,5.278598159832079,0.5364366835197648
2022-08-03 00:00:00-04:00,1756.699951171875,1770.5,1753.0,1758.0,399,0.0,0.0,-0.007424009432775246,0.12722981992736243,GC=F,0.19422220852692781,market_elevated,1.0,5.376342332085038,0.6162351697776659
2022-08-04 00:00:00-04:00,1769.4000244140625,1792.0999755859375,1767.699951171875,1788.5,285,0.0,0.0,0.01720048045395003,0.12798294480859604,GC=F,0.44998801951166184,market_volatile,1.0,5.474086504337997,0.6901508784165745
2022-08-05 00:00:00-04:00,1791.199951171875,1791.4000244140625,1764.199951171875,1772.9000244140625,645,0.0,0.0,-0.008760642024044224,0.1327630091232682,GC=F,0.22919033945618583,market_elevated,1.0,5.571830676591013,0.7574781864896425
2022-08-08 00:00:00-04:00,1771.800048828125,1786.800048828125,1771.800048828125,1786.800048828125,127,0.0,0.0,0.007809700130070115,0.1348737665791018,GC=F,0.20431240301215997,market_elevated,1.0,5.86506319334989,0.9138530575941278
2022-08-09 00:00:00-04:00,1790.0,1796.0999755859375,1789.0,1794.0,249,0.0,0.0,0.004021425813643075,0.13245581080720933,GC=F,0.1052059820270168,market_elevated,1.0,5.962807365602849,0.9491164625090485
2022-08-10 00:00:00-04:00,1804.4000244140625,1804.9000244140625,1787.800048828125,1795.5999755859375,601,0.0,0.0,0.0008914506924313416,0.13093191576534985,GC=F,0.023321565502396075,market_normal,0.996,6.060551537855808,0.9753192987364012
2022-08-11 00:00:00-04:00,1794.300048828125,1794.300048828125,1785.699951171875,1789.699951171875,1235,0.0,0.0,-0.003291233570665182,0.13113643501365277,GC=F,0.08610315741929234,market_normal,0.996,6.158295710108767,0.9922114256382089
2022-08-12 00:00:00-04:00,1786.300048828125,1800.4000244140625,1784.300048828125,1798.5999755859375,187,0.0,0.0,0.004960590165981755,0.11229320451142343,GC=F,0.12977580192456412,market_elevated,1.0,6.256039882361726,0.9996315855794825
2022-08-15 00:00:00-04:00,1799.0,1799.0,1774.699951171875,1781.4000244140625,64,0.0,0.0,-0.009608985203734186,0.11938191447524553,GC=F,0.2513841536532332,market_elevated,1.0,0.2660870919410172,0.9648072112246362
2022-08-16 00:00:00-04:00,1777.4000244140625,1777.4000244140625,1771.4000244140625,1773.199951171875,308,0.0,0.0,-0.0046137893685845414,0.12142397750037154,GC=F,0.12070302024246875,market_elevated,1.0,0.3638312641940047,0.9345403025110659
2022-08-17 00:00:00-04:00,1769.699951171875,1769.699951171875,1760.0,1760.300048828125,23,0.0,0.0,-0.007301519543719817,0.1253765093596161,GC=F,0.19101770602865034,market_elevated,1.0,0.46157543644696375,0.8953519737856559
2022-08-18 00:00:00-04:00,1762.9000244140625,1762.9000244140625,1753.4000244140625,1755.300048828125,321,0.0,0.0,-0.002844466510612898,0.12337463503730053,GC=F,0.07441512201387394,market_normal,0.996,0.5593196086999228,0.8476163293424375
2022-08-19 00:00:00-04:00,1753.699951171875,1754.300048828125,1747.5,1747.5999755859375,49,0.0,0.0,-0.00439640617260913,0.12285209708674434,GC=F,0.11501597945927791,market_elevated,1.0,0.6570637809528819,0.791789068879401
2022-08-22 00:00:00-04:00,1740.5,1740.5,1726.5,1734.0,347,0.0,0.0,-0.00781252576674173,0.12334110073490384,GC=F,0.20438632551991337,market_elevated,1.0,0.950296297711759,0.5814420507809738
2022-08-23 00:00:00-04:00,1738.0,1748.9000244140625,1731.9000244140625,1746.800048828125,509,0.0,0.0,0.007354692223817934,0.12438346793413543,GC=F,0.19240877583472568,market_elevated,1.0,1.0480404699647181,0.4992698333919235
2022-08-24 00:00:00-04:00,1745.0,1751.800048828125,1743.5999755859375,1747.800048828125,187,0.0,0.0,0.0005723115660449006,0.12426391092622341,GC=F,0.014972450847384371,market_normal,0.996,1.1457846422176772,0.4123314268177027
2022-08-25 00:00:00-04:00,1761.5999755859375,1761.800048828125,1755.0,1757.699951171875,172,0.0,0.0,0.005648226308946638,0.12538081924584507,GC=F,0.14776530093570056,market_elevated,1.0,1.2435288144706362,0.321456772836237
2022-08-26 00:00:00-04:00,1754.0,1755.0,1736.0999755859375,1736.0999755859375,202,0.0,0.0,-0.012364904253983925,0.11758653992044102,GC=F,0.32348275337993726,market_volatile,1.0,1.3412729867235953,0.22751338989956288
2022-08-29 00:00:00-04:00,1732.4000244140625,1741.199951171875,1732.0999755859375,1736.5999755859375,950,0.0,0.0,0.0002879603826907875,0.11438359509773272,GC=F,0.007533436211375735,market_normal,0.996,1.6345055034824725,-0.06366608767019258
2022-08-30 00:00:00-04:00,1736.4000244140625,1739.0,1720.699951171875,1723.199951171875,385,0.0,0.0,-0.007746165501607033,0.11581024881738639,GC=F,0.2026502505095567,market_elevated,1.0,1.7322496757354315,-0.1607528235777373
2022-08-31 00:00:00-04:00,1718.300048828125,1720.9000244140625,1708.5,1712.800048828125,2133,0.0,0.0,-0.006053512283144235,0.11660471978910794,GC=F,0.15836813458056828,market_elevated,1.0,1.829993847988419,-0.25630496172277967
2022-09-01 00:00:00-04:00,1707.9000244140625,1707.9000244140625,1693.9000244140625,1696.5999755859375,683,0.0,0.0,-0.009503252799611197,0.11812713916661434,GC=F,0.24861804980765229,market_elevated,1.0,1.927738020241378,-0.34941033089645557
2022-09-02 00:00:00-04:00,1703.4000244140625,1715.699951171875,1703.0999755859375,1709.800048828125,182,0.0,0.0,0.0077501991662910705,0.10259783162747364,GC=F,0.2027557766771195,market_elevated,1.0,2.025482192494337,-0.43918011752753816
2022-09-06 00:00:00-04:00,1709.699951171875,1717.4000244140625,1699.699951171875,1700.4000244140625,697,0.0,0.0,-0.0055129013074622065,0.10055482278769105,GC=F,0.144225014397111,market_elevated,1.0,2.4164588815061734,-0.7484107062593549
2022-09-07 00:00:00-04:00,1694.800048828125,1715.300048828125,1694.699951171875,1715.300048828125,651,0.0,0.0,0.00872448903953951,0.1017211055124611,GC=F,0.22824452809119133,market_elevated,1.0,2.5142030537591324,-0.8095626571169221
2022-09-08 00:00:00-04:00,1718.199951171875,1718.199951171875,1705.300048828125,1708.0,1193,0.0,0.0,-0.004264925533494193,0.0996259388405757,GC=F,0.11157626668161122,market_elevated,1.0,2.6119472260121483,-0.8629862644556341
2022-09-09 00:00:00-04:00,1719.199951171875,1720.0,1712.800048828125,1716.199951171875,635,0.0,0.0,0.004789420573202699,0.10210292680070109,GC=F,0.12529777200781392,market_elevated,1.0,2.7096913982651074,-0.9081715294681694
2022-09-12 00:00:00-04:00,1727.4000244140625,1728.0999755859375,1727.4000244140625,1728.0999755859375,68,0.0,0.0,0.0069100090105372255,0.10668342117603864,GC=F,0.1807752567019322,market_elevated,1.0,3.0029239150239846,-0.9904008870662095
2022-09-13 00:00:00-04:00,1720.5,1720.5,1697.300048828125,1705.0,432,0.0,0.0,-0.013457414214637989,0.11124536422034668,GC=F,0.35206430345975426,market_volatile,1.0,3.1006680872769437,-0.9991627068054638
2022-09-14 00:00:00-04:00,1698.699951171875,1701.800048828125,1696.5,1696.5,532,0.0,0.0,-0.004997805493332346,0.10867304627993962,GC=F,0.13074940562678655,market_elevated,1.0,3.1984122595299027,-0.9983862004354701
2022-09-15 00:00:00-04:00,1685.5,1686.0,1662.300048828125,1665.4000244140625,1125,0.0,0.0,-0.018501955762987212,0.12216921973101143,GC=F,0.48403638800490806,market_volatile,1.0,3.2961564317828618,-0.9880787807338799
2022-09-16 00:00:00-04:00,1660.4000244140625,1674.9000244140625,1651.699951171875,1671.699951171875,464,0.0,0.0,0.003775694038622129,0.12326113392724775,GC=F,0.09877730376603443,market_normal,0.996,3.393900604035821,-0.9683388456190589
2022-09-19 00:00:00-04:00,1661.800048828125,1669.4000244140625,1658.5,1666.199951171875,580,0.0,0.0,-0.003295488264191871,0.12328879514629608,GC=F,0.08621446600272578,market_normal,0.996,3.687133120794698,-0.8548469779244345
2022-09-20 00:00:00-04:00,1659.699951171875,1659.699951171875,1659.699951171875,1659.699951171875,2830,0.0,0.0,-0.0039087215289053045,0.12320485956250196,GC=F,0.10225748427921226,market_elevated,1.0,3.784877293047657,-0.8001298628566488
2022-09-21 00:00:00-04:00,1665.5,1680.0999755859375,1664.5999755859375,1664.5999755859375,2337,0.0,0.0,0.002948005938547933,0.12295038116512065,GC=F,0.07712385461251234,market_normal,0.996,3.882621465300616,-0.7377744527347219
2022-09-22 00:00:00-04:00,1668.300048828125,1670.800048828125,1668.300048828125,1670.800048828125,973,0.0,0.0,0.0037177432020477504,0.12009659990592071,GC=F,0.09726123087208453,market_normal,0.996,3.980365637553575,-0.6683760122061109
2022-09-23 00:00:00-04:00,1667.0,1667.0,1645.300048828125,1645.300048828125,1224,0.0,0.0,-0.015379814777475905,0.12804395285121856,GC=F,0.402356923151135,market_volatile,1.0,4.078109809806534,-0.5925970409345108
2022-09-26 00:00:00-04:00,1623.300048828125,1623.300048828125,1623.300048828125,1623.300048828125,1205,0.0,0.0,-0.013461623673598822,0.12911853784298633,GC=F,0.3521744286452729,market_volatile,1.0,4.37134232656544,-0.33447364706703975
2022-09-27 00:00:00-04:00,1632.199951171875,1636.5999755859375,1626.699951171875,1626.699951171875,888,0.0,0.0,0.0020922483593887654,0.12670799271904812,GC=F,0.05473606961668708,market_normal,0.996,4.469086498818399,-0.24090915011581981
2022-09-28 00:00:00-04:00,1620.4000244140625,1660.4000244140625,1620.4000244140625,1660.4000244140625,18311,0.0,0.0,0.020505159126874725,0.1506171203438292,GC=F,0.5364429191368819,market_extreme,1.009,4.566830671071358,-0.14504485752485552
2022-09-29 00:00:00-04:00,1657.0,1662.5999755859375,1640.0,1658.5,6028,0.0,0.0,-0.0011449724954999327,0.14924908808578957,GC=F,0.02995404151789379,market_normal,0.996,4.664574843324317,-0.04779592042892886
2022-09-30 00:00:00-04:00,1661.699951171875,1672.699951171875,1658.0,1662.4000244140625,548,0.0,0.0,0.002348776643889567,0.14908580085962236,GC=F,0.061447199285435995,market_normal,0.996,4.762319015577248,0.04990929177875811
2022-10-03 00:00:00-04:00,1667.199951171875,1700.0,1661.9000244140625,1692.9000244140625,410,0.0,0.0,0.01818069303365146,0.160579539281681,GC=F,0.475631717001459,market_volatile,1.0,5.05555153233621,0.3364669300546969
2022-10-04 00:00:00-04:00,1701.199951171875,1728.0,1696.0,1721.0999755859375,291,0.0,0.0,0.016520558026136455,0.16865553845692355,GC=F,0.4322003218056289,market_volatile,1.0,5.153295704589141,0.42675965009285427
2022-10-05 00:00:00-04:00,1724.0999755859375,1726.5999755859375,1703.0,1711.4000244140625,418,0.0,0.0,-0.005651843841279974,0.16871669510186843,GC=F,0.14785994051362136,market_elevated,1.0,5.251039876842128,0.5129783862992716
2022-10-06 00:00:00-04:00,1721.0,1723.300048828125,1709.0999755859375,1711.699951171875,133,0.0,0.0,0.00017523692601385205,0.16591847044074512,GC=F,0.004584436899503946,market_normal,0.996,5.348784049095059,0.594300067098957
2022-10-07 00:00:00-04:00,1710.0999755859375,1710.0999755859375,1693.699951171875,1700.5,179,0.0,0.0,-0.006564674728268202,0.16683457355487538,GC=F,0.17174084105501156,market_elevated,1.0,5.446528221348046,0.6699483697710539
2022-10-10 00:00:00-04:00,1693.4000244140625,1693.4000244140625,1667.0,1667.300048828125,195,0.0,0.0,-0.01971674459509101,0.17875472849246551,GC=F,0.5158169200747398,market_extreme,1.009,5.739760738106895,0.8559429611304239
2022-10-11 00:00:00-04:00,1661.800048828125,1678.699951171875,1661.0,1678.699951171875,167,0.0,0.0,0.006814074389340839,0.17869899350458848,GC=F,0.1782654762158383,market_elevated,1.0,5.837504910359883,0.9023175743187498
2022-10-12 00:00:00-04:00,1668.0,1672.699951171875,1668.0,1670.300048828125,149,0.0,0.0,-0.005016375012451831,0.1738376779916114,GC=F,0.13123520956431217,market_elevated,1.0,5.935249082612813,0.9400783759432922
2022-10-13 00:00:00-04:00,1675.199951171875,1675.300048828125,1641.5,1670.0,729,0.0,0.0,-0.00017965381824740632,0.17323445580536265,GC=F,0.004699988822247888,market_normal,0.996,6.032993254865801,0.9688648893393953
2022-10-14 00:00:00-04:00,1665.300048828125,1667.0,1640.0,1641.699951171875,82,0.0,0.0,-0.01709136585274509,0.17147307881093385,GC=F,0.4471334327791883,market_volatile,1.0,6.130737427118731,0.988402309262144
2022-10-17 00:00:00-04:00,1650.199951171875,1657.0,1646.800048828125,1657.0,238,0.0,0.0,0.009276477868507263,0.17431040666415407,GC=F,0.2426853084289707,market_elevated,1.0,0.14078463669805075,0.9901062007595877
2022-10-18 00:00:00-04:00,1651.4000244140625,1655.199951171875,1649.0,1649.0,597,0.0,0.0,-0.004839694866963967,0.17471292661564397,GC=F,0.1266130160757077,market_elevated,1.0,0.23852880895098139,0.9716866295189329
2022-10-19 00:00:00-04:00,1637.5,1637.5,1627.5,1627.5,84,0.0,0.0,-0.013123948476874548,0.17982381148593962,GC=F,0.3433403851184671,market_volatile,1.0,0.33627298120396887,0.9439910275725353
2022-10-20 00:00:00-04:00,1622.800048828125,1641.4000244140625,1622.800048828125,1630.800048828125,477,0.0,0.0,0.00202562680358335,0.17960123621073576,GC=F,0.052993158886145246,market_normal,0.996,0.43401715345695635,0.9072837859763913
2022-10-21 00:00:00-04:00,1634.0999755859375,1653.9000244140625,1634.0999755859375,1651.0,224,0.0,0.0,0.012310443033820328,0.18482199353870238,GC=F,0.3220579736089758,market_volatile,1.0,0.531761325709887,0.8619153237749259
2022-10-24 00:00:00-04:00,1662.699951171875,1662.699951171875,1648.699951171875,1648.699951171875,29,0.0,0.0,-0.0013940959691325695,0.17687844726916602,GC=F,0.03647145123874098,market_normal,0.996,0.8249938424687926,0.6785614886118686
2022-10-25 00:00:00-04:00,1648.199951171875,1652.800048828125,1637.300048828125,1652.800048828125,880,0.0,0.0,0.0024837799570480903,0.1699657340736094,GC=F,0.06497907001883552,market_normal,0.996,0.9227380147217801,0.60363951958488
2022-10-26 00:00:00-04:00,1649.800048828125,1667.0,1649.800048828125,1664.0,89,0.0,0.0,0.006753493473110318,0.17115520036578863,GC=F,0.17668059685227877,market_elevated,1.0,1.0204821869747676,0.522955015035882
2022-10-27 00:00:00-04:00,1660.699951171875,1660.699951171875,1660.699951171875,1660.699951171875,2298,0.0,0.0,-0.001985171570581598,0.15605866233518734,GC=F,0.05193479483485733,market_normal,0.996,1.1182263592276982,0.43727821499801545
2022-10-28 00:00:00-04:00,1661.0,1661.0,1638.699951171875,1639.5999755859375,626,0.0,0.0,-0.012786876070645195,0.16223175962324238,GC=F,0.3345221114128425,market_volatile,1.0,1.2159705314806857,0.3474270175504347
2022-10-31 00:00:00-04:00,1641.800048828125,1641.800048828125,1633.4000244140625,1635.9000244140625,522,0.0,0.0,-0.002259168215868315,0.16198094240058936,GC=F,0.05910292063782552,market_normal,0.996,1.5092030482395344,0.061554341210392986
2022-11-01 00:00:00-04:00,1630.800048828125,1653.699951171875,1630.800048828125,1645.0,985,0.0,0.0,0.005547257675413403,0.14873266724044337,GC=F,0.14512382382358968,market_elevated,1.0,1.606947220492465,-0.03614302002255731
2022-11-02 00:00:00-04:00,1650.800048828125,1664.699951171875,1634.0,1645.699951171875,612,0.0,0.0,0.0004254117317392756,0.13407081222327033,GC=F,0.01112935090126635,market_normal,0.996,1.7046913927454526,-0.13349534845039626
2022-11-03 00:00:00-04:00,1629.199951171875,1629.199951171875,1615.0999755859375,1627.300048828125,1427,0.0,0.0,-0.011243566259035888,0.13728074865605402,GC=F,0.29414702261934866,market_elevated,1.0,1.8024355649983832,-0.22957328767318305
2022-11-04 00:00:00-04:00,1630.199951171875,1674.5,1629.0,1672.5,159,0.0,0.0,0.02739728333020796,0.1717694411040084,GC=F,0.65,market_extreme,1.009,1.9001797372513707,-0.32345964701730817
2022-11-07 00:00:00-05:00,1676.9000244140625,1677.9000244140625,1672.9000244140625,1676.5,42,0.0,0.0,0.0023887739038996633,0.1709808739273046,GC=F,0.062493582138869776,market_normal,0.996,2.1934122540102194,-0.583162216881336
2022-11-08 00:00:00-05:00,1703.199951171875,1712.0999755859375,1703.199951171875,1712.0999755859375,23,0.0,0.0,0.02101238604477114,0.1720428985074383,GC=F,0.5497126668534229,market_extreme,1.009,2.291156426263207,-0.6596553540572173
2022-11-09 00:00:00-05:00,1707.4000244140625,1720.199951171875,1706.0,1710.0999755859375,497,0.0,0.0,-0.0011688389084410285,0.17101666480688316,GC=F,0.03057841941948577,market_normal,0.996,2.3889005985161376,-0.7298512106761927
2022-11-10 00:00:00-05:00,1708.199951171875,1750.300048828125,1708.199951171875,1750.300048828125,325,0.0,0.0,0.023235395651179536,0.1860779104169117,GC=F,0.6078696289697568,market_extreme,1.009,2.486644770769125,-0.7930796746861327
2022-11-11 00:00:00-05:00,1763.800048828125,1766.0,1757.5999755859375,1766.0,257,0.0,0.0,0.008929872470112414,0.1872648752242073,GC=F,0.23361763865118082,market_elevated,1.0,2.5843889430220557,-0.848737146988433
2022-11-14 00:00:00-05:00,1762.0,1773.5999755859375,1761.5999755859375,1773.5999755859375,358,0.0,0.0,0.004294263372937783,0.17294812029383186,GC=F,0.1123437845601563,market_elevated,1.0,2.877621459781018,-0.9653614439631484
2022-11-15 00:00:00-05:00,1770.800048828125,1773.800048828125,1769.9000244140625,1773.800048828125,57,0.0,0.0,0.00011279993292139435,0.17212307662734855,GC=F,0.0029510000346932175,market_normal,0.996,2.9753656320339488,-0.9862160716794806
2022-11-16 00:00:00-05:00,1776.5999755859375,1778.9000244140625,1773.0,1773.0,303,0.0,0.0,-0.0004511383955566457,0.17018672937149426,GC=F,0.011802395502015403,market_normal,0.996,3.0731098042869363,-0.9976559659977593
2022-11-17 00:00:00-05:00,1763.0,1763.0,1756.0,1760.800048828125,18,0.0,0.0,-0.006904748131308381,0.1637978278692552,GC=F,0.18063762492871427,market_elevated,1.0,3.170853976539867,-0.9995719180354542
2022-11-18 00:00:00-05:00,1763.300048828125,1763.300048828125,1747.5999755859375,1751.9000244140625,414,0.0,0.0,-0.005067351765360675,0.1665576298116528,GC=F,0.13256883092122712,market_elevated,1.0,3.2685981487928544,-0.9919456375028871
2022-11-21 00:00:00-05:00,1739.0,1744.9000244140625,1736.0999755859375,1737.4000244140625,544,0.0,0.0,-0.008311170299651035,0.16798723051938474,GC=F,0.21743154634411696,market_elevated,1.0,3.56183066555176,-0.912991862584675
2022-11-22 00:00:00-05:00,1741.699951171875,1741.699951171875,1738.300048828125,1738.300048828125,15,0.0,0.0,0.0005178953391911294,0.16756901259209156,GC=F,0.013548848162751075,market_normal,0.996,3.6595748378046906,-0.8688200248854816
2022-11-23 00:00:00-05:00,1736.5,1750.9000244140625,1736.5,1744.9000244140625,39,0.0,0.0,0.0037896091787737837,0.16762649986618658,GC=F,0.09914134280406213,market_normal,0.996,3.757319010057678,-0.8163541539210495
2022-11-25 00:00:00-05:00,1753.0,1757.9000244140625,1749.199951171875,1753.300048828125,216,0.0,0.0,0.004802492929499426,0.16715034626740263,GC=F,0.12563976267115987,market_elevated,1.0,3.952807354563596,-0.688618132155208
2022-11-28 00:00:00-05:00,1741.300048828125,1741.300048828125,1740.0999755859375,1740.0999755859375,132767,0.0,0.0,-0.007557185534083681,0.17011786765801576,GC=F,0.19770627690714013,market_elevated,1.0,4.246039871322445,-0.44962825576798066
2022-11-29 00:00:00-05:00,1739.5,1758.199951171875,1737.9000244140625,1748.4000244140625,19416,0.0,0.0,0.004758529161550502,0.1612365483983313,GC=F,0.1244896105621783,market_elevated,1.0,4.3437840435754325,-0.36031442493711785
2022-11-30 00:00:00-05:00,1748.0999755859375,1769.4000244140625,1745.0999755859375,1746.0,3339,0.0,0.0,-0.001373640553271435,0.1608973198326542,GC=F,0.03593630967125496,market_normal,0.996,4.441528215828363,-0.26756091760166273
2022-12-01 00:00:00-05:00,1768.699951171875,1803.699951171875,1768.699951171875,1801.0999755859375,1053,0.0,0.0,0.0310701183883798,0.18782414837619477,GC=F,0.65,market_extreme,1.009,4.539272388081351,-0.1722531883473489
2022-12-02 00:00:00-05:00,1802.0,1802.300048828125,1779.4000244140625,1795.9000244140625,1725,0.0,0.0,-0.002891273168903714,0.18903750156030463,GC=F,0.07563964801014672,market_normal,0.996,4.637016560334281,-0.07530107517781463
2022-12-05 00:00:00-05:00,1795.699951171875,1808.0,1764.300048828125,1767.4000244140625,1713,0.0,0.0,-0.015996748721572914,0.19455390242649892,GC=F,0.41849675624573784,market_volatile,1.0,4.930249077093187,0.21614079885384535
2022-12-06 00:00:00-05:00,1768.5999755859375,1779.4000244140625,1767.9000244140625,1769.300048828125,105,0.0,0.0,0.0010744618189316108,0.17493155826234597,GC=F,0.02810938608583462,market_normal,0.996,5.027993249346174,0.310390951369765
2022-12-07 00:00:00-05:00,1769.300048828125,1790.300048828125,1769.300048828125,1785.5,422,0.0,0.0,0.009114472318120768,0.17633671248492438,GC=F,0.23844702235530618,market_elevated,1.0,5.125737421599105,0.4016780127941007
2022-12-08 00:00:00-05:00,1782.0,1790.9000244140625,1782.0,1788.699951171875,713,0.0,0.0,0.0017905836665891154,0.1637166245676472,GC=F,0.0468441099686451,market_normal,0.996,5.223481593852092,0.4891305277018409
2022-12-09 00:00:00-05:00,1794.9000244140625,1804.300048828125,1791.0999755859375,1798.0999755859375,125,0.0,0.0,0.005241466558799575,0.16361766684269669,GC=F,0.13712391130267426,market_elevated,1.0,5.321225766105023,0.5719136464727151
2022-12-12 00:00:00-05:00,1787.300048828125,1793.9000244140625,1777.699951171875,1780.5,85,0.0,0.0,-0.009836314542059353,0.15007480843413873,GC=F,0.2573313990806914,market_elevated,1.0,5.614458282863929,0.7846115306506452
2022-12-13 00:00:00-05:00,1780.699951171875,1819.800048828125,1780.5,1813.9000244140625,205,0.0,0.0,0.01858501310552256,0.1600488290923364,GC=F,0.4862092813245711,market_volatile,1.0,5.712202455116859,0.8413701901380767
2022-12-14 00:00:00-05:00,1810.800048828125,1812.800048828125,1797.9000244140625,1807.5,1074,0.0,0.0,-0.0035345617904352757,0.16048468240537234,GC=F,0.09246895539794693,market_normal,0.996,5.809946627369847,0.8900968612441916
2022-12-15 00:00:00-05:00,1801.0,1801.0,1774.800048828125,1777.199951171875,421,0.0,0.0,-0.0169056104459163,0.17195677003766166,GC=F,0.4422738180808515,market_volatile,1.0,5.907690799622777,0.930326383614106
2022-12-16 00:00:00-05:00,1777.9000244140625,1791.4000244140625,1777.9000244140625,1790.0,206,0.0,0.0,0.007176555247797316,0.1736751764159248,GC=F,0.18774846967316694,market_elevated,1.0,6.005434971875822,0.9616747133869874
2022-12-19 00:00:00-05:00,1791.5999755859375,1796.300048828125,1785.5999755859375,1787.699951171875,79,0.0,0.0,-0.0012857697271356746,0.1717553436827581,GC=F,0.03363748905798518,market_normal,0.996,0.015482181455084287,0.9998801534226395
2022-12-20 00:00:00-05:00,1786.5,1821.4000244140625,1786.5,1815.9000244140625,51,0.0,0.0,0.015651375902693578,0.1778437718733375,GC=F,0.40946133242855126,market_volatile,1.0,0.11322635370807177,0.9935967417251289
2022-12-21 00:00:00-05:00,1817.4000244140625,1821.4000244140625,1814.4000244140625,1815.9000244140625,35,0.0,0.0,0.0,0.17423765718763554,GC=F,0.0,market_normal,0.996,0.2109705259610024,0.9778281383975637
2022-12-22 00:00:00-05:00,1818.0999755859375,1818.0999755859375,1785.0,1787.0,411,0.0,0.0,-0.016042989850930472,0.18523498731409194,GC=F,0.41970648723408427,market_volatile,1.0,0.3087146982139899,0.9527248755602711
2022-12-23 00:00:00-05:00,1794.300048828125,1802.800048828125,1794.0999755859375,1795.9000244140625,49,0.0,0.0,0.004968066459595485,0.1854781183868618,GC=F,0.12997139195854818,market_elevated,1.0,0.40645887046692053,0.9185265969727173
2022-12-27 00:00:00-05:00,1803.4000244140625,1826.300048828125,1803.4000244140625,1814.800048828125,69,0.0,0.0,0.010468993076297851,0.18782258437509217,GC=F,0.2738831321192963,market_elevated,1.0,0.7974355594787568,0.6985440334643649
2022-12-28 00:00:00-05:00,1803.199951171875,1807.9000244140625,1803.0999755859375,1807.9000244140625,434,0.0,0.0,-0.0038093315032526956,0.18594914253917635,GC=F,0.09965730570150515,market_normal,0.996,0.8951797317317443,0.6253785779593476
2022-12-29 00:00:00-05:00,1805.800048828125,1819.5,1805.800048828125,1819.5,277,0.0,0.0,0.0063957738601456895,0.18636116355913104,GC=F,0.16732216406841632,market_elevated,1.0,0.9929239039847317,0.5462430589424635
2022-12-30 00:00:00-05:00,1817.0,1822.300048828125,1816.800048828125,1819.699951171875,95,0.0,0.0,0.0001098874339190406,0.18610367775624378,GC=F,0.002874805089941085,market_normal,0.996,1.0906680762376624,0.46189292933656206
2023-01-03 00:00:00-05:00,1836.199951171875,1839.699951171875,1836.199951171875,1839.699951171875,29,0.0,0.0,0.010930862804251935,0.15726554291845551,GC=F,0.28596627390774093,market_elevated,1.0,1.4816447652494986,0.08903351235230031
2023-01-04 00:00:00-05:00,1845.5999755859375,1859.0999755859375,1845.5999755859375,1852.800048828125,25,0.0,0.0,0.007095546441984838,0.15794785754539953,GC=F,0.18562916886711353,market_elevated,1.0,1.579388937502486,-0.008592504971667803
2023-01-05 00:00:00-05:00,1855.199951171875,1855.199951171875,1834.800048828125,1834.800048828125,24,0.0,0.0,-0.009762524397120638,0.15055708674265247,GC=F,0.2554009482848925,market_elevated,1.0,1.6771331097554167,-0.10613649550058703
2023-01-06 00:00:00-05:00,1838.4000244140625,1868.199951171875,1835.300048828125,1864.199951171875,26,0.0,0.0,0.01589647009927115,0.1582384065400763,GC=F,0.4158733307681916,market_volatile,1.0,1.7748772820084042,-0.20266727316715089
2023-01-09 00:00:00-05:00,1867.0,1880.0,1867.0,1872.699951171875,62,0.0,0.0,0.004549233258291233,0.15661147454991542,GC=F,0.11901414438251617,market_elevated,1.0,2.068109798767253,-0.4770661611813689
2023-01-10 00:00:00-05:00,1877.800048828125,1878.0999755859375,1871.5999755859375,1871.5999755859375,101,0.0,0.0,-0.0005875467452382744,0.15691968396179462,GC=F,0.015371023906461754,market_normal,0.996,2.1658539710202405,-0.5605564915461579
2023-01-11 00:00:00-05:00,1873.0999755859375,1877.800048828125,1873.0999755859375,1874.5999755859375,1236,0.0,0.0,0.0016016233411999265,0.15652438190590587,GC=F,0.04190065023123797,market_normal,0.996,2.263598143273228,-0.6386955707257211
2023-01-12 00:00:00-05:00,1877.199951171875,1897.4000244140625,1877.199951171875,1895.5,59,0.0,0.0,0.01108736566761589,0.1533652210844622,GC=F,0.2900606021866279,market_elevated,1.0,2.3613423155261586,-0.7107374581299475
2023-01-13 00:00:00-05:00,1899.0,1920.9000244140625,1898.300048828125,1918.4000244140625,512,0.0,0.0,0.012008862043122856,0.14647136054984547,GC=F,0.31416820372204485,market_volatile,1.0,2.459086487779146,-0.7759944189076223
2023-01-17 00:00:00-05:00,1920.0999755859375,1920.0999755859375,1905.199951171875,1907.199951171875,706,0.0,0.0,-0.005855345730477272,0.14792294361728836,GC=F,0.1531838273859642,market_elevated,1.0,2.8500631767909823,-0.9578053975799646
2023-01-18 00:00:00-05:00,1911.0999755859375,1911.0999755859375,1903.0999755859375,1904.4000244140625,1027,0.0,0.0,-0.0014691611288529948,0.13103350746006548,GC=F,0.038435258159562405,market_normal,0.996,2.947807349043913,-0.9812823130603824
2023-01-19 00:00:00-05:00,1922.0999755859375,1931.800048828125,1922.0999755859375,1922.0999755859375,371,0.0,0.0,0.00925131447113823,0.13200206628422875,GC=F,0.24202699964645785,market_elevated,1.0,3.0455515212969004,-0.9953915943772702
2023-01-20 00:00:00-05:00,1922.0999755859375,1928.5,1921.4000244140625,1926.4000244140625,1346,0.0,0.0,0.002234663176594187,0.13099008632259185,GC=F,0.05846183540066936,market_normal,0.996,3.143295693549888,-0.9999985498277977
2023-01-23 00:00:00-05:00,1926.5,1927.0999755859375,1915.0,1927.0999755859375,218,0.0,0.0,0.0003632807471507761,0.12370979449608982,GC=F,0.009503919636125848,market_normal,0.996,3.4365282103087935,-0.956820876564091
2023-01-24 00:00:00-05:00,1931.800048828125,1936.800048828125,1931.800048828125,1933.9000244140625,201,0.0,0.0,0.0035224324574504432,0.12329548453843187,GC=F,0.09215163551014177,market_normal,0.996,3.534272382561724,-0.9238869383061917
2023-01-25 00:00:00-05:00,1941.199951171875,1941.199951171875,1939.800048828125,1941.199951171875,7,0.0,0.0,0.003767611384967313,0.10200749434515219,GC=F,0.09856585052667481,market_normal,0.996,3.6320165548147116,-0.8821332804514357
2023-01-26 00:00:00-05:00,1936.5999755859375,1937.0999755859375,1927.0999755859375,1929.0999755859375,131,0.0,0.0,-0.0062527531393145016,0.10782433683952788,GC=F,0.16358054701950553,market_elevated,1.0,3.7297607270676423,-0.8319584967445736
2023-01-27 00:00:00-05:00,1928.5999755859375,1928.5999755859375,1928.5999755859375,1928.5999755859375,150902,0.0,0.0,-0.00025922182084070467,0.10534708857394129,GC=F,0.006781596251721446,market_normal,0.996,3.8275048993206298,-0.7738415716854665
2023-01-30 00:00:00-05:00,1928.300048828125,1933.5999755859375,1920.300048828125,1922.9000244140625,27220,0.0,0.0,-0.0029598625643060456,0.10470495057066757,GC=F,0.0774340401074622,market_normal,0.996,4.1207374160794785,-0.5577326154712716
2023-01-31 00:00:00-05:00,1923.0,1930.4000244140625,1900.5999755859375,1929.5,1910,0.0,0.0,0.0034264261246514465,0.1039715784299001,GC=F,0.08963997895075322,market_normal,0.996,4.218481588332466,-0.4740699071115922
2023-02-01 00:00:00-05:00,1927.199951171875,1955.0,1922.0,1927.800048828125,2290,0.0,0.0,-0.000881420299387641,0.10435019426243165,GC=F,0.02305915674510919,market_normal,0.996,4.316225760585397,-0.3858815761063092
2023-02-02 00:00:00-05:00,1952.300048828125,1959.0999755859375,1911.300048828125,1916.300048828125,748,0.0,0.0,-0.005983212723418652,0.1040873260091313,GC=F,0.1565290022529482,market_elevated,1.0,4.413969932838327,-0.2940094964108671
2023-02-03 00:00:00-05:00,1912.4000244140625,1917.0,1861.5,1862.9000244140625,992,0.0,0.0,-0.02826184255379748,0.14575516769392924,GC=F,0.65,market_extreme,1.009,4.511714105091315,-0.19933070822146734
2023-02-06 00:00:00-05:00,1865.5999755859375,1880.0,1863.4000244140625,1866.199951171875,424,0.0,0.0,0.0017698252343863036,0.14116705932209192,GC=F,0.046301041080533595,market_normal,0.996,4.8049466218501635,0.09242554245697296
2023-02-07 00:00:00-05:00,1870.0,1875.699951171875,1868.0,1871.699951171875,297,0.0,0.0,0.0029428310618131773,0.1304467566904131,GC=F,0.07698847278179406,market_normal,0.996,4.902690794103208,0.18915526872008018
2023-02-08 00:00:00-05:00,1872.0999755859375,1880.4000244140625,1872.0999755859375,1877.4000244140625,230,0.0,0.0,0.003040771209810025,0.12991535193036194,GC=F,0.07955072058328844,market_normal,0.996,5.0004349663561385,0.28407925841380016
2023-02-09 00:00:00-05:00,1875.300048828125,1884.5999755859375,1859.800048828125,1866.199951171875,223,0.0,0.0,-0.005983602271623308,0.13161889595482265,GC=F,0.15653919336508526,market_elevated,1.0,5.098179138609126,0.3762913368350976
2023-02-10 00:00:00-05:00,1861.5999755859375,1863.5,1852.4000244140625,1862.800048828125,27,0.0,0.0,-0.0018234933150134012,0.1315834113455267,GC=F,0.04770507123986754,market_normal,0.996,5.195923310862057,0.4649112180512514
2023-02-13 00:00:00-05:00,1859.0,1861.0,1850.0,1851.9000244140625,569,0.0,0.0,-0.005868606069231897,0.126088243531773,GC=F,0.15353073592670075,market_elevated,1.0,5.489155827620962,0.7009772553506606
2023-02-14 00:00:00-05:00,1854.0999755859375,1862.0,1846.199951171875,1854.0,656,0.0,0.0,0.0011333148745895825,0.11714386834065318,GC=F,0.02964906226108114,market_normal,0.996,5.58689999987395,0.7672299755168617
2023-02-15 00:00:00-05:00,1842.0,1842.0,1828.199951171875,1834.199951171875,368,0.0,0.0,-0.0107370746218953,0.12053610745489281,GC=F,0.28089651084984907,market_elevated,1.0,5.68464417212688,0.826158473454329
2023-02-16 00:00:00-05:00,1838.5999755859375,1843.699951171875,1827.199951171875,1842.0,222,0.0,0.0,0.004243545311346955,0.1223789922499066,GC=F,0.1110169309208159,market_elevated,1.0,5.782388344379868,0.8772001989131794
2023-02-17 00:00:00-05:00,1827.4000244140625,1842.199951171875,1818.4000244140625,1840.4000244140625,35,0.0,0.0,-0.0008689852683103383,0.11593832848350151,GC=F,0.02273383937842154,market_normal,0.996,5.8801325166327985,0.9198678912907617
2023-02-21 00:00:00-05:00,1842.5999755859375,1843.0,1833.0,1833.0,862,0.0,0.0,-0.004028983707236791,0.11503604095121786,GC=F,0.10540370682772927,market_elevated,1.0,6.271109205644635,0.9999270847719811
2023-02-22 00:00:00-05:00,1835.699951171875,1836.199951171875,1825.0999755859375,1832.0,278,0.0,0.0,-0.000545702605629464,0.11480711468110329,GC=F,0.014276324164722042,market_normal,0.996,0.08566807071803595,0.9963327344970437
2023-02-23 00:00:00-05:00,1826.4000244140625,1827.5,1818.0,1818.0,291,0.0,0.0,-0.0076712704966514795,0.11406515632040597,GC=F,0.20069089506937038,market_elevated,1.0,0.1834122429709666,0.9832270739317825
2023-02-24 00:00:00-05:00,1808.800048828125,1808.800048828125,1808.800048828125,1808.800048828125,404,0.0,0.0,-0.005073326778902653,0.11159637868606623,GC=F,0.13272514542171496,market_elevated,1.0,0.28115641522395407,0.9607352138949681
2023-02-27 00:00:00-05:00,1811.5999755859375,1817.5,1808.9000244140625,1817.0,829,0.0,0.0,0.004523120437649741,0.1142922608473031,GC=F,0.1183309973927686,market_elevated,1.0,0.5743889319828028,0.839524465768271
2023-02-28 00:00:00-05:00,1808.0999755859375,1830.0,1808.0999755859375,1828.9000244140625,618,0.0,0.0,0.006527917163400628,0.11856962777931669,GC=F,0.17077921304345026,market_elevated,1.0,0.6721331042357903,0.7824952558000693
2023-03-01 00:00:00-05:00,1827.0999755859375,1841.699951171875,1827.0999755859375,1837.699951171875,211,0.0,0.0,0.004800056571569328,0.12123045879730482,GC=F,0.1255760242260204,market_elevated,1.0,0.769877276488721,0.7179960963652904
2023-03-02 00:00:00-05:00,1830.0,1836.300048828125,1830.0,1833.5,154,0.0,0.0,-0.0022880546197603423,0.11951774374336746,GC=F,0.05985862834686234,market_normal,0.996,0.8676214487417084,0.6466427170264937
2023-03-03 00:00:00-05:00,1837.300048828125,1855.4000244140625,1837.300048828125,1847.699951171875,61,0.0,0.0,0.007714887423290701,0.12452612781890335,GC=F,0.20183197333681271,market_elevated,1.0,0.9653656209946959,0.569116279917264
2023-03-06 00:00:00-05:00,1853.300048828125,1853.800048828125,1844.199951171875,1847.9000244140625,5,0.0,0.0,0.00010827646049621364,0.12387004107868574,GC=F,0.002832659828826745,market_normal,0.996,1.2585981377535447,0.30715130694785703
2023-03-07 00:00:00-05:00,1840.9000244140625,1840.9000244140625,1813.9000244140625,1813.9000244140625,450,0.0,0.0,-0.0185706355718125,0.09995722641397334,GC=F,0.4858331454406361,market_volatile,1.0,1.3563423100065322,0.21281398381869807
2023-03-08 00:00:00-05:00,1811.5999755859375,1812.9000244140625,1811.5,1812.699951171875,75,0.0,0.0,-0.0006618172911648265,0.09937893334004884,GC=F,0.01731404264707281,market_normal,0.996,1.4540864822595196,0.11644507047460594
2023-03-09 00:00:00-05:00,1816.4000244140625,1829.300048828125,1815.5999755859375,1829.300048828125,332,0.0,0.0,0.009115987157307687,0.10491297789414214,GC=F,0.2384866526137414,market_elevated,1.0,1.5518306545125071,0.01896453532113613
2023-03-10 00:00:00-05:00,1852.300048828125,1868.5,1852.0,1862.0,248,0.0,0.0,0.017717772147514535,0.12296312857863857,GC=F,0.4635210754818205,market_volatile,1.0,1.6495748267654378,-0.07869704133950238
2023-03-13 00:00:00-04:00,1890.800048828125,1913.0999755859375,1875.0999755859375,1911.699951171875,503,0.0,0.0,0.026341694156230083,0.152001002442916,GC=F,0.65,market_extreme,1.009,1.9428073435243434,-0.3634896253703372
2023-03-14 00:00:00-04:00,1912.199951171875,1912.199951171875,1901.0999755859375,1906.199951171875,107,0.0,0.0,-0.0028811671051432153,0.15230530054239474,GC=F,0.07537525960374025,market_normal,0.996,2.040551515777274,-0.45266800607004665
2023-03-15 00:00:00-04:00,1903.9000244140625,1926.5999755859375,1898.5,1926.5999755859375,564,0.0,0.0,0.010645072763326822,0.15352766356588932,GC=F,0.2784896167959615,market_elevated,1.0,2.1382956880302615,-0.5375250735024972
2023-03-16 00:00:00-04:00,1909.9000244140625,1931.699951171875,1909.9000244140625,1919.0,394,0.0,0.0,-0.003952561643726087,0.15484582589176188,GC=F,0.10340440145377508,market_elevated,1.0,2.236039860283192,-0.6172507550174287
2023-03-17 00:00:00-04:00,1946.0,1985.0999755859375,1946.0,1969.800048828125,82,0.0,0.0,0.026127822516268665,0.1696655608733823,GC=F,0.65,market_extreme,1.009,2.3337840325361796,-0.6910839638125617
2023-03-20 00:00:00-04:00,1988.300048828125,2003.9000244140625,1968.9000244140625,1979.199951171875,389,0.0,0.0,0.004760658443617601,0.16970754623397935,GC=F,0.12454531548407981,market_elevated,1.0,2.6270165492950284,-0.8705014275086073
2023-03-21 00:00:00-04:00,1973.800048828125,1973.800048828125,1938.0,1938.0,47,0.0,0.0,-0.021036184516874452,0.18937123498617267,GC=F,0.5503352673300692,market_extreme,1.009,2.724760721548016,-0.914376168802046
2023-03-22 00:00:00-04:00,1946.800048828125,1974.0,1946.800048828125,1946.800048828125,50,0.0,0.0,0.004530510589810312,0.18799158412697087,GC=F,0.11852433384889424,market_elevated,1.0,2.8225048938009465,-0.9495219833399353
2023-03-23 00:00:00-04:00,1990.5,1994.5999755859375,1990.5,1993.800048828125,33,0.0,0.0,0.023855366038062705,0.2009639870790431,GC=F,0.6240888995474789,market_extreme,1.009,2.920249066053934,-0.9756033579589899
2023-03-24 00:00:00-04:00,1991.699951171875,1995.4000244140625,1982.0999755859375,1982.0999755859375,19,0.0,0.0,-0.005885513691905922,0.19974536961855274,GC=F,0.15397306238741235,market_elevated,1.0,3.0179932383068646,-0.9923713115324827
2023-03-27 00:00:00-04:00,1957.199951171875,1957.199951171875,1952.4000244140625,1952.4000244140625,877,0.0,0.0,-0.015097478869044783,0.2083869611059451,GC=F,0.3949706308547027,market_volatile,1.0,3.31122575506577,-0.9856467733253187
2023-03-28 00:00:00-04:00,1972.4000244140625,1972.4000244140625,1972.4000244140625,1972.4000244140625,21,0.0,0.0,0.01019169021018235,0.20961195303819935,GC=F,0.2666285110718031,market_elevated,1.0,3.4089699273187577,-0.9644671443699879
2023-03-29 00:00:00-04:00,1966.0999755859375,1966.0999755859375,1966.0999755859375,1966.0999755859375,88563,0.0,0.0,-0.0031992150318794522,0.21078503027168694,GC=F,0.08369582698817996,market_normal,0.996,3.5067140995716883,-0.9340804042184704
2023-03-30 00:00:00-04:00,1965.9000244140625,1984.4000244140625,1954.9000244140625,1980.300048828125,10119,0.0,0.0,0.007196500323830662,0.21114236716341114,GC=F,0.18827026005496952,market_elevated,1.0,3.604458271824676,-0.8947766343909755
2023-03-31 00:00:00-04:00,1981.300048828125,1986.800048828125,1968.0,1969.0,957,0.0,0.0,-0.005722573380642285,0.21267037842471798,GC=F,0.14971032169476503,market_elevated,1.0,3.7022024440776065,-0.8469310412191946
2023-04-03 00:00:00-04:00,1968.0999755859375,1991.699951171875,1950.0,1983.9000244140625,737,0.0,0.0,0.007538817015696076,0.21262618724845098,GC=F,0.19722573142280142,market_elevated,1.0,3.995434960836569,-0.6570916310758669
2023-04-04 00:00:00-04:00,1984.5999755859375,2027.0999755859375,1979.0,2022.199951171875,811,0.0,0.0,0.01912138685643545,0.21903659656608593,GC=F,0.500241549931109,market_extreme,1.009,4.0931791330894995,-0.5803918909581912
2023-04-05 00:00:00-04:00,2022.0999755859375,2033.800048828125,2013.5999755859375,2020.9000244140625,525,0.0,0.0,-0.0006430347062673179,0.20372763352791753,GC=F,0.016822664618303933,market_normal,0.996,4.190923305342487,-0.4981515446014496
2023-04-06 00:00:00-04:00,2022.199951171875,2023.300048828125,2005.0,2011.9000244140625,0,0.0,0.0,-0.004463407474970126,0.20551095515769335,GC=F,0.11676882487745358,market_elevated,1.0,4.288667477595418,-0.4111556846013128
2023-04-10 00:00:00-04:00,2000.0,2006.5999755859375,1984.0,1989.0999755859375,652,0.0,0.0,-0.011397298492928634,0.21245806946604576,GC=F,0.2981688674538407,market_elevated,1.0,4.679644166607254,-0.03273896246832779
2023-04-11 00:00:00-04:00,1991.4000244140625,2006.5,1991.4000244140625,2004.800048828125,68,0.0,0.0,0.007862066660321815,0.20710886627357644,GC=F,0.20568238283916235,market_elevated,1.0,4.7773883388601845,0.06495359866500736
2023-04-12 00:00:00-04:00,2005.199951171875,2025.699951171875,2005.199951171875,2010.9000244140625,172,0.0,0.0,0.0030380656754726365,0.1897576564062017,GC=F,0.07947994011634382,market_normal,0.996,4.875132511113172,0.16202609201382676
2023-04-13 00:00:00-04:00,2015.5999755859375,2048.60009765625,2015.5999755859375,2041.300048828125,1043,0.0,0.0,0.015004488526765062,0.1935519072176266,GC=F,0.3925378767192475,market_volatile,1.0,4.972876683366103,0.2575518325731712
2023-04-14 00:00:00-04:00,2041.0,2047.800048828125,1995.0,2002.199951171875,718,0.0,0.0,-0.01934033210150383,0.2065719782143648,GC=F,0.5059694560482426,market_extreme,1.009,5.07062085561909,0.35061890113412114
2023-04-17 00:00:00-04:00,2002.699951171875,2007.5999755859375,1983.199951171875,1994.199951171875,554,0.0,0.0,-0.004003608688523414,0.20659006684277578,GC=F,0.10473986174232751,market_elevated,1.0,5.363853372377939,0.6063515351658971
2023-04-18 00:00:00-04:00,1996.9000244140625,2007.4000244140625,1996.9000244140625,2007.4000244140625,72,0.0,0.0,0.006597421632108531,0.1878785094819157,GC=F,0.17259754470603456,market_elevated,1.0,5.461597544630983,0.6810594618731597
2023-04-19 00:00:00-04:00,2005.699951171875,2006.4000244140625,1969.800048828125,1995.199951171875,61,0.0,0.0,-0.006096093088757149,0.18882964108321662,GC=F,0.15948210650933298,market_elevated,1.0,5.559341716883914,0.7492657775785553
2023-04-20 00:00:00-04:00,1998.0,2007.5999755859375,1998.0,2007.5999755859375,164,0.0,0.0,0.006195695166983959,0.17279028651830472,GC=F,0.16208783267149,market_elevated,1.0,5.657085889136901,0.8103193630225747
2023-04-21 00:00:00-04:00,1996.199951171875,1996.199951171875,1974.0999755859375,1979.5,132,0.0,0.0,-0.014095679073773076,0.18078110242133255,GC=F,0.36876218237395225,market_volatile,1.0,5.754830061389832,0.8636373811915784
2023-04-24 00:00:00-04:00,1981.300048828125,1989.800048828125,1977.4000244140625,1989.0999755859375,145,0.0,0.0,0.004837975290905525,0.16115045836652686,GC=F,0.12656802962157873,market_elevated,1.0,6.048062578148738,0.9724857574145556
2023-04-25 00:00:00-04:00,1995.699951171875,1999.0999755859375,1982.300048828125,1994.0,306,0.0,0.0,0.002460408684692786,0.1599722950497483,GC=F,0.0643676456700339,market_normal,0.996,6.145806750401668,0.9905783977830727
2023-04-26 00:00:00-04:00,1997.800048828125,1998.800048828125,1985.5999755859375,1985.699951171875,615,0.0,0.0,-0.004171199318677286,0.15095787993812937,GC=F,0.1091242611173074,market_elevated,1.0,6.243550922654656,0.9992146605961942
2023-04-27 00:00:00-04:00,1990.5999755859375,2002.300048828125,1979.9000244140625,1989.9000244140625,355,0.0,0.0,0.0021129262655032468,0.14717526725616717,GC=F,0.05527703183253999,market_normal,0.996,0.05810978772800013,0.998312101332597
2023-04-28 00:00:00-04:00,1986.9000244140625,1990.0999755859375,1977.699951171875,1990.0999755859375,152,0.0,0.0,0.00010047797590101929,0.1465954172222851,GC=F,0.0026286408394980004,market_normal,0.996,0.1558539599809876,0.9878793361110865
2023-05-01 00:00:00-04:00,1980.0999755859375,2005.0,1976.9000244140625,1983.4000244140625,210,0.0,0.0,-0.003372320383288464,0.14514757699801623,GC=F,0.08822449898986949,market_normal,0.996,0.4490864767398932,0.9008440777074969
2023-05-02 00:00:00-04:00,1994.699951171875,2018.0,1994.699951171875,2014.300048828125,1896,0.0,0.0,0.015459208663897123,0.15283152411000347,GC=F,0.40443397546416,market_volatile,1.0,0.5468306489928239,0.8541768168721005
2023-05-03 00:00:00-04:00,2017.0999755859375,2035.0999755859375,2015.199951171875,2028.5999755859375,1349,0.0,0.0,0.007074123181844181,0.15259249078792222,GC=F,0.18506870717373314,market_elevated,1.0,0.6445748212458113,0.7993553115089397
2023-05-04 00:00:00-04:00,2045.0,2072.0,2040.0,2048.0,930,0.0,0.0,0.009517819252434986,0.14149353701516842,GC=F,0.24899912807317143,market_elevated,1.0,0.742318993498742,0.7369029052060562
2023-05-05 00:00:00-04:00,2046.4000244140625,2046.4000244140625,2004.300048828125,2017.4000244140625,59,0.0,0.0,-0.015054141436917398,0.15154321193930653,GC=F,0.393836864544748,market_volatile,1.0,0.8400631657517295,0.6674157885673372
2023-05-08 00:00:00-04:00,2022.5,2026.300048828125,2022.5,2026.300048828125,3,0.0,0.0,0.00440192824598679,0.15142576329764135,GC=F,0.11516044442753644,market_elevated,1.0,1.1332956825105782,0.4236768408054017
2023-05-09 00:00:00-04:00,2026.5999755859375,2037.300048828125,2025.9000244140625,2036.199951171875,241,0.0,0.0,0.004873807724603167,0.14592545888372518,GC=F,0.12750545494042684,market_elevated,1.0,1.2310398547635657,0.333257495125563
2023-05-10 00:00:00-04:00,2032.300048828125,2044.300048828125,2029.5,2030.5,248,0.0,0.0,-0.002803233566718523,0.1443803685639731,GC=F,0.07333641198531748,market_normal,0.996,1.3287840270164963,0.23965676702907227
2023-05-11 00:00:00-04:00,2034.0999755859375,2038.300048828125,2014.0,2014.699951171875,90,0.0,0.0,-0.007811791440417504,0.1469473028501341,GC=F,0.20436711454210388,market_elevated,1.0,1.4265281992694838,0.14376819894146053
2023-05-12 00:00:00-04:00,2014.5,2014.5,2014.5,2014.5,115,0.0,0.0,-9.925105453308255e-05,0.13658067261864906,GC=F,0.0025965429037494905,market_normal,0.996,1.5242723715224713,0.046507173739203274
2023-05-15 00:00:00-04:00,2013.800048828125,2018.0,2013.800048828125,2018.0,3,0.0,0.0,0.0017358962821522753,0.11851987950587935,GC=F,0.045413413431947186,market_normal,0.996,1.81750488828132,-0.2442135092191337
2023-05-16 00:00:00-04:00,1988.4000244140625,1988.4000244140625,1988.4000244140625,1988.4000244140625,49,0.0,0.0,-0.014776614414791786,0.12895025438894767,GC=F,0.3865763792704198,market_volatile,1.0,1.9152490605343075,-0.33768160778460715
2023-05-17 00:00:00-04:00,1983.5999755859375,1983.5999755859375,1980.699951171875,1980.699951171875,13,0.0,0.0,-0.003880014587498261,0.12714928776728524,GC=F,0.10150647155345864,market_elevated,1.0,2.012993232787238,-0.42792608994180226
2023-05-18 00:00:00-04:00,1956.5,1956.800048828125,1956.5,1956.5,23,0.0,0.0,-0.012293130260797066,0.1322127245021728,GC=F,0.32160504786275323,market_volatile,1.0,2.1107374050402257,-0.5140854530601581
2023-05-19 00:00:00-04:00,1960.0,1978.699951171875,1960.0,1978.699951171875,106,0.0,0.0,0.011282876071055622,0.13676475610290542,GC=F,0.2951754208960999,market_elevated,1.0,2.2084815772931563,-0.595337192359132
2023-05-22 00:00:00-04:00,1980.5,1980.5,1974.800048828125,1974.800048828125,8,0.0,0.0,-0.001972886611210169,0.1279567451046306,GC=F,0.051613403548600494,market_normal,0.996,2.501714094052062,-0.8021682756600099
2023-05-23 00:00:00-04:00,1972.4000244140625,1972.4000244140625,1972.4000244140625,1972.4000244140625,1,0.0,0.0,-0.001216064382496189,0.12671773999669297,GC=F,0.03181390220715993,market_normal,0.996,2.5994582663049925,-0.8566093631817884
2023-05-24 00:00:00-04:00,1975.4000244140625,1975.4000244140625,1962.800048828125,1962.800048828125,189,0.0,0.0,-0.004879037635297988,0.12717891556608818,GC=F,0.12764227653457277,market_elevated,1.0,2.697202438558037,-0.9028729843123995
2023-05-25 00:00:00-04:00,1943.0999755859375,1943.0999755859375,1943.0999755859375,1943.0999755859375,1,0.0,0.0,-0.010087426800028507,0.13078384490835876,GC=F,0.2639008381112559,market_elevated,1.0,2.7949466108109675,-0.9405174917581243
2023-05-26 00:00:00-04:00,1948.199951171875,1948.4000244140625,1944.0999755859375,1944.0999755859375,166036,0.0,0.0,0.0005145091760760677,0.1304161296605606,GC=F,0.01346026151902508,market_normal,0.996,2.892690783063955,-0.9691835190356853
2023-05-30 00:00:00-04:00,1942.699951171875,1962.5999755859375,1931.0,1958.0,37838,0.0,0.0,0.00712441162188973,0.13347076276845354,GC=F,0.1863843213277105,market_elevated,1.0,3.2836674720757912,-0.9899243384108392
2023-05-31 00:00:00-04:00,1958.199951171875,1973.0,1953.0,1963.9000244140625,5959,0.0,0.0,0.0030087604621398334,0.13373593624710042,GC=F,0.07871327578133878,market_normal,0.996,3.381411644328722,-0.9713809853159291
2023-06-01 00:00:00-04:00,1963.199951171875,1983.0,1954.300048828125,1978.0,750,0.0,0.0,0.007153928630061794,0.12401232929303015,GC=F,0.187156526504468,market_elevated,1.0,3.4791558165817094,-0.9435645192923924
2023-06-02 00:00:00-04:00,1977.0999755859375,1982.5,1947.4000244140625,1952.4000244140625,356,0.0,0.0,-0.013026835665023308,0.12730133001812324,GC=F,0.34079978155851753,market_volatile,1.0,3.57689998883464,-0.9067404852033074
2023-06-05 00:00:00-04:00,1947.5,1961.9000244140625,1937.800048828125,1958.0,713,0.0,0.0,0.0028641465728216076,0.12180029957585779,GC=F,0.07492997927270882,market_normal,0.996,3.8701325055935456,-0.7461473359924179
2023-06-06 00:00:00-04:00,1960.800048828125,1965.5,1958.800048828125,1965.5,164,0.0,0.0,0.003823121771459306,0.11387792393966356,GC=F,0.10001807791920224,market_elevated,1.0,3.967876677846533,-0.6776132293383093
2023-06-07 00:00:00-04:00,1959.0,1968.4000244140625,1940.699951171875,1942.699951171875,139,0.0,0.0,-0.011667932951336448,0.11739619727576127,GC=F,0.30524903386410956,market_volatile,1.0,4.065620850099464,-0.6026104105181989
2023-06-08 00:00:00-04:00,1943.199951171875,1969.0,1943.0999755859375,1963.5999755859375,433,0.0,0.0,0.010700777840001093,0.12328660071708084,GC=F,0.27994693754909455,market_elevated,1.0,4.163365022352451,-0.521854880379656
2023-06-09 00:00:00-04:00,1965.0999755859375,1969.800048828125,1960.300048828125,1962.199951171875,49,0.0,0.0,-0.0007132429056668153,0.12326969262138951,GC=F,0.018659406835234538,market_normal,0.996,4.261109194605382,-0.43611755698881094
2023-06-12 00:00:00-04:00,1959.699951171875,1963.5,1951.4000244140625,1955.300048828125,212,0.0,0.0,-0.003522608540493114,0.1214410774485964,GC=F,0.09215624208260659,market_normal,0.996,4.5543417113642874,-0.1573901147865824
2023-06-13 00:00:00-04:00,1960.5999755859375,1967.5,1940.300048828125,1944.5999755859375,343,0.0,0.0,-0.005487371483662416,0.12213228853168343,GC=F,0.1435571193995901,market_elevated,1.0,4.652085883617218,-0.060266555077378915
2023-06-14 00:00:00-04:00,1946.199951171875,1958.199951171875,1940.300048828125,1955.300048828125,202,0.0,0.0,0.005487371483662365,0.12413002965742594,GC=F,0.14355711939958876,market_elevated,1.0,4.749830055870206,0.03743232840236771
2023-06-15 00:00:00-04:00,1941.699951171875,1958.800048828125,1926.0,1957.800048828125,329,0.0,0.0,0.0012777594632126471,0.11459090383824894,GC=F,0.03342792963270406,market_normal,0.996,4.847574228123136,0.13477387092757825
2023-06-16 00:00:00-04:00,1961.4000244140625,1962.9000244140625,1953.5,1958.4000244140625,119,0.0,0.0,0.0003064070167053769,0.11406124561450316,GC=F,0.008016025307017845,market_normal,0.996,4.945318400376124,0.2308288190642062
2023-06-20 00:00:00-04:00,1958.5999755859375,1958.5999755859375,1931.300048828125,1935.5,193,0.0,0.0,-0.011762134766634989,0.11338461272036081,GC=F,0.3077134817854384,market_volatile,1.0,5.33629508938796,0.5842098177993376
2023-06-21 00:00:00-04:00,1935.5999755859375,1936.800048828125,1920.0,1933.300048828125,557,0.0,0.0,-0.0011372784228845022,0.10495213932293727,GC=F,0.029752754088309148,market_normal,0.996,5.434039261640947,0.6606244644182565
2023-06-22 00:00:00-04:00,1920.0,1921.0,1912.0999755859375,1912.699951171875,237,0.0,0.0,-0.01071258172670636,0.11010273805362811,GC=F,0.2802557433185185,market_elevated,1.0,5.531783433893878,0.7307325790434451
2023-06-23 00:00:00-04:00,1918.699951171875,1932.5,1918.699951171875,1919.0999755859375,105,0.0,0.0,0.003340482534468814,0.1113859462703347,GC=F,0.0873915774575773,market_normal,0.996,5.6295276061468655,0.7938648872358516
2023-06-26 00:00:00-04:00,1922.9000244140625,1928.5,1922.5,1923.699951171875,71,0.0,0.0,0.0023940761271535643,0.1112944722386467,GC=F,0.06263229552815093,market_normal,0.996,5.922760122905714,0.9357469576218763
2023-06-27 00:00:00-04:00,1927.0,1929.4000244140625,1914.0,1914.0,49,0.0,0.0,-0.00505509651683476,0.10739007450030676,GC=F,0.13224821691119618,market_elevated,1.0,6.020504295158759,0.9656972697910915
2023-06-28 00:00:00-04:00,1912.300048828125,1912.300048828125,1912.300048828125,1912.300048828125,628,0.0,0.0,-0.0008885614102553915,0.10729703637856396,GC=F,0.02324597794147608,market_normal,0.996,6.118248467411689,0.9864287275941722
2023-06-29 00:00:00-04:00,1909.9000244140625,1909.9000244140625,1892.5,1909.199951171875,289,0.0,0.0,-0.0016224510460784893,0.10337924198941133,GC=F,0.042445531386992294,market_normal,0.996,6.215992639664677,0.9977434219179627
2023-06-30 00:00:00-04:00,1908.5999755859375,1921.0999755859375,1900.5999755859375,1921.0999755859375,445,0.0,0.0,0.0062136453694543944,0.10559633830929244,GC=F,0.1625574344411109,market_elevated,1.0,0.03055150473802115,0.9995333390790413
2023-07-03 00:00:00-04:00,1917.9000244140625,1929.5,1917.9000244140625,1921.699951171875,41,0.0,0.0,0.00031225960354315117,0.10147894517430349,GC=F,0.008169136958009273,market_normal,0.996,0.32378402149692675,0.9480382983387184
2023-07-05 00:00:00-04:00,1923.5,1933.9000244140625,1914.699951171875,1919.5999755859375,193,0.0,0.0,-0.0010933672637802037,0.09221119049541758,GC=F,0.028603978298428985,market_normal,0.996,0.5192723660028449,0.868180496792595
2023-07-06 00:00:00-04:00,1909.300048828125,1910.199951171875,1903.199951171875,1908.699951171875,81,0.0,0.0,-0.005694461811811971,0.09268314171277817,GC=F,0.1489748847273393,market_elevated,1.0,0.6170165382557755,0.8156083280831117
2023-07-07 00:00:00-04:00,1913.4000244140625,1934.0999755859375,1913.4000244140625,1926.199951171875,61,0.0,0.0,0.009126768323334932,0.09798456696901352,GC=F,0.2387687026158687,market_elevated,1.0,0.714760710508763,0.7552501019500275
2023-07-10 00:00:00-04:00,1923.5999755859375,1926.0999755859375,1912.300048828125,1925.0,269,0.0,0.0,-0.0006231570554215221,0.08991660848133412,GC=F,0.016302638171333973,market_normal,0.996,1.0079932272676118,0.5335590483508522
2023-07-11 00:00:00-04:00,1925.0,1937.0,1924.199951171875,1931.300048828125,142,0.0,0.0,0.0032674088391857186,0.08162067015722466,GC=F,0.08547986996156444,market_normal,0.996,1.1057373995205424,0.4484754711356672
2023-07-12 00:00:00-04:00,1932.300048828125,1958.0,1932.199951171875,1956.199951171875,132,0.0,0.0,0.012810414334619996,0.0942480835140022,GC=F,0.3351379044900836,market_volatile,1.0,1.2034815717735299,0.35911060392976807
2023-07-13 00:00:00-04:00,1961.0999755859375,1961.0999755859375,1953.0,1959.199951171875,121,0.0,0.0,0.0015324108197861239,0.09359051352050735,GC=F,0.04008995630790322,market_normal,0.996,1.3012257440264605,0.2663175522788452
2023-07-14 00:00:00-04:00,1958.4000244140625,1960.5999755859375,1952.699951171875,1960.0999755859375,94,0.0,0.0,0.00045927816023401885,0.0913619395362164,GC=F,0.012015342843589282,market_normal,0.996,1.398969916279448,0.17098214827128919
2023-07-17 00:00:00-04:00,1954.0,1956.5,1946.5999755859375,1952.4000244140625,29,0.0,0.0,-0.003936082358076451,0.09055002771813819,GC=F,0.10297328087360876,market_elevated,1.0,1.6922024330383536,-0.12110808290677594
2023-07-18 00:00:00-04:00,1968.800048828125,1978.4000244140625,1963.4000244140625,1977.199951171875,83,0.0,0.0,0.012622280219577665,0.10064382521041366,GC=F,0.3302160595417911,market_volatile,1.0,1.789946605291341,-0.2174003033489018
2023-07-19 00:00:00-04:00,1977.0,1977.5,1973.0,1977.5,35,0.0,0.0,0.0001517429045972916,0.1006484098553485,GC=F,0.003969801267905947,market_normal,0.996,1.8876907775442717,-0.31161715110595595
2023-07-20 00:00:00-04:00,1973.699951171875,1973.699951171875,1965.5999755859375,1968.300048828125,638,0.0,0.0,-0.004663169815610156,0.09245535179600743,GC=F,0.1219948800611027,market_elevated,1.0,1.9854349497972592,-0.4028592020774768
2023-07-21 00:00:00-04:00,1961.800048828125,1964.300048828125,1961.800048828125,1964.300048828125,50,0.0,0.0,-0.002034278228194697,0.09274396635138386,GC=F,0.05321949194918015,market_normal,0.996,2.0831791220502467,-0.49025543052244014
2023-07-24 00:00:00-04:00,1965.300048828125,1965.5,1960.300048828125,1960.300048828125,2,0.0,0.0,-0.002038424953129538,0.08364869266046455,GC=F,0.053327975927048354,market_normal,0.996,2.3764116388090955,-0.7212569861858371
2023-07-25 00:00:00-04:00,1953.0,1962.5,1953.0,1962.0999755859375,19,0.0,0.0,0.0009177681383586431,0.0832770029125997,GC=F,0.024010065768603005,market_normal,0.996,2.474155811062083,-0.7854107742458102
2023-07-26 00:00:00-04:00,1966.199951171875,1972.0,1966.199951171875,1968.9000244140625,51,0.0,0.0,0.0034597077644024344,0.08357416098882665,GC=F,0.0905106720222487,market_normal,0.996,2.5718999833150136,-0.8420667803694856
2023-07-27 00:00:00-04:00,1945.4000244140625,1945.4000244140625,1945.4000244140625,1945.4000244140625,194253,0.0,0.0,-0.012007399562659367,0.09297341133151164,GC=F,0.31412994323919946,market_volatile,1.0,2.669644155568001,-0.8906841482391595
2023-07-28 00:00:00-04:00,1945.5,1962.199951171875,1944.199951171875,1960.4000244140625,23155,0.0,0.0,0.007680922504028945,0.09573958206899331,GC=F,0.2009434047417441,market_elevated,1.0,2.7673883278209317,-0.9307987609435303
2023-07-31 00:00:00-04:00,1959.199951171875,1971.5999755859375,1950.0,1970.5,1025,0.0,0.0,0.005138771146053185,0.09610747158330354,GC=F,0.13443725929208647,market_elevated,1.0,3.0606208445798373,-0.9967235737991322
2023-08-01 00:00:00-04:00,1964.9000244140625,1965.4000244140625,1940.699951171875,1940.699951171875,688,0.0,0.0,-0.015238610077067491,0.11051474079808148,GC=F,0.3986628156724147,market_volatile,1.0,3.158365016832825,-0.9998593472129467
2023-08-02 00:00:00-04:00,1948.4000244140625,1953.5999755859375,1933.199951171875,1937.4000244140625,652,0.0,0.0,-0.0017018269642495524,0.11077396446466699,GC=F,0.04452211362609561,market_normal,0.996,3.2561091890857554,-0.9934501441658325
2023-08-03 00:00:00-04:00,1934.199951171875,1936.5,1928.0,1932.0,773,0.0,0.0,-0.0027911448212779625,0.11121518045530945,GC=F,0.07302015392300683,market_normal,0.996,3.353853361338743,-0.9775571489557425
2023-08-04 00:00:00-04:00,1934.9000244140625,1945.0,1920.0,1939.5999755859375,290,0.0,0.0,0.0039260178715701454,0.10965665643570525,GC=F,0.10270998018485769,market_elevated,1.0,3.4515975335916735,-0.9523320811876543
2023-08-07 00:00:00-04:00,1941.0,1941.0,1929.800048828125,1933.5,376,0.0,0.0,-0.0031499215966817747,0.10604811764015469,GC=F,0.08240624351759525,market_normal,0.996,3.744830050350579,-0.823503321329082
2023-08-08 00:00:00-04:00,1931.699951171875,1933.199951171875,1923.0,1924.0999755859375,555,0.0,0.0,-0.004873518808943379,0.10746641059451616,GC=F,0.12749789651286417,market_elevated,1.0,3.8425742226035666,-0.7642094748119356
2023-08-09 00:00:00-04:00,1925.4000244140625,1928.800048828125,1913.699951171875,1915.4000244140625,451,0.0,0.0,-0.004531822404694159,0.10785365132630398,GC=F,0.1185586527147613,market_elevated,1.0,3.9403183948564973,-0.6976202407299328
2023-08-10 00:00:00-04:00,1921.0999755859375,1927.800048828125,1911.4000244140625,1914.4000244140625,178,0.0,0.0,-0.0005222204866973095,0.09658769567841564,GC=F,0.013661999918343742,market_normal,0.996,4.038062567109485,-0.6243713011653172
2023-08-11 00:00:00-04:00,1913.0,1916.5999755859375,1911.800048828125,1912.9000244140625,57,0.0,0.0,-0.0007838424255554935,0.09614614488096968,GC=F,0.020506386529681668,market_normal,0.996,4.135806739362415,-0.5451619138746583
2023-08-14 00:00:00-04:00,1909.300048828125,1912.5999755859375,1903.300048828125,1910.5999755859375,46,0.0,0.0,-0.0012031118637709465,0.09597028010987432,GC=F,0.0314750466580685,market_normal,0.996,4.429039256121264,-0.2795733628200183
2023-08-15 00:00:00-04:00,1906.0,1907.699951171875,1895.0,1902.5,73,0.0,0.0,-0.0042485053218494105,0.09608780111008933,GC=F,0.11114669155795232,market_elevated,1.0,4.5267834283743085,-0.18454171878833606
2023-08-16 00:00:00-04:00,1904.5,1904.5,1890.300048828125,1896.0999755859375,22,0.0,0.0,-0.0033696785716191323,0.08196452532996101,GC=F,0.08815538559479962,market_normal,0.996,4.624527600627182,-0.08774838060773446
2023-08-17 00:00:00-04:00,1893.699951171875,1902.4000244140625,1884.0,1884.0999755859375,245,0.0,0.0,-0.00634889183821112,0.08290783295477187,GC=F,0.1660956664564735,market_elevated,1.0,4.722271772880227,0.009882631621611281
2023-08-18 00:00:00-04:00,1891.800048828125,1891.800048828125,1886.0999755859375,1886.0999755859375,19,0.0,0.0,0.0010609517869105895,0.08322610614894466,GC=F,0.027755945228821678,market_normal,0.996,4.8200159451331,0.10741930109501546
2023-08-21 00:00:00-04:00,1893.5999755859375,1893.5999755859375,1893.300048828125,1893.300048828125,876,0.0,0.0,0.0038101719353384462,0.08565074207419604,GC=F,0.09967929255069889,market_normal,0.996,5.113248461892063,0.39020983326939057
2023-08-22 00:00:00-04:00,1894.5999755859375,1896.800048828125,1892.800048828125,1896.4000244140625,46,0.0,0.0,0.0016360008536025392,0.08643867476808217,GC=F,0.042800012825393696,market_normal,0.996,5.210992634144937,0.47819966250428425
2023-08-23 00:00:00-04:00,1909.5999755859375,1918.5,1909.5999755859375,1918.5,547,0.0,0.0,0.011586265785144559,0.09751129255691207,GC=F,0.30311250945293366,market_volatile,1.0,5.308736806397981,0.5616244451305706
2023-08-24 00:00:00-04:00,1920.0,1920.800048828125,1918.199951171875,1918.199951171875,337,0.0,0.0,-0.0001564098483359136,0.09619036152906063,GC=F,0.004091894878938341,market_normal,0.996,5.406480978650855,0.6396877815457105
2023-08-25 00:00:00-04:00,1919.800048828125,1919.800048828125,1911.0999755859375,1911.0999755859375,195,0.0,0.0,-0.0037082411186100178,0.08847425129566733,GC=F,0.09701264341437792,market_normal,0.996,5.504225150903899,0.7116444542245086
2023-08-28 00:00:00-04:00,1915.5,1921.5,1915.5,1917.9000244140625,99,0.0,0.0,0.0035518704503101632,0.08452766115393226,GC=F,0.09292177353860026,market_normal,0.996,5.797457667662805,0.8843354833134099
2023-08-29 00:00:00-04:00,1917.9000244140625,1936.5,1916.9000244140625,1936.5,1674,0.0,0.0,0.009651369784435556,0.08995745167542027,GC=F,0.2524929920707823,market_elevated,1.0,5.895201839915735,0.9256738411962797
2023-08-30 00:00:00-04:00,1936.0,1946.4000244140625,1934.5999755859375,1944.300048828125,396,0.0,0.0,0.004019820260445598,0.07449654694534383,GC=F,0.10516397856638744,market_elevated,1.0,5.992946012168723,0.958175421137008
2023-08-31 00:00:00-04:00,1944.4000244140625,1944.4000244140625,1938.199951171875,1938.199951171875,491,0.0,0.0,-0.003142358107314131,0.07509739996873467,GC=F,0.08220837232380765,market_normal,0.996,6.090690184421653,0.9815299526796757
2023-09-01 00:00:00-04:00,1950.0,1950.0,1936.5999755859375,1939.800048828125,167,0.0,0.0,0.0008252180232353599,0.07443387311939578,GC=F,0.02158882857575828,market_normal,0.996,6.188434356674641,0.9955144860119666
2023-09-05 00:00:00-04:00,1934.4000244140625,1934.4000244140625,1924.699951171875,1926.199951171875,113,0.0,0.0,-0.007035775353867591,0.07714156139291899,GC=F,0.18406547571110288,market_elevated,1.0,0.2962257385069478,0.956445052614081
2023-09-06 00:00:00-04:00,1924.0999755859375,1925.300048828125,1916.300048828125,1918.0999755859375,24,0.0,0.0,-0.004214024777917077,0.07771758005942854,GC=F,0.11024463351850772,market_elevated,1.0,0.3939699107598216,0.9233924613795139
2023-09-07 00:00:00-04:00,1917.5999755859375,1921.5,1917.5,1917.5,41,0.0,0.0,-0.0003128457579778613,0.07598207182146023,GC=F,0.008184471557174066,market_normal,0.996,0.4917140830128659,0.8815248709826143
2023-09-08 00:00:00-04:00,1924.0,1924.699951171875,1918.4000244140625,1918.4000244140625,105,0.0,0.0,0.00046926375810114266,0.07431616755206216,GC=F,0.012276579697983953,market_normal,0.996,0.5894582552657397,0.8312419628046421
2023-09-11 00:00:00-04:00,1923.0,1928.300048828125,1921.800048828125,1923.300048828125,50,0.0,0.0,0.0025509680494884674,0.0747663830741477,GC=F,0.06673680212015415,market_normal,0.996,0.8826907720247021,0.6350749575207637
2023-09-12 00:00:00-04:00,1920.800048828125,1920.800048828125,1911.300048828125,1911.300048828125,365,0.0,0.0,-0.006258821711373876,0.07802779061534362,GC=F,0.1637393091383645,market_elevated,1.0,0.9804349442775759,0.5566612740109751
2023-09-13 00:00:00-04:00,1910.300048828125,1914.5999755859375,1908.9000244140625,1909.0999755859375,15,0.0,0.0,-0.001151750325271196,0.07801834487297558,GC=F,0.03013135878548544,market_normal,0.996,1.0781791165305634,0.4729335243057289
2023-09-14 00:00:00-04:00,1903.0,1910.0,1903.0,1910.0,169,0.0,0.0,0.0004713280283196849,0.07650696729054833,GC=F,0.012330583821291183,market_normal,0.996,1.175923288783494,0.3846910002278514
2023-09-15 00:00:00-04:00,1923.5,1927.300048828125,1923.5,1923.699951171875,8,0.0,0.0,0.00714714748905865,0.07898012777231045,GC=F,0.1869791226105359,market_elevated,1.0,1.2736674610364815,0.29277609307710123
2023-09-18 00:00:00-04:00,1928.199951171875,1931.5,1926.4000244140625,1931.5,19,0.0,0.0,0.00404651357660179,0.07543990679451262,GC=F,0.10586231211023708,market_elevated,1.0,1.5668999777953871,0.003896339140756832
2023-09-19 00:00:00-04:00,1934.0,1934.0,1932.0,1932.0,6,0.0,0.0,0.00025883266612720474,0.07550742224000707,GC=F,0.0067714154338495095,market_normal,0.996,1.6646441500483178,-0.09371012446829294
2023-09-20 00:00:00-04:00,1945.5999755859375,1945.5999755859375,1929.199951171875,1945.5999755859375,119,0.0,0.0,0.007014664451038297,0.0777162726090002,GC=F,0.18351318571085026,market_elevated,1.0,1.7623883223013053,-0.19042200131907758
2023-09-21 00:00:00-04:00,1924.0,1924.0,1919.199951171875,1919.199951171875,9,0.0,0.0,-0.013661993139932882,0.0933685996146211,GC=F,0.35741636706482244,market_volatile,1.0,1.860132494554236,-0.2853160489668292
2023-09-22 00:00:00-04:00,1925.4000244140625,1925.4000244140625,1925.4000244140625,1925.4000244140625,1,0.0,0.0,0.003225343940292486,0.08506051198174425,GC=F,0.08437939485596488,market_normal,0.996,1.9578766668072802,-0.37748637854483624
2023-09-25 00:00:00-04:00,1916.5999755859375,1916.5999755859375,1916.5999755859375,1916.5999755859375,114,0.0,0.0,-0.004580980852414224,0.08664129444750213,GC=F,0.1198447047288921,market_elevated,1.0,2.251109183566129,-0.6290362621317579
2023-09-26 00:00:00-04:00,1905.0,1905.0999755859375,1900.4000244140625,1900.4000244140625,161,0.0,0.0,-0.008488367011878772,0.09067973460334001,GC=F,0.22206725392291465,market_elevated,1.0,2.3488533558191165,-0.7018968082114685
2023-09-27 00:00:00-04:00,1871.5999755859375,1871.5999755859375,1871.5999755859375,1871.5999755859375,12251,0.0,0.0,-0.015270736211994373,0.10326047532801833,GC=F,0.39950327916231637,market_volatile,1.0,2.446597528072047,-0.7680568233304045
2023-09-28 00:00:00-04:00,1875.5,1878.199951171875,1856.699951171875,1860.4000244140625,4654,0.0,0.0,-0.006002135474614082,0.09662773748214433,GC=F,0.15702404722317098,market_elevated,1.0,2.5443417003250346,-0.82688472286754
2023-09-29 00:00:00-04:00,1864.300048828125,1872.300048828125,1846.0,1848.0999755859375,1605,0.0,0.0,-0.006633460391607215,0.09543133551304425,GC=F,0.17354036778913892,market_elevated,1.0,2.6420858725779652,-0.877818916917294
2023-10-02 00:00:00-04:00,1844.0999755859375,1845.9000244140625,1826.699951171875,1830.0,2309,0.0,0.0,-0.009842104245885983,0.0988349561863232,GC=F,0.2574828656263777,market_elevated,1.0,2.935318389336871,-0.9788007913600403
2023-10-03 00:00:00-04:00,1825.0,1830.9000244140625,1816.800048828125,1824.5999755859375,310,0.0,0.0,-0.002955195304593962,0.09798284602901725,GC=F,0.07731193823013326,market_normal,0.996,3.0330625615898015,-0.9941163881159625
2023-10-04 00:00:00-04:00,1821.800048828125,1828.199951171875,1816.4000244140625,1818.5,357,0.0,0.0,-0.0033487861038289848,0.0968552278893177,GC=F,0.08760881015298161,market_normal,0.996,3.130806733842789,-0.9999418325315234
2023-10-05 00:00:00-04:00,1826.300048828125,1826.300048828125,1815.5999755859375,1816.5999755859375,393,0.0,0.0,-0.0010453767983573286,0.0968695384445265,GC=F,0.027348482293599468,market_normal,0.996,3.2285509060957196,-0.9962215130549756
2023-10-06 00:00:00-04:00,1819.0,1831.800048828125,1809.4000244140625,1830.199951171875,390,0.0,0.0,0.007458615173471331,0.10273370380800884,GC=F,0.1951275418844033,market_elevated,1.0,3.326295078348707,-0.9829909450434797
2023-10-09 00:00:00-04:00,1842.5,1861.5,1842.5,1849.5,232,0.0,0.0,0.010490108470351069,0.11152601819957429,GC=F,0.27443553961609,market_elevated,1.0,3.619527595107556,-0.88794663182548
2023-10-10 00:00:00-04:00,1857.0,1861.4000244140625,1852.800048828125,1861.0,236,0.0,0.0,0.006198645369741984,0.11398381380853788,GC=F,0.16216501399789512,market_elevated,1.0,3.7172717673605433,-0.8388227832378214
2023-10-11 00:00:00-04:00,1869.5,1874.5999755859375,1869.0999755859375,1872.800048828125,65,0.0,0.0,0.0063206856067081355,0.115776673993404,GC=F,0.16535775298446925,market_elevated,1.0,3.815015939613531,-0.7816912646281555
2023-10-12 00:00:00-04:00,1874.699951171875,1881.199951171875,1867.0,1869.300048828125,46,0.0,0.0,-0.0018706079095983437,0.1158177442168506,GC=F,0.04893765326942965,market_normal,0.996,3.9127601118664614,-0.7170974717082554
2023-10-13 00:00:00-04:00,1877.5,1930.0999755859375,1877.5,1927.4000244140625,43,0.0,0.0,0.03060790174466398,0.15947460177114622,GC=F,0.65,market_extreme,1.009,4.010504284119449,-0.6456580374421341
2023-10-16 00:00:00-04:00,1910.4000244140625,1921.0999755859375,1910.300048828125,1921.0999755859375,53,0.0,0.0,-0.003274031158004244,0.15802477452002,GC=F,0.08565311885061153,market_normal,0.996,4.3037368008783545,-0.3973728520577219
2023-10-17 00:00:00-04:00,1914.300048828125,1925.800048828125,1914.300048828125,1922.699951171875,103,0.0,0.0,0.0008324968566677746,0.15736210415877874,GC=F,0.02177925278218534,market_normal,0.996,4.401480973131285,-0.30592323635680374
2023-10-18 00:00:00-04:00,1935.0,1957.9000244140625,1935.0,1955.300048828125,67,0.0,0.0,0.016813236521731816,0.16807767007271657,GC=F,0.4398571902831815,market_volatile,1.0,4.499225145384273,-0.21155317979780855
2023-10-19 00:00:00-04:00,1950.0999755859375,1977.699951171875,1945.699951171875,1968.4000244140625,1945,0.0,0.0,0.006677383090401854,0.16791872788073517,GC=F,0.1746894454730514,market_elevated,1.0,4.596969317637203,-0.11516356906154016
2023-10-20 00:00:00-04:00,1981.0999755859375,1988.5999755859375,1980.4000244140625,1982.5,557,0.0,0.0,0.007137632114181281,0.1610479928666746,GC=F,0.18673018743064707,market_elevated,1.0,4.694713489890191,-0.017674570137353848
2023-10-23 00:00:00-04:00,1976.199951171875,1978.9000244140625,1972.9000244140625,1976.300048828125,127,0.0,0.0,-0.0031322401557761035,0.16171676757596076,GC=F,0.08194367291693343,market_normal,0.996,4.987946006649096,0.2720829909134409
2023-10-24 00:00:00-04:00,1970.300048828125,1975.0,1970.300048828125,1975.0,10,0.0,0.0,-0.0006580360180047346,0.16050323085297005,GC=F,0.01721511938588265,market_normal,0.996,5.085690178902027,0.36469125360096627
2023-10-25 00:00:00-04:00,1971.199951171875,1985.300048828125,1971.199951171875,1984.0999755859375,97,0.0,0.0,0.004597000160347399,0.15667048493008223,GC=F,0.12026379166487017,market_elevated,1.0,5.1834343511550145,0.45381805718048973
2023-10-26 00:00:00-04:00,1988.199951171875,1988.199951171875,1980.4000244140625,1987.199951171875,521,0.0,0.0,0.0015611896722705911,0.14351840858260131,GC=F,0.040842850325484556,market_normal,0.996,5.281178523407945,0.5386125687376829
2023-10-27 00:00:00-04:00,1988.5999755859375,1988.5999755859375,1988.5999755859375,1988.5999755859375,372,0.0,0.0,0.0007042731011225338,0.14014475777079338,GC=F,0.018424744519080397,market_normal,0.996,5.378922695660933,0.6182653128008334
2023-10-30 00:00:00-04:00,2004.0999755859375,2004.0999755859375,1992.5,1996.199951171875,157,0.0,0.0,0.003814487522985263,0.1355303028686271,GC=F,0.09979219420733686,market_normal,0.996,5.672155212419781,0.8190574753188712
2023-10-31 00:00:00-04:00,1996.5,2001.0,1983.699951171875,1985.199951171875,84,0.0,0.0,-0.0055257086747362814,0.13085180304825814,GC=F,0.1445600725863429,market_elevated,1.0,5.769899384672769,0.8711356862974761
2023-11-01 00:00:00-04:00,1990.5,1990.5,1977.800048828125,1978.800048828125,41,0.0,0.0,-0.0032290150880346837,0.13103523809776824,GC=F,0.08447543708607984,market_normal,0.996,5.8676435569256995,0.9148977579678969
2023-11-02 00:00:00-04:00,1989.0999755859375,1990.300048828125,1979.5,1985.5999755859375,39,0.0,0.0,0.003430498125606122,0.12841197514473188,GC=F,0.08974650804742292,market_normal,0.996,5.965387729178687,0.9499259236261574
2023-11-03 00:00:00-04:00,1989.0,1991.5,1989.0,1991.5,12,0.0,0.0,0.0029670004669155115,0.12709781990238603,GC=F,0.07762077737141829,market_normal,0.996,6.0631319014316745,0.9758857932226592
2023-11-06 00:00:00-05:00,1981.5999755859375,1981.5999755859375,1977.4000244140625,1981.5999755859375,130,0.0,0.0,-0.004983536766927965,0.13055800429009984,GC=F,0.13037611629031418,market_elevated,1.0,0.07317911101093699,0.9973236035582678
2023-11-07 00:00:00-05:00,1966.5,1966.800048828125,1960.699951171875,1966.800048828125,20,0.0,0.0,-0.0074967054908099675,0.13374740131739615,GC=F,0.19612403651765914,market_elevated,1.0,0.17092328326392447,0.9854281436184925
2023-11-08 00:00:00-05:00,1967.800048828125,1967.800048828125,1947.699951171875,1951.5,43,0.0,0.0,-0.007809573743291399,0.13816166311057504,GC=F,0.20430909656171523,market_elevated,1.0,0.2686674555168551,0.964125472093423
2023-11-09 00:00:00-05:00,1951.699951171875,1964.199951171875,1945.300048828125,1964.199951171875,10,0.0,0.0,0.006486705243964605,0.1382243094615079,GC=F,0.16970105304338867,market_elevated,1.0,0.3664116277698426,0.9336189510847429
2023-11-10 00:00:00-05:00,1959.5999755859375,1959.5999755859375,1932.5999755859375,1932.5999755859375,375,0.0,0.0,-0.01621877893218127,0.15189864160233466,GC=F,0.42430536926738555,market_volatile,1.0,0.4641558000228301,0.8941998055790005
2023-11-13 00:00:00-05:00,1939.9000244140625,1947.199951171875,1934.0,1945.5,191,0.0,0.0,0.006652779492155402,0.11153312201898061,GC=F,0.17404578179880564,market_elevated,1.0,0.7573883167816788,0.7266327812607691
2023-11-14 00:00:00-05:00,1965.800048828125,1965.800048828125,1961.800048828125,1961.800048828125,2,0.0,0.0,0.008343430595057662,0.11388770765361858,GC=F,0.21827551965508082,market_elevated,1.0,0.8551324890346663,0.6561185316074115
2023-11-15 00:00:00-05:00,1962.800048828125,1962.800048828125,1960.0,1960.0999755859375,6,0.0,0.0,-0.0008669641439555301,0.11407089535139874,GC=F,0.022680964009733913,market_normal,0.996,0.9528766612876538,0.5793407650331662
2023-11-16 00:00:00-05:00,1965.300048828125,1983.9000244140625,1964.5999755859375,1983.9000244140625,39,0.0,0.0,0.01206913677911117,0.10668587941693869,GC=F,0.3157450729930274,market_volatile,1.0,1.0506208335405844,0.49703242660352315
2023-11-17 00:00:00-05:00,1982.5,1984.0,1979.800048828125,1981.5999755859375,32,0.0,0.0,-0.0011600298000505828,0.10457888674772207,GC=F,0.03034796113380632,market_normal,0.996,1.148365005793572,0.40997925798799195
2023-11-20 00:00:00-05:00,1978.699951171875,1979.4000244140625,1969.699951171875,1977.699951171875,182,0.0,0.0,-0.001970058216140758,0.10181848934176393,GC=F,0.05153940887739998,market_normal,0.996,1.4415975225524207,0.1288396659150964
2023-11-21 00:00:00-05:00,1990.699951171875,2005.5,1988.5,1999.300048828125,16,0.0,0.0,0.010862615061766792,0.10795063172799588,GC=F,0.28418081991654276,market_elevated,1.0,1.5393416948054082,0.03144944540937587
2023-11-22 00:00:00-05:00,1999.0999755859375,1999.4000244140625,1991.0,1991.4000244140625,6075,0.0,0.0,-0.00395922248666503,0.10901693129290656,GC=F,0.10357865818633544,market_elevated,1.0,1.6370858670583388,-0.06624100154011597
2023-11-24 00:00:00-05:00,1991.9000244140625,2002.199951171875,1991.5,2002.199951171875,63,0.0,0.0,0.005408630384414501,0.10944663036352505,GC=F,0.14149714488901743,market_elevated,1.0,1.832574211564257,-0.2587982747108692
2023-11-27 00:00:00-05:00,2011.699951171875,2011.800048828125,2011.699951171875,2011.800048828125,228,0.0,0.0,0.004783316372955456,0.11043007831181449,GC=F,0.12513807780698544,market_elevated,1.0,2.1258067283231625,-0.5269521404382485
2023-11-28 00:00:00-05:00,2040.5999755859375,2042.699951171875,2039.699951171875,2039.699951171875,174665,0.0,0.0,0.013772846290545529,0.11951253811397371,GC=F,0.36031643662010965,market_volatile,1.0,2.223550900576093,-0.6073769785440777
2023-11-29 00:00:00-05:00,2041.699951171875,2052.10009765625,2036.0,2047.0999755859375,15290,0.0,0.0,0.0036214312587581126,0.11946135065101103,GC=F,0.09474157912559679,market_normal,0.996,2.3212950728290807,-0.6820036021518091
2023-11-30 00:00:00-05:00,2046.0999755859375,2047.0999755859375,2033.0999755859375,2038.0999755859375,2506,0.0,0.0,-0.004406156206906349,0.1187279790426245,GC=F,0.11527105364952059,market_elevated,1.0,2.4190392450820113,-0.7501196016932707
2023-12-01 00:00:00-05:00,2038.300048828125,2073.199951171875,2036.0,2071.0,614,0.0,0.0,0.016013593082084946,0.12793207692209368,GC=F,0.4189374276820412,market_volatile,1.0,2.5167834173349988,-0.8110747200958357
2023-12-04 00:00:00-05:00,2075.300048828125,2130.199951171875,2021.0,2024.0999755859375,1071,0.0,0.0,-0.022906437155782732,0.15444328208963434,GC=F,0.5992636262338769,market_extreme,1.009,2.8100159340938475,-0.9455302428283117
2023-12-05 00:00:00-05:00,2035.0999755859375,2037.0,2010.199951171875,2018.5,289,0.0,0.0,-0.0027704839468059126,0.15476107019245927,GC=F,0.07247963727814057,market_normal,0.996,2.907760106346892,-0.9727855117141403
2023-12-06 00:00:00-05:00,2019.9000244140625,2035.800048828125,2019.0,2030.5,417,0.0,0.0,0.005927406833356961,0.1543794083999065,GC=F,0.15506904408415303,market_elevated,1.0,3.0055042785997657,-0.9907542596140261
2023-12-07 00:00:00-05:00,2029.199951171875,2034.9000244140625,2024.0,2029.9000244140625,67,0.0,0.0,-0.00029552536040616107,0.1512752607986984,GC=F,0.007731346342369143,market_normal,0.996,3.10324845085281,-0.9992649511253623
2023-12-08 00:00:00-05:00,2031.699951171875,2033.0999755859375,1995.0,1998.300048828125,449,0.0,0.0,-0.01568969924387106,0.15962077639479838,GC=F,0.41046392328313197,market_volatile,1.0,3.2009926231056838,-0.9982363404705323
2023-12-11 00:00:00-05:00,2004.0999755859375,2004.199951171875,1977.199951171875,1978.0,651,0.0,0.0,-0.01021061033941788,0.16300249237898312,GC=F,0.26712348744798015,market_elevated,1.0,3.4942251398646462,-0.9384667852011114
2023-12-12 00:00:00-05:00,1984.199951171875,1994.199951171875,1977.800048828125,1977.800048828125,95,0.0,0.0,-0.00010109265866683018,0.15153958717785013,GC=F,0.002644721778699421,market_normal,0.996,3.5919693121176337,-0.9002832050048554
2023-12-13 00:00:00-05:00,1978.5,2024.800048828125,1975.0,1982.300048828125,2252,0.0,0.0,0.0022726708042306704,0.15027195774670843,GC=F,0.059456166758579204,market_normal,0.996,3.6897134843705643,-0.85350523398366
2023-12-14 00:00:00-05:00,2024.699951171875,2040.0999755859375,2024.300048828125,2030.199951171875,236,0.0,0.0,0.0238764749712153,0.1685039284956127,GC=F,0.6246411380183037,market_extreme,1.009,3.787457656623552,-0.798579429579307
2023-12-15 00:00:00-05:00,2032.5999755859375,2043.4000244140625,2018.300048828125,2021.0999755859375,261,0.0,0.0,-0.0044923807443041424,0.16964552333646543,GC=F,0.11752680510488368,market_elevated,1.0,3.8852018288764256,-0.7360301310518143
2023-12-18 00:00:00-05:00,2024.300048828125,2032.800048828125,2024.0,2026.300048828125,100,0.0,0.0,0.0025695884133355284,0.16529561179188054,GC=F,0.06722393622507396,market_normal,0.996,4.178434345635388,-0.5089414660869872
2023-12-19 00:00:00-05:00,2025.199951171875,2042.699951171875,2025.199951171875,2038.4000244140625,498,0.0,0.0,0.005953704386447858,0.16595610235778258,GC=F,0.15575702392663807,market_elevated,1.0,4.276178517888262,-0.42250782454459407
2023-12-20 00:00:00-05:00,2037.0999755859375,2037.0999755859375,2030.300048828125,2034.5,258,0.0,0.0,-0.0019151099131709602,0.16594237783111057,GC=F,0.050101886356148095,market_normal,0.996,4.373922690141306,-0.33204078845402596
2023-12-21 00:00:00-05:00,2035.800048828125,2044.5,2033.0,2039.0999755859375,228,0.0,0.0,0.0022584336059977327,0.1623647871950826,GC=F,0.05908370224205674,market_normal,0.996,4.471666862394237,-0.23840398501708904
2023-12-22 00:00:00-05:00,2055.699951171875,2068.699951171875,2052.199951171875,2057.10009765625,202,0.0,0.0,0.008788749383462259,0.16352070698515223,GC=F,0.2299256662996473,market_elevated,1.0,4.569411034647224,-0.14249130104597715
2023-12-26 00:00:00-05:00,2060.0,2060.800048828125,2054.199951171875,2058.199951171875,64,0.0,0.0,0.0005345192470838028,0.1629405677201993,GC=F,0.013983752257970723,market_normal,0.996,4.9603877236590606,0.24546442261856222
2023-12-27 00:00:00-05:00,2067.300048828125,2081.89990234375,2064.800048828125,2081.89990234375,586,0.0,0.0,0.011449100696166307,0.1663299698340686,GC=F,0.2995240837167625,market_elevated,1.0,5.058131895911991,0.33889572342024354
2023-12-28 00:00:00-05:00,2081.60009765625,2087.300048828125,2066.5,2073.89990234375,338,0.0,0.0,-0.0038500458433421737,0.16124608277184735,GC=F,0.10072244834747007,market_elevated,1.0,5.155876068164979,0.429091817478377
2023-12-29 00:00:00-05:00,2068.0,2068.89990234375,2062.10009765625,2062.39990234375,47,0.0,0.0,-0.0055605396969713086,0.162349221826455,GC=F,0.14547129961602204,market_elevated,1.0,5.253620240417909,0.515191664090431
2024-01-02 00:00:00-05:00,2063.5,2073.699951171875,2057.10009765625,2064.39990234375,61,0.0,0.0,0.0009692741355228508,0.16142837304325824,GC=F,0.0253575328768007,market_normal,0.996,5.644596929429746,0.8029379728181346
2024-01-03 00:00:00-05:00,2034.199951171875,2044.0,2034.199951171875,2034.199951171875,54,0.0,0.0,-0.014736982781769346,0.15959403029382122,GC=F,0.3855395617174726,market_volatile,1.0,5.742341101682733,0.8572743393479494
2024-01-04 00:00:00-05:00,2041.5999755859375,2044.5,2038.0,2042.300048828125,88,0.0,0.0,0.0039740504436172235,0.13857401440408448,GC=F,0.1039665777563838,market_elevated,1.0,5.840085273935664,0.9034268914117867
2024-01-05 00:00:00-05:00,2044.5,2048.10009765625,2042.4000244140625,2042.4000244140625,12,0.0,0.0,4.895124937695209e-05,0.13809786381455977,GC=F,0.0012806314229843276,market_normal,0.996,5.937829446188651,0.9409550420168502
2024-01-08 00:00:00-05:00,2019.0999755859375,2033.699951171875,2019.0999755859375,2026.5999755859375,10,0.0,0.0,-0.007766098913480239,0.13953200272087246,GC=F,0.20317173574102734,market_elevated,1.0,6.231061962947614,0.9986418860166851
2024-01-09 00:00:00-05:00,2035.800048828125,2035.800048828125,2026.4000244140625,2026.4000244140625,27,0.0,0.0,-9.866823194536253e-05,0.13953004314283585,GC=F,0.0025812954702445403,market_normal,0.996,0.04562082802090117,0.9989595504979469
2024-01-10 00:00:00-05:00,2029.0,2035.5999755859375,2021.699951171875,2021.699951171875,538,0.0,0.0,-0.0023221142671955622,0.1278880049428254,GC=F,0.06074967516009949,market_normal,0.996,0.1433650002739455,0.9897408282649076
2024-01-11 00:00:00-05:00,2025.0999755859375,2025.0999755859375,2014.300048828125,2014.300048828125,97,0.0,0.0,-0.0036669527431482853,0.12285775248436433,GC=F,0.09593248322044494,market_normal,0.996,0.2411091725268193,0.971073724182443
2024-01-12 00:00:00-05:00,2031.0999755859375,2057.0,2031.0999755859375,2046.699951171875,390,0.0,0.0,0.015956951403282443,0.13340546984754056,GC=F,0.41745560414028654,market_volatile,1.0,0.3388533447798636,0.9431364403841757
2024-01-16 00:00:00-05:00,2051.699951171875,2054.800048828125,2026.0,2026.0,46,0.0,0.0,-0.010165310319773104,0.13947123579256054,GC=F,0.26593837717281277,market_elevated,1.0,0.729830033791643,0.7452877368841648
2024-01-17 00:00:00-05:00,2026.5,2026.5,2002.5999755859375,2002.5999755859375,764,0.0,0.0,-0.011617081726109013,0.11892211100517718,GC=F,0.30391869648248254,market_volatile,1.0,0.8275742060446305,0.6766638421309413
2024-01-18 00:00:00-05:00,2012.800048828125,2018.5999755859375,2009.5,2018.5999755859375,1474,0.0,0.0,0.007957865627687473,0.121645414541311,GC=F,0.20818861443609632,market_elevated,1.0,0.925318378297618,0.6015802983649752
2024-01-19 00:00:00-05:00,2023.199951171875,2036.0,2019.5,2026.5,50,0.0,0.0,0.0039059773581561485,0.12209651518456016,GC=F,0.1021856930310596,market_elevated,1.0,1.0230625505505486,0.5207538770600699
2024-01-22 00:00:00-05:00,2021.300048828125,2021.300048828125,2019.800048828125,2019.800048828125,12,0.0,0.0,-0.003311646301174295,0.12061801350569375,GC=F,0.08663718227977299,market_normal,0.996,1.3162950673094542,0.25176276439234974
2024-01-23 00:00:00-05:00,2030.300048828125,2030.300048828125,2022.5,2023.699951171875,15,0.0,0.0,0.0019289741822805175,0.12075924598230185,GC=F,0.05046459453835784,market_normal,0.996,1.4140392395623849,0.15611588253108866
2024-01-24 00:00:00-05:00,2023.199951171875,2033.199951171875,2013.9000244140625,2013.9000244140625,253,0.0,0.0,-0.004854342213876016,0.1214069944708847,GC=F,0.1269962106408653,market_elevated,1.0,1.5117834118153723,0.05897866862647969
2024-01-25 00:00:00-05:00,2012.0999755859375,2022.4000244140625,2012.0999755859375,2016.9000244140625,548,0.0,0.0,0.0014885385122534204,0.11684782081895681,GC=F,0.03894219692810554,market_normal,0.996,1.609527584068303,-0.03872157447343502
2024-01-26 00:00:00-05:00,2021.699951171875,2022.4000244140625,2016.800048828125,2016.800048828125,49,0.0,0.0,-4.9570163444326434e-05,0.11677245705273585,GC=F,0.0012968230588035312,market_normal,0.996,1.7072717563212905,-0.13605216906443418
2024-01-29 00:00:00-05:00,2025.199951171875,2025.199951171875,2025.199951171875,2025.199951171875,150708,0.0,0.0,0.004156315901078261,0.10950846552500093,GC=F,0.10873489062112383,market_elevated,1.0,2.0005042730801392,-0.4166053178306298
2024-01-30 00:00:00-05:00,2032.5,2048.5,2028.0999755859375,2031.5,26907,0.0,0.0,0.003105999442300761,0.11012877663918903,GC=F,0.08125718007628545,market_normal,0.996,2.0982484453331267,-0.5033333725587874
2024-01-31 00:00:00-05:00,2035.4000244140625,2055.0,2030.0,2048.39990234375,2007,0.0,0.0,0.008284516486208303,0.11327715822877239,GC=F,0.21673424624510876,market_elevated,1.0,2.195992617586114,-0.585256446259895
2024-02-01 00:00:00-05:00,2040.199951171875,2064.5,2029.0,2053.0,947,0.0,0.0,0.0022431851049437793,0.11354610258637479,GC=F,0.05868478066494381,market_normal,0.996,2.293736789839045,-0.6615924751243714
2024-02-02 00:00:00-05:00,2054.800048828125,2055.89990234375,2027.699951171875,2036.0999755859375,888,0.0,0.0,-0.008265936631712222,0.10504782335343724,GC=F,0.21624817192004034,market_elevated,1.0,2.3914809620920323,-0.7316127310560344
2024-02-05 00:00:00-05:00,2038.9000244140625,2040.800048828125,2013.800048828125,2025.699951171875,412,0.0,0.0,-0.005120905671782916,0.1054847339511737,GC=F,0.1339698741276989,market_elevated,1.0,2.684713478850938,-0.8974336161727338
2024-02-06 00:00:00-05:00,2025.9000244140625,2037.300048828125,2025.9000244140625,2034.5,249,0.0,0.0,0.004334792726306237,0.10674601232470533,GC=F,0.11340408770129158,market_elevated,1.0,2.7824576511038686,-0.9362011898473253
2024-02-07 00:00:00-05:00,2032.800048828125,2039.5,2032.699951171875,2035.199951171875,71,0.0,0.0,0.0003439817122514089,0.103123808777551,GC=F,0.008999030571189387,market_normal,0.996,2.880201823356856,-0.96603148814946
2024-02-08 00:00:00-05:00,2028.0,2036.699951171875,2020.300048828125,2032.199951171875,341,0.0,0.0,-0.0014751441294395143,0.103284428797713,GC=F,0.038591781612024846,market_normal,0.996,2.9779459956097867,-0.9866397415303564
2024-02-09 00:00:00-05:00,2032.0,2032.0,2020.0,2023.300048828125,62,0.0,0.0,-0.004389060106493958,0.1041488429704259,GC=F,0.11482379635420605,market_elevated,1.0,3.075690167862774,-0.9978292170255768
2024-02-12 00:00:00-05:00,2025.5,2025.5,2011.5999755859375,2018.199951171875,317,0.0,0.0,-0.002523865081532603,0.10371087947688289,GC=F,0.06602775152671292,market_normal,0.996,3.3689226846216798,-0.9742716166929926
2024-02-13 00:00:00-05:00,2025.0999755859375,2025.800048828125,1990.0,1992.9000244140625,198,0.0,0.0,-0.012615124246704407,0.09554769261149265,GC=F,0.33002884953509753,market_volatile,1.0,3.4666668568746104,-0.9476270300451131
2024-02-14 00:00:00-05:00,1990.300048828125,1993.5,1984.800048828125,1990.300048828125,1916,0.0,0.0,-0.0013054709316034623,0.08991631089344486,GC=F,0.03415289942714252,market_normal,0.996,3.564411029127598,-0.9119360933073416
2024-02-15 00:00:00-05:00,1993.5999755859375,2007.199951171875,1993.5999755859375,2002.0999755859375,286,0.0,0.0,0.005911211825204104,0.08375178492215439,GC=F,0.15464536059088144,market_elevated,1.0,3.6621552013805285,-0.8675395235535559
2024-02-16 00:00:00-05:00,2005.0,2011.5,1996.5,2011.5,32,0.0,0.0,0.004684094906416618,0.0805324485098781,GC=F,0.12254230896550515,market_elevated,1.0,3.759899373633516,-0.814861144608953
2024-02-20 00:00:00-05:00,2015.5999755859375,2029.0,2015.5999755859375,2027.5,1326,0.0,0.0,0.007922794599725029,0.08421077578753192,GC=F,0.20727110852936834,market_elevated,1.0,4.150876062645352,-0.5324674167978172
2024-02-21 00:00:00-05:00,2028.199951171875,2028.199951171875,2022.300048828125,2022.300048828125,15,0.0,0.0,-0.002568005317217988,0.08387843052490965,GC=F,0.06718252027227334,market_normal,0.996,4.248620234898283,-0.4473219399850196
2024-02-22 00:00:00-05:00,2033.199951171875,2033.199951171875,2019.699951171875,2019.699951171875,964,0.0,0.0,-0.0012865403339371805,0.08371458597895685,GC=F,0.033657649182544505,market_normal,0.996,4.34636440715127,-0.357906185158053
2024-02-23 00:00:00-05:00,2026.0,2038.5999755859375,2014.9000244140625,2038.5999755859375,22,0.0,0.0,0.009314324420003009,0.08784953198744136,GC=F,0.24367542581543045,market_elevated,1.0,4.444108579404201,-0.26507374365208064
2024-02-26 00:00:00-05:00,2034.0999755859375,2035.4000244140625,2024.800048828125,2028.5,143,0.0,0.0,-0.004966682111913958,0.08983242101996328,GC=F,0.12993517553580383,market_elevated,1.0,4.737341096163107,0.024949526627529025
2024-02-27 00:00:00-05:00,2035.9000244140625,2035.9000244140625,2034.0,2034.0,964,0.0,0.0,0.0027076939620032797,0.09021460216336276,GC=F,0.0708369656689289,market_normal,0.996,4.835085268416094,0.12238866693599051
2024-02-28 00:00:00-05:00,2029.5,2037.0,2024.800048828125,2033.0,581,0.0,0.0,-0.0004917629801586159,0.08921020668979326,GC=F,0.01286519002205606,market_normal,0.996,4.932829440669082,0.2186594459661927
2024-02-29 00:00:00-05:00,2034.300048828125,2049.800048828125,2034.300048828125,2045.699951171875,706,0.0,0.0,0.006227470697706523,0.09113345236475029,GC=F,0.162919123877399,market_elevated,1.0,5.030573612922012,0.3128428321340087
2024-03-01 00:00:00-05:00,2043.0999755859375,2086.89990234375,2041.800048828125,2086.89990234375,1210,0.0,0.0,0.019939659139843434,0.11077560509923164,GC=F,0.5216486684832822,market_extreme,1.009,5.128317785175,0.404039720773988
2024-03-04 00:00:00-05:00,2083.60009765625,2119.800048828125,2080.699951171875,2117.699951171875,805,0.0,0.0,0.014650906546489963,0.12059349709027282,GC=F,0.3832876900477197,market_volatile,1.0,5.421550301933905,0.6511975200888992
2024-03-05 00:00:00-05:00,2114.89990234375,2133.5,2111.39990234375,2133.5,1287,0.0,0.0,0.007433252615668022,0.11681461500568117,GC=F,0.1944640227933979,market_elevated,1.0,5.519294474186836,0.7221500527284115
2024-03-06 00:00:00-05:00,2125.5,2150.300048828125,2125.5,2150.300048828125,443,0.0,0.0,0.00784356635087546,0.11516337104259323,GC=F,0.2051983895210451,market_elevated,1.0,5.617038646439823,0.7862087104706933
2024-03-07 00:00:00-05:00,2147.0,2163.0,2147.0,2158.0,152,0.0,0.0,0.0035744768391498196,0.1150693110834143,GC=F,0.09351318749180361,market_normal,0.996,5.714782818692754,0.8427619689227915
2024-03-08 00:00:00-05:00,2167.300048828125,2194.89990234375,2166.300048828125,2178.60009765625,259,0.0,0.0,0.009500646655496024,0.11695687806231456,GC=F,0.24854986952442773,market_elevated,1.0,5.8125269909457415,0.89126995262907
2024-03-11 00:00:00-04:00,2181.0,2184.0,2177.199951171875,2182.5,738,0.0,0.0,0.001788495240181465,0.11583931435878181,GC=F,0.04678947388649667,market_normal,0.996,6.10575950770459,0.9843012905786265
2024-03-12 00:00:00-04:00,2182.5,2182.699951171875,2160.39990234375,2160.39990234375,550,0.0,0.0,-0.010177664197878154,0.12229767510822455,GC=F,0.2662615714671037,market_elevated,1.0,6.203503679957578,0.9968270984467898
2024-03-13 00:00:00-04:00,2162.5,2175.39990234375,2162.5,2175.39990234375,20,0.0,0.0,0.006919166252700285,0.1211744190548279,GC=F,0.1810148226417428,market_elevated,1.0,0.018062545030922195,0.9998368766685661
2024-03-14 00:00:00-04:00,2163.0,2163.0,2162.300048828125,2163.0,515,0.0,0.0,-0.0057163638155206895,0.11153604127845244,GC=F,0.14954787100517086,market_elevated,1.0,0.11580671728390968,0.9933018929404005
2024-03-15 00:00:00-04:00,2161.699951171875,2161.699951171875,2157.300048828125,2157.300048828125,100,0.0,0.0,-0.0026386845425951824,0.11241225269810877,GC=F,0.06903158517096913,market_normal,0.996,0.21355088953678347,0.9772845323028004
2024-03-18 00:00:00-04:00,2146.199951171875,2160.699951171875,2146.199951171875,2160.699951171875,21,0.0,0.0,0.0015747582428707817,0.11240764992725717,GC=F,0.04119782263153905,market_normal,0.996,0.5067834062957459,0.8743102578860993
2024-03-19 00:00:00-04:00,2156.10009765625,2156.300048828125,2156.10009765625,2156.300048828125,12,0.0,0.0,-0.0020384080923120792,0.11401429027235349,GC=F,0.053327534825075885,market_normal,0.996,0.6045275785486766,0.822770701244068
2024-03-20 00:00:00-04:00,2157.300048828125,2185.89990234375,2150.89990234375,2157.89990234375,17,0.0,0.0,0.0007416687251718953,0.11306350626706672,GC=F,0.01940306502875607,market_normal,0.996,0.702271750801664,0.7633767128781749
2024-03-21 00:00:00-04:00,2207.0,2211.60009765625,2182.39990234375,2182.39990234375,63,0.0,0.0,0.01128966261576579,0.11469290988465884,GC=F,0.2953529661583751,market_elevated,1.0,0.8000159230545947,0.6966952867586439
2024-03-22 00:00:00-04:00,2179.199951171875,2179.60009765625,2157.5,2158.10009765625,19,0.0,0.0,-0.011196893703511956,0.12474143700090111,GC=F,0.29292600493429094,market_elevated,1.0,0.8977600953075822,0.6233629850623343
2024-03-25 00:00:00-04:00,2166.199951171875,2179.39990234375,2166.199951171875,2174.800048828125,79,0.0,0.0,0.00770847852509448,0.12386349935093341,GC=F,0.20166430782221906,market_elevated,1.0,1.1909926120664878,0.3707381790785471
2024-03-26 00:00:00-04:00,2182.699951171875,2182.699951171875,2175.60009765625,2175.60009765625,202373,0.0,0.0,0.0003678047123048936,0.12083865881882842,GC=F,0.009622272732453085,market_normal,0.996,1.2887367843194184,0.27833439555053735
2024-03-27 00:00:00-04:00,2179.39990234375,2196.199951171875,2172.10009765625,2190.60009765625,31200,0.0,0.0,0.006870990033479146,0.12142610619466303,GC=F,0.17975446706429718,market_elevated,1.0,1.3864809565724627,0.18327354304446325
2024-03-28 00:00:00-04:00,2193.60009765625,2234.10009765625,2187.10009765625,2217.39990234375,2040,0.0,0.0,0.012159770828042574,0.12402498144199946,GC=F,0.3181161832819612,market_volatile,1.0,1.4842251288253365,0.08646310279989382
2024-04-01 00:00:00-04:00,2235.699951171875,2264.199951171875,2230.0,2236.5,400,0.0,0.0,0.008576849575533693,0.12478921774905423,GC=F,0.224382078423718,market_elevated,1.0,1.8752018178371728,-0.2997260516171231
2024-04-02 00:00:00-04:00,2252.0,2279.199951171875,2247.60009765625,2261.0,435,0.0,0.0,0.010895049405066982,0.11391712300693937,GC=F,0.2850293465576961,market_elevated,1.0,1.972945990090217,-0.39139741203437184
2024-04-03 00:00:00-04:00,2281.699951171875,2298.800048828125,2267.89990234375,2294.39990234375,285,0.0,0.0,0.014664135564459967,0.11393298554461567,GC=F,0.3836337791940283,market_volatile,1.0,2.070690162343091,-0.4793323678310042
2024-04-04 00:00:00-04:00,2301.699951171875,2302.89990234375,2280.0,2288.800048828125,251,0.0,0.0,-0.002443644773025144,0.11511338992975005,GC=F,0.06392907888518237,market_normal,0.996,2.168434334596135,-0.5626914638524464
2024-04-05 00:00:00-04:00,2289.199951171875,2328.39990234375,2267.39990234375,2325.699951171875,344,0.0,0.0,0.015993363911782323,0.12235943405333526,GC=F,0.41840820500682513,market_volatile,1.0,2.266178506849009,-0.640678927561455
2024-04-08 00:00:00-04:00,2325.60009765625,2341.800048828125,2319.0,2331.699951171875,202,0.0,0.0,0.002576546332762105,0.12242464106614487,GC=F,0.06740596488357971,market_normal,0.996,2.5594110236079715,-0.8352650748372019
2024-04-09 00:00:00-04:00,2337.800048828125,2364.699951171875,2337.800048828125,2343.5,211,0.0,0.0,0.005047944048811655,0.12071997745249906,GC=F,0.13206109859616105,market_elevated,1.0,2.657155195860902,-0.8849370710246562
2024-04-10 00:00:00-04:00,2346.60009765625,2358.10009765625,2327.699951171875,2329.60009765625,377,0.0,0.0,-0.005948917440644637,0.12498180606767918,GC=F,0.15563179089798704,market_elevated,1.0,2.7548993681138896,-0.9261611754802858
2024-04-11 00:00:00-04:00,2341.5,2376.300048828125,2330.60009765625,2354.800048828125,283,0.0,0.0,0.010759197967561912,0.11777991403705483,GC=F,0.2814752877350729,market_elevated,1.0,2.85264354036682,-0.95854384974511
2024-04-12 00:00:00-04:00,2377.300048828125,2429.0,2334.300048828125,2356.199951171875,584,0.0,0.0,0.0005943121990892287,0.11791221787912955,GC=F,0.015548017403105002,market_normal,0.996,2.9503877126198077,-0.9817759584748188
2024-04-15 00:00:00-04:00,2362.10009765625,2384.699951171875,2326.0,2365.800048828125,1801,0.0,0.0,0.00406612066202905,0.11271757965205169,GC=F,0.10637526019697398,market_elevated,1.0,3.2436202293786565,-0.9947997003362146
2024-04-16 00:00:00-04:00,2384.0,2390.800048828125,2371.39990234375,2390.800048828125,41,0.0,0.0,0.010511806622644015,0.11176663078903358,GC=F,0.2750031928629575,market_elevated,1.0,3.341364401631644,-0.9801118989744032
2024-04-17 00:00:00-04:00,2384.199951171875,2391.39990234375,2369.300048828125,2371.699951171875,37,0.0,0.0,-0.00802108139040866,0.11999727160269104,GC=F,0.20984242497615557,market_elevated,1.0,3.4391085738845746,-0.9560676365954965
2024-04-18 00:00:00-04:00,2368.39990234375,2384.39990234375,2368.39990234375,2382.300048828125,128,0.0,0.0,0.004459451082454631,0.1176677792267887,GC=F,0.1166653202551714,market_elevated,1.0,3.536852746137562,-0.9228964474025191
2024-04-19 00:00:00-04:00,2379.300048828125,2399.800048828125,2377.300048828125,2398.39990234375,160,0.0,0.0,0.006735379565596977,0.11692704249703732,GC=F,0.1762067123355429,market_elevated,1.0,3.6345969183904927,-0.8809149941550369
2024-04-22 00:00:00-04:00,2383.300048828125,2383.300048828125,2326.89990234375,2332.199951171875,53,0.0,0.0,-0.02798980048135961,0.16122059505974864,GC=F,0.65,market_extreme,1.009,3.9278294351493983,-0.7065135400196039
2024-04-23 00:00:00-04:00,2327.699951171875,2330.800048828125,2294.199951171875,2327.699951171875,171,0.0,0.0,-0.001931372558694458,0.15384983847577002,GC=F,0.050527339335251276,market_normal,0.996,4.025573607402443,-0.6340778276475485
2024-04-24 00:00:00-04:00,2321.300048828125,2328.699951171875,2314.60009765625,2324.5,95,0.0,0.0,-0.0013756724603899396,0.15401327878111767,GC=F,0.03598946713174192,market_normal,0.996,4.123317779655316,-0.5555890059496343
2024-04-25 00:00:00-04:00,2315.0,2329.800048828125,2305.0,2329.800048828125,1024,0.0,0.0,0.0022774857931127522,0.1537172857170713,GC=F,0.05958213343240668,market_normal,0.996,4.221061951908304,-0.4717963542694195
2024-04-26 00:00:00-04:00,2347.89990234375,2347.89990234375,2332.800048828125,2334.800048828125,717,0.0,0.0,0.0021438073190774686,0.15318975626209394,GC=F,0.056084922296733765,market_normal,0.996,4.3188061241612345,-0.3834997840046991
2024-04-29 00:00:00-04:00,2334.800048828125,2345.5,2327.89990234375,2345.39990234375,405,0.0,0.0,0.004529666146779777,0.14970427157737992,GC=F,0.11850224206791647,market_elevated,1.0,4.61203864092014,-0.10018199973952162
2024-04-30 00:00:00-04:00,2322.5,2322.5,2291.39990234375,2291.39990234375,113,0.0,0.0,-0.02329297954868033,0.172793605143053,GC=F,0.6093761022372634,market_extreme,1.009,4.709782813173071,-0.002606164261392075
2024-05-01 00:00:00-04:00,2287.699951171875,2327.300048828125,2283.800048828125,2299.89990234375,42,0.0,0.0,0.0037026594091494527,0.16944908587269428,GC=F,0.09686661828488378,market_normal,0.996,4.807526985426058,0.09499455049266183
2024-05-02 00:00:00-04:00,2321.699951171875,2324.699951171875,2292.300048828125,2299.199951171875,56,0.0,0.0,-0.0003043861623244103,0.16179205331026505,GC=F,0.007963157001213991,market_normal,0.996,4.905271157679046,0.19168841694760547
2024-05-03 00:00:00-04:00,2300.0,2301.0,2277.60009765625,2299.0,194,0.0,0.0,-8.696932457233537e-05,0.16153105462262343,GC=F,0.0022752361032790133,market_normal,0.996,5.003015329931976,0.286552364591715
2024-05-06 00:00:00-04:00,2322.800048828125,2325.5,2314.199951171875,2321.60009765625,9,0.0,0.0,0.00978239943094232,0.15519379261525434,GC=F,0.2559209062669437,market_elevated,1.0,5.296247846690882,0.5512476460514224
2024-05-07 00:00:00-04:00,2324.300048828125,2324.300048828125,2315.199951171875,2315.199951171875,25,0.0,0.0,-0.002760589407145369,0.1551421881343537,GC=F,0.07222078263057721,market_normal,0.996,5.393992018943813,0.6300386946204951
2024-05-08 00:00:00-04:00,2313.60009765625,2313.60009765625,2313.60009765625,2313.60009765625,4,0.0,0.0,-0.0006912606128823438,0.1539005449114842,GC=F,0.01808432008571655,market_normal,0.996,5.4917361911968,0.7028151927166976
2024-05-09 00:00:00-04:00,2310.699951171875,2339.5,2310.699951171875,2332.10009765625,5,0.0,0.0,0.007964395898361993,0.15536070056840845,GC=F,0.20835945522019939,market_elevated,1.0,5.589480363449788,0.7688823926605473
2024-05-10 00:00:00-04:00,2367.300048828125,2367.300048828125,2367.300048828125,2367.300048828125,126,0.0,0.0,0.01498089474872309,0.15965595036353564,GC=F,0.3919206313183223,market_volatile,1.0,5.687224535702718,0.8276095958741957
2024-05-13 00:00:00-04:00,2358.300048828125,2358.300048828125,2336.10009765625,2336.10009765625,14,0.0,0.0,-0.013267171767020015,0.1663615826431963,GC=F,0.3470873016568189,market_volatile,1.0,5.980457052461624,0.9545266802666432
2024-05-14 00:00:00-04:00,2336.0,2358.0,2336.0,2353.39990234375,6,0.0,0.0,0.007378135479851928,0.16787265677464944,GC=F,0.1930220833747031,market_elevated,1.0,6.0782012247145545,0.9790642246828597
2024-05-15 00:00:00-04:00,2361.60009765625,2388.699951171875,2356.0,2388.699951171875,29,0.0,0.0,0.014888214910604233,0.17204058448924897,GC=F,0.3894960003950512,market_volatile,1.0,6.175945396967542,0.9942553095151622
2024-05-16 00:00:00-04:00,2389.5,2392.199951171875,2380.0,2380.0,7,0.0,0.0,-0.0036487767790969396,0.17014170184720584,GC=F,0.09545697522006802,market_normal,0.996,6.273689569220473,0.9999549158190739
2024-05-17 00:00:00-04:00,2380.699951171875,2415.800048828125,2380.699951171875,2412.199951171875,213,0.0,0.0,0.013438686241467436,0.17574739202031464,GC=F,0.3515743541482192,market_volatile,1.0,0.08824843429387386,0.9961086333336392
2024-05-20 00:00:00-04:00,2415.800048828125,2435.800048828125,2409.699951171875,2433.89990234375,40,0.0,0.0,0.008955695038778591,0.17688959527066656,GC=F,0.23429319225352968,market_elevated,1.0,0.38148095105277946,0.9281143023367379
2024-05-21 00:00:00-04:00,2429.5,2429.5,2421.0,2421.699951171875,6,0.0,0.0,-0.005025116242057949,0.1449674623142989,GC=F,0.13146389204844883,market_elevated,1.0,0.4792251233057101,0.8873524783736184
2024-05-22 00:00:00-04:00,2417.5,2417.60009765625,2375.800048828125,2389.199951171875,180,0.0,0.0,-0.01351119128257647,0.15398555770667002,GC=F,0.35347118487574536,market_volatile,1.0,0.5769692955586976,0.8381197044291253
2024-05-23 00:00:00-04:00,2371.199951171875,2371.199951171875,2335.0,2335.0,365,0.0,0.0,-0.02294667031813439,0.17526574185408803,GC=F,0.600316180614191,market_extreme,1.009,0.6747134678116282,0.780885972277375
2024-05-24 00:00:00-04:00,2342.60009765625,2345.39990234375,2332.5,2332.5,25,0.0,0.0,-0.0010712373814988035,0.1751529803034738,GC=F,0.028025030406450387,market_normal,0.996,0.7724576400646157,0.7161976533931316
2024-05-28 00:00:00-04:00,2336.89990234375,2359.699951171875,2336.89990234375,2355.199951171875,26,0.0,0.0,0.0096849750810076,0.178207518367976,GC=F,0.25337215244598466,market_elevated,1.0,1.163434329076452,0.3961885769959338
2024-05-29 00:00:00-04:00,2340.300048828125,2340.300048828125,2340.300048828125,2340.300048828125,119317,0.0,0.0,-0.0063464816760843545,0.17902362827033896,GC=F,0.1660326133292641,market_elevated,1.0,1.2611785013294394,0.3046946565354712
2024-05-30 00:00:00-04:00,2336.89990234375,2349.5,2320.800048828125,2342.89990234375,32587,0.0,0.0,0.001110289464388048,0.15790862012762294,GC=F,0.02904668613776461,market_normal,0.996,1.35892267358237,0.21029202363214858
2024-05-31 00:00:00-04:00,2344.10009765625,2354.0,2319.0,2322.89990234375,941,0.0,0.0,-0.00857307357068379,0.16101384891764597,GC=F,0.2242832929887051,market_elevated,1.0,1.4566668458353575,0.11388187595073199
2024-06-03 00:00:00-04:00,2322.60009765625,2347.5,2312.0,2346.60009765625,781,0.0,0.0,0.010151150585457774,0.1644148118001398,GC=F,0.2655679392179879,market_elevated,1.0,1.7498993625942632,-0.17814702895405635
2024-06-04 00:00:00-04:00,2347.5,2347.699951171875,2313.89990234375,2325.5,890,0.0,0.0,-0.009032443941432378,0.16802126801907158,GC=F,0.2363010481850737,market_elevated,1.0,1.8476435348471938,-0.2733242722368231
2024-06-05 00:00:00-04:00,2326.39990234375,2354.300048828125,2326.199951171875,2354.10009765625,295,0.0,0.0,0.012223460620860391,0.16991421880941743,GC=F,0.31978239509563267,market_volatile,1.0,1.9453877071001813,-0.3658922747779607
2024-06-06 00:00:00-04:00,2355.0,2375.800048828125,2355.0,2370.300048828125,179,0.0,0.0,0.00685801971176186,0.17073797739383884,GC=F,0.1794151457646616,market_elevated,1.0,2.043131879353112,-0.45496735287949674
2024-06-07 00:00:00-04:00,2379.89990234375,2385.10009765625,2285.39990234375,2305.199951171875,269,0.0,0.0,-0.027849130615993235,0.19809507659340134,GC=F,0.65,market_extreme,1.009,2.1408760516060994,-0.5396991674152315
2024-06-10 00:00:00-04:00,2290.60009765625,2309.300048828125,2290.5,2307.699951171875,69,0.0,0.0,0.0010839169709689002,0.19595608631390055,GC=F,0.028356745754120193,market_normal,0.996,2.434108568364948,-0.7599994323273258
2024-06-11 00:00:00-04:00,2300.0,2314.10009765625,2300.0,2307.5,871,0.0,0.0,-8.664897474244984e-05,0.1877357375229918,GC=F,0.002266855314969813,market_normal,0.996,2.5318527406179356,-0.8197969855163644
2024-06-12 00:00:00-04:00,2314.89990234375,2338.699951171875,2310.300048828125,2336.0,132,0.0,0.0,0.012275377571110555,0.18793157907149502,GC=F,0.3211406132968453,market_volatile,1.0,2.629596912870923,-0.8717684950210479
2024-06-13 00:00:00-04:00,2309.39990234375,2317.699951171875,2296.199951171875,2300.199951171875,298,0.0,0.0,-0.015444010517410593,0.19319422867245378,GC=F,0.4040363712311834,market_volatile,1.0,2.7273410851238538,-0.9154178242234939
2024-06-14 00:00:00-04:00,2307.0,2331.39990234375,2305.800048828125,2331.39990234375,948,0.0,0.0,0.013472849167638714,0.19177641442526455,GC=F,0.35246810287400004,market_volatile,1.0,2.8250852573768412,-0.9503282826953103
2024-06-17 00:00:00-04:00,2320.199951171875,2320.199951171875,2309.60009765625,2312.39990234375,110,0.0,0.0,-0.008182999621581656,0.19315721632903993,GC=F,0.21407842666014548,market_elevated,1.0,3.11831777413569,-0.9997291522205015
2024-06-18 00:00:00-04:00,2311.800048828125,2330.39990234375,2311.800048828125,2330.39990234375,43,0.0,0.0,0.007753980763100305,0.18861544078695433,GC=F,0.2028547084054125,market_elevated,1.0,3.2160619463886775,-0.9972284434163894
2024-06-20 00:00:00-04:00,2328.89990234375,2354.0,2328.300048828125,2353.800048828125,183,0.0,0.0,0.009991179448078678,0.18938112675573635,GC=F,0.26138287616228023,market_elevated,1.0,3.4115502908945956,-0.9637821949636486
2024-06-21 00:00:00-04:00,2331.199951171875,2331.199951171875,2316.39990234375,2316.39990234375,76,0.0,0.0,-0.016016849994939065,0.1956158349073684,GC=F,0.41902263296272335,market_volatile,1.0,3.509294463147583,-0.9331559438780244
2024-06-24 00:00:00-04:00,2323.300048828125,2332.89990234375,2322.699951171875,2330.0,99,0.0,0.0,0.005854053366742159,0.19288665195747923,GC=F,0.15315001738866738,market_elevated,1.0,3.8025269799064887,-0.7894190355526812
2024-06-25 00:00:00-04:00,2324.39990234375,2333.0,2316.60009765625,2316.60009765625,105,0.0,0.0,-0.0057676319065113404,0.1770029428066989,GC=F,0.15088911416351117,market_elevated,1.0,3.9002711521593625,-0.7257457882366868
2024-06-26 00:00:00-04:00,2307.89990234375,2314.39990234375,2298.0,2299.199951171875,986,0.0,0.0,-0.0075394205654809275,0.17873246635584397,GC=F,0.19724152110804244,market_elevated,1.0,3.998015324412407,-0.6551443399844669
2024-06-27 00:00:00-04:00,2296.800048828125,2329.0,2295.0,2324.5,1532,0.0,0.0,0.010943747042885628,0.17970321851593493,GC=F,0.28630334315654554,market_elevated,1.0,4.095759496665281,-0.5782886747556635
2024-06-28 00:00:00-04:00,2325.39990234375,2338.300048828125,2319.0,2327.699951171875,92,0.0,0.0,0.0013756724603899051,0.17859282193428258,GC=F,0.03598946713174102,market_normal,0.996,4.193503668918325,-0.49591248126087023
2024-07-01 00:00:00-04:00,2323.800048828125,2329.699951171875,2321.699951171875,2327.60009765625,237,0.0,0.0,-4.2898852745440194e-05,0.17852623943987275,GC=F,0.0011222924753715214,market_normal,0.996,4.486736185677117,-0.22374265498324364
2024-07-02 00:00:00-04:00,2330.699951171875,2334.60009765625,2323.0,2323.0,30,0.0,0.0,-0.0019782819678747557,0.1761266976909012,GC=F,0.05175455343488166,market_normal,0.996,4.584480357930161,-0.12756013035124078
2024-07-03 00:00:00-04:00,2330.89990234375,2361.60009765625,2330.89990234375,2359.800048828125,59,0.0,0.0,0.01571743658704651,0.18115196470855308,GC=F,0.41118956999721373,market_volatile,1.0,4.682224530183035,-0.03015987600077175
2024-07-05 00:00:00-04:00,2354.89990234375,2388.5,2354.89990234375,2388.5,72,0.0,0.0,0.012088663472560882,0.1822622875106689,GC=F,0.3162559179160266,market_volatile,1.0,4.877712874688953,0.1645718176561598
2024-07-08 00:00:00-04:00,2381.699951171875,2383.800048828125,2352.800048828125,2355.199951171875,64,0.0,0.0,-0.01403992502750996,0.18506545808477923,GC=F,0.36730358050961076,market_volatile,1.0,5.1709453914479155,0.44265411336006794
2024-07-09 00:00:00-04:00,2363.10009765625,2363.699951171875,2360.10009765625,2360.10009765625,9,0.0,0.0,0.002078403578812869,0.1835756419596833,GC=F,0.05437387128108824,market_normal,0.996,5.268689563700903,0.5280482205580318
2024-07-10 00:00:00-04:00,2366.300048828125,2377.0,2365.800048828125,2372.199951171875,19,0.0,0.0,0.00511374163037859,0.15419445647855942,GC=F,0.1337824530372321,market_elevated,1.0,5.366433735953834,0.6084014109014806
2024-07-11 00:00:00-04:00,2378.699951171875,2416.699951171875,2378.699951171875,2415.0,72,0.0,0.0,0.017881513074975274,0.16444802872615816,GC=F,0.4678047613857302,market_volatile,1.0,5.464177908206821,0.6829466071885721
2024-07-12 00:00:00-04:00,2399.800048828125,2414.0,2391.300048828125,2414.0,355,0.0,0.0,-0.0004141644291962591,0.16450841432466343,GC=F,0.010835106132364084,market_normal,0.996,5.561922080459752,0.7509721771823271
2024-07-15 00:00:00-04:00,2430.0,2436.0,2422.89990234375,2422.89990234375,540,0.0,0.0,0.0036800068503831792,0.16048703247087723,GC=F,0.09627399646345286,market_normal,0.996,5.855154597218657,0.9097849261321259
2024-07-16 00:00:00-04:00,2427.39990234375,2462.39990234375,2427.39990234375,2462.39990234375,93,0.0,0.0,0.016171314917783012,0.15511412608028585,GC=F,0.4230636459391142,market_volatile,1.0,5.952898769471588,0.9459494541461455
2024-07-17 00:00:00-04:00,2472.89990234375,2473.10009765625,2454.800048828125,2454.800048828125,10,0.0,0.0,-0.00309113301982428,0.15193240595894408,GC=F,0.08086825419567849,market_normal,0.996,6.050642941724632,0.9730836467452983
2024-07-18 00:00:00-04:00,2466.0,2466.0,2451.800048828125,2451.800048828125,2,0.0,0.0,-0.0012228428297097356,0.14764396536002106,GC=F,0.031991235627883516,market_normal,0.996,6.148387113977506,0.9909284722663434
2024-07-19 00:00:00-04:00,2418.800048828125,2419.199951171875,2395.5,2395.5,15,0.0,0.0,-0.02323049125293214,0.17158462762933796,GC=F,0.6077413232250336,market_extreme,1.009,6.2461312862305505,0.9993135783092547
2024-07-22 00:00:00-04:00,2402.10009765625,2402.10009765625,2392.0,2392.0,18,0.0,0.0,-0.0014621412526544951,0.16885026397956646,GC=F,0.038251608627432356,market_normal,0.996,0.25617849580975616,0.9673653536296257
2024-07-23 00:00:00-04:00,2395.800048828125,2404.60009765625,2388.699951171875,2404.60009765625,41,0.0,0.0,0.005253774082549602,0.15793486113649702,GC=F,0.1374458929038391,market_elevated,1.0,0.3539226680628005,0.9380204148115615
2024-07-24 00:00:00-04:00,2421.0,2421.0,2411.60009765625,2413.300048828125,6,0.0,0.0,0.0036115155414233003,0.15739601908510906,GC=F,0.09448217044120129,market_normal,0.996,0.4516668403156743,0.8997208337189156
2024-07-25 00:00:00-04:00,2365.5,2365.5,2351.89990234375,2351.89990234375,31,0.0,0.0,-0.025771655108934748,0.18255444001158255,GC=F,0.65,market_extreme,1.009,0.5494110125686618,0.8528322303770529
2024-07-26 00:00:00-04:00,2368.699951171875,2386.89990234375,2368.699951171875,2380.0,95,0.0,0.0,0.011877017079959726,0.18387155111670253,GC=F,0.31071895973056435,market_volatile,1.0,0.6471551848215924,0.797802218359328
2024-07-29 00:00:00-04:00,2377.300048828125,2377.300048828125,2377.300048828125,2377.300048828125,126409,0.0,0.0,-0.0011350772219737724,0.18091165901965428,GC=F,0.029695167671405367,market_normal,0.996,0.940387701580498,0.5894748891608105
2024-07-30 00:00:00-04:00,2380.89990234375,2409.300048828125,2373.800048828125,2405.0,25944,0.0,0.0,0.011584493096314897,0.1845492443832126,GC=F,0.3030661334962966,market_volatile,1.0,1.0381318738334855,0.5078304528711111
2024-07-31 00:00:00-04:00,2407.10009765625,2447.60009765625,2402.800048828125,2426.5,1313,0.0,0.0,0.008899986305409351,0.1861662407677747,GC=F,0.23283577583627077,market_elevated,1.0,1.1358760460864161,0.4213381049903858
2024-08-01 00:00:00-04:00,2446.699951171875,2455.10009765625,2430.39990234375,2435.0,690,0.0,0.0,0.0034968666714193194,0.18566433686944406,GC=F,0.09148279969161889,market_normal,0.996,1.2336202183394036,0.33082352907780055
2024-08-02 00:00:00-04:00,2444.0,2477.0,2416.0,2425.699951171875,550,0.0,0.0,-0.003826634135013617,0.18005061409421702,GC=F,0.10010996613847849,market_elevated,1.0,1.3313643905923342,0.23715080616532197
2024-08-05 00:00:00-04:00,2442.0,2449.800048828125,2367.39990234375,2401.699951171875,334,0.0,0.0,-0.00994332279261066,0.1796096435313108,GC=F,0.260130880808304,market_elevated,1.0,1.6245969073512967,-0.05377462999351465
2024-08-06 00:00:00-04:00,2414.5,2421.800048828125,2380.0,2389.10009765625,163,0.0,0.0,-0.005260032745343863,0.17326343191134397,GC=F,0.13760962805548912,market_elevated,1.0,1.7223410796042273,-0.1509653604673843
2024-08-07 00:00:00-04:00,2392.199951171875,2401.0,2384.5,2390.5,130,0.0,0.0,0.0005857822224360302,0.17318883386679215,GC=F,0.015324861584235301,market_normal,0.996,1.8200852518572148,-0.24671492742556786
2024-08-08 00:00:00-04:00,2384.300048828125,2422.800048828125,2384.300048828125,2422.199951171875,201,0.0,0.0,0.013173648862206806,0.17801343190300306,GC=F,0.3446406149594011,market_volatile,1.0,1.9178294241101455,-0.34010927494068083
2024-08-09 00:00:00-04:00,2422.300048828125,2432.10009765625,2418.5,2432.10009765625,611,0.0,0.0,0.0040789238864625725,0.16763280750919868,GC=F,0.10671021000384877,market_elevated,1.0,2.015573596363133,-0.43025683076209376
2024-08-12 00:00:00-04:00,2432.699951171875,2469.800048828125,2432.0,2462.39990234375,566,0.0,0.0,0.012381322610815695,0.17269501101523502,GC=F,0.32391227997915895,market_volatile,1.0,2.3088061131219817,-0.6728168669657176
2024-08-13 00:00:00-04:00,2461.0,2470.0,2456.5,2466.699951171875,510,0.0,0.0,0.0017447607257966857,0.17243880733129088,GC=F,0.04564531936331347,market_normal,0.996,2.406550285374969,-0.741802341155851
2024-08-14 00:00:00-04:00,2468.0,2472.10009765625,2439.39990234375,2439.39990234375,274,0.0,0.0,-0.011129137775200023,0.16775117573482326,GC=F,0.29115341747239487,market_elevated,1.0,2.5042944576279,-0.8037063334307835
2024-08-15 00:00:00-04:00,2451.800048828125,2467.699951171875,2431.199951171875,2453.10009765625,285,0.0,0.0,0.005600503269123787,0.16872409925226867,GC=F,0.1465168011491711,market_elevated,1.0,2.6020386298808873,-0.8579378885219794
2024-08-16 00:00:00-04:00,2453.5,2508.0,2451.39990234375,2498.60009765625,197,0.0,0.0,0.01837804343675201,0.18025104364682656,GC=F,0.48079467261068154,market_volatile,1.0,2.699782802133818,-0.9039792946949928
2024-08-19 00:00:00-04:00,2508.5,2508.5,2487.199951171875,2501.800048828125,88,0.0,0.0,0.0012798782157230325,0.15746373182883747,GC=F,0.03348335908704612,market_normal,0.996,2.9930153188927235,-0.988982677685755
2024-08-20 00:00:00-04:00,2503.5,2527.300048828125,2500.699951171875,2511.300048828125,187,0.0,0.0,0.0037900744796478744,0.15703082839121438,GC=F,0.09915351570931148,market_normal,0.996,3.090759491145654,-0.9987082729869085
2024-08-21 00:00:00-04:00,2511.0,2515.39990234375,2503.89990234375,2508.39990234375,96,0.0,0.0,-0.0011555060403106994,0.15709043069175552,GC=F,0.030229613411395507,market_normal,0.996,3.1885036633986417,-0.9988998803490939
2024-08-22 00:00:00-04:00,2504.10009765625,2504.10009765625,2471.10009765625,2478.89990234375,210,0.0,0.0,-0.011830186756921601,0.16406252361288665,GC=F,0.30949381463223785,market_volatile,1.0,3.286247835651629,-0.9895556706272667
2024-08-23 00:00:00-04:00,2486.5,2508.39990234375,2486.5,2508.39990234375,94,0.0,0.0,0.011830186756921704,0.13510282244751687,GC=F,0.3094938146322405,market_volatile,1.0,3.38399200790456,-0.970764846629905
2024-08-26 00:00:00-04:00,2509.89990234375,2523.10009765625,2509.10009765625,2517.699951171875,290,0.0,0.0,0.003700706198852698,0.1313007915078002,GC=F,0.09681551964054769,market_normal,0.996,3.6772245246634654,-0.859946303755333
2024-08-27 00:00:00-04:00,2515.199951171875,2523.10009765625,2506.89990234375,2516.0,100,0.0,0.0,-0.0006754281156969496,0.1311421430706195,GC=F,0.017670120373594937,market_normal,0.996,3.774968696916453,-0.8060339290514648
2024-08-28 00:00:00-04:00,2501.0,2501.0,2501.0,2501.0,2353,0.0,0.0,-0.005979686942712076,0.13026104534822622,GC=F,0.15643676302267598,market_elevated,1.0,3.8727128691693835,-0.7444268971931491
2024-08-29 00:00:00-04:00,2504.10009765625,2525.699951171875,2503.89990234375,2525.699951171875,3966,0.0,0.0,0.009827580801596993,0.13093027761374335,GC=F,0.25710291252276596,market_elevated,1.0,3.970457041422371,-0.675713328570002
2024-08-30 00:00:00-04:00,2519.5,2525.39990234375,2493.800048828125,2493.800048828125,208,0.0,0.0,-0.012710561536922458,0.1401641061829279,GC=F,0.3325256191647458,market_volatile,1.0,4.068201213675302,-0.6005491848399926
2024-09-03 00:00:00-04:00,2501.60009765625,2501.800048828125,2476.300048828125,2489.89990234375,206,0.0,0.0,-0.0015651613535240963,0.1393718705897316,GC=F,0.040946754921997494,market_normal,0.996,4.459177902687195,-0.2505139314835205
2024-09-04 00:00:00-04:00,2490.89990234375,2493.39990234375,2483.5,2493.39990234375,470,0.0,0.0,0.0014046919562063706,0.13330653080085347,GC=F,0.03674865670697637,market_normal,0.996,4.556922074940125,-0.1548413904099094
2024-09-05 00:00:00-04:00,2493.699951171875,2513.300048828125,2493.39990234375,2511.39990234375,54,0.0,0.0,0.0071931259247034075,0.13198846117808544,GC=F,0.1881819811732034,market_elevated,1.0,4.654666247193113,-0.057690684001528166
2024-09-06 00:00:00-04:00,2510.300048828125,2517.89990234375,2483.699951171875,2493.5,96,0.0,0.0,-0.007152981683501989,0.1359742404365437,GC=F,0.187131753091413,market_elevated,1.0,4.7524104194460435,0.04001075608983355
2024-09-09 00:00:00-04:00,2491.300048828125,2504.699951171875,2491.300048828125,2501.800048828125,96,0.0,0.0,0.0033231463116611603,0.1299303761735034,GC=F,0.08693803823302397,market_normal,0.996,5.045642936204949,0.32711968743307795
2024-09-10 00:00:00-04:00,2512.300048828125,2512.300048828125,2512.300048828125,2512.300048828125,5,0.0,0.0,0.004188195346663044,0.12995783149992055,GC=F,0.10956890038150421,market_elevated,1.0,5.14338710845788,0.4177778588551215
2024-09-11 00:00:00-04:00,2525.800048828125,2525.800048828125,2502.300048828125,2512.10009765625,90,0.0,0.0,-7.959205722123827e-05,0.12389326403300135,GC=F,0.002082236731336128,market_normal,0.996,5.241131280710867,0.5044477894913648
2024-09-12 00:00:00-04:00,2529.10009765625,2557.0,2523.39990234375,2551.199951171875,132,0.0,0.0,0.015444721969289848,0.13369986448314244,GC=F,0.40405498378232585,market_volatile,1.0,5.338875452963798,0.5863021005207771
2024-09-13 00:00:00-04:00,2568.800048828125,2581.800048828125,2565.0,2581.300048828125,31,0.0,0.0,0.011729349341314652,0.12965761962193564,GC=F,0.30685577035997885,market_volatile,1.0,5.436619625216785,0.6625593845643263
2024-09-16 00:00:00-04:00,2580.39990234375,2580.39990234375,2580.39990234375,2580.39990234375,28,0.0,0.0,-0.0003487790851909712,0.12961420614386462,GC=F,0.009124536387943288,market_normal,0.996,5.729852141975691,0.8507775866362971
2024-09-17 00:00:00-04:00,2581.199951171875,2581.800048828125,2564.300048828125,2564.300048828125,22,0.0,0.0,-0.00625883189495714,0.11903471955969604,GC=F,0.16373957555478683,market_elevated,1.0,5.827596314228622,0.8980020321794074
2024-09-18 00:00:00-04:00,2570.699951171875,2570.699951171875,2549.199951171875,2570.699951171875,25,0.0,0.0,0.00249266043134922,0.11911447057351797,GC=F,0.0652113953340375,market_normal,0.996,5.925340486481609,0.936653863701469
2024-09-19 00:00:00-04:00,2566.0,2588.0,2566.0,2588.0,99,0.0,0.0,0.006707160271705417,0.12030743776216765,GC=F,0.17546845713364445,market_elevated,1.0,6.0230846587345965,0.9663640984819537
2024-09-20 00:00:00-04:00,2590.39990234375,2621.800048828125,2590.39990234375,2619.89990234375,17,0.0,0.0,0.01225073519220459,0.12552388278842744,GC=F,0.3204959350676738,market_volatile,1.0,6.120828830987527,0.9868491131368043
2024-09-23 00:00:00-04:00,2626.5,2626.5,2626.5,2626.5,9,0.0,0.0,0.002516049581020544,0.11489294812485998,GC=F,0.0658232873777998,market_normal,0.996,0.13087604056684654,0.9914479484759176
2024-09-24 00:00:00-04:00,2636.800048828125,2662.300048828125,2625.5,2651.199951171875,35,0.0,0.0,0.009360187860914403,0.11273274631301412,GC=F,0.24487527595909137,market_elevated,1.0,0.22862021281972034,0.9739800285308708
2024-09-25 00:00:00-04:00,2656.300048828125,2664.199951171875,2649.300048828125,2659.199951171875,175,0.0,0.0,0.003012958044237874,0.1126761052083441,GC=F,0.07882309025193406,market_normal,0.996,0.32636438507276466,0.9472141843610871
2024-09-26 00:00:00-04:00,2662.300048828125,2669.89990234375,2660.800048828125,2669.89990234375,17216,0.0,0.0,0.004015674633472966,0.11212638827063688,GC=F,0.1050555233127076,market_elevated,1.0,0.42410855732563846,0.9114059312581544
2024-09-27 00:00:00-04:00,2670.0,2672.10009765625,2641.699951171875,2644.300048828125,4228,0.0,0.0,-0.00963458348443632,0.1163776950142456,GC=F,0.25205383957665234,market_elevated,1.0,0.5218527295786828,0.8668971062352518
2024-09-30 00:00:00-04:00,2660.89990234375,2662.10009765625,2623.199951171875,2636.10009765625,973,0.0,0.0,-0.0031058092325682647,0.11494664775784609,GC=F,0.08125220393035469,market_normal,0.996,0.8150852463375884,0.685806355022681
2024-10-01 00:00:00-04:00,2631.39990234375,2670.89990234375,2631.39990234375,2667.300048828125,153,0.0,0.0,0.01176615388576509,0.1063268480983745,GC=F,0.30781862742147903,market_volatile,1.0,0.912829418590519,0.6115094592082037
2024-10-02 00:00:00-04:00,2650.60009765625,2657.199951171875,2640.0,2647.10009765625,72,0.0,0.0,-0.007602005078805537,0.1116604899220268,GC=F,0.19887881730325277,market_elevated,1.0,1.0105735908435065,0.5313748989161248
2024-10-03 00:00:00-04:00,2642.800048828125,2657.10009765625,2640.0,2657.10009765625,354,0.0,0.0,0.003770601213994833,0.11155791707662906,GC=F,0.09864406853031571,market_normal,0.996,1.1083177630964371,0.44616766423622023
2024-10-04 00:00:00-04:00,2656.0,2667.0,2639.0,2645.800048828125,114,0.0,0.0,-0.004261843753354774,0.11321413188634949,GC=F,0.1114956431115185,market_elevated,1.0,1.2060619353494246,0.35670117062686324
2024-10-07 00:00:00-04:00,2648.699951171875,2657.39990234375,2639.0,2644.800048828125,284,0.0,0.0,-0.00037802895454220627,0.10827363360256125,GC=F,0.009889752848935486,market_normal,0.996,1.4992944521082734,0.07144096448770727
2024-10-08 00:00:00-04:00,2639.0,2639.0,2609.300048828125,2615.0,687,0.0,0.0,-0.011331369029670978,0.11878107692209473,GC=F,0.2964440628079352,market_elevated,1.0,1.5970386243612609,-0.02623928567458731
2024-10-09 00:00:00-04:00,2603.0,2607.699951171875,2603.0,2606.0,152,0.0,0.0,-0.0034476188142327953,0.12003417765871933,GC=F,0.09019440860394623,market_normal,0.996,1.6947827966141915,-0.12366904724079064
2024-10-10 00:00:00-04:00,2602.5,2628.300048828125,2602.5,2620.60009765625,320,0.0,0.0,0.0055868577505378105,0.12055351876439477,GC=F,0.1461598157788989,market_elevated,1.0,1.792526968867179,-0.21991822460973348
2024-10-11 00:00:00-04:00,2638.300048828125,2658.10009765625,2638.199951171875,2657.60009765625,12,0.0,0.0,0.014020160169731887,0.1186395288433344,GC=F,0.3667865048830725,market_volatile,1.0,1.8902711411201096,-0.31406799241358535
2024-10-14 00:00:00-04:00,2655.0,2655.300048828125,2647.800048828125,2647.800048828125,40,0.0,0.0,-0.0036943716604866234,0.1145746239348994,GC=F,0.09664979948049159,market_normal,0.996,2.183503657879072,-0.5750844164911599
2024-10-15 00:00:00-04:00,2661.39990234375,2661.39990234375,2661.39990234375,2661.39990234375,39,0.0,0.0,0.0051231384715043505,0.11520213936481764,GC=F,0.13402828721257198,market_elevated,1.0,2.281247830131946,-0.6521761074877325
2024-10-16 00:00:00-04:00,2674.0,2674.0,2674.0,2674.0,6,0.0,0.0,0.004723215245810717,0.1121577572015475,GC=F,0.1235657503800461,market_elevated,1.0,2.37899200238499,-0.7230419172025285
2024-10-17 00:00:00-04:00,2677.39990234375,2691.699951171875,2677.199951171875,2691.0,30,0.0,0.0,0.006337393065017404,0.11315912031465257,GC=F,0.1657948428724982,market_elevated,1.0,2.476736174637864,-0.7870053379970049
2024-10-18 00:00:00-04:00,2713.699951171875,2719.60009765625,2713.699951171875,2713.699951171875,29,0.0,0.0,0.00840012761358353,0.11416047267323223,GC=F,0.21975879095944792,market_elevated,1.0,2.5744803468909083,-0.8434557546408057
2024-10-21 00:00:00-04:00,2721.89990234375,2738.39990234375,2719.5,2723.10009765625,52,0.0,0.0,0.0034579737223619676,0.1083803521524681,GC=F,0.09046530711830729,market_normal,0.996,2.8677128636497002,-0.9627287833156644
2024-10-22 00:00:00-04:00,2731.699951171875,2746.0,2728.60009765625,2744.199951171875,93,0.0,0.0,0.007718602631013913,0.11027132240567938,GC=F,0.2019291682361016,market_elevated,1.0,2.9654570359027446,-0.9845281837017613
2024-10-23 00:00:00-04:00,2742.5,2742.5,2714.199951171875,2714.39990234375,18,0.0,0.0,-0.01091867720094922,0.11566333953597953,GC=F,0.28564748191170203,market_elevated,1.0,3.063201208155732,-0.9969289638071455
2024-10-24 00:00:00-04:00,2729.0,2736.10009765625,2729.0,2734.89990234375,27,0.0,0.0,0.007523937915991553,0.11763150905123018,GC=F,0.19683647388862496,market_elevated,1.0,3.1609453804086627,-0.9998127418268995
2024-10-25 00:00:00-04:00,2725.5,2742.39990234375,2725.5,2740.89990234375,29,0.0,0.0,0.002191461563702766,0.11727723342919381,GC=F,0.05733162230710105,market_normal,0.996,3.25868955266165,-0.9931519882956136
2024-10-28 00:00:00-04:00,2736.10009765625,2742.89990234375,2729.5,2742.89990234375,56,0.0,0.0,0.00072942126259476,0.1104545174247297,GC=F,0.019082654709760435,market_normal,0.996,3.551922069420442,-0.9169894648355115
2024-10-29 00:00:00-04:00,2768.39990234375,2768.39990234375,2768.39990234375,2768.39990234375,848,0.0,0.0,0.009253781457162933,0.11190622038683216,GC=F,0.24209153936431,market_elevated,1.0,3.6496662416734864,-0.8736833181253819
2024-10-30 00:00:00-04:00,2774.60009765625,2789.0,2774.60009765625,2788.5,231,0.0,0.0,0.007234316137240295,0.10812970834708915,GC=F,0.18925957329118878,market_elevated,1.0,3.747410413926417,-0.8220367116005708
2024-10-31 00:00:00-04:00,2787.39990234375,2787.5,2733.5,2738.300048828125,849,0.0,0.0,-0.01816650912342701,0.12497412999348739,GC=F,0.4752606465718905,market_volatile,1.0,3.8451545861794045,-0.7625426802513073
2024-11-01 00:00:00-04:00,2745.5,2756.0,2734.199951171875,2738.60009765625,109,0.0,0.0,0.0001095688511384859,0.12482112467988114,GC=F,0.0028664705300515438,market_normal,0.996,3.942898758432335,-0.6957691730900665
2024-11-04 00:00:00-05:00,2736.5,2737.10009765625,2736.10009765625,2736.10009765625,16,0.0,0.0,-0.0009132920834320161,0.12342544134842716,GC=F,0.023892966069146888,market_normal,0.996,4.236131275191241,-0.458456553244526
2024-11-05 00:00:00-05:00,2743.0,2743.89990234375,2740.300048828125,2740.300048828125,23,0.0,0.0,0.0015338367843668287,0.1232172650841201,GC=F,0.0401272614854698,market_normal,0.996,4.333875447444171,-0.3695396307413043
2024-11-06 00:00:00-05:00,2734.5,2734.5,2659.39990234375,2667.60009765625,427,0.0,0.0,-0.02688819289182318,0.15228633427293714,GC=F,0.65,market_extreme,1.009,4.431619619697159,-0.2770949649743016
2024-11-07 00:00:00-05:00,2662.5,2699.10009765625,2662.5,2698.39990234375,676,0.0,0.0,0.011479740190580862,0.15560017653056707,GC=F,0.3003256546640018,market_volatile,1.0,4.5293637919500895,-0.1820050622292781
2024-11-08 00:00:00-05:00,2688.5,2694.60009765625,2682.89990234375,2687.5,1038,0.0,0.0,-0.004047575121093911,0.15611434035004504,GC=F,0.10589008356144232,market_elevated,1.0,4.627107964203077,-0.08517768106826884
2024-11-11 00:00:00-05:00,2671.699951171875,2671.699951171875,2611.199951171875,2611.199951171875,20,0.0,0.0,-0.0288015263656269,0.18039441552854796,GC=F,0.65,market_extreme,1.009,4.920340480961926,0.20645596809788422
2024-11-12 00:00:00-05:00,2605.5,2605.5,2592.800048828125,2600.0,118,0.0,0.0,-0.00429842206071789,0.18052698478868384,GC=F,0.1124525815023666,market_elevated,1.0,5.018084653214913,0.3009566678997883
2024-11-13 00:00:00-05:00,2611.10009765625,2611.800048828125,2580.800048828125,2580.800048828125,53,0.0,0.0,-0.00741199771886598,0.18050814325260953,GC=F,0.19390796571449928,market_elevated,1.0,5.115828825467844,0.392584339291322
2024-11-14 00:00:00-05:00,2555.10009765625,2576.199951171875,2554.199951171875,2568.199951171875,27,0.0,0.0,-0.004894201906120731,0.1794254659458072,GC=F,0.12803899453399922,market_elevated,1.0,5.213572997720831,0.4804642752760124
2024-11-15 00:00:00-05:00,2565.699951171875,2565.699951171875,2565.699951171875,2565.699951171875,20,0.0,0.0,-0.0009739185590534587,0.1769551825015827,GC=F,0.025479037328487785,market_normal,0.996,5.311317169973762,0.5637575459355648
2024-11-18 00:00:00-05:00,2591.699951171875,2610.699951171875,2589.39990234375,2610.60009765625,136,0.0,0.0,0.017348790536743833,0.18622670180275552,GC=F,0.45386801348093886,market_volatile,1.0,5.604549686732668,0.7784299070918793
2024-11-19 00:00:00-05:00,2621.89990234375,2627.699951171875,2619.300048828125,2627.10009765625,87,0.0,0.0,0.006300496006653572,0.18750243361978747,GC=F,0.16482956552089179,market_elevated,1.0,5.702293858985712,0.8359737826712406
2024-11-20 00:00:00-05:00,2638.5,2648.199951171875,2638.5,2648.199951171875,27,0.0,0.0,0.007999532098494133,0.18768284980533223,GC=F,0.20927866611974122,market_elevated,1.0,5.800038031238586,0.8855371856972508
2024-11-21 00:00:00-05:00,2659.300048828125,2672.10009765625,2655.699951171875,2672.10009765625,33,0.0,0.0,0.008984571185138249,0.18802293378778406,GC=F,0.23504863161153478,market_elevated,1.0,5.89778220349163,0.9266469681052812
2024-11-22 00:00:00-05:00,2687.5,2710.5,2685.60009765625,2709.89990234375,41,0.0,0.0,0.014046981134497769,0.19293252024240595,GC=F,0.36748817788858557,market_volatile,1.0,5.995526375744504,0.9589106827910118
2024-11-25 00:00:00-05:00,2689.39990234375,2689.39990234375,2616.800048828125,2616.800048828125,94,0.0,0.0,-0.03495948190340738,0.22654849208717975,GC=F,0.65,market_extreme,1.009,0.005573585323880081,0.9999844676135281
2024-11-26 00:00:00-05:00,2625.60009765625,2625.60009765625,2620.300048828125,2620.300048828125,177858,0.0,0.0,0.001336617767776714,0.22665737429174612,GC=F,0.03496774312649029,market_normal,0.996,0.10331775757681072,0.9946674665544014
2024-11-27 00:00:00-05:00,2633.5,2657.89990234375,2627.199951171875,2639.89990234375,61653,0.0,0.0,0.007452166991228204,0.22559594061512298,GC=F,0.19495884864558338,market_elevated,1.0,0.20106192982974136,0.979855052384248
2024-11-29 00:00:00-05:00,2636.39990234375,2664.300048828125,2620.699951171875,2657.0,3861,0.0,0.0,0.006456666117155565,0.2251991637293344,GC=F,0.16891518853124038,market_elevated,1.0,0.3965502743357163,0.9223988972008783
2024-12-02 00:00:00-05:00,2649.0,2649.800048828125,2621.699951171875,2634.89990234375,695,0.0,0.0,-0.008352473231234763,0.2189669249685562,GC=F,0.2185120873460469,market_elevated,1.0,0.6897827910945651,0.7713842583470574
2024-12-03 00:00:00-05:00,2639.0,2654.699951171875,2636.0,2644.699951171875,1062,0.0,0.0,0.003712425318383127,0.21972402457432474,GC=F,0.09712210778510774,market_normal,0.996,0.7875269633475526,0.7055998912141391
2024-12-04 00:00:00-05:00,2639.199951171875,2658.300048828125,2637.0,2653.800048828125,249,0.0,0.0,0.003434974654697664,0.22042574765666828,GC=F,0.08986362015167967,market_normal,0.996,0.8852711356004832,0.633079642308243
2024-12-05 00:00:00-05:00,2652.39990234375,2655.0,2625.699951171875,2626.60009765625,573,0.0,0.0,-0.010302322170881693,0.22221017339499297,GC=F,0.26952279399739176,market_elevated,1.0,0.9830153078534707,0.55451581307216
2024-12-06 00:00:00-05:00,2620.199951171875,2643.10009765625,2617.5,2638.60009765625,571,0.0,0.0,0.004558239129528256,0.20380255053685092,GC=F,0.11924975025252513,market_elevated,1.0,1.0807594801064013,0.47065839889566174
2024-12-09 00:00:00-05:00,2632.10009765625,2677.10009765625,2630.800048828125,2664.89990234375,935,0.0,0.0,0.00991798633808684,0.2027127629926496,GC=F,0.25946804461467876,market_elevated,1.0,1.373991996865307,0.19553635226075888
2024-12-10 00:00:00-05:00,2662.300048828125,2698.199951171875,2661.0,2697.60009765625,437,0.0,0.0,0.012196028210303023,0.20699129889550177,GC=F,0.3190647258345798,market_volatile,1.0,1.4717361691182376,0.09889822566646456
2024-12-11 00:00:00-05:00,2701.800048828125,2733.800048828125,2693.10009765625,2733.800048828125,3387,0.0,0.0,0.013330075570755336,0.18269526264179428,GC=F,0.34873295092448847,market_volatile,1.0,1.569480341371225,0.001315985043830473
2024-12-12 00:00:00-05:00,2725.10009765625,2725.10009765625,2677.39990234375,2687.5,2365,0.0,0.0,-0.017081207143532985,0.19346007176469585,GC=F,0.44686766709599196,market_volatile,1.0,1.6672245136242125,-0.09627881839206462
2024-12-13 00:00:00-05:00,2688.199951171875,2689.300048828125,2647.89990234375,2656.0,1125,0.0,0.0,-0.011790161839593786,0.19659217527236916,GC=F,0.308446708225665,market_volatile,1.0,1.7649686858771432,-0.19295451349751674
2024-12-16 00:00:00-05:00,2658.300048828125,2663.300048828125,2651.0,2651.39990234375,877,0.0,0.0,-0.0017334660635325901,0.1956261796970548,GC=F,0.04534983559953836,market_normal,0.996,2.0582012026360488,-0.4683345426697714
2024-12-17 00:00:00-05:00,2651.800048828125,2652.300048828125,2632.5,2644.39990234375,705,0.0,0.0,-0.00264360600282425,0.19597937592184084,GC=F,0.06916033728039496,market_normal,0.996,2.1559453748890363,-0.5523236393935832
2024-12-18 00:00:00-05:00,2644.300048828125,2647.10009765625,2590.199951171875,2636.5,566,0.0,0.0,-0.0029918795594432402,0.18766342583104137,GC=F,0.07827164835166635,market_normal,0.996,2.253689547141967,-0.6310400783665134
2024-12-19 00:00:00-05:00,2582.10009765625,2610.300048828125,2582.10009765625,2592.199951171875,238,0.0,0.0,-0.01694536281780769,0.19566957350829123,GC=F,0.4433137943272238,market_volatile,1.0,2.3514337193949544,-0.7037324073377147
2024-12-20 00:00:00-05:00,2605.300048828125,2631.60009765625,2604.89990234375,2628.699951171875,592,0.0,0.0,0.01398249166131256,0.2000456020535397,GC=F,0.36580104534623276,market_volatile,1.0,2.449177891647885,-0.7697066821330006
2024-12-23 00:00:00-05:00,2620.0,2627.699951171875,2611.10009765625,2612.300048828125,451,0.0,0.0,-0.006258330803749558,0.19804051218596294,GC=F,0.1637264663256174,market_elevated,1.0,2.7424104084067906,-0.9213791347253517
2024-12-24 00:00:00-05:00,2613.0,2620.0,2609.5,2620.0,35,0.0,0.0,0.00294323974486273,0.19096448282886713,GC=F,0.07699916448756172,market_normal,0.996,2.840154580659778,-0.9549105218191788
2024-12-26 00:00:00-05:00,2628.5,2638.800048828125,2627.89990234375,2638.800048828125,84,0.0,0.0,0.007149969097485895,0.14950973029582396,GC=F,0.18705293973392456,market_elevated,1.0,3.0356429251656962,-0.9943925759079795
2024-12-27 00:00:00-05:00,2617.699951171875,2617.699951171875,2616.39990234375,2617.199951171875,642,0.0,0.0,-0.008219261513672152,0.15239118063780166,GC=F,0.21502708719606678,market_elevated,1.0,3.133387097418627,-0.9999663346128557
2024-12-30 00:00:00-05:00,2620.699951171875,2626.89990234375,2597.0,2606.10009765625,794,0.0,0.0,-0.004250136932791706,0.15050629694451303,GC=F,0.11118937672471278,market_elevated,1.0,3.4266196141775325,-0.9596540721384916
2024-12-31 00:00:00-05:00,2608.39990234375,2629.199951171875,2604.89990234375,2629.199951171875,401,0.0,0.0,0.008824710411780469,0.15212282736360558,GC=F,0.23086645582909315,market_elevated,1.0,3.524363786430463,-0.9276332013100995
2025-01-02 00:00:00-05:00,2633.0,2663.10009765625,2633.0,2658.89990234375,1728,0.0,0.0,0.011232867866452192,0.1544966453859826,GC=F,0.2938671380833565,market_elevated,1.0,3.7198521309363812,-0.8374152305125372
2025-01-03 00:00:00-05:00,2658.699951171875,2658.699951171875,2641.800048828125,2645.0,591,0.0,0.0,-0.005241401391997348,0.1552128581423839,GC=F,0.13712220645028073,market_elevated,1.0,3.8175963031893687,-0.7800793800881217
2025-01-06 00:00:00-05:00,2645.5,2647.0,2617.300048828125,2638.39990234375,960,0.0,0.0,-0.0024984295005021796,0.1549215897113131,GC=F,0.06536232204852761,market_normal,0.996,4.1108288199482175,-0.5659294416476996
2025-01-07 00:00:00-05:00,2653.39990234375,2657.5,2653.0,2656.699951171875,643,0.0,0.0,0.006912096917743294,0.15234098692906667,GC=F,0.1808298792010594,market_elevated,1.0,4.208572992201205,-0.48277088452592565
2025-01-08 00:00:00-05:00,2655.5,2676.89990234375,2653.5,2664.5,999,0.0,0.0,0.0029316900271960217,0.1519043343336879,GC=F,0.07669700812671615,market_normal,0.996,4.306317164454136,-0.3950036424509958
2025-01-09 00:00:00-05:00,2669.699951171875,2686.300048828125,2667.89990234375,2683.800048828125,1139,0.0,0.0,0.007217296123672955,0.15006370430291646,GC=F,0.18881430653147627,market_elevated,1.0,4.40406133670718,-0.30346556952891546
2025-01-10 00:00:00-05:00,2686.10009765625,2720.10009765625,2683.699951171875,2708.5,403,0.0,0.0,0.009161257237443541,0.14738610520484513,GC=F,0.2396709796305364,market_elevated,1.0,4.501805508960054,-0.20903051742094428
2025-01-13 00:00:00-05:00,2711.10009765625,2711.199951171875,2673.5,2673.5,765,0.0,0.0,-0.013006500709167285,0.1460361621089279,GC=F,0.3402677913889983,market_volatile,1.0,4.795038025719016,0.08255498339199072
2025-01-14 00:00:00-05:00,2673.60009765625,2688.300048828125,2670.800048828125,2677.5,794,0.0,0.0,0.001495047933117684,0.13404699818748303,GC=F,0.03911249225274603,market_normal,0.996,4.892782197972004,0.17941642421824422
2025-01-15 00:00:00-05:00,2690.800048828125,2712.5,2690.800048828125,2712.5,930,0.0,0.0,0.012987195526811112,0.13447971951382306,GC=F,0.33976274149821045,market_volatile,1.0,4.990526370224934,0.27456509859319983
2025-01-16 00:00:00-05:00,2731.699951171875,2749.800048828125,2731.699951171875,2746.39990234375,1721,0.0,0.0,0.012420208736854522,0.13968865419757173,GC=F,0.32492959405300353,market_volatile,1.0,5.088270542477922,0.3670926869020847
2025-01-17 00:00:00-05:00,2736.0,2751.60009765625,2725.5,2744.300048828125,1214,0.0,0.0,-0.000764876477197021,0.13910698078364162,GC=F,0.02001021146277942,market_normal,0.996,5.186014714730852,0.4561158912540867
2025-01-21 00:00:00-05:00,2746.0,2755.0,2724.800048828125,2755.0,1439,0.0,0.0,0.003891391478642485,0.13818120263237854,GC=F,0.10180410653684734,market_elevated,1.0,5.576991403742689,0.7608373193270055
2025-01-22 00:00:00-05:00,2754.5,2768.800048828125,2753.5,2767.60009765625,2079,0.0,0.0,0.004563111323176753,0.11969149416109891,GC=F,0.11937721348103401,market_elevated,1.0,5.674735575995676,0.8205351311053606
2025-01-23 00:00:00-05:00,2760.0,2765.0,2745.39990234375,2763.10009765625,2201,0.0,0.0,-0.0016272807543716752,0.11391324539887245,GC=F,0.04257188314068244,market_normal,0.996,5.772479748248607,0.872399852625941
2025-01-24 00:00:00-05:00,2759.800048828125,2792.0,2759.800048828125,2777.300048828125,1593,0.0,0.0,0.005125977145751084,0.10979453493454215,GC=F,0.1341025508010657,market_elevated,1.0,5.870223920501594,0.9159363667031281
2025-01-27 00:00:00-05:00,2761.10009765625,2762.199951171875,2737.5,2737.5,984,0.0,0.0,-0.014434155176814617,0.1251672937058765,GC=F,0.37761717870195954,market_volatile,1.0,6.163456437260443,0.9928410569424743
2025-01-28 00:00:00-05:00,2738.0,2766.800048828125,2738.0,2766.800048828125,2307,0.0,0.0,0.010646340249542608,0.12751256391177315,GC=F,0.27852277596343517,market_elevated,1.0,6.2612006095134305,0.9997583462676455
2025-01-29 00:00:00-05:00,2769.10009765625,2769.10009765625,2769.10009765625,2769.10009765625,125692,0.0,0.0,0.000830957531606674,0.12187445055593812,GC=F,0.021738981939897893,market_normal,0.996,0.0757594745867749,0.9971316233191471
2025-01-30 00:00:00-05:00,2772.5,2829.5,2770.0,2823.0,40141,0.0,0.0,0.019277756347583747,0.1318459181118467,GC=F,0.5043323890109971,market_extreme,1.009,0.17350364683976238,0.9849859636326326
2025-01-31 00:00:00-05:00,2829.0,2838.0,2804.0,2812.5,3443,0.0,0.0,-0.0037263817408137866,0.13299112641836403,GC=F,0.09748722682383777,market_normal,0.996,0.271247819092693,0.963437313552103
2025-02-03 00:00:00-05:00,2818.199951171875,2848.39990234375,2780.89990234375,2833.89990234375,2649,0.0,0.0,0.007580052840268373,0.13079822049617112,GC=F,0.1983045168138198,market_elevated,1.0,0.5644803358515986,0.8448667227739758
2025-02-04 00:00:00-05:00,2827.60009765625,2853.300048828125,2816.10009765625,2853.300048828125,2187,0.0,0.0,0.006822415916365941,0.1278218170117983,GC=F,0.17848370193550803,market_elevated,1.0,0.6622245081045293,0.7886263946036605
2025-02-05 00:00:00-05:00,2850.0,2880.5,2848.0,2871.60009765625,4519,0.0,0.0,0.006393163440626415,0.1261684948011537,GC=F,0.1672538719347915,market_elevated,1.0,0.7599686803575167,0.7248575871587585
2025-02-06 00:00:00-05:00,2865.199951171875,2871.699951171875,2836.300048828125,2856.0,3116,0.0,0.0,-0.005447355250461389,0.12982641977245632,GC=F,0.14251024018161385,market_elevated,1.0,0.8577128526105611,0.6541690578286842
2025-02-07 00:00:00-05:00,2859.89990234375,2889.5,2857.800048828125,2867.300048828125,1822,0.0,0.0,0.00394879297438717,0.12982359566163337,GC=F,0.10330580792573071,market_elevated,1.0,0.9554570248634349,0.5772356218767738
2025-02-10 00:00:00-05:00,2864.199951171875,2916.10009765625,2863.800048828125,2914.300048828125,2237,0.0,0.0,0.016258833046568513,0.13668837556808644,GC=F,0.4253532395088398,market_volatile,1.0,1.2486895416223973,0.31656569613228813
2025-02-11 00:00:00-05:00,2925.5,2945.39990234375,2890.0,2912.5,2554,0.0,0.0,-0.0006178516064746903,0.13616370055821483,GC=F,0.016163840393527897,market_normal,0.996,1.346433713875271,0.22248499568409513
2025-02-12 00:00:00-05:00,2902.0,2912.300048828125,2868.60009765625,2909.0,2504,0.0,0.0,-0.0012024393787544148,0.12375391351175354,GC=F,0.03145745353318164,market_normal,0.996,1.4441778861283154,0.12628038245476986
2025-02-13 00:00:00-05:00,2911.300048828125,2937.699951171875,2910.60009765625,2925.89990234375,4670,0.0,0.0,0.005792712774394366,0.12354436572031854,GC=F,0.15154526386215078,market_elevated,1.0,1.5419220583811892,0.028870256388864698
2025-02-14 00:00:00-05:00,2937.300048828125,2944.39990234375,2874.800048828125,2883.60009765625,1992,0.0,0.0,-0.014562544873085503,0.13523191746415258,GC=F,0.38097602820068804,market_volatile,1.0,1.6396662306342336,-0.06881547435942952
2025-02-18 00:00:00-05:00,2879.199951171875,2936.39990234375,2873.800048828125,2931.60009765625,4010,0.0,0.0,0.01650883496677148,0.1395272525386728,GC=F,0.43189363058962554,market_volatile,1.0,2.03064291964607,-0.4438106408833318
2025-02-19 00:00:00-05:00,2938.699951171875,2946.0,2917.10009765625,2919.39990234375,2630,0.0,0.0,-0.004170300117599673,0.14120669748533998,GC=F,0.1091007367911619,market_elevated,1.0,2.1283870918990004,-0.5291434217051664
2025-02-20 00:00:00-05:00,2949.10009765625,2955.800048828125,2924.199951171875,2940.0,656,0.0,0.0,0.0070314990870447855,0.1418891005724999,GC=F,0.18395360274083036,market_elevated,1.0,2.226131264151988,-0.609424830532868
2025-02-21 00:00:00-05:00,2938.800048828125,2940.0,2917.300048828125,2937.60009765625,570,0.0,0.0,-0.0008166266630073181,0.1424105557616189,GC=F,0.021364066878881375,market_normal,0.996,2.3238754364049186,-0.6838884754136692
2025-02-24 00:00:00-05:00,2933.10009765625,2957.89990234375,2933.10009765625,2947.89990234375,415,0.0,0.0,0.003500064634192458,0.14148921835773906,GC=F,0.0915664627578111,market_normal,0.996,2.617107953163824,-0.8655821015730081
2025-02-25 00:00:00-05:00,2938.699951171875,2943.199951171875,2890.0,2904.5,1854,0.0,0.0,-0.01483176087132524,0.15417967427122156,GC=F,0.3880190857590561,market_volatile,1.0,2.714852125416755,-0.9103196974119526
2025-02-26 00:00:00-05:00,2913.5,2917.0,2913.0,2916.800048828125,2050,0.0,0.0,0.0042258832321174136,0.14198436512994328,GC=F,0.11055486684799902,market_elevated,1.0,2.8125962976697423,-0.9463670908660174
2025-02-27 00:00:00-05:00,2918.5,2922.800048828125,2870.39990234375,2883.199951171875,3215,0.0,0.0,-0.011586370186078948,0.14771222996810193,GC=F,0.3031152407237157,market_volatile,1.0,2.910340469922673,-0.9733801620117377
2025-02-28 00:00:00-05:00,2877.10009765625,2877.10009765625,2834.10009765625,2836.800048828125,990,0.0,0.0,-0.016224097946286358,0.1606102731183901,GC=F,0.4244445219282261,market_volatile,1.0,3.0080846421756604,-0.9911010354500278
2025-03-03 00:00:00-05:00,2872.699951171875,2891.800048828125,2863.39990234375,2890.199951171875,423,0.0,0.0,0.01864901343751476,0.15972847233975787,GC=F,0.4878836172664282,market_volatile,1.0,3.301317158934509,-0.9872711372255385
2025-03-04 00:00:00-05:00,2886.10009765625,2927.89990234375,2886.10009765625,2909.60009765625,885,0.0,0.0,0.00668996126638687,0.15982172066899403,GC=F,0.17501850770568614,market_elevated,1.0,3.3990613311874966,-0.9670376350845251
2025-03-05 00:00:00-05:00,2916.699951171875,2922.0,2893.0,2915.300048828125,551,0.0,0.0,0.001957098953760298,0.15835825343727034,GC=F,0.051200376905093894,market_normal,0.996,3.496805503440484,-0.9375724830225013
2025-03-06 00:00:00-05:00,2904.0,2918.60009765625,2903.800048828125,2916.60009765625,870,0.0,0.0,0.0004458405723709752,0.15711672844126548,GC=F,0.011663797224518139,market_normal,0.996,3.5945496756934148,-0.8991569647856844
2025-03-07 00:00:00-05:00,2900.89990234375,2927.300048828125,2900.5,2904.699951171875,531,0.0,0.0,-0.004088489842890409,0.1568163330737447,GC=F,0.10696046846605983,market_elevated,1.0,3.6922938479464023,-0.8521578071724812
2025-03-10 00:00:00-04:00,2910.10009765625,2915.10009765625,2880.199951171875,2891.0,55,0.0,0.0,-0.004727634903135915,0.15648923817693175,GC=F,0.12368137464135733,market_elevated,1.0,3.985526364705251,-0.6645284582967286
2025-03-11 00:00:00-04:00,2884.39990234375,2916.699951171875,2880.39990234375,2912.89990234375,197,0.0,0.0,0.007546651957820141,0.15795458229931492,GC=F,0.19743070419079098,market_elevated,1.0,4.0832705369582385,-0.5884322071484207
2025-03-12 00:00:00-04:00,2912.0,2939.10009765625,2910.0,2939.10009765625,213,0.0,0.0,0.008954330271122598,0.15078263278419624,GC=F,0.23425748807094837,market_elevated,1.0,4.181014709211169,-0.5067185943365001
2025-03-13 00:00:00-04:00,2937.10009765625,2988.0,2935.199951171875,2984.300048828125,2366,0.0,0.0,0.015261784579635519,0.15922512434212305,GC=F,0.39926909225530866,market_volatile,1.0,4.278758881464157,-0.4201676840899077
2025-03-14 00:00:00-04:00,2994.39990234375,3004.800048828125,2986.0,2994.5,1800,0.0,0.0,0.003412042879592822,0.15916495190230656,GC=F,0.08926369365015309,market_normal,0.996,4.376503053717144,-0.32960571902299196
2025-03-17 00:00:00-04:00,2991.0,3001.5,2989.0,3000.0,214,0.0,0.0,0.0018350159457296321,0.15837072793483714,GC=F,0.048006518969158744,market_normal,0.996,4.669735570475993,-0.042640477765265014
2025-03-18 00:00:00-04:00,3006.39990234375,3039.199951171875,3004.39990234375,3035.10009765625,428,0.0,0.0,0.011632116405335577,0.15138109204801545,GC=F,0.30431202418907,market_volatile,1.0,4.76747974272898,0.05506289990136468
2025-03-19 00:00:00-04:00,3035.199951171875,3050.89990234375,3030.89990234375,3035.89990234375,175,0.0,0.0,0.00026348367390129166,0.14255857540817277,GC=F,0.006893092138322849,market_normal,0.996,4.865223914981968,0.15224062955070639
2025-03-20 00:00:00-04:00,3047.300048828125,3047.300048828125,3034.39990234375,3040.0,185,0.0,0.0,0.001349626670783865,0.1409855173091276,GC=F,0.0353080737652698,market_normal,0.996,4.9629680872348985,0.2479650215585438
2025-03-21 00:00:00-04:00,3034.5,3037.5,3000.89990234375,3018.199951171875,151,0.0,0.0,-0.007196904393713174,0.14309524930628847,GC=F,0.1882808310739979,market_elevated,1.0,5.060712259487886,0.3413222603258252
2025-03-24 00:00:00-04:00,3024.300048828125,3024.300048828125,3006.0,3013.10009765625,137,0.0,0.0,-0.0016911295043418105,0.14328632783208345,GC=F,0.044242253490178025,market_normal,0.996,5.353944776246735,0.5984426153641842
2025-03-25 00:00:00-04:00,3026.39990234375,3028.800048828125,3023.699951171875,3023.699951171875,74,0.0,0.0,0.0035117493782604987,0.14328868822623533,GC=F,0.09187215159340818,market_normal,0.996,5.451688948499722,0.673770794917628
2025-03-26 00:00:00-04:00,3033.199951171875,3033.199951171875,3019.5,3020.89990234375,83,0.0,0.0,-0.0009264629905246514,0.1312670932639418,GC=F,0.02423753495567622,market_normal,0.996,5.549433120752653,0.7426669434103846
2025-03-27 00:00:00-04:00,3025.5,3065.0,3025.5,3060.199951171875,124359,0.0,0.0,0.012925489441903849,0.13658507453588692,GC=F,0.3381484261880319,market_volatile,1.0,5.64717729300564,0.804473356218933
2025-03-28 00:00:00-04:00,3069.699951171875,3094.89990234375,3066.800048828125,3086.5,31206,0.0,0.0,0.008557505502098309,0.12838664881527717,GC=F,0.22387601108927457,market_elevated,1.0,5.744921465258571,0.8586000095993257
2025-03-31 00:00:00-04:00,3091.0,3132.5,3086.0,3122.800048828125,3438,0.0,0.0,0.01169228804819296,0.11017677824007092,GC=F,0.30588619640319203,market_volatile,1.0,6.0381539820174766,0.9701297263804606
2025-04-01 00:00:00-04:00,3129.699951171875,3149.5,3104.0,3118.89990234375,1721,0.0,0.0,-0.0012497066576345498,0.09915912748593843,GC=F,0.032694029992073104,market_normal,0.996,6.135898154270464,0.9891728417941357
2025-04-02 00:00:00-04:00,3120.699951171875,3168.60009765625,3117.39990234375,3139.89990234375,5946,0.0,0.0,0.006710576935193882,0.09916717815417485,GC=F,0.17555784170872235,market_elevated,1.0,6.233642326523395,0.9987729975384912
2025-04-03 00:00:00-04:00,3150.0,3166.89990234375,3052.0,3097.0,5516,0.0,0.0,-0.013757020186500003,0.11601190246687754,GC=F,0.3599024041612433,market_volatile,1.0,0.04820119159679592,0.9988385474626507
2025-04-04 00:00:00-04:00,3110.5,3127.699951171875,3011.0,3012.0,3247,0.0,0.0,-0.02782959105341858,0.15743748139763492,GC=F,0.65,market_extreme,1.009,0.14594536384972656,0.9893688658061157
2025-04-07 00:00:00-04:00,3016.39990234375,3050.800048828125,2949.699951171875,2951.300048828125,4424,0.0,0.0,-0.02035854214521939,0.1739765340774282,GC=F,0.5326072190017319,market_extreme,1.009,0.43917788060863217,0.9051015305224045
2025-04-08 00:00:00-04:00,2994.0,3014.5,2968.39990234375,2968.39990234375,3213,0.0,0.0,0.0057772864227977104,0.17360853935889223,GC=F,0.15114168947236242,market_elevated,1.0,0.5369220528616196,0.8592870994101098
2025-04-09 00:00:00-04:00,2965.800048828125,3090.39990234375,2965.800048828125,3056.5,2175,0.0,0.0,0.02924741627141751,0.1980655020027446,GC=F,0.65,market_extreme,1.009,0.6346662251145503,0.805269639381915
2025-04-10 00:00:00-04:00,3073.89990234375,3167.0,3072.10009765625,3155.199951171875,3456,0.0,0.0,0.03178139946409088,0.22207113469622583,GC=F,0.65,market_extreme,1.009,0.7324103973675378,0.743564818352335
2025-04-11 00:00:00-04:00,3182.10009765625,3235.0,3182.10009765625,3222.199951171875,862,0.0,0.0,0.0210124709703548,0.22679181553546088,GC=F,0.5497148886224775,market_extreme,1.009,0.8301545696205253,0.6747616902377278
2025-04-14 00:00:00-04:00,3215.5,3228.800048828125,3194.5,3204.800048828125,263,0.0,0.0,-0.00541463975573675,0.22896047927416147,GC=F,0.14165435823587993,market_elevated,1.0,1.123387086379374,0.43263123500900375
2025-04-15 00:00:00-04:00,3216.0,3218.699951171875,3214.0,3218.699951171875,390,0.0,0.0,0.004327834993182707,0.22893167616622687,GC=F,0.11322206391672753,market_elevated,1.0,1.2211312586323615,0.34258316239953146
2025-04-16 00:00:00-04:00,3238.300048828125,3334.89990234375,3238.300048828125,3326.60009765625,1874,0.0,0.0,0.03297325457193712,0.24965725852401588,GC=F,0.65,market_extreme,1.009,1.3188754308852921,0.24926468157706808
2025-04-17 00:00:00-04:00,3345.0,3345.0,3287.800048828125,3308.699951171875,824,0.0,0.0,-0.005395442489893157,0.2515913464381118,GC=F,0.1411521315881927,market_elevated,1.0,1.4166196031382796,0.15356664054458016
2025-04-21 00:00:00-04:00,3342.199951171875,3418.5,3342.199951171875,3406.199951171875,78,0.0,0.0,0.029041937846947277,0.2656745811187973,GC=F,0.65,market_extreme,1.009,1.8075962921501159,-0.2345930994980256
2025-04-22 00:00:00-04:00,3422.199951171875,3485.60009765625,3361.699951171875,3400.800048828125,785,0.0,0.0,-0.0015865736672474797,0.26301606558833035,GC=F,0.041506930242177865,market_normal,0.996,1.9053404644030465,-0.32833861458533165
2025-04-23 00:00:00-04:00,3321.199951171875,3370.300048828125,3256.199951171875,3276.300048828125,331,0.0,0.0,-0.03729596062718759,0.30167296693760925,GC=F,0.65,market_extreme,1.009,2.003084636656034,-0.41894970445961793
2025-04-24 00:00:00-04:00,3305.39990234375,3353.89990234375,3304.89990234375,3332.0,560,0.0,0.0,0.016857972511505684,0.30493262838834206,GC=F,0.4410275447679374,market_volatile,1.0,2.1008288089089646,-0.5055613667358342
2025-04-25 00:00:00-04:00,3355.5,3355.5,3266.10009765625,3282.39990234375,162,0.0,0.0,-0.01499789191023496,0.3119742813763873,GC=F,0.3923653002371076,market_volatile,1.0,2.198572981161952,-0.5873467788415128
2025-04-28 00:00:00-04:00,3284.5,3332.5,3284.5,3332.5,1300,0.0,0.0,0.015147940676365497,0.3128733227099617,GC=F,0.3962907805329643,market_volatile,1.0,2.4918054979208577,-0.7962125910114051
2025-04-29 00:00:00-04:00,3340.0,3340.0,3299.89990234375,3318.800048828125,1278,0.0,0.0,-0.004119486550149282,0.31365769496360024,GC=F,0.1077713845883243,market_elevated,1.0,2.589549670173845,-0.8514549023370864
2025-04-30 00:00:00-04:00,3318.699951171875,3318.699951171875,3268.0,3305.0,207,0.0,0.0,-0.004166813216927875,0.3132210979013446,GC=F,0.10900951471560785,market_elevated,1.0,2.687293842426776,-0.8985689533999277
2025-05-01 00:00:00-04:00,3272.89990234375,3275.0,3198.60009765625,3210.0,2131,0.0,0.0,-0.02916553616172506,0.332020675660542,GC=F,0.65,market_extreme,1.009,2.7850380146797633,-0.9371049784308007
2025-05-02 00:00:00-04:00,3239.89990234375,3257.0,3225.0,3231.89990234375,1349,0.0,0.0,0.006799232227835648,0.33203878184147284,GC=F,0.17787718503531727,market_elevated,1.0,2.882782186932694,-0.9666951002348905
2025-05-05 00:00:00-04:00,3242.699951171875,3315.699951171875,3239.699951171875,3311.300048828125,244,0.0,0.0,0.024270706904035648,0.3363061990264387,GC=F,0.6349547828698545,market_extreme,1.009,3.1760147036915427,-0.999407619728368
2025-05-06 00:00:00-04:00,3365.5,3430.89990234375,3356.800048828125,3411.39990234375,2357,0.0,0.0,0.029781859324395553,0.32848446294230416,GC=F,0.65,market_extreme,1.009,3.273758875944587,-0.9912787510959762
2025-05-07 00:00:00-04:00,3418.699951171875,3418.699951171875,3364.699951171875,3381.39990234375,1080,0.0,0.0,-0.008832939557882192,0.3191565386514321,GC=F,0.2310817415105891,market_elevated,1.0,3.371503048197461,-0.9736868191119415
2025-05-08 00:00:00-04:00,3390.0,3390.0,3288.699951171875,3296.60009765625,200,0.0,0.0,-0.025398132101867026,0.33774916329975857,GC=F,0.65,market_extreme,1.009,3.469247220450505,-0.9467997619738686
2025-05-09 00:00:00-04:00,3299.0,3335.5,3299.0,3335.39990234375,216,0.0,0.0,0.011700918988177024,0.3271769606002347,GC=F,0.3061119935604488,market_volatile,1.0,3.566991392703379,-0.9108742521110297
2025-05-12 00:00:00-04:00,3300.699951171875,3300.699951171875,3205.0,3220.0,886,0.0,0.0,-0.03521122337030222,0.33803405151444443,GC=F,0.65,market_extreme,1.009,3.8602239094623414,-0.7527075535175255
2025-05-13 00:00:00-04:00,3232.0,3251.39990234375,3223.5,3240.300048828125,2424,0.0,0.0,0.006284573623097743,0.3308029813651671,GC=F,0.16441301425877008,market_elevated,1.0,3.957968081715215,-0.6848668107527509
2025-05-14 00:00:00-04:00,3233.0,3233.0,3171.699951171875,3181.39990234375,3518,0.0,0.0,-0.018344612393290653,0.3365828541925511,GC=F,0.4799200709344284,market_volatile,1.0,4.0557122539682595,-0.6104881108184482
2025-05-15 00:00:00-04:00,3151.0,3228.10009765625,3125.0,3220.699951171875,652,0.0,0.0,0.012277391287757004,0.33909181942063915,GC=F,0.3211932948697827,market_volatile,1.0,4.153456426221133,-0.5302814965244432
2025-05-16 00:00:00-04:00,3227.699951171875,3228.10009765625,3173.89990234375,3182.0,199,0.0,0.0,-0.012088782158285714,0.3192815042779477,GC=F,0.31625902289640223,market_volatile,1.0,4.251200598474178,-0.44501264581064087
2025-05-19 00:00:00-04:00,3234.39990234375,3241.0,3228.300048828125,3228.89990234375,266,0.0,0.0,0.014631561796196542,0.32418929022621207,GC=F,0.3827816050057472,market_volatile,1.0,4.544433115233026,-0.1671673288389869
2025-05-20 00:00:00-04:00,3219.0,3293.199951171875,3207.5,3280.300048828125,356,0.0,0.0,0.015793404801633753,0.3116421227038195,GC=F,0.41317700206456043,market_volatile,1.0,4.642177287486014,-0.07015402023157094
2025-05-21 00:00:00-04:00,3293.39990234375,3317.5,3290.199951171875,3309.300048828125,979,0.0,0.0,0.008801804902702907,0.31379928356403,GC=F,0.23026721648265086,market_elevated,1.0,4.7399214597389445,0.027529001044491866
2025-05-22 00:00:00-04:00,3327.300048828125,3328.0,3282.699951171875,3292.300048828125,1210,0.0,0.0,-0.005150277910234424,0.28584932337042285,GC=F,0.13473829193119014,market_elevated,1.0,4.837665631991932,0.12494922169000752
2025-05-23 00:00:00-04:00,3328.0,3363.60009765625,3323.5,3363.60009765625,47,0.0,0.0,0.021425434503964738,0.2896097859485112,GC=F,0.5605185776890234,market_extreme,1.009,4.935409804244863,0.22117663718425554
2025-05-27 00:00:00-04:00,3332.5,3341.0,3296.300048828125,3299.10009765625,189,0.0,0.0,-0.019362124406121534,0.29291853466091844,GC=F,0.5065395724482914,market_extreme,1.009,5.326386493256756,0.5761394276395965
2025-05-28 00:00:00-04:00,3293.60009765625,3293.60009765625,3293.60009765625,3293.60009765625,127758,0.0,0.0,-0.0016685124798728683,0.28788518982091493,GC=F,0.043650561294412124,market_normal,0.996,5.424130665509686,0.6531536092946414
2025-05-29 00:00:00-04:00,3283.699951171875,3328.800048828125,3242.39990234375,3317.10009765625,24370,0.0,0.0,0.007109715550713264,0.2887620556839928,GC=F,0.18599985206936592,market_elevated,1.0,5.521874837762731,0.723932578123618
2025-05-30 00:00:00-04:00,3315.10009765625,3318.0,3270.89990234375,3288.89990234375,2213,0.0,0.0,-0.008537804000789136,0.2899466749782726,GC=F,0.22336059295434185,market_elevated,1.0,5.6196190100156045,0.7878006554988436
2025-06-02 00:00:00-04:00,3296.89990234375,3380.800048828125,3296.89990234375,3370.60009765625,976,0.0,0.0,0.02453766635895122,0.2819962041991179,GC=F,0.6419388061783304,market_extreme,1.009,5.912851526774567,0.9322065935279377
2025-06-03 00:00:00-04:00,3385.10009765625,3390.0,3331.300048828125,3350.199951171875,6410,0.0,0.0,-0.006070768059979941,0.28294579302958206,GC=F,0.15881956922881682,market_elevated,1.0,6.010595699027441,0.9630769356790957
2025-06-04 00:00:00-04:00,3355.0,3380.0,3344.0,3373.5,207,0.0,0.0,0.006930750112583484,0.27167804114533367,GC=F,0.18131787220952064,market_elevated,1.0,6.108339871280485,0.9847534380099839
2025-06-05 00:00:00-04:00,3371.5,3400.0,3343.699951171875,3350.699951171875,731,0.0,0.0,-0.006781516425104247,0.2514500639057079,GC=F,0.17741371548244605,market_elevated,1.0,6.206084043533359,0.9970291697106284
2025-06-06 00:00:00-04:00,3364.300048828125,3364.300048828125,3306.0,3322.699951171875,81,0.0,0.0,-0.008391573926159246,0.2512782074231619,GC=F,0.2195350148344798,market_elevated,1.0,0.020642908606760102,0.9997869427281232
2025-06-09 00:00:00-04:00,3315.60009765625,3334.60009765625,3290.0,3332.10009765625,1887,0.0,0.0,0.0028250744326858415,0.2350077572031297,GC=F,0.07390779881647988,market_normal,0.996,0.31387542536560886,0.9511441893646093
2025-06-10 00:00:00-04:00,3302.0,3344.300048828125,3302.0,3320.89990234375,65,0.0,0.0,-0.003366964044300687,0.23174090682540965,GC=F,0.08808436985920969,market_normal,0.996,0.41161959761859634,0.916474033532568
2025-06-11 00:00:00-04:00,3328.0,3356.0,3321.300048828125,3321.300048828125,2106,0.0,0.0,0.000120486130438958,0.19369535586814582,GC=F,0.0031520814409808913,market_normal,0.996,0.5093637698715838,0.8730549240586867
2025-06-12 00:00:00-04:00,3363.0,3395.89990234375,3353.39990234375,3380.89990234375,1818,0.0,0.0,0.01778563010253441,0.20124394641104706,GC=F,0.4652963321014978,market_volatile,1.0,0.6071079421245145,0.8213013536204309
2025-06-13 00:00:00-04:00,3407.300048828125,3444.0,3407.300048828125,3431.199951171875,499,0.0,0.0,0.014768122634469274,0.1914713401959056,GC=F,0.3863542227196371,market_volatile,1.0,0.704852114377502,0.7617073783197108
2025-06-16 00:00:00-04:00,3442.0,3442.0,3385.39990234375,3396.39990234375,480,0.0,0.0,-0.010194021599707037,0.19443948410493436,GC=F,0.26668950340034486,market_elevated,1.0,0.9980846311364076,0.5419130411201325
2025-06-17 00:00:00-04:00,3398.300048828125,3398.300048828125,3376.10009765625,3386.60009765625,1477,0.0,0.0,-0.0028895213050230267,0.18823767887990647,GC=F,0.07559381686256714,market_normal,0.996,1.0958288033893382,0.45730956573871645
2025-06-18 00:00:00-04:00,3385.300048828125,3391.89990234375,3365.10009765625,3389.800048828125,0,0.0,0.0,0.0009444399210661637,0.183462096140625,GC=F,0.024707835968077074,market_normal,0.996,1.1935729756423257,0.36834046727986314
2025-06-20 00:00:00-04:00,3350.0,3372.89990234375,3341.0,3368.10009765625,709,0.0,0.0,-0.0064221208610746846,0.17898449266374905,GC=F,0.16801143753376235,market_elevated,1.0,1.3890613201482438,0.18073627845403015
2025-06-23 00:00:00-04:00,3365.89990234375,3387.89990234375,3350.0,3377.699951171875,30,0.0,0.0,0.0028461738938607515,0.1769996196535453,GC=F,0.07445978948745446,market_normal,0.996,1.6822938369071494,-0.11126663649777735
2025-06-24 00:00:00-04:00,3358.0,3358.0,3301.0,3317.39990234375,538,0.0,0.0,-0.018013675886811464,0.18788232235588181,GC=F,0.4712623207318473,market_volatile,1.0,1.78003800916008,-0.20771818189017477
2025-06-25 00:00:00-04:00,3321.60009765625,3331.199951171875,3310.60009765625,3327.10009765625,373,0.0,0.0,0.0029197688926843124,0.17200681565116413,GC=F,0.07638513499482208,market_normal,0.996,1.8777821814130675,-0.30218678321936965
2025-06-26 00:00:00-04:00,3332.39990234375,3333.5,3332.39990234375,3333.5,2058,0.0,0.0,0.0019217200310753606,0.15784836311670097,GC=F,0.050274816052647164,market_normal,0.996,1.9755263536659982,-0.39377061306472855
2025-06-27 00:00:00-04:00,3318.699951171875,3318.699951171875,3253.800048828125,3273.699951171875,284,0.0,0.0,-0.018101974273062114,0.1704474642087548,GC=F,0.47357232690065065,market_volatile,1.0,2.0732705259189856,-0.48159538295517146
2025-06-30 00:00:00-04:00,3265.89990234375,3306.89990234375,3262.0,3294.39990234375,1242,0.0,0.0,0.006303198845365553,0.17002875899814432,GC=F,0.16490027546660058,market_elevated,1.0,2.3665030426778344,-0.7143583289919495
2025-07-01 00:00:00-04:00,3310.10009765625,3354.10009765625,3310.10009765625,3336.699951171875,371,0.0,0.0,0.012758252337171075,0.17304804415176608,GC=F,0.3337732755200584,market_volatile,1.0,2.464247214930822,-0.7792391467860005
2025-07-02 00:00:00-04:00,3329.0,3357.5,3329.0,3348.0,39,0.0,0.0,0.003380872641776682,0.15033624884155045,GC=F,0.08844823773192197,market_normal,0.996,2.5619913871837525,-0.8366810989693281
2025-07-03 00:00:00-04:00,3362.0,3362.0,3322.300048828125,3331.60009765625,0,0.0,0.0,-0.004910454236063616,0.1498299114642178,GC=F,0.12846417764344947,market_elevated,1.0,2.65973555943674,-0.886135826332288
2025-07-04 00:00:00-04:00,3342.0,3342.0,3332.5,3332.5,0,0.0,0.0,0.0002700746795615175,0.14755866386307423,GC=F,0.007065521832457007,market_normal,0.996,2.7574797316897275,-0.9271312182626099
2025-07-07 00:00:00-04:00,3305.5,3333.300048828125,3299.199951171875,3332.199951171875,254,0.0,0.0,-9.004121131513318e-05,0.14582703132812191,GC=F,0.0023556008486276397,market_normal,0.996,3.0507122484485762,-0.9958732174973812
2025-07-08 00:00:00-04:00,3330.39990234375,3334.5,3287.60009765625,3307.0,909,0.0,0.0,-0.007591297859755788,0.14529037395341662,GC=F,0.19859870185487483,market_elevated,1.0,3.1484564207015637,-0.9999764444429956
2025-07-09 00:00:00-04:00,3289.39990234375,3314.0,3282.0,3311.60009765625,114,0.0,0.0,0.0013900517720019155,0.1449954700195269,GC=F,0.03636564952801494,market_normal,0.996,3.246200592954551,-0.9945335770801422
2025-07-10 00:00:00-04:00,3323.60009765625,3330.5,3311.60009765625,3317.39990234375,209,0.0,0.0,0.0017498283805606845,0.14471216491873054,GC=F,0.045777896121092176,market_normal,0.996,3.343944765207482,-0.979596574757918
2025-07-11 00:00:00-04:00,3330.5,3370.0,3330.5,3356.0,776,0.0,0.0,0.011568474452741711,0.1502116273147388,GC=F,0.3026470639408816,market_volatile,1.0,3.4416889374604693,-0.9553080308680262
2025-07-14 00:00:00-04:00,3367.0,3375.5,3350.0,3351.5,583,0.0,0.0,-0.0013417817890844313,0.136453373405008,GC=F,0.035102840964437144,market_normal,0.996,3.734921454219318,-0.829084063810485
2025-07-15 00:00:00-04:00,3341.0,3341.0,3329.800048828125,3329.800048828125,210,0.0,0.0,-0.006495750023279325,0.1261308760434657,GC=F,0.16993767680175678,market_elevated,1.0,3.8326656264723056,-0.7705625840364538
2025-07-16 00:00:00-04:00,3341.199951171875,3352.89990234375,3329.5,3352.5,10,0.0,0.0,0.006794079381100563,0.12497843459098396,GC=F,0.1777423795394257,market_elevated,1.0,3.930409798725293,-0.7046850678890999
2025-07-17 00:00:00-04:00,3313.800048828125,3340.800048828125,3313.800048828125,3340.10009765625,667,0.0,0.0,-0.0037055602760010316,0.12519696921659085,GC=F,0.09694250891671258,market_normal,0.996,4.028153970978224,-0.6320804031642198
2025-07-18 00:00:00-04:00,3338.199951171875,3353.0,3338.199951171875,3353.0,602,0.0,0.0,0.003854691586396078,0.12606927908779664,GC=F,0.10084398731968561,market_elevated,1.0,4.125898143231211,-0.5534416971649561
2025-07-21 00:00:00-04:00,3350.300048828125,3411.699951171875,3350.300048828125,3401.89990234375,53,0.0,0.0,0.01447860287732854,0.13426390384481218,GC=F,0.3787799911466267,market_volatile,1.0,4.41913065999006,-0.2890729672165241
2025-07-22 00:00:00-04:00,3411.0,3441.0,3395.60009765625,3439.199951171875,39,0.0,0.0,0.010904801640990577,0.13887953903531666,GC=F,0.2852844783454864,market_elevated,1.0,4.516874832243047,-0.19427091316543282
2025-07-23 00:00:00-04:00,3430.300048828125,3433.89990234375,3388.10009765625,3394.10009765625,63,0.0,0.0,-0.013200213092493647,0.1314393000120161,GC=F,0.34533557144091515,market_volatile,1.0,4.614619004495978,-0.09761428697044888
2025-07-24 00:00:00-04:00,3367.0,3371.0,3367.0,3371.0,1175,0.0,0.0,-0.006829222657993172,0.13404064263773405,GC=F,0.17866177557666973,market_elevated,1.0,4.7123631767489655,-2.580363572145115e-05
2025-07-25 00:00:00-04:00,3344.0,3345.0,3326.5,3334.0,67,0.0,0.0,-0.011036651923321424,0.13985071568159713,GC=F,0.28873386149364644,market_elevated,1.0,4.810107349001896,0.09756292602869193
2025-07-28 00:00:00-04:00,3326.60009765625,3326.800048828125,3309.10009765625,3309.10009765625,67,0.0,0.0,-0.0074965057238816635,0.12676013385183654,GC=F,0.19611881034245596,market_elevated,1.0,5.103339865760802,0.38106772560994
2025-07-29 00:00:00-04:00,3325.800048828125,3326.699951171875,3325.199951171875,3326.0,32,0.0,0.0,0.005094102166015401,0.12613178073219697,GC=F,0.13326865787338643,market_elevated,1.0,5.201084038013789,0.469474094257123
