date,value,series_id,series_name,detrended,klein_deformation,klein_state,klein_twist_factor,klein_phase,klein_frequency_alignment
1948-01-01,3.4,UNRATE,UNEMPLOYMENT,-1.8575470935403025,0.2892621189919821,klein_deformada,1.0,0.0,1.0
1948-02-01,3.8,UNRATE,UNEMPLOYMENT,-1.458442451487934,0.2271124944354514,klein_deformada,1.0,3.0300693398418255,-0.9937877179967045
1948-03-01,4.0,UNRATE,UNEMPLOYMENT,-1.2593378094355652,0.19610739590444143,klein_deformada,1.0,5.864650335177727,0.9136853406944483
1948-04-01,3.9,UNRATE,UNEMPLOYMENT,-1.3602331673831967,0.21181908641171263,employment_declining,1.0,2.6115343678399654,-0.8627776036593462
1948-05-01,3.5,UNRATE,UNEMPLOYMENT,-1.761128525330828,0.274247565957265,klein_deformada,1.0,5.54385953542883,0.7389230148053962
1948-06-01,3.6,UNRATE,UNEMPLOYMENT,-1.6620238832784584,0.25881473043901526,klein_deformada,1.0,2.2907435680910684,-0.6593450067579991
1948-07-01,3.6,UNRATE,UNEMPLOYMENT,-1.6629192412260898,0.2589541579335261,klein_deformada,1.0,5.223068735679931,0.4887703867523276
1948-08-01,3.9,UNRATE,UNEMPLOYMENT,-1.3638145991737214,0.21237679638975576,employment_declining,1.0,1.9699527683421714,-0.3886412350605722
1948-09-01,3.8,UNRATE,UNEMPLOYMENT,-1.4647099571213529,0.228088486897027,employment_declining,1.0,5.000022108183995,0.28368338546820265
1948-10-01,3.7,UNRATE,UNEMPLOYMENT,-1.565605315068984,0.24380017740429813,employment_declining,1.0,1.6491619685932726,-0.07828545691923942
1948-11-01,3.8,UNRATE,UNEMPLOYMENT,-1.4665006730166157,0.2283673418860486,klein_deformada,1.0,4.679231308435103,-0.033151596520345196
1948-12-01,4.0,UNRATE,UNEMPLOYMENT,-1.267396030964247,0.19736224335503863,employment_declining,1.0,1.3283711688443773,0.2400575731196964
1949-01-01,4.3,UNRATE,UNEMPLOYMENT,-0.9682913889118785,0.1507848818112683,employment_declining,1.0,4.358440508686201,-0.3466042114303157
1949-02-01,4.7,UNRATE,UNEMPLOYMENT,-0.5691867468595095,0.0886352572547375,employment_declining,1.0,1.1053245413484447,0.4488444435310584
1949-03-01,5.0,UNRATE,UNEMPLOYMENT,-0.2700821048071411,0.042057895710967186,employment_declining,1.0,3.8421613644313766,-0.7644756900339421
1949-04-01,5.3,UNRATE,UNEMPLOYMENT,0.029022537245227298,0.004519465832803138,employment_declining,1.0,0.5890453970936207,0.8314714042647091
1949-05-01,6.1,UNRATE,UNEMPLOYMENT,0.8281271792975966,0.12895814244037554,employment_declining,1.0,3.5213705646824778,-0.928746989995099
1949-06-01,6.2,UNRATE,UNEMPLOYMENT,0.9272318213499657,0.14439097795862518,employment_declining,1.0,0.2682545973447219,0.9642349818572339
1949-07-01,6.7,UNRATE,UNEMPLOYMENT,1.4263364634023343,0.22211286552791631,employment_declining,1.0,3.200579764933579,-0.9982607647381638
1949-08-01,6.8,UNRATE,UNEMPLOYMENT,1.5254411054547026,0.23754570104616585,employment_declining,1.0,6.230649104775409,0.9986202911013623
1949-09-01,6.6,UNRATE,UNEMPLOYMENT,1.324545747507071,0.20626174752613421,employment_declining,1.0,2.9775331374376464,-0.9865723957394913
1949-10-01,7.9,UNRATE,UNEMPLOYMENT,2.6236503895594403,0.40856173919750854,klein_deformada,1.0,5.909858305026518,0.9311190925702862
1949-11-01,6.4,UNRATE,UNEMPLOYMENT,1.122755031611809,0.17483836651159193,employment_improving,1.0,2.6567423376887547,-0.8847447231757632
1949-12-01,6.6,UNRATE,UNEMPLOYMENT,1.3218596736641768,0.2058434650426018,klein_deformada,1.0,5.589067505277612,0.7686183496576496
1950-01-01,6.5,UNRATE,UNEMPLOYMENT,1.2209643157165457,0.19013177453533062,employment_improving,1.0,2.335951537939856,-0.6926489568028218
1950-02-01,6.4,UNRATE,UNEMPLOYMENT,1.1200689577689147,0.17442008402805947,klein_deformada,1.0,5.366020877781672,0.6080737026500882
1950-03-01,6.3,UNRATE,UNEMPLOYMENT,1.0191735998212827,0.1587083935207882,employment_improving,1.0,1.8196723936850248,-0.24631481046897474
1950-04-01,5.8,UNRATE,UNEMPLOYMENT,0.5182782418736522,0.08070765096247558,employment_improving,1.0,4.849741733526855,0.1369212825684572
1950-05-01,5.5,UNRATE,UNEMPLOYMENT,0.217382883926021,0.033851434429683615,employment_improving,1.0,1.498881593936126,0.07185276163665505
1950-06-01,5.4,UNRATE,UNEMPLOYMENT,0.11648752597838996,0.01813974392241247,employment_improving,1.0,4.528950933777956,-0.18241100915329664
1950-07-01,5.0,UNRATE,UNEMPLOYMENT,-0.2844078319692418,0.04428873562313996,employment_improving,1.0,1.1780907941872414,0.3826893922198547
1950-08-01,4.5,UNRATE,UNEMPLOYMENT,-0.7853031899168732,0.12228947818145271,employment_improving,1.0,4.208160134029072,-0.4831324025506275
1950-09-01,4.4,UNRATE,UNEMPLOYMENT,-0.8861985478645042,0.13800116868872386,employment_improving,1.0,0.9550441666913017,0.5775727034222639
1950-10-01,4.2,UNRATE,UNEMPLOYMENT,-1.0870939058121358,0.1692851222087555,employment_improving,1.0,3.887369334280173,-0.7345611131058886
1950-11-01,4.2,UNRATE,UNEMPLOYMENT,-1.0879892637597672,0.1694245497032663,employment_improving,1.0,0.6342533669424029,0.8055143579755606
1950-12-01,4.3,UNRATE,UNEMPLOYMENT,-0.988884621707399,0.15399171418501678,employment_improving,1.0,3.566578534531274,-0.9110445544444727
1951-01-01,3.7,UNRATE,UNEMPLOYMENT,-1.58977997965503,0.24756471975608987,klein_deformada,1.0,0.31346256719350407,0.951271577034959
1951-02-01,3.4,UNRATE,UNEMPLOYMENT,-1.8906753376026608,0.2944209362888818,employment_boom,1.0,3.3435319070353344,-0.9796794650289191
1951-03-01,3.4,UNRATE,UNEMPLOYMENT,-1.8915706955502922,0.29456036378339256,employment_boom,1.0,6.080368730118273,0.9795031236175666
1951-04-01,3.1,UNRATE,UNEMPLOYMENT,-2.1924660534979235,0.34141658031618455,employment_boom,1.0,2.8272527627805175,-0.9510006844473263
1951-05-01,3.0,UNRATE,UNEMPLOYMENT,-2.293361411445555,0.3571282708234557,klein_deformada,1.0,5.759577930369375,0.8660211031464475
1951-06-01,3.2,UNRATE,UNEMPLOYMENT,-2.094256769393186,0.32612317229244575,klein_deformada,1.0,2.5064619630316187,-0.8049941668979146
1951-07-01,3.1,UNRATE,UNEMPLOYMENT,-2.1951521273408177,0.341834862799717,klein_deformada,1.0,5.43878713062049,0.6641813088092484
1951-08-01,3.1,UNRATE,UNEMPLOYMENT,-2.196047485288449,0.34197429029422777,employment_declining,1.0,2.18567116328272,-0.5768562875331084
1951-09-01,3.3,UNRATE,UNEMPLOYMENT,-1.9969428432360807,0.31096919176321786,employment_declining,1.0,5.21574050312455,0.4823640783899197
1951-10-01,3.5,UNRATE,UNEMPLOYMENT,-1.797838201183712,0.2799640932322079,employment_declining,1.0,1.8648803635338211,-0.28986333267199077
1951-11-01,3.5,UNRATE,UNEMPLOYMENT,-1.7987335591313434,0.2801035207267187,employment_declining,1.0,4.894949703375637,0.18154833486089805
1951-12-01,3.1,UNRATE,UNEMPLOYMENT,-2.1996289170789747,0.34253200027227104,klein_deformada,1.0,1.5440895637849366,0.02670358835142688
1952-01-01,3.2,UNRATE,UNEMPLOYMENT,-2.100524275026605,0.32709916475402134,klein_deformada,1.0,4.574158903626753,-0.13779029068462445
1952-02-01,3.1,UNRATE,UNEMPLOYMENT,-2.2014196329742366,0.3428108552612925,klein_deformada,1.0,1.3210429362889826,0.2471650087317236
1952-03-01,2.9,UNRATE,UNEMPLOYMENT,-2.402314990921868,0.3740948087813242,klein_deformada,1.0,4.155623931624881,-0.5284425943238437
1952-04-01,2.9,UNRATE,UNEMPLOYMENT,-2.4032103488694996,0.37423423627583496,klein_deformada,1.0,0.9025079642871106,0.619643459489116
1952-05-01,3.0,UNRATE,UNEMPLOYMENT,-2.304105706817131,0.3588014007575854,klein_deformada,1.0,3.8348331318760245,-0.769179284381887
1952-06-01,3.0,UNRATE,UNEMPLOYMENT,-2.3050010647647623,0.3589408282520962,employment_declining,1.0,0.581717164538226,0.8355203698881116
1952-07-01,3.2,UNRATE,UNEMPLOYMENT,-2.1058964227123935,0.3279357297210862,employment_declining,1.0,3.514042332127083,-0.9314387075177655
1952-08-01,3.4,UNRATE,UNEMPLOYMENT,-1.9067917806600252,0.2969306311900763,employment_declining,1.0,0.2609263647893414,0.9661514131426947
1952-09-01,3.1,UNRATE,UNEMPLOYMENT,-2.2076871386076564,0.34378684772286827,employment_declining,1.0,3.2909957046311575,-0.9888601086949826
1952-10-01,3.0,UNRATE,UNEMPLOYMENT,-2.308582496555288,0.35949853823013944,klein_deformada,1.0,6.223320872220015,0.9982086597857369
1952-11-01,2.8,UNRATE,UNEMPLOYMENT,-2.5094778545029195,0.3907824917501711,employment_boom,1.0,2.9702049048822445,-0.9853490353563397
1952-12-01,2.7,UNRATE,UNEMPLOYMENT,-2.6103732124505497,0.4064941822574421,klein_deformada,1.0,5.9025300724711585,0.9284213962753168
1953-01-01,2.9,UNRATE,UNEMPLOYMENT,-2.4112685703981813,0.3754890837264322,klein_deformada,1.0,2.64941410513336,-0.8813054843114817
1953-02-01,2.6,UNRATE,UNEMPLOYMENT,-2.7121639283458125,0.4223453002592241,klein_deformada,1.0,5.679483444975176,0.8232397359484676
1953-03-01,2.6,UNRATE,UNEMPLOYMENT,-2.713059286293444,0.42248472775373497,klein_deformada,1.0,2.1331349608785573,-0.533166163211317
1953-04-01,2.7,UNRATE,UNEMPLOYMENT,-2.6139546442410753,0.4070518922354854,klein_deformada,1.0,5.163204300720373,0.43569954229258473
1953-05-01,2.5,UNRATE,UNEMPLOYMENT,-2.814850002188707,0.438335845755517,klein_deformada,1.0,1.8123441611296158,-0.23920581135202892
1953-06-01,2.5,UNRATE,UNEMPLOYMENT,-2.8157453601363382,0.4384752732500278,klein_deformada,1.0,4.84241350097146,0.12965845626017375
1953-07-01,2.6,UNRATE,UNEMPLOYMENT,-2.7166407180839696,0.4230424377317782,klein_deformada,1.0,1.4915533613807597,0.07916005777472365
1953-08-01,2.7,UNRATE,UNEMPLOYMENT,-2.617536076031601,0.4076096022135286,klein_deformada,1.0,4.521622701222576,-0.18961132883790233
1953-09-01,2.9,UNRATE,UNEMPLOYMENT,-2.4184314339792325,0.3766045036825187,employment_declining,1.0,1.2685067338848057,0.2977067618095591
1953-10-01,3.1,UNRATE,UNEMPLOYMENT,-2.2193267919268638,0.3455994051515087,employment_declining,1.0,4.200831901473663,-0.48953558660989394
1953-11-01,3.5,UNRATE,UNEMPLOYMENT,-1.8202221498744944,0.28344978059497783,employment_declining,1.0,0.9477159341359211,0.5835394651291241
1953-12-01,4.5,UNRATE,UNEMPLOYMENT,-0.8211175078221258,0.12786657796188478,employment_declining,1.0,3.88004110172475,-0.739513862114326
1954-01-01,4.9,UNRATE,UNEMPLOYMENT,-0.42201286576975683,0.065716953405354,employment_declining,1.0,0.6269251343870081,0.8098352265491561
1954-02-01,5.2,UNRATE,UNEMPLOYMENT,-0.12290822371738841,0.019139591861583666,employment_declining,1.0,3.6569944742288527,-0.8700947413769377
1954-03-01,5.7,UNRATE,UNEMPLOYMENT,0.3761964183349802,0.05858229570770746,employment_declining,1.0,0.11064599013220544,0.9938849748720098
1954-04-01,5.9,UNRATE,UNEMPLOYMENT,0.575301060387349,0.08958739423871745,employment_declining,1.0,3.140715329973993,-0.9999996151516612
1954-05-01,5.9,UNRATE,UNEMPLOYMENT,0.5744057024397176,0.08944796674420663,employment_declining,1.0,6.073040497562879,0.9780007174714895
1954-06-01,5.6,UNRATE,UNEMPLOYMENT,0.27351034449208544,0.04259175021141454,employment_improving,1.0,2.8199245302251086,-0.9487093618084784
1954-07-01,5.8,UNRATE,UNEMPLOYMENT,0.4726149865444542,0.07359684874242453,employment_improving,1.0,5.752249697813994,0.8623337112196373
1954-08-01,6.0,UNRATE,UNEMPLOYMENT,0.671719628596823,0.10460194727343453,employment_declining,1.0,2.4991337304761956,-0.8006248768342579
1954-09-01,6.1,UNRATE,UNEMPLOYMENT,0.7708242706491921,0.12003478279168417,employment_declining,1.0,5.52920307031804,0.7289686274214143
1954-10-01,5.7,UNRATE,UNEMPLOYMENT,0.36992891270156125,0.05760630324613189,employment_improving,1.0,2.1783429307273394,-0.5708548168066877
1954-11-01,5.3,UNRATE,UNEMPLOYMENT,-0.030966445246070506,0.004822176299420535,employment_improving,1.0,5.208412270569156,0.4759318657489988
1954-12-01,5.0,UNRATE,UNEMPLOYMENT,-0.33186180319370173,0.05167839283221249,employment_improving,1.0,1.857552130978398,-0.28284199499124224
1955-01-01,4.9,UNRATE,UNEMPLOYMENT,-0.4327571611413328,0.06739008333948364,employment_improving,1.0,4.887621470820243,0.1743370723880345
1955-02-01,4.7,UNRATE,UNEMPLOYMENT,-0.6336525190889644,0.09867403685951526,employment_improving,1.0,1.6345055034824725,-0.06366608767019258
1955-03-01,4.6,UNRATE,UNEMPLOYMENT,-0.7345478770365963,0.11438572736678654,employment_improving,1.0,4.37134232656544,-0.33447364706703975
1955-04-01,4.7,UNRATE,UNEMPLOYMENT,-0.6354432349842272,0.0989528918485369,employment_improving,1.0,1.1182263592276982,0.43727821499801545
1955-05-01,4.3,UNRATE,UNEMPLOYMENT,-1.036338592931859,0.1613813713940893,employment_improving,1.0,4.050551526816527,-0.6145673901880258
1955-06-01,4.2,UNRATE,UNEMPLOYMENT,-1.13723395087949,0.17709306190136045,employment_improving,1.0,0.7974355594787568,0.6985440334643649
1955-07-01,4.0,UNRATE,UNEMPLOYMENT,-1.3381293088271216,0.2083770154213921,employment_boom,1.0,3.7297607270676423,-0.8319584967445736
1955-08-01,4.2,UNRATE,UNEMPLOYMENT,-1.139024666774752,0.17737191689038195,employment_improving,1.0,0.4766447597298722,0.8885393072290424
1955-09-01,4.1,UNRATE,UNEMPLOYMENT,-1.2399200247223838,0.19308360739765323,employment_improving,1.0,3.5067140995716883,-0.9340804042184704
1955-10-01,4.3,UNRATE,UNEMPLOYMENT,-1.040815382670015,0.16207850886664324,employment_declining,1.0,0.1558539599809876,0.9878793361110865
1955-11-01,4.2,UNRATE,UNEMPLOYMENT,-1.141710740617646,0.1777901993739144,klein_deformada,1.0,3.1859232998228038,-0.9990175578098822
1955-12-01,4.2,UNRATE,UNEMPLOYMENT,-1.1426060985652775,0.17792962686842523,employment_declining,1.0,6.118248467411689,0.9864287275941722
1956-01-01,4.0,UNRATE,UNEMPLOYMENT,-1.343501456512909,0.20921358038845683,klein_deformada,1.0,2.865132500073919,-0.9620276715860935
1956-02-01,3.9,UNRATE,UNEMPLOYMENT,-1.4443968144605406,0.22492527089572806,klein_deformada,1.0,5.895201839915735,0.9256738411962797
1956-03-01,4.2,UNRATE,UNEMPLOYMENT,-1.1452921724081717,0.17834790935195766,klein_deformada,1.0,2.446597528072047,-0.7680568233304045
1956-04-01,4.0,UNRATE,UNEMPLOYMENT,-1.3461875303558033,0.2096318628719893,klein_deformada,1.0,5.476666867913863,0.6920158988516723
1956-05-01,4.3,UNRATE,UNEMPLOYMENT,-1.0470828883034349,0.16305450132821897,employment_declining,1.0,2.1258067283231625,-0.5269521404382485
1956-06-01,4.3,UNRATE,UNEMPLOYMENT,-1.0479782462510663,0.1631939288227298,employment_declining,1.0,5.155876068164979,0.429091817478377
1956-07-01,4.4,UNRATE,UNEMPLOYMENT,-0.9488736041986963,0.14776109330447998,employment_declining,1.0,1.805015928574221,-0.23208396622472044
1956-08-01,4.1,UNRATE,UNEMPLOYMENT,-1.2497689621463284,0.19461730983727207,employment_improving,1.0,4.835085268416094,0.12238866693599051
1956-09-01,3.9,UNRATE,UNEMPLOYMENT,-1.4506643200939595,0.22590126335730362,klein_deformada,1.0,1.5819693010783809,-0.011172741821234596
1956-10-01,3.9,UNRATE,UNEMPLOYMENT,-1.451559678041591,0.22604069085181444,klein_deformada,1.0,4.514294468667153,-0.196801465872371
1956-11-01,4.3,UNRATE,UNEMPLOYMENT,-1.0524550359892224,0.16389106629528372,employment_declining,1.0,1.2611785013294394,0.3046946565354712
1956-12-01,4.2,UNRATE,UNEMPLOYMENT,-1.1533503939368535,0.17960275680255486,employment_declining,1.0,4.193503668918325,-0.49591248126087023
1957-01-01,4.2,UNRATE,UNEMPLOYMENT,-1.1542457518844849,0.17974218429706568,employment_declining,1.0,0.940387701580498,0.5894748891608105
1957-02-01,3.9,UNRATE,UNEMPLOYMENT,-1.4551411098321165,0.22659840082985772,klein_deformada,1.0,3.970457041422371,-0.675713328570002
1957-03-01,3.7,UNRATE,UNEMPLOYMENT,-1.6560364677797477,0.25788235434988926,klein_deformada,1.0,0.42410855732563846,0.9114059312581544
1957-04-01,3.9,UNRATE,UNEMPLOYMENT,-1.4569318257273793,0.22687725581887933,klein_deformada,1.0,3.4541778971675683,-0.9515417374320064
1957-05-01,4.1,UNRATE,UNEMPLOYMENT,-1.257827183675011,0.19587215728786941,employment_declining,1.0,0.10331775757681072,0.9946674665544014
1957-06-01,4.3,UNRATE,UNEMPLOYMENT,-1.0587225416226413,0.16486705875685928,employment_declining,1.0,3.133387097418627,-0.9999663346128557
1957-07-01,4.2,UNRATE,UNEMPLOYMENT,-1.1596178995702724,0.18057874926413042,employment_declining,1.0,6.065712265007512,0.9764457899953813
1957-08-01,4.1,UNRATE,UNEMPLOYMENT,-1.2605132575179043,0.19629043977140173,klein_deformada,1.0,2.8125962976697423,-0.9463670908660174
1957-09-01,4.4,UNRATE,UNEMPLOYMENT,-0.961408615465535,0.14971307822763127,employment_declining,1.0,5.842665637511558,0.9045301932424553
1957-10-01,4.5,UNRATE,UNEMPLOYMENT,-0.8623039734131668,0.13428024270938174,employment_declining,1.0,2.4918054979208577,-0.7962125910114051
1957-11-01,5.1,UNRATE,UNEMPLOYMENT,-0.26319933136079854,0.04098609212733029,employment_declining,1.0,5.521874837762731,0.723932578123618
1957-12-01,5.2,UNRATE,UNEMPLOYMENT,-0.1640946893084294,0.02555325660908063,employment_declining,1.0,2.1710146981719163,-0.5648226896055473
1958-01-01,5.8,UNRATE,UNEMPLOYMENT,0.43500995274393883,0.06774089397297083,employment_declining,1.0,5.201084038013789,0.469474094257123
1958-02-01,6.4,UNRATE,UNEMPLOYMENT,1.034114594796308,0.16103504455502243,employment_declining,1.0,1.9479680706759623,-0.3682924879750643
1958-03-01,6.7,UNRATE,UNEMPLOYMENT,1.3332192368486764,0.20761240609879275,employment_declining,1.0,4.68480489375893,-0.02758058872042942
1958-04-01,7.4,UNRATE,UNEMPLOYMENT,2.032323878901045,0.3164788196936047,employment_declining,1.0,1.4316889264211596,0.13865919274409044
1958-05-01,7.4,UNRATE,UNEMPLOYMENT,2.0314285209534146,0.316339392199094,employment_declining,1.0,4.364014094010102,-0.341370767936937
1958-06-01,7.3,UNRATE,UNEMPLOYMENT,1.9305331630057827,0.30062770169182274,employment_declining,1.0,1.110898126672332,0.4438568866308888
1958-07-01,7.5,UNRATE,UNEMPLOYMENT,2.1296378050581515,0.3316328002228327,employment_declining,1.0,4.043223294261161,-0.6203318176920641
1958-08-01,7.4,UNRATE,UNEMPLOYMENT,2.0287424471105204,0.31592110971556153,klein_deformada,1.0,0.7901073269233905,0.7037690715673124
1958-09-01,7.1,UNRATE,UNEMPLOYMENT,1.7278470891628883,0.2690648931827695,klein_deformada,1.0,3.8201766667652066,-0.7784623015670121
1958-10-01,6.7,UNRATE,UNEMPLOYMENT,1.3269517312152574,0.2066364136372172,employment_boom,1.0,0.4693165271745059,0.8918776153989113
1958-11-01,6.2,UNRATE,UNEMPLOYMENT,0.826056373267626,0.12863567107890442,employment_improving,1.0,3.499385867016322,-0.9366719382308208
1958-12-01,6.2,UNRATE,UNEMPLOYMENT,0.8251610153199946,0.1284962435843936,employment_improving,1.0,0.1485257274256213,0.9889903158598066
1959-01-01,6.0,UNRATE,UNEMPLOYMENT,0.6242656573723631,0.09721229006436198,employment_improving,1.0,3.1785950672674375,-0.9993154887978698
1959-02-01,5.9,UNRATE,UNEMPLOYMENT,0.523370299424732,0.08150059955709084,employment_improving,1.0,6.208664407109254,0.997224602482584
1959-03-01,5.6,UNRATE,UNEMPLOYMENT,0.2224749414770999,0.034644383024298744,employment_improving,1.0,2.662315923012578,-0.8873286815061259
1959-04-01,5.2,UNRATE,UNEMPLOYMENT,-0.17842041647053009,0.0277840965212534,employment_improving,1.0,5.692385262854394,0.8304952997380387
1959-05-01,5.1,UNRATE,UNEMPLOYMENT,-0.279315774418162,0.04349578702852469,employment_improving,1.0,2.3415251232636933,-0.6966582644678426
1959-06-01,5.0,UNRATE,UNEMPLOYMENT,-0.38021113236579307,0.05920747753579583,employment_improving,1.0,5.371594463105566,0.6124889960438131
1959-07-01,5.1,UNRATE,UNEMPLOYMENT,-0.28110649031342483,0.04377464201754632,employment_improving,1.0,2.0207343235148088,-0.4349097026012823
1959-08-01,5.2,UNRATE,UNEMPLOYMENT,-0.1820018482610557,0.028341806499296664,employment_declining,1.0,5.050803663356682,0.33199210867754136
1959-09-01,5.5,UNRATE,UNEMPLOYMENT,0.11710279379131272,0.018235555044473658,employment_declining,1.0,1.7976876960189117,-0.22494965754980156
1959-10-01,5.7,UNRATE,UNEMPLOYMENT,0.3162074358436815,0.04924065357548365,employment_declining,1.0,4.73001286360774,0.017622970903830165
1959-11-01,5.8,UNRATE,UNEMPLOYMENT,0.41531207789604974,0.06467348909373316,employment_declining,1.0,1.4768968962699134,0.09376150451849262
1959-12-01,5.3,UNRATE,UNEMPLOYMENT,-0.08558328005158167,0.013327253464579593,employment_improving,1.0,4.409222063858856,-0.29854419058115705
1960-01-01,5.2,UNRATE,UNEMPLOYMENT,-0.18647863799921272,0.02903894397185074,employment_improving,1.0,1.1561060965210288,0.4029064357136765
1960-02-01,4.8,UNRATE,UNEMPLOYMENT,-0.5873739959468436,0.09146742351740303,employment_improving,1.0,4.186175436362902,-0.5022627440469
1960-03-01,5.4,UNRATE,UNEMPLOYMENT,0.011730646105525544,0.0018267270646485712,employment_declining,1.0,0.7375711245192136,0.7401041402218547
1960-04-01,5.2,UNRATE,UNEMPLOYMENT,-0.18916471184210604,0.02945722645538305,klein_deformada,1.0,3.7676404643610866,-0.8103496032113898
1960-05-01,5.1,UNRATE,UNEMPLOYMENT,-0.290060069789738,0.045168916962654335,employment_declining,1.0,0.416780324770329,0.9143970615976474
1960-06-01,5.4,UNRATE,UNEMPLOYMENT,0.009044572262631334,0.0014084445811161246,klein_deformada,1.0,3.446849664612145,-0.9537697424095903
1960-07-01,5.5,UNRATE,UNEMPLOYMENT,0.10814921431499958,0.01684128009936564,employment_declining,1.0,0.09598952502144442,0.9953965418564598
1960-08-01,5.6,UNRATE,UNEMPLOYMENT,0.20725385636736782,0.03227411561761516,employment_declining,1.0,3.1260588648632606,-0.9998793531299223
1960-09-01,5.5,UNRATE,UNEMPLOYMENT,0.10635849841973677,0.01656242511034401,employment_declining,1.0,6.1561282047051336,0.9919390993815586
1960-10-01,6.1,UNRATE,UNEMPLOYMENT,0.705463140472105,0.10985657569239547,employment_declining,1.0,2.805268065114376,-0.9439739974063257
1960-11-01,6.1,UNRATE,UNEMPLOYMENT,0.7045677825244736,0.10971714819788465,employment_declining,1.0,5.835337404956135,0.9013811047681712
1960-12-01,6.6,UNRATE,UNEMPLOYMENT,1.2036724245768422,0.18743903576717577,employment_declining,1.0,2.4844772653654914,-0.7917575463811797
1961-01-01,6.6,UNRATE,UNEMPLOYMENT,1.2027770666292117,0.1872996082726651,employment_declining,1.0,5.5145466052073076,0.7188576516539982
1961-02-01,6.9,UNRATE,UNEMPLOYMENT,1.501881708681581,0.23387696981643558,employment_declining,1.0,2.2614306378694806,-0.6370262640221688
1961-03-01,6.9,UNRATE,UNEMPLOYMENT,1.5009863507339496,0.23373754232192476,employment_declining,1.0,4.998267460952391,0.2820003868117412
1961-04-01,7.0,UNRATE,UNEMPLOYMENT,1.6000909927863178,0.24917037784017426,employment_declining,1.0,1.7451514936147348,-0.17347311709399324
1961-05-01,7.1,UNRATE,UNEMPLOYMENT,1.699195634838686,0.2646032133584238,employment_declining,1.0,4.677476661203507,-0.03490522735013993
1961-06-01,6.9,UNRATE,UNEMPLOYMENT,1.4983002768910554,0.2333192598383923,klein_deformada,1.0,1.4243606938657933,0.1459128475821134
1961-07-01,7.0,UNRATE,UNEMPLOYMENT,1.5974049189434236,0.24875209535664183,klein_deformada,1.0,4.356685861454679,-0.3482495562572061
1961-08-01,6.6,UNRATE,UNEMPLOYMENT,1.1965095609957919,0.1863236158110894,employment_improving,1.0,1.103569894116852,0.4504117219275345
1961-09-01,6.7,UNRATE,UNEMPLOYMENT,1.295614203048161,0.20175645132933906,klein_deformada,1.0,4.133639233958725,-0.5469777183293537
1961-10-01,6.5,UNRATE,UNEMPLOYMENT,1.0947188451005294,0.17047249780930743,employment_improving,1.0,0.782779094368081,0.7089563153342677
1961-11-01,6.1,UNRATE,UNEMPLOYMENT,0.6938234871528977,0.10804401826375501,employment_improving,1.0,3.8128484342098403,-0.783041225880559
1961-12-01,6.0,UNRATE,UNEMPLOYMENT,0.5929281292052675,0.09233232775648399,employment_improving,1.0,0.46198829461908275,0.8951680272863652
1962-01-01,5.8,UNRATE,UNEMPLOYMENT,0.3920327712576359,0.061048374236452374,employment_improving,1.0,3.492057634460899,-0.9392131703823383
1962-02-01,5.5,UNRATE,UNEMPLOYMENT,0.09113741331000469,0.014192157703660424,employment_improving,1.0,0.23894166712318565,0.9715889993270473
1962-03-01,5.6,UNRATE,UNEMPLOYMENT,0.19024205536237293,0.02962499322190994,employment_improving,1.0,2.975778490206096,-0.9862843001979308
1962-04-01,5.6,UNRATE,UNEMPLOYMENT,0.18934669741474153,0.029485565727399125,employment_improving,1.0,6.005847830047969,0.9617878342030697
1962-05-01,5.5,UNRATE,UNEMPLOYMENT,0.08845133946711048,0.013773875220127976,klein_deformada,1.0,2.6549876904572116,-0.8839255627809469
1962-06-01,5.5,UNRATE,UNEMPLOYMENT,0.08755598151947908,0.013634447725617161,employment_improving,1.0,5.685057030299028,0.8263910229459793
1962-07-01,5.4,UNRATE,UNEMPLOYMENT,-0.013339376428151972,0.0020772427816539876,employment_improving,1.0,2.33419689070827,-0.6913823082581746
1962-08-01,5.7,UNRATE,UNEMPLOYMENT,0.28576526562421645,0.044500118762116334,employment_declining,1.0,5.3642662305502,0.6066797869421038
1962-09-01,5.6,UNRATE,UNEMPLOYMENT,0.1848699076765845,0.02878842825484505,employment_declining,1.0,2.1111502632123162,-0.5144395337814852
1962-10-01,5.4,UNRATE,UNEMPLOYMENT,-0.016025450271046182,0.002495525265186434,klein_deformada,1.0,5.043475430801259,0.3250706650448365
1962-11-01,5.7,UNRATE,UNEMPLOYMENT,0.2830791917813231,0.04408183627858402,klein_deformada,1.0,1.7903594634634885,-0.21780326845908846
1962-12-01,5.5,UNRATE,UNEMPLOYMENT,0.08218383383369154,0.012797882758552407,employment_improving,1.0,4.722684631052317,0.010295468778037598
1963-01-01,5.7,UNRATE,UNEMPLOYMENT,0.2812884758860603,0.04380298128956239,employment_declining,1.0,1.4695686637146608,0.10105487098609255
1963-02-01,5.9,UNRATE,UNEMPLOYMENT,0.4803931179384291,0.07480807982057239,employment_declining,1.0,4.499638003556363,-0.21114964803770303
1963-03-01,5.7,UNRATE,UNEMPLOYMENT,0.2794977599907975,0.04352412630054076,employment_declining,1.0,0.9532895194597444,0.5790042009821333
1963-04-01,5.7,UNRATE,UNEMPLOYMENT,0.2786024020431661,0.04338469880602995,klein_deformada,1.0,3.9833588593015605,-0.6661465925243037
1963-05-01,5.9,UNRATE,UNEMPLOYMENT,0.4777070440955349,0.07438979733703993,klein_deformada,1.0,0.6324987197109166,0.8065528797257318
1963-06-01,5.6,UNRATE,UNEMPLOYMENT,0.17681168614790277,0.027533580804247847,employment_improving,1.0,3.662568059552619,-0.8673341070764022
1963-07-01,5.6,UNRATE,UNEMPLOYMENT,0.17591632820027137,0.027394153309737032,employment_improving,1.0,0.3117079199619752,0.9518111654305619
1963-08-01,5.4,UNRATE,UNEMPLOYMENT,-0.024979029747359327,0.0038898002102944512,employment_improving,1.0,3.3417772598037914,-0.9800298855483873
1963-09-01,5.5,UNRATE,UNEMPLOYMENT,0.0741256123050098,0.011543035307955205,employment_improving,1.0,0.08866129246602128,0.9960721616248428
1963-10-01,5.5,UNRATE,UNEMPLOYMENT,0.0732302543573784,0.01140360781344439,employment_improving,1.0,3.02098646005485,-0.9927358846782105
1963-11-01,5.7,UNRATE,UNEMPLOYMENT,0.2723348964097472,0.04240870634445438,employment_declining,1.0,6.051055799896666,0.9731787078846231
1963-12-01,5.5,UNRATE,UNEMPLOYMENT,0.07143953846211559,0.011124752824422757,klein_deformada,1.0,2.700195660306022,-0.9041557459894052
1964-01-01,5.6,UNRATE,UNEMPLOYMENT,0.17054418051448383,0.026557588342672276,employment_declining,1.0,5.730265000147838,0.850994481794721
1964-02-01,5.4,UNRATE,UNEMPLOYMENT,-0.03035117743314686,0.004726365177359206,employment_improving,1.0,2.4771490328100683,-0.787259982191721
1964-03-01,5.4,UNRATE,UNEMPLOYMENT,-0.031246535380778262,0.004865792671870021,employment_improving,1.0,5.311730028146023,0.5640984940943248
1964-04-01,5.3,UNRATE,UNEMPLOYMENT,-0.1321418933284102,0.02057748317914131,employment_improving,1.0,2.058614060808253,-0.46869928408637873
1964-05-01,5.1,UNRATE,UNEMPLOYMENT,-0.3330372512760418,0.05186143669917293,employment_improving,1.0,4.990939228396968,0.27496206660072675
1964-06-01,5.2,UNRATE,UNEMPLOYMENT,-0.23393260922367265,0.036428601180923274,employment_improving,1.0,1.7378232610593116,-0.16625139737274378
1964-07-01,4.9,UNRATE,UNEMPLOYMENT,-0.5348279671713039,0.08328481771371522,employment_improving,1.0,4.67014842864814,-0.04222799147302392
1964-08-01,5.0,UNRATE,UNEMPLOYMENT,-0.43572332511893475,0.06785198219546557,employment_improving,1.0,1.4170324613103702,0.15315866649871768
1964-09-01,5.1,UNRATE,UNEMPLOYMENT,-0.3366186830665665,0.052419146677216054,employment_improving,1.0,4.447101801152186,-0.26218641186933395
1964-10-01,5.1,UNRATE,UNEMPLOYMENT,-0.3375140410141979,0.052558574171726866,employment_declining,1.0,1.0962416615615425,0.4569423688750039
1964-11-01,4.8,UNRATE,UNEMPLOYMENT,-0.6384093989618291,0.09941479070451882,employment_improving,1.0,4.126311001403359,-0.5530977854227462
1964-12-01,5.0,UNRATE,UNEMPLOYMENT,-0.43930475690946036,0.06840969217350883,employment_improving,1.0,0.775450861812601,0.7141054861961251
1965-01-01,4.9,UNRATE,UNEMPLOYMENT,-0.5402001148570914,0.08412138268077998,employment_improving,1.0,3.805520201654417,-0.7875780987253413
1965-02-01,5.1,UNRATE,UNEMPLOYMENT,-0.3410954728047235,0.053116284149770134,employment_declining,1.0,0.5524042343166471,0.8512653967567535
1965-03-01,4.7,UNRATE,UNEMPLOYMENT,-0.7419908307523544,0.11554476369532242,employment_improving,1.0,3.2892410573996145,-0.9891197618020787
1965-04-01,4.8,UNRATE,UNEMPLOYMENT,-0.6428861886999861,0.1001119281770729,employment_improving,1.0,0.03612509006184439,0.9993475598927068
1965-05-01,4.6,UNRATE,UNEMPLOYMENT,-0.8437815466476177,0.1313958816971045,employment_improving,1.0,2.968450257650673,-0.98504826370843
1965-06-01,4.6,UNRATE,UNEMPLOYMENT,-0.8446769045952491,0.13153530919161532,employment_improving,1.0,5.998519597492603,0.9597555872469502
1965-07-01,4.4,UNRATE,UNEMPLOYMENT,-1.045572262542879,0.16281926271164668,employment_improving,1.0,2.6476594579018453,-0.8804749748204377
1965-08-01,4.4,UNRATE,UNEMPLOYMENT,-1.0464676204905103,0.1629586902061575,employment_improving,1.0,5.6777287977436615,0.822242366681717
1965-09-01,4.3,UNRATE,UNEMPLOYMENT,-1.1473629784381423,0.17867038071342878,employment_improving,1.0,2.4246128304058914,-0.753793755629227
1965-10-01,4.2,UNRATE,UNEMPLOYMENT,-1.2482583363857733,0.19438207122069992,employment_improving,1.0,5.35693799799472,0.6008379974661306
1965-11-01,4.1,UNRATE,UNEMPLOYMENT,-1.3491536943334053,0.21009376172797123,klein_deformada,1.0,2.1038220306570636,-0.5081416218593743
1965-12-01,4.0,UNRATE,UNEMPLOYMENT,-1.4500490522810363,0.22580545223524237,klein_deformada,1.0,5.036147198245892,0.31813176422286116
1966-01-01,4.0,UNRATE,UNEMPLOYMENT,-1.4509444102286677,0.2259448797297532,klein_deformada,1.0,1.7830312309081222,-0.2106451827335086
1966-02-01,3.8,UNRATE,UNEMPLOYMENT,-1.6518397681762993,0.2572288332497848,klein_deformada,1.0,4.813100570749938,0.10054142668860287
1966-03-01,3.8,UNRATE,UNEMPLOYMENT,-1.6527351261239307,0.25736826074429564,klein_deformada,1.0,1.2667520866533195,0.2993813895642833
1966-04-01,3.8,UNRATE,UNEMPLOYMENT,-1.653630484071562,0.25750768823880643,klein_deformada,1.0,4.296821426495022,-0.40370924324769064
1966-05-01,3.9,UNRATE,UNEMPLOYMENT,-1.5545258420191934,0.24207485272055684,employment_declining,1.0,0.9459612869043781,0.5849634884153039
1966-06-01,3.8,UNRATE,UNEMPLOYMENT,-1.655421199966824,0.2577865432278279,klein_deformada,1.0,3.976030626746308,-0.6715942051726366
1966-07-01,3.8,UNRATE,UNEMPLOYMENT,-1.6563165579144554,0.25792597072233875,klein_deformada,1.0,0.6251704871555503,0.8108633561502429
1966-08-01,3.8,UNRATE,UNEMPLOYMENT,-1.6572119158620868,0.25806539821684954,klein_deformada,1.0,3.6552398269973665,-0.8709582399577489
1966-09-01,3.7,UNRATE,UNEMPLOYMENT,-1.7581072738097179,0.2737770887241207,klein_deformada,1.0,0.4021238596594827,0.9202318473658746
1966-10-01,3.7,UNRATE,UNEMPLOYMENT,-1.7590026317573493,0.2739165162186315,klein_deformada,1.0,3.334449027248425,-0.9814607782580557
1966-11-01,3.6,UNRATE,UNEMPLOYMENT,-1.8598979897049808,0.2896282067259027,klein_deformada,1.0,0.0813330599105413,0.9966942895769082
1966-12-01,3.8,UNRATE,UNEMPLOYMENT,-1.6607933476526124,0.2586231081948928,employment_declining,1.0,3.0136582274994836,-0.9918275471311355
1967-01-01,3.9,UNRATE,UNEMPLOYMENT,-1.5616887056002438,0.24319027267664323,employment_declining,1.0,6.0437275673413,0.9714667287012989
1967-02-01,3.8,UNRATE,UNEMPLOYMENT,-1.6625840635478752,0.25890196318391445,employment_declining,1.0,2.7906116000035297,-0.9390358597204375
1967-03-01,3.8,UNRATE,UNEMPLOYMENT,-1.6634794214955066,0.25904139067842524,klein_deformada,1.0,5.527448423086497,0.7277663671842323
1967-04-01,3.8,UNRATE,UNEMPLOYMENT,-1.664374779443138,0.2591808181729361,klein_deformada,1.0,2.274332455748727,-0.6469182344930472
1967-05-01,3.8,UNRATE,UNEMPLOYMENT,-1.6652701373907686,0.25932024566744677,klein_deformada,1.0,5.206657623337556,0.4743879529679244
1967-06-01,3.9,UNRATE,UNEMPLOYMENT,-1.5661654953383999,0.24388741014919718,employment_declining,1.0,1.9535416559997856,-0.37346855857423034
1967-07-01,3.8,UNRATE,UNEMPLOYMENT,-1.6670608532860314,0.2595991006564684,klein_deformada,1.0,4.885866823588728,0.17260902827818592
1967-08-01,3.8,UNRATE,UNEMPLOYMENT,-1.6679562112336628,0.2597385281509792,klein_deformada,1.0,1.6327508562508442,-0.0619149030587117
1967-09-01,3.8,UNRATE,UNEMPLOYMENT,-1.6688515691812942,0.25987795564549004,klein_deformada,1.0,4.662820196092774,-0.04954848783655219
1967-10-01,4.0,UNRATE,UNEMPLOYMENT,-1.4697469271289254,0.22887285711448002,employment_declining,1.0,1.31196005650213,0.25595576134185316
1967-11-01,3.9,UNRATE,UNEMPLOYMENT,-1.570642285076557,0.24458454762175125,employment_declining,1.0,4.342029396343833,-0.3619506586135113
1967-12-01,3.8,UNRATE,UNEMPLOYMENT,-1.6715376430241884,0.2602962381290225,klein_deformada,1.0,0.9911692567531887,0.5477119567092639
1968-01-01,3.7,UNRATE,UNEMPLOYMENT,-1.7724330009718194,0.2760079286362936,klein_deformada,1.0,4.021238596595005,-0.6374239897486362
1968-02-01,3.8,UNRATE,UNEMPLOYMENT,-1.6733283589194512,0.2605750931180441,klein_deformada,1.0,0.7681226292572347,0.7192163076280386
1968-03-01,3.7,UNRATE,UNEMPLOYMENT,-1.7742237168670814,0.2762867836253151,klein_deformada,1.0,3.6027036245931896,-0.8955587311738481
1968-04-01,3.5,UNRATE,UNEMPLOYMENT,-1.975119074814713,0.3075707371453467,klein_deformada,1.0,0.3495876572554195,0.9395140244072645
1968-05-01,3.5,UNRATE,UNEMPLOYMENT,-1.9760144327623443,0.30771016463985756,klein_deformada,1.0,3.2819128248441345,-0.9901712677660118
1968-06-01,3.7,UNRATE,UNEMPLOYMENT,-1.7769097907099756,0.27670506610884754,klein_deformada,1.0,0.028796857506364404,0.9995853991510243
1968-07-01,3.7,UNRATE,UNEMPLOYMENT,-1.777805148657607,0.2768444936033584,employment_declining,1.0,2.9611220250953068,-0.9837593274162737
1968-08-01,3.5,UNRATE,UNEMPLOYMENT,-1.9787005066052386,0.30812844712339,klein_deformada,1.0,5.991191364937123,0.957671798774466
1968-09-01,3.4,UNRATE,UNEMPLOYMENT,-2.07959586455287,0.3238401376306612,klein_deformada,1.0,2.738075397599353,-0.9196856155714759
1968-10-01,3.4,UNRATE,UNEMPLOYMENT,-2.0804912225005014,0.323979565125172,klein_deformada,1.0,5.670400565188295,0.8180495537395104
1968-11-01,3.4,UNRATE,UNEMPLOYMENT,-2.081386580448133,0.32411899261968286,klein_deformada,1.0,2.4172845978504114,-0.7489580955072763
1968-12-01,3.4,UNRATE,UNEMPLOYMENT,-2.0822819383957643,0.32425842011419365,klein_deformada,1.0,5.349609765439354,0.5949639413362469
1969-01-01,3.4,UNRATE,UNEMPLOYMENT,-2.0831772963433957,0.3243978476087045,klein_deformada,1.0,2.0964937981016973,-0.5018164213336401
1969-02-01,3.4,UNRATE,UNEMPLOYMENT,-2.084072654291026,0.3245372751032152,klein_deformada,1.0,5.1265631379434,0.4024340510844185
1969-03-01,3.4,UNRATE,UNEMPLOYMENT,-2.0849680122386576,0.32467670259772596,klein_deformada,1.0,1.580214653846781,-0.009418187810566414
1969-04-01,3.4,UNRATE,UNEMPLOYMENT,-2.085863370186289,0.32481613009223675,klein_deformada,1.0,4.610283993688597,-0.10192766445123494
1969-05-01,3.4,UNRATE,UNEMPLOYMENT,-2.0867587281339204,0.3249555575867476,klein_deformada,1.0,1.2594238540978395,0.30636540053967776
1969-06-01,3.5,UNRATE,UNEMPLOYMENT,-1.9876540860815517,0.309522722068498,employment_declining,1.0,4.289493193939656,-0.41040285028806
1969-07-01,3.5,UNRATE,UNEMPLOYMENT,-1.988549444029183,0.3096621495630088,employment_declining,1.0,0.9386330543490118,0.5908913616992967
1969-08-01,3.5,UNRATE,UNEMPLOYMENT,-1.9894448019768145,0.30980157705751965,employment_declining,1.0,3.968702394190828,-0.6770057513640583
1969-09-01,3.7,UNRATE,UNEMPLOYMENT,-1.7903401599244457,0.27879647852650963,employment_declining,1.0,0.7155864268530578,0.7547086397381653
1969-10-01,3.7,UNRATE,UNEMPLOYMENT,-1.7912355178720771,0.2789359060210205,employment_declining,1.0,3.647911594442,-0.8745355999847442
1969-11-01,3.5,UNRATE,UNEMPLOYMENT,-1.9921308758197087,0.3102198595410521,klein_deformada,1.0,0.3947956271041164,0.9230751894504866
1969-12-01,3.5,UNRATE,UNEMPLOYMENT,-1.9930262337673401,0.3103592870355629,klein_deformada,1.0,3.3271207946930588,-0.9828389638229008
1970-01-01,3.9,UNRATE,UNEMPLOYMENT,-1.5939215917149707,0.24820966247903203,employment_declining,1.0,0.07400482735528868,0.9972628923026506
1970-02-01,4.2,UNRATE,UNEMPLOYMENT,-1.2948169496626019,0.20163230093526163,employment_declining,1.0,3.104074167197105,-0.9992962641455863
1970-03-01,4.4,UNRATE,UNEMPLOYMENT,-1.095712307610233,0.17062720240425167,employment_declining,1.0,5.840910990280072,0.9037806028106815
1970-04-01,4.6,UNRATE,UNEMPLOYMENT,-0.8966076655578652,0.1396221038732418,employment_declining,1.0,2.587795022942302,-0.8505334062447604
1970-05-01,4.8,UNRATE,UNEMPLOYMENT,-0.6975030235054964,0.10861700534223181,employment_declining,1.0,5.520120190531131,0.7227209845636737
1970-06-01,4.9,UNRATE,UNEMPLOYMENT,-0.5983983814531273,0.09318416982398216,employment_declining,1.0,2.2670042231933607,-0.6413127014402626
1970-07-01,5.0,UNRATE,UNEMPLOYMENT,-0.49929373940075905,0.07775133430573264,employment_declining,1.0,5.199329390782303,0.4679241131593527
1970-08-01,5.1,UNRATE,UNEMPLOYMENT,-0.4001890973483908,0.06231849878748313,employment_declining,1.0,1.946213423444533,-0.36666060882621
1970-09-01,5.4,UNRATE,UNEMPLOYMENT,-0.1010844552960215,0.015741137243712667,employment_declining,1.0,4.976282763286235,0.26084150628989977
1970-10-01,5.5,UNRATE,UNEMPLOYMENT,-0.001979813243653261,0.0003083017254631485,employment_declining,1.0,1.6254226236954779,-0.05459913318125302
1970-11-01,5.9,UNRATE,UNEMPLOYMENT,0.3971248288087157,0.06184132283106764,employment_declining,1.0,4.655491963537294,-0.056866323310037145
1970-12-01,6.1,UNRATE,UNEMPLOYMENT,0.5962294708610845,0.09284642136207763,employment_declining,1.0,1.3046318239466501,0.2630329432783963
1971-01-01,5.9,UNRATE,UNEMPLOYMENT,0.3953341129134538,0.06156246784204615,employment_declining,1.0,4.334701163788466,-0.36877223686259175
1971-02-01,5.9,UNRATE,UNEMPLOYMENT,0.39443875496582237,0.06142304034753534,klein_deformada,1.0,1.0815851964506962,0.4699296961860332
1971-03-01,6.0,UNRATE,UNEMPLOYMENT,0.4935433970181906,0.07685587586578485,employment_improving,1.0,3.8184220195337772,-0.779562479551679
1971-04-01,5.9,UNRATE,UNEMPLOYMENT,0.39264803907055956,0.06114418535851371,klein_deformada,1.0,0.5653060521960072,0.8444246956842045
1971-05-01,5.9,UNRATE,UNEMPLOYMENT,0.39175268112292816,0.06100475786400289,klein_deformada,1.0,3.4976312197846084,-0.9372849875993071
1971-06-01,5.9,UNRATE,UNEMPLOYMENT,0.39085732317529676,0.06086533036949207,employment_improving,1.0,0.24451525244695205,0.9702547895714239
1971-07-01,6.0,UNRATE,UNEMPLOYMENT,0.489961965227665,0.07629816588774159,employment_declining,1.0,3.1768404200358944,-0.9993788617930455
1971-08-01,6.1,UNRATE,UNEMPLOYMENT,0.5890666072800332,0.09173100140599111,employment_declining,1.0,6.206909759877597,0.9970924305287503
1971-09-01,6.0,UNRATE,UNEMPLOYMENT,0.4881712493324022,0.07601931089871997,employment_declining,1.0,2.9537937925398268,-0.9824175605408574
1971-10-01,5.8,UNRATE,UNEMPLOYMENT,0.2872758913847706,0.04473535737868834,employment_improving,1.0,5.886118960128883,0.9221994471628276
1971-11-01,6.0,UNRATE,UNEMPLOYMENT,0.48638053343714027,0.07574045590969847,employment_improving,1.0,2.633002992790999,-0.8734321349569293
1971-12-01,6.0,UNRATE,UNEMPLOYMENT,0.48548517548950887,0.07560102841518765,klein_deformada,1.0,5.565328160379941,0.7532169665365775
1972-01-01,5.8,UNRATE,UNEMPLOYMENT,0.2845898175418773,0.04431707489515603,klein_deformada,1.0,2.3122121930420576,-0.6753328081210022
1972-02-01,5.7,UNRATE,UNEMPLOYMENT,0.18369445959424624,0.028605384387884885,employment_improving,1.0,5.342281532883874,0.5890579340052499
1972-03-01,5.8,UNRATE,UNEMPLOYMENT,0.2827991016466145,0.0440382199061344,employment_improving,1.0,1.893677221040356,-0.31729989830712924
1972-04-01,5.7,UNRATE,UNEMPLOYMENT,0.18190374369898343,0.02832652939886325,employment_improving,1.0,4.923746560882172,0.2097874630356623
1972-05-01,5.7,UNRATE,UNEMPLOYMENT,0.18100838575135203,0.028187101904352436,klein_deformada,1.0,1.572886421291301,-0.002090092974643448
1972-06-01,5.7,UNRATE,UNEMPLOYMENT,0.18011302780372063,0.02804767440984162,employment_improving,1.0,4.602955761133117,-0.10921492805362007
1972-07-01,5.6,UNRATE,UNEMPLOYMENT,0.07921766985608869,0.012335983902570334,employment_improving,1.0,1.252095621542587,0.31333295884971346
1972-08-01,5.6,UNRATE,UNEMPLOYMENT,0.07832231190845729,0.01219655640805952,employment_improving,1.0,4.282164961384176,-0.4170744175660224
1972-09-01,5.5,UNRATE,UNEMPLOYMENT,-0.022573046039172873,0.003515134099211491,employment_improving,1.0,1.0290489940465193,0.5156339084854563
1972-10-01,5.6,UNRATE,UNEMPLOYMENT,0.07653159601319537,0.011917701419038026,klein_deformada,1.0,3.9613741616354616,-0.6823809404833926
1972-11-01,5.3,UNRATE,UNEMPLOYMENT,-0.22436376193443586,0.034938515113753926,employment_improving,1.0,0.7082581942975779,0.7594960928039413
1972-12-01,5.2,UNRATE,UNEMPLOYMENT,-0.3252591198820669,0.050650205621025075,employment_improving,1.0,3.640583361886634,-0.8780659950432532
1973-01-01,4.9,UNRATE,UNEMPLOYMENT,-0.6261544778296981,0.09750642215381702,employment_improving,1.0,0.3874673945488638,0.9258689598570315
1973-02-01,5.0,UNRATE,UNEMPLOYMENT,-0.5270498357773299,0.0820735866355675,employment_improving,1.0,3.4175367343905663,-0.9621684065173794
1973-03-01,4.9,UNRATE,UNEMPLOYMENT,-0.6279451937249609,0.09778527714283866,employment_improving,1.0,6.154373557473534,0.9917152314743594
1973-04-01,5.0,UNRATE,UNEMPLOYMENT,-0.5288405516725927,0.08235244162458914,employment_declining,1.0,2.9012575901357636,-0.9712582748656259
1973-05-01,4.9,UNRATE,UNEMPLOYMENT,-0.6297359096202237,0.09806413213186028,employment_improving,1.0,5.833582757724592,0.9006199085162828
1973-06-01,4.9,UNRATE,UNEMPLOYMENT,-0.6306312675678551,0.0982035596263711,klein_deformada,1.0,2.580466790386936,-0.8466565311689986
1973-07-01,4.8,UNRATE,UNEMPLOYMENT,-0.7315266255154871,0.1139152501336424,employment_improving,1.0,5.5127919579757645,0.7176367898372785
1973-08-01,4.8,UNRATE,UNEMPLOYMENT,-0.7324219834631176,0.11405467762815306,employment_improving,1.0,2.2596759906379944,-0.635672728130485
1973-09-01,4.8,UNRATE,UNEMPLOYMENT,-0.733317341410749,0.11419410512266388,employment_improving,1.0,5.2897453304798105,0.5458107099257886
1973-10-01,4.6,UNRATE,UNEMPLOYMENT,-0.9342126993583806,0.1454780586426955,employment_improving,1.0,1.938885190889053,-0.35983296839421525
1973-11-01,4.8,UNRATE,UNEMPLOYMENT,-0.7351080573060118,0.11447296011168552,klein_deformada,1.0,4.968954530730983,0.25376002450309193
1973-12-01,4.9,UNRATE,UNEMPLOYMENT,-0.6360034152536427,0.09904012459343586,employment_declining,1.0,1.6180943911402252,-0.047280431180196425
1974-01-01,5.1,UNRATE,UNEMPLOYMENT,-0.4368987732012748,0.06803502606242601,employment_declining,1.0,4.648163730982041,-0.06418110490523429
1974-02-01,5.2,UNRATE,UNEMPLOYMENT,-0.33779413114890566,0.05260219054417636,employment_declining,1.0,1.3950477636442713,0.1748452187447558
1974-03-01,5.1,UNRATE,UNEMPLOYMENT,-0.4386894890965376,0.06831388105144764,employment_declining,1.0,4.131884586727125,-0.5484457735171959
1974-04-01,5.1,UNRATE,UNEMPLOYMENT,-0.439584847044169,0.06845330854595846,klein_deformada,1.0,0.8787686193893549,0.6380997338145723
1974-05-01,5.1,UNRATE,UNEMPLOYMENT,-0.4404802049918004,0.06859273604046927,employment_improving,1.0,3.8110937869782973,-0.7841313575091169
1974-06-01,5.4,UNRATE,UNEMPLOYMENT,-0.1413755629394311,0.02201537449669881,employment_declining,1.0,0.5579778196405272,0.8483275322751117
1974-07-01,5.5,UNRATE,UNEMPLOYMENT,-0.04227092088706197,0.0065825389784491565,employment_declining,1.0,3.4903029872294695,-0.9398141552913875
1974-08-01,5.5,UNRATE,UNEMPLOYMENT,-0.04316627883469337,0.006721966472959972,employment_declining,1.0,0.23718701989158575,0.9720027837033051
1974-09-01,5.9,UNRATE,UNEMPLOYMENT,0.3559383632176756,0.05542765808357082,employment_declining,1.0,3.267256359733402,-0.9921147013144757
1974-10-01,6.0,UNRATE,UNEMPLOYMENT,0.4550430052700438,0.07086049360182034,employment_declining,1.0,6.199581527322344,0.9965072391224337
1974-11-01,6.6,UNRATE,UNEMPLOYMENT,1.054147647322412,0.1641546441838718,employment_declining,1.0,2.946465559984574,-0.9810230351388186
1974-12-01,7.2,UNRATE,UNEMPLOYMENT,1.6532522893747812,0.2574487947659234,employment_declining,1.0,5.878790727573403,0.9193407757032104
1975-01-01,8.1,UNRATE,UNEMPLOYMENT,2.5523569314271493,0.397459734386256,employment_declining,1.0,2.6256747602356327,-0.8698402612738676
1975-02-01,8.1,UNRATE,UNEMPLOYMENT,2.551461573479518,0.3973203068917452,employment_declining,1.0,5.655744100077449,0.809532360842816
1975-03-01,8.6,UNRATE,UNEMPLOYMENT,3.0505662155318864,0.4750421944610363,klein_deformada,1.0,2.1093956159809437,-0.5129340858558057
1975-04-01,8.8,UNRATE,UNEMPLOYMENT,3.249670857584256,0.5060472929920464,klein_deformada,1.0,5.13946495582276,0.41421118593392997
1975-05-01,9.0,UNRATE,UNEMPLOYMENT,3.448775499636624,0.5370523915230563,klein_deformada,1.0,1.7886048162318886,-0.2160904111766495
1975-06-01,8.8,UNRATE,UNEMPLOYMENT,3.247880141688994,0.505768438003025,klein_deformada,1.0,4.818674156073705,0.10608517958783933
1975-07-01,8.6,UNRATE,UNEMPLOYMENT,3.0469847837413617,0.4744844844829932,klein_deformada,1.0,1.4678140164829472,0.1028003794629924
1975-08-01,8.4,UNRATE,UNEMPLOYMENT,2.846089425793731,0.4432005309629617,klein_deformada,1.0,4.497883356324763,-0.2128644086252785
1975-09-01,8.4,UNRATE,UNEMPLOYMENT,2.8451940678460996,0.4430611034684509,klein_deformada,1.0,1.244767388987107,0.3202836903177663
1975-10-01,8.4,UNRATE,UNEMPLOYMENT,2.8442987098984682,0.44292167597394005,klein_deformada,1.0,4.177092556575936,-0.5100960211294827
1975-11-01,8.3,UNRATE,UNEMPLOYMENT,2.743403351950837,0.42720998546666894,klein_deformada,1.0,0.9239765892381655,0.6026515941515257
1975-12-01,8.2,UNRATE,UNEMPLOYMENT,2.6425079940032044,0.4114982949593975,klein_deformada,1.0,3.856301756826994,-0.7552839262446703
1976-01-01,7.9,UNRATE,UNEMPLOYMENT,2.341612636055574,0.3646420784266057,klein_deformada,1.0,0.6031857894892241,0.8235325976284367
1976-02-01,7.7,UNRATE,UNEMPLOYMENT,2.1407172781079424,0.33335812490657407,employment_boom,1.0,3.633255129331154,-0.8815492355413991
1976-03-01,7.6,UNRATE,UNEMPLOYMENT,2.0398219201603105,0.3176464343993028,klein_deformada,1.0,0.18465081748752254,0.9830004216177302
1976-04-01,7.7,UNRATE,UNEMPLOYMENT,2.1389265622126796,0.33307926991755243,klein_deformada,1.0,3.2147201573293387,-0.9973273754346121
1976-05-01,7.4,UNRATE,UNEMPLOYMENT,1.8380312042650493,0.2862230533847606,klein_deformada,1.0,6.147045324918054,0.9907472568030798
1976-06-01,7.6,UNRATE,UNEMPLOYMENT,2.037135846317417,0.3172281519157705,klein_deformada,1.0,2.8939293575802836,-0.969487885783807
1976-07-01,7.8,UNRATE,UNEMPLOYMENT,2.236240488369786,0.34823325044678044,employment_declining,1.0,5.826254525169112,0.8974108484542428
1976-08-01,7.8,UNRATE,UNEMPLOYMENT,2.2353451304221545,0.34809382295226965,employment_declining,1.0,2.573138557831456,-0.8427341883074092
1976-09-01,7.6,UNRATE,UNEMPLOYMENT,2.034449772474523,0.316809869432238,klein_deformada,1.0,5.603207897673272,0.7775869232973558
1976-10-01,7.7,UNRATE,UNEMPLOYMENT,2.133554414526892,0.3322427049504877,klein_deformada,1.0,2.2523477580825144,-0.6299986174457143
1976-11-01,7.8,UNRATE,UNEMPLOYMENT,2.2326590565792603,0.34767554046873717,klein_deformada,1.0,5.282417097924444,0.5396557207047891
1976-12-01,7.8,UNRATE,UNEMPLOYMENT,2.231763698631629,0.3475361129742264,employment_declining,1.0,1.931556958333573,-0.3529860039415382
1977-01-01,7.5,UNRATE,UNEMPLOYMENT,1.9308683406839977,0.30067989644143445,klein_deformada,1.0,4.961626298175503,0.24666491510438765
1977-02-01,7.6,UNRATE,UNEMPLOYMENT,2.029972982736366,0.3161127319596839,klein_deformada,1.0,1.708510330837619,-0.1372791222411231
1977-03-01,7.4,UNRATE,UNEMPLOYMENT,1.8290776247887353,0.28482877843965243,klein_deformada,1.0,4.445347153920814,-0.2638792722317669
1977-04-01,7.2,UNRATE,UNEMPLOYMENT,1.6281822668411046,0.253544824919621,klein_deformada,1.0,1.19223118658293,0.3695875844983974
1977-05-01,7.0,UNRATE,UNEMPLOYMENT,1.427286908893473,0.22226087139958936,klein_deformada,1.0,4.124556354171872,-0.5545587585212199
1977-06-01,7.2,UNRATE,UNEMPLOYMENT,1.6263915509458418,0.25326596993059936,klein_deformada,1.0,0.8714403868339886,0.6437249493676672
1977-07-01,6.9,UNRATE,UNEMPLOYMENT,1.3254961929982105,0.2064097533978074,klein_deformada,1.0,3.803765554422931,-0.7886581254546152
1977-08-01,7.0,UNRATE,UNEMPLOYMENT,1.4246008350505788,0.2218425889160569,klein_deformada,1.0,0.5506495870852746,0.852184811342774
1977-09-01,6.8,UNRATE,UNEMPLOYMENT,1.2237054771029472,0.1905586353960253,employment_improving,1.0,3.580718926926977,-0.9051234724970765
1977-10-01,6.8,UNRATE,UNEMPLOYMENT,1.2228101191553158,0.19041920790151448,employment_improving,1.0,0.22985878733633314,0.9736985786106737
1977-11-01,6.8,UNRATE,UNEMPLOYMENT,1.2219147612076844,0.19027978040700366,employment_improving,1.0,3.2599281271780356,-0.9930065245312931
1977-12-01,6.4,UNRATE,UNEMPLOYMENT,0.8210194032600535,0.12785130086145138,employment_improving,1.0,6.192253294766978,0.995868532534928
1978-01-01,6.4,UNRATE,UNEMPLOYMENT,0.8201240453124221,0.12771187336694056,employment_improving,1.0,2.9391373274293215,-0.9795758260999684
1978-02-01,6.3,UNRATE,UNEMPLOYMENT,0.7192286873647911,0.11200018285966941,employment_improving,1.0,5.969206667271024,0.951112317114273
1978-03-01,6.3,UNRATE,UNEMPLOYMENT,0.7183333294171597,0.11186075536515859,employment_improving,1.0,2.422858183174405,-0.7526395976953316
1978-04-01,6.1,UNRATE,UNEMPLOYMENT,0.5174379714695281,0.08057680184512697,employment_improving,1.0,5.452927523016108,0.6746855106285179
1978-05-01,6.0,UNRATE,UNEMPLOYMENT,0.41654261352189703,0.06486511133785583,employment_improving,1.0,2.1020673834254637,-0.5066296091914533
1978-06-01,5.9,UNRATE,UNEMPLOYMENT,0.315647255574266,0.049153420830584674,employment_improving,1.0,5.132136723267394,0.40753010690445113
1978-07-01,6.2,UNRATE,UNEMPLOYMENT,0.6147518976266344,0.09573078237435499,employment_declining,1.0,1.7812765836765223,-0.20892958186499183
1978-08-01,5.9,UNRATE,UNEMPLOYMENT,0.3138565396790032,0.04887456584156304,employment_improving,1.0,4.811345923518452,0.09879551660073249
1978-09-01,6.0,UNRATE,UNEMPLOYMENT,0.4129611817313714,0.06430740135981255,employment_declining,1.0,1.5582299561805684,0.012566039883321691
1978-10-01,5.8,UNRATE,UNEMPLOYMENT,0.21206582378373984,0.033023447839780944,employment_improving,1.0,4.490555123769511,-0.22001891111465863
1978-11-01,5.9,UNRATE,UNEMPLOYMENT,0.31117046583610897,0.048456283358030594,klein_deformada,1.0,1.237439156431627,0.3272172216702113
1978-12-01,6.0,UNRATE,UNEMPLOYMENT,0.4102751078884772,0.06388911887628011,klein_deformada,1.0,4.169764324020569,-0.5163854087231431
1979-01-01,5.9,UNRATE,UNEMPLOYMENT,0.30937974994084705,0.0481774283690091,employment_declining,1.0,0.9166483566829129,0.6084833217627329
1979-02-01,5.9,UNRATE,UNEMPLOYMENT,0.30848439199321565,0.04803800087449829,klein_deformada,1.0,3.9467176965246153,-0.6930210948243168
1979-03-01,5.8,UNRATE,UNEMPLOYMENT,0.2075890340455837,0.032326310367227,employment_improving,1.0,0.4003692124279965,0.9209171531359702
1979-04-01,5.8,UNRATE,UNEMPLOYMENT,0.2066936760979523,0.032186882872716184,employment_improving,1.0,3.430438552269699,-0.9585732551135877
1979-05-01,5.6,UNRATE,UNEMPLOYMENT,0.005798318150320725,0.0009029293526845666,employment_improving,1.0,0.07957841267905508,0.9968353087396484
1979-06-01,5.7,UNRATE,UNEMPLOYMENT,0.10490296020268985,0.016335764870934223,employment_improving,1.0,3.109647752520985,-0.9994898050369054
1979-07-01,5.7,UNRATE,UNEMPLOYMENT,0.10400760225505845,0.016196337376423408,employment_improving,1.0,6.0419729201097,0.9710490734556586
1979-08-01,6.0,UNRATE,UNEMPLOYMENT,0.40311224430742687,0.06277369892019373,employment_declining,1.0,2.7888569527720435,-0.9384311330470141
1979-09-01,5.9,UNRATE,UNEMPLOYMENT,0.3022168863597958,0.04706200841292258,employment_declining,1.0,5.818926292613746,0.8941535949599693
1979-10-01,6.0,UNRATE,UNEMPLOYMENT,0.40132152841216406,0.0624948439311721,employment_declining,1.0,2.468066153023102,-0.7816268891057804
1979-11-01,5.9,UNRATE,UNEMPLOYMENT,0.300426170464533,0.04678315342390095,employment_improving,1.0,5.498135492865032,0.7073530582776277
1979-12-01,6.0,UNRATE,UNEMPLOYMENT,0.39953081251690215,0.06221598894215061,employment_declining,1.0,2.1472753532741606,-0.545075383043148
1980-01-01,6.3,UNRATE,UNEMPLOYMENT,0.6986354545692706,0.10879335048592093,employment_declining,1.0,5.1773446931160905,0.44838321609013165
1980-02-01,6.3,UNRATE,UNEMPLOYMENT,0.6977400966216392,0.1086539229914101,employment_declining,1.0,1.924228725778434,-0.34612008316933307
1980-03-01,6.3,UNRATE,UNEMPLOYMENT,0.6968447386740078,0.1085144954968993,employment_declining,1.0,4.758809721114389,0.04640407063161215
1980-04-01,6.9,UNRATE,UNEMPLOYMENT,1.2959493807263769,0.20180864607895088,employment_declining,1.0,1.5056937537765052,0.06505659490207479
1980-05-01,7.5,UNRATE,UNEMPLOYMENT,1.8950540227787451,0.29510279666100236,employment_declining,1.0,4.43801892136522,-0.2709406120451376
1980-06-01,7.6,UNRATE,UNEMPLOYMENT,1.9941586648311134,0.3105356321792519,employment_declining,1.0,1.184902954027791,0.37638696324804916
1980-07-01,7.8,UNRATE,UNEMPLOYMENT,2.193263306883482,0.34154073071026186,employment_declining,1.0,4.117228121616506,-0.560641962193832
1980-08-01,7.7,UNRATE,UNEMPLOYMENT,2.092367948935851,0.3258290402029907,employment_declining,1.0,0.8641121542786223,0.6493155951194166
1980-09-01,7.5,UNRATE,UNEMPLOYMENT,1.8914725909882195,0.2945450866829591,klein_deformada,1.0,3.894181494120552,-0.7299217648727894
1980-10-01,7.5,UNRATE,UNEMPLOYMENT,1.8905772330405881,0.2944056591884483,klein_deformada,1.0,0.5433213545299083,0.8559963257408708
1980-11-01,7.5,UNRATE,UNEMPLOYMENT,1.8896818750929576,0.2942662316939376,klein_deformada,1.0,3.5733906943716107,-0.9082147300549339
1980-12-01,7.2,UNRATE,UNEMPLOYMENT,1.5887865171453264,0.24741001516114564,klein_deformada,1.0,0.22253055478073946,0.975342083224779
1981-01-01,7.5,UNRATE,UNEMPLOYMENT,1.8878911591976948,0.293987376704916,klein_deformada,1.0,3.252599894622442,-0.9938450205649632
1981-02-01,7.4,UNRATE,UNEMPLOYMENT,1.7869958012500637,0.2782756861976448,klein_deformada,1.0,6.282669234464599,0.9999998668344794
1981-03-01,7.4,UNRATE,UNEMPLOYMENT,1.7861004433024323,0.278136258703134,employment_declining,1.0,2.7363207503679803,-0.9189952282214494
1981-04-01,7.2,UNRATE,UNEMPLOYMENT,1.5852050853548008,0.2468523051831024,klein_deformada,1.0,5.766390090209683,0.8694071134627012
1981-05-01,7.5,UNRATE,UNEMPLOYMENT,1.8843097274071692,0.2934296667268727,employment_declining,1.0,2.4155299506188115,-0.7477942834394948
1981-06-01,7.5,UNRATE,UNEMPLOYMENT,1.8834143694595378,0.2932902392323619,employment_declining,1.0,5.445599290460969,0.6692584353804751
1981-07-01,7.2,UNRATE,UNEMPLOYMENT,1.5825190115119065,0.24643402269956993,klein_deformada,1.0,2.09473915086987,-0.5002979251227171
1981-08-01,7.4,UNRATE,UNEMPLOYMENT,1.7816236535642753,0.2774391212305799,klein_deformada,1.0,5.1248084907118,0.4008271423864793
1981-09-01,7.6,UNRATE,UNEMPLOYMENT,1.980728295616644,0.3084442197615899,employment_declining,1.0,1.8716925233741435,-0.29637625716409133
1981-10-01,7.9,UNRATE,UNEMPLOYMENT,2.2798329376690134,0.3550215813053604,employment_declining,1.0,4.8040176909628585,0.09150054802215436
1981-11-01,8.3,UNRATE,UNEMPLOYMENT,2.6789375797213824,0.41717120586189116,klein_deformada,1.0,1.550901723625202,0.019893290830808638
1981-12-01,8.5,UNRATE,UNEMPLOYMENT,2.8780422217737502,0.448176304392901,klein_deformada,1.0,4.483226891214144,-0.22716159798311955
1982-01-01,8.6,UNRATE,UNEMPLOYMENT,2.9771468638261185,0.46360913991115055,klein_deformada,1.0,1.2301109238762606,0.3341331805572262
1982-02-01,8.9,UNRATE,UNEMPLOYMENT,3.276251505878488,0.510186501454921,klein_deformada,1.0,4.2601802637181905,-0.4369533040425604
1982-03-01,9.0,UNRATE,UNEMPLOYMENT,3.375356147930856,0.5256193369731705,klein_deformada,1.0,0.7138317796213443,0.7558586314116466
1982-04-01,9.3,UNRATE,UNEMPLOYMENT,3.6744607899832253,0.572196698516941,klein_deformada,1.0,3.7439011194635015,-0.8240299590748589
1982-05-01,9.4,UNRATE,UNEMPLOYMENT,3.7735654320355936,0.5876295340351905,klein_deformada,1.0,0.3930409798726302,0.9237486397489727
1982-06-01,9.6,UNRATE,UNEMPLOYMENT,3.9726700740879615,0.6186346325662003,klein_deformada,1.0,3.4231103197143327,-0.9606349160613153
1982-07-01,9.8,UNRATE,UNEMPLOYMENT,4.171774716140331,0.6496397310972105,klein_deformada,1.0,0.07225018012368878,0.9973910909270147
1982-08-01,9.8,UNRATE,UNEMPLOYMENT,4.170879358192701,0.6495003036026998,klein_deformada,1.0,3.1023195199656186,-0.9992289096047835
1982-09-01,10.1,UNRATE,UNEMPLOYMENT,4.469984000245068,0.65,klein_deformada,1.0,6.132388859807321,0.9886517447379207
1982-10-01,10.4,UNRATE,UNEMPLOYMENT,4.7690886422974375,0.65,klein_deformada,1.0,2.78152872021645,-0.9358742996851469
1982-11-01,10.8,UNRATE,UNEMPLOYMENT,5.168193284349806,0.65,klein_deformada,1.0,5.811598060058607,0.8908483229569927
1982-12-01,10.8,UNRATE,UNEMPLOYMENT,5.167297926402175,0.65,klein_deformada,1.0,2.4607379204677358,-0.7770349845566896
1983-01-01,10.4,UNRATE,UNEMPLOYMENT,4.766402568454543,0.65,klein_deformada,1.0,5.490807260309438,0.7021540737088963
1983-02-01,10.4,UNRATE,UNEMPLOYMENT,4.765507210506912,0.65,klein_deformada,1.0,2.237691292972009,-0.6185492046301564
1983-03-01,10.3,UNRATE,UNEMPLOYMENT,4.664611852559281,0.65,klein_deformada,1.0,4.974528116054749,0.25914720140158404
1983-04-01,10.2,UNRATE,UNEMPLOYMENT,4.563716494611648,0.65,klein_deformada,1.0,1.7214121487170928,-0.15004701100473244
1983-05-01,10.1,UNRATE,UNEMPLOYMENT,4.462821136664017,0.65,klein_deformada,1.0,4.653737316305808,-0.05861804273521729
1983-06-01,10.1,UNRATE,UNEMPLOYMENT,4.4619257787163855,0.65,klein_deformada,1.0,1.4006213489681514,0.16935480195675476
1983-07-01,9.4,UNRATE,UNEMPLOYMENT,3.7610304207687557,0.5856775491120394,employment_boom,1.0,4.332946516556866,-0.3704026476639731
1983-08-01,9.5,UNRATE,UNEMPLOYMENT,3.860135062821124,0.6011103846302889,klein_deformada,1.0,1.07983054921921,0.47147780584526605
1983-09-01,9.2,UNRATE,UNEMPLOYMENT,3.559239704873492,0.5542541680974967,employment_boom,1.0,4.109899889060912,-0.566695057850346
1983-10-01,8.8,UNRATE,UNEMPLOYMENT,3.158344346925862,0.49182568855194464,klein_deformada,1.0,0.7590397494702685,0.7254972136430907
1983-11-01,8.5,UNRATE,UNEMPLOYMENT,2.8574489889782297,0.44496947201915255,employment_boom,1.0,3.7891090893121984,-0.7975843611848996
1983-12-01,8.3,UNRATE,UNEMPLOYMENT,2.656553631030599,0.41368551849912105,employment_boom,1.0,0.4382489497213271,0.9054961171937668
1984-01-01,8.0,UNRATE,UNEMPLOYMENT,2.355658273082967,0.36682930196632896,employment_boom,1.0,3.468318289563257,-0.9470983049947042
1984-02-01,7.8,UNRATE,UNEMPLOYMENT,2.1547629151353354,0.33554534844629735,employment_boom,1.0,0.21520232222560054,0.9769332092847229
1984-03-01,7.8,UNRATE,UNEMPLOYMENT,2.153867557187704,0.3354059209517865,klein_deformada,1.0,3.049783317561328,-0.9957884823802479
1984-04-01,7.7,UNRATE,UNEMPLOYMENT,2.052972199240073,0.3196942304445154,klein_deformada,1.0,6.0798526574030305,0.9793990411895488
1984-05-01,7.4,UNRATE,UNEMPLOYMENT,1.7520768412924417,0.2728380139117234,klein_deformada,1.0,2.7289925178123866,-0.9160812854191408
1984-06-01,7.2,UNRATE,UNEMPLOYMENT,1.551181483344811,0.24155406039169194,klein_deformada,1.0,5.759061857654316,0.8657629476320734
1984-07-01,7.5,UNRATE,UNEMPLOYMENT,1.8502861253971794,0.28813142193546226,klein_deformada,1.0,2.4082017180636726,-0.7429088105729708
1984-08-01,7.5,UNRATE,UNEMPLOYMENT,1.849390767449548,0.28799199444095147,employment_declining,1.0,5.438271057905375,0.6637954191122807
1984-09-01,7.3,UNRATE,UNEMPLOYMENT,1.6484954095019164,0.2567080409209198,employment_declining,1.0,2.1851550905677186,-0.5764346589797161
1984-10-01,7.4,UNRATE,UNEMPLOYMENT,1.7476000515542855,0.2721408764391695,klein_deformada,1.0,5.117480258156661,0.39410265234828096
1984-11-01,7.2,UNRATE,UNEMPLOYMENT,1.546704693606654,0.24085692291913788,klein_deformada,1.0,1.8643642908187772,-0.28936937738813534
1984-12-01,7.3,UNRATE,UNEMPLOYMENT,1.6458093356590222,0.2562897584373874,klein_deformada,1.0,4.7966894584077195,0.08420066561278602
1985-01-01,7.3,UNRATE,UNEMPLOYMENT,1.6449139777113908,0.2561503309428766,klein_deformada,1.0,1.5435734910696084,0.027219473454057896
1985-02-01,7.2,UNRATE,UNEMPLOYMENT,1.5440186197637598,0.24043864043560542,klein_deformada,1.0,4.573642830911766,-0.13830142243006874
1985-03-01,7.2,UNRATE,UNEMPLOYMENT,1.5431232618161284,0.2402992129410946,klein_deformada,1.0,1.0272943468151468,0.517136511500599
1985-04-01,7.3,UNRATE,UNEMPLOYMENT,1.6422279038684966,0.2557320484593441,klein_deformada,1.0,4.057363686656849,-0.6091793022730089
1985-05-01,7.2,UNRATE,UNEMPLOYMENT,1.5413325459208664,0.2400203579520731,klein_deformada,1.0,0.706503547065978,0.7606363418962657
1985-06-01,7.4,UNRATE,UNEMPLOYMENT,1.7404371879732352,0.2710254564830831,employment_declining,1.0,3.736572886908135,-0.8281595780759182
1985-07-01,7.4,UNRATE,UNEMPLOYMENT,1.7395418300256038,0.2708860289885723,employment_declining,1.0,0.3857127473172639,0.9265305185178166
1985-08-01,7.1,UNRATE,UNEMPLOYMENT,1.4386464720779717,0.2240298124557802,klein_deformada,1.0,3.4157820871589664,-0.9626449882703336
1985-09-01,7.1,UNRATE,UNEMPLOYMENT,1.4377511141303403,0.22389038496126937,klein_deformada,1.0,0.1626661198210826,0.9867990137504354
1985-10-01,7.1,UNRATE,UNEMPLOYMENT,1.4368557561827089,0.22375095746675858,klein_deformada,1.0,3.094991287410025,-0.9989143528302756
1985-11-01,7.0,UNRATE,UNEMPLOYMENT,1.3359603982350778,0.2080392669594874,klein_deformada,1.0,6.125060627251955,0.9875243198787913
1985-12-01,7.0,UNRATE,UNEMPLOYMENT,1.3350650402874464,0.2078998394649766,klein_deformada,1.0,2.774200487661311,-0.9332672072979725
1986-01-01,6.7,UNRATE,UNEMPLOYMENT,1.0341696823398152,0.16104362293218466,employment_improving,1.0,5.804269827503013,0.8874952099472061
1986-02-01,7.2,UNRATE,UNEMPLOYMENT,1.5332743243921838,0.23876551050147576,employment_declining,1.0,2.551153860165357,-0.8306964715550103
1986-03-01,7.2,UNRATE,UNEMPLOYMENT,1.5323789664445533,0.23862608300696508,employment_declining,1.0,5.287990683248097,0.5443396366177957
1986-04-01,7.1,UNRATE,UNEMPLOYMENT,1.4314836084969214,0.2229143924996938,employment_declining,1.0,2.0348747159104406,-0.44759885544095485
1986-05-01,7.2,UNRATE,UNEMPLOYMENT,1.5305882505492905,0.23834722801794347,klein_deformada,1.0,4.967199883499383,0.25206242201037876
1986-06-01,7.2,UNRATE,UNEMPLOYMENT,1.529692892601659,0.23820780052343266,klein_deformada,1.0,1.7140839161614991,-0.14279777825246706
1986-07-01,7.0,UNRATE,UNEMPLOYMENT,1.3287975346540275,0.20692384700340102,klein_deformada,1.0,4.6464090837504415,-0.06593203482518402
1986-08-01,6.9,UNRATE,UNEMPLOYMENT,1.2279021767063965,0.19121215649612988,employment_improving,1.0,1.393293116412785,0.1765725672291139
1986-09-01,7.0,UNRATE,UNEMPLOYMENT,1.3270068187587647,0.2066449920143794,klein_deformada,1.0,4.4233624562544875,-0.28501926246991993
1986-10-01,7.0,UNRATE,UNEMPLOYMENT,1.3261114608111333,0.2065055645198686,klein_deformada,1.0,1.0725023166638437,0.4779276947104517
1986-11-01,6.9,UNRATE,UNEMPLOYMENT,1.2252161028635022,0.19079387401259743,klein_deformada,1.0,4.1025716565057735,-0.5727177204223047
1986-12-01,6.6,UNRATE,UNEMPLOYMENT,0.9243207449158701,0.14393765747980533,employment_improving,1.0,0.7517115169149022,0.7305211615115206
1987-01-01,6.6,UNRATE,UNEMPLOYMENT,0.9234253869682387,0.14379822998529454,employment_improving,1.0,3.7817808567566047,-0.8019833496063973
1987-02-01,6.6,UNRATE,UNEMPLOYMENT,0.9225300290206082,0.14365880249078386,employment_improving,1.0,0.5286648894191757,0.8634812442416177
1987-03-01,6.6,UNRATE,UNEMPLOYMENT,0.9216346710729768,0.14351937499627304,klein_deformada,1.0,3.2655017125016883,-0.9923330895584607
1987-04-01,6.3,UNRATE,UNEMPLOYMENT,0.6207393131253456,0.09666315846348109,employment_improving,1.0,0.012385745164259276,0.9999232976389251
1987-05-01,6.3,UNRATE,UNEMPLOYMENT,0.6198439551777142,0.09652373096897027,employment_improving,1.0,2.9447109127529743,-0.9806813144439498
1987-06-01,6.2,UNRATE,UNEMPLOYMENT,0.5189485972300831,0.08081204046169911,employment_improving,1.0,5.974780252594677,0.9528189102559199
1987-07-01,6.1,UNRATE,UNEMPLOYMENT,0.4180532392824512,0.06510034995442783,employment_improving,1.0,2.62392011300426,-0.8689732964718246
1987-08-01,6.0,UNRATE,UNEMPLOYMENT,0.31715788133482015,0.04938865944715668,employment_improving,1.0,5.653989452845963,0.8085010052094779
1987-09-01,5.9,UNRATE,UNEMPLOYMENT,0.2162625233871891,0.03367696893988553,employment_improving,1.0,2.400873485508079,-0.737983441458491
1987-10-01,6.0,UNRATE,UNEMPLOYMENT,0.31536716543955734,0.04910980445813505,employment_improving,1.0,5.333198653097021,0.5816939451882475
1987-11-01,5.8,UNRATE,UNEMPLOYMENT,0.11447180749192576,0.01782585093810343,employment_improving,1.0,2.080082685759365,-0.48755429633127245
1987-12-01,5.7,UNRATE,UNEMPLOYMENT,0.01357644954429471,0.0021141604308322817,employment_improving,1.0,5.01240785334808,0.29553823663929235
1988-01-01,5.7,UNRATE,UNEMPLOYMENT,0.012681091596664196,0.0019747329363216043,employment_improving,1.0,1.7592918860104234,-0.18738131458586135
1988-02-01,5.7,UNRATE,UNEMPLOYMENT,0.011785733649032792,0.0018353054418107889,employment_improving,1.0,4.789361225852353,0.07689626139572328
1988-03-01,5.7,UNRATE,UNEMPLOYMENT,0.010890375701401389,0.0016958779472999732,klein_deformada,1.0,1.3407569140084945,0.22801589826376525
1988-04-01,5.4,UNRATE,UNEMPLOYMENT,-0.29000498224622984,0.04516033858549198,employment_improving,1.0,4.370826253850197,-0.3349599520658022
1988-05-01,5.6,UNRATE,UNEMPLOYMENT,-0.09090034019386195,0.01415524005448213,employment_improving,1.0,1.019966114259553,0.5233948252624329
1988-06-01,5.4,UNRATE,UNEMPLOYMENT,-0.29179569814149264,0.04543919357451361,employment_improving,1.0,4.050035454101483,-0.6149744196846609
1988-07-01,5.4,UNRATE,UNEMPLOYMENT,-0.29269105608912405,0.045578621069024425,klein_deformada,1.0,0.699175314510839,0.7653732041158682
1988-08-01,5.6,UNRATE,UNEMPLOYMENT,-0.09358641403675616,0.014573522538014576,klein_deformada,1.0,3.7292446543525415,-0.832244722628623
1988-09-01,5.4,UNRATE,UNEMPLOYMENT,-0.29448177198438685,0.045857476058046055,klein_deformada,1.0,0.4761286870148851,0.888775963315804
1988-10-01,5.4,UNRATE,UNEMPLOYMENT,-0.29537712993201826,0.045996903552556874,klein_deformada,1.0,3.4084538546038274,-0.964603363794173
1988-11-01,5.3,UNRATE,UNEMPLOYMENT,-0.3962724878796502,0.06170859405982816,employment_improving,1.0,0.1553378872657163,0.9879593113060489
1988-12-01,5.3,UNRATE,UNEMPLOYMENT,-0.3971678458272807,0.061848021554338835,employment_improving,1.0,3.087663054854886,-0.998546151605978
1989-01-01,5.4,UNRATE,UNEMPLOYMENT,-0.2980632037749116,0.046415186036089184,klein_deformada,1.0,6.1177323946965885,0.9863438622459665
1989-02-01,5.2,UNRATE,UNEMPLOYMENT,-0.49895856172254316,0.0776991395561208,employment_improving,1.0,2.8646164273587047,-0.9618866804369448
1989-03-01,5.0,UNRATE,UNEMPLOYMENT,-0.6998539196701747,0.10898309307615242,employment_improving,1.0,5.6014532504418995,0.7764824477348492
1989-04-01,5.2,UNRATE,UNEMPLOYMENT,-0.500749277617806,0.07797799454514243,employment_improving,1.0,2.3483372831040157,-0.7015291271841922
1989-05-01,5.2,UNRATE,UNEMPLOYMENT,-0.5016446355654374,0.07811742203965324,klein_deformada,1.0,5.280662450692958,0.538177678129335
1989-06-01,5.3,UNRATE,UNEMPLOYMENT,-0.4025399935130691,0.06268458652140373,employment_declining,1.0,2.0275464833550743,-0.44103373738759805
1989-07-01,5.2,UNRATE,UNEMPLOYMENT,-0.5034353514607002,0.07839627702867488,klein_deformada,1.0,4.959871650943789,0.24496410617320222
1989-08-01,5.2,UNRATE,UNEMPLOYMENT,-0.5043307094083316,0.0785357045231857,klein_deformada,1.0,1.7067556836061328,-0.13554087686674746
1989-09-01,5.3,UNRATE,UNEMPLOYMENT,-0.40522606735596334,0.06310286900493618,klein_deformada,1.0,4.736825023447835,0.024433611259927955
1989-10-01,5.3,UNRATE,UNEMPLOYMENT,-0.40612142530359474,0.06324229649944699,employment_declining,1.0,1.3859648838571914,0.18378085006889955
1989-11-01,5.4,UNRATE,UNEMPLOYMENT,-0.3070167832512247,0.0478094609811972,employment_declining,1.0,4.416034223699121,-0.29203581701927783
1989-12-01,5.4,UNRATE,UNEMPLOYMENT,-0.3079121411988561,0.04794888847570802,employment_declining,1.0,1.0651740841084774,0.4843519175431497
1990-01-01,5.4,UNRATE,UNEMPLOYMENT,-0.30880749914648753,0.04808831597021883,employment_declining,1.0,4.09524342395018,-0.5787096264769007
1990-02-01,5.3,UNRATE,UNEMPLOYMENT,-0.40970285709411947,0.06380000647749012,employment_improving,1.0,0.8421274566125234,0.6658771206150734
1990-03-01,5.2,UNRATE,UNEMPLOYMENT,-0.5105982150417505,0.07951169698476127,employment_improving,1.0,3.5789642796952634,-0.9058680649331042
1990-04-01,5.4,UNRATE,UNEMPLOYMENT,-0.31149357298938174,0.04850659845375128,klein_deformada,1.0,0.32584831235760703,0.9473795118776163
1990-05-01,5.4,UNRATE,UNEMPLOYMENT,-0.31238893093701314,0.04864602594826209,employment_declining,1.0,3.2581734799465494,-0.9932121485479338
1990-06-01,5.2,UNRATE,UNEMPLOYMENT,-0.5132842888846447,0.07992997946829371,klein_deformada,1.0,0.005057512608665604,0.9999872108103672
1990-07-01,5.5,UNRATE,UNEMPLOYMENT,-0.2141796468322763,0.03335261792452339,employment_declining,1.0,2.937382680197608,-0.9792215024390329
1990-08-01,5.7,UNRATE,UNEMPLOYMENT,-0.01507500477990753,0.002347519393513401,employment_declining,1.0,5.967452020039538,0.9505689388739236
1990-09-01,5.9,UNRATE,UNEMPLOYMENT,0.18402963727246124,0.02865757913749659,employment_declining,1.0,2.714336052701654,-0.9101059706850257
1990-10-01,5.9,UNRATE,UNEMPLOYMENT,0.18313427932483073,0.02851815164298591,employment_declining,1.0,5.646661220290596,0.804166707724456
1990-11-01,6.2,UNRATE,UNEMPLOYMENT,0.48223892137719915,0.07509551318675624,employment_declining,1.0,2.3935452529527126,-0.7330184406023886
1990-12-01,6.3,UNRATE,UNEMPLOYMENT,0.5813435634295674,0.09052834870500576,employment_declining,1.0,5.325870420541882,0.5757175381649919
1991-01-01,6.4,UNRATE,UNEMPLOYMENT,0.6804482054819365,0.1059611842232554,employment_declining,1.0,2.0727544532039985,-0.48114303597610747
1991-02-01,6.6,UNRATE,UNEMPLOYMENT,0.8795528475343044,0.13696628275426526,employment_declining,1.0,5.102823793045701,0.380590541340399
1991-03-01,6.8,UNRATE,UNEMPLOYMENT,1.0786574895866732,0.16797138128527525,employment_declining,1.0,1.5564753089490821,0.01432052833087123
1991-04-01,6.7,UNRATE,UNEMPLOYMENT,0.9777621316390421,0.1522596907780041,employment_declining,1.0,4.586544648791012,-0.1255124326832588
1991-05-01,6.9,UNRATE,UNEMPLOYMENT,1.176866773691411,0.18326478930901408,employment_declining,1.0,1.235684509200368,0.32887476950742495
1991-06-01,6.9,UNRATE,UNEMPLOYMENT,1.1759714157437795,0.18312536181450326,employment_declining,1.0,4.265753849041843,-0.43193319118491924
1991-07-01,6.8,UNRATE,UNEMPLOYMENT,1.0750760577961476,0.16741367130723198,employment_declining,1.0,0.9148937094511993,0.6098748138999998
1991-08-01,6.9,UNRATE,UNEMPLOYMENT,1.1741806998485167,0.18284650682548165,klein_deformada,1.0,3.944963049293129,-0.6942849828985159
1991-09-01,6.9,UNRATE,UNEMPLOYMENT,1.1732853419008862,0.18270707933097097,klein_deformada,1.0,0.6918470819552454,0.7700689636883556
1991-10-01,7.0,UNRATE,UNEMPLOYMENT,1.2723899839532544,0.19813991484922047,employment_declining,1.0,3.6241722495441877,-0.8858007692370399
1991-11-01,7.0,UNRATE,UNEMPLOYMENT,1.271494626005623,0.19800048735470965,employment_declining,1.0,0.3710562822065313,0.9319448576169466
1991-12-01,7.3,UNRATE,UNEMPLOYMENT,1.5705992680579914,0.24457784889848,employment_declining,1.0,3.3033814497952463,-0.9869407162636656
1992-01-01,7.3,UNRATE,UNEMPLOYMENT,1.56970391011036,0.24443842140396918,employment_declining,1.0,0.05026548245758988,0.9987369566060098
1992-02-01,7.4,UNRATE,UNEMPLOYMENT,1.6688085521627292,0.25987125692221885,employment_declining,1.0,3.0803348222995197,-0.9981243257052781
1992-03-01,7.4,UNRATE,UNEMPLOYMENT,1.6679131942150978,0.259731829427708,employment_declining,1.0,5.914915817635475,0.9329517285753698
1992-04-01,7.4,UNRATE,UNEMPLOYMENT,1.6670178362674664,0.2595924019331972,employment_declining,1.0,2.6617998502973634,-0.8870905828638393
1992-05-01,7.6,UNRATE,UNEMPLOYMENT,1.8661224783198342,0.29059750046420707,employment_declining,1.0,5.594125017886306,0.7718438351876633
1992-06-01,7.8,UNRATE,UNEMPLOYMENT,2.065227120372203,0.32160259899521704,employment_declining,1.0,2.3410090505486494,-0.6962879395281584
1992-07-01,7.7,UNRATE,UNEMPLOYMENT,1.9643317624245729,0.30589090848794603,employment_declining,1.0,5.273334218137592,0.5319868180182752
1992-08-01,7.6,UNRATE,UNEMPLOYMENT,1.863436404476941,0.29017921798067475,klein_deformada,1.0,2.020218250799708,-0.4344449346087959
1992-09-01,7.6,UNRATE,UNEMPLOYMENT,1.8625410465293095,0.2900397904861639,klein_deformada,1.0,5.050287590641638,0.3315052623021329
1992-10-01,7.3,UNRATE,UNEMPLOYMENT,1.5616456885816783,0.24318357395337198,klein_deformada,1.0,1.699427451050994,-0.12827669656315013
1992-11-01,7.4,UNRATE,UNEMPLOYMENT,1.6607503306340474,0.2586164094716216,klein_deformada,1.0,4.729496790892696,0.017106976009261553
1992-12-01,7.4,UNRATE,UNEMPLOYMENT,1.659854972686416,0.25847698197711083,klein_deformada,1.0,1.3786366513018251,0.19097926337103827
1993-01-01,7.3,UNRATE,UNEMPLOYMENT,1.558959614738784,0.24276529146983952,klein_deformada,1.0,4.408705991143755,-0.29903668844156417
1993-02-01,7.1,UNRATE,UNEMPLOYMENT,1.3580642567911525,0.2114813379498079,klein_deformada,1.0,1.1555900238060985,0.40337871303623557
1993-03-01,7.0,UNRATE,UNEMPLOYMENT,1.2571688988435215,0.19576964744253675,employment_improving,1.0,3.892426846889066,-0.731119995870386
1993-04-01,7.1,UNRATE,UNEMPLOYMENT,1.3562735408958897,0.21120248296078628,klein_deformada,1.0,0.6393108795509548,0.8025071069900257
1993-05-01,7.1,UNRATE,UNEMPLOYMENT,1.3553781829482583,0.21106305546627546,klein_deformada,1.0,3.5716360471401245,-0.9089476593149526
1993-06-01,7.0,UNRATE,UNEMPLOYMENT,1.2544828250006281,0.19535136495900446,klein_deformada,1.0,0.31852007980224073,0.9496999118287724
1993-07-01,6.9,UNRATE,UNEMPLOYMENT,1.153587467052997,0.1796396744517333,employment_improving,1.0,3.2508452473909557,-0.9940378693117116
1993-08-01,6.8,UNRATE,UNEMPLOYMENT,1.0526921091053651,0.163927983944462,employment_improving,1.0,6.2809145872328855,0.9999974219165696
1993-09-01,6.7,UNRATE,UNEMPLOYMENT,0.9517967511577341,0.14821629343719087,employment_improving,1.0,3.0277986198950018,-0.9935324425463967
1993-10-01,6.8,UNRATE,UNEMPLOYMENT,1.0509013932101023,0.16364912895544037,employment_improving,1.0,5.9601237874841715,0.9482679193238257
1993-11-01,6.6,UNRATE,UNEMPLOYMENT,0.8500060352624708,0.13236517543540877,employment_improving,1.0,2.7070078201462877,-0.9070449196439753
1993-12-01,6.5,UNRATE,UNEMPLOYMENT,0.7491106773148397,0.11665348492813761,employment_improving,1.0,5.639332987735003,0.7997892242739844
1994-01-01,6.6,UNRATE,UNEMPLOYMENT,0.848215319367208,0.13208632044638713,employment_improving,1.0,2.3862170203973463,-0.7280140746387213
1994-02-01,6.6,UNRATE,UNEMPLOYMENT,0.8473199614195766,0.1319468929518763,klein_deformada,1.0,5.416286360239049,0.6471936675352536
1994-03-01,6.5,UNRATE,UNEMPLOYMENT,0.7464246034719455,0.11623520244460517,klein_deformada,1.0,1.8699378761426573,-0.2946999886399121
1994-04-01,6.4,UNRATE,UNEMPLOYMENT,0.6455292455243145,0.10052351193733401,employment_improving,1.0,4.90000721598436,0.18651945878040632
1994-05-01,6.1,UNRATE,UNEMPLOYMENT,0.34463388757668323,0.05366729540454206,employment_improving,1.0,1.5491470763939432,0.02164755930923383
1994-06-01,6.1,UNRATE,UNEMPLOYMENT,0.3437385296290518,0.053527867910031245,employment_improving,1.0,4.579216416235418,-0.13277927866446734
1994-07-01,6.1,UNRATE,UNEMPLOYMENT,0.3428431716814204,0.05338844041552043,employment_improving,1.0,1.2283562766447744,0.3357864657566016
1994-08-01,6.0,UNRATE,UNEMPLOYMENT,0.24194781373378937,0.037676749908249284,employment_improving,1.0,4.258425616486704,-0.43853090803553957
1994-09-01,5.9,UNRATE,UNEMPLOYMENT,0.14105245578615833,0.021965059400978135,employment_improving,1.0,1.0053096491488205,0.5358267949789235
1994-10-01,5.8,UNRATE,UNEMPLOYMENT,0.04015709783852639,0.006253368893706847,employment_improving,1.0,3.9376348167375355,-0.6995404235431144
1994-11-01,5.6,UNRATE,UNEMPLOYMENT,-0.1607382601091052,0.025030584626324775,employment_improving,1.0,0.6845188494001064,0.7747233684379334
1994-12-01,5.5,UNRATE,UNEMPLOYMENT,-0.26163361805673624,0.04074227513359592,employment_improving,1.0,3.6168440169888214,-0.8891777353834505
1995-01-01,5.6,UNRATE,UNEMPLOYMENT,-0.162528976004368,0.025309439615346405,employment_improving,1.0,0.363728049651165,0.9345770271823224
1995-02-01,5.4,UNRATE,UNEMPLOYMENT,-0.3634243339519987,0.05659339313537789,employment_improving,1.0,3.3937973894928675,-0.9683646068879566
1995-03-01,5.4,UNRATE,UNEMPLOYMENT,-0.3643196918996292,0.05673282062988856,employment_improving,1.0,6.1306342125756075,0.9883866300354617
1995-04-01,5.8,UNRATE,UNEMPLOYMENT,0.03478495015273886,0.005416803926642092,employment_declining,1.0,2.8775182452381785,-0.965334508471004
1995-05-01,5.6,UNRATE,UNEMPLOYMENT,-0.16611040779489272,0.025867149593389527,employment_declining,1.0,5.809843412826893,0.8900498142653568
1995-06-01,5.6,UNRATE,UNEMPLOYMENT,-0.16700576574252413,0.026006577087900343,employment_declining,1.0,2.556727445489237,-0.8337865103166306
1995-07-01,5.7,UNRATE,UNEMPLOYMENT,-0.067901123690155,0.010573741569650689,employment_improving,1.0,5.489052613078179,0.70090364069485
1995-08-01,5.7,UNRATE,UNEMPLOYMENT,-0.0687964816377864,0.010713169064161504,employment_declining,1.0,2.235936645740523,-0.6171695459865452
1995-09-01,5.6,UNRATE,UNEMPLOYMENT,-0.16969183958541834,0.026424859571432792,klein_deformada,1.0,5.266005985581998,0.5257673887508391
1995-10-01,5.5,UNRATE,UNEMPLOYMENT,-0.2705871975330494,0.04213655007870394,employment_improving,1.0,1.9151458459913542,-0.33758445422457656
1995-11-01,5.6,UNRATE,UNEMPLOYMENT,-0.17148255548068114,0.026703714560454422,employment_improving,1.0,4.945215185833284,0.23072839066511266
1995-12-01,5.6,UNRATE,UNEMPLOYMENT,-0.17237791342831255,0.026843142054965238,klein_deformada,1.0,1.5943550462421854,-0.023556540274141658
1996-01-01,5.6,UNRATE,UNEMPLOYMENT,-0.17327327137594395,0.026982569549476053,employment_declining,1.0,4.624424386084115,-0.08785119655080338
1996-02-01,5.5,UNRATE,UNEMPLOYMENT,-0.2741686293235741,0.04269426005674706,employment_improving,1.0,1.3713084187466862,0.1981674205609263
1996-03-01,5.5,UNRATE,UNEMPLOYMENT,-0.2750639872712055,0.04283368755125788,employment_improving,1.0,4.205889414082641,-0.4851192780137898
1996-04-01,5.6,UNRATE,UNEMPLOYMENT,-0.17595934521883727,0.02740085203300836,klein_deformada,1.0,0.9527734467445299,0.5794248906186045
1996-05-01,5.6,UNRATE,UNEMPLOYMENT,-0.17685470316646867,0.02754027952751918,employment_declining,1.0,3.8850986143334723,-0.7360999980897196
1996-06-01,5.3,UNRATE,UNEMPLOYMENT,-0.4777500611140999,0.07439649606031112,employment_improving,1.0,0.6319826469958159,0.8068578548602269
1996-07-01,5.5,UNRATE,UNEMPLOYMENT,-0.2786454190617311,0.04339139752930114,employment_improving,1.0,3.564307814584758,-0.9119784407061211
1996-08-01,5.1,UNRATE,UNEMPLOYMENT,-0.6795407770093629,0.10581987707485356,employment_improving,1.0,0.31119184724664706,0.9519693102811098
1996-09-01,5.2,UNRATE,UNEMPLOYMENT,-0.5804361349569938,0.0903870415566039,employment_improving,1.0,3.3412611870888043,-0.980132376227991
1996-10-01,5.2,UNRATE,UNEMPLOYMENT,-0.5813314929046252,0.09052646905111472,employment_improving,1.0,6.273586354677519,0.9999539304091704
1996-11-01,5.4,UNRATE,UNEMPLOYMENT,-0.3822268508522564,0.059521370520104734,employment_declining,1.0,3.020470387339863,-0.9926736617001158
1996-12-01,5.4,UNRATE,UNEMPLOYMENT,-0.3831222087998869,0.059660798014615414,employment_declining,1.0,5.952795554928805,0.945915975176778
1997-01-01,5.3,UNRATE,UNEMPLOYMENT,-0.48401756674751883,0.0753724885218867,employment_declining,1.0,2.699679587590694,-0.9039351577944081
1997-02-01,5.2,UNRATE,UNEMPLOYMENT,-0.5849129246951499,0.09108417902915784,employment_improving,1.0,5.729748927432624,0.8507233401863824
1997-03-01,5.2,UNRATE,UNEMPLOYMENT,-0.5858082826427813,0.09122360652366866,employment_improving,1.0,2.1834004433364598,-0.5749999742223918
1997-04-01,5.1,UNRATE,UNEMPLOYMENT,-0.6867036405904132,0.10693529703093996,employment_improving,1.0,5.213469783177935,0.48037375208696453
1997-05-01,4.9,UNRATE,UNEMPLOYMENT,-0.8875989985380439,0.13821925055097142,employment_improving,1.0,1.862609643587291,-0.2876893537411028
1997-06-01,5.0,UNRATE,UNEMPLOYMENT,-0.7884943564856757,0.12278641503272192,employment_improving,1.0,4.892678983429221,0.17931488355972444
1997-07-01,4.9,UNRATE,UNEMPLOYMENT,-0.8893897144333067,0.13849810553999306,employment_improving,1.0,1.5418188438381222,0.028973427754768227
1997-08-01,4.8,UNRATE,UNEMPLOYMENT,-0.9902850723809387,0.15420979604726434,employment_improving,1.0,4.571888183680052,-0.14003899403277062
1997-09-01,4.9,UNRATE,UNEMPLOYMENT,-0.8911804303285695,0.1387769605290147,employment_improving,1.0,1.3187722163423956,0.24936463686599725
1997-10-01,4.7,UNRATE,UNEMPLOYMENT,-1.092075788276201,0.1700609140490463,employment_improving,1.0,4.251097383930883,-0.44510507457015097
1997-11-01,4.6,UNRATE,UNEMPLOYMENT,-1.1929711462238322,0.18577260455631747,employment_improving,1.0,0.9979814165936816,0.5419997833025967
1997-12-01,4.7,UNRATE,UNEMPLOYMENT,-1.093866504171463,0.1703397690380678,employment_improving,1.0,3.930306584182169,-0.7047582969416336
1998-01-01,4.6,UNRATE,UNEMPLOYMENT,-1.194761862119095,0.18605145954533908,employment_improving,1.0,0.6771906168445128,0.7793361684108349
1998-02-01,4.6,UNRATE,UNEMPLOYMENT,-1.1956572200667264,0.1861908870398499,klein_deformada,1.0,3.7072599566864426,-0.8442311277729826
1998-03-01,4.7,UNRATE,UNEMPLOYMENT,-1.0965525780143572,0.17075805152160026,klein_deformada,1.0,0.16091147258982375,0.9870816591319058
1998-04-01,4.3,UNRATE,UNEMPLOYMENT,-1.497447935961989,0.23318653106715267,klein_deformada,1.0,3.190980812431526,-0.9987806527649983
1998-05-01,4.4,UNRATE,UNEMPLOYMENT,-1.3983432939096199,0.21775369554890303,klein_deformada,1.0,6.123305980020241,0.987246501568171
1998-06-01,4.5,UNRATE,UNEMPLOYMENT,-1.2992386518572516,0.2023208600306535,klein_deformada,1.0,2.870190012682585,-0.9633958200022239
1998-07-01,4.5,UNRATE,UNEMPLOYMENT,-1.300134009804883,0.20246028752516432,employment_declining,1.0,5.802515180271527,0.8866852729899034
1998-08-01,4.5,UNRATE,UNEMPLOYMENT,-1.3010293677525144,0.20259971501967514,employment_declining,1.0,2.5493992129338707,-0.8297183362891052
1998-09-01,4.6,UNRATE,UNEMPLOYMENT,-1.2019247257001462,0.18716687950142563,employment_declining,1.0,5.579468552775573,0.7624425110115128
1998-10-01,4.5,UNRATE,UNEMPLOYMENT,-1.3028200836477764,0.20287857000869663,klein_deformada,1.0,2.228608413184702,-0.6113869511130191
1998-11-01,4.4,UNRATE,UNEMPLOYMENT,-1.4037154415954074,0.21859026051596778,klein_deformada,1.0,5.258677753026632,0.5195197243278806
1998-12-01,4.4,UNRATE,UNEMPLOYMENT,-1.4046107995430388,0.2187296880104786,klein_deformada,1.0,1.9078176134359879,-0.330677420907243
1999-01-01,4.3,UNRATE,UNEMPLOYMENT,-1.5055061574906707,0.23444137851774988,klein_deformada,1.0,4.937886953277918,0.22359175549085894
1999-02-01,4.4,UNRATE,UNEMPLOYMENT,-1.4064015154383016,0.21900854299950023,klein_deformada,1.0,1.6847709859402613,-0.11372805999703813
1999-03-01,4.2,UNRATE,UNEMPLOYMENT,-1.6072968733859332,0.25029249651953184,klein_deformada,1.0,4.421607809022774,-0.2867006904538636
1999-04-01,4.3,UNRATE,UNEMPLOYMENT,-1.508192231333565,0.23485966100128233,klein_deformada,1.0,1.168491841685345,0.39153987774349575
1999-05-01,4.2,UNRATE,UNEMPLOYMENT,-1.609087589281196,0.2505713515085535,klein_deformada,1.0,4.10081700927406,-0.5741552147704785
1999-06-01,4.3,UNRATE,UNEMPLOYMENT,-1.5099829472288278,0.23513851599030397,employment_declining,1.0,0.8477010419364035,0.661708562435608
1999-07-01,4.3,UNRATE,UNEMPLOYMENT,-1.5108783051764592,0.23527794348481476,klein_deformada,1.0,3.7800262095251185,-0.8030302466864648
1999-08-01,4.2,UNRATE,UNEMPLOYMENT,-1.6117736631240902,0.2509896339920859,klein_deformada,1.0,0.5269102421876894,0.8643649251847195
1999-09-01,4.2,UNRATE,UNEMPLOYMENT,-1.6126690210717207,0.2511290614865966,klein_deformada,1.0,3.5569795820291645,-0.9149602463453037
1999-10-01,4.1,UNRATE,UNEMPLOYMENT,-1.7135643790193527,0.26684075199386786,klein_deformada,1.0,0.20611944243852065,0.9788324893934691
1999-11-01,4.1,UNRATE,UNEMPLOYMENT,-1.714459736966984,0.2669801794883787,klein_deformada,1.0,3.2361887822804505,-0.9955291216548294
1999-12-01,4.0,UNRATE,UNEMPLOYMENT,-1.815355094914615,0.2826918699956498,klein_deformada,1.0,6.1685139498691655,0.9934324413275243
2000-01-01,4.0,UNRATE,UNEMPLOYMENT,-1.8162504528622465,0.28283129749016067,klein_deformada,1.0,2.9153979825312817,-0.9745268727865667
2000-02-01,4.1,UNRATE,UNEMPLOYMENT,-1.7171458108098783,0.26739846197191114,klein_deformada,1.0,5.945467322373439,0.9435132327386535
2000-03-01,4.0,UNRATE,UNEMPLOYMENT,-1.8180411687575093,0.2831101524791823,klein_deformada,1.0,2.4968630105298075,-0.7992622759068996
2000-04-01,3.8,UNRATE,UNEMPLOYMENT,-2.018936526705141,0.3143941059992139,klein_deformada,1.0,5.526932350371283,0.727412334647351
2000-05-01,4.0,UNRATE,UNEMPLOYMENT,-1.8198318846527721,0.28338900746820395,klein_deformada,1.0,2.1760722107806387,-0.5689889697681957
2000-06-01,4.0,UNRATE,UNEMPLOYMENT,-1.8207272426004035,0.28352843496271474,klein_deformada,1.0,5.206141550622569,0.4739335828034322
2000-07-01,4.0,UNRATE,UNEMPLOYMENT,-1.821622600548035,0.2836678624572256,employment_declining,1.0,1.8552814110319247,-0.28066326913226164
2000-08-01,4.1,UNRATE,UNEMPLOYMENT,-1.7225179584956658,0.2682350269389759,employment_declining,1.0,4.8853507508734,0.17210067863564021
2000-09-01,3.9,UNRATE,UNEMPLOYMENT,-1.923413316443297,0.29951898045900743,klein_deformada,1.0,1.632234783536198,-0.06139981224262715
2000-10-01,3.9,UNRATE,UNEMPLOYMENT,-1.9243086743909283,0.2996584079535183,klein_deformada,1.0,4.564559951124686,-0.14729118892169976
2000-11-01,3.9,UNRATE,UNEMPLOYMENT,-1.9252040323385597,0.29979783544802907,klein_deformada,1.0,1.3114439837870293,0.256454608791997
2000-12-01,3.9,UNRATE,UNEMPLOYMENT,-1.9260993902861911,0.2999372629425399,klein_deformada,1.0,4.243769151375744,-0.4516553377366942
2001-01-01,4.2,UNRATE,UNEMPLOYMENT,-1.6269947482338223,0.2533599013987695,employment_declining,1.0,0.9906531840378605,0.5481436647468675
2001-02-01,4.2,UNRATE,UNEMPLOYMENT,-1.6278901061814537,0.2534993288932803,employment_declining,1.0,4.02072252387979,-0.637821545709396
2001-03-01,4.3,UNRATE,UNEMPLOYMENT,-1.5287854641290854,0.2380664933750308,employment_declining,1.0,0.4743740397831715,0.8895788230539482
2001-04-01,4.4,UNRATE,UNEMPLOYMENT,-1.4296808220767163,0.22263365785678116,employment_declining,1.0,3.5044433796251013,-0.9348887848645431
2001-05-01,4.3,UNRATE,UNEMPLOYMENT,-1.5305761800243483,0.23834534836405244,employment_declining,1.0,0.15358324003445745,0.9882292586726691
2001-06-01,4.5,UNRATE,UNEMPLOYMENT,-1.3314715379719795,0.20734024983304244,employment_declining,1.0,3.1836525798763873,-0.9991156116882492
2001-07-01,4.6,UNRATE,UNEMPLOYMENT,-1.2323668959196104,0.1919074143147928,employment_declining,1.0,6.115977747465102,0.9860533552468305
2001-08-01,4.9,UNRATE,UNEMPLOYMENT,-0.933262253867241,0.14533005277102234,employment_declining,1.0,2.8628617801272185,-0.961405394526654
2001-09-01,5.0,UNRATE,UNEMPLOYMENT,-0.8341576118148728,0.1298972172527728,employment_declining,1.0,5.892931119969148,0.9248123909459594
2001-10-01,5.3,UNRATE,UNEMPLOYMENT,-0.5350529697625044,0.0833198557090025,employment_declining,1.0,2.542070980378277,-0.8256056041033648
2001-11-01,5.5,UNRATE,UNEMPLOYMENT,-0.3359483277101356,0.052314757177992506,employment_declining,1.0,5.572140320220434,0.7576803042595346
2001-12-01,5.7,UNRATE,UNEMPLOYMENT,-0.13684368565776683,0.02130965864698252,employment_declining,1.0,2.221280180629563,-0.6055715230781885
2002-01-01,5.7,UNRATE,UNEMPLOYMENT,-0.13773904360539824,0.021449086141493334,employment_declining,1.0,5.2513495204712655,0.5132441602659806
2002-02-01,5.7,UNRATE,UNEMPLOYMENT,-0.13863440155302964,0.02158851363600415,employment_declining,1.0,1.998233553133609,-0.4145399625337322
2002-03-01,5.7,UNRATE,UNEMPLOYMENT,-0.13952975950066104,0.021727941130514964,klein_deformada,1.0,4.735070376216122,0.022679451156964334
2002-04-01,5.9,UNRATE,UNEMPLOYMENT,0.05957488255170773,0.009277157400495025,employment_declining,1.0,1.48195440887892,0.08872509416870285
2002-05-01,5.8,UNRATE,UNEMPLOYMENT,-0.041320475395924205,0.0064345331067762615,employment_declining,1.0,4.414279576467408,-0.2937135241666019
2002-06-01,5.8,UNRATE,UNEMPLOYMENT,-0.04221583334355472,0.006573960601286939,employment_declining,1.0,1.1611636091297513,0.398272458829384
2002-07-01,5.8,UNRATE,UNEMPLOYMENT,-0.043111191291186124,0.006713388095797754,employment_improving,1.0,4.093488776718694,-0.5801397087787101
2002-08-01,5.7,UNRATE,UNEMPLOYMENT,-0.14400654923881717,0.0224250786030689,employment_improving,1.0,0.8403728093810372,0.6671851695228167
2002-09-01,5.7,UNRATE,UNEMPLOYMENT,-0.14490190718644858,0.02256450609757972,employment_improving,1.0,3.8704421492225123,-0.7459411454242574
2002-10-01,5.7,UNRATE,UNEMPLOYMENT,-0.14579726513407998,0.022703933592090535,employment_improving,1.0,0.5195820096318684,0.8680267949724125
2002-11-01,5.9,UNRATE,UNEMPLOYMENT,0.053307376918288796,0.008301164938919454,employment_declining,1.0,3.5496513494737982,-0.9178929161011464
2002-12-01,6.0,UNRATE,UNEMPLOYMENT,0.15241201897065704,0.02373400045716897,employment_declining,1.0,0.19879120988315435,0.9803060112827522
2003-01-01,5.8,UNRATE,UNEMPLOYMENT,-0.048483338976974544,0.007549953062862648,employment_declining,1.0,3.228860549725084,-0.9961945731498641
2003-02-01,5.9,UNRATE,UNEMPLOYMENT,0.050621303075394586,0.007882882455387008,klein_deformada,1.0,6.258929889567014,0.9997058517798804
2003-03-01,5.9,UNRATE,UNEMPLOYMENT,0.04972594512776318,0.007743454960876192,employment_improving,1.0,2.7125814054699404,-0.909377487081221
2003-04-01,6.0,UNRATE,UNEMPLOYMENT,0.14883058718013142,0.02317629047912571,employment_declining,1.0,5.74265074531187,0.8574337213330898
2003-05-01,6.1,UNRATE,UNEMPLOYMENT,0.24793522923250055,0.038609125997375364,employment_declining,1.0,2.3917906057212264,-0.7318237863827226
2003-06-01,6.3,UNRATE,UNEMPLOYMENT,0.44703987128486933,0.06961422452838535,employment_declining,1.0,5.421859945563156,0.651432479983616
2003-07-01,6.2,UNRATE,UNEMPLOYMENT,0.3461445133372383,0.05390253402111421,employment_declining,1.0,2.070999805972285,-0.47960409845574087
2003-08-01,6.1,UNRATE,UNEMPLOYMENT,0.24524915538960634,0.03819084351384292,klein_deformada,1.0,5.101069145814442,0.378967357388953
2003-09-01,6.1,UNRATE,UNEMPLOYMENT,0.24435379744197494,0.0380514160193321,employment_improving,1.0,1.847953178476331,-0.27362211213324955
2003-10-01,6.0,UNRATE,UNEMPLOYMENT,0.1434584394943439,0.022339725512060954,employment_improving,1.0,4.780278346065273,0.06783722773441542
2003-11-01,5.8,UNRATE,UNEMPLOYMENT,-0.05743691845328769,0.008944228007970664,employment_improving,1.0,1.527162378727617,0.04362010345054246
2003-12-01,5.7,UNRATE,UNEMPLOYMENT,-0.15833227640091874,0.024655918515241813,employment_improving,1.0,4.459487546316332,-0.2502141494577422
2004-01-01,5.7,UNRATE,UNEMPLOYMENT,-0.15922763434855014,0.02479534600975263,employment_improving,1.0,1.2063715789784482,0.356411878713281
2004-02-01,5.6,UNRATE,UNEMPLOYMENT,-0.2601229922961821,0.04050703651702391,employment_improving,1.0,4.236440918820833,-0.45818134576842157
2004-03-01,5.8,UNRATE,UNEMPLOYMENT,-0.0610183502438133,0.009501937986013927,employment_declining,1.0,0.787836606976974,0.7053804406747218
2004-04-01,5.6,UNRATE,UNEMPLOYMENT,-0.261913708191444,0.04078589150604541,employment_improving,1.0,3.817905946818449,-0.779885604695884
2004-05-01,5.6,UNRATE,UNEMPLOYMENT,-0.2628090661390754,0.04092531900055622,klein_deformada,1.0,0.4670458072278052,0.8929023091711287
2004-06-01,5.6,UNRATE,UNEMPLOYMENT,-0.2637044240867068,0.04106474649506704,employment_improving,1.0,3.497115147069735,-0.9374647471396077
2004-07-01,5.5,UNRATE,UNEMPLOYMENT,-0.36459978203433785,0.05677643700233819,employment_improving,1.0,0.14625500747909115,0.9893237875825837
2004-08-01,5.4,UNRATE,UNEMPLOYMENT,-0.4654951399819689,0.07248812750960934,employment_improving,1.0,3.1763243473205662,-0.9993969153535618
2004-09-01,5.4,UNRATE,UNEMPLOYMENT,-0.4663904979296003,0.07262755500412016,employment_improving,1.0,6.206393687162951,0.9970529721817318
2004-10-01,5.5,UNRATE,UNEMPLOYMENT,-0.36728585587723206,0.05719471948587063,klein_deformada,1.0,2.855533547571852,-0.9593633389355606
2004-11-01,5.4,UNRATE,UNEMPLOYMENT,-0.4681812138248631,0.07290640999314178,klein_deformada,1.0,5.885602887413782,0.9219997515143941
2004-12-01,5.4,UNRATE,UNEMPLOYMENT,-0.4690765717724945,0.0730458374876526,klein_deformada,1.0,2.5347427478229108,-0.8214485346247018
2005-01-01,5.3,UNRATE,UNEMPLOYMENT,-0.5699719297201264,0.08875752799492388,employment_improving,1.0,5.564812087664613,0.7528774079895959
2005-02-01,5.4,UNRATE,UNEMPLOYMENT,-0.4708672876677573,0.07332469247667422,klein_deformada,1.0,2.311696120326957,-0.6749521078099544
2005-03-01,5.2,UNRATE,UNEMPLOYMENT,-0.671762645615388,0.10460864599670572,employment_improving,1.0,5.048532943409924,0.32984932499104064
2005-04-01,5.2,UNRATE,UNEMPLOYMENT,-0.6726580035630194,0.10474807349121652,employment_improving,1.0,1.7954169760722678,-0.22273655723840355
2005-05-01,5.1,UNRATE,UNEMPLOYMENT,-0.7735533615106513,0.12045976399848782,employment_improving,1.0,4.727742143660983,0.0153525601097597
2005-06-01,5.0,UNRATE,UNEMPLOYMENT,-0.8744487194582824,0.13617145450575896,employment_improving,1.0,1.4746261763233264,0.09602197756464184
2005-07-01,5.0,UNRATE,UNEMPLOYMENT,-0.8753440774059138,0.13631088200026978,employment_improving,1.0,4.406951343912041,-0.3007105846547776
2005-08-01,4.9,UNRATE,UNEMPLOYMENT,-0.9762394353535448,0.15202257250754092,employment_improving,1.0,1.1538353765746123,0.4049836515877496
2005-09-01,5.0,UNRATE,UNEMPLOYMENT,-0.8771347933011766,0.13658973698929142,klein_deformada,1.0,4.183904716416315,-0.5042249732203696
2005-10-01,5.0,UNRATE,UNEMPLOYMENT,-0.878030151248808,0.13672916448380223,klein_deformada,1.0,0.8330445768254435,0.6726259469304622
2005-11-01,5.0,UNRATE,UNEMPLOYMENT,-0.8789255091964394,0.13686859197831305,employment_declining,1.0,3.863113916667146,-0.7508017620427688
2005-12-01,4.9,UNRATE,UNEMPLOYMENT,-0.9798208671440705,0.1525802824855842,employment_improving,1.0,0.5122537770767295,0.8716420493320207
2006-01-01,4.7,UNRATE,UNEMPLOYMENT,-1.1807162250917012,0.18386423600561566,employment_improving,1.0,3.542323116918432,-0.9207762924813057
2006-02-01,4.8,UNRATE,UNEMPLOYMENT,-1.081611583039333,0.16843140048736616,employment_improving,1.0,0.28920714958054816,0.9584702916488799
2006-03-01,4.7,UNRATE,UNEMPLOYMENT,-1.182506940986964,0.1841430909946373,employment_improving,1.0,3.026043972663288,-0.9933316754669504
2006-04-01,4.7,UNRATE,UNEMPLOYMENT,-1.1834022989345954,0.18428251848914812,klein_deformada,1.0,6.056113312505445,0.9743297397318834
2006-05-01,4.6,UNRATE,UNEMPLOYMENT,-1.2842976568822273,0.1999942089964194,employment_improving,1.0,2.705253172914574,-0.906304757822328
2006-06-01,4.6,UNRATE,UNEMPLOYMENT,-1.2851930148298587,0.20013363649093022,klein_deformada,1.0,5.735322512756731,0.8536396642547806
2006-07-01,4.7,UNRATE,UNEMPLOYMENT,-1.1860883727774896,0.18470080097268057,klein_deformada,1.0,2.38446237316586,-0.72681003476928
2006-08-01,4.7,UNRATE,UNEMPLOYMENT,-1.186983730725121,0.1848402284671914,employment_declining,1.0,5.414531713008017,0.6458550593912401
2006-09-01,4.5,UNRATE,UNEMPLOYMENT,-1.3878790886727526,0.216124181987223,klein_deformada,1.0,2.1614157456696788,-0.5568756164881058
2006-10-01,4.4,UNRATE,UNEMPLOYMENT,-1.4887744466203836,0.23183587249449414,klein_deformada,1.0,5.0937409132588485,0.37217562231064705
2006-11-01,4.5,UNRATE,UNEMPLOYMENT,-1.3896698045680154,0.21640303697624463,klein_deformada,1.0,1.8406249459209647,-0.266566260874012
2006-12-01,4.4,UNRATE,UNEMPLOYMENT,-1.4905651625156455,0.23211472748351564,klein_deformada,1.0,4.772950113510134,0.06052412039839988
2007-01-01,4.6,UNRATE,UNEMPLOYMENT,-1.2914605204632776,0.20110962895250578,employment_declining,1.0,1.519834146171796,0.05094012413512504
2007-02-01,4.5,UNRATE,UNEMPLOYMENT,-1.3923558784109087,0.21682131945977695,klein_deformada,1.0,4.549903486013953,-0.1617714598349256
2007-03-01,4.4,UNRATE,UNEMPLOYMENT,-1.4932512363585397,0.2325330099670481,klein_deformada,1.0,1.003555001917107,0.5373074670278126
2007-04-01,4.5,UNRATE,UNEMPLOYMENT,-1.3941465943061715,0.21710017444879856,klein_deformada,1.0,4.033624341759264,-0.6278319611540992
2007-05-01,4.4,UNRATE,UNEMPLOYMENT,-1.4950419522538025,0.23281186495606973,klein_deformada,1.0,0.6827642021683928,0.7758316392816739
2007-06-01,4.6,UNRATE,UNEMPLOYMENT,-1.2959373102014347,0.20180676642505987,employment_declining,1.0,3.71283354201055,-0.8412307039921815
2007-07-01,4.7,UNRATE,UNEMPLOYMENT,-1.1968326681490655,0.1863739309068102,employment_declining,1.0,0.36197340241922404,0.9351998229660526
2007-08-01,4.6,UNRATE,UNEMPLOYMENT,-1.2977280260966975,0.2020856214140815,employment_declining,1.0,3.3920427422613812,-0.9688009698539913
2007-09-01,4.7,UNRATE,UNEMPLOYMENT,-1.1986233840443283,0.18665278589583184,employment_declining,1.0,0.13892677492349748,0.9903651870824663
2007-10-01,4.7,UNRATE,UNEMPLOYMENT,-1.1995187419919597,0.18679221339034266,klein_deformada,1.0,3.071251942512667,-0.9975271120510134
2007-11-01,4.7,UNRATE,UNEMPLOYMENT,-1.2004140999395903,0.18693164088485334,employment_declining,1.0,6.10132128235437,0.9835082681865421
2007-12-01,5.0,UNRATE,UNEMPLOYMENT,-0.9013094578872218,0.14035427934108302,employment_declining,1.0,2.7504611427634984,-0.9244782805531477
2008-01-01,5.0,UNRATE,UNEMPLOYMENT,-0.9022048158348532,0.14049370683559384,employment_declining,1.0,5.780530482605201,0.8763066800438546
2008-02-01,4.9,UNRATE,UNEMPLOYMENT,-1.0031001737824843,0.15620539734286498,employment_declining,1.0,2.527414515267772,-0.8172473510991917
2008-03-01,5.1,UNRATE,UNEMPLOYMENT,-0.8039955317301164,0.12520029881185513,employment_declining,1.0,5.361995510603499,0.6048731239790819
2008-04-01,5.0,UNRATE,UNEMPLOYMENT,-0.9048908896777474,0.14091198931912627,klein_deformada,1.0,2.1088795432656156,-0.5124910063037514
2008-05-01,5.4,UNRATE,UNEMPLOYMENT,-0.5057862476253785,0.07876236476259549,employment_declining,1.0,5.041204710854785,0.32292243230108664
2008-06-01,5.6,UNRATE,UNEMPLOYMENT,-0.3066816055730106,0.04775726623158563,employment_declining,1.0,1.7880887435169015,-0.21558650277352362
2008-07-01,5.8,UNRATE,UNEMPLOYMENT,-0.10757696352064183,0.016752167700575644,employment_declining,1.0,4.720413911106071,0.008024844588053552
2008-08-01,6.1,UNRATE,UNEMPLOYMENT,0.1915276785317266,0.029825193843194677,employment_declining,1.0,1.4672979437677327,0.10331370431612787
2008-09-01,6.1,UNRATE,UNEMPLOYMENT,0.19063232058409607,0.029685766348684,employment_declining,1.0,4.49736728360989,-0.21336862548737395
2008-10-01,6.5,UNRATE,UNEMPLOYMENT,0.589736962636465,0.0918353909052148,employment_declining,1.0,1.1465071440190187,0.41167309560990484
2008-11-01,6.8,UNRATE,UNEMPLOYMENT,0.8888416046888334,0.13841275244898513,employment_declining,1.0,4.176576483861176,-0.510539836336441
2008-12-01,7.3,UNRATE,UNEMPLOYMENT,1.387946246741202,0.21613464001827623,employment_declining,1.0,0.8257163442703046,0.6780306024733196
2009-01-01,7.8,UNRATE,UNEMPLOYMENT,1.8870508887935706,0.29385652758756736,employment_declining,1.0,3.855785684112007,-0.7556220585402644
2009-02-01,8.3,UNRATE,UNEMPLOYMENT,2.38615553084594,0.37157841515685863,employment_declining,1.0,0.6026697167741233,0.8238252399760628
2009-03-01,8.7,UNRATE,UNEMPLOYMENT,2.7852601728983073,0.43372803971338914,klein_deformada,1.0,3.339506539857318,-0.9804788917991887
2009-04-01,9.0,UNRATE,UNEMPLOYMENT,3.0843648149506766,0.4803054012571596,klein_deformada,1.0,0.08639057251943427,0.9962706548004872
2009-05-01,9.4,UNRATE,UNEMPLOYMENT,3.4834694570030456,0.5424550258136904,klein_deformada,1.0,3.0187157401081492,-0.9924601261132578
2009-06-01,9.5,UNRATE,UNEMPLOYMENT,3.582574099055414,0.5578878613319399,klein_deformada,1.0,6.0487850799503065,0.9726538192868226
2009-07-01,9.5,UNRATE,UNEMPLOYMENT,3.5816787411077824,0.5577484338374291,klein_deformada,1.0,2.697924940359435,-0.90318335750384
2009-08-01,9.6,UNRATE,UNEMPLOYMENT,3.6807833831601515,0.5731812693556788,klein_deformada,1.0,5.727994280201138,0.8497997643770033
2009-09-01,9.8,UNRATE,UNEMPLOYMENT,3.879888025212521,0.6041863678866889,klein_deformada,1.0,2.474878312863254,-0.7858577796848556
2009-10-01,10.0,UNRATE,UNEMPLOYMENT,4.078992667264889,0.6351914664176987,klein_deformada,1.0,5.407203480451969,0.640242954604052
2009-11-01,9.9,UNRATE,UNEMPLOYMENT,3.978097309317258,0.6194797759104276,klein_deformada,1.0,2.15408751311454,-0.5507739181826253
2009-12-01,9.9,UNRATE,UNEMPLOYMENT,3.9772019513696266,0.6193403484159168,klein_deformada,1.0,5.086412680703255,0.36536390037717525
2010-01-01,9.8,UNRATE,UNEMPLOYMENT,3.8763065934219956,0.6036286579086456,klein_deformada,1.0,1.8332967133658258,-0.25949609427318093
2010-02-01,9.8,UNRATE,UNEMPLOYMENT,3.875411235474364,0.6034892304141348,klein_deformada,1.0,4.863366053207528,0.15040416233599843
2010-03-01,9.9,UNRATE,UNEMPLOYMENT,3.9745158775267324,0.6189220659323843,klein_deformada,1.0,1.317017569110682,0.25106346946048735
2010-04-01,9.9,UNRATE,UNEMPLOYMENT,3.973620519579101,0.6187826384378735,klein_deformada,1.0,4.3470869089523845,-0.35723145028980285
2010-05-01,9.6,UNRATE,UNEMPLOYMENT,3.672725161631469,0.5719264219050815,klein_deformada,1.0,0.996226769361968,0.543473516224804
2010-06-01,9.4,UNRATE,UNEMPLOYMENT,3.471829803683839,0.54064246838505,klein_deformada,1.0,4.02629610920367,-0.633518973784534
2010-07-01,9.4,UNRATE,UNEMPLOYMENT,3.4709344457362077,0.5405030408905392,klein_deformada,1.0,0.6754359696127992,0.7804344407055741
2010-08-01,9.5,UNRATE,UNEMPLOYMENT,3.570039087788576,0.5559358764087888,klein_deformada,1.0,3.7055053094549564,-0.8451702822700775
2010-09-01,9.5,UNRATE,UNEMPLOYMENT,3.5691437298409445,0.5557964489142779,klein_deformada,1.0,0.4523893421170726,0.8994052515663088
2010-10-01,9.4,UNRATE,UNEMPLOYMENT,3.4682483718933135,0.5400847584070069,klein_deformada,1.0,3.3847145097057876,-0.9705911693401844
2010-11-01,9.8,UNRATE,UNEMPLOYMENT,3.8673530139456824,0.6022343829635376,klein_deformada,1.0,0.13159854236835855,0.9913534012462035
2010-12-01,9.3,UNRATE,UNEMPLOYMENT,3.366457655998051,0.5242336404052248,klein_deformada,1.0,3.0639237099570735,-0.9969852835689431
2011-01-01,9.1,UNRATE,UNEMPLOYMENT,3.1655622980504186,0.4929496868851931,klein_deformada,1.0,6.093993049798776,0.9821564641257671
2011-02-01,9.0,UNRATE,UNEMPLOYMENT,3.0646669401027875,0.47723799637792197,employment_boom,1.0,2.840877082461347,-0.9551247788296814
2011-03-01,9.0,UNRATE,UNEMPLOYMENT,3.063771582155156,0.4770985688834111,klein_deformada,1.0,5.577713905544087,0.7613059829438054
2011-04-01,9.1,UNRATE,UNEMPLOYMENT,3.1628762242075243,0.49253140440166066,klein_deformada,1.0,2.324597938206203,-0.684415424475999
2011-05-01,9.0,UNRATE,UNEMPLOYMENT,3.061980866259894,0.47681971389438965,klein_deformada,1.0,5.256923105795373,0.5180196521850162
2011-06-01,9.1,UNRATE,UNEMPLOYMENT,3.1610855083122624,0.49225254941263913,klein_deformada,1.0,2.0038071384570344,-0.41960563351134184
2011-07-01,9.0,UNRATE,UNEMPLOYMENT,3.0601901503646314,0.476540858905368,klein_deformada,1.0,4.936132306046204,0.22188118754635985
2011-08-01,9.0,UNRATE,UNEMPLOYMENT,3.059294792417,0.47640143141085717,klein_deformada,1.0,1.6830163387083203,-0.11198462288506199
2011-09-01,9.0,UNRATE,UNEMPLOYMENT,3.0583994344693686,0.4762620039163464,klein_deformada,1.0,4.7130856785504776,0.0006966981094261697
2011-10-01,8.8,UNRATE,UNEMPLOYMENT,2.857504076521738,0.4449780503963149,klein_deformada,1.0,1.3622255389596063,0.20706187373618584
2011-11-01,8.6,UNRATE,UNEMPLOYMENT,2.6566087185741054,0.4136940968762831,klein_deformada,1.0,4.3922948788017635,-0.31465588377863685
2011-12-01,8.5,UNRATE,UNEMPLOYMENT,2.5557133606264744,0.397982406369012,klein_deformada,1.0,1.0414347392108922,0.5049824114756255
2012-01-01,8.3,UNRATE,UNEMPLOYMENT,2.3548180026788437,0.3666984528489805,klein_deformada,1.0,4.071504079052595,-0.5979049830573404
2012-02-01,8.3,UNRATE,UNEMPLOYMENT,2.3539226447312123,0.3665590253544697,klein_deformada,1.0,0.8183881117147109,0.6833988459071831
2012-03-01,8.2,UNRATE,UNEMPLOYMENT,2.2530272867835794,0.35084733484719827,klein_deformada,1.0,3.6529691070504384,-0.8720717278357832
2012-04-01,8.2,UNRATE,UNEMPLOYMENT,2.252131928835949,0.3507079073526876,klein_deformada,1.0,0.39985313971346415,0.9211181741593174
2012-05-01,8.2,UNRATE,UNEMPLOYMENT,2.2512365708883175,0.3505684798581768,klein_deformada,1.0,3.3321783073017244,-0.9818934608017748
2012-06-01,8.2,UNRATE,UNEMPLOYMENT,2.250341212940686,0.35042905236366595,klein_deformada,1.0,0.07906233996429535,0.9968762009092805
2012-07-01,8.2,UNRATE,UNEMPLOYMENT,2.2494458549930547,0.35028962486915516,klein_deformada,1.0,3.0113875075530103,-0.9915352789194947
2012-08-01,8.1,UNRATE,UNEMPLOYMENT,2.1485504970454237,0.334577934361884,klein_deformada,1.0,6.041456847394713,0.9709256646547669
2012-09-01,7.8,UNRATE,UNEMPLOYMENT,1.8476551390977924,0.28772171782909206,klein_deformada,1.0,2.788340880056829,-0.9382527223238678
2012-10-01,7.8,UNRATE,UNEMPLOYMENT,1.846759781150161,0.2875822903345812,klein_deformada,1.0,5.720666047645544,0.8459142279131834
2012-11-01,7.7,UNRATE,UNEMPLOYMENT,1.74586442320253,0.2718705998273101,klein_deformada,1.0,2.46755008030766,-0.781304886604299
2012-12-01,7.9,UNRATE,UNEMPLOYMENT,1.9449690652548988,0.30287569835832007,employment_declining,1.0,5.399875247896375,0.634596467008565
2013-01-01,8.0,UNRATE,UNEMPLOYMENT,2.044073707307267,0.3183085338765696,employment_declining,1.0,2.146759280558946,-0.5446426418016006
2013-02-01,7.7,UNRATE,UNEMPLOYMENT,1.7431783493596358,0.2714523173437776,klein_deformada,1.0,5.176828620401103,0.44792186923089344
2013-03-01,7.5,UNRATE,UNEMPLOYMENT,1.542282991412005,0.24016836382374615,klein_deformada,1.0,1.6304801363042571,-0.059648381968731505
2013-04-01,7.6,UNRATE,UNEMPLOYMENT,1.6413876334643733,0.25560119934199566,klein_deformada,1.0,4.660549476146414,-0.05181628901240968
2013-05-01,7.5,UNRATE,UNEMPLOYMENT,1.5404922755167423,0.2398895088347245,klein_deformada,1.0,1.309689336555543,0.2581501784301098
2013-06-01,7.5,UNRATE,UNEMPLOYMENT,1.5395969175691109,0.2397500813402137,klein_deformada,1.0,4.3397586763972456,-0.36406648255470997
2013-07-01,7.3,UNRATE,UNEMPLOYMENT,1.3387015596214793,0.2084661278201821,klein_deformada,1.0,0.9888985368063743,0.5496103793986886
2013-08-01,7.2,UNRATE,UNEMPLOYMENT,1.2378062016738482,0.19275443731291092,employment_improving,1.0,4.0189678766485315,-0.6391719647022478
2013-09-01,7.2,UNRATE,UNEMPLOYMENT,1.2369108437262168,0.1926150098184001,employment_improving,1.0,0.7658519093106477,0.7207921170195076
2013-10-01,7.2,UNRATE,UNEMPLOYMENT,1.2360154857785854,0.1924755823238893,employment_improving,1.0,3.6981770768993627,-0.8490644725778604
2013-11-01,6.9,UNRATE,UNEMPLOYMENT,0.9351201278309542,0.14561936579109735,employment_improving,1.0,0.44506110956147893,0.9025843586185033
2013-12-01,6.7,UNRATE,UNEMPLOYMENT,0.7342247698833226,0.11433541227106572,employment_improving,1.0,3.377386277150194,-0.9723292454094635
2014-01-01,6.6,UNRATE,UNEMPLOYMENT,0.6333294119356907,0.09862372176379444,employment_improving,1.0,0.12427030981276488,0.9922883770040977
2014-02-01,6.7,UNRATE,UNEMPLOYMENT,0.7324340539880607,0.11405655728204424,employment_improving,1.0,3.154339649654922,-0.9999187581457214
2014-03-01,6.7,UNRATE,UNEMPLOYMENT,0.7315386960404293,0.11391712978753342,klein_deformada,1.0,5.891176472737662,0.9241434585925618
2014-04-01,6.2,UNRATE,UNEMPLOYMENT,0.2306433380927979,0.03591638722922066,employment_improving,1.0,2.6380605053997783,-0.8758836889776983
2014-05-01,6.3,UNRATE,UNEMPLOYMENT,0.32974798014516615,0.051349222747470176,employment_improving,1.0,5.570385672988493,0.7565340102622541
2014-06-01,6.1,UNRATE,UNEMPLOYMENT,0.12885262219753457,0.020065269227438558,employment_improving,1.0,2.3172697056510643,-0.6790541371508375
2014-07-01,6.2,UNRATE,UNEMPLOYMENT,0.2279572642499037,0.035498104745688215,klein_deformada,1.0,5.249594873239779,0.5117374578790925
2014-08-01,6.1,UNRATE,UNEMPLOYMENT,0.12706190630227177,0.019786414238416927,employment_improving,1.0,1.9964789059018955,-0.41294254164685973
2014-09-01,5.9,UNRATE,UNEMPLOYMENT,-0.07383345164535893,0.011497539281614554,employment_improving,1.0,5.026548245744053,0.30901699437531216
2014-10-01,5.7,UNRATE,UNEMPLOYMENT,-0.2747288095929905,0.04278149280164618,employment_improving,1.0,1.6756881061531814,-0.1046995435920355
2014-11-01,5.8,UNRATE,UNEMPLOYMENT,-0.17562416754062227,0.02734865728339666,employment_improving,1.0,4.705757445994884,-0.0066314857838070404
2014-12-01,5.6,UNRATE,UNEMPLOYMENT,-0.37651952548825385,0.05863261080342828,employment_improving,1.0,1.3548973064040126,0.2142256636645635
2015-01-01,5.7,UNRATE,UNEMPLOYMENT,-0.27741488343588383,0.04319977528517848,klein_deformada,1.0,4.38496664624617,-0.3216033735140272
2015-02-01,5.5,UNRATE,UNEMPLOYMENT,-0.4783102413835154,0.0744837288052101,employment_improving,1.0,1.131850678908286,0.42498530166496545
2015-03-01,5.4,UNRATE,UNEMPLOYMENT,-0.5792055993311465,0.09019541931248125,employment_improving,1.0,3.868687501991026,-0.7471086124073133
2015-04-01,5.4,UNRATE,UNEMPLOYMENT,-0.5801009572787779,0.09033484680699207,employment_improving,1.0,0.6155715346531423,0.8164435617295842
2015-05-01,5.6,UNRATE,UNEMPLOYMENT,-0.38099631522641,0.05932974827598222,employment_declining,1.0,3.547896702242312,-0.918587796191463
2015-06-01,5.3,UNRATE,UNEMPLOYMENT,-0.6818916731740412,0.10618596480877417,employment_improving,1.0,0.294780734904883,0.9568658684212196
2015-07-01,5.2,UNRATE,UNEMPLOYMENT,-0.7827870311216722,0.12189765531604532,employment_improving,1.0,3.227105902493598,-0.9963459696248779
2015-08-01,5.1,UNRATE,UNEMPLOYMENT,-0.8836823890693042,0.1376093458233166,employment_improving,1.0,6.2571752423353,0.999661757333135
2015-09-01,5.0,UNRATE,UNEMPLOYMENT,-0.9845777470169352,0.15332103633058775,employment_improving,1.0,3.0040592749974167,-0.9905571835524382
2015-10-01,5.0,UNRATE,UNEMPLOYMENT,-0.9854731049645666,0.15346046382509856,employment_improving,1.0,5.936384442586132,0.940464880507296
2015-11-01,5.1,UNRATE,UNEMPLOYMENT,-0.8863684629121984,0.13802762830684906,klein_deformada,1.0,2.6832684752487026,-0.8967952168035113
2015-12-01,5.0,UNRATE,UNEMPLOYMENT,-0.9872638208598286,0.15373931881412006,klein_deformada,1.0,5.615593642837418,0.7853149340173956
2016-01-01,4.8,UNRATE,UNEMPLOYMENT,-1.1881591788074601,0.1850232723341517,employment_improving,1.0,2.362477675499534,-0.7115356772092919
2016-02-01,4.9,UNRATE,UNEMPLOYMENT,-1.089054536755091,0.16959043681590202,employment_improving,1.0,5.392547015341691,0.6289158998370622
2016-03-01,5.0,UNRATE,UNEMPLOYMENT,-0.9899498947027228,0.15415760129765252,klein_deformada,1.0,1.9439427034978323,-0.3645470902264424
2016-04-01,5.1,UNRATE,UNEMPLOYMENT,-0.8908452526503545,0.138724765779403,employment_declining,1.0,4.974012043339535,0.25864872435907277
2016-05-01,4.8,UNRATE,UNEMPLOYMENT,-1.1917406105979858,0.18558098231219494,employment_improving,1.0,1.6231519037486635,-0.052331661530227974
2016-06-01,4.9,UNRATE,UNEMPLOYMENT,-1.0926359685456166,0.1701481467939453,employment_improving,1.0,4.653221243590821,-0.05913322022622878
2016-07-01,4.8,UNRATE,UNEMPLOYMENT,-1.1935313264932486,0.18585983730121658,employment_improving,1.0,1.3023611039999494,0.26522302402514725
2016-08-01,4.9,UNRATE,UNEMPLOYMENT,-1.0944266844408794,0.1704270017829669,employment_declining,1.0,4.332430443842107,-0.3708819634475754
2016-09-01,5.0,UNRATE,UNEMPLOYMENT,-0.9953220423885112,0.1549941662647174,employment_declining,1.0,1.0793144765042229,0.47193285617668707
2016-10-01,4.9,UNRATE,UNEMPLOYMENT,-1.0962174003361422,0.17070585677198855,employment_declining,1.0,4.011639644092938,-0.6447906303267725
2016-11-01,4.7,UNRATE,UNEMPLOYMENT,-1.297112758283773,0.20198981029202004,klein_deformada,1.0,0.758523676755054,0.7258522912139186
2016-12-01,4.7,UNRATE,UNEMPLOYMENT,-1.2980081162314043,0.20212923778653086,klein_deformada,1.0,3.690848844343769,-0.8529130657867938
2017-01-01,4.7,UNRATE,UNEMPLOYMENT,-1.2989034741790357,0.20226866528104168,klein_deformada,1.0,0.43773287700634,0.9057149944064853
2017-02-01,4.6,UNRATE,UNEMPLOYMENT,-1.3997988321266677,0.21798035578831296,klein_deformada,1.0,3.4678022168480425,-0.9472638091066571
2017-03-01,4.4,UNRATE,UNEMPLOYMENT,-1.6006941900742984,0.24926430930834442,klein_deformada,1.0,6.204639039931237,0.9969168275799293
2017-04-01,4.4,UNRATE,UNEMPLOYMENT,-1.6015895480219298,0.24940373680285524,klein_deformada,1.0,2.9515230725933534,-0.9819910917499878
2017-05-01,4.4,UNRATE,UNEMPLOYMENT,-1.6024849059695612,0.24954316429736606,klein_deformada,1.0,5.883848240182068,0.9213189498608523
2017-06-01,4.3,UNRATE,UNEMPLOYMENT,-1.703380263917193,0.26525485480463734,klein_deformada,1.0,2.6307322728441846,-0.8723241663671744
2017-07-01,4.3,UNRATE,UNEMPLOYMENT,-1.7042756218648245,0.2653942822991482,klein_deformada,1.0,5.5630574404329,0.7517214096223285
2017-08-01,4.4,UNRATE,UNEMPLOYMENT,-1.6051709798124554,0.24996144678089852,klein_deformada,1.0,2.3099414730954706,-0.673656382749385
2017-09-01,4.3,UNRATE,UNEMPLOYMENT,-1.7060663377600873,0.26567313728816977,klein_deformada,1.0,5.340010812937628,0.5872214690305728
2017-10-01,4.2,UNRATE,UNEMPLOYMENT,-1.8069616957077175,0.28138482779544083,klein_deformada,1.0,1.9891506733467565,-0.40625727363145336
2017-11-01,4.2,UNRATE,UNEMPLOYMENT,-1.8078570536553489,0.2815242552899516,klein_deformada,1.0,5.019220013188459,0.3020391958997747
2017-12-01,4.1,UNRATE,UNEMPLOYMENT,-1.9087524116029808,0.2972359457972229,klein_deformada,1.0,1.6683598735975878,-0.09740884164492732
2018-01-01,4.0,UNRATE,UNEMPLOYMENT,-2.009647769550612,0.31294763630449407,klein_deformada,1.0,4.69842921343929,-0.013959313548003446
2018-02-01,4.1,UNRATE,UNEMPLOYMENT,-1.9105431274982436,0.29751480078624454,klein_deformada,1.0,1.4453132461018612,0.12515403035581718
2018-03-01,4.0,UNRATE,UNEMPLOYMENT,-2.0114384854458747,0.3132264912935157,klein_deformada,1.0,4.182150069185056,-0.5057394610475975
2018-04-01,4.0,UNRATE,UNEMPLOYMENT,-2.012333843393506,0.3133659187880265,klein_deformada,1.0,0.9290341018467174,0.5986079865100886
2018-05-01,3.8,UNRATE,UNEMPLOYMENT,-2.2132292013411377,0.3446498723080581,klein_deformada,1.0,3.861359269435887,-0.7519595985985261
2018-06-01,4.0,UNRATE,UNEMPLOYMENT,-2.014124559288769,0.31364477377704814,klein_deformada,1.0,0.6082433020980034,0.8206531076817092
2018-07-01,3.8,UNRATE,UNEMPLOYMENT,-2.2150199172364005,0.34492872729707974,klein_deformada,1.0,3.5405684696867183,-0.9214593468562621
2018-08-01,3.8,UNRATE,UNEMPLOYMENT,-2.215915275184032,0.3450681547915906,klein_deformada,1.0,0.2874525023492893,0.9589692279692712
2018-09-01,3.7,UNRATE,UNEMPLOYMENT,-2.316810633131662,0.3607798452988616,klein_deformada,1.0,3.3175218421914465,-0.984564334529096
2018-10-01,3.8,UNRATE,UNEMPLOYMENT,-2.217705991079294,0.34534700978061206,klein_deformada,1.0,6.2498470097801615,0.9994443304323253
2018-11-01,3.8,UNRATE,UNEMPLOYMENT,-2.218601349026925,0.3454864372751229,klein_deformada,1.0,2.9967310424422777,-0.9895258925386228
2018-12-01,3.9,UNRATE,UNEMPLOYMENT,-2.1194967069745565,0.3300536017568733,employment_declining,1.0,5.929056210030993,0.9379488506321108
2019-01-01,4.0,UNRATE,UNEMPLOYMENT,-2.020392064922188,0.31462076623862373,employment_declining,1.0,2.675940242693109,-0.8935288194824006
2019-02-01,3.8,UNRATE,UNEMPLOYMENT,-2.2212874228698194,0.34590471975865533,klein_deformada,1.0,5.706009582534811,0.8380070823232733
2019-03-01,3.8,UNRATE,UNEMPLOYMENT,-2.222182780817451,0.3460441472531661,klein_deformada,1.0,2.15966109843842,-0.5554173571906672
2019-04-01,3.7,UNRATE,UNEMPLOYMENT,-2.323078138765082,0.3617558377604373,klein_deformada,1.0,5.189730438280122,0.45941943307941635
2019-05-01,3.6,UNRATE,UNEMPLOYMENT,-2.4239734967127133,0.3774675282677085,klein_deformada,1.0,1.8388702986897059,-0.26487469327190094
2019-06-01,3.6,UNRATE,UNEMPLOYMENT,-2.4248688546603447,0.3776069557622193,klein_deformada,1.0,4.868939638531408,0.15591198119982577
2019-07-01,3.7,UNRATE,UNEMPLOYMENT,-2.325764212607975,0.3621741202439696,klein_deformada,1.0,1.518079498940537,0.05269241400777686
2019-08-01,3.6,UNRATE,UNEMPLOYMENT,-2.4266595705556067,0.37788581075124084,klein_deformada,1.0,4.548148838782694,-0.1635027453729579
2019-09-01,3.5,UNRATE,UNEMPLOYMENT,-2.527554928503238,0.39359750125851206,klein_deformada,1.0,1.2950328714448105,0.27228162641344866
2019-10-01,3.6,UNRATE,UNEMPLOYMENT,-2.4284502864508695,0.3781646657402625,klein_deformada,1.0,4.2273580390335255,-0.4662357322637688
2019-11-01,3.6,UNRATE,UNEMPLOYMENT,-2.429345644398501,0.37830409323477326,klein_deformada,1.0,0.9742420716960964,0.5617952309945373
2019-12-01,3.6,UNRATE,UNEMPLOYMENT,-2.4302410023461323,0.37844352072928406,employment_declining,1.0,3.9065672392843567,-0.7213999575504463
2020-01-01,3.6,UNRATE,UNEMPLOYMENT,-2.4311363602937637,0.3785829482237949,klein_deformada,1.0,0.6534512719469276,0.793990398647683
2020-02-01,3.5,UNRATE,UNEMPLOYMENT,-2.532031718241395,0.3942946387310661,klein_deformada,1.0,3.68352061178863,-0.8567158552165962
2020-03-01,4.4,UNRATE,UNEMPLOYMENT,-1.6329270761890262,0.2542836991107334,employment_declining,1.0,0.23491629994522611,0.9725338268966899
2020-04-01,14.8,UNRATE,UNEMPLOYMENT,8.766177565863343,0.65,employment_crisis,1.0,3.2649856397869286,-0.9923967399888428
2020-05-01,13.2,UNRATE,UNEMPLOYMENT,7.16528220791571,0.65,employment_crisis,1.0,6.1973108073756435,0.9963150505103562
2020-06-01,11.0,UNRATE,UNEMPLOYMENT,4.96438684996808,0.65,employment_crisis,1.0,2.9441948400382145,-0.9805802337011631
2020-07-01,10.2,UNRATE,UNEMPLOYMENT,4.163491492020448,0.6483498456513258,employment_boom,1.0,5.876520007626475,0.9184449637660149
2020-08-01,8.4,UNRATE,UNEMPLOYMENT,2.3625961340728177,0.3679096839271282,employment_boom,1.0,2.6234040402890457,-0.8687177975484576
2020-09-01,7.8,UNRATE,UNEMPLOYMENT,1.7617007761251857,0.27433667835605496,employment_boom,1.0,5.653473380130748,0.808197191451391
2020-10-01,6.9,UNRATE,UNEMPLOYMENT,0.8608054181775548,0.13404688374670076,employment_improving,1.0,2.302613240539877,-0.6682224511462395
2020-11-01,6.7,UNRATE,UNEMPLOYMENT,0.6599100602299233,0.10276293022666914,employment_improving,1.0,5.332682580382034,0.581274090203693
2020-12-01,6.7,UNRATE,UNEMPLOYMENT,0.6590147022822919,0.10262350273215833,employment_improving,1.0,1.9818224407911629,-0.3995501884819964
2021-01-01,6.4,UNRATE,UNEMPLOYMENT,0.35811934433466064,0.05576728619936638,employment_improving,1.0,5.011891780632865,0.29504517708818895
2021-02-01,6.2,UNRATE,UNEMPLOYMENT,0.15722398638702906,0.024483332679334755,employment_improving,1.0,1.7587758132954363,-0.18687435800725224
2021-03-01,6.1,UNRATE,UNEMPLOYMENT,0.05632862843939712,0.008771642172063467,employment_improving,1.0,4.495612636378631,-0.2150825369520834
2021-04-01,6.1,UNRATE,UNEMPLOYMENT,0.05543327049176572,0.008632214677552652,employment_improving,1.0,1.2424966690407473,0.3224339649763061
2021-05-01,5.8,UNRATE,UNEMPLOYMENT,-0.24546208745586462,0.038224001855239165,employment_improving,1.0,4.174821836629462,-0.5120477902592935
2021-06-01,5.9,UNRATE,UNEMPLOYMENT,-0.1463574454034955,0.022791166336989507,employment_improving,1.0,0.9217058692915785,0.6044620834646515
2021-07-01,5.4,UNRATE,UNEMPLOYMENT,-0.6472528033511269,0.10079190889530226,employment_improving,1.0,3.8540310368802935,-0.7567702024901624
2021-08-01,5.1,UNRATE,UNEMPLOYMENT,-0.948148161298759,0.14764812542809436,employment_improving,1.0,0.6009150695424097,0.8248185823037316
2021-09-01,4.7,UNRATE,UNEMPLOYMENT,-1.3490435192463899,0.21007660497364664,employment_boom,1.0,3.630984409384567,-0.8826189508474064
2021-10-01,4.5,UNRATE,UNEMPLOYMENT,-1.5499388771940215,0.24136055849367827,employment_boom,1.0,0.28012426979369565,0.9610210882306449
2021-11-01,4.2,UNRATE,UNEMPLOYMENT,-1.8508342351416527,0.2882167750264702,employment_boom,1.0,3.310193609635853,-0.9858204958207275
2021-12-01,3.9,UNRATE,UNEMPLOYMENT,-2.1517295930892844,0.33507299155926223,employment_boom,1.0,6.242518777224113,0.9991732306204153
2022-01-01,4.0,UNRATE,UNEMPLOYMENT,-2.0526249510369157,0.31964015604101265,klein_deformada,1.0,2.989402809886684,-0.9884414612610859
2022-02-01,3.8,UNRATE,UNEMPLOYMENT,-2.2535203089845472,0.35092410956104425,klein_deformada,1.0,6.0194721497283865,0.9654287376995043
2022-03-01,3.7,UNRATE,UNEMPLOYMENT,-2.3544156669321774,0.36663580006831525,klein_deformada,1.0,2.473123665631995,-0.7847714838956404
2022-04-01,3.7,UNRATE,UNEMPLOYMENT,-2.355311024879809,0.3667752275628261,klein_deformada,1.0,5.503193005473243,0.7109189520427031
2022-05-01,3.6,UNRATE,UNEMPLOYMENT,-2.4562063828274403,0.3824869180700973,klein_deformada,1.0,2.152332865883281,-0.5493085469146243
2022-06-01,3.6,UNRATE,UNEMPLOYMENT,-2.4571017407750717,0.3826263455646081,klein_deformada,1.0,5.1824022057249834,0.4528980766334672
2022-07-01,3.5,UNRATE,UNEMPLOYMENT,-2.557997098722703,0.39833803607187934,klein_deformada,1.0,1.8315420661341122,-0.2578011553643403
2022-08-01,3.6,UNRATE,UNEMPLOYMENT,-2.4588924566703345,0.38290520055362975,klein_deformada,1.0,4.861611405975815,0.14866924428785067
2022-09-01,3.5,UNRATE,UNEMPLOYMENT,-2.559787814617966,0.398616891060901,klein_deformada,1.0,1.6084954386379309,-0.037690182669891305
2022-10-01,3.6,UNRATE,UNEMPLOYMENT,-2.4606831725655973,0.3831840555426514,employment_declining,1.0,4.540820606226646,-0.17072790603515015
2022-11-01,3.6,UNRATE,UNEMPLOYMENT,-2.4615785305132287,0.3833234830371622,klein_deformada,1.0,1.2877046388892168,0.2793256065295161
2022-12-01,3.5,UNRATE,UNEMPLOYMENT,-2.56247388846086,0.3990351735444334,klein_deformada,1.0,4.220029806477932,-0.4727061532163574
2023-01-01,3.5,UNRATE,UNEMPLOYMENT,-2.5633692464084916,0.39917460103894425,klein_deformada,1.0,0.9669138391405028,0.5678425650571934
2023-02-01,3.6,UNRATE,UNEMPLOYMENT,-2.464264604356122,0.3837417655206945,klein_deformada,1.0,3.9969831789822052,-0.6559237806031951
2023-03-01,3.5,UNRATE,UNEMPLOYMENT,-2.5651599623037535,0.3994534560279657,klein_deformada,1.0,0.45063469488581376,0.9001708506042386
2023-04-01,3.4,UNRATE,UNEMPLOYMENT,-2.666055320251385,0.41516514653523695,klein_deformada,1.0,3.4807040347270615,-0.9430506361898848
2023-05-01,3.6,UNRATE,UNEMPLOYMENT,-2.4669506781990163,0.384160048004227,klein_deformada,1.0,0.12984389513664496,0.9915821181532745
2023-06-01,3.6,UNRATE,UNEMPLOYMENT,-2.4678460361466477,0.3842994754987378,employment_declining,1.0,3.159913234978802,-0.9998321828427608
2023-07-01,3.5,UNRATE,UNEMPLOYMENT,-2.568741394094279,0.400011166006009,klein_deformada,1.0,6.092238402567517,0.9818249635389281
2023-08-01,3.7,UNRATE,UNEMPLOYMENT,-2.3696367520419104,0.36900606747499903,employment_declining,1.0,2.8391224352296334,-0.9546035757077254
2023-09-01,3.8,UNRATE,UNEMPLOYMENT,-2.270532109989542,0.3535732319567495,employment_declining,1.0,5.869191775071336,0.9155216546491951
2023-10-01,3.9,UNRATE,UNEMPLOYMENT,-2.1714274679371734,0.3381403964384999,employment_declining,1.0,2.5183316354804646,-0.811979366354874
2023-11-01,3.7,UNRATE,UNEMPLOYMENT,-2.3723228258848046,0.36942434995853146,klein_deformada,1.0,5.548400975322622,0.7419753604355135
2023-12-01,3.8,UNRATE,UNEMPLOYMENT,-2.2732181838324355,0.3539915144402818,klein_deformada,1.0,2.1975408357317505,-0.5865111143159358
2024-01-01,3.7,UNRATE,UNEMPLOYMENT,-2.3741135417800665,0.36970320494755293,klein_deformada,1.0,5.227610175573908,0.4927273415487195
2024-02-01,3.9,UNRATE,UNEMPLOYMENT,-2.175008899727698,0.338698106416543,employment_declining,1.0,1.974494208236024,-0.3928216463882521
2024-03-01,3.9,UNRATE,UNEMPLOYMENT,-2.1759042576753296,0.33883753391105387,employment_declining,1.0,4.8090752035717514,0.09653565280897777
2024-04-01,3.9,UNRATE,UNEMPLOYMENT,-2.176799615622961,0.33897696140556466,employment_declining,1.0,1.5559592362338677,0.014836546196007121
2024-05-01,4.0,UNRATE,UNEMPLOYMENT,-2.0776949735705923,0.32354412588731507,employment_declining,1.0,4.488284403822583,-0.22223341931634297
2024-06-01,4.1,UNRATE,UNEMPLOYMENT,-1.978590331518224,0.30811129036906554,employment_declining,1.0,1.2351684364851536,0.3293620911087765
2024-07-01,4.2,UNRATE,UNEMPLOYMENT,-1.879485689465855,0.2926784548508159,employment_declining,1.0,4.167493604073869,-0.518328621095469
2024-08-01,4.2,UNRATE,UNEMPLOYMENT,-1.8803810474134863,0.29281788234532674,employment_declining,1.0,0.9143776367364396,0.6102837191418234
2024-09-01,4.1,UNRATE,UNEMPLOYMENT,-1.9812764053611183,0.308529572852598,klein_deformada,1.0,3.944446976578142,-0.6946563080578924
2024-10-01,4.1,UNRATE,UNEMPLOYMENT,-1.9821717633087497,0.3086690003471088,klein_deformada,1.0,0.5935868369872708,0.8289397618976839
2024-11-01,4.2,UNRATE,UNEMPLOYMENT,-1.8830671212563797,0.293236164828859,klein_deformada,1.0,3.6236561768289732,-0.8860401429270824
2024-12-01,4.1,UNRATE,UNEMPLOYMENT,-1.9839624792040116,0.3089478553361303,klein_deformada,1.0,0.272796037238102,0.9630213390147977
2025-01-01,4.0,UNRATE,UNEMPLOYMENT,-2.0848578371516426,0.32465954584340145,klein_deformada,1.0,3.3028653770798044,-0.9870237158387742
2025-02-01,4.1,UNRATE,UNEMPLOYMENT,-1.9857531950992744,0.3092267103251519,klein_deformada,1.0,0.04974940974283015,0.9987627533292165
2025-03-01,4.2,UNRATE,UNEMPLOYMENT,-1.8866485530469053,0.2937938748069023,employment_declining,1.0,2.78658623282557,-0.9376442570042401
2025-04-01,4.2,UNRATE,UNEMPLOYMENT,-1.8875439109945367,0.2939333023014131,employment_declining,1.0,5.816655572667273,0.8931345522285661
2025-05-01,4.2,UNRATE,UNEMPLOYMENT,-1.888439268942168,0.2940727297959239,employment_declining,1.0,2.4657954330764014,-0.7802085221323034
2025-06-01,4.1,UNRATE,UNEMPLOYMENT,-1.9893346268898,0.3097844203031952,klein_deformada,1.0,5.495864772918559,0.7057461539905906
