date,value,series_id,series_name,detrended,klein_deformation,klein_state,klein_twist_factor,klein_phase,klein_frequency_alignment
1919-01-01,4.8654,INDPRO,INDUSTRIAL_PRODUCTION,17.64287529943801,0.6216893364305817,klein_deformada,1.0,0.0,1.0
1919-02-01,4.6504,INDPRO,INDUSTRIAL_PRODUCTION,17.335078803184096,0.6108433832475509,klein_deformada,1.0,3.0300693398418255,-0.9937877179967045
1919-03-01,4.516,INDPRO,INDUSTRIAL_PRODUCTION,17.107882306930186,0.6028375657944317,klein_deformada,1.0,5.766906162924765,0.8696619873566886
1919-04-01,4.5966,INDPRO,INDUSTRIAL_PRODUCTION,17.095685810676272,0.6024077927821431,klein_deformada,1.0,2.513790195587003,-0.8093202265593997
1919-05-01,4.6235,INDPRO,INDUSTRIAL_PRODUCTION,17.02978931442236,0.6000857705304469,klein_deformada,1.0,5.446115363175867,0.66964180359986
1919-06-01,4.9192,INDPRO,INDUSTRIAL_PRODUCTION,17.232692818168445,0.6072355657005891,klein_deformada,1.0,2.1929993958381058,-0.5828267794893544
1919-07-01,5.2149,INDPRO,INDUSTRIAL_PRODUCTION,17.43559632191453,0.6143853608707314,expansion_extrema,1.009,5.125324563426972,0.4012998909165835
1919-08-01,5.2955,INDPRO,INDUSTRIAL_PRODUCTION,17.42339982566062,0.6139555878584428,expansion_extrema,1.009,1.8722085960892088,-0.29686910389402177
1919-09-01,5.188,INDPRO,INDUSTRIAL_PRODUCTION,17.223103329406705,0.6068976568958273,expansion_extrema,1.009,4.902277935931032,0.18874984768854908
1919-10-01,5.1342,INDPRO,INDUSTRIAL_PRODUCTION,17.07650683315279,0.6017319751726193,klein_deformada,1.0,1.55141779634031,0.019377317615695836
1919-11-01,5.0536,INDPRO,INDUSTRIAL_PRODUCTION,16.90311033689888,0.595621930700508,klein_deformada,1.0,4.581487136182137,-0.13052832412658813
1919-12-01,5.1342,INDPRO,INDUSTRIAL_PRODUCTION,16.890913840644966,0.5951921576882193,klein_deformada,1.0,1.2306269965914183,0.33364672419840496
1920-01-01,5.6181,INDPRO,INDUSTRIAL_PRODUCTION,17.282017344391054,0.6089736345502886,expansion_extrema,1.009,4.2606963364332415,-0.43648904662739113
1920-02-01,5.6181,INDPRO,INDUSTRIAL_PRODUCTION,17.18922084813714,0.6057037258080885,expansion_extrema,1.009,1.0075803690954857,0.5339081829583731
1920-03-01,5.5106,INDPRO,INDUSTRIAL_PRODUCTION,16.988924351883227,0.5986457948454732,expansion_extrema,1.009,3.8421613644313766,-0.7644756900339421
1920-04-01,5.2149,INDPRO,INDUSTRIAL_PRODUCTION,16.600427855629313,0.5849561821909307,klein_deformada,1.0,0.5890453970936207,0.8314714042647091
1920-05-01,5.3493,INDPRO,INDUSTRIAL_PRODUCTION,16.6420313593754,0.5864221821596499,klein_deformada,1.0,3.5213705646824778,-0.928746989995099
1920-06-01,5.403,INDPRO,INDUSTRIAL_PRODUCTION,16.60293486312149,0.5850445226568574,klein_deformada,1.0,0.2682545973447219,0.9642349818572339
1920-07-01,5.2686,INDPRO,INDUSTRIAL_PRODUCTION,16.375738366867576,0.577038705203738,klein_deformada,1.0,3.200579764933579,-0.9982607647381638
1920-08-01,5.2955,INDPRO,INDUSTRIAL_PRODUCTION,16.309841870613663,0.5747166829520418,klein_deformada,1.0,6.230649104775409,0.9986202911013623
1920-09-01,5.1073,INDPRO,INDUSTRIAL_PRODUCTION,16.02884537435975,0.5648150925179147,klein_deformada,1.0,2.9775331374376464,-0.9865723957394913
1920-10-01,4.8923,INDPRO,INDUSTRIAL_PRODUCTION,15.721048878105837,0.553969139334884,crisis_extrema,0.996,5.909858305026518,0.9311190925702862
1920-11-01,4.4891,INDPRO,INDUSTRIAL_PRODUCTION,15.225052381851924,0.5364915044599262,crisis_extrema,0.996,2.6567423376887547,-0.8847447231757632
1920-12-01,4.2203,INDPRO,INDUSTRIAL_PRODUCTION,14.863455885598011,0.5237497782958876,crisis_extrema,0.996,5.589067505277612,0.7686183496576496
1921-01-01,3.9784,INDPRO,INDUSTRIAL_PRODUCTION,14.5287593893441,0.5119559386223531,crisis_extrema,0.996,2.335951537939856,-0.6926489568028218
1921-02-01,3.8977,INDPRO,INDUSTRIAL_PRODUCTION,14.355262893090185,0.5058423704086412,crisis_extrema,0.996,5.366020877781672,0.6080737026500882
1921-03-01,3.7902,INDPRO,INDUSTRIAL_PRODUCTION,14.154966396836272,0.49878443944602585,crisis_extrema,0.996,1.8196723936850248,-0.24631481046897474
1921-04-01,3.7902,INDPRO,INDUSTRIAL_PRODUCTION,14.06216990058236,0.4955145307038258,crisis_extrema,0.996,4.849741733526855,0.1369212825684572
1921-05-01,3.8977,INDPRO,INDUSTRIAL_PRODUCTION,14.076873404328445,0.496032644182041,klein_deformada,1.0,1.498881593936126,0.07185276163665505
1921-06-01,3.8708,INDPRO,INDUSTRIAL_PRODUCTION,13.957176908074533,0.491814848949337,klein_deformada,1.0,4.528950933777956,-0.18241100915329664
1921-07-01,3.8439,INDPRO,INDUSTRIAL_PRODUCTION,13.83748041182062,0.487597053716633,klein_deformada,1.0,1.1780907941872414,0.3826893922198547
1921-08-01,3.9784,INDPRO,INDUSTRIAL_PRODUCTION,13.879183915566706,0.48906657742695253,klein_deformada,1.0,4.208160134029072,-0.4831324025506275
1921-09-01,4.0052,INDPRO,INDUSTRIAL_PRODUCTION,13.813187419312793,0.486741031433656,klein_deformada,1.0,0.9550441666913017,0.5775727034222639
1921-10-01,4.2472,INDPRO,INDUSTRIAL_PRODUCTION,13.96239092305888,0.49199857736439084,expansion_extrema,1.009,3.887369334280173,-0.7345611131058886
1921-11-01,4.1934,INDPRO,INDUSTRIAL_PRODUCTION,13.815794426804967,0.48683289564118293,expansion_extrema,1.009,0.6342533669424029,0.8055143579755606
1921-12-01,4.1665,INDPRO,INDUSTRIAL_PRODUCTION,13.696097930551055,0.48261510040847894,klein_deformada,1.0,3.566578534531274,-0.9110445544444727
1922-01-01,4.3278,INDPRO,INDUSTRIAL_PRODUCTION,13.764601434297141,0.485028986867702,expansion_extrema,1.009,0.31346256719350407,0.951271577034959
1922-02-01,4.516,INDPRO,INDUSTRIAL_PRODUCTION,13.860004938043229,0.488390759817429,klein_deformada,1.0,3.3435319070353344,-0.9796794650289191
1922-03-01,4.7579,INDPRO,INDUSTRIAL_PRODUCTION,14.009108441789316,0.4936447820065635,expansion_extrema,1.009,6.080368730118273,0.9795031236175666
1922-04-01,4.5966,INDPRO,INDUSTRIAL_PRODUCTION,13.7550119455354,0.48469107806294015,expansion_extrema,1.009,2.8272527627805175,-0.9510006844473263
1922-05-01,4.8385,INDPRO,INDUSTRIAL_PRODUCTION,13.90411544928149,0.48994510025207466,expansion_extrema,1.009,5.759577930369375,0.8660211031464475
1922-06-01,5.0805,INDPRO,INDUSTRIAL_PRODUCTION,14.053318953027574,0.49520264618280946,expansion_extrema,1.009,2.5064619630316187,-0.8049941668979146
1922-07-01,5.0805,INDPRO,INDUSTRIAL_PRODUCTION,13.960522456773663,0.49193273744060945,klein_deformada,1.0,5.43878713062049,0.6641813088092484
1922-08-01,4.9729,INDPRO,INDUSTRIAL_PRODUCTION,13.760125960519751,0.48487128273639374,expansion_extrema,1.009,2.18567116328272,-0.5768562875331084
1922-09-01,5.2417,INDPRO,INDUSTRIAL_PRODUCTION,13.936129464265838,0.49107319141603206,expansion_extrema,1.009,5.21574050312455,0.4823640783899197
1922-10-01,5.5374,INDPRO,INDUSTRIAL_PRODUCTION,14.139032968011923,0.49822298658617437,expansion_extrema,1.009,1.8648803635338211,-0.28986333267199077
1922-11-01,5.7794,INDPRO,INDUSTRIAL_PRODUCTION,14.288236471758012,0.5034805325169093,expansion_extrema,1.009,4.894949703375637,0.18154833486089805
1922-12-01,5.9406,INDPRO,INDUSTRIAL_PRODUCTION,14.356639975504098,0.5058908952345319,expansion_extrema,1.009,1.5440895637849366,0.02670358835142688
1923-01-01,5.8062,INDPRO,INDUSTRIAL_PRODUCTION,14.129443479250185,0.49788507778141255,expansion_extrema,1.009,4.574158903626753,-0.13779029068462445
1923-02-01,5.8869,INDPRO,INDUSTRIAL_PRODUCTION,14.11734698299627,0.49745882851072426,klein_deformada,1.0,1.3210429362889826,0.2471650087317236
1923-03-01,6.0751,INDPRO,INDUSTRIAL_PRODUCTION,14.212750486742358,0.5008206014604513,klein_deformada,1.0,4.057879759371922,-0.6087699587237905
1923-04-01,6.2095,INDPRO,INDUSTRIAL_PRODUCTION,14.254353990488447,0.5022866014291705,klein_deformada,1.0,0.8047637920341515,0.6932814816243705
1923-05-01,6.2901,INDPRO,INDUSTRIAL_PRODUCTION,14.242157494234533,0.5018568284168817,expansion_extrema,1.009,3.737088959623037,-0.8278702129798328
1923-06-01,6.2363,INDPRO,INDUSTRIAL_PRODUCTION,14.09556099798062,0.4966911466936738,klein_deformada,1.0,0.4839729922852669,0.8851532820530561
1923-07-01,6.1826,INDPRO,INDUSTRIAL_PRODUCTION,13.949064501726706,0.49152898871206624,klein_deformada,1.0,3.416298159874124,-0.9625051247596174
1923-08-01,6.0751,INDPRO,INDUSTRIAL_PRODUCTION,13.748768005472794,0.48447105774945093,klein_deformada,1.0,0.16318219253638233,0.9867153045233177
1923-09-01,5.9406,INDPRO,INDUSTRIAL_PRODUCTION,13.52147150921888,0.4764617165547312,klein_deformada,1.0,3.1932515323781985,-0.9986659768296909
1923-10-01,5.9138,INDPRO,INDUSTRIAL_PRODUCTION,13.401875012964968,0.4722474450636276,klein_deformada,1.0,6.125576699967027,0.9876054525663588
1923-11-01,5.9138,INDPRO,INDUSTRIAL_PRODUCTION,13.309078516711054,0.46897753632142747,klein_deformada,1.0,2.8724607326292855,-0.9640020771760105
1923-12-01,5.7794,INDPRO,INDUSTRIAL_PRODUCTION,13.081882020457142,0.46097171886830823,klein_deformada,1.0,5.804785900218171,0.8877329068023772
1924-01-01,5.9138,INDPRO,INDUSTRIAL_PRODUCTION,13.123485524203229,0.4624377188370274,klein_deformada,1.0,2.551669932880401,-0.8309836718040674
1924-02-01,6.0213,INDPRO,INDUSTRIAL_PRODUCTION,13.138189027949316,0.4629558323152426,klein_deformada,1.0,5.581739272722217,0.7639098269869942
1924-03-01,5.9138,INDPRO,INDUSTRIAL_PRODUCTION,12.937892531695404,0.45589790135262726,klein_deformada,1.0,2.1331349608785573,-0.533166163211317
1924-04-01,5.7256,INDPRO,INDUSTRIAL_PRODUCTION,12.65689603544149,0.44599631091850006,klein_deformada,1.0,5.163204300720373,0.43569954229258473
1924-05-01,5.4837,INDPRO,INDUSTRIAL_PRODUCTION,12.322199539187576,0.4342024712449654,klein_deformada,1.0,1.8123441611296158,-0.23920581135202892
1924-06-01,5.2417,INDPRO,INDUSTRIAL_PRODUCTION,11.987403042933664,0.4224051078298305,crisis_extrema,0.996,4.84241350097146,0.12965845626017375
1924-07-01,5.1611,INDPRO,INDUSTRIAL_PRODUCTION,11.81400654667975,0.41629506335771893,crisis_extrema,0.996,1.4915533613807597,0.07916005777472365
1924-08-01,5.3493,INDPRO,INDUSTRIAL_PRODUCTION,11.909410050425837,0.419656836307446,klein_deformada,1.0,4.521622701222576,-0.18961132883790233
1924-09-01,5.5374,INDPRO,INDUSTRIAL_PRODUCTION,12.004713554171925,0.4230150855155726,klein_deformada,1.0,1.2685067338848057,0.2977067618095591
1924-10-01,5.6718,INDPRO,INDUSTRIAL_PRODUCTION,12.046317057918012,0.42448108548429175,expansion_extrema,1.009,4.200831901473663,-0.48953558660989394
1924-11-01,5.7794,INDPRO,INDUSTRIAL_PRODUCTION,12.061120561664097,0.4250027227041073,expansion_extrema,1.009,0.9477159341359211,0.5835394651291241
1924-12-01,5.9406,INDPRO,INDUSTRIAL_PRODUCTION,12.129524065410184,0.42741308542173,expansion_extrema,1.009,3.88004110172475,-0.739513862114326
1925-01-01,6.1288,INDPRO,INDUSTRIAL_PRODUCTION,12.224927569156272,0.430774858371457,expansion_extrema,1.009,0.6269251343870081,0.8098352265491561
1925-02-01,6.1288,INDPRO,INDUSTRIAL_PRODUCTION,12.132131072902359,0.42750494962925695,klein_deformada,1.0,3.6569944742288527,-0.8700947413769377
1925-03-01,6.1288,INDPRO,INDUSTRIAL_PRODUCTION,12.039334576648447,0.42423504088705694,klein_deformada,1.0,0.11064599013220544,0.9938849748720098
1925-04-01,6.1826,INDPRO,INDUSTRIAL_PRODUCTION,12.000338080394533,0.42286090512586466,klein_deformada,1.0,3.140715329973993,-0.9999996151516612
1925-05-01,6.1557,INDPRO,INDUSTRIAL_PRODUCTION,11.88064158414062,0.4186431098931606,klein_deformada,1.0,6.073040497562879,0.9780007174714895
1925-06-01,6.1019,INDPRO,INDUSTRIAL_PRODUCTION,11.734045087886706,0.4134774281699527,klein_deformada,1.0,2.8199245302251086,-0.9487093618084784
1925-07-01,6.2632,INDPRO,INDUSTRIAL_PRODUCTION,11.802548591632796,0.4158913146291759,klein_deformada,1.0,5.752249697813994,0.8623337112196373
1925-08-01,6.1557,INDPRO,INDUSTRIAL_PRODUCTION,11.60225209537888,0.4088333836665604,klein_deformada,1.0,2.4991337304761956,-0.8006248768342579
1925-09-01,6.0751,INDPRO,INDUSTRIAL_PRODUCTION,11.428855599124969,0.402723339194449,klein_deformada,1.0,5.52920307031804,0.7289686274214143
1925-10-01,6.317,INDPRO,INDUSTRIAL_PRODUCTION,11.577959102871056,0.4079773613835835,klein_deformada,1.0,2.1783429307273394,-0.5708548168066877
1925-11-01,6.4514,INDPRO,INDUSTRIAL_PRODUCTION,11.619562606617142,0.4094433613523026,klein_deformada,1.0,5.208412270569156,0.4759318657489988
1925-12-01,6.532,INDPRO,INDUSTRIAL_PRODUCTION,11.607366110363229,0.4090135883400139,klein_deformada,1.0,1.857552130978398,-0.28284199499124224
1926-01-01,6.4245,INDPRO,INDUSTRIAL_PRODUCTION,11.407069614109314,0.40195565737739847,klein_deformada,1.0,4.887621470820243,0.1743370723880345
1926-02-01,6.4245,INDPRO,INDUSTRIAL_PRODUCTION,11.314273117855404,0.39868574863519846,klein_deformada,1.0,1.6345055034824725,-0.06366608767019258
1926-03-01,6.5051,INDPRO,INDUSTRIAL_PRODUCTION,11.30207662160149,0.39825597562290976,klein_deformada,1.0,4.37134232656544,-0.33447364706703975
1926-04-01,6.5051,INDPRO,INDUSTRIAL_PRODUCTION,11.209280125347577,0.3949860668807097,recession_deformada,0.996,1.1182263592276982,0.43727821499801545
1926-05-01,6.4514,INDPRO,INDUSTRIAL_PRODUCTION,11.062783629093662,0.38982390889910207,klein_deformada,1.0,4.050551526816527,-0.6145673901880258
1926-06-01,6.532,INDPRO,INDUSTRIAL_PRODUCTION,11.05058713283975,0.38939413588681343,klein_deformada,1.0,0.7974355594787568,0.6985440334643649
1926-07-01,6.5589,INDPRO,INDUSTRIAL_PRODUCTION,10.984690636585839,0.38707211363511734,klein_deformada,1.0,3.7297607270676423,-0.8319584967445736
1926-08-01,6.6396,INDPRO,INDUSTRIAL_PRODUCTION,10.972594140331925,0.386645864364429,klein_deformada,1.0,0.4766447597298722,0.8885393072290424
1926-09-01,6.7471,INDPRO,INDUSTRIAL_PRODUCTION,10.987297644078012,0.3871639778426442,klein_deformada,1.0,3.5067140995716883,-0.9340804042184704
1926-10-01,6.7471,INDPRO,INDUSTRIAL_PRODUCTION,10.894501147824098,0.3838940691004441,klein_deformada,1.0,0.1558539599809876,0.9878793361110865
1926-11-01,6.7202,INDPRO,INDUSTRIAL_PRODUCTION,10.774804651570186,0.3796762738677401,klein_deformada,1.0,3.1859232998228038,-0.9990175578098822
1926-12-01,6.6933,INDPRO,INDUSTRIAL_PRODUCTION,10.655108155316272,0.3754584786350361,klein_deformada,1.0,6.118248467411689,0.9864287275941722
1927-01-01,6.6664,INDPRO,INDUSTRIAL_PRODUCTION,10.53541165906236,0.37124068340233213,recession_deformada,0.996,2.865132500073919,-0.9620276715860935
1927-02-01,6.7202,INDPRO,INDUSTRIAL_PRODUCTION,10.496415162808447,0.3698665476411399,recession_deformada,0.996,5.895201839915735,0.9256738411962797
1927-03-01,6.8008,INDPRO,INDUSTRIAL_PRODUCTION,10.484218666554533,0.36943677462885116,klein_deformada,1.0,2.3488533558191165,-0.7018968082114685
1927-04-01,6.6396,INDPRO,INDUSTRIAL_PRODUCTION,10.23022217030062,0.3604865944268283,recession_deformada,0.996,5.378922695660933,0.6182653128008334
1927-05-01,6.6933,INDPRO,INDUSTRIAL_PRODUCTION,10.191125674046706,0.35910893492403567,klein_deformada,1.0,2.028062556070175,-0.4414968490085714
1927-06-01,6.6664,INDPRO,INDUSTRIAL_PRODUCTION,10.071429177792794,0.35489113969133174,recession_deformada,0.996,5.058131895911991,0.33889572342024354
1927-07-01,6.5858,INDPRO,INDUSTRIAL_PRODUCTION,9.898032681538881,0.3487810952192203,recession_deformada,0.996,1.7072717563212905,-0.13605216906443418
1927-08-01,6.5858,INDPRO,INDUSTRIAL_PRODUCTION,9.805236185284969,0.3455111864770202,recession_deformada,0.996,4.737341096163107,0.024949526627529025
1927-09-01,6.4783,INDPRO,INDUSTRIAL_PRODUCTION,9.604939689031054,0.3384532555144048,recession_deformada,0.996,1.4842251288253365,0.08646310279989382
1927-10-01,6.3439,INDPRO,INDUSTRIAL_PRODUCTION,9.377743192777142,0.3304474380612855,recession_deformada,0.996,4.416550296414222,-0.29154220239738127
1927-11-01,6.3439,INDPRO,INDUSTRIAL_PRODUCTION,9.284946696523228,0.3271775293190854,recession_deformada,0.996,1.163434329076452,0.3961885769959338
1927-12-01,6.3707,INDPRO,INDUSTRIAL_PRODUCTION,9.218950200269317,0.3248519833257889,recession_deformada,0.996,4.095759496665281,-0.5782886747556635
1928-01-01,6.5051,INDPRO,INDUSTRIAL_PRODUCTION,9.260553704015404,0.32631798329450806,klein_deformada,1.0,0.8426435293275105,0.6654920100115576
1928-02-01,6.5589,INDPRO,INDUSTRIAL_PRODUCTION,9.221557207761492,0.3249438475333159,klein_deformada,1.0,3.8727128691693835,-0.7444268971931491
1928-03-01,6.6127,INDPRO,INDUSTRIAL_PRODUCTION,9.182560711507577,0.32356971177212357,klein_deformada,1.0,0.42410855732563846,0.9114059312581544
1928-04-01,6.5858,INDPRO,INDUSTRIAL_PRODUCTION,9.062864215253663,0.3193519165394196,klein_deformada,1.0,3.4541778971675683,-0.9515417374320064
1928-05-01,6.6664,INDPRO,INDUSTRIAL_PRODUCTION,9.050667718999751,0.3189221435271309,klein_deformada,1.0,0.10331775757681072,0.9946674665544014
1928-06-01,6.7202,INDPRO,INDUSTRIAL_PRODUCTION,9.01167122274584,0.3175480077659387,klein_deformada,1.0,3.133387097418627,-0.9999663346128557
1928-07-01,6.8008,INDPRO,INDUSTRIAL_PRODUCTION,8.999474726491925,0.31711823475365,klein_deformada,1.0,6.065712265007512,0.9764457899953813
1928-08-01,6.9352,INDPRO,INDUSTRIAL_PRODUCTION,9.04107823023801,0.3185842347223691,klein_deformada,1.0,2.8125962976697423,-0.9463670908660174
1928-09-01,6.989,INDPRO,INDUSTRIAL_PRODUCTION,9.002081733984099,0.3172100989611769,klein_deformada,1.0,5.842665637511558,0.9045301932424553
1928-10-01,7.1234,INDPRO,INDUSTRIAL_PRODUCTION,9.043685237730186,0.318676098929896,klein_deformada,1.0,2.4918054979208577,-0.7962125910114051
1928-11-01,7.2578,INDPRO,INDUSTRIAL_PRODUCTION,9.085288741476273,0.32014209889861517,klein_deformada,1.0,5.521874837762731,0.723932578123618
1928-12-01,7.3922,INDPRO,INDUSTRIAL_PRODUCTION,9.12689224522236,0.3216080988673343,klein_deformada,1.0,2.1710146981719163,-0.5648226896055473
1929-01-01,7.4997,INDPRO,INDUSTRIAL_PRODUCTION,9.141595748968445,0.3221262123455495,klein_deformada,1.0,5.201084038013789,0.469474094257123
1929-02-01,7.4728,INDPRO,INDUSTRIAL_PRODUCTION,9.021899252714533,0.31790841711284556,klein_deformada,1.0,1.9479680706759623,-0.3682924879750643
1929-03-01,7.4997,INDPRO,INDUSTRIAL_PRODUCTION,8.95600275646062,0.3155863948611494,klein_deformada,1.0,4.68480489375893,-0.02758058872042942
1929-04-01,7.6341,INDPRO,INDUSTRIAL_PRODUCTION,8.997606260206707,0.3170523948298685,klein_deformada,1.0,1.4316889264211596,0.13865919274409044
1929-05-01,7.7685,INDPRO,INDUSTRIAL_PRODUCTION,9.039209763952796,0.3185183947985878,klein_deformada,1.0,4.364014094010102,-0.341370767936937
1929-06-01,7.8223,INDPRO,INDUSTRIAL_PRODUCTION,9.000213267698882,0.3171442590373955,klein_deformada,1.0,1.110898126672332,0.4438568866308888
1929-07-01,7.9298,INDPRO,INDUSTRIAL_PRODUCTION,9.014916771444968,0.3176623725156107,klein_deformada,1.0,4.043223294261161,-0.6203318176920641
1929-08-01,7.8492,INDPRO,INDUSTRIAL_PRODUCTION,8.841520275191055,0.31155232804349925,klein_deformada,1.0,0.7901073269233905,0.7037690715673124
1929-09-01,7.7954,INDPRO,INDUSTRIAL_PRODUCTION,8.694923778937142,0.30638664632029133,klein_deformada,1.0,3.8201766667652066,-0.7784623015670121
1929-10-01,7.661,INDPRO,INDUSTRIAL_PRODUCTION,8.46772728268323,0.29838082886717204,recession_deformada,0.996,0.4693165271745059,0.8918776153989113
1929-11-01,7.2847,INDPRO,INDUSTRIAL_PRODUCTION,7.998630786429317,0.2818510804827182,recession_deformada,0.996,3.499385867016322,-0.9366719382308208
1929-12-01,6.9621,INDPRO,INDUSTRIAL_PRODUCTION,7.583234290175403,0.2672135813376718,recession_deformada,0.996,0.1485257274256213,0.9889903158598066
1930-01-01,6.9621,INDPRO,INDUSTRIAL_PRODUCTION,7.49043779392149,0.26394367259547175,recession_deformada,0.996,3.1785950672674375,-0.9993154887978698
1930-02-01,6.9352,INDPRO,INDUSTRIAL_PRODUCTION,7.3707412976675775,0.25972587736276775,recession_deformada,0.996,6.208664407109254,0.997224602482584
1930-03-01,6.8277,INDPRO,INDUSTRIAL_PRODUCTION,7.170444801413664,0.25266794640015233,recession_deformada,0.996,2.662315923012578,-0.8873286815061259
1930-04-01,6.774,INDPRO,INDUSTRIAL_PRODUCTION,7.0239483051597515,0.24750578841854481,recession_deformada,0.996,5.692385262854394,0.8304952997380387
1930-05-01,6.6664,INDPRO,INDUSTRIAL_PRODUCTION,6.823551808905838,0.24044433371432902,recession_deformada,0.996,2.3415251232636933,-0.6966582644678426
1930-06-01,6.4783,INDPRO,INDUSTRIAL_PRODUCTION,6.542655312651925,0.23054626702180225,recession_deformada,0.996,5.371594463105566,0.6124889960438131
1930-07-01,6.1826,INDPRO,INDUSTRIAL_PRODUCTION,6.154158816398012,0.21685665436725982,recession_deformada,0.996,2.0207343235148088,-0.4349097026012823
1930-08-01,6.0482,INDPRO,INDUSTRIAL_PRODUCTION,5.926962320144098,0.2088508369141405,recession_deformada,0.996,5.050803663356682,0.33199210867754136
1930-09-01,5.9406,INDPRO,INDUSTRIAL_PRODUCTION,5.726565823890186,0.20178938220992473,recession_deformada,0.996,1.7976876960189117,-0.22494965754980156
1930-10-01,5.7794,INDPRO,INDUSTRIAL_PRODUCTION,5.472569327636274,0.19283920200790192,recession_deformada,0.996,4.73001286360774,0.017622970903830165
1930-11-01,5.645,INDPRO,INDUSTRIAL_PRODUCTION,5.245372831382359,0.18483338455478257,recession_deformada,0.996,1.4768968962699134,0.09376150451849262
1930-12-01,5.5106,INDPRO,INDUSTRIAL_PRODUCTION,5.018176335128446,0.17682756710166325,recession_deformada,0.996,4.409222063858856,-0.29854419058115705
1931-01-01,5.4837,INDPRO,INDUSTRIAL_PRODUCTION,4.898479838874533,0.17260977186895926,recession_deformada,0.996,1.1561060965210288,0.4029064357136765
1931-02-01,5.5106,INDPRO,INDUSTRIAL_PRODUCTION,4.832583342620621,0.17028774961726315,recession_deformada,0.996,4.186175436362902,-0.5022627440469
1931-03-01,5.6181,INDPRO,INDUSTRIAL_PRODUCTION,4.847286846366709,0.17080586309547838,recession_deformada,0.996,0.639826952266283,0.8021990891919043
1931-04-01,5.645,INDPRO,INDUSTRIAL_PRODUCTION,4.781390350112794,0.16848384084378218,expansion_relajada,1.009,3.6698962921080422,-0.8636633959664728
1931-05-01,5.5643,INDPRO,INDUSTRIAL_PRODUCTION,4.607893853858881,0.16237027263007034,expansion_relajada,1.009,0.3190361525173415,0.9495381713023221
1931-06-01,5.4299,INDPRO,INDUSTRIAL_PRODUCTION,4.380697357604968,0.15436445517695105,recession_deformada,0.996,3.3491054923591577,-0.9785463625367722
1931-07-01,5.3493,INDPRO,INDUSTRIAL_PRODUCTION,4.207300861351056,0.1482544107048396,recession_deformada,0.996,6.281430659947986,0.9999984606069413
1931-08-01,5.1611,INDPRO,INDUSTRIAL_PRODUCTION,3.9263043650971436,0.13835282027071247,recession_deformada,0.996,3.028314692610273,-0.9935909095762243
1931-09-01,4.9192,INDPRO,INDUSTRIAL_PRODUCTION,3.5916078688432305,0.12655898059717785,recession_deformada,0.996,6.058384032452089,0.9748384246931084
1931-10-01,4.731,INDPRO,INDUSTRIAL_PRODUCTION,3.3106113725893156,0.11665739016305064,recession_deformada,0.996,2.7075238928613885,-0.9072620829360218
1931-11-01,4.6772,INDPRO,INDUSTRIAL_PRODUCTION,3.1640148763354032,0.11149170843984274,recession_deformada,0.996,5.737593232703205,0.8548201987956157
1931-12-01,4.6504,INDPRO,INDUSTRIAL_PRODUCTION,3.044418380081491,0.10727743694873915,recession_deformada,0.996,2.386733093112447,-0.7283677776139331
1932-01-01,4.516,INDPRO,INDUSTRIAL_PRODUCTION,2.8172218838275778,0.09927161949561984,recession_deformada,0.996,5.41680243295432,0.6475869967885042
1932-02-01,4.4084,INDPRO,INDUSTRIAL_PRODUCTION,2.616825387573665,0.09221016479140408,recession_deformada,0.996,2.163686465616493,-0.5587602298715533
1932-03-01,4.3547,INDPRO,INDUSTRIAL_PRODUCTION,2.4703288913197508,0.0870480068097965,recession_deformada,0.996,4.998267460952391,0.2820003868117412
1932-04-01,4.059,INDPRO,INDUSTRIAL_PRODUCTION,2.081832395065838,0.07335839415525405,recession_deformada,0.996,1.7451514936147348,-0.17347311709399324
1932-05-01,3.9246,INDPRO,INDUSTRIAL_PRODUCTION,1.8546358988119267,0.0653525767021348,recession_deformada,0.996,4.677476661203507,-0.03490522735013993
1932-06-01,3.7902,INDPRO,INDUSTRIAL_PRODUCTION,1.6274394025580126,0.05734675924901546,recession_deformada,0.996,1.4243606938657933,0.1459128475821134
1932-07-01,3.6827,INDPRO,INDUSTRIAL_PRODUCTION,1.4271429063040983,0.050288828286400036,recession_deformada,0.996,4.356685861454679,-0.3482495562572061
1932-08-01,3.7902,INDPRO,INDUSTRIAL_PRODUCTION,1.441846410050187,0.05080694176461533,recession_deformada,0.996,1.103569894116852,0.4504117219275345
1932-09-01,4.0321,INDPRO,INDUSTRIAL_PRODUCTION,1.5909499137962726,0.05606096395374973,expansion_relajada,1.009,4.133639233958725,-0.5469777183293537
1932-10-01,4.1665,INDPRO,INDUSTRIAL_PRODUCTION,1.6325534175423617,0.05752696392246896,expansion_relajada,1.009,0.782779094368081,0.7089563153342677
1932-11-01,4.1665,INDPRO,INDUSTRIAL_PRODUCTION,1.5397569212884474,0.05425705518026884,expansion_relajada,1.009,3.8128484342098403,-0.783041225880559
1932-12-01,4.0859,INDPRO,INDUSTRIAL_PRODUCTION,1.3663604250345327,0.04814701070815732,expansion_relajada,1.009,0.46198829461908275,0.8951680272863652
1933-01-01,4.0052,INDPRO,INDUSTRIAL_PRODUCTION,1.1928639287806222,0.042033442494445565,recession_deformada,0.996,3.492057634460899,-0.9392131703823383
1933-02-01,4.0321,INDPRO,INDUSTRIAL_PRODUCTION,1.1269674325267074,0.039711420242749346,recession_deformada,0.996,0.23894166712318565,0.9715889993270473
1933-03-01,3.7902,INDPRO,INDUSTRIAL_PRODUCTION,0.7922709362727964,0.027917580569214808,recession_deformada,0.996,2.975778490206096,-0.9862843001979308
1933-04-01,4.059,INDPRO,INDUSTRIAL_PRODUCTION,0.9682744400188823,0.03411948924885315,recession_deformada,0.996,6.005847830047969,0.9617878342030697
1933-05-01,4.731,INDPRO,INDUSTRIAL_PRODUCTION,1.5474779437649673,0.05452912406124915,expansion_relajada,1.009,2.6549876904572116,-0.8839255627809469
1933-06-01,5.4568,INDPRO,INDUSTRIAL_PRODUCTION,2.180481447511057,0.07683453185465317,expansion_relajada,1.009,5.685057030299028,0.8263910229459793
1933-07-01,5.9675,INDPRO,INDUSTRIAL_PRODUCTION,2.598384951257142,0.09156037146562601,expansion_relajada,1.009,2.33419689070827,-0.6913823082581746
1933-08-01,5.7256,INDPRO,INDUSTRIAL_PRODUCTION,2.2636884550032312,0.07976653179209148,expansion_relajada,1.009,5.3642662305502,0.6066797869421038
1933-09-01,5.403,INDPRO,INDUSTRIAL_PRODUCTION,1.848291958749316,0.06512903264704502,expansion_relajada,1.009,2.1111502632123162,-0.5144395337814852
1933-10-01,5.1342,INDPRO,INDUSTRIAL_PRODUCTION,1.486695462495402,0.05238730648300645,recession_deformada,0.996,5.043475430801259,0.3250706650448365
1933-11-01,4.8385,INDPRO,INDUSTRIAL_PRODUCTION,1.0981989662414908,0.03869769382846405,recession_deformada,0.996,1.7903594634634885,-0.21780326845908846
1933-12-01,4.8654,INDPRO,INDUSTRIAL_PRODUCTION,1.032302469987577,0.03637567157676787,recession_deformada,0.996,4.722684631052317,0.010295468778037598
1934-01-01,5.0267,INDPRO,INDUSTRIAL_PRODUCTION,1.1008059737336655,0.038789558035991004,recession_deformada,0.996,1.4695686637146608,0.10105487098609255
1934-02-01,5.2686,INDPRO,INDUSTRIAL_PRODUCTION,1.2499094774797515,0.044043580225125424,expansion_relajada,1.009,4.499638003556363,-0.21114964803770303
1934-03-01,5.5106,INDPRO,INDUSTRIAL_PRODUCTION,1.3991129812258372,0.04930112615586023,expansion_relajada,1.009,0.9532895194597444,0.5790042009821333
1934-04-01,5.5106,INDPRO,INDUSTRIAL_PRODUCTION,1.3063164849719264,0.04603121741366023,expansion_relajada,1.009,3.9833588593015605,-0.6661465925243037
1934-05-01,5.6181,INDPRO,INDUSTRIAL_PRODUCTION,1.321019988718012,0.046549330891875414,expansion_relajada,1.009,0.6324987197109166,0.8065528797257318
1934-06-01,5.5106,INDPRO,INDUSTRIAL_PRODUCTION,1.1207234924641005,0.03949139992926008,expansion_relajada,1.009,3.662568059552619,-0.8673341070764022
1934-07-01,5.1342,INDPRO,INDUSTRIAL_PRODUCTION,0.651526996210186,0.0229581278032058,recession_deformada,0.996,0.3117079199619752,0.9518111654305619
1934-08-01,5.0805,INDPRO,INDUSTRIAL_PRODUCTION,0.5050304999562716,0.017795969821598215,recession_deformada,0.996,3.3417772598037914,-0.9800298855483873
1934-09-01,4.7848,INDPRO,INDUSTRIAL_PRODUCTION,0.11653400370236078,0.004106357167055834,recession_deformada,0.996,0.08866129246602128,0.9960721616248428
1934-10-01,4.9998,INDPRO,INDUSTRIAL_PRODUCTION,0.23873750744844546,0.008412492865686289,recession_deformada,0.996,3.02098646005485,-0.9927358846782105
1934-11-01,5.0536,INDPRO,INDUSTRIAL_PRODUCTION,0.19974101119453547,0.007038357104494165,recession_deformada,0.996,6.051055799896666,0.9731787078846231
1934-12-01,5.3761,INDPRO,INDUSTRIAL_PRODUCTION,0.42944451494062097,0.015132515023539956,expansion_relajada,1.009,2.700195660306022,-0.9041557459894052
1935-01-01,5.8062,INDPRO,INDUSTRIAL_PRODUCTION,0.7667480186867097,0.02701821890460155,expansion_relajada,1.009,5.730265000147838,0.850994481794721
1935-02-01,5.9138,INDPRO,INDUSTRIAL_PRODUCTION,0.7815515224327951,0.027539856124417113,expansion_relajada,1.009,2.4771490328100683,-0.787259982191721
1935-03-01,5.8869,INDPRO,INDUSTRIAL_PRODUCTION,0.6618550261788805,0.023322060891713056,expansion_relajada,1.009,5.213985855892922,0.4808263168379821
1935-04-01,5.7794,INDPRO,INDUSTRIAL_PRODUCTION,0.4615585299249698,0.016264129929097756,expansion_relajada,1.009,1.9608698885551519,-0.3802564520329562
1935-05-01,5.7794,INDPRO,INDUSTRIAL_PRODUCTION,0.36876203367105553,0.012994221186897635,recession_deformada,0.996,4.893195056144094,0.17982256772878424
1935-06-01,5.86,INDPRO,INDUSTRIAL_PRODUCTION,0.35656553741714436,0.012564448174609005,recession_deformada,0.996,1.6400790888063241,-0.06922734793559654
1935-07-01,5.86,INDPRO,INDUSTRIAL_PRODUCTION,0.2637690411632301,0.009294539432408884,recession_deformada,0.996,4.5724042563952665,-0.13952798807792413
1935-08-01,6.075,INDPRO,INDUSTRIAL_PRODUCTION,0.38597254490931565,0.01360067513103937,expansion_relajada,1.009,1.3192882890574964,0.24886483387663214
1935-09-01,6.2363,INDPRO,INDUSTRIAL_PRODUCTION,0.4544760486554047,0.01601456159026252,expansion_relajada,1.009,4.349357628899199,-0.3551096426179563
1935-10-01,6.4245,INDPRO,INDUSTRIAL_PRODUCTION,0.5498795524014906,0.01937633453998948,expansion_relajada,1.009,0.998497489308555,0.5415660146671654
1935-11-01,6.5589,INDPRO,INDUSTRIAL_PRODUCTION,0.5914830561475792,0.02084233450870869,expansion_relajada,1.009,4.028566829150371,-0.6317604243462063
1935-12-01,6.6395,INDPRO,INDUSTRIAL_PRODUCTION,0.5792865598936645,0.020412561496419936,expansion_relajada,1.009,0.6777066895597272,0.7790126903610674
1936-01-01,6.532,INDPRO,INDUSTRIAL_PRODUCTION,0.3789900636397503,0.013354630533804512,expansion_relajada,1.009,3.7077760294015434,-0.8439544110736265
1936-02-01,6.3707,INDPRO,INDUSTRIAL_PRODUCTION,0.12489356738583979,0.004400926590181372,recession_deformada,0.996,0.4546600620637733,0.8984103661871546
1936-03-01,6.4514,INDPRO,INDUSTRIAL_PRODUCTION,0.11279707113192483,0.0039746773194929965,recession_deformada,0.996,3.2892410573996145,-0.9891197618020787
1936-04-01,6.8546,INDPRO,INDUSTRIAL_PRODUCTION,0.4232005748780132,0.014912494710050657,expansion_relajada,1.009,0.03612509006184439,0.9993475598927068
1936-05-01,6.989,INDPRO,INDUSTRIAL_PRODUCTION,0.4648040786240992,0.016378494678769777,expansion_relajada,1.009,2.968450257650673,-0.98504826370843
1936-06-01,7.1234,INDPRO,INDUSTRIAL_PRODUCTION,0.5064075823701852,0.017844494647488895,expansion_relajada,1.009,5.998519597492603,0.9597555872469502
1936-07-01,7.2578,INDPRO,INDUSTRIAL_PRODUCTION,0.5480110861162739,0.019310494616208106,expansion_relajada,1.009,2.6476594579018453,-0.8804749748204377
1936-08-01,7.3653,INDPRO,INDUSTRIAL_PRODUCTION,0.5627145898623604,0.01982860809442332,expansion_relajada,1.009,5.6777287977436615,0.822242366681717
1936-09-01,7.4997,INDPRO,INDUSTRIAL_PRODUCTION,0.6043180936084482,0.0212946080631425,expansion_relajada,1.009,2.4246128304058914,-0.753793755629227
1936-10-01,7.6073,INDPRO,INDUSTRIAL_PRODUCTION,0.6191215973545345,0.021816245282958092,expansion_relajada,1.009,5.35693799799472,0.6008379974661306
1936-11-01,7.8223,INDPRO,INDUSTRIAL_PRODUCTION,0.7413251011006201,0.02612238098158858,expansion_relajada,1.009,2.1038220306570636,-0.5081416218593743
1936-12-01,8.0642,INDPRO,INDUSTRIAL_PRODUCTION,0.8904286048467087,0.03137640317072309,expansion_relajada,1.009,5.036147198245892,0.31813176422286116
1937-01-01,8.0373,INDPRO,INDUSTRIAL_PRODUCTION,0.770732108592795,0.02715860793801907,expansion_relajada,1.009,1.7830312309081222,-0.2106451827335086
1937-02-01,8.1449,INDPRO,INDUSTRIAL_PRODUCTION,0.785535612338883,0.027680245157834724,expansion_relajada,1.009,4.813100570749938,0.10054142668860287
1937-03-01,8.333,INDPRO,INDUSTRIAL_PRODUCTION,0.8808391160849691,0.031038494365961306,expansion_relajada,1.009,1.2667520866533195,0.2993813895642833
1937-04-01,8.333,INDPRO,INDUSTRIAL_PRODUCTION,0.7880426198310584,0.02776858562376131,expansion_relajada,1.009,4.296821426495022,-0.40370924324769064
1937-05-01,8.3599,INDPRO,INDUSTRIAL_PRODUCTION,0.7221461235771436,0.025446563372065092,expansion_relajada,1.009,0.9459612869043781,0.5849634884153039
1937-06-01,8.2524,INDPRO,INDUSTRIAL_PRODUCTION,0.5218496273232285,0.018388632409449636,expansion_relajada,1.009,3.976030626746308,-0.6715942051726366
1937-07-01,8.3062,INDPRO,INDUSTRIAL_PRODUCTION,0.4828531310693185,0.017014496648257514,recession_deformada,0.996,0.6251704871555503,0.8108633561502429
1937-08-01,8.2524,INDPRO,INDUSTRIAL_PRODUCTION,0.33625663481540347,0.011848814925049519,recession_deformada,0.996,3.6552398269973665,-0.8709582399577489
1937-09-01,7.9836,INDPRO,INDUSTRIAL_PRODUCTION,-0.02533986143850786,0.0008929112389889557,recession_deformada,0.996,0.4021238596594827,0.9202318473658746
1937-10-01,7.3922,INDPRO,INDUSTRIAL_PRODUCTION,-0.7095363576924223,0.025002227805873845,recession_deformada,0.996,3.334449027248425,-0.9814607782580557
1937-11-01,6.6664,INDPRO,INDUSTRIAL_PRODUCTION,-1.5281328539463361,0.05384745308367794,recession_deformada,0.996,0.0813330599105413,0.9966942895769082
1937-12-01,6.075,INDPRO,INDUSTRIAL_PRODUCTION,-2.212329350200247,0.07795676965056271,recession_deformada,0.996,3.0136582274994836,-0.9918275471311355
1938-01-01,5.9406,INDPRO,INDUSTRIAL_PRODUCTION,-2.4395258464541616,0.08596258710368207,recession_deformada,0.996,6.0437275673413,0.9714667287012989
1938-02-01,5.8869,INDPRO,INDUSTRIAL_PRODUCTION,-2.5860223427080724,0.09112474508528953,recession_deformada,0.996,2.7906116000035297,-0.9390358597204375
1938-03-01,5.8869,INDPRO,INDUSTRIAL_PRODUCTION,-2.6788188389619867,0.09439465382748964,recession_deformada,0.996,5.527448423086497,0.7277663671842323
1938-04-01,5.7794,INDPRO,INDUSTRIAL_PRODUCTION,-2.879115335215901,0.10145258479010508,recession_deformada,0.996,2.274332455748727,-0.6469182344930472
1938-05-01,5.645,INDPRO,INDUSTRIAL_PRODUCTION,-3.1063118314698137,0.10945840224322437,recession_deformada,0.996,5.206657623337556,0.4743879529679244
1938-06-01,5.6987,INDPRO,INDUSTRIAL_PRODUCTION,-3.145408327723728,0.11083606174601703,recession_deformada,0.996,1.9535416559997856,-0.37346855857423034
1938-07-01,6.0213,INDPRO,INDUSTRIAL_PRODUCTION,-2.915604823977638,0.1027383800853707,expansion_relajada,1.009,4.885866823588728,0.17260902827818592
1938-08-01,6.3439,INDPRO,INDUSTRIAL_PRODUCTION,-2.685801320231553,0.09464069842472454,expansion_relajada,1.009,1.6327508562508442,-0.0619149030587117
1938-09-01,6.532,INDPRO,INDUSTRIAL_PRODUCTION,-2.590497816485467,0.09128244921659795,expansion_relajada,1.009,4.662820196092774,-0.04954848783655219
1938-10-01,6.6933,INDPRO,INDUSTRIAL_PRODUCTION,-2.521994312739378,0.08886856275737481,expansion_relajada,1.009,1.31196005650213,0.25595576134185316
1938-11-01,6.9621,INDPRO,INDUSTRIAL_PRODUCTION,-2.3459908089932915,0.08266665407773645,expansion_relajada,1.009,4.342029396343833,-0.3619506586135113
1938-12-01,7.0428,INDPRO,INDUSTRIAL_PRODUCTION,-2.358087305247203,0.0830929033484247,expansion_relajada,1.009,0.9911692567531887,0.5477119567092639
1939-01-01,7.0428,INDPRO,INDUSTRIAL_PRODUCTION,-2.450883801501117,0.08636281209062482,expansion_relajada,1.009,4.021238596595005,-0.6374239897486362
1939-02-01,7.0965,INDPRO,INDUSTRIAL_PRODUCTION,-2.4899802977550314,0.08774047159341748,expansion_relajada,1.009,0.7681226292572347,0.7192163076280386
1939-03-01,7.1234,INDPRO,INDUSTRIAL_PRODUCTION,-2.5558767940089435,0.0900624938451136,expansion_relajada,1.009,3.5049594523400884,-0.9347054851238178
1939-04-01,7.0965,INDPRO,INDUSTRIAL_PRODUCTION,-2.675573290262858,0.09428028907781766,expansion_relajada,1.009,0.25184348500243203,0.9684546900871229
1939-05-01,7.0696,INDPRO,INDUSTRIAL_PRODUCTION,-2.7952697865167684,0.09849808431052157,expansion_relajada,1.009,3.1841686525912607,-0.9990937790603316
1939-06-01,7.2309,INDPRO,INDUSTRIAL_PRODUCTION,-2.726766282770683,0.09608419785129854,expansion_relajada,1.009,6.214237992433077,0.9976240753275151
1939-07-01,7.446,INDPRO,INDUSTRIAL_PRODUCTION,-2.604462779024594,0.09177453841106754,expansion_relajada,1.009,2.8633778528423193,-0.9615472565351143
1939-08-01,7.5535,INDPRO,INDUSTRIAL_PRODUCTION,-2.5897592752785084,0.09125642493285237,expansion_relajada,1.009,5.893447192684135,0.9250085939741037
1939-09-01,8.0105,INDPRO,INDUSTRIAL_PRODUCTION,-2.225555771532422,0.07842283456128693,expansion_relajada,1.009,2.640331225346479,-0.876977102930668
1939-10-01,8.4137,INDPRO,INDUSTRIAL_PRODUCTION,-1.9151522677863326,0.06748501717072923,expansion_relajada,1.009,5.572656392935308,0.7580170057642173
1939-11-01,8.6287,INDPRO,INDUSTRIAL_PRODUCTION,-1.792948764040247,0.06317888147209874,expansion_relajada,1.009,2.3195404255975376,-0.6807192937682051
1939-12-01,8.6287,INDPRO,INDUSTRIAL_PRODUCTION,-1.8857452602941596,0.06644879021429881,expansion_relajada,1.009,5.25186559318648,0.5136870075102855
1940-01-01,8.5212,INDPRO,INDUSTRIAL_PRODUCTION,-2.0860417565480738,0.07350672117691423,expansion_relajada,1.009,1.9987496258485962,-0.41500954953563246
1940-02-01,8.2524,INDPRO,INDUSTRIAL_PRODUCTION,-2.4476382528019887,0.08624844734095283,recession_deformada,0.996,5.028818965690526,0.31117577884963193
1940-03-01,8.0642,INDPRO,INDUSTRIAL_PRODUCTION,-2.7286347490558995,0.09615003777507991,recession_deformada,0.996,1.580214653846781,-0.009418187810566414
1940-04-01,8.2255,INDPRO,INDUSTRIAL_PRODUCTION,-2.660131245309813,0.09373615131585686,recession_deformada,0.996,4.610283993688597,-0.10192766445123494
1940-05-01,8.4674,INDPRO,INDUSTRIAL_PRODUCTION,-2.5110277415637245,0.08848212912672233,recession_deformada,0.996,1.2594238540978395,0.30636540053967776
1940-06-01,8.7362,INDPRO,INDUSTRIAL_PRODUCTION,-2.3350242378176382,0.08228022044708398,expansion_relajada,1.009,4.289493193939656,-0.41040285028806
1940-07-01,8.8438,INDPRO,INDUSTRIAL_PRODUCTION,-2.320220734071553,0.08175858322726842,expansion_relajada,1.009,0.9386330543490118,0.5908913616992967
1940-08-01,8.8975,INDPRO,INDUSTRIAL_PRODUCTION,-2.3593172303254644,0.08313624273006098,expansion_relajada,1.009,3.968702394190828,-0.6770057513640583
1940-09-01,9.0857,INDPRO,INDUSTRIAL_PRODUCTION,-2.2639137265793803,0.07977446978033409,expansion_relajada,1.009,0.7155864268530578,0.7547086397381653
1940-10-01,9.2201,INDPRO,INDUSTRIAL_PRODUCTION,-2.22231022283329,0.07830846981161481,expansion_relajada,1.009,3.647911594442,-0.8745355999847442
1940-11-01,9.4351,INDPRO,INDUSTRIAL_PRODUCTION,-2.1001067190872043,0.07400233411298432,expansion_relajada,1.009,0.3947956271041164,0.9230751894504866
1940-12-01,9.7577,INDPRO,INDUSTRIAL_PRODUCTION,-1.870303215341119,0.06590465245233816,expansion_relajada,1.009,3.3271207946930588,-0.9828389638229008
1941-01-01,9.9996,INDPRO,INDUSTRIAL_PRODUCTION,-1.7211997115950304,0.06065063026320364,expansion_relajada,1.009,0.07400482735528868,0.9972628923026506
1941-02-01,10.2953,INDPRO,INDUSTRIAL_PRODUCTION,-1.5182962078489446,0.05350083509306138,expansion_relajada,1.009,3.104074167197105,-0.9992962641455863
1941-03-01,10.6179,INDPRO,INDUSTRIAL_PRODUCTION,-1.288492704102854,0.04540315343241502,expansion_relajada,1.009,5.840910990280072,0.9037806028106815
1941-04-01,10.6448,INDPRO,INDUSTRIAL_PRODUCTION,-1.3543892003567688,0.04772517568411124,expansion_relajada,1.009,2.587795022942302,-0.8505334062447604
1941-05-01,11.1286,INDPRO,INDUSTRIAL_PRODUCTION,-0.9633856966106826,0.03394722256364227,expansion_relajada,1.009,5.520120190531131,0.7227209845636737
1941-06-01,11.2093,INDPRO,INDUSTRIAL_PRODUCTION,-0.9754821928645949,0.03437347183433056,expansion_relajada,1.009,2.2670042231933607,-0.6413127014402626
1941-07-01,11.3437,INDPRO,INDUSTRIAL_PRODUCTION,-0.9338786891185098,0.032907471865611465,expansion_relajada,1.009,5.199329390782303,0.4679241131593527
1941-08-01,11.4781,INDPRO,INDUSTRIAL_PRODUCTION,-0.8922751853724211,0.031441471896892254,expansion_relajada,1.009,1.946213423444533,-0.36666060882621
1941-09-01,11.4781,INDPRO,INDUSTRIAL_PRODUCTION,-0.9850716816263354,0.034711380639092376,expansion_relajada,1.009,4.976282763286235,0.26084150628989977
1941-10-01,11.5856,INDPRO,INDUSTRIAL_PRODUCTION,-0.9703681778802498,0.03419326716087719,expansion_relajada,1.009,1.6254226236954779,-0.05459913318125302
1941-11-01,11.6394,INDPRO,INDUSTRIAL_PRODUCTION,-1.0093646741341598,0.03556740292206932,expansion_relajada,1.009,4.655491963537294,-0.056866323310037145
1941-12-01,11.8275,INDPRO,INDUSTRIAL_PRODUCTION,-0.9140611703880737,0.032209153713942736,expansion_relajada,1.009,1.3046318239466501,0.2630329432783963
1942-01-01,12.0695,INDPRO,INDUSTRIAL_PRODUCTION,-0.7648576666419853,0.026951607783207845,expansion_relajada,1.009,4.334701163788466,-0.36877223686259175
1942-02-01,12.2845,INDPRO,INDUSTRIAL_PRODUCTION,-0.6426541628958997,0.022645472084577355,expansion_relajada,1.009,1.0815851964506962,0.4699296961860332
1942-03-01,12.4189,INDPRO,INDUSTRIAL_PRODUCTION,-0.601050659149811,0.021179472115858144,expansion_relajada,1.009,3.8184220195337772,-0.779562479551679
1942-04-01,12.0695,INDPRO,INDUSTRIAL_PRODUCTION,-1.0432471554037264,0.03676133400980815,expansion_relajada,1.009,0.5653060521960072,0.8444246956842045
1942-05-01,12.0963,INDPRO,INDUSTRIAL_PRODUCTION,-1.109243651657641,0.039086880003104736,expansion_relajada,1.009,3.4976312197846084,-0.9372849875993071
1942-06-01,12.1232,INDPRO,INDUSTRIAL_PRODUCTION,-1.1751401479115504,0.04140890225480077,recession_deformada,0.996,0.24451525244695205,0.9702547895714239
1942-07-01,12.4189,INDPRO,INDUSTRIAL_PRODUCTION,-0.9722366441654646,0.034259107084658506,expansion_relajada,1.009,3.1768404200358944,-0.9993788617930455
1942-08-01,12.7952,INDPRO,INDUSTRIAL_PRODUCTION,-0.6887331404193766,0.02426917618460478,expansion_relajada,1.009,6.206909759877597,0.9970924305287503
1942-09-01,13.0909,INDPRO,INDUSTRIAL_PRODUCTION,-0.4858296366732908,0.017119381014462517,expansion_relajada,1.009,2.9537937925398268,-0.9824175605408574
1942-10-01,13.521,INDPRO,INDUSTRIAL_PRODUCTION,-0.14852613292720385,0.005233677133400983,expansion_relajada,1.009,5.886118960128883,0.9221994471628276
1942-11-01,13.8436,INDPRO,INDUSTRIAL_PRODUCTION,0.08127737081888498,0.0028640045272453106,expansion_relajada,1.009,2.633002992790999,-0.8734321349569293
1942-12-01,14.1662,INDPRO,INDUSTRIAL_PRODUCTION,0.31108087456496847,0.010961686187891416,expansion_relajada,1.009,5.565328160379941,0.7532169665365775
1943-01-01,14.3006,INDPRO,INDUSTRIAL_PRODUCTION,0.35268437831105715,0.012427686156610628,expansion_relajada,1.009,2.3122121930420576,-0.6753328081210022
1943-02-01,14.6769,INDPRO,INDUSTRIAL_PRODUCTION,0.6361878820571434,0.02241761705666429,expansion_relajada,1.009,5.342281532883874,0.5890579340052499
1943-03-01,14.7844,INDPRO,INDUSTRIAL_PRODUCTION,0.650891385803229,0.022935730534879472,expansion_relajada,1.009,1.7959330487873686,-0.2232396358386458
1943-04-01,14.9726,INDPRO,INDUSTRIAL_PRODUCTION,0.7462948895493184,0.026297503484606556,expansion_relajada,1.009,4.826002388629185,0.1133691455090765
1943-05-01,15.0801,INDPRO,INDUSTRIAL_PRODUCTION,0.7609983932954041,0.02681561696282174,expansion_relajada,1.009,1.4751422490384272,0.09550827674706136
1943-06-01,14.9995,INDPRO,INDUSTRIAL_PRODUCTION,0.5876018970414929,0.020705572490710346,expansion_relajada,1.009,4.505211588880243,-0.20569847473111919
1943-07-01,15.4564,INDPRO,INDUSTRIAL_PRODUCTION,0.9517054007875796,0.033535639120675406,expansion_relajada,1.009,1.1543514492894857,0.40451174004798934
1943-08-01,15.779,INDPRO,INDUSTRIAL_PRODUCTION,1.1815089045336649,0.04163332078132157,expansion_relajada,1.009,4.184420789131416,-0.5037792399755788
1943-09-01,16.1822,INDPRO,INDUSTRIAL_PRODUCTION,1.4919124082797541,0.052571138171879264,expansion_relajada,1.009,0.9313048217936455,0.5967875024910028
1943-10-01,16.4241,INDPRO,INDUSTRIAL_PRODUCTION,1.6410159120258374,0.057825160361013594,expansion_relajada,1.009,3.863629989382474,-0.7504607818034456
1943-11-01,16.6392,INDPRO,INDUSTRIAL_PRODUCTION,1.7633194157719263,0.062134819801244585,expansion_relajada,1.009,0.6105140220447041,0.8193534430721124
1943-12-01,16.4241,INDPRO,INDUSTRIAL_PRODUCTION,1.4554229195180124,0.051285342876613474,expansion_relajada,1.009,3.5428391896335327,-0.9205748545326259
1944-01-01,16.6123,INDPRO,INDUSTRIAL_PRODUCTION,1.5508264232641,0.0546471158263405,expansion_relajada,1.009,0.2897232222958763,0.9583229840084744
1944-02-01,16.7467,INDPRO,INDUSTRIAL_PRODUCTION,1.5924299270101887,0.05611311579505971,expansion_relajada,1.009,3.3197925621376925,-0.984164368230565
1944-03-01,16.7198,INDPRO,INDUSTRIAL_PRODUCTION,1.4727334307562732,0.05189532056235562,expansion_relajada,1.009,6.154373557473534,0.9917152314743594
1944-04-01,16.7198,INDPRO,INDUSTRIAL_PRODUCTION,1.3799369345023624,0.048625411820155624,expansion_relajada,1.009,2.9012575901357636,-0.9712582748656259
1944-05-01,16.6123,INDPRO,INDUSTRIAL_PRODUCTION,1.17964043824845,0.041567480857540265,expansion_relajada,1.009,5.833582757724592,0.9006199085162828
1944-06-01,16.5585,INDPRO,INDUSTRIAL_PRODUCTION,1.033043941994535,0.03640179913433227,recession_deformada,0.996,2.580466790386936,-0.8466565311689986
1944-07-01,16.5317,INDPRO,INDUSTRIAL_PRODUCTION,0.9134474457406228,0.032187527643228686,recession_deformada,0.996,5.5127919579757645,0.7176367898372785
1944-08-01,16.7467,INDPRO,INDUSTRIAL_PRODUCTION,1.0356509494867083,0.03649366334185917,expansion_relajada,1.009,2.2596759906379944,-0.635672728130485
1944-09-01,16.6392,INDPRO,INDUSTRIAL_PRODUCTION,0.8353544532327959,0.02943573237924381,expansion_relajada,1.009,5.2897453304798105,0.5458107099257886
1944-10-01,16.693,INDPRO,INDUSTRIAL_PRODUCTION,0.7963579569788841,0.02806159661805162,expansion_relajada,1.009,1.938885190889053,-0.35983296839421525
1944-11-01,16.5585,INDPRO,INDUSTRIAL_PRODUCTION,0.5690614607249707,0.020052255423331916,expansion_relajada,1.009,4.968954530730983,0.25376002450309193
1944-12-01,16.5048,INDPRO,INDUSTRIAL_PRODUCTION,0.4225649644710572,0.014890097441724362,recession_deformada,0.996,1.6180943911402252,-0.047280431180196425
1945-01-01,16.3435,INDPRO,INDUSTRIAL_PRODUCTION,0.16846846821714223,0.0059363934981010655,recession_deformada,0.996,4.648163730982041,-0.06418110490523429
1945-02-01,16.2897,INDPRO,INDUSTRIAL_PRODUCTION,0.02187197196323254,0.00077071177489326,recession_deformada,0.996,1.3950477636442713,0.1748452187447558
1945-03-01,16.1822,INDPRO,INDUSTRIAL_PRODUCTION,-0.1784245242906799,0.006287219187722102,recession_deformada,0.996,4.131884586727125,-0.5484457735171959
1945-04-01,15.8865,INDPRO,INDUSTRIAL_PRODUCTION,-0.5669210205445925,0.019976831842264543,recession_deformada,0.996,0.8787686193893549,0.6380997338145723
1945-05-01,15.4564,INDPRO,INDUSTRIAL_PRODUCTION,-1.0898175167985062,0.03840235320772626,recession_deformada,0.996,3.8110937869782973,-0.7841313575091169
1945-06-01,15.107,INDPRO,INDUSTRIAL_PRODUCTION,-1.5320140130524216,0.05398421510167626,recession_deformada,0.996,0.5579778196405272,0.8483275322751117
1945-07-01,14.7576,INDPRO,INDUSTRIAL_PRODUCTION,-1.9742105093063316,0.06956607699562607,recession_deformada,0.996,3.4903029872294695,-0.9398141552913875
1945-08-01,13.2253,INDPRO,INDUSTRIAL_PRODUCTION,-3.5993070055602487,0.12683027828054605,recession_deformada,0.996,0.23718701989158575,0.9720027837033051
1945-09-01,12.0426,INDPRO,INDUSTRIAL_PRODUCTION,-4.8748035018141636,0.1717754789305153,recession_deformada,0.996,3.267256359733402,-0.9921147013144757
1945-10-01,11.5587,INDPRO,INDUSTRIAL_PRODUCTION,-5.451499998068071,0.19209677327698466,recession_deformada,0.996,6.199581527322344,0.9965072391224337
1945-11-01,11.9888,INDPRO,INDUSTRIAL_PRODUCTION,-5.114196494321986,0.18021106939592318,recession_deformada,0.996,2.946465559984574,-0.9810230351388186
1945-12-01,12.0426,INDPRO,INDUSTRIAL_PRODUCTION,-5.153192990575899,0.18158520515711543,recession_deformada,0.996,5.878790727573403,0.9193407757032104
1946-01-01,11.3706,INDPRO,INDUSTRIAL_PRODUCTION,-5.917989486829814,0.20853465745391173,recession_deformada,0.996,2.6256747602356327,-0.8698402612738676
1946-02-01,10.8061,INDPRO,INDUSTRIAL_PRODUCTION,-6.575285983083727,0.23169608753029264,recession_deformada,0.996,5.655744100077449,0.809532360842816
1946-03-01,11.9351,INDPRO,INDUSTRIAL_PRODUCTION,-5.539082479337635,0.19518295360413085,expansion_relajada,1.009,2.1093956159809437,-0.5129340858558057
1946-04-01,11.72,INDPRO,INDUSTRIAL_PRODUCTION,-5.846978975591549,0.20603243052876197,recession_deformada,0.996,5.13946495582276,0.41421118593392997
1946-05-01,11.2899,INDPRO,INDUSTRIAL_PRODUCTION,-6.369875471845464,0.22445795189422374,klein_deformada,1.0,1.7886048162318886,-0.2160904111766495
1946-06-01,11.9888,INDPRO,INDUSTRIAL_PRODUCTION,-5.763771968099379,0.2031004305913238,expansion_extrema,1.009,4.818674156073705,0.10608517958783933
1946-07-01,12.392,INDPRO,INDUSTRIAL_PRODUCTION,-5.453368464353293,0.19216261320076622,expansion_relajada,1.009,1.4678140164829472,0.1028003794629924
1946-08-01,12.849,INDPRO,INDUSTRIAL_PRODUCTION,-5.089164960607199,0.17932902282920052,expansion_relajada,1.009,4.497883356324763,-0.2128644086252785
1946-09-01,13.0909,INDPRO,INDUSTRIAL_PRODUCTION,-4.940061456861114,0.17407500064006615,expansion_relajada,1.009,1.244767388987107,0.3202836903177663
1946-10-01,13.3329,INDPRO,INDUSTRIAL_PRODUCTION,-4.790857953115028,0.16881745470933132,expansion_relajada,1.009,4.177092556575936,-0.5100960211294827
1946-11-01,13.4135,INDPRO,INDUSTRIAL_PRODUCTION,-4.8030544493689415,0.16924722772162004,expansion_relajada,1.009,0.9239765892381655,0.6026515941515257
1946-12-01,13.4941,INDPRO,INDUSTRIAL_PRODUCTION,-4.815250945622857,0.16967700073390882,expansion_relajada,1.009,3.856301756826994,-0.7552839262446703
1947-01-01,13.6554,INDPRO,INDUSTRIAL_PRODUCTION,-4.746747441876767,0.16726311427468563,expansion_relajada,1.009,0.6031857894892241,0.8235325976284367
1947-02-01,13.7361,INDPRO,INDUSTRIAL_PRODUCTION,-4.758843938130681,0.16768936354537398,expansion_relajada,1.009,3.633255129331154,-0.8815492355413991
1947-03-01,13.8167,INDPRO,INDUSTRIAL_PRODUCTION,-4.771040434384595,0.1681191365576627,expansion_relajada,1.009,0.08690664523430769,0.9962259937528705
1947-04-01,13.7092,INDPRO,INDUSTRIAL_PRODUCTION,-4.971336930638511,0.1751770675202782,expansion_relajada,1.009,3.1169759850762375,-0.9996970251158465
1947-05-01,13.7629,INDPRO,INDUSTRIAL_PRODUCTION,-5.010433426892424,0.17655472702307082,expansion_relajada,1.009,6.04930115266518,0.9727735526288013
1947-06-01,13.7629,INDPRO,INDUSTRIAL_PRODUCTION,-5.103229923146332,0.1798246357652707,expansion_relajada,1.009,2.796185185327296,-0.9409375700743071
1947-07-01,13.6823,INDPRO,INDUSTRIAL_PRODUCTION,-5.276626419400246,0.18593468023738222,recession_deformada,0.996,5.728510352916352,0.8500716760420629
1947-08-01,13.7629,INDPRO,INDUSTRIAL_PRODUCTION,-5.28882291565416,0.18636445324967094,expansion_relajada,1.009,2.475394385578582,-0.7861768181399188
1947-09-01,13.8705,INDPRO,INDUSTRIAL_PRODUCTION,-5.274019411908075,0.18584281602985536,expansion_relajada,1.009,5.5054637254202845,0.7125140560402158
1947-10-01,14.0049,INDPRO,INDUSTRIAL_PRODUCTION,-5.23241590816199,0.1843768160611363,expansion_relajada,1.009,2.1546035858297543,-0.5512045872200979
1947-11-01,14.193,INDPRO,INDUSTRIAL_PRODUCTION,-5.1371124044158964,0.18101856685300946,expansion_relajada,1.009,5.184672925671457,0.45492139557949673
1947-12-01,14.2468,INDPRO,INDUSTRIAL_PRODUCTION,-5.17610890066981,0.1823927026142017,expansion_relajada,1.009,1.8338127860808129,-0.25999445390428544
1948-01-01,14.3274,INDPRO,INDUSTRIAL_PRODUCTION,-5.188305396923724,0.18282247562649043,expansion_relajada,1.009,4.863882125922743,0.1509143444632797
1948-02-01,14.3543,INDPRO,INDUSTRIAL_PRODUCTION,-5.254201893177639,0.18514449787818663,expansion_relajada,1.009,1.610766158584859,-0.03995919008975375
1948-03-01,14.1931,INDPRO,INDUSTRIAL_PRODUCTION,-5.508198389431554,0.19409467808020955,expansion_relajada,1.009,4.445347153920814,-0.2638792722317669
1948-04-01,14.2199,INDPRO,INDUSTRIAL_PRODUCTION,-5.5741948856854595,0.19642022407350584,recession_deformada,0.996,1.19223118658293,0.3695875844983974
1948-05-01,14.4618,INDPRO,INDUSTRIAL_PRODUCTION,-5.4250913819393745,0.19116620188437145,expansion_relajada,1.009,4.124556354171872,-0.5545587585212199
1948-06-01,14.65,INDPRO,INDUSTRIAL_PRODUCTION,-5.329687878193289,0.1878044289346445,expansion_relajada,1.009,0.8714403868339886,0.6437249493676672
1948-07-01,14.65,INDPRO,INDUSTRIAL_PRODUCTION,-5.422484374447203,0.19107433767684462,expansion_relajada,1.009,3.803765554422931,-0.7886581254546152
1948-08-01,14.5962,INDPRO,INDUSTRIAL_PRODUCTION,-5.569080870701118,0.19624001940005262,expansion_relajada,1.009,0.5506495870852746,0.852184811342774
1948-09-01,14.4887,INDPRO,INDUSTRIAL_PRODUCTION,-5.769377366955029,0.2032979503626679,klein_deformada,1.0,3.580718926926977,-0.9051234724970765
1948-10-01,14.5963,INDPRO,INDUSTRIAL_PRODUCTION,-5.754573863208943,0.20277631314285235,recession_deformada,0.996,0.22985878733633314,0.9736985786106737
1948-11-01,14.4081,INDPRO,INDUSTRIAL_PRODUCTION,-6.035570359462858,0.21267790357697955,recession_deformada,0.996,3.2599281271780356,-0.9930065245312931
1948-12-01,14.2737,INDPRO,INDUSTRIAL_PRODUCTION,-6.262766855716771,0.22068372103009887,recession_deformada,0.996,6.192253294766978,0.995868532534928
1949-01-01,14.1393,INDPRO,INDUSTRIAL_PRODUCTION,-6.489963351970685,0.2286895384832182,recession_deformada,0.996,2.9391373274293215,-0.9795758260999684
1949-02-01,14.0049,INDPRO,INDUSTRIAL_PRODUCTION,-6.717159848224593,0.23669535593633734,recession_deformada,0.996,5.969206667271024,0.951112317114273
1949-03-01,13.7361,INDPRO,INDUSTRIAL_PRODUCTION,-7.078756344478506,0.24943708210037588,recession_deformada,0.996,2.422858183174405,-0.7526395976953316
1949-04-01,13.6554,INDPRO,INDUSTRIAL_PRODUCTION,-7.252252840732421,0.2555506503140878,recession_deformada,0.996,5.452927523016108,0.6746855106285179
1949-05-01,13.4673,INDPRO,INDUSTRIAL_PRODUCTION,-7.533149336986336,0.2654487170066146,recession_deformada,0.996,2.1020673834254637,-0.5066296091914533
1949-06-01,13.4404,INDPRO,INDUSTRIAL_PRODUCTION,-7.652845833240249,0.26966651223931865,recession_deformada,0.996,5.132136723267394,0.40753010690445113
1949-07-01,13.4135,INDPRO,INDUSTRIAL_PRODUCTION,-7.772542329494156,0.2738843074720224,recession_deformada,0.996,1.7812765836765223,-0.20892958186499183
1949-08-01,13.5479,INDPRO,INDUSTRIAL_PRODUCTION,-7.730938825748071,0.2724183075033033,recession_deformada,0.996,4.811345923518452,0.09879551660073249
1949-09-01,13.6823,INDPRO,INDUSTRIAL_PRODUCTION,-7.689335322001986,0.2709523075345842,klein_deformada,1.0,1.5582299561805684,0.012566039883321691
1949-10-01,13.1716,INDPRO,INDUSTRIAL_PRODUCTION,-8.2928318182559,0.29221796462995736,recession_deformada,0.996,4.490555123769511,-0.22001891111465863
1949-11-01,13.521,INDPRO,INDUSTRIAL_PRODUCTION,-8.036228314509813,0.2831759202204076,klein_deformada,1.0,1.237439156431627,0.3272172216702113
1949-12-01,13.7629,INDPRO,INDUSTRIAL_PRODUCTION,-7.887124810763721,0.27792189803127293,klein_deformada,1.0,4.169764324020569,-0.5163854087231431
1950-01-01,14.0049,INDPRO,INDUSTRIAL_PRODUCTION,-7.737921307017636,0.2726643521005382,klein_deformada,1.0,0.9166483566829129,0.6084833217627329
1950-02-01,14.0586,INDPRO,INDUSTRIAL_PRODUCTION,-7.77701780327155,0.2740420116033308,klein_deformada,1.0,3.9467176965246153,-0.6930210948243168
1950-03-01,14.5156,INDPRO,INDUSTRIAL_PRODUCTION,-7.412814299525465,0.2612084212317654,klein_deformada,1.0,0.4003692124279965,0.9209171531359702
1950-04-01,14.9995,INDPRO,INDUSTRIAL_PRODUCTION,-7.0217107957793825,0.2474269443696962,expansion_extrema,1.009,3.430438552269699,-0.9585732551135877
1950-05-01,15.3489,INDPRO,INDUSTRIAL_PRODUCTION,-6.765107292033289,0.2383848999601462,expansion_extrema,1.009,0.07957841267905508,0.9968353087396484
1950-06-01,15.8059,INDPRO,INDUSTRIAL_PRODUCTION,-6.400903788287204,0.22555130958858083,expansion_extrema,1.009,3.109647752520985,-0.9994898050369054
1950-07-01,16.3166,INDPRO,INDUSTRIAL_PRODUCTION,-5.9830002845411165,0.2108254699776079,expansion_extrema,1.009,6.0419729201097,0.9710490734556586
1950-08-01,16.8274,INDPRO,INDUSTRIAL_PRODUCTION,-5.564996780795031,0.19609610662503466,expansion_relajada,1.009,2.7888569527720435,-0.9384311330470141
1950-09-01,16.7198,INDPRO,INDUSTRIAL_PRODUCTION,-5.76539327704894,0.20315756132925025,expansion_extrema,1.009,5.818926292613746,0.8941535949599693
1950-10-01,16.8273,INDPRO,INDUSTRIAL_PRODUCTION,-5.750689773302852,0.20263944785103502,klein_deformada,1.0,2.468066153023102,-0.7816268891057804
1950-11-01,16.8005,INDPRO,INDUSTRIAL_PRODUCTION,-5.870286269556768,0.20685371934213873,klein_deformada,1.0,5.498135492865032,0.7073530582776277
1950-12-01,17.0962,INDPRO,INDUSTRIAL_PRODUCTION,-5.667382765810682,0.19970392417199645,expansion_relajada,1.009,2.1472753532741606,-0.545075383043148
1951-01-01,17.1499,INDPRO,INDUSTRIAL_PRODUCTION,-5.706479262064597,0.20108158367478915,klein_deformada,1.0,5.1773446931160905,0.44838321609013165
1951-02-01,17.2575,INDPRO,INDUSTRIAL_PRODUCTION,-5.691675758318503,0.20055994645497327,klein_deformada,1.0,1.924228725778434,-0.34612008316933307
1951-03-01,17.3381,INDPRO,INDUSTRIAL_PRODUCTION,-5.703872254572417,0.200989719467262,klein_deformada,1.0,4.661065548861174,-0.0513009026950358
1951-04-01,17.365,INDPRO,INDUSTRIAL_PRODUCTION,-5.769768750826334,0.20331174171895827,klein_deformada,1.0,1.4079495815235177,0.16212794186545737
1951-05-01,17.3112,INDPRO,INDUSTRIAL_PRODUCTION,-5.916365247080247,0.20847742344216622,klein_deformada,1.0,4.34027474911246,-0.3635857779210299
1951-06-01,17.2306,INDPRO,INDUSTRIAL_PRODUCTION,-6.0897617433341615,0.21458746791427774,recession_deformada,0.996,1.0871587817745763,0.4650025973243752
1951-07-01,16.9618,INDPRO,INDUSTRIAL_PRODUCTION,-6.4513582395880675,0.227329194078316,recession_deformada,0.996,4.019483949363291,-0.6387749867372636
1951-08-01,16.8005,INDPRO,INDUSTRIAL_PRODUCTION,-6.705454735841986,0.23628289802193944,recession_deformada,0.996,0.7663679820256348,0.7204343045776824
1951-09-01,16.908,INDPRO,INDUSTRIAL_PRODUCTION,-6.690751232095899,0.2357647845437242,recession_deformada,0.996,3.7964373218675647,-0.7931425402883489
1951-10-01,16.8811,INDPRO,INDUSTRIAL_PRODUCTION,-6.810447728349814,0.23998257977642828,recession_deformada,0.996,0.4455771822766934,0.9023620624029796
1951-11-01,17.0155,INDPRO,INDUSTRIAL_PRODUCTION,-6.768844224603729,0.23851657980770918,klein_deformada,1.0,3.4756465221186232,-0.9447209457432201
1951-12-01,17.123,INDPRO,INDUSTRIAL_PRODUCTION,-6.7541407208576345,0.2379984663294937,klein_deformada,1.0,0.12478638252775198,0.992224277292333
1952-01-01,17.3112,INDPRO,INDUSTRIAL_PRODUCTION,-6.65873721711155,0.2346366933797668,klein_deformada,1.0,3.154855722369682,-0.9999120467925947
1952-02-01,17.4187,INDPRO,INDUSTRIAL_PRODUCTION,-6.644033713365463,0.23411857990155155,klein_deformada,1.0,6.184925062211612,0.9951763450665436
1952-03-01,17.4725,INDPRO,INDUSTRIAL_PRODUCTION,-6.683030209619378,0.23549271566274388,klein_deformada,1.0,2.7363207503679803,-0.9189952282214494
1952-04-01,17.3112,INDPRO,INDUSTRIAL_PRODUCTION,-6.937126705873293,0.24444641960636718,klein_deformada,1.0,5.766390090209683,0.8694071134627012
1952-05-01,17.1499,INDPRO,INDUSTRIAL_PRODUCTION,-7.191223202127201,0.2534001235499902,recession_deformada,0.996,2.4155299506188115,-0.7477942834394948
1952-06-01,16.9886,INDPRO,INDUSTRIAL_PRODUCTION,-7.4453196983811125,0.2623538274936134,recession_deformada,0.996,5.445599290460969,0.6692584353804751
1952-07-01,16.7198,INDPRO,INDUSTRIAL_PRODUCTION,-7.806916194635029,0.27509555365765204,recession_deformada,0.996,2.09473915086987,-0.5002979251227171
1952-08-01,17.7951,INDPRO,INDUSTRIAL_PRODUCTION,-6.824412690888941,0.24047466897089786,klein_deformada,1.0,5.1248084907118,0.4008271423864793
1952-09-01,18.4402,INDPRO,INDUSTRIAL_PRODUCTION,-6.272109187142856,0.2210129206490058,klein_deformada,1.0,1.8716925233741435,-0.29637625716409133
1952-10-01,18.6284,INDPRO,INDUSTRIAL_PRODUCTION,-6.176705683396765,0.21765114769927865,expansion_extrema,1.009,4.8040176909628585,0.09150054802215436
1952-11-01,19.0047,INDPRO,INDUSTRIAL_PRODUCTION,-5.893202179650679,0.207661216799225,expansion_extrema,1.009,1.550901723625202,0.019893290830808638
1952-12-01,19.1122,INDPRO,INDUSTRIAL_PRODUCTION,-5.878498675904591,0.20714310332100974,klein_deformada,1.0,4.483226891214144,-0.22716159798311955
1953-01-01,19.166,INDPRO,INDUSTRIAL_PRODUCTION,-5.917495172158507,0.20851723908220204,klein_deformada,1.0,1.2301109238762606,0.3341331805572262
1953-02-01,19.2735,INDPRO,INDUSTRIAL_PRODUCTION,-5.902791668412423,0.20799912560398692,klein_deformada,1.0,4.2601802637181905,-0.4369533040425604
1953-03-01,19.4348,INDPRO,INDUSTRIAL_PRODUCTION,-5.834288164666333,0.20558523914476376,klein_deformada,1.0,0.7138317796213443,0.7558586314116466
1953-04-01,19.5154,INDPRO,INDUSTRIAL_PRODUCTION,-5.846484660920247,0.20601501215705248,klein_deformada,1.0,3.7439011194635015,-0.8240299590748589
1953-05-01,19.6229,INDPRO,INDUSTRIAL_PRODUCTION,-5.831781157174159,0.20549689867883722,klein_deformada,1.0,0.3930409798726302,0.9237486397489727
1953-06-01,19.5423,INDPRO,INDUSTRIAL_PRODUCTION,-6.005177653428074,0.21160694315094875,klein_deformada,1.0,3.4231103197143327,-0.9606349160613153
1953-07-01,19.7842,INDPRO,INDUSTRIAL_PRODUCTION,-5.856074149681991,0.20635292096181443,klein_deformada,1.0,0.07225018012368878,0.9973910909270147
1953-08-01,19.6767,INDPRO,INDUSTRIAL_PRODUCTION,-6.056370645935896,0.21341085192442955,klein_deformada,1.0,3.1023195199656186,-0.9992289096047835
1953-09-01,19.2735,INDPRO,INDUSTRIAL_PRODUCTION,-6.552367142189812,0.2308884867993874,recession_deformada,0.996,6.132388859807321,0.9886517447379207
1953-10-01,19.1122,INDPRO,INDUSTRIAL_PRODUCTION,-6.806463638443724,0.23984219074301058,recession_deformada,0.996,2.78152872021645,-0.9358742996851469
1953-11-01,18.6553,INDPRO,INDUSTRIAL_PRODUCTION,-7.356160134697639,0.2592120748573759,recession_deformada,0.996,5.811598060058607,0.8908483229569927
1953-12-01,18.1983,INDPRO,INDUSTRIAL_PRODUCTION,-7.905956630951554,0.27858548271334155,recession_deformada,0.996,2.4607379204677358,-0.7770349845566896
1954-01-01,18.0639,INDPRO,INDUSTRIAL_PRODUCTION,-8.13315312720546,0.2865913001664606,recession_deformada,0.996,5.490807260309438,0.7021540737088963
1954-02-01,18.1176,INDPRO,INDUSTRIAL_PRODUCTION,-8.172249623459376,0.28796895966925334,recession_deformada,0.996,2.237691292972009,-0.6185492046301564
1954-03-01,18.0101,INDPRO,INDUSTRIAL_PRODUCTION,-8.372546119713288,0.2950268906318687,recession_deformada,0.996,4.974528116054749,0.25914720140158404
1954-04-01,17.9026,INDPRO,INDUSTRIAL_PRODUCTION,-8.572842615967204,0.3020848215944842,recession_deformada,0.996,1.7214121487170928,-0.15004701100473244
1954-05-01,18.0101,INDPRO,INDUSTRIAL_PRODUCTION,-8.558139112221117,0.30156670811626896,recession_deformada,0.996,4.653737316305808,-0.05861804273521729
1954-06-01,18.0639,INDPRO,INDUSTRIAL_PRODUCTION,-8.597135608475025,0.302940843877461,recession_deformada,0.996,1.4006213489681514,0.16935480195675476
1954-07-01,18.0907,INDPRO,INDUSTRIAL_PRODUCTION,-8.663132104728941,0.30526638987075766,klein_deformada,1.0,4.332946516556866,-0.3704026476639731
1954-08-01,18.0639,INDPRO,INDUSTRIAL_PRODUCTION,-8.782728600982853,0.30948066136186125,klein_deformada,1.0,1.07983054921921,0.47147780584526605
1954-09-01,18.0908,INDPRO,INDUSTRIAL_PRODUCTION,-8.848625097236766,0.3118026836135574,klein_deformada,1.0,4.109899889060912,-0.566695057850346
1954-10-01,18.3058,INDPRO,INDUSTRIAL_PRODUCTION,-8.72642159349068,0.3074965479149269,klein_deformada,1.0,0.7590397494702685,0.7254972136430907
1954-11-01,18.6015,INDPRO,INDUSTRIAL_PRODUCTION,-8.523518089744591,0.3003467527447845,klein_deformada,1.0,3.7891090893121984,-0.7975843611848996
1954-12-01,18.8434,INDPRO,INDUSTRIAL_PRODUCTION,-8.374414585998508,0.2950927305556502,klein_deformada,1.0,0.4382489497213271,0.9054961171937668
1955-01-01,19.2735,INDPRO,INDUSTRIAL_PRODUCTION,-8.037111082252423,0.28320702667458875,klein_deformada,1.0,3.468318289563257,-0.9470983049947042
1955-02-01,19.5154,INDPRO,INDUSTRIAL_PRODUCTION,-7.888007578506336,0.2779530044854543,klein_deformada,1.0,0.21520232222560054,0.9769332092847229
1955-03-01,19.9724,INDPRO,INDUSTRIAL_PRODUCTION,-7.52380407476025,0.26511941411388884,klein_deformada,1.0,2.9520391453083406,-0.9820884611633954
1955-04-01,20.2143,INDPRO,INDUSTRIAL_PRODUCTION,-7.374700571014156,0.2598653919247541,klein_deformada,1.0,5.98210848515027,0.9550177126403667
1955-05-01,20.5369,INDPRO,INDUSTRIAL_PRODUCTION,-7.144897067268072,0.251767710264108,klein_deformada,1.0,2.6312483455596265,-0.8725763725717598
1955-06-01,20.5638,INDPRO,INDUSTRIAL_PRODUCTION,-7.210793563521985,0.2540897325158042,klein_deformada,1.0,5.661317685401329,0.8127918839654836
1955-07-01,20.7251,INDPRO,INDUSTRIAL_PRODUCTION,-7.142290059775899,0.2516758460565811,klein_deformada,1.0,2.3104575458104577,-0.6740376938327541
1955-08-01,20.6982,INDPRO,INDUSTRIAL_PRODUCTION,-7.261986556029807,0.25589364128928493,klein_deformada,1.0,5.34052688565216,0.5876391136457965
1955-09-01,20.8326,INDPRO,INDUSTRIAL_PRODUCTION,-7.220383052283722,0.2544276413205659,klein_deformada,1.0,2.087410918314731,-0.49393937367894986
1955-10-01,21.182,INDPRO,INDUSTRIAL_PRODUCTION,-6.963779548537637,0.24538559691101616,klein_deformada,1.0,5.019736085903446,0.3025311254573409
1955-11-01,21.2358,INDPRO,INDUSTRIAL_PRODUCTION,-7.002776044791549,0.24675973267220835,klein_deformada,1.0,1.7666201185655623,-0.19457464811965092
1955-12-01,21.3164,INDPRO,INDUSTRIAL_PRODUCTION,-7.014972541045463,0.24718950568449707,klein_deformada,1.0,4.698945286154505,-0.013443289280837805
1956-01-01,21.4508,INDPRO,INDUSTRIAL_PRODUCTION,-6.973369037299371,0.24572350571577775,klein_deformada,1.0,1.4458293188168483,0.12464199871016343
1956-02-01,21.2627,INDPRO,INDUSTRIAL_PRODUCTION,-7.254265533553287,0.25562157240830463,klein_deformada,1.0,4.475898658658551,-0.2342920856488294
1956-03-01,21.2627,INDPRO,INDUSTRIAL_PRODUCTION,-7.347062029807201,0.25889148115050475,klein_deformada,1.0,1.0272943468151468,0.517136511500599
1956-04-01,21.424,INDPRO,INDUSTRIAL_PRODUCTION,-7.2785585260611185,0.25647759469128184,klein_deformada,1.0,4.057363686656849,-0.6091793022730089
1956-05-01,21.2358,INDPRO,INDUSTRIAL_PRODUCTION,-7.559555022315031,0.266379185125409,recession_deformada,0.996,0.706503547065978,0.7606363418962657
1956-06-01,21.0476,INDPRO,INDUSTRIAL_PRODUCTION,-7.84055151856894,0.27628077555953595,recession_deformada,0.996,3.736572886908135,-0.8281595780759182
1956-07-01,20.4025,INDPRO,INDUSTRIAL_PRODUCTION,-8.578448014822854,0.3022823413658283,recession_deformada,0.996,0.3857127473172639,0.9265305185178166
1956-08-01,21.2358,INDPRO,INDUSTRIAL_PRODUCTION,-7.837944511076767,0.27618891135200907,recession_deformada,0.996,3.4157820871589664,-0.9626449882703336
1956-09-01,21.7197,INDPRO,INDUSTRIAL_PRODUCTION,-7.446841007330683,0.2624074344899398,klein_deformada,1.0,0.1626661198210826,0.9867990137504354
1956-10-01,21.9078,INDPRO,INDUSTRIAL_PRODUCTION,-7.351537503584595,0.25904918528181314,klein_deformada,1.0,3.094991287410025,-0.9989143528302756
1956-11-01,21.7197,INDPRO,INDUSTRIAL_PRODUCTION,-7.632433999838504,0.2689472519743398,klein_deformada,1.0,6.125060627251955,0.9875243198787913
1956-12-01,22.0422,INDPRO,INDUSTRIAL_PRODUCTION,-7.402730496092417,0.26085309405529394,klein_deformada,1.0,2.774200487661311,-0.9332672072979725
1957-01-01,21.9616,INDPRO,INDUSTRIAL_PRODUCTION,-7.576126992346332,0.26696313852740544,klein_deformada,1.0,5.804269827503013,0.8874952099472061
1957-02-01,22.1766,INDPRO,INDUSTRIAL_PRODUCTION,-7.453923488600246,0.26265700282877497,klein_deformada,1.0,2.551153860165357,-0.8306964715550103
1957-03-01,22.1498,INDPRO,INDUSTRIAL_PRODUCTION,-7.573519984854162,0.26687127431987867,klein_deformada,1.0,5.287990683248097,0.5443396366177957
1957-04-01,21.8541,INDPRO,INDUSTRIAL_PRODUCTION,-7.962016481108069,0.28056088697442094,recession_deformada,0.996,2.0348747159104406,-0.44759885544095485
1957-05-01,21.7734,INDPRO,INDUSTRIAL_PRODUCTION,-8.135512977361984,0.28667445518813284,recession_deformada,0.996,4.967199883499383,0.25206242201037876
1957-06-01,21.8272,INDPRO,INDUSTRIAL_PRODUCTION,-8.174509473615895,0.288048590949325,recession_deformada,0.996,1.7140839161614991,-0.14279777825246706
1957-07-01,21.9616,INDPRO,INDUSTRIAL_PRODUCTION,-8.13290596986981,0.28658259098060596,recession_deformada,0.996,4.6464090837504415,-0.06593203482518402
1957-08-01,21.9616,INDPRO,INDUSTRIAL_PRODUCTION,-8.225702466123725,0.2898524997228061,klein_deformada,1.0,1.393293116412785,0.1765725672291139
1957-09-01,21.7734,INDPRO,INDUSTRIAL_PRODUCTION,-8.506698962377637,0.2997540901569332,klein_deformada,1.0,4.4233624562544875,-0.28501926246991993
1957-10-01,21.4508,INDPRO,INDUSTRIAL_PRODUCTION,-8.92209545863155,0.3143915893019795,recession_deformada,0.996,1.0725023166638437,0.4779276947104517
1957-11-01,20.9401,INDPRO,INDUSTRIAL_PRODUCTION,-9.525591954885464,0.33565724639735267,recession_deformada,0.996,4.1025716565057735,-0.5727177204223047
1957-12-01,20.5369,INDPRO,INDUSTRIAL_PRODUCTION,-10.02158845113938,0.3531348812723105,recession_deformada,0.996,0.7517115169149022,0.7305211615115206
1958-01-01,20.1606,INDPRO,INDUSTRIAL_PRODUCTION,-10.490684947393294,0.36966462965676444,recession_deformada,0.996,3.7817808567566047,-0.8019833496063973
1958-02-01,19.7305,INDPRO,INDUSTRIAL_PRODUCTION,-11.013581443647201,0.3880901510222259,recession_deformada,0.996,0.5286648894191757,0.8634812442416177
1958-03-01,19.4885,INDPRO,INDUSTRIAL_PRODUCTION,-11.348377939901116,0.399887514437361,recession_deformada,0.996,3.2655017125016883,-0.9923330895584607
1958-04-01,19.166,INDPRO,INDUSTRIAL_PRODUCTION,-11.763674436155029,0.41452148984080694,klein_deformada,1.0,0.012385745164259276,0.9999232976389251
1958-05-01,19.3541,INDPRO,INDUSTRIAL_PRODUCTION,-11.668370932408944,0.4111632406326804,klein_deformada,1.0,2.9447109127529743,-0.9806813144439498
1958-06-01,19.8649,INDPRO,INDUSTRIAL_PRODUCTION,-11.250367428662859,0.39643387728010715,klein_deformada,1.0,5.974780252594677,0.9528189102559199
1958-07-01,20.1606,INDPRO,INDUSTRIAL_PRODUCTION,-11.047463924916766,0.3892840821099647,klein_deformada,1.0,2.62392011300426,-0.8689732964718246
1958-08-01,20.5638,INDPRO,INDUSTRIAL_PRODUCTION,-10.737060421170678,0.378346264719407,klein_deformada,1.0,5.653989452845963,0.8085010052094779
1958-09-01,20.752,INDPRO,INDUSTRIAL_PRODUCTION,-10.641656917424594,0.37498449176968013,klein_deformada,1.0,2.400873485508079,-0.737983441458491
1958-10-01,20.9939,INDPRO,INDUSTRIAL_PRODUCTION,-10.492553413678507,0.3697304695805457,klein_deformada,1.0,5.333198653097021,0.5816939451882475
1958-11-01,21.6121,INDPRO,INDUSTRIAL_PRODUCTION,-9.96714990993242,0.3512166077491574,klein_deformada,1.0,2.080082685759365,-0.48755429633127245
1958-12-01,21.639,INDPRO,INDUSTRIAL_PRODUCTION,-10.03304640618633,0.35353863000085345,klein_deformada,1.0,5.01240785334808,0.29553823663929235
1959-01-01,21.9616,INDPRO,INDUSTRIAL_PRODUCTION,-9.803242902440243,0.3454409483402072,klein_deformada,1.0,1.7592918860104234,-0.18738131458586135
1959-02-01,22.3917,INDPRO,INDUSTRIAL_PRODUCTION,-9.465939398694157,0.33355524445914575,klein_deformada,1.0,4.789361225852353,0.07689626139572328
1959-03-01,22.7142,INDPRO,INDUSTRIAL_PRODUCTION,-9.23623589494807,0.3254610865400999,klein_deformada,1.0,1.243012741755507,0.32194541177847485
1959-04-01,23.1981,INDPRO,INDUSTRIAL_PRODUCTION,-8.84513239120199,0.31167960967803077,klein_deformada,1.0,4.273082081597437,-0.4253122783328197
1959-05-01,23.5476,INDPRO,INDUSTRIAL_PRODUCTION,-8.588428887455894,0.3026340415268803,klein_deformada,1.0,0.922221942006793,0.6040508819634254
1959-06-01,23.5744,INDPRO,INDUSTRIAL_PRODUCTION,-8.65442538370981,0.304959587520177,klein_deformada,1.0,3.9522912818484954,-0.6889922572397901
1959-07-01,23.0099,INDPRO,INDUSTRIAL_PRODUCTION,-9.311721879963724,0.3281210175965579,klein_deformada,1.0,0.6014311422578515,0.8245266862683528
1959-08-01,22.2304,INDPRO,INDUSTRIAL_PRODUCTION,-10.18401837621764,0.3588584921137695,recession_deformada,0.996,3.6315004820993266,-0.8823762331516587
1959-09-01,22.2035,INDPRO,INDUSTRIAL_PRODUCTION,-10.303714872471552,0.3630762873464735,recession_deformada,0.996,0.3783845147618976,0.9292626400479562
1959-10-01,22.0422,INDPRO,INDUSTRIAL_PRODUCTION,-10.55781136872546,0.37202999129009656,recession_deformada,0.996,3.3107096823506126,-0.9857337658388067
1959-11-01,22.1766,INDPRO,INDUSTRIAL_PRODUCTION,-10.516207864979371,0.37056399132137735,recession_deformada,0.996,0.05759371501272881,0.998341940391825
1959-12-01,23.5475,INDPRO,INDUSTRIAL_PRODUCTION,-9.23810436123329,0.3255269264638814,klein_deformada,1.0,2.989918882601671,-0.9885195678168047
1960-01-01,24.1658,INDPRO,INDUSTRIAL_PRODUCTION,-8.7126008574872,0.30700954089089266,expansion_extrema,1.009,6.019988222443601,0.9655631323250227
1960-02-01,23.9508,INDPRO,INDUSTRIAL_PRODUCTION,-9.02039735374111,0.3178554940739233,expansion_extrema,1.009,2.766872255105717,-0.9306099958932031
1960-03-01,23.7357,INDPRO,INDUSTRIAL_PRODUCTION,-9.328293849995028,0.3287049709985545,klein_deformada,1.0,5.6014532504418995,0.7764824477348492
1960-04-01,23.5476,INDPRO,INDUSTRIAL_PRODUCTION,-9.60919034624894,0.33860303769108124,klein_deformada,1.0,2.3483372831040157,-0.7015291271841922
1960-05-01,23.5207,INDPRO,INDUSTRIAL_PRODUCTION,-9.728886842502856,0.34282083292378535,recession_deformada,0.996,5.280662450692958,0.538177678129335
1960-06-01,23.225,INDPRO,INDUSTRIAL_PRODUCTION,-10.117383338756767,0.35651044557832773,recession_deformada,0.996,2.0275464833550743,-0.44103373738759805
1960-07-01,23.1443,INDPRO,INDUSTRIAL_PRODUCTION,-10.290879835010678,0.3626240137920395,recession_deformada,0.996,4.959871650943789,0.24496410617320222
1960-08-01,23.1175,INDPRO,INDUSTRIAL_PRODUCTION,-10.41047633126459,0.3668382852831431,recession_deformada,0.996,1.7067556836061328,-0.13554087686674746
1960-09-01,22.8755,INDPRO,INDUSTRIAL_PRODUCTION,-10.745272827518509,0.3786356486982783,recession_deformada,0.996,4.736825023447835,0.024433611259927955
1960-10-01,22.8487,INDPRO,INDUSTRIAL_PRODUCTION,-10.864869323772417,0.38284992018938174,recession_deformada,0.996,1.3859648838571914,0.18378085006889955
1960-11-01,22.5261,INDPRO,INDUSTRIAL_PRODUCTION,-11.280265820026337,0.3974874193344283,recession_deformada,0.996,4.416034223699121,-0.29203581701927783
1960-12-01,22.096,INDPRO,INDUSTRIAL_PRODUCTION,-11.80316231628024,0.4159129406998897,klein_deformada,1.0,1.0651740841084774,0.4843519175431497
1961-01-01,22.1229,INDPRO,INDUSTRIAL_PRODUCTION,-11.869058812534156,0.41823496295158596,klein_deformada,1.0,4.09524342395018,-0.5787096264769007
1961-02-01,22.096,INDPRO,INDUSTRIAL_PRODUCTION,-11.988755308788068,0.42245275818428996,klein_deformada,1.0,0.8421274566125234,0.6658771206150734
1961-03-01,22.2304,INDPRO,INDUSTRIAL_PRODUCTION,-11.947151805041987,0.42098675821557097,klein_deformada,1.0,3.5789642796952634,-0.9058680649331042
1961-04-01,22.6874,INDPRO,INDUSTRIAL_PRODUCTION,-11.582948301295897,0.4081531678440054,klein_deformada,1.0,0.32584831235760703,0.9473795118776163
1961-05-01,23.0368,INDPRO,INDUSTRIAL_PRODUCTION,-11.326344797549808,0.3991111234344556,klein_deformada,1.0,3.2581734799465494,-0.9932121485479338
1961-06-01,23.3594,INDPRO,INDUSTRIAL_PRODUCTION,-11.096541293803718,0.3910134417738092,klein_deformada,1.0,0.005057512608665604,0.9999872108103672
1961-07-01,23.6282,INDPRO,INDUSTRIAL_PRODUCTION,-10.920537790057637,0.38481153309417104,klein_deformada,1.0,2.937382680197608,-0.9792215024390329
1961-08-01,23.8432,INDPRO,INDUSTRIAL_PRODUCTION,-10.798334286311555,0.3805053973955407,klein_deformada,1.0,5.967452020039538,0.9505689388739236
1961-09-01,23.8164,INDPRO,INDUSTRIAL_PRODUCTION,-10.917930782565463,0.38471966888664416,klein_deformada,1.0,2.714336052701654,-0.9101059706850257
1961-10-01,24.2733,INDPRO,INDUSTRIAL_PRODUCTION,-10.553827278819377,0.3718896022566791,klein_deformada,1.0,5.646661220290596,0.804166707724456
1961-11-01,24.6497,INDPRO,INDUSTRIAL_PRODUCTION,-10.270223775073287,0.3618961476150249,klein_deformada,1.0,2.3935452529527126,-0.7330184406023886
1961-12-01,24.8647,INDPRO,INDUSTRIAL_PRODUCTION,-10.148020271327205,0.35759001191639456,klein_deformada,1.0,5.325870420541882,0.5757175381649919
1962-01-01,24.6496,INDPRO,INDUSTRIAL_PRODUCTION,-10.455916767581115,0.36843948884102556,klein_deformada,1.0,2.0727544532039985,-0.48114303597610747
1962-02-01,25.0529,INDPRO,INDUSTRIAL_PRODUCTION,-10.145413263835032,0.3574981477088677,klein_deformada,1.0,5.102823793045701,0.380590541340399
1962-03-01,25.1873,INDPRO,INDUSTRIAL_PRODUCTION,-10.103809760088936,0.3560321477401482,klein_deformada,1.0,1.5564753089490821,0.01432052833087123
1962-04-01,25.241,INDPRO,INDUSTRIAL_PRODUCTION,-10.142906256342854,0.357409807242941,klein_deformada,1.0,4.586544648791012,-0.1255124326832588
1962-05-01,25.2141,INDPRO,INDUSTRIAL_PRODUCTION,-10.262602752596766,0.36162760247564496,klein_deformada,1.0,1.235684509200368,0.32887476950742495
1962-06-01,25.1604,INDPRO,INDUSTRIAL_PRODUCTION,-10.409099248850683,0.36678976045725264,klein_deformada,1.0,4.265753849041843,-0.43193319118491924
1962-07-01,25.4023,INDPRO,INDUSTRIAL_PRODUCTION,-10.259995745104593,0.3615357382681181,klein_deformada,1.0,0.9148937094511993,0.6098748138999998
1962-08-01,25.4292,INDPRO,INDUSTRIAL_PRODUCTION,-10.325892241358503,0.3638577605198141,klein_deformada,1.0,3.944963049293129,-0.6942849828985159
1962-09-01,25.5905,INDPRO,INDUSTRIAL_PRODUCTION,-10.257388737612416,0.36144387406059103,klein_deformada,1.0,0.6918470819552454,0.7700689636883556
1962-10-01,25.6174,INDPRO,INDUSTRIAL_PRODUCTION,-10.323285233866333,0.36376589631228734,klein_deformada,1.0,3.6241722495441877,-0.8858007692370399
1962-11-01,25.7249,INDPRO,INDUSTRIAL_PRODUCTION,-10.308581730120242,0.36324778283407194,klein_deformada,1.0,0.3710562822065313,0.9319448576169466
1962-12-01,25.7249,INDPRO,INDUSTRIAL_PRODUCTION,-10.40137822637416,0.36651769157627223,klein_deformada,1.0,3.3033814497952463,-0.9869407162636656
1963-01-01,25.913,INDPRO,INDUSTRIAL_PRODUCTION,-10.306074722628072,0.36315944236814557,klein_deformada,1.0,0.05026548245758988,0.9987369566060098
1963-02-01,26.2088,INDPRO,INDUSTRIAL_PRODUCTION,-10.103071218881983,0.3560061234564028,klein_deformada,1.0,3.0803348222995197,-0.9981243257052781
1963-03-01,26.37,INDPRO,INDUSTRIAL_PRODUCTION,-10.0346677151359,0.35359576073878024,klein_deformada,1.0,5.81717164538226,0.8933665574163211
1963-04-01,26.612,INDPRO,INDUSTRIAL_PRODUCTION,-9.885464211389813,0.34833821480804544,klein_deformada,1.0,2.5640556780446033,-0.8378099077139287
1963-05-01,26.9345,INDPRO,INDUSTRIAL_PRODUCTION,-9.65576070764373,0.34024405688899967,klein_deformada,1.0,5.496380845633546,0.7061116793436716
1963-06-01,27.0152,INDPRO,INDUSTRIAL_PRODUCTION,-9.667857203897633,0.3406703061596877,klein_deformada,1.0,2.2432648782954345,-0.6229189971562537
1963-07-01,26.9076,INDPRO,INDUSTRIAL_PRODUCTION,-9.868253700151552,0.34773176086390367,klein_deformada,1.0,5.175590045884604,0.4468141502766293
1963-08-01,26.9614,INDPRO,INDUSTRIAL_PRODUCTION,-9.90725019640546,0.3491058966250957,klein_deformada,1.0,1.9224740785467205,-0.34447335832766834
1963-09-01,27.2302,INDPRO,INDUSTRIAL_PRODUCTION,-9.73124669265938,0.34290398794545757,klein_deformada,1.0,4.952543418388423,0.23785263508959034
1963-10-01,27.4184,INDPRO,INDUSTRIAL_PRODUCTION,-9.635843188913292,0.3395422149957305,klein_deformada,1.0,1.6016832787980064,-0.030882041192411225
1963-11-01,27.5528,INDPRO,INDUSTRIAL_PRODUCTION,-9.5942396851672,0.3380762150270112,klein_deformada,1.0,4.6317526186394815,-0.08054900421883199
1963-12-01,27.499,INDPRO,INDUSTRIAL_PRODUCTION,-9.740836181421113,0.3432418967502191,klein_deformada,1.0,1.2808924790488376,0.28586008647467104
1964-01-01,27.7409,INDPRO,INDUSTRIAL_PRODUCTION,-9.59173267767503,0.3379878745610848,klein_deformada,1.0,4.3109618188907675,-0.39073244806500596
1964-02-01,27.9291,INDPRO,INDUSTRIAL_PRODUCTION,-9.496329173928942,0.33462610161135775,klein_deformada,1.0,1.0578458515528837,0.4907501293451122
1964-03-01,27.9291,INDPRO,INDUSTRIAL_PRODUCTION,-9.58912567018286,0.337896010353558,klein_deformada,1.0,3.892426846889066,-0.731119995870386
1964-04-01,28.3861,INDPRO,INDUSTRIAL_PRODUCTION,-9.224922166436762,0.3250624199819922,klein_deformada,1.0,0.6393108795509548,0.8025071069900257
1964-05-01,28.5474,INDPRO,INDUSTRIAL_PRODUCTION,-9.15641866269068,0.3226485335227693,klein_deformada,1.0,3.5716360471401245,-0.9089476593149526
1964-06-01,28.628,INDPRO,INDUSTRIAL_PRODUCTION,-9.16861515894459,0.32307830653505787,klein_deformada,1.0,0.31852007980224073,0.9496999118287724
1964-07-01,28.8162,INDPRO,INDUSTRIAL_PRODUCTION,-9.07321165519851,0.3197165335853311,klein_deformada,1.0,3.2508452473909557,-0.9940378693117116
1964-08-01,29.0043,INDPRO,INDUSTRIAL_PRODUCTION,-8.977908151452418,0.3163582843772043,klein_deformada,1.0,6.2809145872328855,0.9999974219165696
1964-09-01,29.1119,INDPRO,INDUSTRIAL_PRODUCTION,-8.96310464770633,0.3158366471573887,klein_deformada,1.0,3.0277986198950018,-0.9935324425463967
1964-10-01,28.7087,INDPRO,INDUSTRIAL_PRODUCTION,-9.459101143960247,0.3333142820323466,klein_deformada,1.0,5.9601237874841715,0.9482679193238257
1964-11-01,29.5957,INDPRO,INDUSTRIAL_PRODUCTION,-8.664897640214157,0.3053286027791198,klein_deformada,1.0,2.7070078201462877,-0.9070449196439753
1964-12-01,29.9452,INDPRO,INDUSTRIAL_PRODUCTION,-8.408194136468076,0.29628303462796984,klein_deformada,1.0,5.639332987735003,0.7997892242739844
1965-01-01,30.2677,INDPRO,INDUSTRIAL_PRODUCTION,-8.178490632721978,0.2881888767089236,klein_deformada,1.0,2.3862170203973463,-0.7280140746387213
1965-02-01,30.4559,INDPRO,INDUSTRIAL_PRODUCTION,-8.083087128975897,0.28482710375919684,klein_deformada,1.0,5.416286360239049,0.6471936675352536
1965-03-01,30.8591,INDPRO,INDUSTRIAL_PRODUCTION,-7.772683625229806,0.2738892863686391,klein_deformada,1.0,1.8699378761426573,-0.2946999886399121
1965-04-01,30.9935,INDPRO,INDUSTRIAL_PRODUCTION,-7.731080121483725,0.27242328639992014,klein_deformada,1.0,4.90000721598436,0.18651945878040632
1965-05-01,31.2354,INDPRO,INDUSTRIAL_PRODUCTION,-7.581976617737638,0.2671692642107857,klein_deformada,1.0,1.5491470763939432,0.02164755930923383
1965-06-01,31.4774,INDPRO,INDUSTRIAL_PRODUCTION,-7.432773113991548,0.2619117182800507,klein_deformada,1.0,4.579216416235418,-0.13277927866446734
1965-07-01,31.7731,INDPRO,INDUSTRIAL_PRODUCTION,-7.2298696102454585,0.2547619231099083,klein_deformada,1.0,1.2283562766447744,0.3357864657566016
1965-08-01,31.9075,INDPRO,INDUSTRIAL_PRODUCTION,-7.188266106499377,0.25329592314118937,klein_deformada,1.0,4.258425616486704,-0.43853090803553957
1965-09-01,31.9881,INDPRO,INDUSTRIAL_PRODUCTION,-7.200462602753287,0.25372569615347795,klein_deformada,1.0,1.0053096491488205,0.5358267949789235
1965-10-01,32.3107,INDPRO,INDUSTRIAL_PRODUCTION,-6.970659099007207,0.24562801449283198,klein_deformada,1.0,3.9376348167375355,-0.6995404235431144
1965-11-01,32.4451,INDPRO,INDUSTRIAL_PRODUCTION,-6.9290555952611115,0.24416201452411251,klein_deformada,1.0,0.6845188494001064,0.7747233684379334
1965-12-01,32.8483,INDPRO,INDUSTRIAL_PRODUCTION,-6.618652091515024,0.23322419713355488,klein_deformada,1.0,3.6168440169888214,-0.8891777353834505
1966-01-01,33.1709,INDPRO,INDUSTRIAL_PRODUCTION,-6.388848587768933,0.22512651547290854,klein_deformada,1.0,0.363728049651165,0.9345770271823224
1966-02-01,33.3859,INDPRO,INDUSTRIAL_PRODUCTION,-6.266645084022855,0.2208203797742783,klein_deformada,1.0,3.3937973894928675,-0.9683646068879566
1966-03-01,33.8429,INDPRO,INDUSTRIAL_PRODUCTION,-5.902441580276772,0.20798678940271298,klein_deformada,1.0,6.1306342125756075,0.9883866300354617
1966-04-01,33.8967,INDPRO,INDUSTRIAL_PRODUCTION,-5.941438076530673,0.2093609251639048,klein_deformada,1.0,2.8775182452381785,-0.965334508471004
1966-05-01,34.2192,INDPRO,INDUSTRIAL_PRODUCTION,-5.711734572784593,0.2012667672448592,klein_deformada,1.0,5.809843412826893,0.8900498142653568
1966-06-01,34.3805,INDPRO,INDUSTRIAL_PRODUCTION,-5.643231069038507,0.19885288078563615,expansion_relajada,1.009,2.556727445489237,-0.8337865103166306
1966-07-01,34.5687,INDPRO,INDUSTRIAL_PRODUCTION,-5.5478275652924225,0.19549110783590926,expansion_relajada,1.009,5.489052613078179,0.70090364069485
1966-08-01,34.5955,INDPRO,INDUSTRIAL_PRODUCTION,-5.613824061546332,0.19781665382920566,expansion_relajada,1.009,2.235936645740523,-0.6171695459865452
1966-09-01,34.9181,INDPRO,INDUSTRIAL_PRODUCTION,-5.384020557800241,0.1897189721685593,expansion_relajada,1.009,5.266005985581998,0.5257673887508391
1966-10-01,35.16,INDPRO,INDUSTRIAL_PRODUCTION,-5.234917054054158,0.18446494997942497,expansion_relajada,1.009,1.9151458459913542,-0.33758445422457656
1966-11-01,34.9181,INDPRO,INDUSTRIAL_PRODUCTION,-5.56961355030807,0.19625878965295954,expansion_relajada,1.009,4.945215185833284,0.23072839066511266
1966-12-01,34.9987,INDPRO,INDUSTRIAL_PRODUCTION,-5.5818100465619835,0.19668856266524826,expansion_relajada,1.009,1.5943550462421854,-0.023556540274141658
1967-01-01,35.1638,INDPRO,INDUSTRIAL_PRODUCTION,-5.509506542815899,0.1941407740252106,expansion_relajada,1.009,4.624424386084115,-0.08785119655080338
1967-02-01,34.765,INDPRO,INDUSTRIAL_PRODUCTION,-6.001103039069804,0.21146336426975107,recession_deformada,0.996,1.3713084187466862,0.1981674205609263
1967-03-01,34.5691,INDPRO,INDUSTRIAL_PRODUCTION,-6.2897995353237235,0.2216362828071082,recession_deformada,0.996,4.108145241829426,-0.5681398870471089
1967-04-01,34.8951,INDPRO,INDUSTRIAL_PRODUCTION,-6.056596031577634,0.21341879393204874,recession_deformada,0.996,0.8550292744915424,0.656196419777712
1967-05-01,34.5907,INDPRO,INDUSTRIAL_PRODUCTION,-6.453792527831553,0.227414972105825,recession_deformada,0.996,3.787354442080712,-0.7986415490685709
1967-06-01,34.5863,INDPRO,INDUSTRIAL_PRODUCTION,-6.55098902408546,0.2308399254784419,recession_deformada,0.996,0.5342384747428284,0.8606566366221087
1967-07-01,34.5076,INDPRO,INDUSTRIAL_PRODUCTION,-6.722485520339376,0.23688301886014612,recession_deformada,0.996,3.4665636423315433,-0.9476599895656658
1967-08-01,35.1687,INDPRO,INDUSTRIAL_PRODUCTION,-6.154182016593289,0.21685747188219215,klein_deformada,1.0,0.21344767499388695,0.9773064015057079
1967-09-01,35.1116,INDPRO,INDUSTRIAL_PRODUCTION,-6.304078512847198,0.22213943707821268,klein_deformada,1.0,3.2435170148355894,-0.9948102075062374
1967-10-01,35.3976,INDPRO,INDUSTRIAL_PRODUCTION,-6.110875009101122,0.21533144484330824,klein_deformada,1.0,6.175842182424759,0.9942442567044422
1967-11-01,35.9038,INDPRO,INDUSTRIAL_PRODUCTION,-5.697471505355033,0.20076417360435264,klein_deformada,1.0,2.922726215086648,-0.9761441989804852
1967-12-01,36.2905,INDPRO,INDUSTRIAL_PRODUCTION,-5.403568001608939,0.1904077735778585,expansion_relajada,1.009,5.85505138267559,0.9097420789958511
1968-01-01,36.2514,INDPRO,INDUSTRIAL_PRODUCTION,-5.535464497862854,0.19505546528580975,expansion_relajada,1.009,2.601935415337934,-0.8578848571274387
1968-02-01,36.3813,INDPRO,INDUSTRIAL_PRODUCTION,-5.498360994116766,0.19374803368910792,expansion_relajada,1.009,5.632004755179636,0.7953687899412432
1968-03-01,36.4949,INDPRO,INDUSTRIAL_PRODUCTION,-5.477557490370678,0.1930149719732691,expansion_relajada,1.009,2.1834004433364598,-0.5749999742223918
1968-04-01,36.5477,INDPRO,INDUSTRIAL_PRODUCTION,-5.517553986624598,0.19442434515046544,expansion_relajada,1.009,5.213469783177935,0.48037375208696453
1968-05-01,36.9577,INDPRO,INDUSTRIAL_PRODUCTION,-5.200350482878498,0.1832469133310811,expansion_relajada,1.009,1.862609643587291,-0.2876893537411028
1968-06-01,37.0934,INDPRO,INDUSTRIAL_PRODUCTION,-5.157446979132416,0.1817351047215571,expansion_relajada,1.009,4.892678983429221,0.17931488355972444
1968-07-01,37.0366,INDPRO,INDUSTRIAL_PRODUCTION,-5.30704347538633,0.18700649869277663,expansion_relajada,1.009,1.5418188438381222,0.028973427754768227
1968-08-01,37.1399,INDPRO,INDUSTRIAL_PRODUCTION,-5.29653997164025,0.18663638236177787,expansion_relajada,1.009,4.571888183680052,-0.14003899403277062
1968-09-01,37.2806,INDPRO,INDUSTRIAL_PRODUCTION,-5.248636467894158,0.18494838667223423,expansion_relajada,1.009,1.3187722163423956,0.24936463686599725
1968-10-01,37.3546,INDPRO,INDUSTRIAL_PRODUCTION,-5.267432964148071,0.1856107266301484,expansion_relajada,1.009,4.251097383930883,-0.44510507457015097
1968-11-01,37.8378,INDPRO,INDUSTRIAL_PRODUCTION,-4.877029460401978,0.1718539159592815,expansion_relajada,1.009,0.9979814165936816,0.5419997833025967
1968-12-01,37.9573,INDPRO,INDUSTRIAL_PRODUCTION,-4.850325956655901,0.17091295348902028,expansion_relajada,1.009,3.930306584182169,-0.7047582969416336
1969-01-01,38.1869,INDPRO,INDUSTRIAL_PRODUCTION,-4.713522452909807,0.16609235151673307,expansion_relajada,1.009,0.6771906168445128,0.7793361684108349
1969-02-01,38.4313,INDPRO,INDUSTRIAL_PRODUCTION,-4.561918949163726,0.16075023578758918,expansion_relajada,1.009,3.7072599566864426,-0.8442311277729826
1969-03-01,38.7326,INDPRO,INDUSTRIAL_PRODUCTION,-4.353415445417639,0.15340311108782523,expansion_relajada,1.009,0.16091147258982375,0.9870816591319058
1969-04-01,38.5901,INDPRO,INDUSTRIAL_PRODUCTION,-4.588711941671548,0.1616943516105757,expansion_relajada,1.009,3.190980812431526,-0.9987806527649983
1969-05-01,38.4443,INDPRO,INDUSTRIAL_PRODUCTION,-4.827308437925467,0.17010187560613926,expansion_relajada,1.009,6.123305980020241,0.987246501568171
1969-06-01,38.8198,INDPRO,INDUSTRIAL_PRODUCTION,-4.544604934179375,0.1601401346388885,expansion_relajada,1.009,2.870190012682585,-0.9633958200022239
1969-07-01,39.0248,INDPRO,INDUSTRIAL_PRODUCTION,-4.432401430433295,0.15618637310029682,expansion_relajada,1.009,5.802515180271527,0.8866852729899034
1969-08-01,39.1145,INDPRO,INDUSTRIAL_PRODUCTION,-4.435497926687198,0.15629548562695,expansion_relajada,1.009,2.5493992129338707,-0.8297183362891052
1969-09-01,39.1057,INDPRO,INDUSTRIAL_PRODUCTION,-4.5370944229411165,0.15987548362998427,expansion_relajada,1.009,5.579468552775573,0.7624425110115128
1969-10-01,39.1171,INDPRO,INDUSTRIAL_PRODUCTION,-4.618490919195025,0.16274368582974016,expansion_relajada,1.009,2.228608413184702,-0.6113869511130191
1969-11-01,38.7484,INDPRO,INDUSTRIAL_PRODUCTION,-5.079987415448947,0.17900562985256496,recession_deformada,0.996,5.258677753026632,0.5195197243278806
1969-12-01,38.6444,INDPRO,INDUSTRIAL_PRODUCTION,-5.27678391170285,0.18594022985916647,recession_deformada,0.996,1.9078176134359879,-0.330677420907243
1970-01-01,37.9288,INDPRO,INDUSTRIAL_PRODUCTION,-6.085180407956763,0.21442603349373113,recession_deformada,0.996,4.937886953277918,0.22359175549085894
1970-02-01,37.9038,INDPRO,INDUSTRIAL_PRODUCTION,-6.202976904210679,0.2185768776360279,recession_deformada,0.996,1.6847709859402613,-0.11372805999703813
1970-03-01,37.8546,INDPRO,INDUSTRIAL_PRODUCTION,-6.344973400464596,0.22358046724561817,recession_deformada,0.996,4.421607809022774,-0.2867006904538636
1970-04-01,37.7573,INDPRO,INDUSTRIAL_PRODUCTION,-6.535069896718504,0.23027897656499396,recession_deformada,0.996,1.168491841685345,0.39153987774349575
1970-05-01,37.7133,INDPRO,INDUSTRIAL_PRODUCTION,-6.671866392972419,0.2350993316113641,recession_deformada,0.996,4.10081700927406,-0.5741552147704785
1970-06-01,37.5913,INDPRO,INDUSTRIAL_PRODUCTION,-6.886662889226329,0.24266820510603543,recession_deformada,0.996,0.8477010419364035,0.661708562435608
1970-07-01,37.6836,INDPRO,INDUSTRIAL_PRODUCTION,-6.8871593854802455,0.24268570035107903,recession_deformada,0.996,3.7800262095251185,-0.8030302466864648
1970-08-01,37.6164,INDPRO,INDUSTRIAL_PRODUCTION,-7.047155881734156,0.24832356344873863,recession_deformada,0.996,0.5269102421876894,0.8643649251847195
1970-09-01,37.3571,INDPRO,INDUSTRIAL_PRODUCTION,-7.39925237798807,0.2607305341607405,recession_deformada,0.996,3.5569795820291645,-0.9149602463453037
1970-10-01,36.6098,INDPRO,INDUSTRIAL_PRODUCTION,-8.239348874241983,0.29033336388262765,recession_deformada,0.996,0.20611944243852065,0.9788324893934691
1970-11-01,36.3881,INDPRO,INDUSTRIAL_PRODUCTION,-8.553845370495893,0.30141540775288406,recession_deformada,0.996,3.2361887822804505,-0.9955291216548294
1970-12-01,37.2237,INDPRO,INDUSTRIAL_PRODUCTION,-7.811041866749811,0.27524093168225616,recession_deformada,0.996,6.1685139498691655,0.9934324413275243
1971-01-01,37.5101,INDPRO,INDUSTRIAL_PRODUCTION,-7.617438363003721,0.26841884448094966,klein_deformada,1.0,2.9153979825312817,-0.9745268727865667
1971-02-01,37.4386,INDPRO,INDUSTRIAL_PRODUCTION,-7.781734859257639,0.27420822846742615,klein_deformada,1.0,5.945467322373439,0.9435132327386535
1971-03-01,37.398,INDPRO,INDUSTRIAL_PRODUCTION,-7.915131355511541,0.2789087762993827,klein_deformada,1.0,2.3991188382765927,-0.7367982370448197
1971-04-01,37.608,INDPRO,INDUSTRIAL_PRODUCTION,-7.797927851765465,0.27477882768077183,klein_deformada,1.0,5.4291881781185225,0.6569749168592145
1971-05-01,37.7989,INDPRO,INDUSTRIAL_PRODUCTION,-7.699824348019369,0.2713219137078341,klein_deformada,1.0,2.0783280385278786,-0.4860215769457177
1971-06-01,37.9574,INDPRO,INDUSTRIAL_PRODUCTION,-7.634120844273291,0.26900669201342214,klein_deformada,1.0,5.108397378369354,0.38573874087659876
1971-07-01,37.8472,INDPRO,INDUSTRIAL_PRODUCTION,-7.8371173405272,0.27615976399924785,klein_deformada,1.0,1.7575372387787098,-0.1856574594115438
1971-08-01,37.6276,INDPRO,INDUSTRIAL_PRODUCTION,-8.14951383678111,0.28716780929589625,klein_deformada,1.0,4.78760657862064,0.07514669202483701
1971-09-01,38.2391,INDPRO,INDUSTRIAL_PRODUCTION,-7.630810333035022,0.26889003815173385,klein_deformada,1.0,1.5344906112829833,0.03629774024681396
1971-10-01,38.5253,INDPRO,INDUSTRIAL_PRODUCTION,-7.437406829288939,0.26207499843362836,klein_deformada,1.0,4.466815778871926,-0.24311236909323544
1971-11-01,38.6888,INDPRO,INDUSTRIAL_PRODUCTION,-7.366703325542851,0.25958358965919676,klein_deformada,1.0,1.2136998115338145,0.3495553900740934
1971-12-01,39.1355,INDPRO,INDUSTRIAL_PRODUCTION,-7.012799821796769,0.24711294467247125,klein_deformada,1.0,4.146024979122757,-0.5365673375004166
1972-01-01,40.0728,INDPRO,INDUSTRIAL_PRODUCTION,-6.168296318050672,0.21735482339424989,klein_deformada,1.0,0.8929090117851004,0.6271488557400601
1972-02-01,40.4789,INDPRO,INDUSTRIAL_PRODUCTION,-5.8549928143045875,0.20631481749728117,klein_deformada,1.0,3.9229783516270302,-0.7099383228799157
1972-03-01,40.761,INDPRO,INDUSTRIAL_PRODUCTION,-5.6656893105584984,0.19964425118479134,expansion_relajada,1.009,0.4743740397831715,0.8895788230539482
1972-04-01,41.1654,INDPRO,INDUSTRIAL_PRODUCTION,-5.354085806812421,0.18866414889502942,expansion_relajada,1.009,3.5044433796251013,-0.9348887848645431
1972-05-01,41.1693,INDPRO,INDUSTRIAL_PRODUCTION,-5.442982303066337,0.19179663171481454,expansion_relajada,1.009,0.15358324003445745,0.9882292586726691
1972-06-01,41.2778,INDPRO,INDUSTRIAL_PRODUCTION,-5.4272787993202485,0.19124328082059538,expansion_relajada,1.009,3.1836525798763873,-0.9991156116882492
1972-07-01,41.2389,INDPRO,INDUSTRIAL_PRODUCTION,-5.5589752955741645,0.19588392504534585,expansion_relajada,1.009,6.115977747465102,0.9860533552468305
1972-08-01,41.805,INDPRO,INDUSTRIAL_PRODUCTION,-5.085671791828062,0.17920593258775838,expansion_relajada,1.009,2.8628617801272185,-0.961405394526654
1972-09-01,42.1288,INDPRO,INDUSTRIAL_PRODUCTION,-4.854668288081982,0.17106596602790772,expansion_relajada,1.009,5.892931119969148,0.9248123909459594
1972-10-01,42.6703,INDPRO,INDUSTRIAL_PRODUCTION,-4.405964784335893,0.15525481400401578,expansion_relajada,1.009,2.542070980378277,-0.8256056041033648
1972-11-01,43.1755,INDPRO,INDUSTRIAL_PRODUCTION,-3.993561280589809,0.14072278018106418,expansion_relajada,1.009,5.572140320220434,0.7576803042595346
1972-12-01,43.6617,INDPRO,INDUSTRIAL_PRODUCTION,-3.600157776843716,0.12686025726218572,expansion_relajada,1.009,2.221280180629563,-0.6055715230781885
1973-01-01,43.9783,INDPRO,INDUSTRIAL_PRODUCTION,-3.3763542730976397,0.11897400009756305,expansion_relajada,1.009,5.2513495204712655,0.5132441602659806
1973-02-01,44.6103,INDPRO,INDUSTRIAL_PRODUCTION,-2.8371507693515454,0.09997386192532126,expansion_relajada,1.009,1.998233553133609,-0.4145399625337322
1973-03-01,44.6294,INDPRO,INDUSTRIAL_PRODUCTION,-2.9108472656054687,0.10257073602184791,expansion_relajada,1.009,4.735070376216122,0.022679451156964334
1973-04-01,44.568,INDPRO,INDUSTRIAL_PRODUCTION,-3.0650437618593784,0.10800422210668507,expansion_relajada,1.009,1.48195440887892,0.08872509416870285
1973-05-01,44.8608,INDPRO,INDUSTRIAL_PRODUCTION,-2.8650402581132965,0.10095661544295415,expansion_relajada,1.009,4.414279576467408,-0.2937135241666019
1973-06-01,44.9186,INDPRO,INDUSTRIAL_PRODUCTION,-2.9000367543671928,0.10218980154013034,expansion_relajada,1.009,1.1611636091297513,0.398272458829384
1973-07-01,45.085,INDPRO,INDUSTRIAL_PRODUCTION,-2.8264332506211076,0.09959620425928763,expansion_relajada,1.009,4.093488776718694,-0.5801397087787101
1973-08-01,45.0221,INDPRO,INDUSTRIAL_PRODUCTION,-2.9821297468750245,0.10508254646813084,expansion_relajada,1.009,0.8403728093810372,0.6671851695228167
1973-09-01,45.3801,INDPRO,INDUSTRIAL_PRODUCTION,-2.7169262431289383,0.09573746028094787,expansion_relajada,1.009,3.8704421492225123,-0.7459411454242574
1973-10-01,45.7462,INDPRO,INDUSTRIAL_PRODUCTION,-2.443622739382853,0.08610695102413365,expansion_relajada,1.009,0.5195820096318684,0.8680267949724125
1973-11-01,45.9548,INDPRO,INDUSTRIAL_PRODUCTION,-2.327819235636767,0.08202633478792787,expansion_relajada,1.009,3.5496513494737982,-0.9178929161011464
1973-12-01,45.8252,INDPRO,INDUSTRIAL_PRODUCTION,-2.550215731890681,0.08986301264422868,expansion_relajada,1.009,0.19879120988315435,0.9803060112827522
1974-01-01,45.5207,INDPRO,INDUSTRIAL_PRODUCTION,-2.9475122281445962,0.1038627145596052,expansion_relajada,1.009,3.228860549725084,-0.9961945731498641
1974-02-01,45.3825,INDPRO,INDUSTRIAL_PRODUCTION,-3.1785087243985117,0.11200243419353928,recession_deformada,0.996,6.258929889567014,0.9997058517798804
1974-03-01,45.3798,INDPRO,INDUSTRIAL_PRODUCTION,-3.2740052206524197,0.11536748395894961,recession_deformada,0.996,2.7125814054699404,-0.909377487081221
1974-04-01,45.247,INDPRO,INDUSTRIAL_PRODUCTION,-3.4996017169063265,0.12331692154646251,recession_deformada,0.996,5.74265074531187,0.8574337213330898
1974-05-01,45.6083,INDPRO,INDUSTRIAL_PRODUCTION,-3.2310982131602373,0.1138555518864667,expansion_relajada,1.009,2.3917906057212264,-0.7318237863827226
1974-06-01,45.5216,INDPRO,INDUSTRIAL_PRODUCTION,-3.4105947094141555,0.12018054459620191,expansion_relajada,1.009,5.421859945563156,0.651432479983616
1974-07-01,45.6136,INDPRO,INDUSTRIAL_PRODUCTION,-3.4113912056680675,0.12020861106604652,expansion_relajada,1.009,2.070999805972285,-0.47960409845574087
1974-08-01,45.1303,INDPRO,INDUSTRIAL_PRODUCTION,-3.987487701921985,0.1405087629629139,recession_deformada,0.996,5.101069145814442,0.378967357388953
1974-09-01,45.1377,INDPRO,INDUSTRIAL_PRODUCTION,-4.072884198175892,0.14351791482668516,recession_deformada,0.996,1.847953178476331,-0.27362211213324955
1974-10-01,44.995,INDPRO,INDUSTRIAL_PRODUCTION,-4.308380694429815,0.1518162028326369,recession_deformada,0.996,4.780278346065273,0.06783722773441542
1974-11-01,43.5148,INDPRO,INDUSTRIAL_PRODUCTION,-5.881377190683722,0.20724453474375523,recession_deformada,0.996,1.527162378727617,0.04362010345054246
1974-12-01,41.9503,INDPRO,INDUSTRIAL_PRODUCTION,-7.538673686937642,0.2656433808239997,recession_deformada,0.996,4.459487546316332,-0.2502141494577422
1975-01-01,41.3689,INDPRO,INDUSTRIAL_PRODUCTION,-8.212870183191555,0.2894003232308459,recession_deformada,0.996,1.2063715789784482,0.356411878713281
1975-02-01,40.4252,INDPRO,INDUSTRIAL_PRODUCTION,-9.249366679445458,0.32592378145589146,recession_deformada,0.996,4.236440918820833,-0.45818134576842157
1975-03-01,39.9804,INDPRO,INDUSTRIAL_PRODUCTION,-9.78696317569937,0.3448672928366099,recession_deformada,0.996,0.6900924347237591,0.7711871735637577
1975-04-01,40.0572,INDPRO,INDUSTRIAL_PRODUCTION,-9.802959671953282,0.34543096802971324,recession_deformada,0.996,3.720161774565689,-0.8372459493106167
1975-05-01,39.9402,INDPRO,INDUSTRIAL_PRODUCTION,-10.012756168207204,0.35282365444436564,recession_deformada,0.996,0.3693016349750451,0.9325796578012707
1975-06-01,40.1927,INDPRO,INDUSTRIAL_PRODUCTION,-9.85305266446111,0.34719611564559,recession_deformada,0.996,3.39937097481652,-0.9669587430896396
1975-07-01,40.6115,INDPRO,INDUSTRIAL_PRODUCTION,-9.52704916071503,0.33570859456537233,klein_deformada,1.0,0.048510835226103666,0.9988235801658256
1975-08-01,41.0114,INDPRO,INDUSTRIAL_PRODUCTION,-9.219945656968939,0.32488706064762735,klein_deformada,1.0,3.078580175067806,-0.9980153705818885
1975-09-01,41.5422,INDPRO,INDUSTRIAL_PRODUCTION,-8.781942153222857,0.30945294897497694,klein_deformada,1.0,6.108649514909736,0.9848072551466072
1975-10-01,41.7224,INDPRO,INDUSTRIAL_PRODUCTION,-8.694538649476769,0.3063730753532808,klein_deformada,1.0,2.7577893753188647,-0.9272472086915879
1975-11-01,41.7797,INDPRO,INDUSTRIAL_PRODUCTION,-8.730035145730689,0.30762388015845976,klein_deformada,1.0,5.787858715160567,0.8798135213631121
1975-12-01,42.3462,INDPRO,INDUSTRIAL_PRODUCTION,-8.25633164198458,0.2909317927344705,klein_deformada,1.0,2.4369985755701506,-0.7618745401838839
1976-01-01,42.9082,INDPRO,INDUSTRIAL_PRODUCTION,-7.787128138238501,0.2743982736824997,klein_deformada,1.0,5.467067915411853,0.6850548108575338
1976-02-01,43.3407,INDPRO,INDUSTRIAL_PRODUCTION,-7.447424634492414,0.26242800000302885,klein_deformada,1.0,2.2139519480741967,-0.5997235741858246
1976-03-01,43.4281,INDPRO,INDUSTRIAL_PRODUCTION,-7.4528211307463295,0.2626181585864914,klein_deformada,1.0,5.048532943409924,0.32984932499104064
1976-04-01,43.6518,INDPRO,INDUSTRIAL_PRODUCTION,-7.321917627000239,0.2580054573686271,klein_deformada,1.0,1.7954169760722678,-0.22273655723840355
1976-05-01,43.8315,INDPRO,INDUSTRIAL_PRODUCTION,-7.23501412325416,0.25494320245493324,klein_deformada,1.0,4.727742143660983,0.0153525601097597
1976-06-01,43.8775,INDPRO,INDUSTRIAL_PRODUCTION,-7.281810619508072,0.25659219006095557,klein_deformada,1.0,1.4746261763233264,0.09602197756464184
1976-07-01,44.1248,INDPRO,INDUSTRIAL_PRODUCTION,-7.127307115761987,0.2511478858254003,klein_deformada,1.0,4.406951343912041,-0.3007105846547776
1976-08-01,44.4262,INDPRO,INDUSTRIAL_PRODUCTION,-6.9187036120158965,0.24379723738403586,klein_deformada,1.0,1.1538353765746123,0.4049836515877496
1976-09-01,44.5711,INDPRO,INDUSTRIAL_PRODUCTION,-6.8666001082698145,0.24196124454727633,klein_deformada,1.0,4.183904716416315,-0.5042249732203696
1976-10-01,44.56,INDPRO,INDUSTRIAL_PRODUCTION,-6.970496604523717,0.2456222886071189,klein_deformada,1.0,0.8330445768254435,0.6726259469304622
1976-11-01,45.2454,INDPRO,INDUSTRIAL_PRODUCTION,-6.377893100777634,0.2247404724202712,klein_deformada,1.0,3.863113916667146,-0.7508017620427688
1976-12-01,45.731,INDPRO,INDUSTRIAL_PRODUCTION,-5.985089597031546,0.21089909195099524,klein_deformada,1.0,0.5122537770767295,0.8716420493320207
1977-01-01,45.4156,INDPRO,INDUSTRIAL_PRODUCTION,-6.393286093285461,0.22528288170081387,klein_deformada,1.0,3.542323116918432,-0.9207762924813057
1977-02-01,46.1358,INDPRO,INDUSTRIAL_PRODUCTION,-5.765882589539373,0.20317480343703156,klein_deformada,1.0,0.28920714958054816,0.9584702916488799
1977-03-01,46.7158,INDPRO,INDUSTRIAL_PRODUCTION,-5.278679085793286,0.1860070108969909,expansion_relajada,1.009,3.026043972663288,-0.9933316754669504
1977-04-01,47.1719,INDPRO,INDUSTRIAL_PRODUCTION,-4.915375582047204,0.1732051341998291,expansion_relajada,1.009,6.056113312505445,0.9743297397318834
1977-05-01,47.541,INDPRO,INDUSTRIAL_PRODUCTION,-4.639072078301119,0.1634689126950033,expansion_relajada,1.009,2.705253172914574,-0.906304757822328
1977-06-01,47.9063,INDPRO,INDUSTRIAL_PRODUCTION,-4.366568574555032,0.1538665933709921,expansion_relajada,1.009,5.735322512756731,0.8536396642547806
1977-07-01,47.9714,INDPRO,INDUSTRIAL_PRODUCTION,-4.3942650708089275,0.15484254633134006,expansion_relajada,1.009,2.38446237316586,-0.72681003476928
1977-08-01,48.0157,INDPRO,INDUSTRIAL_PRODUCTION,-4.4427615670628455,0.15655143754456916,expansion_relajada,1.009,5.414531713008017,0.6458550593912401
1977-09-01,48.2097,INDPRO,INDUSTRIAL_PRODUCTION,-4.341558063316761,0.15298528758201985,expansion_relajada,1.009,2.1614157456696788,-0.5568756164881058
1977-10-01,48.2839,INDPRO,INDUSTRIAL_PRODUCTION,-4.360154559570674,0.15364058005673326,expansion_relajada,1.009,5.0937409132588485,0.37217562231064705
1977-11-01,48.3755,INDPRO,INDUSTRIAL_PRODUCTION,-4.361351055824585,0.1536827414929794,expansion_relajada,1.009,1.8406249459209647,-0.266566260874012
1977-12-01,48.4573,INDPRO,INDUSTRIAL_PRODUCTION,-4.372347552078509,0.1540702296060638,expansion_relajada,1.009,4.772950113510134,0.06052412039839988
1978-01-01,47.7512,INDPRO,INDUSTRIAL_PRODUCTION,-5.171244048332419,0.18222127778859168,recession_deformada,0.996,1.519834146171796,0.05094012413512504
1978-02-01,48.0098,INDPRO,INDUSTRIAL_PRODUCTION,-5.005440544586335,0.17637879075219282,recession_deformada,0.996,4.549903486013953,-0.1617714598349256
1978-03-01,48.9358,INDPRO,INDUSTRIAL_PRODUCTION,-4.172237040840244,0.14701885227481531,expansion_relajada,1.009,1.003555001917107,0.5373074670278126
1978-04-01,49.9074,INDPRO,INDUSTRIAL_PRODUCTION,-3.2934335370941596,0.11605208762766189,expansion_relajada,1.009,4.033624341759264,-0.6278319611540992
1978-05-01,50.1513,INDPRO,INDUSTRIAL_PRODUCTION,-3.142330033348067,0.1107275906065195,expansion_relajada,1.009,0.6827642021683928,0.7758316392816739
1978-06-01,50.4751,INDPRO,INDUSTRIAL_PRODUCTION,-2.911326529601979,0.10258762404666862,expansion_relajada,1.009,3.71283354201055,-0.8412307039921815
1978-07-01,50.4371,INDPRO,INDUSTRIAL_PRODUCTION,-3.0421230258558936,0.10719655459701555,expansion_relajada,1.009,0.36197340241922404,0.9351998229660526
1978-08-01,50.6393,INDPRO,INDUSTRIAL_PRODUCTION,-2.9327195221098066,0.10334145782323446,expansion_relajada,1.009,3.3920427422613812,-0.9688009698539913
1978-09-01,50.7631,INDPRO,INDUSTRIAL_PRODUCTION,-2.9017160183637216,0.10224897446415633,expansion_relajada,1.009,0.13892677492349748,0.9903651870824663
1978-10-01,51.1523,INDPRO,INDUSTRIAL_PRODUCTION,-2.605312514617637,0.09180448089765289,expansion_relajada,1.009,3.071251942512667,-0.9975271120510134
1978-11-01,51.5456,INDPRO,INDUSTRIAL_PRODUCTION,-2.3048090108715513,0.08121551392553357,expansion_relajada,1.009,6.10132128235437,0.9835082681865421
1978-12-01,51.806,INDPRO,INDUSTRIAL_PRODUCTION,-2.137205507125465,0.07530959954032766,expansion_relajada,1.009,2.7504611427634984,-0.9244782805531477
1979-01-01,51.525,INDPRO,INDUSTRIAL_PRODUCTION,-2.5110020033793816,0.08848122217961346,expansion_relajada,1.009,5.780530482605201,0.8763066800438546
1979-02-01,51.778,INDPRO,INDUSTRIAL_PRODUCTION,-2.3507984996332922,0.08283606467283604,expansion_relajada,1.009,2.527414515267772,-0.8172473510991917
1979-03-01,51.9382,INDPRO,INDUSTRIAL_PRODUCTION,-2.2833949958871926,0.08046093937121676,expansion_relajada,1.009,5.264251338350512,0.5242740274096117
1979-04-01,51.3251,INDPRO,INDUSTRIAL_PRODUCTION,-2.9892914921411062,0.10533490786538546,recession_deformada,0.996,2.011135371012628,-0.4262461913989408
1979-05-01,51.7782,INDPRO,INDUSTRIAL_PRODUCTION,-2.628987988395025,0.09263874341623526,expansion_relajada,1.009,4.943460538601798,0.22902073267570855
1979-06-01,51.7865,INDPRO,INDUSTRIAL_PRODUCTION,-2.713484484648937,0.09561618160560326,expansion_relajada,1.009,1.690344571263914,-0.11926368829610395
1979-07-01,51.7029,INDPRO,INDUSTRIAL_PRODUCTION,-2.889880980902852,0.10183193832572637,recession_deformada,0.996,4.622669738852629,-0.0895989234958718
1979-08-01,51.3658,INDPRO,INDUSTRIAL_PRODUCTION,-3.3197774771567623,0.11698038000282866,expansion_relajada,1.009,1.3695537715147452,0.19988696401578848
1979-09-01,51.3623,INDPRO,INDUSTRIAL_PRODUCTION,-3.4160739734106826,0.12037361970104253,recession_deformada,0.996,4.399623111356902,-0.30769149615677
1979-10-01,51.7175,INDPRO,INDUSTRIAL_PRODUCTION,-3.15367046966459,0.11112719827867015,recession_deformada,0.996,1.0487629717660312,0.4986436939376966
1979-11-01,51.6341,INDPRO,INDUSTRIAL_PRODUCTION,-3.3298669659185123,0.11733590751559275,recession_deformada,0.996,4.078832311607734,-0.5920149117878657
1979-12-01,51.6694,INDPRO,INDUSTRIAL_PRODUCTION,-3.3873634621724165,0.11936193547285615,expansion_relajada,1.009,0.7279721720173171,0.7465251662145284
1980-01-01,51.944,INDPRO,INDUSTRIAL_PRODUCTION,-3.2055599584263206,0.11295564978039505,expansion_relajada,1.009,3.7580415118590196,-0.81593665878598
1980-02-01,51.9633,INDPRO,INDUSTRIAL_PRODUCTION,-3.2790564546802443,0.11554547639372094,expansion_relajada,1.009,0.5049255445211358,0.8752104941149988
1980-03-01,51.7454,INDPRO,INDUSTRIAL_PRODUCTION,-3.5897529509341553,0.12649361808316276,expansion_relajada,1.009,3.339506539857318,-0.9804788917991887
1980-04-01,50.7197,INDPRO,INDUSTRIAL_PRODUCTION,-4.7082494471880665,0.16590654442052538,recession_deformada,0.996,0.08639057251943427,0.9962706548004872
1980-05-01,49.4766,INDPRO,INDUSTRIAL_PRODUCTION,-6.044145943441983,0.21298008499712803,recession_deformada,0.996,3.0187157401081492,-0.9924601261132578
1980-06-01,48.8383,INDPRO,INDUSTRIAL_PRODUCTION,-6.7752424396959015,0.23874203637459426,recession_deformada,0.996,6.0487850799503065,0.9726538192868226
1980-07-01,48.4907,INDPRO,INDUSTRIAL_PRODUCTION,-7.215638935949812,0.25426047091973714,recession_deformada,0.996,2.697924940359435,-0.90318335750384
1980-08-01,48.6456,INDPRO,INDUSTRIAL_PRODUCTION,-7.153535432203725,0.2520721039229388,recession_deformada,0.996,5.727994280201138,0.8497997643770033
1980-09-01,49.4578,INDPRO,INDUSTRIAL_PRODUCTION,-6.434131928457639,0.2267221833868011,recession_deformada,0.996,2.474878312863254,-0.7858577796848556
1980-10-01,50.0861,INDPRO,INDUSTRIAL_PRODUCTION,-5.8986284247115535,0.20785242365377393,klein_deformada,1.0,5.407203480451969,0.640242954604052
1980-11-01,50.9209,INDPRO,INDUSTRIAL_PRODUCTION,-5.156624920965449,0.1817061375159483,expansion_relajada,1.009,2.15408751311454,-0.5507739181826253
1980-12-01,51.257,INDPRO,INDUSTRIAL_PRODUCTION,-4.913321417219372,0.17313275073925027,expansion_relajada,1.009,5.086412680703255,0.36536390037717525
1981-01-01,50.9328,INDPRO,INDUSTRIAL_PRODUCTION,-5.33031791347328,0.18782662974990266,expansion_relajada,1.009,1.8332967133658258,-0.25949609427318093
1981-02-01,50.7237,INDPRO,INDUSTRIAL_PRODUCTION,-5.632214409727197,0.1984646821785107,expansion_relajada,1.009,4.863366053207528,0.15040416233599843
1981-03-01,50.9806,INDPRO,INDUSTRIAL_PRODUCTION,-5.468110905981106,0.19268209874931816,expansion_relajada,1.009,1.317017569110682,0.25106346946048735
1981-04-01,50.7661,INDPRO,INDUSTRIAL_PRODUCTION,-5.775407402235025,0.20351043322434711,recession_deformada,0.996,4.3470869089523845,-0.35723145028980285
1981-05-01,51.0552,INDPRO,INDUSTRIAL_PRODUCTION,-5.579103898488938,0.19659320499983032,expansion_relajada,1.009,0.996226769361968,0.543473516224804
1981-06-01,51.3214,INDPRO,INDUSTRIAL_PRODUCTION,-5.405700394742858,0.19048291360180222,expansion_relajada,1.009,4.02629610920367,-0.633518973784534
1981-07-01,51.6555,INDPRO,INDUSTRIAL_PRODUCTION,-5.16439689099677,0.1819800016571115,expansion_relajada,1.009,0.6754359696127992,0.7804344407055741
1981-08-01,51.5903,INDPRO,INDUSTRIAL_PRODUCTION,-5.322393387250685,0.18754738992276354,expansion_relajada,1.009,3.7055053094549564,-0.8451702822700775
1981-09-01,51.3429,INDPRO,INDUSTRIAL_PRODUCTION,-5.662589883504587,0.19953503538431905,expansion_relajada,1.009,0.4523893421170726,0.8994052515663088
1981-10-01,50.9463,INDPRO,INDUSTRIAL_PRODUCTION,-6.1519863797584975,0.2167801033136512,recession_deformada,0.996,3.3847145097057876,-0.9705911693401844
1981-11-01,50.3546,INDPRO,INDUSTRIAL_PRODUCTION,-6.836482876012418,0.24089999110533747,recession_deformada,0.996,0.13159854236835855,0.9913534012462035
1981-12-01,49.8086,INDPRO,INDUSTRIAL_PRODUCTION,-7.475279372266328,0.26340952898564685,recession_deformada,0.996,3.0639237099570735,-0.9969852835689431
1982-01-01,48.7877,INDPRO,INDUSTRIAL_PRODUCTION,-8.588975868520244,0.30265331572619103,recession_deformada,0.996,6.093993049798776,0.9821564641257671
1982-02-01,49.7839,INDPRO,INDUSTRIAL_PRODUCTION,-7.685572364774153,0.2708197106453423,recession_deformada,0.996,2.840877082461347,-0.9551247788296814
1982-03-01,49.4477,INDPRO,INDUSTRIAL_PRODUCTION,-8.114568861028076,0.28593643864804164,recession_deformada,0.996,5.577713905544087,0.7613059829438054
1982-04-01,48.9913,INDPRO,INDUSTRIAL_PRODUCTION,-8.663765357281981,0.30528870405440467,recession_deformada,0.996,2.324597938206203,-0.684415424475999
1982-05-01,48.6669,INDPRO,INDUSTRIAL_PRODUCTION,-9.080961853535904,0.3199896305482583,recession_deformada,0.996,5.256923105795373,0.5180196521850162
1982-06-01,48.5415,INDPRO,INDUSTRIAL_PRODUCTION,-9.2991583497898,0.3276783112573422,recession_deformada,0.996,2.0038071384570344,-0.41960563351134184
1982-07-01,48.3775,INDPRO,INDUSTRIAL_PRODUCTION,-9.555954846043718,0.3367271562241761,recession_deformada,0.996,4.936132306046204,0.22188118754635985
1982-08-01,47.9382,INDPRO,INDUSTRIAL_PRODUCTION,-10.088051342297625,0.3554768618168731,recession_deformada,0.996,1.6830163387083203,-0.11198462288506199
1982-09-01,47.8139,INDPRO,INDUSTRIAL_PRODUCTION,-10.305147838551548,0.36312678136835375,recession_deformada,0.996,4.7130856785504776,0.0006966981094261697
1982-10-01,47.3575,INDPRO,INDUSTRIAL_PRODUCTION,-10.854344334805454,0.3824790467747168,recession_deformada,0.996,1.3622255389596063,0.20706187373618584
1982-11-01,47.2078,INDPRO,INDUSTRIAL_PRODUCTION,-11.096840831059374,0.39102399669269544,recession_deformada,0.996,4.3922948788017635,-0.31465588377863685
1982-12-01,46.8713,INDPRO,INDUSTRIAL_PRODUCTION,-11.526137327313293,0.4061512959201957,klein_deformada,1.0,1.0414347392108922,0.5049824114756255
1983-01-01,47.7398,INDPRO,INDUSTRIAL_PRODUCTION,-10.7504338235672,0.3788175088630403,recession_deformada,0.996,4.071504079052595,-0.5979049830573404
1983-02-01,47.4484,INDPRO,INDUSTRIAL_PRODUCTION,-11.13463031982112,0.3923556006287664,klein_deformada,1.0,0.8183881117147109,0.6833988459071831
1983-03-01,47.8426,INDPRO,INDUSTRIAL_PRODUCTION,-10.833226816075033,0.38173491998224357,klein_deformada,1.0,3.5552249347979057,-0.9156669148340044
1983-04-01,48.4483,INDPRO,INDUSTRIAL_PRODUCTION,-10.32032331232893,0.3636615258509031,klein_deformada,1.0,0.30210896745956717,0.9547111225429566
1983-05-01,48.747,INDPRO,INDUSTRIAL_PRODUCTION,-10.114419808582845,0.35640601843274927,klein_deformada,1.0,3.2344341350491916,-0.9956933244576327
1983-06-01,49.0434,INDPRO,INDUSTRIAL_PRODUCTION,-9.910816304836764,0.34923155707140446,klein_deformada,1.0,6.264503474890894,0.9998254996464669
1983-07-01,49.7739,INDPRO,INDUSTRIAL_PRODUCTION,-9.273112801090676,0.32676053342278233,klein_deformada,1.0,2.913643335300023,-0.974131856738837
1983-08-01,50.364,INDPRO,INDUSTRIAL_PRODUCTION,-8.775809297344594,0.3092368429811029,klein_deformada,1.0,5.943712675141725,0.9429304048303447
1983-09-01,51.0937,INDPRO,INDUSTRIAL_PRODUCTION,-8.138905793598504,0.28679400926528376,klein_deformada,1.0,2.6905967078042963,-0.9000134537534498
1983-10-01,51.4902,INDPRO,INDUSTRIAL_PRODUCTION,-7.835202289852418,0.27609228256195206,klein_deformada,1.0,5.6229218753925565,0.7898306896199883
1983-11-01,51.721,INDPRO,INDUSTRIAL_PRODUCTION,-7.697198786106334,0.2712293956904606,klein_deformada,1.0,2.369805908055582,-0.7166657077938234
1983-12-01,51.9769,INDPRO,INDUSTRIAL_PRODUCTION,-7.534095282360248,0.26548204967727207,klein_deformada,1.0,5.3021310756438425,0.5561467008715202
1984-01-01,53.0088,INDPRO,INDUSTRIAL_PRODUCTION,-6.594991778614158,0.23239046884508552,klein_deformada,1.0,2.0490151083064134,-0.46019851206901324
1984-02-01,53.2486,INDPRO,INDUSTRIAL_PRODUCTION,-6.4479882748680595,0.22721044522955874,klein_deformada,1.0,5.079084448148116,0.35853255739717615
1984-03-01,53.5028,INDPRO,INDUSTRIAL_PRODUCTION,-6.286584771121973,0.2215230028235768,klein_deformada,1.0,1.6304801363042571,-0.059648381968731505
1984-04-01,53.8233,INDPRO,INDUSTRIAL_PRODUCTION,-6.058881267375888,0.21349931973653874,klein_deformada,1.0,4.660549476146414,-0.05181628901240968
1984-05-01,54.1104,INDPRO,INDUSTRIAL_PRODUCTION,-5.864577763629811,0.20665256634403,klein_deformada,1.0,1.309689336555543,0.2581501784301098
1984-06-01,54.3075,INDPRO,INDUSTRIAL_PRODUCTION,-5.760274259883722,0.20297718039186857,klein_deformada,1.0,4.3397586763972456,-0.36406648255470997
1984-07-01,54.4587,INDPRO,INDUSTRIAL_PRODUCTION,-5.701870756137637,0.20091919183428458,klein_deformada,1.0,0.9888985368063743,0.5496103793986886
1984-08-01,54.5239,INDPRO,INDUSTRIAL_PRODUCTION,-5.729467252391551,0.2018916210530328,klein_deformada,1.0,4.0189678766485315,-0.6391719647022478
1984-09-01,54.3696,INDPRO,INDUSTRIAL_PRODUCTION,-5.976563748645468,0.21059866308462913,klein_deformada,1.0,0.7658519093106477,0.7207921170195076
1984-10-01,54.3474,INDPRO,INDUSTRIAL_PRODUCTION,-6.091560244899377,0.21465084246211483,klein_deformada,1.0,3.6981770768993627,-0.8490644725778604
1984-11-01,54.529,INDPRO,INDUSTRIAL_PRODUCTION,-6.002756741153291,0.21152163645801336,klein_deformada,1.0,0.44506110956147893,0.9025843586185033
1984-12-01,54.5556,INDPRO,INDUSTRIAL_PRODUCTION,-6.068953237407193,0.21385422993451028,klein_deformada,1.0,3.377386277150194,-0.9723292454094635
1985-01-01,54.527,INDPRO,INDUSTRIAL_PRODUCTION,-6.190349733661108,0.21813192877442092,klein_deformada,1.0,0.12427030981276488,0.9922883770040977
1985-02-01,54.6871,INDPRO,INDUSTRIAL_PRODUCTION,-6.123046229915019,0.21576032721440241,klein_deformada,1.0,3.154339649654922,-0.9999187581457214
1985-03-01,54.7673,INDPRO,INDUSTRIAL_PRODUCTION,-6.135642726168939,0.2162041951930929,klein_deformada,1.0,5.891176472737662,0.9241434585925618
1985-04-01,54.6467,INDPRO,INDUSTRIAL_PRODUCTION,-6.349039222422846,0.22372373630535866,klein_deformada,1.0,2.6380605053997783,-0.8758836889776983
1985-05-01,54.7396,INDPRO,INDUSTRIAL_PRODUCTION,-6.348935718676763,0.22372008910080002,klein_deformada,1.0,5.570385672988493,0.7565340102622541
1985-06-01,54.711,INDPRO,INDUSTRIAL_PRODUCTION,-6.470332214930679,0.22799778794071066,klein_deformada,1.0,2.3172697056510643,-0.6790541371508375
1985-07-01,54.4365,INDPRO,INDUSTRIAL_PRODUCTION,-6.837628711184593,0.24094036737597124,recession_deformada,0.996,5.249594873239779,0.5117374578790925
1985-08-01,54.6121,INDPRO,INDUSTRIAL_PRODUCTION,-6.754825207438508,0.238022585867893,recession_deformada,0.996,1.9964789059018955,-0.41294254164685973
1985-09-01,54.8147,INDPRO,INDUSTRIAL_PRODUCTION,-6.6450217036924215,0.23415339412771038,klein_deformada,1.0,5.026548245744053,0.30901699437531216
1985-10-01,54.6228,INDPRO,INDUSTRIAL_PRODUCTION,-6.929718199946329,0.24418536300105165,recession_deformada,0.996,1.6756881061531814,-0.1046995435920355
1985-11-01,54.8123,INDPRO,INDUSTRIAL_PRODUCTION,-6.833014696200237,0.24077778141051945,klein_deformada,1.0,4.705757445994884,-0.0066314857838070404
1985-12-01,55.3553,INDPRO,INDUSTRIAL_PRODUCTION,-6.382811192454156,0.22491377326262196,klein_deformada,1.0,1.3548973064040126,0.2142256636645635
1986-01-01,55.6453,INDPRO,INDUSTRIAL_PRODUCTION,-6.1856076887080675,0.21796483136370162,klein_deformada,1.0,4.38496664624617,-0.3216033735140272
1986-02-01,55.2634,INDPRO,INDUSTRIAL_PRODUCTION,-6.660304184961987,0.23469190927777733,klein_deformada,1.0,1.131850678908286,0.42498530166496545
1986-03-01,54.8728,INDPRO,INDUSTRIAL_PRODUCTION,-7.143700681215897,0.2517255527110863,klein_deformada,1.0,3.868687501991026,-0.7471086124073133
1986-04-01,54.935,INDPRO,INDUSTRIAL_PRODUCTION,-7.1742971774698105,0.2528036941778461,recession_deformada,0.996,0.6155715346531423,0.8164435617295842
1986-05-01,55.0399,INDPRO,INDUSTRIAL_PRODUCTION,-7.162193673723721,0.2523771979812408,recession_deformada,0.996,3.547896702242312,-0.918587796191463
1986-06-01,54.826,INDPRO,INDUSTRIAL_PRODUCTION,-7.468890169977641,0.2631843900066675,recession_deformada,0.996,0.294780734904883,0.9568658684212196
1986-07-01,55.167,INDPRO,INDUSTRIAL_PRODUCTION,-7.2206866662315505,0.25443833989155007,klein_deformada,1.0,3.227105902493598,-0.9963459696248779
1986-08-01,55.0726,INDPRO,INDUSTRIAL_PRODUCTION,-7.407883162485454,0.26103466070451453,klein_deformada,1.0,6.2571752423353,0.999661757333135
1986-09-01,55.2237,INDPRO,INDUSTRIAL_PRODUCTION,-7.349579658739366,0.2589801958885308,klein_deformada,1.0,3.0040592749974167,-0.9905571835524382
1986-10-01,55.4589,INDPRO,INDUSTRIAL_PRODUCTION,-7.2071761549932845,0.2539622643866224,klein_deformada,1.0,5.936384442586132,0.940464880507296
1986-11-01,55.6763,INDPRO,INDUSTRIAL_PRODUCTION,-7.082572651247197,0.2495715588895826,klein_deformada,1.0,2.6832684752487026,-0.8967952168035113
1986-12-01,56.2078,INDPRO,INDUSTRIAL_PRODUCTION,-6.643869147501114,0.23411278102572947,klein_deformada,1.0,5.615593642837418,0.7853149340173956
1987-01-01,55.9911,INDPRO,INDUSTRIAL_PRODUCTION,-6.953365643755021,0.2450186378159665,klein_deformada,1.0,2.362477675499534,-0.7115356772092919
1987-02-01,56.7373,INDPRO,INDUSTRIAL_PRODUCTION,-6.299962140008944,0.22199438673608413,klein_deformada,1.0,5.392547015341691,0.6289158998370622
1987-03-01,56.8136,INDPRO,INDUSTRIAL_PRODUCTION,-6.316458636262851,0.22257568063718922,klein_deformada,1.0,1.8461985312448448,-0.27193400667904555
1987-04-01,57.185,INDPRO,INDUSTRIAL_PRODUCTION,-6.037855132516768,0.2127584130755546,klein_deformada,1.0,4.876267871086547,0.16314634520888344
1987-05-01,57.5424,INDPRO,INDUSTRIAL_PRODUCTION,-5.773251628770673,0.20343446933797366,klein_deformada,1.0,1.5254077314961307,0.04537301254381137
1987-06-01,57.8502,INDPRO,INDUSTRIAL_PRODUCTION,-5.558248125024583,0.1958583014341845,expansion_relajada,1.009,4.555477071338288,-0.1562688041638186
1987-07-01,58.2421,INDPRO,INDUSTRIAL_PRODUCTION,-5.259144621278502,0.18531866684447074,expansion_relajada,1.009,1.2046169317474167,0.3580507469058271
1987-08-01,58.6784,INDPRO,INDUSTRIAL_PRODUCTION,-4.9156411175324095,0.17321449098418507,expansion_relajada,1.009,4.234686271589119,-0.4597402731692512
1987-09-01,58.9088,INDPRO,INDUSTRIAL_PRODUCTION,-4.778037613786331,0.16836569907909535,expansion_relajada,1.009,0.9815703042512354,0.5557177269822635
1987-10-01,59.7008,INDPRO,INDUSTRIAL_PRODUCTION,-4.0788341100402405,0.14372757434623554,expansion_relajada,1.009,3.9138954718399503,-0.716305694566486
1987-11-01,59.9956,INDPRO,INDUSTRIAL_PRODUCTION,-3.876830606294156,0.1366094928504968,expansion_relajada,1.009,0.6607795045020666,0.7895140641889604
1987-12-01,60.3246,INDPRO,INDUSTRIAL_PRODUCTION,-3.6406271025480734,0.128286291727426,expansion_relajada,1.009,3.5931046720907815,-0.899788397367542
1988-01-01,60.309,INDPRO,INDUSTRIAL_PRODUCTION,-3.7490235988019833,0.13210590415928625,expansion_relajada,1.009,0.3399887047533525,0.942758432287166
1988-02-01,60.6122,INDPRO,INDUSTRIAL_PRODUCTION,-3.5386200950559044,0.12469182836911524,expansion_relajada,1.009,3.3700580445955097,-0.9740151047221547
1988-03-01,60.7452,INDPRO,INDUSTRIAL_PRODUCTION,-3.4984165913098053,0.12327516078280107,expansion_relajada,1.009,6.204639039931237,0.9969168275799293
1988-04-01,61.108,INDPRO,INDUSTRIAL_PRODUCTION,-3.228413087563716,0.11376093499879945,expansion_relajada,1.009,2.9515230725933534,-0.9819910917499878
1988-05-01,60.9843,INDPRO,INDUSTRIAL_PRODUCTION,-3.4449095838176262,0.12138971210067732,expansion_relajada,1.009,5.883848240182068,0.9213189498608523
1988-06-01,61.1615,INDPRO,INDUSTRIAL_PRODUCTION,-3.360506080071552,0.11841555072699328,expansion_relajada,1.009,2.6307322728441846,-0.8723241663671744
1988-07-01,61.171,INDPRO,INDUSTRIAL_PRODUCTION,-3.44380257632546,0.12135070401715647,expansion_relajada,1.009,5.5630574404329,0.7517214096223285
1988-08-01,61.4771,INDPRO,INDUSTRIAL_PRODUCTION,-3.23049907257937,0.11383443972057389,expansion_relajada,1.009,2.3099414730954706,-0.673656382749385
1988-09-01,61.2785,INDPRO,INDUSTRIAL_PRODUCTION,-3.52189556883328,0.1241024992811411,expansion_relajada,1.009,5.340010812937628,0.5872214690305728
1988-10-01,61.5488,INDPRO,INDUSTRIAL_PRODUCTION,-3.344392065087206,0.11784773447749738,expansion_relajada,1.009,1.9891506733467565,-0.40625727363145336
1988-11-01,61.7049,INDPRO,INDUSTRIAL_PRODUCTION,-3.2810885613411145,0.11561708258149424,expansion_relajada,1.009,5.019220013188459,0.3020391958997747
1988-12-01,61.9851,INDPRO,INDUSTRIAL_PRODUCTION,-3.0936850575950245,0.10901346735941171,expansion_relajada,1.009,1.6683598735975878,-0.09740884164492732
1989-01-01,62.1677,INDPRO,INDUSTRIAL_PRODUCTION,-3.0038815538489345,0.10584902393930624,expansion_relajada,1.009,4.69842921343929,-0.013959313548003446
1989-02-01,61.8916,INDPRO,INDUSTRIAL_PRODUCTION,-3.372778050102852,0.11884798324017314,expansion_relajada,1.009,1.4453132461018612,0.12515403035581718
1989-03-01,62.0508,INDPRO,INDUSTRIAL_PRODUCTION,-3.306374546356757,0.11650809535455789,expansion_relajada,1.009,4.182150069185056,-0.5057394610475975
1989-04-01,62.0289,INDPRO,INDUSTRIAL_PRODUCTION,-3.42107104261067,0.12054970350724258,expansion_relajada,1.009,0.9290341018467174,0.5986079865100886
1989-05-01,61.6871,INDPRO,INDUSTRIAL_PRODUCTION,-3.8556675388645942,0.13586376103956352,recession_deformada,0.996,3.861359269435887,-0.7519595985985261
1989-06-01,61.6857,INDPRO,INDUSTRIAL_PRODUCTION,-3.949864035118509,0.13918300216416907,recession_deformada,0.996,0.6082433020980034,0.8206531076817092
1989-07-01,61.0896,INDPRO,INDUSTRIAL_PRODUCTION,-4.638760531372419,0.16345793458627197,recession_deformada,0.996,3.5405684696867183,-0.9214593468562621
1989-08-01,61.6847,INDPRO,INDUSTRIAL_PRODUCTION,-4.136457027626328,0.14575805706457284,recession_deformada,0.996,0.2874525023492893,0.9589692279692712
1989-09-01,61.4794,INDPRO,INDUSTRIAL_PRODUCTION,-4.434553523880254,0.1562622073123665,recession_deformada,0.996,3.3175218421914465,-0.984564334529096
1989-10-01,61.4014,INDPRO,INDUSTRIAL_PRODUCTION,-4.605350020134161,0.1622806345028677,recession_deformada,0.996,6.2498470097801615,0.9994443304323253
1989-11-01,61.6081,INDPRO,INDUSTRIAL_PRODUCTION,-4.491446516388059,0.15826696935706872,expansion_relajada,1.009,2.9967310424422777,-0.9895258925386228
1989-12-01,61.9588,INDPRO,INDUSTRIAL_PRODUCTION,-4.233543012641974,0.149179116306714,expansion_relajada,1.009,5.929056210030993,0.9379488506321108
1990-01-01,61.6352,INDPRO,INDUSTRIAL_PRODUCTION,-4.649939508895898,0.16385185286776463,expansion_relajada,1.009,2.675940242693109,-0.8935288194824006
1990-02-01,62.1951,INDPRO,INDUSTRIAL_PRODUCTION,-4.1828360051498095,0.14739233238940158,expansion_relajada,1.009,5.706009582534811,0.8380070823232733
1990-03-01,62.4916,INDPRO,INDUSTRIAL_PRODUCTION,-3.9791325014037184,0.14021434728645604,expansion_relajada,1.009,2.15966109843842,-0.5554173571906672
1990-04-01,62.3511,INDPRO,INDUSTRIAL_PRODUCTION,-4.212428997657625,0.1484351129771987,expansion_relajada,1.009,5.189730438280122,0.45941943307941635
1990-05-01,62.5353,INDPRO,INDUSTRIAL_PRODUCTION,-4.121025493911553,0.14521428969148767,expansion_relajada,1.009,1.8388702986897059,-0.26487469327190094
1990-06-01,62.7479,INDPRO,INDUSTRIAL_PRODUCTION,-4.001221990165462,0.14099272379126626,expansion_relajada,1.009,4.868939638531408,0.15591198119982577
1990-07-01,62.6435,INDPRO,INDUSTRIAL_PRODUCTION,-4.198418486419371,0.14794141876426953,expansion_relajada,1.009,1.518079498940537,0.05269241400777686
1990-08-01,62.8704,INDPRO,INDUSTRIAL_PRODUCTION,-4.064314982673288,0.14321595781519317,expansion_relajada,1.009,4.548148838782694,-0.1635027453729579
1990-09-01,62.8839,INDPRO,INDUSTRIAL_PRODUCTION,-4.143611478927198,0.146010161441341,expansion_relajada,1.009,1.2950328714448105,0.27228162641344866
1990-10-01,62.4973,INDPRO,INDUSTRIAL_PRODUCTION,-4.623007975181103,0.16290285521063433,recession_deformada,0.996,4.2273580390335255,-0.4662357322637688
1990-11-01,61.7175,INDPRO,INDUSTRIAL_PRODUCTION,-5.495604471435016,0.193650900952647,recession_deformada,0.996,0.9742420716960964,0.5617952309945373
1990-12-01,61.2885,INDPRO,INDUSTRIAL_PRODUCTION,-6.017400967688943,0.21203766116050493,recession_deformada,0.996,3.9065672392843567,-0.7213999575504463
1991-01-01,61.0842,INDPRO,INDUSTRIAL_PRODUCTION,-6.31449746394285,0.22250657399229407,recession_deformada,0.996,0.6534512719469276,0.793990398647683
1991-02-01,60.6387,INDPRO,INDUSTRIAL_PRODUCTION,-6.852793960196763,0.24147475156421527,recession_deformada,0.996,3.68352061178863,-0.8567158552165962
1991-03-01,60.2973,INDPRO,INDUSTRIAL_PRODUCTION,-7.286990456450674,0.2567747141301342,recession_deformada,0.996,0.13717212769223863,0.9906066464887452
1991-04-01,60.4524,INDPRO,INDUSTRIAL_PRODUCTION,-7.224686952704602,0.2545792996501356,recession_deformada,0.996,3.1672414675334863,-0.9996710872038271
1991-05-01,61.0587,INDPRO,INDUSTRIAL_PRODUCTION,-6.711183448958508,0.2364847630691931,recession_deformada,0.996,6.099566635122656,0.9831894032823144
1991-06-01,61.5514,INDPRO,INDUSTRIAL_PRODUCTION,-6.311279945212419,0.22239319694628967,klein_deformada,1.0,2.846450667785227,-0.9567608517450628
1991-07-01,61.7201,INDPRO,INDUSTRIAL_PRODUCTION,-6.235376441466315,0.2197185536086374,klein_deformada,1.0,5.778775835373487,0.8754600237465571
1991-08-01,61.7289,INDPRO,INDUSTRIAL_PRODUCTION,-6.319372937720239,0.22267837309000385,klein_deformada,1.0,2.5256598680360582,-0.8162349130714498
1991-09-01,62.2369,INDPRO,INDUSTRIAL_PRODUCTION,-5.904169433974154,0.20804767450224146,klein_deformada,1.0,5.5557292078782154,0.7468684394745323
1991-10-01,62.1718,INDPRO,INDUSTRIAL_PRODUCTION,-6.062065930228066,0.21361153902629298,klein_deformada,1.0,2.204869068287344,-0.5924307498735755
1991-11-01,62.0894,INDPRO,INDUSTRIAL_PRODUCTION,-6.237262426481976,0.2197850108472113,klein_deformada,1.0,5.234938408129047,0.4990909629851527
1991-12-01,61.806,INDPRO,INDUSTRIAL_PRODUCTION,-6.6134589227359015,0.23304120328490668,klein_deformada,1.0,1.8840782685381754,-0.308182491215696
1992-01-01,61.4823,INDPRO,INDUSTRIAL_PRODUCTION,-7.0299554189898075,0.24771746358755706,recession_deformada,0.996,4.914147608379878,0.20039259520812994
1992-02-01,61.9192,INDPRO,INDUSTRIAL_PRODUCTION,-6.685851915243724,0.2355921452776694,recession_deformada,0.996,1.6610316410424488,-0.09011290857540122
1992-03-01,62.4403,INDPRO,INDUSTRIAL_PRODUCTION,-6.257548411497645,0.22049983654025657,klein_deformada,1.0,4.495612636378631,-0.2150825369520834
1992-04-01,62.9199,INDPRO,INDUSTRIAL_PRODUCTION,-5.8707449077515435,0.20686988056700328,klein_deformada,1.0,1.2424966690407473,0.3224339649763061
1992-05-01,63.1268,INDPRO,INDUSTRIAL_PRODUCTION,-5.75664140400545,0.2028491679380038,klein_deformada,1.0,4.174821836629462,-0.5120477902592935
1992-06-01,63.1624,INDPRO,INDUSTRIAL_PRODUCTION,-5.813837900259365,0.20486462467046643,klein_deformada,1.0,0.9217058692915785,0.6044620834646515
1992-07-01,63.7348,INDPRO,INDUSTRIAL_PRODUCTION,-5.334234396513288,0.1879646364920555,expansion_relajada,1.009,3.8540310368802935,-0.7567702024901624
1992-08-01,63.3802,INDPRO,INDUSTRIAL_PRODUCTION,-5.781630892767197,0.20372973294922536,klein_deformada,1.0,0.6009150695424097,0.8248185823037316
1992-09-01,63.5834,INDPRO,INDUSTRIAL_PRODUCTION,-5.671227389021112,0.19983939875944048,expansion_relajada,1.009,3.630984409384567,-0.8826189508474064
1992-10-01,64.0178,INDPRO,INDUSTRIAL_PRODUCTION,-5.329623885275026,0.1878021739895624,expansion_relajada,1.009,0.28012426979369565,0.9610210882306449
1992-11-01,64.2628,INDPRO,INDUSTRIAL_PRODUCTION,-5.177420381528947,0.1824389158108162,expansion_relajada,1.009,3.310193609635853,-0.9858204958207275
1992-12-01,64.3599,INDPRO,INDUSTRIAL_PRODUCTION,-5.17311687778286,0.18228727145904117,expansion_relajada,1.009,6.242518777224113,0.9991732306204153
1993-01-01,64.6135,INDPRO,INDUSTRIAL_PRODUCTION,-5.012313374036765,0.1766209715026612,expansion_relajada,1.009,2.989402809886684,-0.9884414612610859
1993-02-01,64.9262,INDPRO,INDUSTRIAL_PRODUCTION,-4.792409870290669,0.1688721402604529,expansion_relajada,1.009,6.0194721497283865,0.9654287376995043
1993-03-01,64.8627,INDPRO,INDUSTRIAL_PRODUCTION,-4.9487063665445845,0.1743796249188984,expansion_relajada,1.009,2.473123665631995,-0.7847714838956404
1993-04-01,65.0423,INDPRO,INDUSTRIAL_PRODUCTION,-4.861902862798502,0.1713208937468048,expansion_relajada,1.009,5.503193005473243,0.7109189520427031
1993-05-01,64.8006,INDPRO,INDUSTRIAL_PRODUCTION,-5.196399359052407,0.18310768593713833,expansion_relajada,1.009,2.152332865883281,-0.5493085469146243
1993-06-01,64.9476,INDPRO,INDUSTRIAL_PRODUCTION,-5.142195855306326,0.18119769452677073,expansion_relajada,1.009,5.1824022057249834,0.4528980766334672
1993-07-01,65.1142,INDPRO,INDUSTRIAL_PRODUCTION,-5.068392351560249,0.17859704976272753,expansion_relajada,1.009,1.8315420661341122,-0.2578011553643403
1993-08-01,65.0421,INDPRO,INDUSTRIAL_PRODUCTION,-5.233288847814151,0.18440757619880577,expansion_relajada,1.009,4.861611405975815,0.14866924428785067
1993-09-01,65.3749,INDPRO,INDUSTRIAL_PRODUCTION,-4.99328534406807,0.17595047289492036,expansion_relajada,1.009,1.6084954386379309,-0.037690182669891305
1993-10-01,65.863,INDPRO,INDUSTRIAL_PRODUCTION,-4.597981840321992,0.16202099888563506,expansion_relajada,1.009,4.540820606226646,-0.17072790603515015
1993-11-01,66.1696,INDPRO,INDUSTRIAL_PRODUCTION,-4.3841783365759,0.15448711588105046,expansion_relajada,1.009,1.2877046388892168,0.2793256065295161
1993-12-01,66.5531,INDPRO,INDUSTRIAL_PRODUCTION,-4.0934748328297985,0.14424347558576844,expansion_relajada,1.009,4.220029806477932,-0.4727061532163574
1994-01-01,66.7591,INDPRO,INDUSTRIAL_PRODUCTION,-3.980271329083706,0.1402544766311725,expansion_relajada,1.009,0.9669138391405028,0.5678425650571934
1994-02-01,66.8019,INDPRO,INDUSTRIAL_PRODUCTION,-4.030267825337631,0.14201622396840766,expansion_relajada,1.009,3.9969831789822052,-0.6559237806031951
1994-03-01,67.4704,INDPRO,INDUSTRIAL_PRODUCTION,-3.4545643215915476,0.1217299201120252,expansion_relajada,1.009,0.45063469488581376,0.9001708506042386
1994-04-01,67.8707,INDPRO,INDUSTRIAL_PRODUCTION,-3.147060817845457,0.11089429122787867,expansion_relajada,1.009,3.4807040347270615,-0.9430506361898848
1994-05-01,68.187,INDPRO,INDUSTRIAL_PRODUCTION,-2.9235573140993694,0.10301860528805676,expansion_relajada,1.009,0.12984389513664496,0.9915821181532745
1994-06-01,68.645,INDPRO,INDUSTRIAL_PRODUCTION,-2.558353810353296,0.09014977750048792,expansion_relajada,1.009,3.159913234978802,-0.9998321828427608
1994-07-01,68.7317,INDPRO,INDUSTRIAL_PRODUCTION,-2.564450306607199,0.0903646022751527,expansion_relajada,1.009,6.092238402567517,0.9818249635389281
1994-08-01,69.1882,INDPRO,INDUSTRIAL_PRODUCTION,-2.2007468028611186,0.0775486306115894,expansion_relajada,1.009,2.8391224352296334,-0.9546035757077254
1994-09-01,69.3935,INDPRO,INDUSTRIAL_PRODUCTION,-2.088243299115021,0.07358429784819596,expansion_relajada,1.009,5.869191775071336,0.9155216546491951
1994-10-01,69.9576,INDPRO,INDUSTRIAL_PRODUCTION,-1.6169397953689355,0.0569767802226168,expansion_relajada,1.009,2.5183316354804646,-0.811979366354874
1994-11-01,70.4288,INDPRO,INDUSTRIAL_PRODUCTION,-1.2385362916228502,0.04364281854379654,expansion_relajada,1.009,5.548400975322622,0.7419753604355135
1994-12-01,71.1273,INDPRO,INDUSTRIAL_PRODUCTION,-0.632832787876751,0.022299392207297663,expansion_relajada,1.009,2.1975408357317505,-0.5865111143159358
1995-01-01,71.2635,INDPRO,INDUSTRIAL_PRODUCTION,-0.5894292841306878,0.020769964889772397,expansion_relajada,1.009,5.227610175573908,0.4927273415487195
1995-02-01,71.1758,INDPRO,INDUSTRIAL_PRODUCTION,-0.7699257803845967,0.027130195015511137,expansion_relajada,1.009,1.974494208236024,-0.3928216463882521
1995-03-01,71.2796,INDPRO,INDUSTRIAL_PRODUCTION,-0.7589222766385006,0.026742459976509883,expansion_relajada,1.009,4.711331031319219,-0.0010579488681184796
1995-04-01,71.1538,INDPRO,INDUSTRIAL_PRODUCTION,-0.9775187728924095,0.034445235651995816,expansion_relajada,1.009,1.4582150639808802,0.11234359418077426
1995-05-01,71.4997,INDPRO,INDUSTRIAL_PRODUCTION,-0.7244152691463341,0.025526522198459984,expansion_relajada,1.009,4.39054023157005,-0.3163209198964477
1995-06-01,71.7327,INDPRO,INDUSTRIAL_PRODUCTION,-0.584211765400255,0.020586113011760183,expansion_relajada,1.009,1.1374242642321661,0.4199335159194912
1995-07-01,71.4334,INDPRO,INDUSTRIAL_PRODUCTION,-0.9763082616541539,0.03440258036391605,expansion_relajada,1.009,4.069749431820881,-0.5993105292158944
1995-08-01,72.3723,INDPRO,INDUSTRIAL_PRODUCTION,-0.13020475790806074,0.004588079220088648,expansion_relajada,1.009,0.8166334644834521,0.6846787650473954
1995-09-01,72.6543,INDPRO,INDUSTRIAL_PRODUCTION,0.058998745838025,0.0020789633508006863,expansion_relajada,1.009,3.8467028043251545,-0.761540165738957
1995-10-01,72.5336,INDPRO,INDUSTRIAL_PRODUCTION,-0.1544977504158851,0.005444101503065589,expansion_relajada,1.009,0.4958426647342833,0.8795681050376153
1995-11-01,72.717,INDPRO,INDUSTRIAL_PRODUCTION,-0.06389424666980403,0.0022514681501573427,expansion_relajada,1.009,3.5259120045764405,-0.9270538419243222
1995-12-01,72.9638,INDPRO,INDUSTRIAL_PRODUCTION,0.09010925707629269,0.0031752173773963895,expansion_relajada,1.009,0.1750518649851145,0.9847175074645272
1996-01-01,72.5712,INDPRO,INDUSTRIAL_PRODUCTION,-0.39528723917763386,0.013928900887920901,recession_deformada,0.996,3.2051212048272717,-0.9979827401767765
1996-02-01,73.6207,INDPRO,INDUSTRIAL_PRODUCTION,0.5614162645684502,0.019782858465933466,expansion_relajada,1.009,6.235190544669429,0.9988484724563
1996-03-01,73.5141,INDPRO,INDUSTRIAL_PRODUCTION,0.3620197683145392,0.012756641177721632,expansion_relajada,1.009,2.78658623282557,-0.9376442570042401
1996-04-01,74.2491,INDPRO,INDUSTRIAL_PRODUCTION,1.004223272060628,0.03538623319836115,expansion_relajada,1.009,5.816655572667273,0.8931345522285661
1996-05-01,74.8142,INDPRO,INDUSTRIAL_PRODUCTION,1.476526775806704,0.05202898823994385,expansion_relajada,1.009,2.4657954330764014,-0.7802085221323034
1996-06-01,75.3726,INDPRO,INDUSTRIAL_PRODUCTION,1.9421302795528135,0.06843565259430184,expansion_relajada,1.009,5.495864772918559,0.7057461539905906
1996-07-01,75.3738,INDPRO,INDUSTRIAL_PRODUCTION,1.8505337832989,0.06520802875130638,expansion_relajada,1.009,2.1450046333276873,-0.5431702372575066
1996-08-01,75.7557,INDPRO,INDUSTRIAL_PRODUCTION,2.1396372870449767,0.07539528918098135,expansion_relajada,1.009,5.17507397316939,0.44635239831399853
1996-09-01,76.2302,INDPRO,INDUSTRIAL_PRODUCTION,2.521340790791058,0.0888455343326142,expansion_relajada,1.009,1.9219580058319607,-0.3439888254285579
1996-10-01,76.2157,INDPRO,INDUSTRIAL_PRODUCTION,2.414044294537149,0.08506468305835825,expansion_relajada,1.009,4.854283173420676,0.14141852342876154
1996-11-01,76.8973,INDPRO,INDUSTRIAL_PRODUCTION,3.0028477982832413,0.1058125970643916,expansion_relajada,1.009,1.601167206082792,-0.030366210535767376
1996-12-01,77.3772,INDPRO,INDUSTRIAL_PRODUCTION,3.389951302029317,0.11945312426244513,expansion_relajada,1.009,4.533492373671507,-0.17794389813803962
1997-01-01,77.5135,INDPRO,INDUSTRIAL_PRODUCTION,3.4334548057753977,0.1209860753215714,expansion_relajada,1.009,1.2803764063336232,0.28635458609179343
1997-02-01,78.4255,INDPRO,INDUSTRIAL_PRODUCTION,4.252658309521493,0.14985268997489495,expansion_relajada,1.009,4.31044574617578,-0.3912074431616428
1997-03-01,78.9197,INDPRO,INDUSTRIAL_PRODUCTION,4.654061813267603,0.16399711222180494,expansion_relajada,1.009,0.7640972620789341,0.7220072428219193
1997-04-01,78.9848,INDPRO,INDUSTRIAL_PRODUCTION,4.626365317013679,0.163021159261456,expansion_relajada,1.009,3.7941666019206366,-0.7945234446204779
1997-05-01,79.4296,INDPRO,INDUSTRIAL_PRODUCTION,4.978368820759755,0.17542485315777392,expansion_relajada,1.009,0.4433064623302201,0.903338367308303
1997-06-01,79.7971,INDPRO,INDUSTRIAL_PRODUCTION,5.253072324505851,0.18510469479699393,expansion_relajada,1.009,3.4733758021723773,-0.9454630229411706
1997-07-01,80.4666,INDPRO,INDUSTRIAL_PRODUCTION,5.82977582825194,0.2054262360693804,klein_deformada,1.0,0.12251566258105129,0.9925043391291704
1997-08-01,81.2825,INDPRO,INDUSTRIAL_PRODUCTION,6.552879331998014,0.23090653504473194,klein_deformada,1.0,3.1525850024232085,-0.9999395847419059
1997-09-01,82.0327,INDPRO,INDUSTRIAL_PRODUCTION,7.21028283574411,0.25407173578863046,klein_deformada,1.0,6.182654342264911,0.99495101698132
1997-10-01,82.7656,INDPRO,INDUSTRIAL_PRODUCTION,7.8503863394902,0.2766273292356619,klein_deformada,1.0,2.8317942026740397,-0.9523950348312509
1997-11-01,83.427,INDPRO,INDUSTRIAL_PRODUCTION,8.41898984323629,0.2966634474384171,klein_deformada,1.0,5.861863542516197,0.9125491794999608
1997-12-01,83.784,INDPRO,INDUSTRIAL_PRODUCTION,8.683193346982364,0.3059732962095958,klein_deformada,1.0,2.511003402924871,-0.807680214111713
1998-01-01,84.1564,INDPRO,INDUSTRIAL_PRODUCTION,8.962796850728466,0.31582580118723497,klein_deformada,1.0,5.541072742767028,0.7370424352776822
1998-02-01,84.3066,INDPRO,INDUSTRIAL_PRODUCTION,9.020200354474554,0.31784855232881515,klein_deformada,1.0,2.287956775429599,-0.6572472255310248
1998-03-01,84.342,INDPRO,INDUSTRIAL_PRODUCTION,8.962803858220624,0.3158260481131513,klein_deformada,1.0,5.024793598512339,0.30734775084947275
1998-04-01,84.6339,INDPRO,INDUSTRIAL_PRODUCTION,9.161907361966712,0.32284194110247894,klein_deformada,1.0,1.7716776311744553,-0.19953299049758916
1998-05-01,85.1867,INDPRO,INDUSTRIAL_PRODUCTION,9.621910865712806,0.33905127592721473,klein_deformada,1.0,4.70400279876317,-0.008386083324576073
1998-06-01,84.6809,INDPRO,INDUSTRIAL_PRODUCTION,9.023314369458888,0.3179582821702604,klein_deformada,1.0,1.4508868314257413,0.11962235301966807
1998-07-01,84.3445,INDPRO,INDUSTRIAL_PRODUCTION,8.594117873204965,0.30283450668436035,klein_deformada,1.0,4.383211999014456,-0.32326430826266417
1998-08-01,86.0816,INDPRO,INDUSTRIAL_PRODUCTION,10.238421376951052,0.36077551328247126,klein_deformada,1.0,1.1300960316770272,0.4265729537436748
1998-09-01,86.0023,INDPRO,INDUSTRIAL_PRODUCTION,10.066324880697152,0.35471127745116526,klein_deformada,1.0,4.16016537151873,-0.5245816162578355
1998-10-01,86.591,INDPRO,INDUSTRIAL_PRODUCTION,10.56222838444323,0.3721856355104392,klein_deformada,1.0,0.8093052319278584,0.6900014781037155
1998-11-01,86.5115,INDPRO,INDUSTRIAL_PRODUCTION,10.389931888189324,0.36611435219593225,klein_deformada,1.0,3.839374571769561,-0.7662692321853481
1998-12-01,86.8615,INDPRO,INDUSTRIAL_PRODUCTION,10.647135391935421,0.3751775390550847,klein_deformada,1.0,0.4885144321786896,0.8830310314131068
1999-01-01,87.2205,INDPRO,INDUSTRIAL_PRODUCTION,10.913338895681505,0.38455786265827147,klein_deformada,1.0,3.518583772020847,-0.9297764858881489
1999-02-01,87.726,INDPRO,INDUSTRIAL_PRODUCTION,11.326042399427592,0.3991004677060243,klein_deformada,1.0,0.2654678046834178,0.9649698729025191
1999-03-01,87.9125,INDPRO,INDUSTRIAL_PRODUCTION,11.419745903173663,0.4024023370485441,klein_deformada,1.0,3.002304627766158,-0.9903150963245475
1999-04-01,88.1082,INDPRO,INDUSTRIAL_PRODUCTION,11.522649406919754,0.40602839061830026,klein_deformada,1.0,6.03237396760786,0.9687113742064289
1999-05-01,88.6483,INDPRO,INDUSTRIAL_PRODUCTION,11.969952910665853,0.4217902102597872,klein_deformada,1.0,2.681513828016989,-0.8960175002779365
1999-06-01,88.5903,INDPRO,INDUSTRIAL_PRODUCTION,11.819156414411935,0.41647653138936286,klein_deformada,1.0,5.711583167859146,0.8410353292915935
1999-07-01,89.1098,INDPRO,INDUSTRIAL_PRODUCTION,12.245859918158018,0.43151246026116963,klein_deformada,1.0,2.360723028268275,-0.7103016796847988
1999-08-01,89.5007,INDPRO,INDUSTRIAL_PRODUCTION,12.543963421904095,0.4420168574348794,klein_deformada,1.0,5.390792368110432,0.6275507409488177
1999-09-01,89.1304,INDPRO,INDUSTRIAL_PRODUCTION,12.080866925650199,0.42569853354644926,klein_deformada,1.0,2.1376764007725484,-0.5370027578641974
1999-10-01,90.2709,INDPRO,INDUSTRIAL_PRODUCTION,13.128570429396277,0.462616897756655,klein_deformada,1.0,5.070001568361263,0.35003886013349084
1999-11-01,90.7528,INDPRO,INDUSTRIAL_PRODUCTION,13.517673933142362,0.4763278997867166,klein_deformada,1.0,1.8168856010233796,-0.2436129262670292
1999-12-01,91.4784,INDPRO,INDUSTRIAL_PRODUCTION,14.150477436888451,0.4986262600969198,klein_deformada,1.0,4.749210768612095,0.03681346802415509
2000-01-01,91.4092,INDPRO,INDUSTRIAL_PRODUCTION,13.988480940634545,0.49291792216725266,klein_deformada,1.0,1.4960948012742108,0.07463206852626568
2000-02-01,91.7245,INDPRO,INDUSTRIAL_PRODUCTION,14.210984444380628,0.5007583706910705,klein_deformada,1.0,4.526164141116368,-0.1851503341638889
2000-03-01,92.083,INDPRO,INDUSTRIAL_PRODUCTION,14.47668794812671,0.5101210755862553,klein_deformada,1.0,1.077559829272964,0.47347908641487063
2000-04-01,92.6659,INDPRO,INDUSTRIAL_PRODUCTION,14.966791451872794,0.527391056632707,klein_deformada,1.0,4.1076291691146665,-0.5685645041204461
2000-05-01,92.9347,INDPRO,INDUSTRIAL_PRODUCTION,15.142794955618896,0.5335929653123459,klein_deformada,1.0,0.7567690295237952,0.7270581083777949
2000-06-01,93.0018,INDPRO,INDUSTRIAL_PRODUCTION,15.117098459364968,0.5326874871840045,klein_deformada,1.0,3.7868383693654977,-0.7989520188804453
2000-07-01,92.8373,INDPRO,INDUSTRIAL_PRODUCTION,14.859801963111067,0.5236210235091694,klein_deformada,1.0,0.4359782297746264,0.9064573722560061
2000-08-01,92.591,INDPRO,INDUSTRIAL_PRODUCTION,14.520705466857152,0.5116721392052177,klein_deformada,1.0,3.466047569616329,-0.9478246357266058
2000-09-01,92.9827,INDPRO,INDUSTRIAL_PRODUCTION,14.819608970603241,0.522204726311731,klein_deformada,1.0,0.21293160227889985,0.9774155913434744
2000-10-01,92.64,INDPRO,INDUSTRIAL_PRODUCTION,14.384112474349322,0.5068589551050068,klein_deformada,1.0,3.145256769867615,-0.9999932871334617
2000-11-01,92.6604,INDPRO,INDUSTRIAL_PRODUCTION,14.311715978095407,0.5043078896492854,klein_deformada,1.0,6.175326109709772,0.994188833774218
2000-12-01,92.3457,INDPRO,INDUSTRIAL_PRODUCTION,13.904219481841494,0.4899487660906695,klein_deformada,1.0,2.8244659701189008,-0.9501353477205041
2001-01-01,91.8908,INDPRO,INDUSTRIAL_PRODUCTION,13.356522985587588,0.47064935680831227,klein_deformada,1.0,5.854535309960603,0.909527697948219
2001-02-01,91.2851,INDPRO,INDUSTRIAL_PRODUCTION,12.658026489333665,0.44603614519257184,klein_deformada,1.0,2.6014193426227195,-0.857619563076984
2001-03-01,91.0585,INDPRO,INDUSTRIAL_PRODUCTION,12.33862999307975,0.43478143798389624,klein_deformada,1.0,5.338256165705914,0.5858003081660109
2001-04-01,90.7384,INDPRO,INDUSTRIAL_PRODUCTION,11.925733496825856,0.4202320323788602,klein_deformada,1.0,2.0851401983675757,-0.49196371926265586
2001-05-01,90.2607,INDPRO,INDUSTRIAL_PRODUCTION,11.355237000571933,0.4001292100116143,klein_deformada,1.0,5.017465365956745,0.3003660344782474
2001-06-01,89.7811,INDPRO,INDUSTRIAL_PRODUCTION,10.782840504318017,0.37995943655396125,recession_deformada,0.996,1.7643493986193164,-0.19234682710819195
2001-07-01,89.2352,INDPRO,INDUSTRIAL_PRODUCTION,10.144144008064117,0.35745342241525263,recession_deformada,0.996,4.696674566208031,-0.015713767424370736
2001-08-01,89.157,INDPRO,INDUSTRIAL_PRODUCTION,9.973147511810197,0.35142794774155023,recession_deformada,0.996,1.4435585988701476,0.1268946878094493
2001-09-01,88.6749,INDPRO,INDUSTRIAL_PRODUCTION,9.39825101555627,0.3311700807438871,recession_deformada,0.996,4.473627938712305,-0.2364989970232979
2001-10-01,88.4051,INDPRO,INDUSTRIAL_PRODUCTION,9.03565451930237,0.31839311716384516,recession_deformada,0.996,1.1227677991214335,0.4331894834267029
2001-11-01,87.886,INDPRO,INDUSTRIAL_PRODUCTION,8.42375802304845,0.2968314657740394,recession_deformada,0.996,4.152837138963136,-0.5308064399441205
2001-12-01,87.8518,INDPRO,INDUSTRIAL_PRODUCTION,8.29676152679454,0.29235643740450734,recession_deformada,0.996,0.8019769993722647,0.6952871361817393
2002-01-01,88.4634,INDPRO,INDUSTRIAL_PRODUCTION,8.815565030540611,0.31063773229026953,recession_deformada,0.996,3.832046339214422,-0.7709571478648664
2002-02-01,88.4578,INDPRO,INDUSTRIAL_PRODUCTION,8.717168534286728,0.3071704940184488,klein_deformada,1.0,0.5789303718765382,0.8370483531183132
2002-03-01,89.1265,INDPRO,INDUSTRIAL_PRODUCTION,9.293072038032804,0.3274638453580318,klein_deformada,1.0,3.315767194959733,-0.984869922465927
2002-04-01,89.5507,INDPRO,INDUSTRIAL_PRODUCTION,9.624475541778907,0.33914164848467104,klein_deformada,1.0,0.06265122762139441,0.9980380537134937
2002-05-01,89.9348,INDPRO,INDUSTRIAL_PRODUCTION,9.915779045524971,0.3494064312295541,klein_deformada,1.0,2.994976395210564,-0.9892710764353395
2002-06-01,90.6736,INDPRO,INDUSTRIAL_PRODUCTION,10.561782549271058,0.37216992543100824,klein_deformada,1.0,6.025045735052267,0.9668665852527892
2002-07-01,90.6436,INDPRO,INDUSTRIAL_PRODUCTION,10.43898605301716,0.3678428942086928,klein_deformada,1.0,2.6741855954613953,-0.8927395975318296
2002-08-01,90.5505,INDPRO,INDUSTRIAL_PRODUCTION,10.253089556763243,0.3612923820365329,klein_deformada,1.0,5.7042549353035525,0.837048353118589
2002-09-01,90.6373,INDPRO,INDUSTRIAL_PRODUCTION,10.247093060509314,0.3610810810034676,klein_deformada,1.0,2.4511389679661235,-0.7709571478654771
2002-10-01,90.3988,INDPRO,INDUSTRIAL_PRODUCTION,9.915796564255402,0.3494070485443461,recession_deformada,0.996,5.383464135554384,0.6218283578733658
2002-11-01,90.8947,INDPRO,INDUSTRIAL_PRODUCTION,10.318900068001497,0.3636113743984622,klein_deformada,1.0,2.1303481682169547,-0.5308064399445479
2002-12-01,90.3906,INDPRO,INDUSTRIAL_PRODUCTION,9.722003571747592,0.3425782842487149,recession_deformada,0.996,5.06267333580567,0.343164909312054
2003-01-01,91.1369,INDPRO,INDUSTRIAL_PRODUCTION,10.375507075493672,0.3656060590701978,klein_deformada,1.0,1.809557368467786,-0.23649899702378785
2003-02-01,91.2505,INDPRO,INDUSTRIAL_PRODUCTION,10.396310579239767,0.3663391207860368,klein_deformada,1.0,4.839626708309943,0.12689468780994947
2003-03-01,91.0006,INDPRO,INDUSTRIAL_PRODUCTION,10.05361408298586,0.35426338178447153,klein_deformada,1.0,1.2932782242135517,0.2739695588519892
2003-04-01,90.4311,INDPRO,INDUSTRIAL_PRODUCTION,9.39131758673193,0.33092576462807066,klein_deformada,1.0,4.323347564054799,-0.3793016378635702
2003-05-01,90.4,INDPRO,INDUSTRIAL_PRODUCTION,9.267421090478024,0.3265599722481507,recession_deformada,0.996,0.9724874244643829,0.5632459435400899
2003-06-01,90.5196,INDPRO,INDUSTRIAL_PRODUCTION,9.294224594224104,0.32750445846001247,recession_deformada,0.996,4.002556764306085,-0.6517065209177122
2003-07-01,90.9869,INDPRO,INDUSTRIAL_PRODUCTION,9.668728097970202,0.3407009942164181,recession_deformada,0.996,0.6516966247152141,0.7950558790509409
2003-08-01,90.7933,INDPRO,INDUSTRIAL_PRODUCTION,9.382331601716274,0.33060912173586954,klein_deformada,1.0,3.6817659645569165,-0.8576195630769585
2003-09-01,91.3819,INDPRO,INDUSTRIAL_PRODUCTION,9.878135105462363,0.34807995605354347,klein_deformada,1.0,0.42864999721994224,0.9095276979478203
2003-10-01,91.5049,INDPRO,INDUSTRIAL_PRODUCTION,9.90833860920847,0.3491442494798193,klein_deformada,1.0,3.3609751648082025,-0.976032017614973
2003-11-01,92.1265,INDPRO,INDUSTRIAL_PRODUCTION,10.437142112954547,0.3677779185256203,klein_deformada,1.0,0.10785919747077344,0.9941888337741147
2003-12-01,92.1732,INDPRO,INDUSTRIAL_PRODUCTION,10.391045616700623,0.36615359711080026,klein_deformada,1.0,3.0401843650594884,-0.9948625843848256
2004-01-01,92.3268,INDPRO,INDUSTRIAL_PRODUCTION,10.451849120446724,0.36829615546679406,klein_deformada,1.0,6.070253704901191,0.977415591343581
2004-02-01,92.8995,INDPRO,INDUSTRIAL_PRODUCTION,10.93175262419281,0.3852067148700065,klein_deformada,1.0,2.817137737563307,-0.9478246357266216
2004-03-01,92.5368,INDPRO,INDUSTRIAL_PRODUCTION,10.476256127938882,0.36915619534320465,klein_deformada,1.0,5.651718732899489,0.8071626151037941
2004-04-01,92.8957,INDPRO,INDUSTRIAL_PRODUCTION,10.742359631684977,0.3785329952047914,klein_deformada,1.0,2.3986027655620603,-0.7364492156373912
2004-05-01,93.5845,INDPRO,INDUSTRIAL_PRODUCTION,11.338363135431067,0.3995346186060525,klein_deformada,1.0,5.3309279331503205,0.5798454259362814
2004-06-01,92.8651,INDPRO,INDUSTRIAL_PRODUCTION,10.526166639177148,0.37091491279067296,recession_deformada,0.996,2.0778119658128915,-0.4855704921414204
2004-07-01,93.5502,INDPRO,INDUSTRIAL_PRODUCTION,11.118470142923229,0.3917861577527194,klein_deformada,1.0,5.0101371334016065,0.2933681876247814
2004-08-01,93.6301,INDPRO,INDUSTRIAL_PRODUCTION,11.105573646669328,0.39133171854922844,klein_deformada,1.0,1.7570211660637227,-0.18515033416438442
2004-09-01,93.7353,INDPRO,INDUSTRIAL_PRODUCTION,11.117977150415413,0.3917687859706347,klein_deformada,1.0,4.787090505905425,0.07463206852631503
2004-10-01,94.5695,INDPRO,INDUSTRIAL_PRODUCTION,11.859380654161512,0.41789392965885785,klein_deformada,1.0,1.436230366314554,0.134160208005274
2004-11-01,94.8015,INDPRO,INDUSTRIAL_PRODUCTION,11.998584157907587,0.4227991014295536,klein_deformada,1.0,4.466299706156711,-0.24361292626654016
2004-12-01,95.5415,INDPRO,INDUSTRIAL_PRODUCTION,12.64578766165367,0.4456048805302123,klein_deformada,1.0,1.1154395665653851,0.439782749642718
2005-01-01,95.8785,INDPRO,INDUSTRIAL_PRODUCTION,12.889991165399763,0.4542099809813143,klein_deformada,1.0,4.145508906407997,-0.5370027578633884
2005-02-01,96.5709,INDPRO,INDUSTRIAL_PRODUCTION,13.489594669145845,0.475338459080189,klein_deformada,1.0,0.8923929390701133,0.6275507409480711
2005-03-01,96.4345,INDPRO,INDUSTRIAL_PRODUCTION,13.260398172891925,0.4672621667950618,klein_deformada,1.0,3.6292297621528533,-0.8834424323125428
2005-04-01,96.6347,INDPRO,INDUSTRIAL_PRODUCTION,13.36780167663801,0.47104678873683503,klein_deformada,1.0,0.37611379481496954,0.9300990923875128
2005-05-01,96.7251,INDPRO,INDUSTRIAL_PRODUCTION,13.365405180384101,0.47096234240138435,klein_deformada,1.0,3.3084389624041393,-0.986113413713454
2005-06-01,97.1483,INDPRO,INDUSTRIAL_PRODUCTION,13.695808684130213,0.4826049081120201,klein_deformada,1.0,0.055322995066710234,0.998470073380238
2005-07-01,96.8397,INDPRO,INDUSTRIAL_PRODUCTION,13.294412187876276,0.46846073279102696,klein_deformada,1.0,2.987648162655425,-0.9881739299668683
2005-08-01,97.1584,INDPRO,INDUSTRIAL_PRODUCTION,13.520315691622372,0.47642098852925846,klein_deformada,1.0,6.017717502497128,0.9649698729027707
2005-09-01,95.2764,INDPRO,INDUSTRIAL_PRODUCTION,11.545519195368456,0.4068342628677875,klein_deformada,1.0,2.764601535159244,-0.9297764858883345
2005-10-01,96.4411,INDPRO,INDUSTRIAL_PRODUCTION,12.617422699114542,0.444605372545287,klein_deformada,1.0,5.696926702747959,0.8330164251454191
2005-11-01,97.5016,INDPRO,INDUSTRIAL_PRODUCTION,13.585126202860621,0.4787047434751837,klein_deformada,1.0,2.443810735410075,-0.76626923218538
2005-12-01,97.9723,INDPRO,INDUSTRIAL_PRODUCTION,13.963029706606719,0.49202108644600245,klein_deformada,1.0,5.37613590299879,0.6160725809041443
2006-01-01,98.127,INDPRO,INDUSTRIAL_PRODUCTION,14.024933210352799,0.4942024059595998,klein_deformada,1.0,2.123019935661361,-0.5245816162582648
2006-02-01,98.1687,INDPRO,INDUSTRIAL_PRODUCTION,13.97383671409888,0.4924018974647606,klein_deformada,1.0,5.153089275503518,0.4265729537445422
2006-03-01,98.3913,INDPRO,INDUSTRIAL_PRODUCTION,14.103640217844983,0.49697583752502106,klein_deformada,1.0,1.606740791406672,-0.0359367250432151
2006-04-01,98.6826,INDPRO,INDUSTRIAL_PRODUCTION,14.302143721591065,0.5039705880647462,klein_deformada,1.0,4.6368101312483745,-0.07550691657340496
2006-05-01,98.7074,INDPRO,INDUSTRIAL_PRODUCTION,14.234147225337168,0.5015745672394425,klein_deformada,1.0,1.285949991657958,0.28100998169996355
2006-06-01,99.0398,INDPRO,INDUSTRIAL_PRODUCTION,14.473750729083235,0.5100175755769258,klein_deformada,1.0,4.31601933149966,-0.38607200869014796
2006-07-01,98.9751,INDPRO,INDUSTRIAL_PRODUCTION,14.316254232829323,0.5044678060192759,klein_deformada,1.0,0.9651591919087892,0.5692860055618628
2006-08-01,99.4047,INDPRO,INDUSTRIAL_PRODUCTION,14.65305773657542,0.5163358911923358,klein_deformada,1.0,3.9952285317509464,-0.657247225530302
2006-09-01,99.2246,INDPRO,INDUSTRIAL_PRODUCTION,14.380161240321499,0.5067197238278397,klein_deformada,1.0,0.7421125644130626,0.7370424352773415
2006-10-01,99.1229,INDPRO,INDUSTRIAL_PRODUCTION,14.18566474406758,0.4998661698780465,klein_deformada,1.0,3.6744377320017776,-0.8613652984783919
2006-11-01,99.0963,INDPRO,INDUSTRIAL_PRODUCTION,14.066268247813667,0.4956589458701437,klein_deformada,1.0,0.4213217646638938,0.9125491794997547
2006-12-01,100.1125,INDPRO,INDUSTRIAL_PRODUCTION,14.989671751559754,0.5281972992710695,klein_deformada,1.0,3.353646932252609,-0.9776006166267893
2007-01-01,99.7546,INDPRO,INDUSTRIAL_PRODUCTION,14.538975255305843,0.5123159193410868,klein_deformada,1.0,0.10053096491517977,0.9949510169812694
2007-02-01,100.7166,INDPRO,INDUSTRIAL_PRODUCTION,15.408178759051935,0.5429444047946034,klein_deformada,1.0,3.130600304757337,-0.9999395847419165
2007-03-01,100.8952,INDPRO,INDUSTRIAL_PRODUCTION,15.493982262798028,0.5459678985506935,klein_deformada,1.0,5.867437127840077,0.9148144060185794
2007-04-01,101.5723,INDPRO,INDUSTRIAL_PRODUCTION,16.078285766544113,0.5665572441847092,klein_deformada,1.0,2.6143211605017385,-0.8641832083295073
2007-05-01,101.6269,INDPRO,INDUSTRIAL_PRODUCTION,16.040089270290196,0.5652112983563199,klein_deformada,1.0,5.546646328091363,0.7407978557035412
2007-06-01,101.6547,INDPRO,INDUSTRIAL_PRODUCTION,15.975092774036284,0.5629209897790273,klein_deformada,1.0,2.293530360753479,-0.6614376673750078
2007-07-01,101.4953,INDPRO,INDUSTRIAL_PRODUCTION,15.722896277782368,0.5540342369258113,klein_deformada,1.0,5.225855528342194,0.4911997183149395
2007-08-01,101.6943,INDPRO,INDUSTRIAL_PRODUCTION,15.829099781528456,0.5577765739683801,klein_deformada,1.0,1.9727395610043104,-0.3912074431621068
2007-09-01,101.9428,INDPRO,INDUSTRIAL_PRODUCTION,15.984803285274538,0.5632631631031398,klein_deformada,1.0,5.002808900846468,0.28635458609227654
2007-10-01,101.6446,INDPRO,INDUSTRIAL_PRODUCTION,15.593806789020618,0.5494854569085875,klein_deformada,1.0,1.6519487612551416,-0.08106338928371645
2007-11-01,102.2167,INDPRO,INDUSTRIAL_PRODUCTION,16.073110292766728,0.5663748738621984,klein_deformada,1.0,4.682018101097299,-0.030366210535263366
2007-12-01,102.2764,INDPRO,INDUSTRIAL_PRODUCTION,16.04001379651281,0.5652086388554288,klein_deformada,1.0,1.3311579615064275,0.23735134136312175
2008-01-01,102.1493,INDPRO,INDUSTRIAL_PRODUCTION,15.820117300258886,0.5574600545391374,klein_deformada,1.0,4.361227301348585,-0.34398882542765746
2008-02-01,101.7756,INDPRO,INDUSTRIAL_PRODUCTION,15.353620804004976,0.5410219234362936,klein_deformada,1.0,1.108111334010701,0.44635239831354734
2008-03-01,101.4508,INDPRO,INDUSTRIAL_PRODUCTION,14.936024307751069,0.526306901976039,klein_deformada,1.0,3.9426923293464284,-0.6959174291450608
2008-04-01,100.7554,INDPRO,INDUSTRIAL_PRODUCTION,14.147827811497152,0.4985328941447522,klein_deformada,1.0,0.6895763620089994,0.7715156071146829
2008-05-01,100.1336,INDPRO,INDUSTRIAL_PRODUCTION,13.433231315243233,0.47335236013134974,klein_deformada,1.0,3.6219015295972596,-0.8868522479618762
2008-06-01,99.8728,INDPRO,INDUSTRIAL_PRODUCTION,13.07963481898932,0.4608925332953421,klein_deformada,1.0,0.3687855622598306,0.9327658174004753
2008-07-01,99.4194,INDPRO,INDUSTRIAL_PRODUCTION,12.533438322735407,0.44164598013699036,klein_deformada,1.0,3.3011107298485456,-0.9873039479568262
2008-08-01,97.8491,INDPRO,INDUSTRIAL_PRODUCTION,10.870341826481507,0.3830427570439242,recession_deformada,0.996,0.04799476251111656,0.9988484724562541
2008-09-01,93.5576,INDPRO,INDUSTRIAL_PRODUCTION,6.486045330227583,0.22855147752114433,recession_deformada,0.996,3.078064102352819,-0.9979827401768084
2008-10-01,94.4985,INDPRO,INDUSTRIAL_PRODUCTION,7.3341488339736856,0.2584364534969798,recession_deformada,0.996,6.010389269941534,0.963021339014811
2008-11-01,93.2617,INDPRO,INDUSTRIAL_PRODUCTION,6.0045523377197725,0.21158490864120158,recession_deformada,0.996,2.7572733026036502,-0.9270538419245112
2008-12-01,90.6266,INDPRO,INDUSTRIAL_PRODUCTION,3.276655841465839,0.11546088498722057,recession_deformada,0.996,5.689598470192365,0.8289397618977117
2009-01-01,88.3712,INDPRO,INDUSTRIAL_PRODUCTION,0.9284593452119339,0.03271650818990745,recession_deformada,0.996,2.436482502854936,-0.7615401657392837
2009-02-01,87.843,INDPRO,INDUSTRIAL_PRODUCTION,0.3074628489580249,0.010834196314466915,recession_deformada,0.996,5.466551842696639,0.6846787650477629
2009-03-01,86.4689,INDPRO,INDUSTRIAL_PRODUCTION,-1.1594336472958844,0.040855445758641605,recession_deformada,0.996,1.9202033586002472,-0.3423407290630869
2009-04-01,85.7903,INDPRO,INDUSTRIAL_PRODUCTION,-1.9308301435498123,0.06803746500106385,recession_deformada,0.996,4.950272698441495,0.23564647065147154
2009-05-01,84.9436,INDPRO,INDUSTRIAL_PRODUCTION,-2.8703266398037215,0.10114289387373486,recession_deformada,0.996,1.599412558851533,-0.028612326631523688
2009-06-01,84.6746,INDPRO,INDUSTRIAL_PRODUCTION,-3.2321231360576377,0.11389166752097428,recession_deformada,0.996,4.629481898693236,-0.08281213619373384
2009-07-01,85.6853,INDPRO,INDUSTRIAL_PRODUCTION,-2.3142196323115343,0.08154711990806914,recession_deformada,0.996,1.2786217591019096,0.2880353135390011
2009-08-01,86.6393,INDPRO,INDUSTRIAL_PRODUCTION,-1.4530161285654515,0.051200533782583754,expansion_relajada,1.009,4.308691098944067,-0.39282164638778844
2009-09-01,87.3821,INDPRO,INDUSTRIAL_PRODUCTION,-0.8030126248193739,0.028296089917114492,expansion_relajada,1.009,1.055575131606183,0.49272734154828074
2009-10-01,87.5809,INDPRO,INDUSTRIAL_PRODUCTION,-0.697009121073279,0.02456080035774626,expansion_relajada,1.009,3.9879002991953527,-0.6627526341584453
2009-11-01,87.9388,INDPRO,INDUSTRIAL_PRODUCTION,-0.4319056173271889,0.01521923791216355,expansion_relajada,1.009,0.7347843318574689,0.7419753604351754
2009-12-01,88.2404,INDPRO,INDUSTRIAL_PRODUCTION,-0.22310211358112042,0.007861541987599103,expansion_relajada,1.009,3.6671094994466387,-0.8650647761927781
2010-01-01,89.1897,INDPRO,INDUSTRIAL_PRODUCTION,0.6334013901649769,0.022319428282668627,expansion_relajada,1.009,0.4139935321087549,0.9155216546489923
2010-02-01,89.5046,INDPRO,INDUSTRIAL_PRODUCTION,0.8555048939110605,0.03014578184008499,expansion_relajada,1.009,3.4440628719504573,-0.9546035757075751
2010-03-01,90.1356,INDPRO,INDUSTRIAL_PRODUCTION,1.39370839765715,0.04911068259632275,expansion_relajada,1.009,6.180899695033197,0.9947733860458592
2010-04-01,90.4607,INDPRO,INDUSTRIAL_PRODUCTION,1.6260119014032313,0.05729645779697844,expansion_relajada,1.009,2.9277837276953136,-0.977229813746733
2010-05-01,91.7014,INDPRO,INDUSTRIAL_PRODUCTION,2.7739154051493387,0.09774561109077229,expansion_relajada,1.009,5.860108895284483,0.9118301823078414
2010-06-01,91.9033,INDPRO,INDUSTRIAL_PRODUCTION,2.883018908895423,0.10159013663975211,expansion_relajada,1.009,2.6069929279465995,-0.860472636647507
2010-07-01,92.2549,INDPRO,INDUSTRIAL_PRODUCTION,3.1418224126415026,0.11070970336451012,expansion_relajada,1.009,5.539318095535769,0.7358554291539705
2010-08-01,92.5936,INDPRO,INDUSTRIAL_PRODUCTION,3.3877259163875806,0.11937470742281824,expansion_relajada,1.009,2.2862021281978855,-0.6559237806035757
2010-09-01,92.8533,INDPRO,INDUSTRIAL_PRODUCTION,3.554629420133679,0.12525595561682187,expansion_relajada,1.009,5.316271468040043,0.5678425650579829
2010-10-01,92.6033,INDPRO,INDUSTRIAL_PRODUCTION,3.2118329238797685,0.11317669287365605,expansion_relajada,1.009,1.9654113284487167,-0.38445280814736255
2010-11-01,92.6686,INDPRO,INDUSTRIAL_PRODUCTION,3.184336427625837,0.1122077873965076,expansion_relajada,1.009,4.995480668290419,0.2793256065295636
2010-12-01,93.5916,INDPRO,INDUSTRIAL_PRODUCTION,4.014539931371928,0.14146201362587352,expansion_relajada,1.009,1.6446205287000026,-0.07375716303512085
2011-01-01,93.3889,INDPRO,INDUSTRIAL_PRODUCTION,3.7190434351180244,0.13104948065969066,expansion_relajada,1.009,4.674689868541705,-0.037690182669841844
2011-02-01,93.0045,INDPRO,INDUSTRIAL_PRODUCTION,3.2418469388641142,0.11423430920560564,expansion_relajada,1.009,1.421573901204276,0.14866924428735204
2011-03-01,93.9684,INDPRO,INDUSTRIAL_PRODUCTION,4.112950442610199,0.14492974574952933,expansion_relajada,1.009,4.158410724287471,-0.5260746447075786
2011-04-01,93.6571,INDPRO,INDUSTRIAL_PRODUCTION,3.7088539463562853,0.13069042940532657,expansion_relajada,1.009,0.9052947569491323,0.6174537488245897
2011-05-01,93.7723,INDPRO,INDUSTRIAL_PRODUCTION,3.731257450102376,0.1314798709867717,expansion_relajada,1.009,3.8376199245378473,-0.7673954472922141
2011-06-01,94.0493,INDPRO,INDUSTRIAL_PRODUCTION,3.9154609538484664,0.13797072647764186,expansion_relajada,1.009,0.5845039572004183,0.8339858978323893
2011-07-01,94.4958,INDPRO,INDUSTRIAL_PRODUCTION,4.269164457594542,0.15043432398116635,expansion_relajada,1.009,3.5168291247891332,-0.9304209829925285
2011-08-01,95.0974,INDPRO,INDUSTRIAL_PRODUCTION,4.777967961340622,0.16836324470689018,expansion_relajada,1.009,0.2637131574517042,0.9654287376993729
2011-09-01,95.0244,INDPRO,INDUSTRIAL_PRODUCTION,4.612171465086718,0.1625210045964084,expansion_relajada,1.009,3.2937824972934067,-0.9884414612610095
2011-10-01,95.6891,INDPRO,INDUSTRIAL_PRODUCTION,5.184074968832803,0.18267340627197623,expansion_relajada,1.009,6.226107664882576,0.9983715135616298
2011-11-01,95.6778,INDPRO,INDUSTRIAL_PRODUCTION,5.079978472578887,0.17900531472893239,expansion_relajada,1.009,2.9729916975446926,-0.9858204958208885
2011-12-01,96.1809,INDPRO,INDUSTRIAL_PRODUCTION,5.4902819763249795,0.19346334997827613,expansion_relajada,1.009,5.905316865132953,0.9294531637430985
2012-01-01,96.7595,INDPRO,INDUSTRIAL_PRODUCTION,5.976085480071077,0.21058181013591176,klein_deformada,1.0,2.652200897795069,-0.8826189508474297
2012-02-01,97.0662,INDPRO,INDUSTRIAL_PRODUCTION,6.189988983817145,0.21811921688209585,klein_deformada,1.0,5.682270237637681,0.8248185823040167
2012-03-01,96.5609,INDPRO,INDUSTRIAL_PRODUCTION,5.591892487563243,0.19704384183314405,expansion_relajada,1.009,2.2336659257938223,-0.6153812853950504
2012-04-01,97.251,INDPRO,INDUSTRIAL_PRODUCTION,6.189195991309333,0.21809127387521016,klein_deformada,1.0,5.263735265635525,0.5238344960929305
2012-05-01,97.4595,INDPRO,INDUSTRIAL_PRODUCTION,6.304899495055423,0.22216836636981568,klein_deformada,1.0,1.9128751260451082,-0.3354461678547801
2012-06-01,97.4768,INDPRO,INDUSTRIAL_PRODUCTION,6.22940299880149,0.21950806492448174,klein_deformada,1.0,4.942944465886811,0.22851834590085757
2012-07-01,97.6714,INDPRO,INDUSTRIAL_PRODUCTION,6.331206502547587,0.22309535733663383,klein_deformada,1.0,1.5920843262954847,-0.021286391658240363
2012-08-01,97.2734,INDPRO,INDUSTRIAL_PRODUCTION,5.840410006293666,0.20580095702489587,klein_deformada,1.0,4.622153666137187,-0.09011290857535192
2012-09-01,97.2217,INDPRO,INDUSTRIAL_PRODUCTION,5.695913510039759,0.20070927387529625,recession_deformada,0.996,1.3690376988002129,0.20039259520763592
2012-10-01,97.5311,INDPRO,INDUSTRIAL_PRODUCTION,5.912517013785845,0.20834182164469145,klein_deformada,1.0,4.301362866388473,-0.39955018848195106
2012-11-01,97.9084,INDPRO,INDUSTRIAL_PRODUCTION,6.197020517531939,0.21836698996074927,klein_deformada,1.0,1.048246899051044,0.4990909629847158
2012-12-01,98.1884,INDPRO,INDUSTRIAL_PRODUCTION,6.38422402127803,0.22496355769963103,klein_deformada,1.0,3.980572066639759,-0.6682224511462026
2013-01-01,98.1736,INDPRO,INDUSTRIAL_PRODUCTION,6.276627525024111,0.22117213520057358,klein_deformada,1.0,0.72745609930233,0.7468684394738946
2013-02-01,98.6434,INDPRO,INDUSTRIAL_PRODUCTION,6.653631028770192,0.2344567644969883,klein_deformada,1.0,3.7575254391440325,-0.8162349130711585
2013-03-01,99.047,INDPRO,INDUSTRIAL_PRODUCTION,6.964434532516279,0.24540867685394743,klein_deformada,1.0,0.21117695504718625,0.9777848894540618
2013-04-01,98.9445,INDPRO,INDUSTRIAL_PRODUCTION,6.769138036262376,0.23852693297135172,klein_deformada,1.0,3.2412462948888887,-0.9950386837673179
2013-05-01,99.0383,INDPRO,INDUSTRIAL_PRODUCTION,6.770141540008467,0.23856229385031416,klein_deformada,1.0,6.173571462478058,0.9939984153208334
2013-06-01,99.2221,INDPRO,INDUSTRIAL_PRODUCTION,6.861145043754533,0.24176902216962343,klein_deformada,1.0,2.9204554951401747,-0.9756486567435021
2013-07-01,98.8987,INDPRO,INDUSTRIAL_PRODUCTION,6.44494854750063,0.2271033330917743,recession_deformada,0.996,5.852780662729344,0.9087969908070964
2013-08-01,99.4897,INDPRO,INDUSTRIAL_PRODUCTION,6.943152051246727,0.24465873720785783,klein_deformada,1.0,2.5996646953914606,-0.8567158552168563
2013-09-01,100.021,INDPRO,INDUSTRIAL_PRODUCTION,7.381655554992804,0.26011046758851,klein_deformada,1.0,5.629734035233163,0.7939903986479895
2013-10-01,99.9037,INDPRO,INDUSTRIAL_PRODUCTION,7.171559058738893,0.25270720994905677,klein_deformada,1.0,2.278873895642292,-0.650374668919987
2013-11-01,100.1582,INDPRO,INDUSTRIAL_PRODUCTION,7.333262562484975,0.25840522357983975,klein_deformada,1.0,5.308943235484449,0.5617952309953307
2013-12-01,100.374,INDPRO,INDUSTRIAL_PRODUCTION,7.456266066231066,0.2627395492112735,klein_deformada,1.0,1.9580830958935778,-0.37767752695920653
2014-01-01,99.9899,INDPRO,INDUSTRIAL_PRODUCTION,6.979369569977152,0.2459349489819895,recession_deformada,0.996,4.98815243573528,0.27228162641393383
2014-02-01,100.7471,INDPRO,INDUSTRIAL_PRODUCTION,7.6437730737232386,0.2693468116379147,klein_deformada,1.0,1.7350364683973964,-0.16350274537345533
2014-03-01,101.7435,INDPRO,INDUSTRIAL_PRODUCTION,8.547376577469322,0.3011874642019639,klein_deformada,1.0,4.471873291481046,-0.23820350301352355
2014-04-01,101.8273,INDPRO,INDUSTRIAL_PRODUCTION,8.538380081215408,0.30087045092088754,klein_deformada,1.0,1.2187573241422527,0.34481247677753213
2014-05-01,102.2392,INDPRO,INDUSTRIAL_PRODUCTION,8.857483584961486,0.31211483383067845,klein_deformada,1.0,4.151082491731422,-0.5322926734507972
2014-06-01,102.5774,INDPRO,INDUSTRIAL_PRODUCTION,9.10288708870759,0.3207622191809855,klein_deformada,1.0,0.8979665243944481,0.6232015581494742
2014-07-01,102.7954,INDPRO,INDUSTRIAL_PRODUCTION,9.228090592453682,0.32517406712762786,klein_deformada,1.0,3.8302916919827084,-0.7720734725317896
2014-08-01,102.6322,INDPRO,INDUSTRIAL_PRODUCTION,8.972094096199768,0.31615341209359726,klein_deformada,1.0,0.5771757246448246,0.8380070823232462
2014-09-01,102.9417,INDPRO,INDUSTRIAL_PRODUCTION,9.188797599945843,0.3237894836045925,klein_deformada,1.0,3.607245064486982,-0.8935288194821742
2014-10-01,102.9611,INDPRO,INDUSTRIAL_PRODUCTION,9.115401103691937,0.3212031807328676,klein_deformada,1.0,0.25638492489611053,0.96731302685674
2014-11-01,103.5978,INDPRO,INDUSTRIAL_PRODUCTION,9.659304607438031,0.34036893476032754,klein_deformada,1.0,3.2864542647382677,-0.9895258925384843
2014-12-01,103.6151,INDPRO,INDUSTRIAL_PRODUCTION,9.583808111184098,0.33770863331499357,klein_deformada,1.0,6.218779432326528,0.9979266584960919
2015-01-01,102.7923,INDPRO,INDUSTRIAL_PRODUCTION,8.668211614930186,0.3054453786848148,recession_deformada,0.996,2.965663464988644,-0.9845643345291842
2015-02-01,102.1366,INDPRO,INDUSTRIAL_PRODUCTION,7.9197151186762795,0.27907029626888175,recession_deformada,0.996,5.995732804831256,0.9589692279695431
2015-03-01,101.7869,INDPRO,INDUSTRIAL_PRODUCTION,7.47721862242237,0.26347786315013083,recession_deformada,0.996,2.44938432073441,-0.7698384495863909
2015-04-01,101.2255,INDPRO,INDUSTRIAL_PRODUCTION,6.823022126168453,0.24042566906336174,recession_deformada,0.996,5.479453660576112,0.694024945260083
2015-05-01,100.7675,INDPRO,INDUSTRIAL_PRODUCTION,6.272225629914544,0.2210170237913924,recession_deformada,0.996,2.128593520985696,-0.5293185721987589
2015-06-01,100.4588,INDPRO,INDUSTRIAL_PRODUCTION,5.870729133660632,0.20686932472879974,recession_deformada,0.996,5.158662860827398,0.4316073487966376
2015-07-01,101.0893,INDPRO,INDUSTRIAL_PRODUCTION,6.408432637406719,0.2258166067770355,recession_deformada,0.996,1.8078027212360723,-0.23479376290329185
2015-08-01,100.9165,INDPRO,INDUSTRIAL_PRODUCTION,6.142836141152799,0.2164576725493676,recession_deformada,0.996,4.837872061078684,0.12515403035676861
2015-09-01,100.633,INDPRO,INDUSTRIAL_PRODUCTION,5.766539644898884,0.2031979563700722,recession_deformada,0.996,1.5847560937408005,-0.013959313548507636
2015-10-01,100.1563,INDPRO,INDUSTRIAL_PRODUCTION,5.19704314864498,0.1831303714188308,recession_deformada,0.996,4.517081261329061,-0.19406841284608348
2015-11-01,99.4366,INDPRO,INDUSTRIAL_PRODUCTION,4.384546652391066,0.15450009437865025,recession_deformada,0.996,1.2639652939916317,0.302039195899294
2015-12-01,98.9471,INDPRO,INDUSTRIAL_PRODUCTION,3.8022501561371485,0.13398147050255893,recession_deformada,0.996,4.196290461580347,-0.4934905845829554
2016-01-01,99.4391,INDPRO,INDUSTRIAL_PRODUCTION,4.201453659883242,0.14804837043425984,recession_deformada,0.996,0.9431744942429177,0.5872214690297966
2016-02-01,98.9232,INDPRO,INDUSTRIAL_PRODUCTION,3.5927571636293294,0.12659947877566669,recession_deformada,0.996,3.97324383408462,-0.6736563827490123
2016-03-01,98.1635,INDPRO,INDUSTRIAL_PRODUCTION,2.7402606673754093,0.0965597050953314,recession_deformada,0.996,0.5246395222412161,0.865504561537707
2016-04-01,98.4775,INDPRO,INDUSTRIAL_PRODUCTION,2.9614641711215057,0.10435434497834474,recession_deformada,0.996,3.5547088620829186,-0.9158742220892936
2016-05-01,98.2549,INDPRO,INDUSTRIAL_PRODUCTION,2.646067674867595,0.09324058743368478,recession_deformada,0.996,0.20384872249159258,0.9792946979172059
2016-06-01,98.7315,INDPRO,INDUSTRIAL_PRODUCTION,3.029871178613675,0.10676483115892571,recession_deformada,0.996,3.23391806233375,-0.9957410360173117
2016-07-01,98.8452,INDPRO,INDUSTRIAL_PRODUCTION,3.0507746823597586,0.10750141661636477,expansion_relajada,1.009,6.166243229922465,0.9931700641453203
2016-08-01,98.7427,INDPRO,INDUSTRIAL_PRODUCTION,2.8554781861058416,0.10061967273376857,expansion_relajada,1.009,2.9131272625850357,-0.9740151047223718
2016-09-01,98.6552,INDPRO,INDUSTRIAL_PRODUCTION,2.675181689851925,0.09426649009123032,expansion_relajada,1.009,5.943196602426738,0.9427584322873342
2016-10-01,98.7237,INDPRO,INDUSTRIAL_PRODUCTION,2.6508851935980147,0.09341034434529498,recession_deformada,0.996,2.592336462835412,-0.8529130657865822
2016-11-01,98.3443,INDPRO,INDUSTRIAL_PRODUCTION,2.178688697344114,0.07677135997122961,recession_deformada,0.996,5.622405802678024,0.7895140641892698
2016-12-01,99.0406,INDPRO,INDUSTRIAL_PRODUCTION,2.782192201090197,0.09803726399251941,expansion_relajada,1.009,2.271545663086698,-0.6447906303268103
2017-01-01,98.8158,INDPRO,INDUSTRIAL_PRODUCTION,2.4645957048362845,0.08684598413265088,expansion_relajada,1.009,5.301615002928401,0.5557177269823047
2017-02-01,98.4356,INDPRO,INDUSTRIAL_PRODUCTION,1.9915992085823717,0.07017880982578198,recession_deformada,0.996,2.0484990355909716,-0.459740273169699
2017-03-01,99.0492,INDPRO,INDUSTRIAL_PRODUCTION,2.512402712328452,0.08853057954355219,expansion_relajada,1.009,4.785335858674166,0.07288220077328313
2017-04-01,100.0416,INDPRO,INDUSTRIAL_PRODUCTION,3.412006216074545,0.12023028244358627,expansion_relajada,1.009,1.5322198913358278,0.03856686830602387
2017-05-01,100.128,INDPRO,INDUSTRIAL_PRODUCTION,3.4056097198206317,0.12000488644411998,expansion_relajada,1.009,4.4645450589249975,-0.24531433454315119
2017-06-01,100.337,INDPRO,INDUSTRIAL_PRODUCTION,3.521813223566724,0.12409959764672752,expansion_relajada,1.009,1.2114290915880233,0.3516819602308225
2017-07-01,100.0865,INDPRO,INDUSTRIAL_PRODUCTION,3.1785167273127968,0.11200271619555918,expansion_relajada,1.009,4.1437542591762835,-0.5384821166117829
2017-08-01,99.6323,INDPRO,INDUSTRIAL_PRODUCTION,2.631520231058886,0.09272797310440446,recession_deformada,0.996,0.8906382918383997,0.6289158998366702
2017-09-01,99.7482,INDPRO,INDUSTRIAL_PRODUCTION,2.6546237348049857,0.0935420808770526,recession_deformada,0.996,3.920707631680102,-0.7115356772092571
2017-10-01,100.9893,INDPRO,INDUSTRIAL_PRODUCTION,3.8029272385510637,0.13400532913724697,expansion_relajada,1.009,0.5698474920896857,0.8419832635272954
2017-11-01,101.2493,INDPRO,INDUSTRIAL_PRODUCTION,3.970130742297158,0.13989714855605162,expansion_relajada,1.009,3.599916831931388,-0.8967952168032881
2017-12-01,101.4871,INDPRO,INDUSTRIAL_PRODUCTION,4.11513424604324,0.14500669733957006,expansion_relajada,1.009,0.2490566923400621,0.9691453686425784
2018-01-01,101.4852,INDPRO,INDUSTRIAL_PRODUCTION,4.0204377497893375,0.14166983750696302,expansion_relajada,1.009,3.279126032182674,-0.9905571835523691
2018-02-01,101.7319,INDPRO,INDUSTRIAL_PRODUCTION,4.1743412535354025,0.14709299929291522,expansion_relajada,1.009,0.02601006484524504,0.9996617573331101
2018-03-01,102.1943,INDPRO,INDUSTRIAL_PRODUCTION,4.543944757281494,0.16011687171090172,expansion_relajada,1.009,2.7628468879275303,-0.9291291262010183
2018-04-01,103.3551,INDPRO,INDUSTRIAL_PRODUCTION,5.611948261027578,0.19775055546598608,expansion_relajada,1.009,5.7929162277696875,0.882206190933283
2018-05-01,102.381,INDPRO,INDUSTRIAL_PRODUCTION,4.545051764773675,0.16015587979442308,expansion_relajada,1.009,2.4420560881788163,-0.7651406578997323
2018-06-01,103.2256,INDPRO,INDUSTRIAL_PRODUCTION,5.296855268519749,0.18664749260908553,expansion_relajada,1.009,5.4721254280209735,0.6887303889426358
2018-07-01,103.3561,INDPRO,INDUSTRIAL_PRODUCTION,5.334558772265851,0.1879760666553901,expansion_relajada,1.009,2.1212652884296475,-0.5230869727335378
2018-08-01,104.0585,INDPRO,INDUSTRIAL_PRODUCTION,5.944162276011937,0.20945691891430362,klein_deformada,1.0,5.151334628272259,0.4249853016658335
2018-09-01,104.1038,INDPRO,INDUSTRIAL_PRODUCTION,5.896665779758038,0.20778326511707904,klein_deformada,1.0,1.8982186609343756,-0.32160337351493523
2018-10-01,103.9297,INDPRO,INDUSTRIAL_PRODUCTION,5.629769283504103,0.19837852224860558,expansion_relajada,1.009,4.830543828522636,0.11788012184011859
2018-11-01,104.0126,INDPRO,INDUSTRIAL_PRODUCTION,5.619872787250202,0.1980297952931262,expansion_relajada,1.009,1.577427861184752,-0.006631485783856532
2018-12-01,104.0451,INDPRO,INDUSTRIAL_PRODUCTION,5.55957629099629,0.1959051025710517,recession_deformada,0.996,4.509753028773922,-0.20125204567710783
2019-01-01,103.3598,INDPRO,INDUSTRIAL_PRODUCTION,4.781479794742381,0.16848699264140427,recession_deformada,0.996,1.256637061436038,0.3090169943748326
2019-02-01,102.8251,INDPRO,INDUSTRIAL_PRODUCTION,4.1539832984884555,0.14637563756193803,recession_deformada,0.996,4.286706401278195,-0.4129425416464005
2019-03-01,102.8361,INDPRO,INDUSTRIAL_PRODUCTION,4.07218680223454,0.14349334039578035,recession_deformada,0.996,0.7403579171818038,0.738227172205037
2019-04-01,102.2748,INDPRO,INDUSTRIAL_PRODUCTION,3.418090305980627,0.1204446700506118,recession_deformada,0.996,3.7704272570230515,-0.8087135467240792
2019-05-01,102.4176,INDPRO,INDUSTRIAL_PRODUCTION,3.46809380972671,0.12220666431376327,recession_deformada,0.996,0.4195671174321802,0.9132653671481291
2019-06-01,102.5425,INDPRO,INDUSTRIAL_PRODUCTION,3.5001973134728104,0.12333790883044618,recession_deformada,0.996,3.4496364572743374,-0.9529285019369503
2019-07-01,102.0057,INDPRO,INDUSTRIAL_PRODUCTION,2.8706008172189,0.10115255517737237,recession_deformada,0.996,0.09877631768346617,0.9951255846753521
2019-08-01,102.7814,INDPRO,INDUSTRIAL_PRODUCTION,3.55350432096499,0.12521631002936917,expansion_relajada,1.009,3.1288456575256234,-0.9999187581457336
2019-09-01,102.4601,INDPRO,INDUSTRIAL_PRODUCTION,3.139407824711057,0.11062461952512712,expansion_relajada,1.009,6.158914997367326,0.9922883770041602
2019-10-01,101.5878,INDPRO,INDUSTRIAL_PRODUCTION,2.1743113284571507,0.0766171128027573,recession_deformada,0.996,2.8080548577769093,-0.9448900275242832
2019-11-01,102.1494,INDPRO,INDUSTRIAL_PRODUCTION,2.6431148322032385,0.09313653688832689,expansion_relajada,1.009,5.838124197618612,0.9025843586187203
2019-12-01,101.9421,INDPRO,INDUSTRIAL_PRODUCTION,2.343018335949324,0.0825619118085259,recession_deformada,0.996,2.487264058027286,-0.7934567415434229
2020-01-01,101.3372,INDPRO,INDUSTRIAL_PRODUCTION,1.6453218396953986,0.057976890125588466,recession_deformada,0.996,5.517333397869443,0.7207921170198571
2020-02-01,101.6718,INDPRO,INDUSTRIAL_PRODUCTION,1.8871253434414967,0.06649742077828144,expansion_relajada,1.009,2.264217430531559,-0.6391719647026356
2020-03-01,97.606,INDPRO,INDUSTRIAL_PRODUCTION,-2.27147115281241,0.08004077395242586,recession_deformada,0.996,5.0987984258677415,0.3768650351487211
2020-04-01,84.6812,INDPRO,INDUSTRIAL_PRODUCTION,-15.289067649066311,0.5387472370613581,crisis_extrema,0.996,1.8456824585298577,-0.2714373455084297
2020-05-01,86.0108,INDPRO,INDUSTRIAL_PRODUCTION,-14.052264145320237,0.4951654774848219,crisis_extrema,0.996,4.778007626119027,0.06557156567097178
2020-06-01,91.6745,INDPRO,INDUSTRIAL_PRODUCTION,-8.481360641574156,0.2988612332059416,recession_deformada,0.996,1.5248916587811436,0.04588854769800513
2020-07-01,95.0037,INDPRO,INDUSTRIAL_PRODUCTION,-5.244957137828067,0.18481873658807982,recession_deformada,0.996,4.457216826369404,-0.2524119920174537
2020-08-01,95.9294,INDPRO,INDUSTRIAL_PRODUCTION,-4.412053634081971,0.15546936933550334,expansion_relajada,1.009,1.2041008590319748,0.3585325573967054
2020-09-01,95.8914,INDPRO,INDUSTRIAL_PRODUCTION,-4.542850130335893,0.1600782998858505,expansion_relajada,1.009,4.234170198873677,-0.46019851206856555
2020-10-01,96.5256,INDPRO,INDUSTRIAL_PRODUCTION,-4.001446626589811,0.14100063939840066,expansion_relajada,1.009,0.8833100592832608,0.6345964670085267
2020-11-01,96.9529,INDPRO,INDUSTRIAL_PRODUCTION,-3.666943122843719,0.1292136002821498,expansion_relajada,1.009,3.9133793991249632,-0.7166657077931546
2020-12-01,98.2039,INDPRO,INDUSTRIAL_PRODUCTION,-2.508739619097625,0.0884015016035166,expansion_relajada,1.009,0.5625192595336372,0.8459142279133995
2021-01-01,98.8135,INDPRO,INDUSTRIAL_PRODUCTION,-1.9919361153515354,0.0701906815497615,expansion_relajada,1.009,3.592588599376249,-0.9000134537530318
2021-02-01,95.5072,INDPRO,INDUSTRIAL_PRODUCTION,-5.391032611605453,0.18996605882553502,recession_deformada,0.996,0.3394726320383654,0.9429304048301769
2021-03-01,98.1929,INDPRO,INDUSTRIAL_PRODUCTION,-2.798129107859367,0.09859883940615943,expansion_relajada,1.009,3.0763094551211054,-0.997869808714571
2021-04-01,98.3317,INDPRO,INDUSTRIAL_PRODUCTION,-2.7521256041132887,0.09697779480702358,expansion_relajada,1.009,6.106378794962808,0.9844104037780151
2021-05-01,99.1867,INDPRO,INDUSTRIAL_PRODUCTION,-1.9899221003671954,0.07011971286592031,expansion_relajada,1.009,2.7555186553723914,-0.9263945483892824
2021-06-01,99.6483,INDPRO,INDUSTRIAL_PRODUCTION,-1.621118596621102,0.05712403038073685,expansion_relajada,1.009,5.785587995214094,0.8787319376858391
2021-07-01,100.0668,INDPRO,INDUSTRIAL_PRODUCTION,-1.295415092875018,0.045647080525320245,expansion_relajada,1.009,2.4347278556236773,-0.7604017760543307
2021-08-01,100.0412,INDPRO,INDUSTRIAL_PRODUCTION,-1.4138115891289402,0.04981906711721954,expansion_relajada,1.009,5.46479719546538,0.6833988459075513
2021-09-01,98.9955,INDPRO,INDUSTRIAL_PRODUCTION,-2.5523080853828475,0.08993674177465928,recession_deformada,0.996,2.2116812281279508,-0.5979049830581091
2021-10-01,100.3542,INDPRO,INDUSTRIAL_PRODUCTION,-1.286404581636745,0.04532957339240973,expansion_relajada,1.009,5.144006395716211,0.41834043165392376
2021-11-01,101.2684,INDPRO,INDUSTRIAL_PRODUCTION,-0.4650010778906619,0.016385436423878103,expansion_relajada,1.009,1.8908904283783272,-0.31465588377911546
2021-12-01,101.1948,INDPRO,INDUSTRIAL_PRODUCTION,-0.6313975741445859,0.0222488189839629,expansion_relajada,1.009,4.823215595967497,0.1105998828374163
2022-01-01,101.2146,INDPRO,INDUSTRIAL_PRODUCTION,-0.704394070398493,0.02482102688928628,expansion_relajada,1.009,1.5700996286296132,0.0006966981089219294
2022-02-01,101.8458,INDPRO,INDUSTRIAL_PRODUCTION,-0.16599056665241108,0.00584907864984801,expansion_relajada,1.009,4.600168968471316,-0.1119846228850128
2022-03-01,102.6732,INDPRO,INDUSTRIAL_PRODUCTION,0.5686129370936754,0.020036450609548402,expansion_relajada,1.009,1.053820484375379,0.49425344777917146
2022-04-01,102.9024,INDPRO,INDUSTRIAL_PRODUCTION,0.7050164408397563,0.02484295761543358,expansion_relajada,1.009,4.083889824216172,-0.5879313717623882
2022-05-01,102.9659,INDPRO,INDUSTRIAL_PRODUCTION,0.6757199445858504,0.023810624789479075,expansion_relajada,1.009,0.7330296846257554,0.7431505807840143
2022-06-01,102.8224,INDPRO,INDUSTRIAL_PRODUCTION,0.4394234483319366,0.015484146850724585,expansion_relajada,1.009,3.763099024467458,-0.8130022791415296
2022-07-01,103.0505,INDPRO,INDUSTRIAL_PRODUCTION,0.5747269520780236,0.020251892699005732,expansion_relajada,1.009,0.4122388848770413,0.9162260845844314
2022-08-01,103.1703,INDPRO,INDUSTRIAL_PRODUCTION,0.6017304558241108,0.021203426394068487,expansion_relajada,1.009,3.4423082247187438,-0.955124778829532
2022-09-01,103.5326,INDPRO,INDUSTRIAL_PRODUCTION,0.8712339595702048,0.030700033470068337,expansion_relajada,1.009,0.18919225738131473,0.9821564641256723
2022-10-01,103.4442,INDPRO,INDUSTRIAL_PRODUCTION,0.6900374633162869,0.02431513715312657,expansion_relajada,1.009,3.1215174249700297,-0.99979849936538
2022-11-01,103.1058,INDPRO,INDUSTRIAL_PRODUCTION,0.25884096706236903,0.009120886835218979,expansion_relajada,1.009,6.151586764812187,0.9913534012463293
2022-12-01,101.8266,INDPRO,INDUSTRIAL_PRODUCTION,-1.1131555291915447,0.039224724459123075,recession_deformada,0.996,2.800726625220861,-0.9424655027465826
2023-01-01,102.7476,INDPRO,INDUSTRIAL_PRODUCTION,-0.28495202544544895,0.010040973061764729,recession_deformada,0.996,5.830795965062563,0.8994052515663304
2023-02-01,102.8003,INDPRO,INDUSTRIAL_PRODUCTION,-0.3250485216993724,0.011453869980561575,recession_deformada,0.996,2.577679997725589,-0.8451702822705901
2023-03-01,102.8143,INDPRO,INDUSTRIAL_PRODUCTION,-0.4038450179532873,0.014230454898707633,recession_deformada,0.996,5.314516820808329,0.5663973762875081
2023-04-01,103.2241,INDPRO,INDUSTRIAL_PRODUCTION,-0.08684151420719388,0.003060070562524297,expansion_relajada,1.009,2.0614008534699906,-0.47115919589231015
2023-05-01,102.9809,INDPRO,INDUSTRIAL_PRODUCTION,-0.42283801046110625,0.014899718876863909,expansion_relajada,1.009,4.993726021059615,0.27764037137575376
2023-06-01,102.3809,INDPRO,INDUSTRIAL_PRODUCTION,-1.1156345067150113,0.03931207722138169,recession_deformada,0.996,1.7406100537217313,-0.16899875822954488
2023-07-01,103.0722,INDPRO,INDUSTRIAL_PRODUCTION,-0.517131002968938,0.01822236028011154,expansion_relajada,1.009,4.6729352213099915,-0.03944352425696132
2023-08-01,103.0951,INDPRO,INDUSTRIAL_PRODUCTION,-0.5870274992228417,0.02068533219582282,recession_deformada,0.996,1.4198192539725625,0.15040416233549994
2023-09-01,103.3081,INDPRO,INDUSTRIAL_PRODUCTION,-0.46682399547675857,0.01644967132920015,expansion_relajada,1.009,4.44988859381472,-0.2594960942722548
2023-10-01,102.5781,INDPRO,INDUSTRIAL_PRODUCTION,-1.289620491730659,0.045442893754220004,expansion_relajada,1.009,1.0990284542238484,0.45446175596076394
2023-11-01,102.8868,INDPRO,INDUSTRIAL_PRODUCTION,-1.0737169879845965,0.03783501217602833,recession_deformada,0.996,4.129097794065551,-0.5507739181822044
2023-12-01,102.6309,INDPRO,INDUSTRIAL_PRODUCTION,-1.4224134842385041,0.05012217567361684,recession_deformada,0.996,0.7782376544751344,0.7121518547085604
2024-01-01,101.483,INDPRO,INDUSTRIAL_PRODUCTION,-2.6631099804924077,0.09384111424665129,recession_deformada,0.996,3.808306994316837,-0.7858577796845437
2024-02-01,102.7267,INDPRO,INDUSTRIAL_PRODUCTION,-1.5122064767463428,0.053286248704847335,expansion_relajada,1.009,0.5551910269789531,0.8497997643767375
2024-03-01,102.5186,INDPRO,INDUSTRIAL_PRODUCTION,-1.813102973000241,0.06388906371745084,recession_deformada,0.996,3.3897720223146806,-0.9693612470219037
2024-04-01,102.3568,INDPRO,INDUSTRIAL_PRODUCTION,-2.067699469254137,0.07286038636907541,recession_deformada,0.996,0.13665605497770628,0.9906770835698305
2024-05-01,102.9797,INDPRO,INDUSTRIAL_PRODUCTION,-1.5375959655080607,0.0541809086824694,expansion_relajada,1.009,3.0689812225659665,-0.9973649481059497
2024-06-01,103.2534,INDPRO,INDUSTRIAL_PRODUCTION,-1.3566924617619804,0.04780633666441232,expansion_relajada,1.009,6.099050562407669,0.9830950433644423
2024-07-01,102.5192,INDPRO,INDUSTRIAL_PRODUCTION,-2.1836889580158925,0.07694755623664881,expansion_relajada,1.009,2.7481904228172525,-0.9236102206408152
2024-08-01,103.0196,INDPRO,INDUSTRIAL_PRODUCTION,-1.7760854542698041,0.06258466201051564,expansion_relajada,1.009,5.778259762658955,0.8752104941152428
2024-09-01,102.5954,INDPRO,INDUSTRIAL_PRODUCTION,-2.293081950523714,0.08080228262155442,recession_deformada,0.996,2.525143795321071,-0.8159366587862715
2024-10-01,102.2138,INDPRO,INDUSTRIAL_PRODUCTION,-2.7674784467776306,0.09751878931082886,recession_deformada,0.996,5.457468962909331,0.6780306024733559
2024-11-01,101.9503,INDPRO,INDUSTRIAL_PRODUCTION,-3.123774943031549,0.11007375717004711,recession_deformada,0.996,2.2043529955719023,-0.5920149117879056
2024-12-01,103.0447,INDPRO,INDUSTRIAL_PRODUCTION,-2.1221714392854523,0.07477983783761884,expansion_relajada,1.009,5.136678163160617,0.41167309560994997
2025-01-01,102.8805,INDPRO,INDUSTRIAL_PRODUCTION,-2.379167935539371,0.08383573028765347,expansion_relajada,1.009,1.8835621958231883,-0.3076914961572497
2025-02-01,103.9397,INDPRO,INDUSTRIAL_PRODUCTION,-1.4127644317932777,0.049782167998561305,expansion_relajada,1.009,4.913631535664891,0.199886964015837
2025-03-01,103.6682,INDPRO,INDUSTRIAL_PRODUCTION,-1.7770609280471916,0.0626190351858103,expansion_relajada,1.009,1.3672830515684993,0.20211134124310315
2025-04-01,103.6912,INDPRO,INDUSTRIAL_PRODUCTION,-1.8468574243011062,0.06507848335992157,expansion_relajada,1.009,4.397352391409747,-0.3098512596850951
2025-05-01,103.6602,INDPRO,INDUSTRIAL_PRODUCTION,-1.9706539205550087,0.06944075199824104,expansion_relajada,1.009,1.0464922518193305,0.5006106827655483
2025-06-01,104.0071,INDPRO,INDUSTRIAL_PRODUCTION,-1.7165504168089427,0.06048680112870168,expansion_relajada,1.009,4.076561591661033,-0.5938434184868339
